epoch,batch,global_step,lr,loss,dice_coefficient,safe_binary_iou
0,0,1,4.999999873689376e-05,1.9115585088729858,2.012203077772501e-11,1.0
0,1,2,4.999999873689376e-05,1.5104882717132568,0.0002340651408303529,0.5
0,2,3,4.999999873689376e-05,1.5192911624908447,0.0014995792880654335,0.5
0,3,4,4.999999873689376e-05,1.5388617515563965,0.0012929028598591685,0.5
0,4,5,4.999999873689376e-05,1.6048967838287354,0.002848296193405986,0.40000003576278687
0,5,6,4.999999873689376e-05,1.540163278579712,0.0030351048335433006,0.3333333730697632
0,6,7,4.999999873689376e-05,1.5051252841949463,0.0031936662271618843,0.285714328289032
0,7,8,4.999999873689376e-05,1.4970388412475586,0.002864635782316327,0.3125
0,8,9,4.999999873689376e-05,1.5006582736968994,0.0028876634314656258,0.2777777910232544
0,9,10,4.999999873689376e-05,1.4957354068756104,0.002629616064950824,0.30000001192092896
0,10,11,4.999999873689376e-05,1.4867265224456787,0.0025194003246724606,0.27272728085517883
0,11,12,4.999999873689376e-05,1.4779329299926758,0.0027874803636223078,0.25
0,12,13,4.999999873689376e-05,1.4485783576965332,0.002718487521633506,0.23076924681663513
0,13,14,4.999999873689376e-05,1.4290704727172852,0.002878145780414343,0.2142857313156128
0,14,15,4.999999873689376e-05,1.4071654081344604,0.0027552484534680843,0.20000001788139343
0,15,16,4.999999873689376e-05,1.4176826477050781,0.002730573760345578,0.1875
0,16,17,4.999999873689376e-05,1.3990375995635986,0.0025823507457971573,0.17647060751914978
0,17,18,4.999999873689376e-05,1.405000925064087,0.0031076050363481045,0.1666666865348816
0,18,19,4.999999873689376e-05,1.411193609237671,0.0029597124084830284,0.18421052396297455
0,19,20,4.999999873689376e-05,1.4030834436416626,0.002814684296026826,0.17500001192092896
0,20,21,4.999999873689376e-05,1.3959468603134155,0.002837725216522813,0.1666666716337204
0,21,22,4.999999873689376e-05,1.396519422531128,0.002944417530670762,0.15909090638160706
0,22,23,4.999999873689376e-05,1.3895872831344604,0.002825605683028698,0.15217390656471252
0,23,24,4.999999873689376e-05,1.3955049514770508,0.0029321860056370497,0.1458333432674408
0,24,25,4.999999873689376e-05,1.3886463642120361,0.002835910301655531,0.14000000059604645
0,25,26,4.999999873689376e-05,1.3967326879501343,0.0027419067919254303,0.1538461595773697
0,26,27,4.999999509891495e-05,1.3920717239379883,0.002679449040442705,0.14814814925193787
0,27,28,4.999999509891495e-05,1.3921582698822021,0.002762668998911977,0.1428571492433548
0,28,29,4.999999509891495e-05,1.3896198272705078,0.0030327641870826483,0.13793103396892548
0,29,30,4.999999509891495e-05,1.383986473083496,0.002962235826998949,0.13333334028720856
0,30,31,4.999999509891495e-05,1.376098394393921,0.0028857768047600985,0.12903225421905518
0,31,32,4.999999509891495e-05,1.3779730796813965,0.0027985291089862585,0.140625
0,32,33,4.999999509891495e-05,1.3797900676727295,0.002820363035425544,0.13636364042758942
0,33,34,4.999999509891495e-05,1.3820452690124512,0.0027384082786738873,0.14705882966518402
0,34,35,4.9999991460936144e-05,1.3815444707870483,0.0027486225590109825,0.1428571492433548
0,35,36,4.9999991460936144e-05,1.382218360900879,0.0026858500204980373,0.1388888955116272
0,36,37,4.9999991460936144e-05,1.3892924785614014,0.00263363029807806,0.14864864945411682
0,37,38,4.9999991460936144e-05,1.3826613426208496,0.0025666882283985615,0.14473684132099152
0,38,39,4.9999991460936144e-05,1.3874436616897583,0.002622186904773116,0.1538461595773697
0,39,40,4.9999991460936144e-05,1.3907437324523926,0.0025608516298234463,0.15000000596046448
0,40,41,4.9999991460936144e-05,1.3923382759094238,0.0025056814774870872,0.1463414579629898
0,41,42,4.9999991460936144e-05,1.394858717918396,0.00245811534114182,0.1428571492433548
0,42,43,4.9999991460936144e-05,1.3942701816558838,0.002423690864816308,0.151162788271904
0,43,44,4.9999991460936144e-05,1.394985556602478,0.002524235751479864,0.15909090638160706
0,44,45,4.9999991460936144e-05,1.3961443901062012,0.0024690432474017143,0.1666666716337204
0,45,46,4.9999991460936144e-05,1.3961694240570068,0.002421766985207796,0.16304346919059753
0,46,47,4.9999991460936144e-05,1.3963751792907715,0.0023703814949840307,0.1595744639635086
0,47,48,4.9999991460936144e-05,1.3944437503814697,0.0023401067592203617,0.15625
0,48,49,4.9999991460936144e-05,1.3978033065795898,0.002408480504527688,0.15306122601032257
0,49,50,4.9999991460936144e-05,1.3989430665969849,0.0023904391564428806,0.15000000596046448
0,50,51,4.9999991460936144e-05,1.3981742858886719,0.002356137614697218,0.14705882966518402
0,51,52,4.9999991460936144e-05,1.3983829021453857,0.0023358610924333334,0.1538461595773697
0,52,53,4.9999991460936144e-05,1.3952038288116455,0.0022927853278815746,0.15094339847564697
0,53,54,4.9999991460936144e-05,1.4017603397369385,0.0022570923902094364,0.15740740299224854
0,54,55,4.9999991460936144e-05,1.401119589805603,0.002216531429439783,0.16363637149333954
0,55,56,4.9999991460936144e-05,1.401702880859375,0.002181663643568754,0.1607142984867096
0,56,57,4.999998782295734e-05,1.4037179946899414,0.0021433886140584946,0.17543859779834747
0,57,58,4.999998782295734e-05,1.4054956436157227,0.0021070726215839386,0.17241379618644714
0,58,59,4.999998782295734e-05,1.407575011253357,0.002075017197057605,0.16949152946472168
0,59,60,4.999998782295734e-05,1.4079666137695312,0.002041993662714958,0.17500001192092896
0,60,61,4.999998782295734e-05,1.4034271240234375,0.002013471210375428,0.17213115096092224
0,61,62,4.999998782295734e-05,1.3980767726898193,0.0019857066217809916,0.16935482621192932
0,62,63,4.999998782295734e-05,1.3939812183380127,0.0019583129324018955,0.1666666716337204
0,63,64,4.999998782295734e-05,1.3942101001739502,0.001946509932167828,0.1640625
0,64,65,4.999998782295734e-05,1.3920223712921143,0.0019205198623239994,0.16153846681118011
0,65,66,4.999998782295734e-05,1.397097110748291,0.0018949605291709304,0.1666666716337204
0,66,67,4.999998782295734e-05,1.393108606338501,0.0018835212104022503,0.16417910158634186
0,67,68,4.999998782295734e-05,1.39569091796875,0.001855836482718587,0.16911764442920685
0,68,69,4.999998782295734e-05,1.3920092582702637,0.0018305020639672875,0.1666666567325592
0,69,70,4.999998782295734e-05,1.395841360092163,0.0018078235443681479,0.17142857611179352
0,70,71,4.999998782295734e-05,1.3913733959197998,0.0017878643702715635,0.1690140813589096
0,71,72,4.999998418497853e-05,1.3883899450302124,0.001766973058693111,0.1666666716337204
0,72,73,4.999998418497853e-05,1.3878543376922607,0.001745635294355452,0.16438356041908264
0,73,74,4.999998418497853e-05,1.3870456218719482,0.0017244708724319935,0.1621621698141098
0,74,75,4.999998418497853e-05,1.3881572484970093,0.0017078882083296776,0.1666666716337204
0,75,76,4.999998418497853e-05,1.3891146183013916,0.0016888085519894958,0.16447368264198303
0,76,77,4.999998418497853e-05,1.3884780406951904,0.0016686166636645794,0.16883116960525513
0,77,78,4.999998418497853e-05,1.387441635131836,0.0016496832249686122,0.17307692766189575
0,78,79,4.999998418497853e-05,1.3881456851959229,0.0016318932175636292,0.1708860695362091
0,79,80,4.999998418497853e-05,1.3851957321166992,0.0016121270600706339,0.16875000298023224
0,80,81,4.999998054699972e-05,1.3855459690093994,0.0015993868000805378,0.1666666567325592
0,81,82,4.999998054699972e-05,1.386164903640747,0.0015849531628191471,0.16463413834571838
0,82,83,4.999998054699972e-05,1.3849585056304932,0.001567547908052802,0.16265060007572174
0,83,84,4.9999976909020916e-05,1.3819502592086792,0.0015499622095376253,0.1607142835855484
0,84,85,4.9999976909020916e-05,1.379614233970642,0.0015319674275815487,0.15882353484630585
0,85,86,4.9999976909020916e-05,1.3814327716827393,0.0015176775632426143,0.15697674453258514
0,86,87,4.9999976909020916e-05,1.3774065971374512,0.0015022462466731668,0.1551724076271057
0,87,88,4.9999976909020916e-05,1.377549409866333,0.0014880415983498096,0.15340909361839294
0,88,89,4.9999976909020916e-05,1.3744441270828247,0.0014732799027115107,0.15168538689613342
0,89,90,4.9999976909020916e-05,1.3706629276275635,0.0014633808750659227,0.15000000596046448
0,90,91,4.9999976909020916e-05,1.369484305381775,0.0014522474957630038,0.14835165441036224
0,91,92,4.999997327104211e-05,1.3705391883850098,0.0014456252101808786,0.14673912525177002
0,92,93,4.999997327104211e-05,1.371716022491455,0.0014324620133265853,0.14516130089759827
0,93,94,4.999997327104211e-05,1.3703144788742065,0.0014182513114064932,0.1489361822605133
0,94,95,4.999997327104211e-05,1.366523027420044,0.0014039463130757213,0.1473684310913086
0,95,96,4.999997327104211e-05,1.3655753135681152,0.001390479621477425,0.1510416716337204
0,96,97,4.999997327104211e-05,1.3636560440063477,0.0013779569417238235,0.1494845300912857
0,97,98,4.999997327104211e-05,1.3638700246810913,0.0013639568351209164,0.14795918762683868
0,98,99,4.999997327104211e-05,1.365578532218933,0.0013553882017731667,0.1515151560306549
0,99,100,4.999997327104211e-05,1.3639881610870361,0.0013481011847034097,0.15000000596046448
0,100,101,4.999997327104211e-05,1.362459659576416,0.001336259301751852,0.14851485192775726
0,101,102,4.99999696330633e-05,1.361790657043457,0.0013263679575175047,0.14705882966518402
0,102,103,4.99999696330633e-05,1.3621928691864014,0.0013171960599720478,0.14563106000423431
0,103,104,4.99999696330633e-05,1.3613559007644653,0.0013093238230794668,0.14423076808452606
0,104,105,4.9999965995084494e-05,1.3588685989379883,0.0012990562245249748,0.1428571492433548
0,105,106,4.9999965995084494e-05,1.3579258918762207,0.001287995488382876,0.1462264060974121
0,106,107,4.9999965995084494e-05,1.3597736358642578,0.0012779226526618004,0.14485982060432434
0,107,108,4.9999965995084494e-05,1.3612033128738403,0.0012676514452323318,0.14351852238178253
0,108,109,4.9999965995084494e-05,1.3634493350982666,0.0012601464986801147,0.14220184087753296
0,109,110,4.9999965995084494e-05,1.362964391708374,0.0012512428220361471,0.1409090906381607
0,110,111,4.999996235710569e-05,1.363448977470398,0.0012424009619280696,0.13963964581489563
0,111,112,4.999996235710569e-05,1.3615002632141113,0.0012316529173403978,0.1383928656578064
0,112,113,4.999996235710569e-05,1.3618695735931396,0.0012337167281657457,0.14159291982650757
0,113,114,4.999995871912688e-05,1.3613905906677246,0.0012256393674761057,0.14035087823867798
0,114,115,4.999995871912688e-05,1.3607988357543945,0.0012151747941970825,0.14347825944423676
0,115,116,4.999995871912688e-05,1.3636420965194702,0.0012088138610124588,0.14224138855934143
0,116,117,4.999995871912688e-05,1.361955165863037,0.001199370133690536,0.14102564752101898
0,117,118,4.999995871912688e-05,1.3591996431350708,0.0011908230371773243,0.13983049988746643
0,118,119,4.999995871912688e-05,1.3583173751831055,0.0011815556790679693,0.1428571492433548
0,119,120,4.999995871912688e-05,1.3589732646942139,0.0011717455927282572,0.14166666567325592
0,120,121,4.999995871912688e-05,1.3580973148345947,0.0011650302913039923,0.14049586653709412
0,121,122,4.999995871912688e-05,1.3579106330871582,0.0011577801778912544,0.13934426009655
0,122,123,4.999995871912688e-05,1.3606491088867188,0.0011498375097289681,0.13821136951446533
0,123,124,4.999995871912688e-05,1.358443021774292,0.0011411200975999236,0.13709676265716553
0,124,125,4.999995871912688e-05,1.356201171875,0.001132872188463807,0.13600000739097595
0,125,126,4.999995871912688e-05,1.355658769607544,0.001125059206970036,0.1349206417798996
0,126,127,4.999995871912688e-05,1.3553045988082886,0.0011191770900040865,0.13385826349258423
0,127,128,4.999995508114807e-05,1.3561633825302124,0.0011125768069177866,0.13671875
0,128,129,4.999995508114807e-05,1.356595516204834,0.0011052967747673392,0.13565891981124878
0,129,130,4.9999951443169266e-05,1.3569613695144653,0.0011011626338586211,0.13461539149284363
0,130,131,4.9999951443169266e-05,1.3555786609649658,0.0010937131009995937,0.1335877776145935
0,131,132,4.9999951443169266e-05,1.3541901111602783,0.0010864902287721634,0.13257575035095215
0,132,133,4.9999951443169266e-05,1.354539155960083,0.0010784742189571261,0.13533833622932434
0,133,134,4.9999951443169266e-05,1.3533967733383179,0.0010782636236399412,0.13432836532592773
0,134,135,4.999994780519046e-05,1.351104497909546,0.001070939819328487,0.13333332538604736
0,135,136,4.999994780519046e-05,1.351250171661377,0.0010653354693204165,0.13235294818878174
0,136,137,4.999994416721165e-05,1.351090431213379,0.0010594839695841074,0.131386861205101
0,137,138,4.999994416721165e-05,1.3509888648986816,0.0010518413037061691,0.13405796885490417
0,138,139,4.999994416721165e-05,1.3500605821609497,0.001044461503624916,0.1366906464099884
0,139,140,4.999994416721165e-05,1.356208086013794,0.0010382215259596705,0.13571429252624512
0,140,141,4.999994416721165e-05,1.3546931743621826,0.0010310622164979577,0.13475176692008972
0,141,142,4.9999940529232845e-05,1.3541374206542969,0.0010240027913823724,0.13732394576072693
0,142,143,4.9999940529232845e-05,1.3551311492919922,0.001018230919726193,0.139860138297081
0,143,144,4.9999940529232845e-05,1.3536027669906616,0.0010152400936931372,0.1388888955116272
0,144,145,4.9999940529232845e-05,1.35349440574646,0.0010114548495039344,0.13793103396892548
0,145,146,4.9999940529232845e-05,1.3548424243927002,0.0010097872000187635,0.13698630034923553
0,146,147,4.9999940529232845e-05,1.3551889657974243,0.001005929079838097,0.13605442643165588
0,147,148,4.9999940529232845e-05,1.3586419820785522,0.0010001878254115582,0.13513514399528503
0,148,149,4.999993689125404e-05,1.3575876951217651,0.0009945479687303305,0.1342281848192215
0,149,150,4.999993325327523e-05,1.3590524196624756,0.0009891594527289271,0.13333332538604736
0,150,151,4.999993325327523e-05,1.362140417098999,0.0009838782716542482,0.13245032727718353
0,151,152,4.999993325327523e-05,1.3612477779388428,0.0009777515660971403,0.13486842811107635
0,152,153,4.999993325327523e-05,1.360968828201294,0.0009718214860185981,0.1339869350194931
0,153,154,4.999993325327523e-05,1.3589327335357666,0.0009659958304837346,0.13311688601970673
0,154,155,4.999993325327523e-05,1.3567838668823242,0.0009603721555322409,0.13225805759429932
0,155,156,4.999993325327523e-05,1.356053352355957,0.0009543766500428319,0.13461539149284363
0,156,157,4.9999929615296423e-05,1.355745792388916,0.0009500874439254403,0.13375796377658844
0,157,158,4.9999929615296423e-05,1.354503870010376,0.000946295796893537,0.13291138410568237
0,158,159,4.9999929615296423e-05,1.3569755554199219,0.0009409580379724503,0.1320754736661911
0,159,160,4.9999929615296423e-05,1.357105016708374,0.0009359440300613642,0.13437500596046448
0,160,161,4.9999925977317616e-05,1.3562577962875366,0.0009311006870120764,0.13354037702083588
0,161,162,4.9999925977317616e-05,1.3588570356369019,0.0009317290387116373,0.13271605968475342
0,162,163,4.9999925977317616e-05,1.3580899238586426,0.000928733847104013,0.1319018304347992
0,163,164,4.9999925977317616e-05,1.359208106994629,0.0009246921399608254,0.13109755516052246
0,164,165,4.9999925977317616e-05,1.361724615097046,0.0009203892550431192,0.1303030252456665
0,165,166,4.9999925977317616e-05,1.3621258735656738,0.0009148571407422423,0.1325301229953766
0,166,167,4.999992233933881e-05,1.3622360229492188,0.0009101133327931166,0.13173653185367584
0,167,168,4.999992233933881e-05,1.3609907627105713,0.0009068134240806103,0.130952388048172
0,168,169,4.999991870136e-05,1.3593873977661133,0.0009020794532261789,0.13017751276493073
0,169,170,4.999991870136e-05,1.3588802814483643,0.0008971183560788631,0.13235294818878174
0,170,171,4.999991870136e-05,1.3606762886047363,0.0008939401595853269,0.1315789520740509
0,171,172,4.999991870136e-05,1.3598442077636719,0.0008898243540897965,0.13081395626068115
0,172,173,4.9999915063381195e-05,1.3589417934417725,0.0008853820036165416,0.13005779683589935
0,173,174,4.999991142540239e-05,1.3590915203094482,0.0008809156133793294,0.13218390941619873
0,174,175,4.999991142540239e-05,1.3590083122253418,0.0008767646504566073,0.1314285695552826
0,175,176,4.999991142540239e-05,1.3577721118927002,0.0008720580954104662,0.1306818127632141
0,176,177,4.999991142540239e-05,1.3581647872924805,0.0008679066086187959,0.12994350492954254
0,177,178,4.999990778742358e-05,1.361260175704956,0.0008718528551980853,0.12921348214149475
0,178,179,4.999990778742358e-05,1.360832929611206,0.0008679999737069011,0.12849161028862
0,179,180,4.999990778742358e-05,1.3600456714630127,0.0008649659575894475,0.12777778506278992
0,180,181,4.999990778742358e-05,1.3604674339294434,0.0008615953847765923,0.1270718276500702
0,181,182,4.999990778742358e-05,1.3604934215545654,0.0008570881327614188,0.12637363374233246
0,182,183,4.999990778742358e-05,1.3593147993087769,0.0008530494524165988,0.12568305432796478
0,183,184,4.999990778742358e-05,1.358992338180542,0.0008496346999891102,0.125
0,184,185,4.9999904149444774e-05,1.3590092658996582,0.0008476058137603104,0.12432432174682617
0,185,186,4.9999904149444774e-05,1.3607981204986572,0.0008445799467153847,0.12634408473968506
0,186,187,4.9999904149444774e-05,1.3597984313964844,0.0008408270659856498,0.1256684511899948
0,187,188,4.9999904149444774e-05,1.3604729175567627,0.0008380842627957463,0.125
0,188,189,4.999990051146597e-05,1.3590550422668457,0.0008346539689227939,0.12433862686157227
0,189,190,4.999989687348716e-05,1.358886480331421,0.0008420114172622561,0.12368421256542206
0,190,191,4.999989687348716e-05,1.3595335483551025,0.0008390224538743496,0.12303665280342102
0,191,192,4.999989687348716e-05,1.3579163551330566,0.0008389491122215986,0.1223958358168602
0,192,193,4.999989687348716e-05,1.3577885627746582,0.0008349741110578179,0.12176165729761124
0,193,194,4.999989323550835e-05,1.357673168182373,0.00083097571041435,0.12371133267879486
0,194,195,4.999989323550835e-05,1.356684923171997,0.000827041279990226,0.12307693064212799
0,195,196,4.999989323550835e-05,1.3567142486572266,0.0008246047655120492,0.125
0,196,197,4.999989323550835e-05,1.3560800552368164,0.0008233038242906332,0.12436547875404358
0,197,198,4.999989323550835e-05,1.3545877933502197,0.0008250796236097813,0.12373737245798111
0,198,199,4.9999889597529545e-05,1.3533310890197754,0.0008220280287787318,0.12311557680368423
0,199,200,4.999988595955074e-05,1.3531105518341064,0.0008181065204553306,0.12250000238418579
0,200,201,4.999988595955074e-05,1.3523156642913818,0.0008145106257870793,0.12189054489135742
0,201,202,4.999988595955074e-05,1.3530385494232178,0.0008151161018759012,0.12128712236881256
0,202,203,4.999988595955074e-05,1.3520070314407349,0.0008120646234601736,0.12068965286016464
0,203,204,4.999988232157193e-05,1.3526898622512817,0.0008084318251349032,0.1200980395078659
0,204,205,4.9999878683593124e-05,1.3535945415496826,0.0008088527247309685,0.11951220035552979
0,205,206,4.9999878683593124e-05,1.3526510000228882,0.0008061773842200637,0.11893203854560852
0,206,207,4.9999878683593124e-05,1.354524850845337,0.000804560724645853,0.11835748702287674
0,207,208,4.9999878683593124e-05,1.3541663885116577,0.0008010247838683426,0.12019230425357819
0,208,209,4.9999878683593124e-05,1.3538950681686401,0.0007981666130945086,0.11961722373962402
0,209,210,4.999987504561432e-05,1.353360891342163,0.0007945473771542311,0.12142857909202576
0,210,211,4.999987504561432e-05,1.3537654876708984,0.0007929847342893481,0.12322275340557098
0,211,212,4.999987504561432e-05,1.3531062602996826,0.0007893344154581428,0.125
0,212,213,4.999987504561432e-05,1.3525547981262207,0.0007859288016334176,0.1267605572938919
0,213,214,4.999987140763551e-05,1.3511414527893066,0.0007827018853276968,0.12616822123527527
0,214,215,4.999987140763551e-05,1.3522969484329224,0.0007796225254423916,0.12790697813034058
0,215,216,4.999987140763551e-05,1.3525207042694092,0.0007763979374431074,0.12962962687015533
0,216,217,4.999987140763551e-05,1.3521479368209839,0.0007751149823889136,0.12903225421905518
0,217,218,4.99998677696567e-05,1.352508544921875,0.0007723032031208277,0.12844036519527435
0,218,219,4.9999864131677896e-05,1.353727102279663,0.0007692200597375631,0.1278538703918457
0,219,220,4.9999864131677896e-05,1.354576587677002,0.0007691736100241542,0.12727272510528564
0,220,221,4.9999864131677896e-05,1.355824589729309,0.0007715321844443679,0.12669683992862701
0,221,222,4.999986049369909e-05,1.3543877601623535,0.0007686527678743005,0.12612612545490265
0,222,223,4.999985685572028e-05,1.3544572591781616,0.0007672873325645924,0.12780269980430603
0,223,224,4.999985685572028e-05,1.353907823562622,0.0007638920214958489,0.1272321492433548
0,224,225,4.999985685572028e-05,1.353026032447815,0.0007609338499605656,0.12666666507720947
0,225,226,4.999985685572028e-05,1.3527697324752808,0.0007589488523080945,0.12831857800483704
0,226,227,4.9999853217741475e-05,1.3537533283233643,0.0007566978456452489,0.12775330245494843
0,227,228,4.9999853217741475e-05,1.3543193340301514,0.0007545428816229105,0.12719298899173737
0,228,229,4.9999853217741475e-05,1.3539798259735107,0.0007520148647017777,0.12882095575332642
0,229,230,4.9999853217741475e-05,1.3533326387405396,0.0007501667132601142,0.12826086580753326
0,230,231,4.9999853217741475e-05,1.3545944690704346,0.0007489131530746818,0.1277056336402893
0,231,232,4.999984957976267e-05,1.3538682460784912,0.00074627879075706,0.12715516984462738
0,232,233,4.999984957976267e-05,1.3528715372085571,0.0007435644511133432,0.1266094446182251
0,233,234,4.999984957976267e-05,1.3533661365509033,0.0007437376771122217,0.1260683834552765
0,234,235,4.999984594178386e-05,1.3559088706970215,0.0007414261344820261,0.12553191184997559
0,235,236,4.999984230380505e-05,1.3559297323226929,0.0007391276303678751,0.125
0,236,237,4.999984230380505e-05,1.355178713798523,0.0007366490899585187,0.12447257339954376
0,237,238,4.999984230380505e-05,1.3540399074554443,0.0007337082060985267,0.12394958734512329
0,238,239,4.999984230380505e-05,1.3528168201446533,0.0007310974760912359,0.12343096733093262
0,239,240,4.9999838665826246e-05,1.352701187133789,0.0007281167199835181,0.125
0,240,241,4.9999838665826246e-05,1.352787971496582,0.0007255398668348789,0.12448133528232574
0,241,242,4.9999838665826246e-05,1.3523085117340088,0.0007242701249197125,0.12396694719791412
0,242,243,4.999983502784744e-05,1.3521177768707275,0.0007221401901915669,0.12551440298557281
0,243,244,4.999983138986863e-05,1.3509674072265625,0.0007202802808023989,0.125
0,244,245,4.999983138986863e-05,1.3529901504516602,0.0007208909373730421,0.12448979914188385
0,245,246,4.999983138986863e-05,1.3530309200286865,0.000718702794983983,0.1260162591934204
0,246,247,4.9999827751889825e-05,1.3528106212615967,0.0007169304881244898,0.12550607323646545
0,247,248,4.999982411391102e-05,1.3525168895721436,0.0007154931081458926,0.125
0,248,249,4.999982411391102e-05,1.3524694442749023,0.0007133439648896456,0.12449799478054047
0,249,250,4.999982411391102e-05,1.352837085723877,0.0007112296298146248,0.12600000202655792
0,250,251,4.999982411391102e-05,1.3518027067184448,0.0007091026054695249,0.12549801170825958
0,251,252,4.999982411391102e-05,1.35125732421875,0.0007064630626700819,0.1269841343164444
0,252,253,4.999982411391102e-05,1.3503367900848389,0.000704360892996192,0.12648221850395203
0,253,254,4.999982047593221e-05,1.3499869108200073,0.0007017111638560891,0.12795275449752808
0,254,255,4.9999816837953404e-05,1.3489010334014893,0.0006994694704189897,0.12745098769664764
0,255,256,4.9999816837953404e-05,1.3492891788482666,0.0006967427907511592,0.12890625
0,256,257,4.9999816837953404e-05,1.3498106002807617,0.0006950258975848556,0.1284046620130539
0,257,258,4.9999813199974597e-05,1.3495724201202393,0.0006930850213393569,0.12984496355056763
0,258,259,4.999980956199579e-05,1.3488922119140625,0.0006909787189215422,0.12934362888336182
0,259,260,4.999980956199579e-05,1.3484506607055664,0.0006885455222800374,0.1288461536169052
0,260,261,4.999980956199579e-05,1.3498468399047852,0.0006875494145788252,0.13026820123195648
0,261,262,4.999980956199579e-05,1.3493390083312988,0.0006853186059743166,0.12977099418640137
0,262,263,4.999980592401698e-05,1.3485782146453857,0.0006838893168605864,0.1292775571346283
0,263,264,4.999980592401698e-05,1.3473788499832153,0.0006823526928201318,0.12878787517547607
0,264,265,4.999980592401698e-05,1.3474199771881104,0.000681751174852252,0.12830188870429993
0,265,266,4.9999802286038175e-05,1.3476279973983765,0.0007021268247626722,0.12781953811645508
0,266,267,4.999979864805937e-05,1.3468537330627441,0.0007007499225437641,0.12734082341194153
0,267,268,4.999979864805937e-05,1.3472691774368286,0.0006981351762078702,0.13059702515602112
0,268,269,4.999979864805937e-05,1.347015380859375,0.0006963508203625679,0.13011153042316437
0,269,270,4.999979501008056e-05,1.3474494218826294,0.000693771755322814,0.13333334028720856
0,270,271,4.999979501008056e-05,1.347133755683899,0.0006917787832207978,0.1328413337469101
0,271,272,4.999979501008056e-05,1.3468236923217773,0.0006894019898027182,0.13235294818878174
0,272,273,4.9999791372101754e-05,1.3465536832809448,0.000687452731654048,0.1318681389093399
0,273,274,4.9999791372101754e-05,1.3463149070739746,0.000685397069901228,0.1332116723060608
0,274,275,4.9999791372101754e-05,1.3464717864990234,0.000683197402395308,0.1327272653579712
0,275,276,4.999978773412295e-05,1.3462202548980713,0.0006811388302594423,0.13224637508392334
0,276,277,4.999978409614414e-05,1.3454599380493164,0.0006808239268139005,0.13176895678043365
0,277,278,4.999978409614414e-05,1.3462562561035156,0.0006788317114114761,0.13309353590011597
0,278,279,4.999978409614414e-05,1.347369909286499,0.00067725102417171,0.13261649012565613
0,279,280,4.999978045816533e-05,1.3474068641662598,0.0006753027555532753,0.1339285671710968
0,280,281,4.9999776820186526e-05,1.3474594354629517,0.0006729624583385885,0.13523131608963013
0,281,282,4.9999776820186526e-05,1.3472914695739746,0.0006710368325002491,0.13652482628822327
0,282,283,4.9999776820186526e-05,1.3487988710403442,0.000669701024889946,0.13604240119457245
0,283,284,4.999977318220772e-05,1.348327875137329,0.0006682736566290259,0.13556337356567383
0,284,285,4.999977318220772e-05,1.3478899002075195,0.0006723024416714907,0.13508771359920502
0,285,286,4.999977318220772e-05,1.3475613594055176,0.0006700621452182531,0.13636364042758942
0,286,287,4.999977318220772e-05,1.3484307527542114,0.0006693588802590966,0.1358885020017624
0,287,288,4.999976954422891e-05,1.3483772277832031,0.0006700310623273253,0.1354166567325592
0,288,289,4.999976954422891e-05,1.3491106033325195,0.0006688246503472328,0.13494810461997986
0,289,290,4.9999765906250104e-05,1.3484359979629517,0.0006668203859589994,0.1344827562570572
0,290,291,4.99997622682713e-05,1.34828782081604,0.0006660317303612828,0.1340206265449524
0,291,292,4.99997622682713e-05,1.3483004570007324,0.00066377007169649,0.13527396321296692
0,292,293,4.999975863029249e-05,1.3471816778182983,0.000662736245431006,0.13481229543685913
0,293,294,4.999975863029249e-05,1.346670150756836,0.0006605532253161073,0.13435374200344086
0,294,295,4.999975863029249e-05,1.346238136291504,0.0006587595562450588,0.1338983029127121
0,295,296,4.999975863029249e-05,1.3465989828109741,0.0006565340445376933,0.1368243247270584
0,296,297,4.9999751354334876e-05,1.3461151123046875,0.0006544942734763026,0.13804714381694794
0,297,298,4.9999751354334876e-05,1.3469915390014648,0.0006527912919409573,0.1375838965177536
0,298,299,4.9999751354334876e-05,1.346055507659912,0.0006512263207696378,0.13712374866008759
0,299,300,4.999974771635607e-05,1.3451049327850342,0.0006495832931250334,0.1366666704416275
0,300,301,4.999974407837726e-05,1.345371961593628,0.0006477214046753943,0.13787375390529633
0,301,302,4.999974407837726e-05,1.344323992729187,0.0006457313429564238,0.13741722702980042
0,302,303,4.999974407837726e-05,1.3437113761901855,0.0006443135207518935,0.13696369528770447
0,303,304,4.999974407837726e-05,1.3431949615478516,0.0006428379565477371,0.13651315867900848
0,304,305,4.999974407837726e-05,1.3431804180145264,0.0006414946401491761,0.13770490884780884
0,305,306,4.9999740440398455e-05,1.342111349105835,0.0006397792603820562,0.13725490868091583
0,306,307,4.999973680241965e-05,1.3432419300079346,0.0006392812356352806,0.13680782914161682
0,307,308,4.999973680241965e-05,1.3433774709701538,0.0006375698139891028,0.13636364042758942
0,308,309,4.999973316444084e-05,1.3422811031341553,0.0006357957608997822,0.13592232763767242
0,309,310,4.9999729526462033e-05,1.341239094734192,0.0006339657702483237,0.13548386096954346
0,310,311,4.9999729526462033e-05,1.340203881263733,0.0006323568522930145,0.13504822552204132
0,311,312,4.9999729526462033e-05,1.3395934104919434,0.000630641938187182,0.13461539149284363
0,312,313,4.9999725888483226e-05,1.339834213256836,0.0006292913458310068,0.1341852992773056
0,313,314,4.9999725888483226e-05,1.3395864963531494,0.0006276736967265606,0.13375796377658844
0,314,315,4.9999725888483226e-05,1.3389217853546143,0.0006260107038542628,0.13333334028720856
0,315,316,4.999971861252561e-05,1.3394579887390137,0.0006241771625354886,0.13291138410568237
0,316,317,4.999971861252561e-05,1.3397166728973389,0.0006231676088646054,0.13249211013317108
0,317,318,4.999971861252561e-05,1.3392012119293213,0.0006214832537807524,0.1320754736661911
0,318,319,4.9999714974546805e-05,1.338836669921875,0.0006199517520144582,0.13166144490242004
0,319,320,4.9999714974546805e-05,1.338115930557251,0.0006181999342516065,0.13124999403953552
0,320,321,4.9999714974546805e-05,1.3381290435791016,0.0006163493380881846,0.13239875435829163
0,321,322,4.9999711336568e-05,1.33761465549469,0.0006150532863102853,0.1319875717163086
0,322,323,4.9999711336568e-05,1.3374720811843872,0.0006138134049251676,0.1315789520740509
0,323,324,4.9999711336568e-05,1.337239384651184,0.0006122335325926542,0.13117283582687378
0,324,325,4.9999704060610384e-05,1.3369425535202026,0.0006104714702814817,0.13230769336223602
0,325,326,4.9999704060610384e-05,1.3366857767105103,0.0006095644203014672,0.1319018304347992
0,326,327,4.9999704060610384e-05,1.3361281156539917,0.0006082858890295029,0.13149847090244293
0,327,328,4.999969678465277e-05,1.3375146389007568,0.0006070761010050774,0.13109755516052246
0,328,329,4.999969678465277e-05,1.3366090059280396,0.0006054277764633298,0.13069909811019897
0,329,330,4.999969678465277e-05,1.3356497287750244,0.0006038622232154012,0.1303030252456665
0,330,331,4.999969314667396e-05,1.335585355758667,0.0006023459718562663,0.12990936636924744
0,331,332,4.999969314667396e-05,1.3351316452026367,0.0006010754150338471,0.1295180767774582
0,332,333,4.999969314667396e-05,1.334134817123413,0.0005994625389575958,0.12912912666797638
0,333,334,4.9999689508695155e-05,1.3340508937835693,0.0005982415750622749,0.128742516040802
0,334,335,4.9999689508695155e-05,1.3337323665618896,0.0005967851029708982,0.12835821509361267
0,335,336,4.999968587071635e-05,1.3335039615631104,0.0005950700142420828,0.1294642835855484
0,336,337,4.999968223273754e-05,1.333479642868042,0.0005934096989221871,0.13056379556655884
0,337,338,4.999968223273754e-05,1.3339996337890625,0.0005941098788753152,0.13017751276493073
0,338,339,4.9999678594758734e-05,1.3339208364486694,0.0005925984587520361,0.12979350984096527
0,339,340,4.9999678594758734e-05,1.3330278396606445,0.0005911635234951973,0.12941177189350128
0,340,341,4.9999678594758734e-05,1.3340463638305664,0.0005899254465475678,0.12903225421905518
0,341,342,4.999967495677993e-05,1.3339954614639282,0.0005885999416932464,0.12865497171878815
0,342,343,4.999967131880112e-05,1.3345098495483398,0.0005875574424862862,0.1282798796892166
0,343,344,4.999967131880112e-05,1.3343141078948975,0.0005862757097929716,0.12790697813034058
0,344,345,4.999966768082231e-05,1.3357703685760498,0.0005848715081810951,0.12898550927639008
0,345,346,4.9999664042843506e-05,1.335371732711792,0.000583338551223278,0.1286127269268036
0,346,347,4.9999664042843506e-05,1.3361713886260986,0.0005821597296744585,0.12824207544326782
0,347,348,4.99996604048647e-05,1.3363220691680908,0.0005804894026368856,0.12931033968925476
0,348,349,4.99996604048647e-05,1.336318850517273,0.0005788507405668497,0.12893982231616974
0,349,350,4.99996604048647e-05,1.3365380764007568,0.0005771968280896544,0.1314285695552826
0,350,351,4.999965676688589e-05,1.3366248607635498,0.000576125574298203,0.1310541331768036
0,351,352,4.999965676688589e-05,1.3368366956710815,0.0005744888912886381,0.13352271914482117
0,352,353,4.9999653128907084e-05,1.3363287448883057,0.0005732005229219794,0.13314448297023773
0,353,354,4.999964949092828e-05,1.336755394935608,0.0005724571528844535,0.13276836276054382
0,354,355,4.999964949092828e-05,1.3361873626708984,0.0005710277473554015,0.13239437341690063
0,355,356,4.999964585294947e-05,1.3357877731323242,0.0005706434021703899,0.13202247023582458
0,356,357,4.999964585294947e-05,1.335360050201416,0.0005692096892744303,0.13165266811847687
0,357,358,4.999964585294947e-05,1.335277795791626,0.0005702658090740442,0.1312849223613739
0,358,359,4.9999638576991856e-05,1.334601640701294,0.0005689557874575257,0.1309192180633545
0,359,360,4.9999638576991856e-05,1.3344577550888062,0.0005674506537616253,0.1319444477558136
0,360,361,4.9999638576991856e-05,1.3352999687194824,0.0005663564661517739,0.1315789520740509
0,361,362,4.999963493901305e-05,1.3352704048156738,0.000564800517167896,0.1325966864824295
0,362,363,4.999963493901305e-05,1.3349618911743164,0.0005633931723423302,0.13223139941692352
0,363,364,4.999963130103424e-05,1.334326982498169,0.0005620145238935947,0.1318681389093399
0,364,365,4.9999627663055435e-05,1.3341656923294067,0.0005607948405668139,0.13150684535503387
0,365,366,4.9999627663055435e-05,1.3342347145080566,0.0005596905830316246,0.13114753365516663
0,366,367,4.999962402507663e-05,1.3348290920257568,0.0005585355684161186,0.13079018890857697
0,367,368,4.999962402507663e-05,1.334212303161621,0.0005573707167059183,0.1304347813129425
0,368,369,4.999962038709782e-05,1.3347554206848145,0.0005566472536884248,0.13008129596710205
0,369,370,4.9999616749119014e-05,1.334493637084961,0.0005551708745770156,0.1297297328710556
0,370,371,4.9999616749119014e-05,1.333669662475586,0.0005539138801395893,0.12938004732131958
0,371,372,4.9999613111140206e-05,1.333272099494934,0.0005527929170057178,0.12903225421905518
0,372,373,4.9999613111140206e-05,1.3344322443008423,0.0005517150857485831,0.1286863386631012
0,373,374,4.9999613111140206e-05,1.3347382545471191,0.0005506491288542747,0.12834224104881287
0,374,375,4.99996094731614e-05,1.334362506866455,0.0005497626261785626,0.12799999117851257
0,375,376,4.99996094731614e-05,1.3336827754974365,0.0005486411391757429,0.12765957415103912
0,376,377,4.999960583518259e-05,1.3331540822982788,0.000547333387658,0.12732096016407013
0,377,378,4.9999602197203785e-05,1.3325499296188354,0.0005464192945510149,0.1269841194152832
0,378,379,4.9999602197203785e-05,1.3319849967956543,0.0005451089236885309,0.12664908170700073
0,379,380,4.999959492124617e-05,1.3314297199249268,0.0005438572261482477,0.12631578743457794
0,380,381,4.999959492124617e-05,1.3309773206710815,0.0005424917908385396,0.12598425149917603
0,381,382,4.999959492124617e-05,1.331680178642273,0.0005422334652394056,0.1256544589996338
0,382,383,4.9999591283267364e-05,1.3319838047027588,0.000541074899956584,0.12532636523246765
0,383,384,4.9999591283267364e-05,1.3315839767456055,0.0005401145899668336,0.125
0,384,385,4.999958400730975e-05,1.3308387994766235,0.0005392407765612006,0.12467532604932785
0,385,386,4.999958400730975e-05,1.3311560153961182,0.000538526161108166,0.1243523359298706
0,386,387,4.999958400730975e-05,1.3310978412628174,0.000538383552338928,0.12403100728988647
0,387,388,4.999958036933094e-05,1.331002950668335,0.0005370800499804318,0.125
0,388,389,4.999958036933094e-05,1.3302013874053955,0.000535996921826154,0.12467866390943527
0,389,390,4.9999576731352136e-05,1.3299556970596313,0.0005349412094801664,0.12435898184776306
0,390,391,4.9999576731352136e-05,1.3291728496551514,0.0005337494076229632,0.12404091656208038
0,391,392,4.999957309337333e-05,1.3286141157150269,0.0005325911333784461,0.12372449040412903
0,392,393,4.999956945539452e-05,1.329094409942627,0.0005318588227964938,0.12340966612100601
0,393,394,4.999956945539452e-05,1.3289203643798828,0.0005305850645527244,0.12436547875404358
0,394,395,4.999956217943691e-05,1.3296844959259033,0.0005300146876834333,0.12405063211917877
0,395,396,4.999956217943691e-05,1.3300024271011353,0.0005292568821460009,0.12373737245798111
0,396,397,4.999956217943691e-05,1.3298921585083008,0.0005280502373352647,0.124685138463974
0,397,398,4.99995585414581e-05,1.330024242401123,0.0005271672271192074,0.12437185645103455
0,398,399,4.99995585414581e-05,1.3301377296447754,0.0005260326433926821,0.12406015396118164
0,399,400,4.999955490347929e-05,1.3305336236953735,0.0005249954992905259,0.125
0,400,401,4.999955490347929e-05,1.3302249908447266,0.0005257543525658548,0.1246882826089859
0,401,402,4.9999551265500486e-05,1.3299341201782227,0.0005248374072834849,0.12437810748815536
0,402,403,4.999954762752168e-05,1.3293906450271606,0.0005237349541857839,0.12406948208808899
0,403,404,4.999954398954287e-05,1.3289875984191895,0.0005225298227742314,0.12376237660646439
0,404,405,4.999954398954287e-05,1.3300347328186035,0.0005216525169089437,0.12345679104328156
0,405,406,4.999954398954287e-05,1.3310465812683105,0.0005210611852817237,0.12438423931598663
0,406,407,4.999953671358526e-05,1.3306293487548828,0.0005199226434342563,0.12407862395048141
0,407,408,4.999953671358526e-05,1.3303985595703125,0.0005187492934055626,0.125
0,408,409,4.999953307560645e-05,1.3309931755065918,0.0005176872364245355,0.12469437718391418
0,409,410,4.999952943762764e-05,1.3307961225509644,0.0005169471842236817,0.12439024448394775
0,410,411,4.999952943762764e-05,1.3302371501922607,0.0005157830892130733,0.12408758699893951
0,411,412,4.999952943762764e-05,1.3302536010742188,0.000514850951731205,0.125
0,412,413,4.999952943762764e-05,1.330212116241455,0.0005138892447575927,0.12469734251499176
0,413,414,4.999952216167003e-05,1.3301186561584473,0.0005126615869812667,0.12560386955738068
0,414,415,4.999952216167003e-05,1.3300864696502686,0.0005154128302820027,0.12530121207237244
0,415,416,4.999951852369122e-05,1.3300795555114746,0.0005145997274667025,0.125
0,416,417,4.9999514885712415e-05,1.3304283618927002,0.0005133688100613654,0.1258992850780487
0,417,418,4.999951124773361e-05,1.3309719562530518,0.0005124631570652127,0.12559808790683746
0,418,419,4.999951124773361e-05,1.3311902284622192,0.0005120591376908123,0.12529832124710083
0,419,420,4.999951124773361e-05,1.3305766582489014,0.0005109998164698482,0.125
0,420,421,4.9999503971775994e-05,1.3312468528747559,0.0005110022611916065,0.12470309436321259
0,421,422,4.9999503971775994e-05,1.3314311504364014,0.0005100728012621403,0.1244075819849968
0,422,423,4.9999503971775994e-05,1.331022024154663,0.0005091238999739289,0.12411347776651382
0,423,424,4.999950033379719e-05,1.3308475017547607,0.0005081970593892038,0.12382075190544128
0,424,425,4.999949669581838e-05,1.3315277099609375,0.0005073260981589556,0.12352941185235977
0,425,426,4.999949669581838e-05,1.3314762115478516,0.0005065947771072388,0.1232394352555275
0,426,427,4.999949669581838e-05,1.3308823108673096,0.0005056218360550702,0.12295082211494446
0,427,428,4.9999489419860765e-05,1.3306334018707275,0.0005047247395850718,0.12266355007886887
0,428,429,4.9999489419860765e-05,1.3303642272949219,0.0005038417875766754,0.12237762659788132
0,429,430,4.999948214390315e-05,1.3300526142120361,0.0005029001040384173,0.12209302186965942
0,430,431,4.999948214390315e-05,1.3295540809631348,0.0005020364769734442,0.12180974334478378
0,431,432,4.9999478505924344e-05,1.3295047283172607,0.0005012222100049257,0.1215277761220932
0,432,433,4.9999478505924344e-05,1.3289093971252441,0.0005001512472517788,0.12124711275100708
0,433,434,4.9999478505924344e-05,1.3282825946807861,0.0005006149876862764,0.12096773833036423
0,434,435,4.999947486794554e-05,1.328052282333374,0.0004997526411898434,0.12068966031074524
0,435,436,4.999947486794554e-05,1.3279017210006714,0.0004993502516299486,0.12041284143924713
0,436,437,4.999946759198792e-05,1.3275611400604248,0.0004982955870218575,0.1201373040676117
0,437,438,4.999946759198792e-05,1.3278777599334717,0.0004977757344022393,0.11986301839351654
0,438,439,4.9999463954009116e-05,1.3275846242904663,0.0004968044231645763,0.11958998441696167
0,439,440,4.9999463954009116e-05,1.328006625175476,0.0004960473743267357,0.11931818723678589
0,440,441,4.99994566780515e-05,1.327648639678955,0.0004963625688105822,0.119047611951828
0,441,442,4.99994566780515e-05,1.3274226188659668,0.0004958536592312157,0.1187782883644104
0,442,443,4.9999453040072694e-05,1.3282384872436523,0.000494981009978801,0.1185101568698883
0,443,444,4.999944940209389e-05,1.3288671970367432,0.0004945439286530018,0.1182432472705841
0,444,445,4.999944940209389e-05,1.328626036643982,0.0004940333892591298,0.11797752976417542
0,445,446,4.999944576411508e-05,1.3284872770309448,0.0004929974093101919,0.11771300435066223
0,446,447,4.999944576411508e-05,1.3284082412719727,0.0004920038627460599,0.11744966357946396
0,447,448,4.999944212613627e-05,1.3280123472213745,0.0004909972194582224,0.1171875
0,448,449,4.999944212613627e-05,1.3279956579208374,0.0004902363289147615,0.11804009228944778
0,449,450,4.999943485017866e-05,1.328728437423706,0.0004893739824183285,0.11888888478279114
0,450,451,4.999943485017866e-05,1.3283390998840332,0.0004884852678515017,0.11862528324127197
0,451,452,4.999943121219985e-05,1.3281183242797852,0.0004875762388110161,0.11836282908916473
0,452,453,4.999943121219985e-05,1.3278896808624268,0.0004879215848632157,0.11810155212879181
0,453,454,4.999942393624224e-05,1.327471137046814,0.0004884834634140134,0.11784140765666962
0,454,455,4.999942393624224e-05,1.3270514011383057,0.00048767405678518116,0.11758242547512054
0,455,456,4.999942393624224e-05,1.3269973993301392,0.0004871366545557976,0.11732456088066101
0,456,457,4.999942029826343e-05,1.32785964012146,0.00048639537999406457,0.11706782877445221
0,457,458,4.9999416660284624e-05,1.3278822898864746,0.00048534831148572266,0.11681222915649414
0,458,459,4.9999413022305816e-05,1.3273780345916748,0.00048439568490721285,0.11655773222446442
0,459,460,4.9999413022305816e-05,1.327000617980957,0.00048480418627150357,0.11630435287952423
0,460,461,4.999940938432701e-05,1.3273229598999023,0.00048471317859366536,0.1160520613193512
0,461,462,4.99994057463482e-05,1.326840877532959,0.00048374361358582973,0.11580086499452591
0,462,463,4.9999402108369395e-05,1.3264992237091064,0.00048301368951797485,0.11555075645446777
0,463,464,4.999939847039059e-05,1.3265187740325928,0.0004821978509426117,0.11530172824859619
0,464,465,4.999939847039059e-05,1.3269683122634888,0.0004816614673472941,0.11505375802516937
0,465,466,4.999939847039059e-05,1.327473759651184,0.00048114644596353173,0.11480686813592911
0,466,467,4.999939483241178e-05,1.3276596069335938,0.00048045680159702897,0.11456102132797241
0,467,468,4.999939483241178e-05,1.3275411128997803,0.00047965487465262413,0.11431623995304108
0,468,469,4.999938755645417e-05,1.3274320363998413,0.00047884733066894114,0.11513859033584595
0,469,470,4.999938755645417e-05,1.3270542621612549,0.0004783573094755411,0.11489361524581909
0,470,471,4.999938028049655e-05,1.3266979455947876,0.0004776038113050163,0.1146496832370758
0,471,472,4.999938028049655e-05,1.3262741565704346,0.0004767979553434998,0.1144067794084549
0,472,473,4.9999376642517745e-05,1.326141357421875,0.00047626643208786845,0.11416490375995636
0,473,474,4.9999376642517745e-05,1.3257416486740112,0.00047541892854496837,0.1139240562915802
0,474,475,4.999936936656013e-05,1.3254612684249878,0.00047510775038972497,0.11368421465158463
0,475,476,4.999936936656013e-05,1.3249495029449463,0.0004743782919831574,0.11344538629055023
0,476,477,4.9999365728581324e-05,1.3245811462402344,0.0004736071568913758,0.11320754885673523
0,477,478,4.9999365728581324e-05,1.324554204940796,0.00047306413762271404,0.11297070980072021
0,478,479,4.999936209060252e-05,1.324023723602295,0.00047494075261056423,0.11273486912250519
0,479,480,4.999936209060252e-05,1.3233869075775146,0.00047411955893039703,0.11249999701976776
0,480,481,4.99993548146449e-05,1.322974681854248,0.00047355133574455976,0.11226610839366913
0,481,482,4.99993548146449e-05,1.3227324485778809,0.00047344309859909117,0.11203320324420929
0,482,483,4.999934753868729e-05,1.322522759437561,0.00047251867363229394,0.11180124431848526
0,483,484,4.999934753868729e-05,1.3238792419433594,0.0004717753326985985,0.11157025396823883
0,484,485,4.999934390070848e-05,1.3234143257141113,0.00047145324060693383,0.11134020984172821
0,485,486,4.999934390070848e-05,1.323333978652954,0.00047087299753911793,0.1111111119389534
0,486,487,4.9999340262729675e-05,1.3232877254486084,0.0004705819010268897,0.1108829528093338
0,487,488,4.9999340262729675e-05,1.3229308128356934,0.00046983189531601965,0.11065573990345001
0,488,489,4.999933298677206e-05,1.3229790925979614,0.00046894355909898877,0.11145193874835968
0,489,490,4.999933298677206e-05,1.3232725858688354,0.0004686913453042507,0.11122448742389679
0,490,491,4.999932934879325e-05,1.3237297534942627,0.00046820781426504254,0.11099795997142792
0,491,492,4.999932934879325e-05,1.3234002590179443,0.0004726740880869329,0.11077235639095306
0,492,493,4.999932207283564e-05,1.3239623308181763,0.0004726074985228479,0.11054766178131104
0,493,494,4.999932207283564e-05,1.3239127397537231,0.0004721307777799666,0.11032388359308243
0,494,495,4.9999314796878025e-05,1.3241631984710693,0.0004714407550636679,0.11010101437568665
0,495,496,4.9999314796878025e-05,1.324995517730713,0.00047148106386885047,0.1098790317773819
0,496,497,4.9999314796878025e-05,1.3245322704315186,0.0004708471824415028,0.10965795069932938
0,497,498,4.9999314796878025e-05,1.3243447542190552,0.0004708909254986793,0.10943774878978729
0,498,499,4.999930752092041e-05,1.32426917552948,0.0004702377482317388,0.10921843349933624
0,499,500,4.999930752092041e-05,1.3241182565689087,0.000469992752186954,0.10899999737739563
0,500,501,4.9999300244962797e-05,1.3238332271575928,0.0004691527574323118,0.10878243297338486
0,501,502,4.999929660698399e-05,1.323464035987854,0.0004684829618781805,0.10856574028730392
0,502,503,4.999929660698399e-05,1.3236653804779053,0.0004685072344727814,0.10834990441799164
0,503,504,4.999929296900518e-05,1.3236422538757324,0.00046840787399560213,0.1091269850730896
0,504,505,4.9999289331026375e-05,1.3239290714263916,0.0004677957622334361,0.10891088843345642
0,505,506,4.9999289331026375e-05,1.3238064050674438,0.0004672615905292332,0.10869565606117249
0,506,507,4.999928569304757e-05,1.3249293565750122,0.00046697704237885773,0.1084812581539154
0,507,508,4.999928205506876e-05,1.325551986694336,0.0004668097826652229,0.10826770961284637
0,508,509,4.999928205506876e-05,1.3259979486465454,0.00046627281699329615,0.1080550104379654
0,509,510,4.9999278417089954e-05,1.325437068939209,0.00046768621541559696,0.10784314572811127
0,510,511,4.999927477911115e-05,1.3248518705368042,0.00046691071474924684,0.1076321005821228
0,511,512,4.999926750315353e-05,1.3246591091156006,0.0004667130415327847,0.107421875
0,512,513,4.999926750315353e-05,1.3246101140975952,0.00046634027967229486,0.10721246898174286
0,513,514,4.9999263865174726e-05,1.3243054151535034,0.0004658169928006828,0.10700388252735138
0,514,515,4.9999263865174726e-05,1.3249313831329346,0.0004654569202102721,0.10679611563682556
0,515,516,4.999926022719592e-05,1.3243743181228638,0.0004651659110095352,0.10658915340900421
0,516,517,4.999926022719592e-05,1.3247525691986084,0.0004646759480237961,0.10638298094272614
0,517,518,4.9999252951238304e-05,1.3244777917861938,0.00046556536108255386,0.10617761313915253
0,518,519,4.99992493132595e-05,1.3250888586044312,0.000466114841401577,0.1059730276465416
0,519,520,4.99992493132595e-05,1.325653314590454,0.000466152501758188,0.10576923191547394
0,520,521,4.999924567528069e-05,1.3251632452011108,0.0004660788690671325,0.10556621849536896
0,521,522,4.999924203730188e-05,1.3258535861968994,0.0004660497070290148,0.10536397993564606
0,522,523,4.9999238399323076e-05,1.32619309425354,0.000466506986413151,0.10516253113746643
0,523,524,4.999923476134427e-05,1.3256233930587769,0.00046731377369724214,0.1049618273973465
0,524,525,4.999923476134427e-05,1.325474500656128,0.0004666798049584031,0.10571429133415222
0,525,526,4.999923112336546e-05,1.3251286745071411,0.00046894687693566084,0.1055133044719696
0,526,527,4.9999227485386655e-05,1.325018286705017,0.0004682555445469916,0.10531309247016907
0,527,528,4.9999227485386655e-05,1.3255796432495117,0.00047069747233763337,0.10511363297700882
0,528,529,4.999922020942904e-05,1.3253543376922607,0.0004734247922897339,0.10491493344306946
0,529,530,4.999922020942904e-05,1.3253960609436035,0.0004734296817332506,0.10471698641777039
0,530,531,4.9999216571450233e-05,1.3254362344741821,0.0004734850372187793,0.10546138882637024
0,531,532,4.9999212933471426e-05,1.3255631923675537,0.0004726437327917665,0.10526315867900848
0,532,533,4.999920929549262e-05,1.325103998184204,0.00047285272739827633,0.10506567358970642
0,533,534,4.999920929549262e-05,1.32481050491333,0.0004724770551547408,0.10486891120672226
0,534,535,4.999920565751381e-05,1.32539701461792,0.00047159689711406827,0.10560747981071472
0,535,536,4.99991983815562e-05,1.325117826461792,0.0004750396474264562,0.10541045665740967
0,536,537,4.99991983815562e-05,1.3246486186981201,0.000476150045869872,0.10521415621042252
0,537,538,4.999919474357739e-05,1.324353814125061,0.0004758313880302012,0.10501858592033386
0,538,539,4.999919474357739e-05,1.3240013122558594,0.0004754705005325377,0.10482374578714371
0,539,540,4.999918746761978e-05,1.3238461017608643,0.00047470146091654897,0.10462963581085205
0,540,541,4.999918382964097e-05,1.3235093355178833,0.0004740247968584299,0.1044362336397171
0,541,542,4.999918382964097e-05,1.3237061500549316,0.00047405401710420847,0.10424354672431946
0,542,543,4.999918382964097e-05,1.3233282566070557,0.00047406955854967237,0.10405156761407852
0,543,544,4.999918019166216e-05,1.3233139514923096,0.00047326990170404315,0.10477941483259201
0,544,545,4.999917291570455e-05,1.3231163024902344,0.00047788803931325674,0.10458715260028839
0,545,546,4.999917291570455e-05,1.323768973350525,0.00047825093497522175,0.10439561307430267
0,546,547,4.9999165639746934e-05,1.3243999481201172,0.000480718445032835,0.10420475155115128
0,547,548,4.9999165639746934e-05,1.3242919445037842,0.00048147267079912126,0.10401459783315659
0,548,549,4.999916200176813e-05,1.3244869709014893,0.00048224395141005516,0.10382513701915741
0,549,550,4.999915836378932e-05,1.3245600461959839,0.0004820557951461524,0.10454545170068741
0,550,551,4.999915472581051e-05,1.3248977661132812,0.0004816779983229935,0.10435571521520615
0,551,552,4.9999151087831706e-05,1.324901819229126,0.0004816757282242179,0.10507246106863022
0,552,553,4.9999151087831706e-05,1.3249553442001343,0.00048085645539686084,0.10578662157058716
0,553,554,4.99991474498529e-05,1.32517409324646,0.00048041355330497026,0.105595663189888
0,554,555,4.999914381187409e-05,1.3255442380905151,0.0004816788714379072,0.10540540516376495
0,555,556,4.9999140173895285e-05,1.3252772092819214,0.0004811047110706568,0.10521582514047623
0,556,557,4.999913653591648e-05,1.3253728151321411,0.00048024934949353337,0.10502693057060242
0,557,558,4.999913289793767e-05,1.3255031108856201,0.00047963473480194807,0.10573476552963257
0,558,559,4.999912925995886e-05,1.325890302658081,0.00047952623572200537,0.10554561764001846
0,559,560,4.999912925995886e-05,1.325533390045166,0.00047904375242069364,0.10535714030265808
0,560,561,4.9999125621980056e-05,1.325407862663269,0.00047849584370851517,0.10516934096813202
0,561,562,4.999912198400125e-05,1.3264780044555664,0.00047885486856102943,0.10498220473527908
0,562,563,4.999911834602244e-05,1.3267594575881958,0.0004802799958270043,0.10479573905467987
0,563,564,4.999911834602244e-05,1.3267772197723389,0.0004830843536183238,0.10460993647575378
0,564,565,4.9999114708043635e-05,1.3266228437423706,0.00048230000538751483,0.10442478209733963
0,565,566,4.999910743208602e-05,1.327060580253601,0.00048213129048235714,0.104240283370018
0,566,567,4.999910743208602e-05,1.3267865180969238,0.0004815275897271931,0.10405643284320831
0,567,568,4.9999100156128407e-05,1.3266634941101074,0.00048133445670828223,0.10387323796749115
0,568,569,4.9999100156128407e-05,1.3262337446212769,0.00048099871492013335,0.10369068384170532
0,569,570,4.9999100156128407e-05,1.3257975578308105,0.0004802411131095141,0.10350877046585083
0,570,571,4.999909288017079e-05,1.32553231716156,0.0004801735049113631,0.10332749783992767
0,571,572,4.999909288017079e-05,1.3252732753753662,0.00047943851677700877,0.10314685106277466
0,572,573,4.999908560421318e-05,1.325270414352417,0.00047903478844091296,0.10296683758497238
0,573,574,4.999908560421318e-05,1.3253735303878784,0.00047916459152475,0.10278744995594025
0,574,575,4.999908196623437e-05,1.3248804807662964,0.0004788268997799605,0.10260869562625885
0,575,576,4.999907469027676e-05,1.325073003768921,0.00047974509652704,0.1024305522441864
0,576,577,4.999907469027676e-05,1.3256126642227173,0.00048029617755673826,0.10311958193778992
0,577,578,4.999907105229795e-05,1.3255479335784912,0.00048053328646346927,0.10294117033481598
0,578,579,4.999906741431914e-05,1.3261172771453857,0.00048180989688262343,0.10276338458061218
0,579,580,4.999906741431914e-05,1.3260648250579834,0.00048259145114570856,0.10258620232343674
0,580,581,4.999906013836153e-05,1.326559066772461,0.0004824381321668625,0.10240963101387024
0,581,582,4.999906013836153e-05,1.3262275457382202,0.0004834925348404795,0.10223367810249329
0,582,583,4.9999052862403914e-05,1.3262100219726562,0.00048360892105847597,0.10205832123756409
0,583,584,4.999904922442511e-05,1.3264200687408447,0.00048379419604316354,0.10188356041908264
0,584,585,4.999904922442511e-05,1.3264870643615723,0.00048353750025853515,0.10170941054821014
0,585,586,4.99990455864463e-05,1.326977252960205,0.0004860340850427747,0.10153583437204361
0,586,587,4.99990455864463e-05,1.3271273374557495,0.00048521801363676786,0.10221464931964874
0,587,588,4.9999038310488686e-05,1.3270131349563599,0.00048483104910701513,0.10289115458726883
0,588,589,4.999903467250988e-05,1.3267749547958374,0.0004841490008402616,0.10271646082401276
0,589,590,4.999903467250988e-05,1.3263907432556152,0.000484051532112062,0.10254237055778503
0,590,591,4.9999027396552265e-05,1.3263640403747559,0.00048685737419873476,0.10236886143684387
0,591,592,4.9999027396552265e-05,1.3265113830566406,0.0004884789232164621,0.10219594836235046
0,592,593,4.999902012059465e-05,1.3264765739440918,0.00048779675853438675,0.10202360898256302
0,593,594,4.999902012059465e-05,1.326073169708252,0.000487574958242476,0.10185185074806213
0,594,595,4.9999016482615843e-05,1.3257497549057007,0.00048719748156145215,0.10168067365884781
0,595,596,4.9999012844637036e-05,1.3255369663238525,0.0004868739633820951,0.10151006281375885
0,596,597,4.999900920665823e-05,1.3257461786270142,0.00048695848090574145,0.10134003311395645
0,597,598,4.999900556867942e-05,1.3252806663513184,0.00048711063573136926,0.10117056965827942
0,598,599,4.9999001930700615e-05,1.324824571609497,0.0004868450341746211,0.10100166499614716
0,599,600,4.9999001930700615e-05,1.3247294425964355,0.00048738246550783515,0.10083333402872086
0,600,601,4.9998994654743e-05,1.324462890625,0.0004866312083322555,0.10066555440425873
0,601,602,4.9998994654743e-05,1.3244192600250244,0.00048674436402507126,0.10132890939712524
0,602,603,4.9998991016764194e-05,1.3240411281585693,0.00048697864986024797,0.10116086155176163
0,603,604,4.999898374080658e-05,1.3237104415893555,0.0004878789186477661,0.10099337995052338
0,604,605,4.999898374080658e-05,1.3235232830047607,0.00048721214989200234,0.10165289044380188
0,605,606,4.999898010282777e-05,1.3236382007598877,0.000487009558128193,0.10148514807224274
0,606,607,4.999897282687016e-05,1.3235832452774048,0.00048690277617424726,0.10131795704364777
0,607,608,4.999897282687016e-05,1.3232450485229492,0.0004861641791649163,0.10115131735801697
0,608,609,4.999896918889135e-05,1.3236185312271118,0.0004863254143856466,0.10098522156476974
0,609,610,4.999896918889135e-05,1.3234120607376099,0.00048588085337542,0.1008196771144867
0,610,611,4.9998965550912544e-05,1.3231301307678223,0.0004854769795201719,0.10065466165542603
0,611,612,4.999895827495493e-05,1.322608470916748,0.0004858298634644598,0.10049019753932953
0,612,613,4.999895463697612e-05,1.322319507598877,0.0004856673185713589,0.10032626241445541
0,613,614,4.9998950998997316e-05,1.322107195854187,0.0004851718549616635,0.10016286373138428
0,614,615,4.999894736101851e-05,1.3220653533935547,0.0004854614962823689,0.09999999403953552
0,615,616,4.999894736101851e-05,1.3217800855636597,0.0004851127741858363,0.09983766078948975
0,616,617,4.9998940085060894e-05,1.3214504718780518,0.00048481617704965174,0.09967584908008575
0,617,618,4.999893644708209e-05,1.321312665939331,0.00048416986828669906,0.09951455891132355
0,618,619,4.999893644708209e-05,1.32101309299469,0.0004836748994421214,0.09935379773378372
0,619,620,4.999893280910328e-05,1.3214633464813232,0.00048360065557062626,0.09919354319572449
0,620,621,4.999892917112447e-05,1.3211630582809448,0.00048314034938812256,0.09903381764888763
0,621,622,4.9998925533145666e-05,1.321217656135559,0.00048358942149206996,0.09887459874153137
0,622,623,4.999891825718805e-05,1.3213894367218018,0.00048458139644935727,0.0987158939242363
0,623,624,4.999891825718805e-05,1.321476936340332,0.0004842940834350884,0.09855769574642181
0,624,625,4.9998914619209245e-05,1.321162223815918,0.00048405141569674015,0.09839999675750732
0,625,626,4.999891098123044e-05,1.3206822872161865,0.00048424844862893224,0.09824280440807343
0,626,627,4.999890734325163e-05,1.3203887939453125,0.00048363988753408194,0.09808612614870071
0,627,628,4.9998903705272824e-05,1.3204350471496582,0.0004828837118111551,0.0979299396276474
0,628,629,4.9998900067294016e-05,1.3203727006912231,0.00048217695439234376,0.09777424484491348
0,629,630,4.9998900067294016e-05,1.3205523490905762,0.00048338581109419465,0.09841269999742508
0,630,631,4.99988927913364e-05,1.3205856084823608,0.00048361095832660794,0.09825673699378967
0,631,632,4.999888551537879e-05,1.3202040195465088,0.00048314902232959867,0.09810126572847366
0,632,633,4.999888551537879e-05,1.3203802108764648,0.0004828927631024271,0.09794628620147705
0,633,634,4.999888551537879e-05,1.3205983638763428,0.0004825187206733972,0.09779179096221924
0,634,635,4.9998878239421174e-05,1.320296049118042,0.0004819240130018443,0.09763780236244202
0,635,636,4.9998878239421174e-05,1.320096731185913,0.0004816023865714669,0.0974842756986618
0,636,637,4.999887096346356e-05,1.3200528621673584,0.000481842493172735,0.09733124077320099
0,637,638,4.999887096346356e-05,1.319575548171997,0.000481483613839373,0.09717868268489838
0,638,639,4.999886732548475e-05,1.3196775913238525,0.00048074120422825217,0.0978090763092041
0,639,640,4.999886004952714e-05,1.3195998668670654,0.0004800394526682794,0.09765625
0,640,641,4.999886004952714e-05,1.3191096782684326,0.000479487469419837,0.0975039005279541
0,641,642,4.999885641154833e-05,1.3191344738006592,0.00047875940799713135,0.0973520278930664
0,642,643,4.9998852773569524e-05,1.3188321590423584,0.0004780963063240051,0.09720061719417572
0,643,644,4.999884913559072e-05,1.31977379322052,0.000478247064165771,0.09704969078302383
0,644,645,4.999884549761191e-05,1.319617509841919,0.0004777928115800023,0.09689922630786896
0,645,646,4.9998838221654296e-05,1.3196429014205933,0.00047706812620162964,0.09674923121929169
0,646,647,4.9998838221654296e-05,1.319258451461792,0.0004764814511872828,0.09659969061613083
0,647,648,4.999883458367549e-05,1.3191605806350708,0.0004760462907142937,0.09645061194896698
0,648,649,4.999883094569668e-05,1.318946361541748,0.0004753685789182782,0.09630200266838074
0,649,650,4.9998827307717875e-05,1.3184304237365723,0.00047492788871750236,0.09615384787321091
0,650,651,4.999882366973907e-05,1.318676471710205,0.00047461921349167824,0.09600614011287689
0,651,652,4.999882003176026e-05,1.318508505821228,0.0004745560581795871,0.09585890173912048
0,652,653,4.9998812755802646e-05,1.3194849491119385,0.00047435128362849355,0.0957120954990387
0,653,654,4.9998812755802646e-05,1.320094108581543,0.0004738246207125485,0.09556575119495392
0,654,655,4.999880547984503e-05,1.3205502033233643,0.0004733139357995242,0.09541984647512436
0,655,656,4.999880547984503e-05,1.3206260204315186,0.0004730699001811445,0.09527438879013062
0,656,657,4.999880547984503e-05,1.321131706237793,0.0004728858475573361,0.09512937068939209
0,657,658,4.999879820388742e-05,1.3209503889083862,0.00047257100231945515,0.09498479962348938
0,658,659,4.9998790927929804e-05,1.3209147453308105,0.00047254274250008166,0.09484066814184189
0,659,660,4.9998787289951e-05,1.3210411071777344,0.00047280528815463185,0.09469696879386902
0,660,661,4.9998787289951e-05,1.3215141296386719,0.00047263939632102847,0.09531013667583466
0,661,662,4.999878001399338e-05,1.3211984634399414,0.000472590618301183,0.0951661616563797
0,662,663,4.999878001399338e-05,1.321120023727417,0.0004738104180432856,0.09502262622117996
0,663,664,4.9998776376014575e-05,1.3209447860717773,0.00047359871678054333,0.09487952291965485
0,664,665,4.999876910005696e-05,1.3207074403762817,0.0004731501976493746,0.09473684430122375
0,665,666,4.999876910005696e-05,1.320600986480713,0.000472542509669438,0.09459459781646729
0,666,667,4.9998765462078154e-05,1.320695161819458,0.00047212024219334126,0.09445276856422424
0,667,668,4.999875818612054e-05,1.320968747138977,0.0004722624144051224,0.09431137889623642
0,668,669,4.999875454814173e-05,1.3207507133483887,0.00047163141425698996,0.09417040646076202
0,669,670,4.999875454814173e-05,1.3203905820846558,0.00047137378714978695,0.09402985125780106
0,670,671,4.9998750910162926e-05,1.3206764459609985,0.00047112320316955447,0.09388971328735352
0,671,672,4.999874363420531e-05,1.3209033012390137,0.000470786530058831,0.09375
0,672,673,4.999874363420531e-05,1.3208858966827393,0.00047071638982743025,0.09361069649457932
0,673,674,4.99987363582477e-05,1.3204318284988403,0.00047024627565406263,0.09347181022167206
0,674,675,4.999873272026889e-05,1.3203911781311035,0.00046984641812741756,0.09333333373069763
0,675,676,4.999872908229008e-05,1.3200421333312988,0.0004695130046457052,0.09319526702165604
0,676,677,4.9998725444311276e-05,1.3195717334747314,0.0004691005451604724,0.09305761009454727
0,677,678,4.999872180633247e-05,1.3192250728607178,0.00046900258166715503,0.09292035549879074
0,678,679,4.999872180633247e-05,1.3189892768859863,0.0004684958257712424,0.09278351068496704
0,679,680,4.999871816835366e-05,1.3187216520309448,0.0004681249847635627,0.09264706075191498
0,680,681,4.999871089239605e-05,1.3184651136398315,0.0004675541422329843,0.09251101315021515
0,681,682,4.9998703616438434e-05,1.3180551528930664,0.00046736240619793534,0.09237536787986755
0,682,683,4.9998703616438434e-05,1.3177670240402222,0.00046697567449882627,0.0922401174902916
0,683,684,4.9998699978459626e-05,1.3173726797103882,0.0004669677000492811,0.09210526198148727
0,684,685,4.999869634048082e-05,1.316930890083313,0.0004664180160034448,0.09197080135345459
0,685,686,4.999869270250201e-05,1.3170561790466309,0.0004660121048800647,0.09183673560619354
0,686,687,4.9998689064523205e-05,1.3165829181671143,0.00046584129449911416,0.09170305728912354
0,687,688,4.99986854265444e-05,1.316273808479309,0.0004652604111470282,0.09156976640224457
0,688,689,4.9998678150586784e-05,1.3161230087280273,0.00046496634604409337,0.09143686294555664
0,689,690,4.9998678150586784e-05,1.3163816928863525,0.00046462504542432725,0.09130434691905975
0,690,691,4.999867087462917e-05,1.3167200088500977,0.0004641733830794692,0.0911722183227539
0,691,692,4.999867087462917e-05,1.3163478374481201,0.0004637489328160882,0.0910404622554779
0,692,693,4.999866723665036e-05,1.3163282871246338,0.0004633888602256775,0.09090909361839294
0,693,694,4.9998663598671556e-05,1.3165850639343262,0.00046308577293530107,0.09077809751033783
0,694,695,4.999865632271394e-05,1.3162076473236084,0.00046277017099782825,0.09064748138189316
0,695,696,4.9998652684735134e-05,1.3161565065383911,0.000462560448795557,0.09051723778247833
0,696,697,4.999864904675633e-05,1.3160085678100586,0.00046194688184186816,0.09038737416267395
0,697,698,4.999864540877752e-05,1.3158619403839111,0.00046166309039108455,0.09025788307189941
0,698,699,4.999864177079871e-05,1.3156847953796387,0.00046128127723932266,0.09012875705957413
0,699,700,4.9998638132819906e-05,1.3156882524490356,0.0004609530442394316,0.09000000357627869
0,700,701,4.9998638132819906e-05,1.3163068294525146,0.0004611941403709352,0.0898716151714325
0,701,702,4.999863085686229e-05,1.3164923191070557,0.00046102781197987497,0.08974359184503555
0,702,703,4.999862358090468e-05,1.316608190536499,0.00046087364898994565,0.08961592614650726
0,703,704,4.999862358090468e-05,1.3163752555847168,0.0004605029243975878,0.08948864042758942
0,704,705,4.999861994292587e-05,1.3161346912384033,0.0004600967513397336,0.08936170488595963
0,705,706,4.999861630494706e-05,1.3162992000579834,0.0004597055958583951,0.08923512697219849
0,706,707,4.999860902898945e-05,1.31674325466156,0.0004593479388859123,0.0891089141368866
0,707,708,4.999860539101064e-05,1.3163684606552124,0.0004590119351632893,0.08898305147886276
0,708,709,4.999860539101064e-05,1.316061019897461,0.00045842406689189374,0.08885754644870758
0,709,710,4.999859811505303e-05,1.3158663511276245,0.00045807805145159364,0.08873239159584045
0,710,711,4.999859447707422e-05,1.3157517910003662,0.00045746483374387026,0.08860759437084198
0,711,712,4.9998590839095414e-05,1.315502405166626,0.00045688633690588176,0.08848313987255096
0,712,713,4.9998590839095414e-05,1.3154089450836182,0.00045629346277564764,0.0883590430021286
0,713,714,4.99985835631378e-05,1.3150790929794312,0.00045593216782435775,0.0882352963089943
0,714,715,4.999857992515899e-05,1.314743995666504,0.0004553565813694149,0.08811189234256744
0,715,716,4.9998576287180185e-05,1.3147101402282715,0.0004547371354419738,0.08798882365226746
0,716,717,4.999857264920138e-05,1.3149216175079346,0.00045531027717515826,0.08786611258983612
0,717,718,4.9998565373243764e-05,1.314656376838684,0.0004549758741632104,0.08774372935295105
0,718,719,4.9998565373243764e-05,1.3146191835403442,0.0004545733390841633,0.08762169629335403
0,719,720,4.999856173526496e-05,1.3149125576019287,0.00045415147906169295,0.08749999850988388
0,720,721,4.999855809728615e-05,1.3151416778564453,0.00045393386972136796,0.08737863600254059
0,721,722,4.9998550821328536e-05,1.3147997856140137,0.00045438227243721485,0.08725762367248535
0,722,723,4.999854718334973e-05,1.3146939277648926,0.00045379967195913196,0.08713693171739578
0,723,724,4.999854354537092e-05,1.3144463300704956,0.00045361084630712867,0.08701657503843307
0,724,725,4.9998539907392114e-05,1.314192295074463,0.0004549016593955457,0.08689655363559723
0,725,726,4.999853626941331e-05,1.3137425184249878,0.0004545163828879595,0.08677686005830765
0,726,727,4.99985326314345e-05,1.3138090372085571,0.000453899527201429,0.08734525740146637
0,727,728,4.999852899345569e-05,1.3136154413223267,0.00045351352309808135,0.08722527325153351
0,728,729,4.999852171749808e-05,1.3133418560028076,0.00045321189099922776,0.08710562437772751
0,729,730,4.999851807951927e-05,1.3130571842193604,0.0004529283323790878,0.08698630332946777
0,730,731,4.9998514441540465e-05,1.312593698501587,0.00045241997577250004,0.0868673026561737
0,731,732,4.999851080356166e-05,1.3122477531433105,0.00045188370859250426,0.0867486298084259
0,732,733,4.999850716558285e-05,1.3127284049987793,0.00045170116936787963,0.08663028478622437
0,733,734,4.9998503527604043e-05,1.3126068115234375,0.00045133952517062426,0.0865122601389885
0,734,735,4.9998499889625236e-05,1.3131455183029175,0.00045144185423851013,0.08639456331729889
0,735,736,4.999849625164643e-05,1.3131613731384277,0.00045130442595109344,0.08627717196941376
0,736,737,4.9998488975688815e-05,1.3133676052093506,0.00045117386616766453,0.08616010844707489
0,737,738,4.999848533771001e-05,1.3133540153503418,0.00045119045535102487,0.0860433578491211
0,738,739,4.999848533771001e-05,1.3137528896331787,0.00045088454498909414,0.08592692762613297
0,739,740,4.99984816997312e-05,1.3137353658676147,0.000450293708126992,0.08581081032752991
0,740,741,4.999847442377359e-05,1.3135976791381836,0.0004505435354076326,0.08569500595331192
0,741,742,4.999847078579478e-05,1.3136881589889526,0.0004503154777921736,0.085579514503479
0,742,743,4.9998463509837165e-05,1.3134067058563232,0.0004499998758547008,0.08546433597803116
0,743,744,4.999845987185836e-05,1.3135693073272705,0.0004497953923419118,0.08534946292638779
0,744,745,4.999845623387955e-05,1.3131037950515747,0.0004495152388699353,0.08523489534854889
0,745,746,4.999845623387955e-05,1.313380241394043,0.0004492400330491364,0.08512064814567566
0,746,747,4.999844895792194e-05,1.3129355907440186,0.00044904282549396157,0.08500669151544571
0,747,748,4.999844531994313e-05,1.3129487037658691,0.00044851889833807945,0.08489304780960083
0,748,749,4.999844168196432e-05,1.3126745223999023,0.00044803484342992306,0.08477970957756042
0,749,750,4.9998438043985516e-05,1.3124737739562988,0.0004476959293242544,0.0846666693687439
0,750,751,4.99984307680279e-05,1.3124819993972778,0.00044710852671414614,0.08455392718315125
0,751,752,4.99984307680279e-05,1.312091588973999,0.0004468400729820132,0.08444149047136307
0,752,753,4.999842349207029e-05,1.3119733333587646,0.0004468620754778385,0.08432935178279877
0,753,754,4.999842349207029e-05,1.3119381666183472,0.0004471906286198646,0.08421750366687775
0,754,755,4.999841621611267e-05,1.3123077154159546,0.0004472144937608391,0.0841059610247612
0,755,756,4.999840894015506e-05,1.3122096061706543,0.00044668465852737427,0.08399470895528793
0,756,757,4.999840894015506e-05,1.3120204210281372,0.0004462889046408236,0.08388374745845795
0,757,758,4.999840530217625e-05,1.3122429847717285,0.00044684502063319087,0.08377308398485184
0,758,759,4.9998401664197445e-05,1.3124520778656006,0.00044655383680947125,0.0836627185344696
0,759,760,4.999839438823983e-05,1.3122928142547607,0.00044609425822272897,0.08421052992343903
0,760,761,4.9998390750261024e-05,1.3120884895324707,0.00044564998825080693,0.08409987390041351
0,761,762,4.9998387112282217e-05,1.3122401237487793,0.0004456212336663157,0.08398950099945068
0,762,763,4.999838347430341e-05,1.3123302459716797,0.000445383891928941,0.08387942612171173
0,763,764,4.9998376198345795e-05,1.3120684623718262,0.00044511567102745175,0.08376963436603546
0,764,765,4.9998376198345795e-05,1.3118871450424194,0.00044511229498311877,0.08366013318300247
0,765,766,4.999837256036699e-05,1.3121161460876465,0.0004447977407835424,0.08355091512203217
0,766,767,4.9998365284409374e-05,1.3116614818572998,0.0004444806254468858,0.08344198018312454
0,767,768,4.999836164643057e-05,1.311462640762329,0.00044421543134376407,0.0833333283662796
0,768,769,4.999835800845176e-05,1.3113044500350952,0.0004436904564499855,0.08322496712207794
0,769,770,4.9998350732494146e-05,1.3111655712127686,0.00044324868940748274,0.08311688899993896
0,770,771,4.9998350732494146e-05,1.311011552810669,0.00044323981273919344,0.08300907909870148
0,771,772,4.999834345653653e-05,1.3106157779693604,0.0004436044255271554,0.08290155231952667
0,772,773,4.999834345653653e-05,1.3104543685913086,0.0004432281421031803,0.08279430866241455
0,773,774,4.999833618057892e-05,1.3101952075958252,0.0004427343374118209,0.08268734067678452
0,774,775,4.99983289046213e-05,1.3101158142089844,0.0004422934143804014,0.0832258090376854
0,775,776,4.9998325266642496e-05,1.3102717399597168,0.00044200659613125026,0.08311855792999268
0,776,777,4.9998325266642496e-05,1.3102328777313232,0.0004421808407641947,0.08301158249378204
0,777,778,4.999832162866369e-05,1.3103137016296387,0.00044183351565152407,0.0829048901796341
0,778,779,4.9998314352706075e-05,1.3101787567138672,0.0004413034475874156,0.08279845863580704
0,779,780,4.999831071472727e-05,1.3097405433654785,0.0004412233829498291,0.08269231021404266
0,780,781,4.999830707674846e-05,1.3101184368133545,0.00044127320870757103,0.08258643001317978
0,781,782,4.9998299800790846e-05,1.3102788925170898,0.00044117210200056434,0.08248081803321838
0,782,783,4.999829616281204e-05,1.3109145164489746,0.00044143892591819167,0.08237548172473907
0,783,784,4.999829252483323e-05,1.3114484548568726,0.0004412866837810725,0.08290816098451614
0,784,785,4.9998288886854425e-05,1.3117191791534424,0.00044101194362156093,0.08343949168920517
0,785,786,4.999828161089681e-05,1.3115267753601074,0.00044074715697206557,0.0833333358168602
0,786,787,4.9998277972918004e-05,1.3111411333084106,0.0004403228231240064,0.08322744071483612
0,787,788,4.9998277972918004e-05,1.3111207485198975,0.00043978873873129487,0.08312182128429413
0,788,789,4.999827069696039e-05,1.3115112781524658,0.0004394347488414496,0.08365018665790558
0,789,790,4.999826705898158e-05,1.311762809753418,0.0004392092232592404,0.0835442990064621
0,790,791,4.999825978302397e-05,1.3119620084762573,0.0004390530230011791,0.0834386870265007
0,791,792,4.999825978302397e-05,1.3117966651916504,0.0004387021763250232,0.0833333358168602
0,792,793,4.9998252507066354e-05,1.3116083145141602,0.00043862650636583567,0.08322824537754059
0,793,794,4.999824886908755e-05,1.3113682270050049,0.0004387568333186209,0.08312343060970306
0,794,795,4.999824159312993e-05,1.3112051486968994,0.00043850240763276815,0.08301886916160583
0,795,796,4.999824159312993e-05,1.3107967376708984,0.0004383352934382856,0.0829145759344101
0,796,797,4.999823431717232e-05,1.3104872703552246,0.0004378754529170692,0.08281053602695465
0,797,798,4.999823067919351e-05,1.310672640800476,0.0004376612778287381,0.0827067643404007
0,798,799,4.9998227041214705e-05,1.310873031616211,0.0004373662231955677,0.08260325342416763
0,799,800,4.99982234032359e-05,1.3106284141540527,0.00043703120900318027,0.08249999582767487
0,800,801,4.999821612727828e-05,1.3102352619171143,0.00043675629422068596,0.08239699900150299
0,801,802,4.9998212489299476e-05,1.3100428581237793,0.0004364508204162121,0.08229426294565201
0,802,803,4.999820885132067e-05,1.3103094100952148,0.000436242000432685,0.08219178020954132
0,803,804,4.999820521334186e-05,1.309938669204712,0.00043589912820607424,0.08208955824375153
0,804,805,4.9998201575363055e-05,1.3098771572113037,0.00043561452184803784,0.08260869979858398
0,805,806,4.999819429940544e-05,1.3097915649414062,0.0004354265402071178,0.0825062021613121
0,806,807,4.9998190661426634e-05,1.3097615242004395,0.0004356974386610091,0.08240396529436111
0,807,808,4.9998187023447827e-05,1.3097504377365112,0.00043578213080763817,0.08230198174715042
0,808,809,4.999817974749021e-05,1.309743881225586,0.0004356045974418521,0.08220024406909943
0,809,810,4.9998176109511405e-05,1.3098890781402588,0.0004357353609520942,0.08209876716136932
0,810,811,4.9998176109511405e-05,1.3098695278167725,0.00043543067295104265,0.08199752867221832
0,811,812,4.999816883355379e-05,1.3097813129425049,0.0004351773823145777,0.08189655095338821
0,812,813,4.999816155759618e-05,1.3101286888122559,0.0004350764211267233,0.0817958191037178
0,813,814,4.999816155759618e-05,1.3098804950714111,0.0004345982160884887,0.08169533312320709
0,814,815,4.999815428163856e-05,1.3095498085021973,0.00043437303975224495,0.08159509301185608
0,815,816,4.9998150643659756e-05,1.30934739112854,0.00043424093746580184,0.08149509876966476
0,816,817,4.999814336770214e-05,1.3093377351760864,0.00043432918027974665,0.08139534294605255
0,817,818,4.999814336770214e-05,1.3096989393234253,0.00043521414045244455,0.08129584044218063
0,818,819,4.999813609174453e-05,1.3093445301055908,0.0004348013026174158,0.08119658380746841
0,819,820,4.999813245376572e-05,1.3096296787261963,0.00043467036448419094,0.0810975581407547
0,820,821,4.999812881578691e-05,1.3094075918197632,0.00043453063699416816,0.08099877834320068
0,821,822,4.99981215398293e-05,1.3097681999206543,0.00043491070391610265,0.08090024441480637
0,822,823,4.999811790185049e-05,1.309678554534912,0.0004344461776781827,0.08140948414802551
0,823,824,4.9998114263871685e-05,1.3092844486236572,0.0004341808380559087,0.08131067454814911
0,824,825,4.999811062589288e-05,1.3091692924499512,0.0004337388090789318,0.081212118268013
0,825,826,4.999810698791407e-05,1.3091566562652588,0.0004336829297244549,0.081113800406456
0,826,827,4.9998099711956456e-05,1.3094184398651123,0.0004338044673204422,0.08101572096347809
0,827,828,4.999809607397765e-05,1.3092834949493408,0.0004340602899901569,0.08091787248849869
0,828,829,4.999809243599884e-05,1.3091907501220703,0.0004338700673542917,0.08082026243209839
0,829,830,4.999808516004123e-05,1.3088948726654053,0.00043356866808608174,0.08072289079427719
0,830,831,4.999808152206242e-05,1.3085882663726807,0.0004334219847805798,0.0806257575750351
0,831,832,4.9998077884083614e-05,1.3087151050567627,0.0004332396783865988,0.08052884787321091
0,832,833,4.999807424610481e-05,1.3086528778076172,0.00043276598444208503,0.08043217658996582
0,833,834,4.999806697014719e-05,1.3085095882415771,0.00043266447028145194,0.08033573627471924
0,834,835,4.9998063332168385e-05,1.308691143989563,0.00043239869410172105,0.08023951947689056
0,835,836,4.999805605621077e-05,1.308427333831787,0.00043205104884691536,0.08014354109764099
0,836,837,4.999805605621077e-05,1.3086779117584229,0.00043190171709284186,0.08004778623580933
0,837,838,4.9998052418231964e-05,1.3086777925491333,0.00043139129411429167,0.08054892718791962
0,838,839,4.999804514227435e-05,1.3082727193832397,0.00043165363604202867,0.08045291900634766
0,839,840,4.999804150429554e-05,1.308018445968628,0.00043156620813533664,0.0803571492433548
0,840,841,4.999803422833793e-05,1.307644248008728,0.0004313418176025152,0.08026158809661865
0,841,842,4.999803059035912e-05,1.3079485893249512,0.0004312979872338474,0.0801662728190422
0,842,843,4.9998026952380314e-05,1.3076765537261963,0.00043232235475443304,0.08007118105888367
0,843,844,4.999802331440151e-05,1.3073194026947021,0.00043206432019360363,0.07997630536556244
0,844,845,4.999801603844389e-05,1.3077788352966309,0.00043193335295654833,0.07988165318965912
0,845,846,4.9998012400465086e-05,1.3079099655151367,0.0004316760750953108,0.0797872394323349
0,846,847,4.999800876248628e-05,1.3078044652938843,0.00043143369839526713,0.08028335869312286
0,847,848,4.9998001486528665e-05,1.3077170848846436,0.0004314488614909351,0.08018867671489716
0,848,849,4.999799784854986e-05,1.3075952529907227,0.00043150584679096937,0.08009423315525055
0,849,850,4.999799421057105e-05,1.3073835372924805,0.0004312543023843318,0.07999999821186066
0,850,851,4.9997986934613436e-05,1.307044267654419,0.00043100808397866786,0.07990599423646927
0,851,852,4.999798329663463e-05,1.3069199323654175,0.00043077178997918963,0.07981220632791519
0,852,853,4.999797965865582e-05,1.3068015575408936,0.00043048118823207915,0.07971863448619843
0,853,854,4.9997976020677015e-05,1.3069252967834473,0.0004305459151510149,0.07962529361248016
0,854,855,4.999797238269821e-05,1.3068888187408447,0.00043008645297959447,0.07953216135501862
0,855,856,4.9997965106740594e-05,1.3066699504852295,0.00042998758726753294,0.07943925261497498
0,856,857,4.999796146876179e-05,1.306950330734253,0.00043016450945287943,0.07934655994176865
0,857,858,4.999795419280417e-05,1.307399034500122,0.00043041998287662864,0.07925407588481903
0,858,859,4.999794691684656e-05,1.3074226379394531,0.00043077103327959776,0.07916181534528732
0,859,860,4.999794691684656e-05,1.3074712753295898,0.00043146463576704264,0.07906976342201233
0,860,861,4.999794327886775e-05,1.3071613311767578,0.0004312474047765136,0.07897792756557465
0,861,862,4.999793600291014e-05,1.3074703216552734,0.0004311761003918946,0.07888631522655487
0,862,863,4.999792872695252e-05,1.3075354099273682,0.0004309469659347087,0.0793742761015892
0,863,864,4.999792872695252e-05,1.3074036836624146,0.0004306156188249588,0.0798611044883728
0,864,865,4.999792145099491e-05,1.3070552349090576,0.00043027568608522415,0.07976878434419632
0,865,866,4.99979178130161e-05,1.3068647384643555,0.0004299334832467139,0.07967667281627655
0,866,867,4.9997914175037295e-05,1.3068424463272095,0.0004295947728678584,0.07958477735519409
0,867,868,4.999790689907968e-05,1.3067611455917358,0.0004293161618988961,0.08006912469863892
0,868,869,4.9997899623122066e-05,1.306392788887024,0.000429488776717335,0.07997698336839676
0,869,870,4.999789598514326e-05,1.3062067031860352,0.00042905061854980886,0.07988505810499191
0,870,871,4.999789598514326e-05,1.3058342933654785,0.00042883100104518235,0.07979334145784378
0,871,872,4.9997888709185645e-05,1.305579662322998,0.0004289806238375604,0.07970183342695236
0,872,873,4.999788507120684e-05,1.3053267002105713,0.000428609928349033,0.07961054146289825
0,873,874,4.999788143322803e-05,1.3051273822784424,0.0004282314330339432,0.07951945066452026
0,874,875,4.999787415727042e-05,1.3047478199005127,0.00042807773570530117,0.07942856848239899
0,875,876,4.99978668813128e-05,1.3051642179489136,0.0004286568146198988,0.07933789491653442
0,876,877,4.9997863243333995e-05,1.304988980293274,0.00042874846258200705,0.07924742996692657
0,877,878,4.999785960535519e-05,1.3047363758087158,0.00042852561455219984,0.07915717363357544
0,878,879,4.9997852329397574e-05,1.3046069145202637,0.00042864453280344605,0.07906712591648102
0,879,880,4.999784869141877e-05,1.3045778274536133,0.0004282202571630478,0.07897727191448212
0,880,881,4.999784505343996e-05,1.3048865795135498,0.0004283007583580911,0.07888762652873993
0,881,882,4.999784141546115e-05,1.3048114776611328,0.00042820023372769356,0.07879818975925446
0,882,883,4.999783413950354e-05,1.3046802282333374,0.0004280197899788618,0.0787089467048645
0,883,884,4.999783050152473e-05,1.3045432567596436,0.0004277937114238739,0.07861991226673126
0,884,885,4.9997826863545924e-05,1.3043767213821411,0.00042761722579598427,0.07853107154369354
0,885,886,4.999781958758831e-05,1.303999662399292,0.00042749301064759493,0.07844243943691254
0,886,887,4.99978159496095e-05,1.3039029836654663,0.00042712618596851826,0.07891769707202911
0,887,888,4.9997812311630696e-05,1.3036515712738037,0.0004267469048500061,0.078828826546669
0,888,889,4.999780503567308e-05,1.3037134408950806,0.00042633427074179053,0.0793025866150856
0,889,890,4.999779775971547e-05,1.3037424087524414,0.0004266575269866735,0.07921348512172699
0,890,891,4.999779412173666e-05,1.3034393787384033,0.00042640374158509076,0.0791245847940445
0,891,892,4.9997786845779046e-05,1.3035584688186646,0.00042622373439371586,0.07903587818145752
0,892,893,4.999778320780024e-05,1.303670048713684,0.0004258643602952361,0.07950727641582489
0,893,894,4.999778320780024e-05,1.303513526916504,0.00042582052992656827,0.07941834628582001
0,894,895,4.9997775931842625e-05,1.3032290935516357,0.0004259087727405131,0.07932960987091064
0,895,896,4.999776865588501e-05,1.3033781051635742,0.00042574177496135235,0.0792410671710968
0,896,897,4.9997765017906204e-05,1.3032581806182861,0.0004257911932654679,0.07915273308753967
0,897,898,4.99977613799274e-05,1.3032357692718506,0.00042570012737996876,0.07906459271907806
0,898,899,4.999775774194859e-05,1.3029252290725708,0.00042539709829725325,0.07897663861513138
0,899,900,4.9997750465990975e-05,1.302842617034912,0.0004251178470440209,0.07944444566965103
0,900,901,4.999774682801217e-05,1.302687644958496,0.00042490477790124714,0.07935626804828644
0,901,902,4.9997739552054554e-05,1.3025656938552856,0.0004244887677486986,0.07926829159259796
0,902,903,4.999773227609694e-05,1.3024985790252686,0.000424067082349211,0.07973422110080719
0,903,904,4.999773227609694e-05,1.302685260772705,0.0004244198789820075,0.0796460211277008
0,904,905,4.9997725000139326e-05,1.3027708530426025,0.0004245483432896435,0.07955801486968994
0,905,906,4.999771772418171e-05,1.3031871318817139,0.0004243635921739042,0.08002208173274994
0,906,907,4.9997714086202905e-05,1.3028755187988281,0.00042408599983900785,0.07993385195732117
0,907,908,4.99977104482241e-05,1.3028841018676758,0.00042400421807542443,0.07984581589698792
0,908,909,4.999770681024529e-05,1.3026094436645508,0.0004239169356878847,0.07975797355175018
0,909,910,4.9997699534287676e-05,1.3024682998657227,0.00042365974513813853,0.07967033237218857
0,910,911,4.999769589630887e-05,1.3022421598434448,0.0004233164945617318,0.07958287745714188
0,911,912,4.9997688620351255e-05,1.3020631074905396,0.000423214107286185,0.0794956162571907
0,912,913,4.999768498237245e-05,1.3019870519638062,0.00042302877409383655,0.07940854132175446
0,913,914,4.999768134439364e-05,1.301726222038269,0.00042294978629797697,0.07932166755199432
0,914,915,4.9997677706414834e-05,1.3014826774597168,0.0004225565353408456,0.07923497259616852
0,915,916,4.999767043045722e-05,1.301505446434021,0.0004227164317853749,0.07969432324171066
0,916,917,4.999766679247841e-05,1.3015317916870117,0.00042262475471943617,0.07960741221904755
0,917,918,4.99976595165208e-05,1.3014717102050781,0.0004223280120640993,0.07952070236206055
0,918,919,4.9997652240563184e-05,1.3018434047698975,0.0004221551353111863,0.07943417131900787
0,919,920,4.999764860258438e-05,1.301560878753662,0.0004219265829306096,0.07934782654047012
0,920,921,4.999764496460557e-05,1.3018105030059814,0.0004218709364067763,0.0792616754770279
0,921,922,4.9997637688647956e-05,1.3018736839294434,0.00042220938485115767,0.07917571067810059
0,922,923,4.999763405066915e-05,1.301514983177185,0.00042195330024696887,0.0790899246931076
0,923,924,4.9997626774711534e-05,1.3016834259033203,0.0004219230613671243,0.07900433242321014
0,924,925,4.999762313673273e-05,1.3018372058868408,0.0004217527457512915,0.07891891896724701
0,925,926,4.999761586077511e-05,1.3017994165420532,0.00042146409396082163,0.0788336992263794
0,926,927,4.9997612222796306e-05,1.301952600479126,0.0004219303955323994,0.07874865084886551
0,927,928,4.99976085848175e-05,1.301750898361206,0.00042164360638707876,0.07866379618644714
0,928,929,4.9997601308859885e-05,1.3017487525939941,0.0004215292283333838,0.07857911288738251
0,929,930,4.9997601308859885e-05,1.3015328645706177,0.0004212445637676865,0.07849462330341339
0,930,931,4.999759403290227e-05,1.301641583442688,0.00042079552076756954,0.07894736528396606
0,931,932,4.9997586756944656e-05,1.3016353845596313,0.0004208745085634291,0.07886265963315964
0,932,933,4.999758311896585e-05,1.301525354385376,0.00042085492168553174,0.07877813279628754
0,933,934,4.9997575843008235e-05,1.3012077808380127,0.0004206349258311093,0.07869379222393036
0,934,935,4.999757220502943e-05,1.3008666038513184,0.0004204327706247568,0.07860963046550751
0,935,936,4.999756856705062e-05,1.3005748987197876,0.0004202213021926582,0.07852564752101898
0,936,937,4.9997564929071814e-05,1.3008675575256348,0.00042026565643027425,0.07844183593988419
0,937,938,4.99975576531142e-05,1.3007586002349854,0.0004207504680380225,0.07835821062326431
0,938,939,4.9997550377156585e-05,1.3012595176696777,0.0004207348683848977,0.07827475666999817
0,939,940,4.999754673917778e-05,1.301154613494873,0.0004204953438602388,0.07819148898124695
0,940,941,4.999754310119897e-05,1.3012406826019287,0.0004204188589937985,0.07810840010643005
0,941,942,4.999753582524136e-05,1.3019330501556396,0.0004206859157420695,0.07802547514438629
0,942,943,4.999753218726255e-05,1.3016269207000732,0.00042040462722070515,0.07794273644685745
0,943,944,4.9997524911304936e-05,1.301727533340454,0.0004209811449982226,0.07786016911268234
0,944,945,4.999751763534732e-05,1.3016200065612793,0.0004205739824101329,0.07777777314186096
0,945,946,4.999751763534732e-05,1.3013181686401367,0.00042033917270600796,0.0776955634355545
0,946,947,4.999751035938971e-05,1.3014123439788818,0.0004204374854452908,0.07761351764202118
0,947,948,4.999750308343209e-05,1.301321029663086,0.00042015896178781986,0.07805906981229782
0,948,949,4.9997499445453286e-05,1.3013677597045898,0.0004204040742479265,0.07797682285308838
0,949,950,4.999749216949567e-05,1.3012621402740479,0.00042040625703521073,0.07789473235607147
0,950,951,4.9997488531516865e-05,1.3016115427017212,0.00042030232725664973,0.07781282812356949
0,951,952,4.999748489353806e-05,1.3016579151153564,0.0004201711271889508,0.07825630903244019
0,952,953,4.9997477617580444e-05,1.3017261028289795,0.0004197346861474216,0.07869884371757507
0,953,954,4.999747034162283e-05,1.301500916481018,0.00041989434976130724,0.07861635088920593
0,954,955,4.999746670364402e-05,1.3015403747558594,0.0004199361428618431,0.07853403687477112
0,955,956,4.9997463065665215e-05,1.3015871047973633,0.00041982700349763036,0.07845188677310944
0,956,957,4.99974557897076e-05,1.3014554977416992,0.0004194891080260277,0.07836990803480148
0,957,958,4.9997452151728794e-05,1.3017151355743408,0.00041983387200161815,0.07828810065984726
0,958,959,4.999744487577118e-05,1.3017767667770386,0.0004194075590930879,0.0787278413772583
0,959,960,4.9997437599813566e-05,1.301861047744751,0.000419625430367887,0.07864583283662796
0,960,961,4.999743396183476e-05,1.3018183708190918,0.0004194325301796198,0.07856399565935135
0,961,962,4.999743032385595e-05,1.3016111850738525,0.0004197278758510947,0.07848232984542847
0,962,963,4.999742304789834e-05,1.3018643856048584,0.00041968791629187763,0.07840083539485931
0,963,964,4.999741940991953e-05,1.3019812107086182,0.0004198086680844426,0.0783195048570633
0,964,965,4.9997412133961916e-05,1.3019843101501465,0.0004197700181975961,0.0782383382320404
0,965,966,4.999740849598311e-05,1.3019604682922363,0.0004197939997538924,0.07815735042095184
0,966,967,4.9997401220025495e-05,1.3016107082366943,0.0004197234520688653,0.07807652652263641
0,967,968,4.999739758204669e-05,1.3016886711120605,0.00041979970410466194,0.07799586653709412
0,968,969,4.9997390306089073e-05,1.301438570022583,0.00041967182187363505,0.07791537791490555
0,969,970,4.9997386668110266e-05,1.3011772632598877,0.00041989670717157423,0.07783505320549011
0,970,971,4.999738303013146e-05,1.300981044769287,0.000420483760535717,0.07775489240884781
0,971,972,4.9997375754173845e-05,1.3013578653335571,0.00042038358515128493,0.07767489552497864
0,972,973,4.999736847821623e-05,1.3010048866271973,0.0004201819538138807,0.0775950700044632
0,973,974,4.9997364840237424e-05,1.3009910583496094,0.000420260796090588,0.07751540094614029
0,974,975,4.999735756427981e-05,1.300726056098938,0.0004199721443001181,0.07743589580059052
0,975,976,4.9997353926301e-05,1.3008261919021606,0.0004195480141788721,0.07735656201839447
0,976,977,4.9997350288322195e-05,1.3005770444869995,0.00041926035191863775,0.07727737724781036
0,977,978,4.999734301236458e-05,1.3007279634475708,0.0004201119882054627,0.07719836384057999
0,978,979,4.999733573640697e-05,1.3007956743240356,0.000420024327468127,0.07763023674488068
0,979,980,4.999733209842816e-05,1.3007233142852783,0.0004203947028145194,0.07755102217197418
0,980,981,4.999732846044935e-05,1.3006870746612549,0.0004199784598313272,0.07747197151184082
0,981,982,4.999732118449174e-05,1.300675630569458,0.00042013268102891743,0.0773930698633194
0,982,983,4.999731754651293e-05,1.3010704517364502,0.00042063306318596005,0.0773143470287323
0,983,984,4.999731027055532e-05,1.3010355234146118,0.0004204993601888418,0.07723577320575714
0,984,985,4.99973029945977e-05,1.301067590713501,0.00042010034667328,0.07766497135162354
0,985,986,4.99973029945977e-05,1.3012877702713013,0.0004201996198389679,0.07758620381355286
0,986,987,4.999729571864009e-05,1.301085114479065,0.0004202175769023597,0.07750760018825531
0,987,988,4.9997288442682475e-05,1.3015079498291016,0.00042031562770716846,0.0774291455745697
0,988,989,4.999728480470367e-05,1.3016667366027832,0.0004205015429761261,0.07735085487365723
0,989,990,4.9997277528746054e-05,1.3017714023590088,0.00042035896331071854,0.07727272808551788
0,990,991,4.9997273890767246e-05,1.3021056652069092,0.0004202175186946988,0.07719475030899048
0,991,992,4.999727025278844e-05,1.3023185729980469,0.0004208484897390008,0.0771169364452362
0,992,993,4.9997262976830825e-05,1.3024702072143555,0.00042102072620764375,0.07703927159309387
0,993,994,4.999725570087321e-05,1.302475929260254,0.00042063911678269506,0.07696177065372467
0,994,995,4.9997252062894404e-05,1.3022892475128174,0.00042062991997227073,0.07688441872596741
0,995,996,4.99972484249156e-05,1.3024336099624634,0.00042116810800507665,0.07680723071098328
0,996,997,4.999724114895798e-05,1.3023988008499146,0.00042079968261532485,0.07723169028759003
0,997,998,4.9997237510979176e-05,1.302171230316162,0.00042114173993468285,0.07715430855751038
0,998,999,4.9997226597042754e-05,1.3021314144134521,0.00042136310366913676,0.07707707583904266
0,999,1000,4.999722295906395e-05,1.302039384841919,0.0004209888575132936,0.07700000703334808
0,1000,1001,4.999721932108514e-05,1.3020405769348145,0.0004213240754324943,0.07692307233810425
0,1001,1002,4.9997212045127526e-05,1.3024452924728394,0.00042143440805375576,0.07684630155563354
0,1002,1003,4.999720476916991e-05,1.3024725914001465,0.0004216294619254768,0.07676969468593597
0,1003,1004,4.9997201131191105e-05,1.3022772073745728,0.00042126112384721637,0.07669322937726974
0,1004,1005,4.999719385523349e-05,1.3021007776260376,0.0004209002945572138,0.07661691308021545
0,1005,1006,4.9997186579275876e-05,1.301910638809204,0.000420576601754874,0.0765407532453537
0,1006,1007,4.999718294129707e-05,1.3019282817840576,0.0004213671782054007,0.07646474242210388
0,1007,1008,4.9997175665339455e-05,1.3020093441009521,0.0004209514008834958,0.076884925365448
0,1008,1009,4.999717202736065e-05,1.3019688129425049,0.0004212661297060549,0.07680872082710266
0,1009,1010,4.999716838938184e-05,1.3017191886901855,0.0004209830076433718,0.07673267275094986
0,1010,1011,4.999716111342423e-05,1.3019073009490967,0.000421064265538007,0.076656773686409
0,1011,1012,4.999715383746661e-05,1.3015803098678589,0.0004210482584312558,0.07658103108406067
0,1012,1013,4.9997150199487805e-05,1.3017520904541016,0.00042104331078007817,0.07650543004274368
0,1013,1014,4.999714292353019e-05,1.3015047311782837,0.0004208701429888606,0.07642997801303864
0,1014,1015,4.9997139285551384e-05,1.30173921585083,0.00042083958396688104,0.07635468244552612
0,1015,1016,4.999713564757258e-05,1.301508903503418,0.00042094814125448465,0.07627952098846436
0,1016,1017,4.999712837161496e-05,1.301308035850525,0.00042082552681677043,0.07620452344417572
0,1017,1018,4.999712109565735e-05,1.301520586013794,0.0004208644386380911,0.07612966746091843
0,1018,1019,4.999711745767854e-05,1.301565408706665,0.0004210655752103776,0.07605496048927307
0,1019,1020,4.9997113819699734e-05,1.301379919052124,0.00042096024844795465,0.07598039507865906
0,1020,1021,4.999710654374212e-05,1.3012545108795166,0.0004209330363664776,0.07590597867965698
0,1021,1022,4.9997099267784506e-05,1.3009796142578125,0.000421223696321249,0.07583170384168625
0,1022,1023,4.999709199182689e-05,1.300785779953003,0.00042112282244488597,0.07575757801532745
0,1023,1024,4.9997088353848085e-05,1.3005774021148682,0.00042109758942388,0.07568359375
0,1024,1025,4.999708107789047e-05,1.3004460334777832,0.00042153202230110765,0.07560975849628448
0,1025,1026,4.9997073801932856e-05,1.3006558418273926,0.00042196124559268355,0.07553605735301971
0,1026,1027,4.999707016395405e-05,1.3005995750427246,0.00042239093454554677,0.07546251267194748
0,1027,1028,4.9997062887996435e-05,1.3004417419433594,0.00042240216862410307,0.07538910210132599
0,1028,1029,4.999705925001763e-05,1.3007932901382446,0.0004234774096403271,0.07531584054231644
0,1029,1030,4.999705561203882e-05,1.3007649183273315,0.0004234978696331382,0.07524271309375763
0,1030,1031,4.999704833608121e-05,1.3011902570724487,0.00042415084317326546,0.07516974210739136
0,1031,1032,4.999704106012359e-05,1.3013854026794434,0.0004241824790369719,0.07509690523147583
0,1032,1033,4.9997037422144786e-05,1.3014700412750244,0.0004237749963067472,0.0755082294344902
0,1033,1034,4.999703378416598e-05,1.3012357950210571,0.00042366626439616084,0.07543520629405975
0,1034,1035,4.9997026508208364e-05,1.3011844158172607,0.0004236110835336149,0.07536232471466064
0,1035,1036,4.999702287022956e-05,1.3010302782058716,0.00042330456199124455,0.07528957724571228
0,1036,1037,4.9997011956293136e-05,1.3014814853668213,0.00042375712655484676,0.07521697133779526
0,1037,1038,4.999700831831433e-05,1.301287293434143,0.0004241796850692481,0.07514451444149017
0,1038,1039,4.999700468033552e-05,1.3010917901992798,0.0004244766023475677,0.07507218420505524
0,1039,1040,4.99969937663991e-05,1.3010194301605225,0.0004243153380230069,0.07548077404499054
0,1040,1041,4.999699012842029e-05,1.301121473312378,0.00042489072075113654,0.07540826499462128
0,1041,1042,4.999698285246268e-05,1.301011562347412,0.00042453405330888927,0.07533589005470276
0,1042,1043,4.999697921448387e-05,1.30071222782135,0.00042462663259357214,0.07526366412639618
0,1043,1044,4.9996975576505065e-05,1.3006644248962402,0.0004242793656885624,0.07519157230854034
0,1044,1045,4.999696830054745e-05,1.300437331199646,0.0004242174618411809,0.07511961460113525
0,1045,1046,4.9996961024589837e-05,1.300302267074585,0.00042459811083972454,0.0750478059053421
0,1046,1047,4.999695738661103e-05,1.3005911111831665,0.00042483070865273476,0.0749761164188385
0,1047,1048,4.999695374863222e-05,1.3005642890930176,0.00042551971273496747,0.07490457594394684
0,1048,1049,4.99969428346958e-05,1.3003313541412354,0.00042552093509584665,0.07483316957950592
0,1049,1050,4.9996939196716994e-05,1.3001255989074707,0.0004254739615134895,0.07476190477609634
0,1050,1051,4.999693192075938e-05,1.3001941442489624,0.0004254373488947749,0.07469077408313751
0,1051,1052,4.9996924644801766e-05,1.2999615669250488,0.0004254165105521679,0.07461977005004883
0,1052,1053,4.999692100682296e-05,1.2999353408813477,0.0004250535275787115,0.07454890757799149
0,1053,1054,4.9996913730865344e-05,1.2997074127197266,0.0004253569059073925,0.07447817921638489
0,1054,1055,4.999690645490773e-05,1.2995860576629639,0.00042515085078775883,0.07440757751464844
0,1055,1056,4.999690281692892e-05,1.2995259761810303,0.00042561854934319854,0.07433712482452393
0,1056,1057,4.9996899178950116e-05,1.2993183135986328,0.0004254127270542085,0.07426679134368896
0,1057,1058,4.99968919029925e-05,1.2993943691253662,0.0004258410190232098,0.07419659197330475
0,1058,1059,4.9996888265013695e-05,1.2993464469909668,0.000426021171733737,0.07412653416395187
0,1059,1060,4.9996877351077273e-05,1.299133539199829,0.00042583263712003827,0.07405660301446915
0,1060,1061,4.9996873713098466e-05,1.2989037036895752,0.0004257134278304875,0.07398680597543716
0,1061,1062,4.999687007511966e-05,1.29864501953125,0.0004258439294062555,0.07391713559627533
0,1062,1063,4.999685916118324e-05,1.298537015914917,0.00042597675928846,0.07384759932756424
0,1063,1064,4.999685552320443e-05,1.2982124090194702,0.00042608127114363015,0.0737781971693039
0,1064,1065,4.999684824724682e-05,1.298356533050537,0.00042621095781214535,0.0737089216709137
0,1065,1066,4.999684460926801e-05,1.298424482345581,0.000426427461206913,0.07363977283239365
0,1066,1067,4.99968409712892e-05,1.2982430458068848,0.0004263305163476616,0.07357075810432434
0,1067,1068,4.999683369533159e-05,1.2981619834899902,0.0004269393684808165,0.07350187003612518
0,1068,1069,4.9996826419373974e-05,1.2983005046844482,0.0004274196980986744,0.07343311607837677
0,1069,1070,4.999682278139517e-05,1.2983461618423462,0.00042830745223909616,0.07336448132991791
0,1070,1071,4.999681550543755e-05,1.2980613708496094,0.0004286305629648268,0.07329598814249039
0,1071,1072,4.999680822947994e-05,1.2981728315353394,0.00042941205902025104,0.07322761416435242
0,1072,1073,4.9996800953522325e-05,1.2979003190994263,0.00042921327985823154,0.0731593668460846
0,1073,1074,4.999679367756471e-05,1.2979342937469482,0.000429512292612344,0.07309125363826752
0,1074,1075,4.999679367756471e-05,1.2976818084716797,0.00042956662946380675,0.07302325963973999
0,1075,1076,4.9996786401607096e-05,1.2975645065307617,0.00042967780609615147,0.07295539230108261
0,1076,1077,4.999677912564948e-05,1.2973785400390625,0.00042935990495607257,0.07288764417171478
0,1077,1078,4.9996775487670675e-05,1.297224760055542,0.000429373059887439,0.0728200376033783
0,1078,1079,4.999676821171306e-05,1.2971484661102295,0.0004295718390494585,0.07275255024433136
0,1079,1080,4.9996760935755447e-05,1.2972033023834229,0.0004301323206163943,0.07268518209457397
0,1080,1081,4.999675365979783e-05,1.2970445156097412,0.00042999695870094,0.07261794805526733
0,1081,1082,4.999674638384022e-05,1.2968298196792603,0.00042984518222510815,0.07255083322525024
0,1082,1083,4.999674274586141e-05,1.2966911792755127,0.0004302741144783795,0.0724838376045227
0,1083,1084,4.9996739107882604e-05,1.2966340780258179,0.0004302139859646559,0.07241697609424591
0,1084,1085,4.999673183192499e-05,1.296363353729248,0.0004301120643503964,0.07235023379325867
0,1085,1086,4.999672819394618e-05,1.2962321043014526,0.0004298476269468665,0.07228361070156097
0,1086,1087,4.999671728000976e-05,1.2962450981140137,0.00043038412695750594,0.07221711426973343
0,1087,1088,4.9996713642030954e-05,1.296271800994873,0.00043049833038821816,0.07215073704719543
0,1088,1089,4.999670636607334e-05,1.2959495782852173,0.00043057528091594577,0.07208448648452759
0,1089,1090,4.9996699090115726e-05,1.295897126197815,0.00043045281199738383,0.0724770650267601
0,1090,1091,4.999669545213692e-05,1.2956185340881348,0.00043118855683133006,0.07241062819957733
0,1091,1092,4.9996688176179305e-05,1.2956461906433105,0.0004312747623771429,0.0723443254828453
0,1092,1093,4.99966845382005e-05,1.295710802078247,0.00043203996028751135,0.07227812707424164
0,1093,1094,4.9996677262242883e-05,1.2956479787826538,0.0004316900740377605,0.07221206277608871
0,1094,1095,4.999666998628527e-05,1.2954487800598145,0.000431822263635695,0.07214611768722534
0,1095,1096,4.9996662710327655e-05,1.2952533960342407,0.0004315496771596372,0.07208029180765152
0,1096,1097,4.999665907234885e-05,1.295461654663086,0.0004320484003983438,0.07201458513736725
0,1097,1098,4.9996651796391234e-05,1.2955982685089111,0.0004316740087233484,0.07240436971187592
0,1098,1099,4.999664452043362e-05,1.2954306602478027,0.00043199380161240697,0.07233849167823792
0,1099,1100,4.999664088245481e-05,1.295324444770813,0.0004318331484682858,0.07227272540330887
0,1100,1101,4.99966336064972e-05,1.2954061031341553,0.0004315864061936736,0.07266122102737427
0,1101,1102,4.9996626330539584e-05,1.2952324151992798,0.0004316330887377262,0.07259528338909149
0,1102,1103,4.999662269256078e-05,1.2951996326446533,0.0004315620753914118,0.0729827731847763
0,1103,1104,4.9996611778624356e-05,1.295215368270874,0.000431713939178735,0.0729166716337204
0,1104,1105,4.999660814064555e-05,1.2951605319976807,0.00043141323840245605,0.07285068184137344
0,1105,1106,4.999660450266674e-05,1.2951481342315674,0.0004312722594477236,0.07278481125831604
0,1106,1107,4.999659722670913e-05,1.2953743934631348,0.0004317215643823147,0.07271905988454819
0,1107,1108,4.999659358873032e-05,1.2953150272369385,0.0004319300642237067,0.07265342772006989
0,1108,1109,4.99965826747939e-05,1.2950177192687988,0.0004321251471992582,0.07258791476488113
0,1109,1110,4.999657903681509e-05,1.2948381900787354,0.0004318369901739061,0.07252252101898193
0,1110,1111,4.999657176085748e-05,1.2950119972229004,0.0004321710439398885,0.07245724648237228
0,1111,1112,4.9996564484899864e-05,1.2950782775878906,0.00043251519673503935,0.07239209115505219
0,1112,1113,4.9996560846921057e-05,1.2948706150054932,0.0004332413082011044,0.07232704758644104
0,1113,1114,4.999655357096344e-05,1.2946999073028564,0.0004329878429416567,0.07226212322711945
0,1114,1115,4.9996549932984635e-05,1.2948205471038818,0.0004330441006459296,0.0721973106265068
0,1115,1116,4.999654265702702e-05,1.295090675354004,0.00043313155765645206,0.07213261723518372
0,1116,1117,4.999653538106941e-05,1.2948877811431885,0.00043299669050611556,0.07206803560256958
0,1117,1118,4.999652810511179e-05,1.2947423458099365,0.00043315422954037786,0.072003573179245
0,1118,1119,4.9996524467132986e-05,1.294853687286377,0.00043315780931152403,0.07193922996520996
0,1119,1120,4.999651719117537e-05,1.2947219610214233,0.00043352865031920373,0.07187499850988388
0,1120,1121,4.9996513553196564e-05,1.2946887016296387,0.00043351721251383424,0.07181088626384735
0,1121,1122,4.999650263926014e-05,1.2946914434432983,0.00043321872362867,0.07219251990318298
0,1122,1123,4.9996499001281336e-05,1.2946081161499023,0.000433446402894333,0.07212822884321213
0,1123,1124,4.999649172532372e-05,1.2945294380187988,0.0004341052263043821,0.07206405699253082
0,1124,1125,4.999648444936611e-05,1.2942990064620972,0.00043443276081234217,0.07199999690055847
0,1125,1126,4.99964808113873e-05,1.2943062782287598,0.0004348616930656135,0.07193605601787567
0,1126,1127,4.9996473535429686e-05,1.2944508790969849,0.0004357201396487653,0.07187222689390182
0,1127,1128,4.999646625947207e-05,1.2945342063903809,0.0004355799173936248,0.07180851697921753
0,1128,1129,4.9996462621493265e-05,1.2946445941925049,0.00043597049079835415,0.071744903922081
0,1129,1130,4.9996451707556844e-05,1.2945215702056885,0.0004360890598036349,0.07168141007423401
0,1130,1131,4.999644806957804e-05,1.294309139251709,0.0004361069295555353,0.07161803543567657
0,1131,1132,4.999644443159923e-05,1.2943484783172607,0.0004364955238997936,0.0715547725558281
0,1132,1133,4.9996437155641615e-05,1.2941975593566895,0.0004363726475276053,0.07149161398410797
0,1133,1134,4.9996429879684e-05,1.294318675994873,0.0004362532636150718,0.0714285671710968
0,1134,1135,4.999642260372639e-05,1.2943572998046875,0.0004361388855613768,0.07136563956737518
0,1135,1136,4.999641532776877e-05,1.2941675186157227,0.0004361915052868426,0.07130281627178192
0,1136,1137,4.9996411689789966e-05,1.2941105365753174,0.00043815671233460307,0.07124010473489761
0,1137,1138,4.999640441383235e-05,1.2941265106201172,0.0004385254578664899,0.07117750495672226
0,1138,1139,4.999639713787474e-05,1.2941198348999023,0.000438738614320755,0.07111501693725586
0,1139,1140,4.999639349989593e-05,1.2942001819610596,0.000438862742157653,0.07105263322591782
0,1140,1141,4.999638258595951e-05,1.2941412925720215,0.0004389417008496821,0.07099035382270813
0,1141,1142,4.99963789479807e-05,1.2939209938049316,0.00043870037188753486,0.07092820107936859
0,1142,1143,4.999637167202309e-05,1.293764591217041,0.00043877563439309597,0.07086613774299622
0,1143,1144,4.9996364396065474e-05,1.2937983274459839,0.00043888093205168843,0.07124125957489014
0,1144,1145,4.9996364396065474e-05,1.293627381324768,0.00043891597306355834,0.07117903977632523
0,1145,1146,4.999635348212905e-05,1.2937166690826416,0.0004392770351842046,0.07111692428588867
0,1146,1147,4.999634620617144e-05,1.2936196327209473,0.0004389630921650678,0.07105492800474167
0,1147,1148,4.9996338930213824e-05,1.2934150695800781,0.0004390051180962473,0.07099303603172302
0,1148,1149,4.999633529223502e-05,1.293264389038086,0.00043928943341597915,0.07093124091625214
0,1149,1150,4.999633165425621e-05,1.2929586172103882,0.00043948082020506263,0.0708695650100708
0,1150,1151,4.999632074031979e-05,1.2929587364196777,0.0004402525082696229,0.07080799341201782
0,1151,1152,4.9996313464362174e-05,1.2926812171936035,0.000440689706010744,0.0707465261220932
0,1152,1153,4.999630982638337e-05,1.2926218509674072,0.0004406023072078824,0.07068517059087753
0,1153,1154,4.999630255042575e-05,1.2924708127975464,0.00044047250412404537,0.07062391936779022
0,1154,1155,4.9996298912446946e-05,1.2923023700714111,0.0004402068443596363,0.07056277245283127
0,1155,1156,4.9996287998510525e-05,1.2924652099609375,0.00044066307600587606,0.07050172984600067
0,1156,1157,4.999628072255291e-05,1.2926557064056396,0.00044063455425202847,0.07044079899787903
0,1157,1158,4.99962770845741e-05,1.2925353050231934,0.00044123546103946865,0.07037996500730515
0,1158,1159,4.999626980861649e-05,1.2926228046417236,0.0004413159331306815,0.07031924277544022
0,1159,1160,4.999626617063768e-05,1.292427897453308,0.0004423093341756612,0.07025861740112305
0,1160,1161,4.999625889468007e-05,1.292905569076538,0.0004427603562362492,0.07019810378551483
0,1161,1162,4.999624798074365e-05,1.292747139930725,0.00044261792208999395,0.07013769447803497
0,1162,1163,4.999624434276484e-05,1.2924820184707642,0.00044275991967879236,0.07007738947868347
0,1163,1164,4.9996237066807225e-05,1.2924294471740723,0.0004424625658430159,0.07001718133687973
0,1164,1165,4.999623342882842e-05,1.2923455238342285,0.0004421413759700954,0.06995707750320435
0,1165,1166,4.9996226152870804e-05,1.292130708694458,0.0004420520272105932,0.06989708542823792
0,1166,1167,4.999621523893438e-05,1.2921674251556396,0.0004427094245329499,0.06983719021081924
0,1167,1168,4.9996211600955576e-05,1.2923001050949097,0.0004435265436768532,0.06977739930152893
0,1168,1169,4.999620432499796e-05,1.2921478748321533,0.0004435255832504481,0.06971770524978638
0,1169,1170,4.9996200687019154e-05,1.292000412940979,0.0004432236892171204,0.06965812295675278
0,1170,1171,4.999619341106154e-05,1.2924377918243408,0.0004437215393409133,0.06959863007068634
0,1171,1172,4.999618249712512e-05,1.292471170425415,0.00044391537085175514,0.06953924894332886
0,1172,1173,4.999617885914631e-05,1.2923367023468018,0.0004436009330675006,0.06947996467351913
0,1173,1174,4.9996175221167505e-05,1.2924668788909912,0.0004438459291122854,0.06942078471183777
0,1174,1175,4.999616794520989e-05,1.2924401760101318,0.00044464008533395827,0.06936170160770416
0,1175,1176,4.9996160669252276e-05,1.2922046184539795,0.0004448097897693515,0.06930272281169891
0,1176,1177,4.9996149755315855e-05,1.291961908340454,0.00044466019608080387,0.06924384087324142
0,1177,1178,4.9996149755315855e-05,1.2917556762695312,0.00044441322097554803,0.06918506324291229
0,1178,1179,4.999614247935824e-05,1.2919845581054688,0.0004447943647392094,0.06912637501955032
0,1179,1180,4.999613156542182e-05,1.2921411991119385,0.00044509262079373,0.06906779855489731
0,1180,1181,4.9996124289464206e-05,1.2922184467315674,0.00044539570808410645,0.06900931894779205
0,1181,1182,4.99961206514854e-05,1.2920887470245361,0.00044577900553122163,0.06895092874765396
0,1182,1183,4.999611701350659e-05,1.2920305728912354,0.0004454695153981447,0.06889264285564423
0,1183,1184,4.999610973754898e-05,1.2921255826950073,0.00044562487164512277,0.06883446127176285
0,1184,1185,4.9996098823612556e-05,1.2925148010253906,0.0004461264470592141,0.06877636909484863
0,1185,1186,4.999609518563375e-05,1.2926478385925293,0.0004466752870939672,0.06871838122606277
0,1186,1187,4.9996087909676135e-05,1.2923741340637207,0.00044669536873698235,0.06866049021482468
0,1187,1188,4.999608427169733e-05,1.2924221754074097,0.0004472483415156603,0.06860269606113434
0,1188,1189,4.9996073357760906e-05,1.2925597429275513,0.00044796880683861673,0.06854499876499176
0,1189,1190,4.999606608180329e-05,1.29254150390625,0.00044884998351335526,0.06848739832639694
0,1190,1191,4.9996062443824485e-05,1.2925537824630737,0.0004494033637456596,0.06842988729476929
0,1191,1192,4.999605516786687e-05,1.2923989295959473,0.0004497025511227548,0.06837248802185059
0,1192,1193,4.9996047891909257e-05,1.2921535968780518,0.0004496773181017488,0.06831517070531845
0,1193,1194,4.999604061595164e-05,1.2921748161315918,0.00045024725841358304,0.06825795769691467
0,1194,1195,4.999603333999403e-05,1.2921053171157837,0.00044992967741563916,0.06820083409547806
0,1195,1196,4.999602970201522e-05,1.2919819355010986,0.00045058352407068014,0.0681438148021698
0,1196,1197,4.99960187880788e-05,1.2917218208312988,0.0004512412124313414,0.0680868849158287
0,1197,1198,4.999601515009999e-05,1.2916443347930908,0.00045091996435076,0.06803005188703537
0,1198,1199,4.999600787414238e-05,1.291536569595337,0.0004514266038313508,0.0679733157157898
0,1199,1200,4.9996000598184764e-05,1.2916767597198486,0.0004516639746725559,0.06791666895151138
0,1200,1201,4.999599696020596e-05,1.2914601564407349,0.00045150413643568754,0.06786011904478073
0,1201,1202,4.999598968424834e-05,1.291379451751709,0.00045194258564151824,0.06780365854501724
0,1202,1203,4.999598240829073e-05,1.2913936376571655,0.0004537748754955828,0.06774729490280151
0,1203,1204,4.9995975132333115e-05,1.291102409362793,0.000453856133390218,0.06769102811813354
0,1204,1205,4.99959678563755e-05,1.290992259979248,0.0004535497282631695,0.06763485819101334
0,1205,1206,4.9995964218396693e-05,1.2911052703857422,0.000454736320534721,0.0675787702202797
0,1206,1207,4.999595330446027e-05,1.2910076379776,0.00045493373181670904,0.06752277910709381
0,1207,1208,4.9995949666481465e-05,1.2909741401672363,0.00045520614366978407,0.06746688485145569
0,1208,1209,4.999594239052385e-05,1.290796160697937,0.00045566505286842585,0.06741108745336533
0,1209,1210,4.999593511456624e-05,1.2906088829040527,0.0004563340335153043,0.06735537201166153
0,1210,1211,4.999592783860862e-05,1.2903342247009277,0.0004565589188132435,0.0672997534275055
0,1211,1212,4.999592056265101e-05,1.2902640104293823,0.000456923502497375,0.06724422425031662
0,1212,1213,4.99959169246722e-05,1.2900513410568237,0.0004570379387587309,0.06718878448009491
0,1213,1214,4.999590964871459e-05,1.289910078048706,0.0004572243778966367,0.06713344156742096
0,1214,1215,4.999590237275697e-05,1.2896392345428467,0.00045719550689682364,0.06707818806171417
0,1215,1216,4.999589509679936e-05,1.2896479368209839,0.0004585155693348497,0.06702302396297455
0,1216,1217,4.9995887820841745e-05,1.2893903255462646,0.00045859639067202806,0.06696794927120209
0,1217,1218,4.999588054488413e-05,1.2893931865692139,0.00045893131755292416,0.06691297143697739
0,1218,1219,4.9995873268926516e-05,1.289179801940918,0.0004591502947732806,0.06685808300971985
0,1219,1220,4.999586963094771e-05,1.289102554321289,0.00045994334504939616,0.06680327653884888
0,1220,1221,4.999585871701129e-05,1.2892553806304932,0.00046093459241092205,0.06674856692552567
0,1221,1222,4.9995851441053674e-05,1.289215087890625,0.0004615914076566696,0.06669394671916962
0,1222,1223,4.9995847803074867e-05,1.2895560264587402,0.0004622893175110221,0.06663940846920013
0,1223,1224,4.999584052711725e-05,1.2893285751342773,0.0004635575751308352,0.06658496707677841
0,1224,1225,4.999583325115964e-05,1.2890779972076416,0.00046362655120901763,0.06653061509132385
0,1225,1226,4.9995825975202024e-05,1.2889865636825562,0.0004647824680432677,0.06647634506225586
0,1226,1227,4.999581869924441e-05,1.2888169288635254,0.00046717916848137975,0.06642216444015503
0,1227,1228,4.99958150612656e-05,1.2887866497039795,0.00046775935334153473,0.06636808067560196
0,1228,1229,4.999580414732918e-05,1.2888249158859253,0.0004684032464865595,0.06631407141685486
0,1229,1230,4.9995800509350374e-05,1.2889350652694702,0.0004693003138527274,0.06626015901565552
0,1230,1231,4.999579323339276e-05,1.288980484008789,0.00047135670320130885,0.06620633602142334
0,1231,1232,4.9995785957435146e-05,1.288996934890747,0.0004718830459751189,0.06615259498357773
0,1232,1233,4.9995775043498725e-05,1.2889338731765747,0.00047503021778538823,0.06609894335269928
0,1233,1234,4.999577140551992e-05,1.2887654304504395,0.0004755526315420866,0.066045381128788
0,1234,1235,4.999576776754111e-05,1.2886581420898438,0.00047642324352636933,0.06599190086126328
0,1235,1236,4.999575685360469e-05,1.288569450378418,0.00047768763033673167,0.06593851000070572
0,1236,1237,4.9995749577647075e-05,1.2886064052581787,0.00047891808208078146,0.06588520109653473
0,1237,1238,4.999574593966827e-05,1.2884783744812012,0.0004796733846887946,0.0658319890499115
0,1238,1239,4.9995738663710654e-05,1.288536787033081,0.0004816461296286434,0.06577885150909424
0,1239,1240,4.999573138775304e-05,1.288411021232605,0.0004835221916437149,0.06572580337524414
0,1240,1241,4.999572047381662e-05,1.2883565425872803,0.0004847504897043109,0.0656728446483612
0,1241,1242,4.999572047381662e-05,1.2882412672042847,0.000484790769405663,0.06561996787786484
0,1242,1243,4.99957095598802e-05,1.2880085706710815,0.00048513116780668497,0.06556718051433563
0,1243,1244,4.999570228392258e-05,1.2877614498138428,0.00048560407594777644,0.0655144676566124
0,1244,1245,4.999569500796497e-05,1.2876231670379639,0.00048591982340440154,0.06546184420585632
0,1245,1246,4.999569136998616e-05,1.2875075340270996,0.00048659939784556627,0.06540931016206741
0,1246,1247,4.999568409402855e-05,1.287419080734253,0.00048721765051595867,0.06535685807466507
0,1247,1248,4.9995673180092126e-05,1.2873506546020508,0.0004872343852184713,0.06530448794364929
0,1248,1249,4.999566954211332e-05,1.2872484922409058,0.0004885351518169045,0.06525219976902008
0,1249,1250,4.9995662266155705e-05,1.2872084379196167,0.0004887267132289708,0.06520000100135803
0,1250,1251,4.999565499019809e-05,1.2870197296142578,0.0004889576230198145,0.06514788419008255
0,1251,1252,4.9995647714240476e-05,1.286813497543335,0.000489664264023304,0.06509584933519363
0,1252,1253,4.999564043828286e-05,1.28666090965271,0.000490723003167659,0.06504389643669128
0,1253,1254,4.999563316232525e-05,1.2866162061691284,0.000490454665850848,0.0649920254945755
0,1254,1255,4.9995625886367634e-05,1.2864854335784912,0.0004906772519461811,0.06494023650884628
0,1255,1256,4.999562224838883e-05,1.2866042852401733,0.000491539656650275,0.06488853693008423
0,1256,1257,4.999561497243121e-05,1.2867116928100586,0.000491172366309911,0.06523468345403671
0,1257,1258,4.999560405849479e-05,1.286569595336914,0.0004914171295240521,0.06518283486366272
0,1258,1259,4.9995600420515984e-05,1.2864413261413574,0.0004911161959171295,0.0651310533285141
0,1259,1260,4.999558950657956e-05,1.2865345478057861,0.0004912945441901684,0.06507936865091324
0,1260,1261,4.9995585868600756e-05,1.286413311958313,0.0004922547377645969,0.06502775847911835
0,1261,1262,4.999557859264314e-05,1.2863116264343262,0.0004919295315630734,0.06497623026371002
0,1262,1263,4.999557131668553e-05,1.286563754081726,0.0004927703412249684,0.06492478400468826
0,1263,1264,4.9995560402749106e-05,1.286695957183838,0.0004932451411150396,0.06487341970205307
0,1264,1265,4.99955567647703e-05,1.2865756750106812,0.0004933109739795327,0.06482213735580444
0,1265,1266,4.999555312679149e-05,1.28652024269104,0.0004931600415147841,0.06477093696594238
0,1266,1267,4.9995538574876264e-05,1.286454677581787,0.0004938479396514595,0.06471981108188629
0,1267,1268,4.999553493689746e-05,1.2862539291381836,0.0004953737370669842,0.06466877460479736
0,1268,1269,4.999553129891865e-05,1.2864277362823486,0.0004960373626090586,0.0646178126335144
0,1269,1270,4.9995524022961035e-05,1.2865843772888184,0.0004966496489942074,0.06456693261861801
0,1270,1271,4.9995513109024614e-05,1.286509394645691,0.0004963185638189316,0.06451612710952759
0,1271,1272,4.9995505833067e-05,1.2865281105041504,0.0004959885263815522,0.06446540355682373
0,1272,1273,4.999550219508819e-05,1.2865618467330933,0.0004991047899238765,0.06441476941108704
0,1273,1274,4.999549128115177e-05,1.286506175994873,0.0004996060742996633,0.06436420977115631
0,1274,1275,4.9995487643172964e-05,1.2865500450134277,0.0004998260410502553,0.06431372463703156
0,1275,1276,4.999548036721535e-05,1.2864315509796143,0.0005004432750865817,0.06426332145929337
0,1276,1277,4.9995473091257736e-05,1.2863889932632446,0.0005006804713048041,0.06421300023794174
0,1277,1278,4.999546581530012e-05,1.2861535549163818,0.0005009918240830302,0.06416275352239609
0,1278,1279,4.999545853934251e-05,1.2861104011535645,0.0005006567807868123,0.064112588763237
0,1279,1280,4.9995451263384894e-05,1.286148190498352,0.0005008711596019566,0.06406250596046448
0,1280,1281,4.999544398742728e-05,1.2861237525939941,0.0005005313432775438,0.06401249021291733
0,1281,1282,4.9995436711469665e-05,1.2859904766082764,0.000500752474181354,0.06396255642175674
0,1282,1283,4.9995425797533244e-05,1.28596830368042,0.0005010510212741792,0.06391270458698273
0,1283,1284,4.9995425797533244e-05,1.2860469818115234,0.0005018270458094776,0.0642523393034935
0,1284,1285,4.999541488359682e-05,1.286067247390747,0.0005022046971134841,0.06420233845710754
0,1285,1286,4.999540760763921e-05,1.2859349250793457,0.0005024748388677835,0.06415241211652756
0,1286,1287,4.9995400331681594e-05,1.2857784032821655,0.0005029628518968821,0.06410256028175354
0,1287,1288,4.999539305572398e-05,1.2856624126434326,0.0005030386382713914,0.06405279040336609
0,1288,1289,4.9995385779766366e-05,1.2855098247528076,0.0005029935855418444,0.0640031024813652
0,1289,1290,4.999537850380875e-05,1.285595178604126,0.0005036818329244852,0.06395348906517029
0,1290,1291,4.9995374865829945e-05,1.2855693101882935,0.000504686264321208,0.06390395015478134
0,1291,1292,4.999536395189352e-05,1.2858822345733643,0.0005052776541560888,0.06385448575019836
0,1292,1293,4.9995360313914716e-05,1.2862188816070557,0.0005053842323832214,0.0641918033361435
0,1293,1294,4.9995349399978295e-05,1.2861679792404175,0.0005052969790995121,0.06414219737052917
0,1294,1295,4.999534212402068e-05,1.2859187126159668,0.0005053671193309128,0.06409266591072083
0,1295,1296,4.9995338486041874e-05,1.285714864730835,0.0005055345827713609,0.06404320895671844
0,1296,1297,4.999532757210545e-05,1.2858240604400635,0.0005067646270617843,0.06399383395910263
0,1297,1298,4.999532029614784e-05,1.2856308221817017,0.0005065694567747414,0.06394453346729279
0,1298,1299,4.999531665816903e-05,1.2854924201965332,0.0005082580028101802,0.06389530748128891
0,1299,1300,4.999530938221142e-05,1.285341739654541,0.0005079782567918301,0.063846156001091
0,1300,1301,4.9995298468274996e-05,1.2852314710617065,0.0005089063197374344,0.06379707902669907
0,1301,1302,4.999529119231738e-05,1.2850910425186157,0.000508900557179004,0.0637480765581131
0,1302,1303,4.9995287554338574e-05,1.2851811647415161,0.0005098460242152214,0.0636991560459137
0,1303,1304,4.999527664040215e-05,1.2849830389022827,0.0005103545263409615,0.06365031003952026
0,1304,1305,4.9995273002423346e-05,1.2849721908569336,0.0005108377081342041,0.0636015310883522
0,1305,1306,4.999526572646573e-05,1.2849242687225342,0.0005113965016789734,0.06355283409357071
0,1306,1307,4.999525845050812e-05,1.284898281097412,0.0005118404515087605,0.06350421160459518
0,1307,1308,4.9995251174550503e-05,1.2847005128860474,0.0005117969121783972,0.06345565617084503
0,1308,1309,4.999524389859289e-05,1.2844444513320923,0.00051212398102507,0.06340718269348145
0,1309,1310,4.9995236622635275e-05,1.28440523147583,0.0005124612944200635,0.06335878372192383
0,1310,1311,4.999522934667766e-05,1.284265160560608,0.000512619037181139,0.06331045180559158
0,1311,1312,4.999521843274124e-05,1.2840906381607056,0.0005126265459693968,0.06326219439506531
0,1312,1313,4.9995211156783625e-05,1.2839734554290771,0.0005124752642586827,0.063214011490345
0,1313,1314,4.999520751880482e-05,1.2841660976409912,0.0005133002996444702,0.06316590309143066
0,1314,1315,4.99951966048684e-05,1.2842564582824707,0.0005138025153428316,0.0631178766489029
0,1315,1316,4.999519296688959e-05,1.2842131853103638,0.0005140468711033463,0.0630699098110199
0,1316,1317,4.9995185690931976e-05,1.284166932106018,0.0005148648051545024,0.06302201747894287
0,1317,1318,4.999517841497436e-05,1.2839072942733765,0.0005151858786121011,0.06297419965267181
0,1318,1319,4.999517113901675e-05,1.284108281135559,0.0005161049775779247,0.06292645633220673
0,1319,1320,4.9995160225080326e-05,1.2840499877929688,0.000516636879183352,0.06287878751754761
0,1320,1321,4.999515658710152e-05,1.284045934677124,0.0005186692578718066,0.06283118575811386
0,1321,1322,4.9995149311143905e-05,1.2842351198196411,0.0005209565861150622,0.06278365850448608
0,1322,1323,4.9995138397207484e-05,1.2845749855041504,0.0005220138700678945,0.06273620575666428
0,1323,1324,4.999513112124987e-05,1.2847591638565063,0.0005226647481322289,0.06306646764278412
0,1324,1325,4.999512748327106e-05,1.2848306894302368,0.0005230141687206924,0.06301887333393097
0,1325,1326,4.999511656933464e-05,1.284822940826416,0.0005226548528298736,0.06297134608030319
0,1326,1327,4.9995112931355834e-05,1.284658432006836,0.0005227462388575077,0.06292388588190079
0,1327,1328,4.999510565539822e-05,1.2844476699829102,0.0005230336682870984,0.06287650763988495
0,1328,1329,4.99950947414618e-05,1.284305214881897,0.0005232478142715991,0.06282919645309448
0,1329,1330,4.999509110348299e-05,1.2844041585922241,0.0005237871664576232,0.06278195977210999
0,1330,1331,4.999508018954657e-05,1.2845885753631592,0.0005252152914181352,0.06273478269577026
0,1331,1332,4.999507655156776e-05,1.2845237255096436,0.0005277626332826912,0.06268768757581711
0,1332,1333,4.999506563763134e-05,1.2844922542572021,0.0005283075151965022,0.06264065951108932
0,1333,1334,4.999505836167373e-05,1.2845008373260498,0.0005289410473778844,0.06259369850158691
0,1334,1335,4.9995051085716113e-05,1.284402847290039,0.0005296183517202735,0.06254681944847107
0,1335,1336,4.99950438097585e-05,1.2842004299163818,0.000530105666257441,0.0625
0,1336,1337,4.9995036533800885e-05,1.2840442657470703,0.0005298882024362683,0.0624532550573349
0,1337,1338,4.999502925784327e-05,1.2838761806488037,0.0005352346925064921,0.06240657716989517
0,1338,1339,4.999502198188566e-05,1.2837581634521484,0.0005353927845135331,0.06235996633768082
0,1339,1340,4.999501470592804e-05,1.2838859558105469,0.000537320738658309,0.06231343001127243
0,1340,1341,4.999500742997043e-05,1.2837326526641846,0.0005379790673032403,0.06226696819067001
0,1341,1342,4.999499651603401e-05,1.2837491035461426,0.0005386032862588763,0.06222056597471237
0,1342,1343,4.999499651603401e-05,1.2838094234466553,0.0005418903892859817,0.0621742382645607
0,1343,1344,4.999498196411878e-05,1.2838735580444336,0.0005426501156762242,0.0621279776096344
0,1344,1345,4.999497832613997e-05,1.284038782119751,0.000543030328117311,0.06208178400993347
0,1345,1346,4.999497105018236e-05,1.284135103225708,0.0005432337056845427,0.062035657465457916
0,1346,1347,4.999496377422474e-05,1.2841110229492188,0.000543712405487895,0.06198960542678833
0,1347,1348,4.999495649826713e-05,1.2841567993164062,0.0005447978619486094,0.061943620443344116
0,1348,1349,4.999494558433071e-05,1.2843680381774902,0.0005451778415590525,0.061897702515125275
0,1349,1350,4.99949419463519e-05,1.2841362953186035,0.0005452095065265894,0.061851851642131805
0,1350,1351,4.999493103241548e-05,1.2839925289154053,0.0005464652203954756,0.06180606782436371
0,1351,1352,4.9994923756457865e-05,1.283764123916626,0.0005468560848385096,0.06176035478711128
0,1352,1353,4.999491648050025e-05,1.2836540937423706,0.0005478413077071309,0.06171470880508423
0,1353,1354,4.9994912842521444e-05,1.2836263179779053,0.0005475151701830328,0.06166912615299225
0,1354,1355,4.999490192858502e-05,1.2835944890975952,0.0005472308257594705,0.06162361800670624
0,1355,1356,4.999489465262741e-05,1.2834887504577637,0.0005470768082886934,0.0615781731903553
0,1356,1357,4.9994887376669794e-05,1.283322811126709,0.0005497668171301484,0.061532795429229736
0,1357,1358,4.999488010071218e-05,1.2832891941070557,0.0005504881264641881,0.061487480998039246
0,1358,1359,4.999486918677576e-05,1.283098578453064,0.0005506505258381367,0.061442241072654724
0,1359,1360,4.999486554879695e-05,1.2828850746154785,0.0005513792275451124,0.06139706075191498
0,1360,1361,4.999485827283934e-05,1.2832415103912354,0.0005519076948985457,0.061351947486400604
0,1361,1362,4.9994847358902916e-05,1.2834155559539795,0.0005534192314371467,0.0613069012761116
0,1362,1363,4.999484372092411e-05,1.283425211906433,0.0005605997866950929,0.061261922121047974
0,1363,1364,4.999483280698769e-05,1.2833678722381592,0.0005605299957096577,0.06121701002120972
0,1364,1365,4.999482916900888e-05,1.2835681438446045,0.0005610209191218019,0.06117216497659683
0,1365,1366,4.999481825507246e-05,1.2834579944610596,0.0005610791849903762,0.06112737953662872
0,1366,1367,4.9994810979114845e-05,1.283245325088501,0.0005617825081571937,0.061082661151885986
0,1367,1368,4.999480734113604e-05,1.283289909362793,0.0005629131337627769,0.06103800982236862
0,1368,1369,4.999479642719962e-05,1.2835192680358887,0.0005643991753458977,0.06099342554807663
0,1369,1370,4.9994789151242e-05,1.2834053039550781,0.000564235495403409,0.06094890460371971
0,1370,1371,4.999478187528439e-05,1.283553957939148,0.0005638565635308623,0.06126914918422699
0,1371,1372,4.9994774599326774e-05,1.283604621887207,0.0005658568115904927,0.06122449040412903
0,1372,1373,4.999476368539035e-05,1.2839223146438599,0.0005676767323166132,0.06117989867925644
0,1373,1374,4.999475640943274e-05,1.2839174270629883,0.0005682689370587468,0.061135370284318924
0,1374,1375,4.999475277145393e-05,1.2838141918182373,0.0005693624261766672,0.06109090894460678
0,1375,1376,4.999474185751751e-05,1.2836368083953857,0.000570006319321692,0.06104651093482971
0,1376,1377,4.9994734581559896e-05,1.2834632396697998,0.0005699051544070244,0.061002179980278015
0,1377,1378,4.999473094358109e-05,1.2833948135375977,0.0005712497513741255,0.060957908630371094
0,1378,1379,4.999472002964467e-05,1.2831919193267822,0.0005721459165215492,0.060913704335689545
0,1379,1380,4.9994712753687054e-05,1.2832767963409424,0.0005722963251173496,0.06086956709623337
0,1380,1381,4.999470183975063e-05,1.2831780910491943,0.0005750905256718397,0.06082548946142197
0,1381,1382,4.9994698201771826e-05,1.283065676689148,0.0005752387805841863,0.06078147888183594
0,1382,1383,4.9994687287835404e-05,1.283129096031189,0.0005764244706369936,0.060737527906894684
0,1383,1384,4.99946836498566e-05,1.2830544710159302,0.0005773751181550324,0.0606936439871788
0,1384,1385,4.999467637389898e-05,1.282907247543335,0.0005772002041339874,0.0606498196721077
0,1385,1386,4.999466545996256e-05,1.2828341722488403,0.00057774200104177,0.060606058686971664
0,1386,1387,4.999465818400495e-05,1.2829458713531494,0.0005803037201985717,0.060562364757061005
0,1387,1388,4.999465090804733e-05,1.2828569412231445,0.0005813889438286424,0.06051873415708542
0,1388,1389,4.9994647270068526e-05,1.2829649448394775,0.0005830813897773623,0.06047516316175461
0,1389,1390,4.99946327181533e-05,1.2830759286880493,0.0005826706765219569,0.060791365802288055
0,1390,1391,4.999462908017449e-05,1.2829594612121582,0.0005825463449582458,0.0607476606965065
0,1391,1392,4.999462180421688e-05,1.282888650894165,0.0005830009467899799,0.06070402264595032
0,1392,1393,4.999461452825926e-05,1.282747745513916,0.0005834132898598909,0.06066044420003891
0,1393,1394,4.999460361432284e-05,1.2826519012451172,0.0005835898919031024,0.060616932809352875
0,1394,1395,4.999459633836523e-05,1.2826169729232788,0.000584593100938946,0.060573477298021317
0,1395,1396,4.999458906240761e-05,1.282517671585083,0.0005843721446581185,0.06053008511662483
0,1396,1397,4.999458178645e-05,1.2824015617370605,0.0005849201697856188,0.06048675626516342
0,1397,1398,4.9994574510492384e-05,1.2827951908111572,0.0005858320510014892,0.060443490743637085
0,1398,1399,4.999456723453477e-05,1.2827227115631104,0.0005865384009666741,0.060400284826755524
0,1399,1400,4.9994559958577156e-05,1.2826462984085083,0.0005865273415111005,0.060357145965099335
0,1400,1401,4.999455268261954e-05,1.2827337980270386,0.0005862648831680417,0.060314059257507324
0,1401,1402,4.999454176868312e-05,1.2829883098602295,0.0005864287377335131,0.06062767654657364
0,1402,1403,4.9994534492725506e-05,1.2830891609191895,0.0005872390465810895,0.06058446317911148
0,1403,1404,4.999452721676789e-05,1.2829296588897705,0.0005875056376680732,0.0605413094162941
0,1404,1405,4.999451630283147e-05,1.2827749252319336,0.0005873320042155683,0.06049821898341179
0,1405,1406,4.9994512664852664e-05,1.2826597690582275,0.0005878843367099762,0.06045519560575485
0,1406,1407,4.999450538889505e-05,1.282554268836975,0.0005892115877941251,0.060412224382162094
0,1407,1408,4.999449447495863e-05,1.2826526165008545,0.0005900451214984059,0.06036932021379471
0,1408,1409,4.9994487199001014e-05,1.2824493646621704,0.0005898071685805917,0.0603264719247818
0,1409,1410,4.99944799230434e-05,1.2822895050048828,0.0005906806327402592,0.06028369069099426
0,1410,1411,4.9994472647085786e-05,1.2821053266525269,0.0005907455924898386,0.060240961611270905
0,1411,1412,4.999446537112817e-05,1.2818825244903564,0.0005907430313527584,0.06019829958677292
0,1412,1413,4.999445809517056e-05,1.2817801237106323,0.0005904873833060265,0.06015569716691971
0,1413,1414,4.999445081921294e-05,1.281619906425476,0.0005904750432819128,0.06011315435171127
0,1414,1415,4.999443990527652e-05,1.2815253734588623,0.0005901659606024623,0.060070671141147614
0,1415,1416,4.9994436267297715e-05,1.2813317775726318,0.0005907924496568739,0.06002824753522873
0,1416,1417,4.9994425353361294e-05,1.2814068794250488,0.0005910040345042944,0.05998588353395462
0,1417,1418,4.999441807740368e-05,1.2813317775726318,0.0005915138171985745,0.059943582862615585
0,1418,1419,4.999440716346726e-05,1.2812907695770264,0.0005917327362112701,0.059901341795921326
0,1419,1420,4.999440352548845e-05,1.2814534902572632,0.0005922432756051421,0.05985915660858154
0,1420,1421,4.999439261155203e-05,1.2813310623168945,0.0005926880985498428,0.059817031025886536
0,1421,1422,4.9994385335594416e-05,1.2812566757202148,0.0005923486314713955,0.059774965047836304
0,1422,1423,4.99943780596368e-05,1.2810827493667603,0.0005925050936639309,0.05973295867443085
0,1423,1424,4.999437078367919e-05,1.281197190284729,0.0005928630707785487,0.059691011905670166
0,1424,1425,4.9994359869742766e-05,1.2809703350067139,0.0005938647664152086,0.05964912474155426
0,1425,1426,4.999435259378515e-05,1.2808445692062378,0.0005936027737334371,0.05960729345679283
0,1426,1427,4.999434531782754e-05,1.2808029651641846,0.0005939468974247575,0.05956552177667618
0,1427,1428,4.9994338041869923e-05,1.280780553817749,0.0005949221667833626,0.0595238134264946
0,1428,1429,4.999433076591231e-05,1.2808945178985596,0.000595881836488843,0.0594821572303772
0,1429,1430,4.9994323489954695e-05,1.2809969186782837,0.0005963678704574704,0.05944056063890457
0,1430,1431,4.999431621399708e-05,1.2808399200439453,0.0005963108269497752,0.05939901992678642
0,1431,1432,4.999430530006066e-05,1.2807729244232178,0.0005959651316516101,0.05935754254460335
0,1432,1433,4.999430166208185e-05,1.280832290649414,0.0005955779924988747,0.05966503918170929
0,1433,1434,4.999429074814543e-05,1.280808448791504,0.0005957781104370952,0.05962343141436577
0,1434,1435,4.999428347218782e-05,1.2806408405303955,0.000596372177824378,0.05958188325166702
0,1435,1436,4.9994272558251396e-05,1.2805426120758057,0.0005964915035292506,0.059540390968322754
0,1436,1437,4.999426892027259e-05,1.2806510925292969,0.0005984194576740265,0.05949895828962326
0,1437,1438,4.999425800633617e-05,1.2809059619903564,0.0005994546809233725,0.059805285185575485
0,1438,1439,4.999425073037855e-05,1.2807236909866333,0.00059985660482198,0.059763722121715546
0,1439,1440,4.999424345442094e-05,1.2807345390319824,0.0006006947951391339,0.05972222238779068
0,1440,1441,4.9994236178463325e-05,1.2807703018188477,0.0006008889176882803,0.05968077480792999
0,1441,1442,4.9994225264526904e-05,1.2807035446166992,0.0006014087121002376,0.05963939055800438
0,1442,1443,4.9994221626548097e-05,1.2808496952056885,0.0006017325795255601,0.059598058462142944
0,1443,1444,4.9994210712611675e-05,1.2808172702789307,0.0006024282774887979,0.05955678969621658
0,1444,1445,4.999420343665406e-05,1.2806049585342407,0.0006026570335961878,0.0595155730843544
0,1445,1446,4.999419252271764e-05,1.2804046869277954,0.0006027864292263985,0.05947441607713699
0,1446,1447,4.999418888473883e-05,1.280279517173767,0.0006025118054822087,0.059433311223983765
0,1447,1448,4.999417797080241e-05,1.280177116394043,0.0006022780435159802,0.05939226597547531
0,1448,1449,4.99941706948448e-05,1.280111312866211,0.0006025556358508766,0.059351276606321335
0,1449,1450,4.999416341888718e-05,1.2799639701843262,0.0006023995811119676,0.059310343116521835
0,1450,1451,4.999415614292957e-05,1.2798917293548584,0.0006027276394888759,0.05926946923136711
0,1451,1452,4.999414522899315e-05,1.2800030708312988,0.0006023412570357323,0.05957300215959549
0,1452,1453,4.9994137953035533e-05,1.2798137664794922,0.0006027364870533347,0.05953200161457062
0,1453,1454,4.999413067707792e-05,1.2798144817352295,0.000602430896833539,0.05949106067419052
0,1454,1455,4.9994123401120305e-05,1.2798207998275757,0.0006031330558471382,0.0594501718878746
0,1455,1456,4.9994112487183884e-05,1.279726266860962,0.0006032256642356515,0.05940934270620346
0,1456,1457,4.999410521122627e-05,1.2799158096313477,0.0006036243285052478,0.0593685656785965
0,1457,1458,4.9994097935268655e-05,1.2797918319702148,0.0006033814279362559,0.05932784825563431
0,1458,1459,4.999409065931104e-05,1.2796549797058105,0.0006035827682353556,0.0592871829867363
0,1459,1460,4.999408338335343e-05,1.2794373035430908,0.0006035150727257133,0.059246573597192764
0,1460,1461,4.9994072469417006e-05,1.2792539596557617,0.0006037253187969327,0.059206023812294006
0,1461,1462,4.999406519345939e-05,1.2793865203857422,0.0006047023925930262,0.05916552618145943
0,1462,1463,4.999405791750178e-05,1.2794830799102783,0.0006052178796380758,0.05912508815526962
0,1463,1464,4.999405064154416e-05,1.2792845964431763,0.000605169334448874,0.0590846985578537
0,1464,1465,4.999403972760774e-05,1.2791067361831665,0.0006055237026885152,0.05904436856508255
0,1465,1466,4.999403245165013e-05,1.279139757156372,0.000605463981628418,0.05900409445166588
0,1466,1467,4.9994025175692514e-05,1.279171347618103,0.0006059414008632302,0.058963872492313385
0,1467,1468,4.99940178997349e-05,1.2792476415634155,0.0006060664309188724,0.05892370641231537
0,1468,1469,4.999400698579848e-05,1.2791037559509277,0.0006058778963051736,0.05888359248638153
0,1469,1470,4.999400334781967e-05,1.2789709568023682,0.0006058108992874622,0.05884353816509247
0,1470,1471,4.999398879590444e-05,1.2789089679718018,0.00060617970302701,0.058803535997867584
0,1471,1472,4.9993985157925636e-05,1.2788796424865723,0.0006067781941965222,0.05876358598470688
0,1472,1473,4.9993974243989214e-05,1.2787094116210938,0.0006066542118787766,0.05872369557619095
0,1473,1474,4.999397060601041e-05,1.2785857915878296,0.0006070226081646979,0.0586838498711586
0,1474,1475,4.999395605409518e-05,1.2783892154693604,0.0006070801755413413,0.058644071221351624
0,1475,1476,4.999395241611637e-05,1.2784693241119385,0.0006071736570447683,0.05860433727502823
0,1476,1477,4.999394150217995e-05,1.2785983085632324,0.0006070679519325495,0.05856465548276901
0,1477,1478,4.999393786420114e-05,1.27866530418396,0.0006078450824134052,0.05852503329515457
0,1478,1479,4.9993923312285915e-05,1.2787985801696777,0.0006082019535824656,0.05848546326160431
0,1479,1480,4.9993923312285915e-05,1.2786922454833984,0.000608681992162019,0.058445945382118225
0,1480,1481,4.999390876037069e-05,1.2786264419555664,0.0006086177891120315,0.05840648338198662
0,1481,1482,4.999390148441307e-05,1.2784883975982666,0.0006083855987526476,0.05836707353591919
0,1482,1483,4.999389420845546e-05,1.2787518501281738,0.0006092086550779641,0.05832771211862564
0,1483,1484,4.9993886932497844e-05,1.278601884841919,0.0006091264076530933,0.05828841030597687
0,1484,1485,4.999387601856142e-05,1.2785444259643555,0.0006094437558203936,0.058249156922101974
0,1485,1486,4.9993872380582616e-05,1.278639793395996,0.0006103305495344102,0.05820995941758156
0,1486,1487,4.9993861466646194e-05,1.2784643173217773,0.0006106268847361207,0.05817081406712532
0,1487,1488,4.999385055270977e-05,1.278350830078125,0.0006102732149884105,0.05813171714544296
0,1488,1489,4.999384327675216e-05,1.2784897089004517,0.0006106467917561531,0.05809267610311508
0,1489,1490,4.9993836000794545e-05,1.2783026695251465,0.0006104070926085114,0.05805369094014168
0,1490,1491,4.999382872483693e-05,1.2783722877502441,0.0006106128566898406,0.05801475793123245
0,1491,1492,4.999381781090051e-05,1.2783840894699097,0.0006111994152888656,0.05797587335109711
0,1492,1493,4.99938141729217e-05,1.278306007385254,0.000611479626968503,0.05793704092502594
0,1493,1494,4.999380325898528e-05,1.2781115770339966,0.0006118067540228367,0.05789826065301895
0,1494,1495,4.999379234504886e-05,1.2779710292816162,0.0006115150754339993,0.05785953253507614
0,1495,1496,4.999378870707005e-05,1.2779606580734253,0.0006115098367445171,0.05782085657119751
0,1496,1497,4.999377779313363e-05,1.2779394388198853,0.0006118032615631819,0.05778223276138306
0,1497,1498,4.999377051717602e-05,1.27788245677948,0.0006116601289249957,0.057743657380342484
0,1498,1499,4.9993759603239596e-05,1.2777345180511475,0.0006121136248111725,0.05770513787865639
0,1499,1500,4.999375596526079e-05,1.2776949405670166,0.0006118086748756468,0.05766666680574417
0,1500,1501,4.999374141334556e-05,1.2776614427566528,0.0006116622826084495,0.05762824788689613
0,1501,1502,4.999373777536675e-05,1.277618646621704,0.0006124452338553965,0.057589881122112274
0,1502,1503,4.999372686143033e-05,1.2778716087341309,0.0006129248067736626,0.057551562786102295
0,1503,1504,4.999371958547272e-05,1.277846336364746,0.0006136365118436515,0.05751330032944679
0,1504,1505,4.9993708671536297e-05,1.2781782150268555,0.0006144106737338006,0.05747508257627487
0,1505,1506,4.999370503355749e-05,1.2780790328979492,0.0006152656860649586,0.05743692070245743
0,1506,1507,4.999369411962107e-05,1.2780420780181885,0.0006149607943370938,0.057398807257413864
0,1507,1508,4.999368320568465e-05,1.2779340744018555,0.000615013181231916,0.05736074596643448
0,1508,1509,4.999367956770584e-05,1.2778270244598389,0.0006147534586489201,0.05732273310422897
0,1509,1510,4.999366865376942e-05,1.2776069641113281,0.0006148621905595064,0.05728476867079735
0,1510,1511,4.9993661377811804e-05,1.277388334274292,0.0006152195855975151,0.0572468563914299
0,1511,1512,4.999365410185419e-05,1.2773211002349854,0.0006158716278150678,0.057208992540836334
0,1512,1513,4.999364318791777e-05,1.2772681713104248,0.0006166621460579336,0.057171180844306946
0,1513,1514,4.9993635911960155e-05,1.2771286964416504,0.0006166232051327825,0.057133421301841736
0,1514,1515,4.999362863600254e-05,1.276921033859253,0.0006174353184178472,0.05709570646286011
0,1515,1516,4.9993621360044926e-05,1.277050256729126,0.0006179912015795708,0.057058051228523254
0,1516,1517,4.9993610446108505e-05,1.276872992515564,0.0006183071527630091,0.057020433247089386
0,1517,1518,4.999360317015089e-05,1.2766897678375244,0.0006183087825775146,0.056982871145009995
0,1518,1519,4.999359589419328e-05,1.2764744758605957,0.0006182007491588593,0.05694535747170448
0,1519,1520,4.9993584980256855e-05,1.2765402793884277,0.0006183816585689783,0.05690789222717285
0,1520,1521,4.999357770429924e-05,1.2764925956726074,0.0006189667037688196,0.0568704828619957
0,1521,1522,4.999357042834163e-05,1.2764800786972046,0.0006192740984261036,0.056833114475011826
0,1522,1523,4.999356315238401e-05,1.27660071849823,0.0006195056485012174,0.05679579824209213
0,1523,1524,4.9993548600468785e-05,1.276496171951294,0.0006206674734130502,0.05675853043794632
0,1524,1525,4.999354496248998e-05,1.2764718532562256,0.0006206117104738951,0.05672131106257439
0,1525,1526,4.9993534048553556e-05,1.2762513160705566,0.000620500068180263,0.05668414384126663
0,1526,1527,4.999352677259594e-05,1.2760730981826782,0.000620889535639435,0.05664702132344246
0,1527,1528,4.999351949663833e-05,1.276388168334961,0.0006215045577846467,0.056609947234392166
0,1528,1529,4.9993508582701907e-05,1.2762434482574463,0.0006212546722963452,0.05657292157411575
0,1529,1530,4.999350130674429e-05,1.2762870788574219,0.0006220844807103276,0.05653594806790352
0,1530,1531,4.999349403078668e-05,1.2760918140411377,0.0006219249917194247,0.056499019265174866
0,1531,1532,4.999348311685026e-05,1.2761256694793701,0.0006220383220352232,0.05646213889122009
0,1532,1533,4.999347584089264e-05,1.2759480476379395,0.0006218538037501276,0.0564253106713295
0,1533,1534,4.999346856493503e-05,1.2758073806762695,0.000621640239842236,0.056388527154922485
0,1534,1535,4.9993461288977414e-05,1.2757447957992554,0.0006225169636309147,0.056351788341999054
0,1535,1536,4.9993446737062186e-05,1.2757625579833984,0.0006235230248421431,0.0563151016831398
0,1536,1537,4.999344309908338e-05,1.2756385803222656,0.0006236433400772512,0.05627846345305443
0,1537,1538,4.999343218514696e-05,1.2756071090698242,0.0006238756468519568,0.056241873651742935
0,1538,1539,4.9993424909189343e-05,1.2755258083343506,0.0006236272165551782,0.056205328553915024
0,1539,1540,4.999341399525292e-05,1.2753311395645142,0.0006238174391910434,0.05616883188486099
0,1540,1541,4.999340671929531e-05,1.2755228281021118,0.000624047068413347,0.05613238364458084
0,1541,1542,4.9993399443337694e-05,1.275672197341919,0.0006238989881239831,0.056420233100652695
0,1542,1543,4.999338852940127e-05,1.2757854461669922,0.0006243559182621539,0.05638366937637329
0,1543,1544,4.999338125344366e-05,1.275639295578003,0.0006241378141567111,0.05634715035557747
0,1544,1545,4.9993373977486044e-05,1.2755299806594849,0.0006246769335120916,0.05631067976355553
0,1545,1546,4.999336306354962e-05,1.2754499912261963,0.0006250473670661449,0.056274257600307465
0,1546,1547,4.9993359425570816e-05,1.2753405570983887,0.0006257141940295696,0.056237880140542984
0,1547,1548,4.9993348511634395e-05,1.2751197814941406,0.0006259400397539139,0.05620155110955238
0,1548,1549,4.999333759769797e-05,1.2750118970870972,0.0006263322429731488,0.05616527050733566
0,1549,1550,4.999333032174036e-05,1.2748215198516846,0.0006267392309382558,0.056129030883312225
0,1550,1551,4.999331940780394e-05,1.2746680974960327,0.0006265864940360188,0.056092843413352966
0,1551,1552,4.999331576982513e-05,1.2745869159698486,0.0006271142046898603,0.05605670064687729
0,1552,1553,4.999330485588871e-05,1.2744038105010986,0.0006274349289014935,0.05602060258388519
0,1553,1554,4.9993297579931095e-05,1.274427890777588,0.0006275721825659275,0.055984556674957275
0,1554,1555,4.9993286665994674e-05,1.274294376373291,0.0006286121788434684,0.05594855546951294
0,1555,1556,4.999327939003706e-05,1.2741379737854004,0.000628460431471467,0.055912598967552185
0,1556,1557,4.9993272114079446e-05,1.2739756107330322,0.0006288569420576096,0.05587668716907501
0,1557,1558,4.9993261200143024e-05,1.273827075958252,0.0006293995538726449,0.05584082007408142
0,1558,1559,4.999325392418541e-05,1.2739336490631104,0.0006296109058894217,0.05580500513315201
0,1559,1560,4.9993246648227796e-05,1.2739429473876953,0.0006301677785813808,0.05576923117041588
0,1560,1561,4.999323209631257e-05,1.2739219665527344,0.000630033784545958,0.05605380982160568
0,1561,1562,4.999322845833376e-05,1.273902177810669,0.0006309463060460985,0.0560179278254509
0,1562,1563,4.999321754439734e-05,1.2740144729614258,0.0006313344929367304,0.0559820830821991
0,1563,1564,4.999320663046092e-05,1.273881435394287,0.0006312025361694396,0.055946290493011475
0,1564,1565,4.9993199354503304e-05,1.2737200260162354,0.0006310958415269852,0.055910542607307434
0,1565,1566,4.999319207854569e-05,1.2736116647720337,0.0006313228514045477,0.055874839425086975
0,1566,1567,4.999318116460927e-05,1.2734458446502686,0.0006313033518381417,0.0558391809463501
0,1567,1568,4.9993173888651654e-05,1.273309588432312,0.0006313216872513294,0.0558035708963871
0,1568,1569,4.999316661269404e-05,1.2731413841247559,0.0006311755860224366,0.055768005549907684
0,1569,1570,4.999315569875762e-05,1.2730934619903564,0.0006308266893029213,0.05573248490691185
0,1570,1571,4.9993148422800004e-05,1.2728772163391113,0.0006313795456662774,0.0556970089673996
0,1571,1572,4.999313750886358e-05,1.272761344909668,0.0006319927051663399,0.055661577731370926
0,1572,1573,4.9993133870884776e-05,1.2727452516555786,0.0006316268118098378,0.055626191198825836
0,1573,1574,4.999311931896955e-05,1.2726576328277588,0.0006316331564448774,0.055590853095054626
0,1574,1575,4.999311568099074e-05,1.2725987434387207,0.0006317184306681156,0.0555555559694767
0,1575,1576,4.999310476705432e-05,1.2724246978759766,0.0006317572551779449,0.055520303547382355
0,1576,1577,4.99930938531179e-05,1.2722902297973633,0.0006323482375591993,0.05548509955406189
0,1577,1578,4.9993086577160284e-05,1.2722448110580444,0.0006327050505205989,0.05544993653893471
0,1578,1579,4.999307930120267e-05,1.272261142730713,0.0006327633163891733,0.05541481822729111
0,1579,1580,4.999306838726625e-05,1.2721556425094604,0.0006330143078230321,0.05537974834442139
0,1580,1581,4.999306474928744e-05,1.2721352577209473,0.000633262621704489,0.05534471571445465
0,1581,1582,4.999305019737221e-05,1.2720026969909668,0.0006332593620754778,0.055309735238552094
0,1582,1583,4.99930429214146e-05,1.271979808807373,0.000633318442851305,0.05527479574084282
0,1583,1584,4.9993035645456985e-05,1.272002935409546,0.0006338050588965416,0.055239900946617126
0,1584,1585,4.999302473152056e-05,1.2721118927001953,0.000634095398709178,0.05520504713058472
0,1585,1586,4.999301745556295e-05,1.271916389465332,0.0006342560518532991,0.05517023801803589
0,1586,1587,4.9993010179605335e-05,1.2719407081604004,0.0006342155393213034,0.05545053631067276
0,1587,1588,4.9992999265668914e-05,1.2719392776489258,0.0006343587301671505,0.05541561543941498
0,1588,1589,4.999298835173249e-05,1.2718573808670044,0.0006345349829643965,0.055380742996931076
0,1589,1590,4.9992984713753685e-05,1.2716442346572876,0.0006345277652144432,0.05534591153264046
0,1590,1591,4.999297016183846e-05,1.2717406749725342,0.0006346948212012649,0.05531112477183342
0,1591,1592,4.999296288588084e-05,1.2718485593795776,0.0006349635077640414,0.055276382714509964
0,1592,1593,4.999295560992323e-05,1.271654486656189,0.0006355748046189547,0.05524168163537979
0,1593,1594,4.999294469598681e-05,1.2715961933135986,0.0006353239296004176,0.0552070252597332
0,1594,1595,4.999293742002919e-05,1.2716727256774902,0.0006356856320053339,0.05517241358757019
0,1595,1596,4.999293014407158e-05,1.2716319561004639,0.0006359723629429936,0.055137842893600464
0,1596,1597,4.999291923013516e-05,1.2714473009109497,0.0006360868574120104,0.05510331690311432
0,1597,1598,4.9992911954177544e-05,1.2714452743530273,0.00063614099053666,0.055068835616111755
0,1598,1599,4.999290104024112e-05,1.2713446617126465,0.0006367453606799245,0.05503439903259277
0,1599,1600,4.999289376428351e-05,1.27119779586792,0.0006366266752593219,0.054999999701976776
0,1600,1601,4.9992886488325894e-05,1.2710859775543213,0.0006370710907503963,0.05496564507484436
0,1601,1602,4.999287557438947e-05,1.2709752321243286,0.0006374348886311054,0.054931335151195526
0,1602,1603,4.999286829843186e-05,1.2708762884140015,0.0006378465332090855,0.05489706993103027
0,1603,1604,4.999285738449544e-05,1.2708921432495117,0.0006385962478816509,0.054862841963768005
0,1604,1605,4.999285010853782e-05,1.2709054946899414,0.0006394140073098242,0.05482865869998932
0,1605,1606,4.99928391946014e-05,1.2708964347839355,0.0006396427634172142,0.054794520139694214
0,1606,1607,4.999283191864379e-05,1.2707717418670654,0.000639373785816133,0.05476042255759239
0,1607,1608,4.9992821004707366e-05,1.2706023454666138,0.0006398938130587339,0.05472636967897415
0,1608,1609,4.999281372874975e-05,1.2704442739486694,0.0006397500401362777,0.054692357778549194
0,1609,1610,4.999280281481333e-05,1.2703394889831543,0.0006396450335159898,0.05465838313102722
0,1610,1611,4.9992795538855717e-05,1.2702782154083252,0.0006396115059033036,0.05462445691227913
0,1611,1612,4.99927882628981e-05,1.2702968120574951,0.0006399209378287196,0.05459057167172432
0,1612,1613,4.999277734896168e-05,1.270160436630249,0.0006398316472768784,0.05455672740936279
0,1613,1614,4.999277007300407e-05,1.270219326019287,0.0006404207670129836,0.05452292412519455
0,1614,1615,4.9992759159067646e-05,1.2702949047088623,0.0006414821837097406,0.05448916554450989
0,1615,1616,4.999275188311003e-05,1.2702000141143799,0.0006412791553884745,0.05445544421672821
0,1616,1617,4.999274096917361e-05,1.2701834440231323,0.0006412650691345334,0.054421767592430115
0,1617,1618,4.9992733693215996e-05,1.2702019214630127,0.0006412102957256138,0.05469715595245361
0,1618,1619,4.9992722779279575e-05,1.2700481414794922,0.0006410564528778195,0.05466337502002716
0,1619,1620,4.999271550332196e-05,1.2699451446533203,0.0006410329369828105,0.05462963134050369
0,1620,1621,4.999270458938554e-05,1.2698783874511719,0.000641193357296288,0.05459592863917351
0,1621,1622,4.9992697313427925e-05,1.2699155807495117,0.0006414336385205388,0.054562270641326904
0,1622,1623,4.999269003747031e-05,1.269819974899292,0.0006415828829631209,0.054528649896383286
0,1623,1624,4.999267548555508e-05,1.2696914672851562,0.0006414506351575255,0.05449507385492325
0,1624,1625,4.9992671847576275e-05,1.269878625869751,0.0006423357408493757,0.054461538791656494
0,1625,1626,4.9992660933639854e-05,1.2700189352035522,0.0006432331865653396,0.05442804470658302
0,1626,1627,4.999265001970343e-05,1.2701425552368164,0.0006440258584916592,0.054394591599702835
0,1627,1628,4.999264274374582e-05,1.2701539993286133,0.000644591695163399,0.05436117947101593
0,1628,1629,4.9992635467788205e-05,1.27012038230896,0.0006446075276471674,0.05432780832052231
0,1629,1630,4.9992620915872976e-05,1.2701315879821777,0.0006446758052334189,0.05429447814822197
0,1630,1631,4.999261363991536e-05,1.2701420783996582,0.0006450892542488873,0.05426119267940521
0,1631,1632,4.999260636395775e-05,1.2699360847473145,0.0006458189454860985,0.05422794073820114
0,1632,1633,4.9992595450021327e-05,1.2699370384216309,0.0006464839680120349,0.05419473350048065
0,1633,1634,4.999258817406371e-05,1.2698172330856323,0.0006463086465373635,0.054161567240953445
0,1634,1635,4.99925808981061e-05,1.2697163820266724,0.0006467180792242289,0.05412844195961952
0,1635,1636,4.999256998416968e-05,1.269648790359497,0.0006469262298196554,0.05409535393118858
0,1636,1637,4.9992559070233256e-05,1.2695863246917725,0.0006473353132605553,0.054062310606241226
0,1637,1638,4.999255543225445e-05,1.269416332244873,0.0006477097049355507,0.054029304534196854
0,1638,1639,4.999254088033922e-05,1.2693113088607788,0.0006474765250459313,0.053996339440345764
0,1639,1640,4.99925299664028e-05,1.2693918943405151,0.0006483254255726933,0.05396341532468796
0,1640,1641,4.999252632842399e-05,1.2693594694137573,0.0006487035425379872,0.053930528461933136
0,1641,1642,4.999251541448757e-05,1.269336462020874,0.0006486451020464301,0.05420219153165817
0,1642,1643,4.999250450055115e-05,1.269286870956421,0.0006492057000286877,0.054169200360774994
0,1643,1644,4.9992497224593535e-05,1.2692863941192627,0.0006497445865534246,0.0541362538933754
0,1644,1645,4.999248994863592e-05,1.269287109375,0.0006498999428004026,0.054103344678878784
0,1645,1646,4.999247539672069e-05,1.2692794799804688,0.0006504301563836634,0.054070472717285156
0,1646,1647,4.9992471758741885e-05,1.2693445682525635,0.0006511169485747814,0.05403764545917511
0,1647,1648,4.9992460844805464e-05,1.2692577838897705,0.0006508135702461004,0.05400485545396805
0,1648,1649,4.999244993086904e-05,1.2692034244537354,0.0006514968117699027,0.05397210270166397
0,1649,1650,4.999244265491143e-05,1.2691562175750732,0.0006524987984448671,0.053939394652843475
0,1650,1651,4.999243174097501e-05,1.268966555595398,0.0006526252254843712,0.053906723856925964
0,1651,1652,4.999242446501739e-05,1.268777847290039,0.0006533333798870444,0.05387409031391144
0,1652,1653,4.999241355108097e-05,1.2686257362365723,0.0006531184772029519,0.05384150147438049
0,1653,1654,4.999240627512336e-05,1.2685904502868652,0.0006541796028614044,0.05380894988775253
0,1654,1655,4.9992395361186936e-05,1.2684680223464966,0.0006546337390318513,0.05377643555402756
0,1655,1656,4.999238808522932e-05,1.2686128616333008,0.0006547952070832253,0.054045893251895905
0,1656,1657,4.9992373533314094e-05,1.2684893608093262,0.0006558618042618036,0.05401327461004257
0,1657,1658,4.999236989533529e-05,1.268363356590271,0.0006556413136422634,0.05398070067167282
0,1658,1659,4.9992358981398866e-05,1.2682299613952637,0.0006561944028362632,0.053948160260915756
0,1659,1660,4.9992348067462444e-05,1.268273949623108,0.0006567139644175768,0.05391566455364227
0,1660,1661,4.999234079150483e-05,1.2680864334106445,0.0006569544784724712,0.053883202373981476
0,1661,1662,4.9992333515547216e-05,1.2679932117462158,0.0006571972626261413,0.05385078489780426
0,1662,1663,4.9992322601610795e-05,1.267817735671997,0.0006572509882971644,0.05381840094923973
0,1663,1664,4.9992311687674373e-05,1.2677886486053467,0.0006578947650268674,0.053786057978868484
0,1664,1665,4.999230441171676e-05,1.2676913738250732,0.0006594270234927535,0.05375375598669052
0,1665,1666,4.999229349778034e-05,1.2677226066589355,0.000660283665638417,0.053721487522125244
0,1666,1667,4.9992286221822724e-05,1.267689824104309,0.0006599385524168611,0.05368926376104355
0,1667,1668,4.99922753078863e-05,1.267568826675415,0.0006598398322239518,0.05365707352757454
0,1668,1669,4.999226803192869e-05,1.267448902130127,0.0006602694047614932,0.05362492427229881
0,1669,1670,4.9992260755971074e-05,1.2674124240875244,0.0006609063711948693,0.05359281599521637
0,1670,1671,4.9992246204055846e-05,1.267459750175476,0.0006612372817471623,0.05356074124574661
0,1671,1672,4.999223892809823e-05,1.2673556804656982,0.0006617264589294791,0.05352871119976044
0,1672,1673,4.999223165214062e-05,1.2671655416488647,0.0006621902575716376,0.05349671095609665
0,1673,1674,4.9992220738204196e-05,1.2669768333435059,0.0006628520786762238,0.05346475541591644
0,1674,1675,4.9992209824267775e-05,1.2670150995254517,0.0006642374792136252,0.05343283712863922
0,1675,1676,4.999220254831016e-05,1.2669954299926758,0.0006651072180829942,0.053400956094264984
0,1676,1677,4.9992195272352546e-05,1.2669246196746826,0.0006660050712525845,0.05336911231279373
0,1677,1678,4.999218072043732e-05,1.2667157649993896,0.0006659258506260812,0.053337305784225464
0,1678,1679,4.9992173444479704e-05,1.2667381763458252,0.0006669125286862254,0.05330553650856018
0,1679,1680,4.999216616852209e-05,1.2665884494781494,0.0006670500733889639,0.05327381193637848
0,1680,1681,4.999215525458567e-05,1.2667500972747803,0.0006679543294012547,0.053242117166519165
0,1681,1682,4.999214434064925e-05,1.2666401863098145,0.000667623826302588,0.053210463374853134
0,1682,1683,4.999213706469163e-05,1.266586184501648,0.0006710148882120848,0.05317884683609009
0,1683,1684,4.999212615075521e-05,1.2665908336639404,0.00067151989787817,0.053147267550230026
0,1684,1685,4.99921188747976e-05,1.2667038440704346,0.0006720375968143344,0.05311572551727295
0,1685,1686,4.9992107960861176e-05,1.2666417360305786,0.0006716890493407845,0.053084224462509155
0,1686,1687,4.999210068490356e-05,1.2665119171142578,0.0006716160569339991,0.05305275693535805
0,1687,1688,4.999209340894595e-05,1.2664532661437988,0.000672119902446866,0.053021326661109924
0,1688,1689,4.999207885703072e-05,1.2665120363235474,0.0006725545390509069,0.052989933639764786
0,1689,1690,4.9992071581073105e-05,1.2666311264038086,0.0006730894092470407,0.05295857787132263
0,1690,1691,4.9992060667136684e-05,1.2664849758148193,0.0006738253869116306,0.05292726308107376
0,1691,1692,4.999205339117907e-05,1.2663198709487915,0.0006739131640642881,0.05289597809314728
0,1692,1693,4.9992046115221456e-05,1.2663323879241943,0.0006752698682248592,0.052864737808704376
0,1693,1694,4.999203156330623e-05,1.266339898109436,0.0006750784814357758,0.0531286895275116
0,1694,1695,4.999202428734861e-05,1.266304850578308,0.0006764500867575407,0.05309734493494034
0,1695,1696,4.9992017011391e-05,1.2662875652313232,0.0006771877524442971,0.053066037595272064
0,1696,1697,4.999200609745458e-05,1.2662941217422485,0.000677805976010859,0.053034767508506775
0,1697,1698,4.9991995183518156e-05,1.266100287437439,0.0006780425319448113,0.05300353467464447
0,1698,1699,4.999198790756054e-05,1.2660574913024902,0.0006784151773899794,0.05297233536839485
0,1699,1700,4.999198063160293e-05,1.2660777568817139,0.0006785949226468801,0.05294117331504822
0,1700,1701,4.99919660796877e-05,1.2660243511199951,0.0006789118051528931,0.05291005223989487
0,1701,1702,4.9991958803730085e-05,1.2659375667572021,0.0006790938787162304,0.0528789684176445
0,1702,1703,4.9991947889793664e-05,1.2659006118774414,0.0006801179843023419,0.05284791439771652
0,1703,1704,4.999194061383605e-05,1.2657482624053955,0.0006802862044423819,0.05281690135598183
0,1704,1705,4.999192969989963e-05,1.2656481266021729,0.0006800603587180376,0.052785925567150116
0,1705,1706,4.999191878596321e-05,1.2655565738677979,0.0006803208380006254,0.05275498330593109
0,1706,1707,4.999191151000559e-05,1.2656033039093018,0.0006803779397159815,0.05272407829761505
0,1707,1708,4.999190059606917e-05,1.2654300928115845,0.0006809165934100747,0.052693210542201996
0,1708,1709,4.999189332011156e-05,1.26534903049469,0.000680687720887363,0.05266237258911133
0,1709,1710,4.9991882406175137e-05,1.2652603387832642,0.0006805093144066632,0.05263157933950424
0,1710,1711,4.9991871492238715e-05,1.2652621269226074,0.0006814514636062086,0.05260081589221954
0,1711,1712,4.99918642162811e-05,1.2651374340057373,0.0006812690990045667,0.05257009342312813
0,1712,1713,4.999185694032349e-05,1.265064001083374,0.0006816053646616638,0.0525394044816494
0,1713,1714,4.9991846026387066e-05,1.2650411128997803,0.0006812600768171251,0.052508749067783356
0,1714,1715,4.999183147447184e-05,1.265129804611206,0.0006822111899964511,0.052478134632110596
0,1715,1716,4.999182783649303e-05,1.2650554180145264,0.0006825249874964356,0.05244754999876022
0,1716,1717,4.99918132845778e-05,1.2651082277297974,0.000683068239595741,0.052417006343603134
0,1717,1718,4.999180600862019e-05,1.2650225162506104,0.0006835634121671319,0.05238649621605873
0,1718,1719,4.9991798732662573e-05,1.2649271488189697,0.0006845592288300395,0.052356019616127014
0,1719,1720,4.9991784180747345e-05,1.2648974657058716,0.0006849488709121943,0.05232558026909828
0,1720,1721,4.999178054276854e-05,1.2649093866348267,0.0006857739062979817,0.052295178174972534
0,1721,1722,4.999176962883212e-05,1.2648608684539795,0.0006854616804048419,0.05226480960845947
0,1722,1723,4.9991758714895695e-05,1.2649147510528564,0.0006856467225588858,0.0522344745695591
0,1723,1724,4.9991747800959274e-05,1.2648307085037231,0.0006857906701043248,0.05220417678356171
0,1724,1725,4.999173688702285e-05,1.2648727893829346,0.0006868771743029356,0.052173912525177
0,1725,1726,4.999172961106524e-05,1.264714241027832,0.0006871388177387416,0.05214368551969528
0,1726,1727,4.9991722335107625e-05,1.2646206617355347,0.0006872740341350436,0.05211349204182625
0,1727,1728,4.99917114211712e-05,1.2644562721252441,0.0006885278271511197,0.0520833320915699
0,1728,1729,4.999170050723478e-05,1.2644057273864746,0.0006881828303448856,0.05205320939421654
0,1729,1730,4.999169323127717e-05,1.2642475366592407,0.0006886117625981569,0.05202312022447586
0,1730,1731,4.9991682317340747e-05,1.2640650272369385,0.0006886552437208593,0.05199306458234787
0,1731,1732,4.9991671403404325e-05,1.2639877796173096,0.0006885406910441816,0.051963046193122864
0,1732,1733,4.999166412744671e-05,1.263841152191162,0.0006889015785418451,0.05193306505680084
0,1733,1734,4.999164957553148e-05,1.2637135982513428,0.0006901108426973224,0.05190311372280121
0,1734,1735,4.9991645937552676e-05,1.2637490034103394,0.0006909812800586224,0.05187319964170456
0,1735,1736,4.9991635023616254e-05,1.263809323310852,0.0006906032795086503,0.051843319088220596
0,1736,1737,4.999162410967983e-05,1.2637107372283936,0.0006908259820193052,0.05181347206234932
0,1737,1738,4.999161683372222e-05,1.2638792991638184,0.0006909779622219503,0.05178365856409073
0,1738,1739,4.999160228180699e-05,1.263850450515747,0.0006917129503563046,0.05175388231873512
0,1739,1740,4.9991595005849376e-05,1.2639669179916382,0.0006921464810147882,0.051724135875701904
0,1740,1741,4.999158772989176e-05,1.263796091079712,0.0006921564927324653,0.05169443041086197
0,1741,1742,4.999157681595534e-05,1.2637287378311157,0.0006920753512531519,0.05166475474834442
0,1742,1743,4.999156590201892e-05,1.2636700868606567,0.0006919777952134609,0.05163511261343956
0,1743,1744,4.99915549880825e-05,1.2635560035705566,0.0006923018372617662,0.051605504006147385
0,1744,1745,4.9991547712124884e-05,1.263622760772705,0.0006932685500942171,0.051575928926467896
0,1745,1746,4.999153679818846e-05,1.2635798454284668,0.0006941581377759576,0.05154639109969139
0,1746,1747,4.999152952223085e-05,1.2635208368301392,0.0006944241467863321,0.051516883075237274
0,1747,1748,4.999151860829443e-05,1.2635629177093506,0.0006947255460545421,0.05148741602897644
0,1748,1749,4.9991507694358006e-05,1.2634060382843018,0.0006950488314032555,0.051457978785037994
0,1749,1750,4.999150041840039e-05,1.2633541822433472,0.0006947198417037725,0.051428571343421936
0,1750,1751,4.9991485866485164e-05,1.2634847164154053,0.0006953730480745435,0.05139920115470886
0,1751,1752,4.9991482228506356e-05,1.2633938789367676,0.0006962926127016544,0.051369864493608475
0,1752,1753,4.999146767659113e-05,1.2632830142974854,0.0006975996075198054,0.051340557634830475
0,1753,1754,4.999145676265471e-05,1.2631837129592896,0.0006978776073083282,0.05131128802895546
0,1754,1755,4.999144948669709e-05,1.2631961107254028,0.0006996812298893929,0.05128205195069313
0,1755,1756,4.999143857276067e-05,1.2630462646484375,0.0006995389703661203,0.05125284567475319
0,1756,1757,4.999143129680306e-05,1.2630105018615723,0.000700390781275928,0.05122367665171623
0,1757,1758,4.9991420382866636e-05,1.26286780834198,0.0007007013773545623,0.05119454115629196
0,1758,1759,4.9991409468930215e-05,1.2629420757293701,0.0007010282715782523,0.05116543546319008
0,1759,1760,4.99914021929726e-05,1.2627497911453247,0.0007012535352259874,0.05113636329770088
0,1760,1761,4.999139127903618e-05,1.262605905532837,0.0007012217538431287,0.05110732465982437
0,1761,1762,4.999138036509976e-05,1.2625763416290283,0.0007018703036010265,0.05107831954956055
0,1762,1763,4.9991373089142144e-05,1.262407898902893,0.0007017842144705355,0.05104934796690941
0,1763,1764,4.999136217520572e-05,1.2622730731964111,0.0007016553427092731,0.05102040618658066
0,1764,1765,4.99913512612693e-05,1.2622427940368652,0.0007022023783065379,0.050991497933864594
0,1765,1766,4.999134034733288e-05,1.2620699405670166,0.0007023845100775361,0.050962626934051514
0,1766,1767,4.9991333071375266e-05,1.2621724605560303,0.0007029741536825895,0.05093378573656082
0,1767,1768,4.9991322157438844e-05,1.2621638774871826,0.0007029222324490547,0.05118778347969055
0,1768,1769,4.999131488148123e-05,1.262195110321045,0.0007025665836408734,0.0511588454246521
0,1769,1770,4.999130396754481e-05,1.2620697021484375,0.0007024061633273959,0.05112994462251663
0,1770,1771,4.999129305360839e-05,1.2622112035751343,0.000702735036611557,0.05110107362270355
0,1771,1772,4.9991282139671966e-05,1.2620186805725098,0.0007029015687294304,0.05107223242521286
0,1772,1773,4.9991271225735545e-05,1.2619600296020508,0.0007030664710327983,0.05104342848062515
0,1773,1774,4.999126758775674e-05,1.2619343996047974,0.000703271827660501,0.05101465433835983
0,1774,1775,4.999125303584151e-05,1.2618650197982788,0.0007039119373075664,0.0509859174489975
0,1775,1776,4.999124212190509e-05,1.2617366313934326,0.0007045104866847396,0.05095721036195755
0,1776,1777,4.9991234845947474e-05,1.2615725994110107,0.0007044571684673429,0.05092853307723999
0,1777,1778,4.9991220294032246e-05,1.261512041091919,0.0007041177013888955,0.05089988559484482
0,1778,1779,4.999121665605344e-05,1.2614259719848633,0.0007038047770038247,0.05087127536535263
0,1779,1780,4.999120574211702e-05,1.2613525390625,0.0007047534454613924,0.05084269493818283
0,1780,1781,4.9991194828180596e-05,1.2612148523330688,0.0007046124082989991,0.050814151763916016
0,1781,1782,4.999118755222298e-05,1.2611300945281982,0.0007042724173516035,0.05078563466668129
0,1782,1783,4.9991173000307754e-05,1.2611253261566162,0.0007056733593344688,0.05075714737176895
0,1783,1784,4.999116208637133e-05,1.261206865310669,0.0007061951328068972,0.050728701055049896
0,1784,1785,4.999115481041372e-05,1.2613375186920166,0.0007064798846840858,0.05070028081536293
0,1785,1786,4.99911438964773e-05,1.2613461017608643,0.0007068064296618104,0.05067189037799835
0,1786,1787,4.999113662051968e-05,1.2613451480865479,0.0007070186547935009,0.05064353719353676
0,1787,1788,4.999112570658326e-05,1.26141357421875,0.0007077957270666957,0.05061521381139755
0,1788,1789,4.999111479264684e-05,1.2612534761428833,0.0007077105110511184,0.050586916506290436
0,1789,1790,4.9991107516689226e-05,1.2612732648849487,0.000707893748767674,0.050558656454086304
0,1790,1791,4.9991092964774e-05,1.2611342668533325,0.0007077949121594429,0.05053042992949486
0,1791,1792,4.9991085688816383e-05,1.261197566986084,0.0007077998016029596,0.05078125
0,1792,1793,4.999107477487996e-05,1.26127290725708,0.0007085967808961868,0.05075293034315109
0,1793,1794,4.999106749892235e-05,1.2610819339752197,0.0007085484685376287,0.05072464048862457
0,1794,1795,4.999105658498593e-05,1.2609412670135498,0.0007089503342285752,0.05069638043642044
0,1795,1796,4.9991045671049505e-05,1.2610586881637573,0.0007095952751114964,0.050668150186538696
0,1796,1797,4.9991034757113084e-05,1.2610738277435303,0.0007103239186108112,0.050639957189559937
0,1797,1798,4.999102384317666e-05,1.2610121965408325,0.0007105112890712917,0.050611790269613266
0,1798,1799,4.999101656721905e-05,1.2609169483184814,0.0007109037251211703,0.05058365687727928
0,1799,1800,4.999100565328263e-05,1.2608857154846191,0.0007105558179318905,0.05055555701255798
0,1800,1801,4.999099837732501e-05,1.2607778310775757,0.0007104530232027173,0.050527483224868774
0,1801,1802,4.999098746338859e-05,1.2605938911437988,0.0007106408011168242,0.05049944669008255
0,1802,1803,4.9990972911473364e-05,1.2604228258132935,0.0007104945834726095,0.050471436232328415
0,1803,1804,4.999096563551575e-05,1.2603240013122559,0.0007105973782017827,0.050443459302186966
0,1804,1805,4.999095472157933e-05,1.260237216949463,0.0007108688587322831,0.050415512174367905
0,1805,1806,4.999094380764291e-05,1.2602672576904297,0.0007117660716176033,0.05038759857416153
0,1806,1807,4.999093653168529e-05,1.2602441310882568,0.000712645414751023,0.050359711050987244
0,1807,1808,4.999092561774887e-05,1.2601457834243774,0.0007129445439204574,0.05033186078071594
0,1808,1809,4.999091834179126e-05,1.2601782083511353,0.0007132352329790592,0.05030403286218643
0,1809,1810,4.9990907427854836e-05,1.260143756866455,0.0007140134111978114,0.050276242196559906
0,1810,1811,4.999089287593961e-05,1.260009765625,0.0007138146902434528,0.05024848133325577
0,1811,1812,4.9990885599981993e-05,1.2599141597747803,0.0007141872774809599,0.05022075027227402
0,1812,1813,4.999087468604557e-05,1.259813666343689,0.0007140623056329787,0.050193049013614655
0,1813,1814,4.999086741008796e-05,1.259678602218628,0.000713888555765152,0.05016538128256798
0,1814,1815,4.999085649615154e-05,1.2597193717956543,0.0007140484522096813,0.05013773962855339
0,1815,1816,4.9990845582215115e-05,1.2596734762191772,0.0007146858843043447,0.05011013150215149
0,1816,1817,4.99908383062575e-05,1.2595479488372803,0.0007151535246521235,0.050082553178071976
0,1817,1818,4.999082739232108e-05,1.259421467781067,0.0007153020706027746,0.05005500465631485
0,1818,1819,4.999081284040585e-05,1.2593967914581299,0.0007157636573538184,0.05002748966217041
0,1819,1820,4.999080556444824e-05,1.2593762874603271,0.0007161193061619997,0.05000000074505806
0,1820,1821,4.999079101253301e-05,1.2592813968658447,0.0007160744862630963,0.0499725416302681
0,1821,1822,4.9990783736575395e-05,1.259385347366333,0.0007162682595662773,0.04994511604309082
0,1822,1823,4.999077646061778e-05,1.259429931640625,0.0007166815921664238,0.04991772025823593
0,1823,1824,4.999076190870255e-05,1.2594618797302246,0.0007175820646807551,0.04989035055041313
0,1824,1825,4.9990758270723745e-05,1.259537935256958,0.0007176236249506474,0.04986301064491272
0,1825,1826,4.999074371880852e-05,1.2596068382263184,0.0007178988889791071,0.049835704267024994
0,1826,1827,4.9990732804872096e-05,1.2594377994537354,0.0007177633233368397,0.049808427691459656
0,1827,1828,4.999072552891448e-05,1.2594281435012817,0.0007182421395555139,0.049781180918216705
0,1828,1829,4.999071097699925e-05,1.2596344947814941,0.0007189760217443109,0.04975396394729614
0,1829,1830,4.999070370104164e-05,1.2595057487487793,0.0007187278242781758,0.04972677677869797
0,1830,1831,4.999069278710522e-05,1.259582757949829,0.0007188601884990931,0.04969961941242218
0,1831,1832,4.9990681873168796e-05,1.2595419883728027,0.0007193955243565142,0.04967249184846878
0,1832,1833,4.999067459721118e-05,1.2595583200454712,0.000720286276191473,0.04964539036154747
0,1833,1834,4.999066368327476e-05,1.259535789489746,0.0007205608417280018,0.04961831867694855
0,1834,1835,4.999065276933834e-05,1.2595387697219849,0.0007208006572909653,0.04959128051996231
0,1835,1836,4.9990645493380725e-05,1.2595410346984863,0.0007210406474769115,0.04956427216529846
0,1836,1837,4.99906309414655e-05,1.2594506740570068,0.000721060496289283,0.049537286162376404
0,1837,1838,4.999062366550788e-05,1.259324312210083,0.0007209543837234378,0.04951033741235733
0,1838,1839,4.999061275157146e-05,1.259251356124878,0.0007215884979814291,0.049483414739370346
0,1839,1840,4.999059819965623e-05,1.2591099739074707,0.0007220827974379063,0.04945652186870575
0,1840,1841,4.999059092369862e-05,1.2592936754226685,0.0007228216854855418,0.04942965507507324
0,1841,1842,4.99905800097622e-05,1.2592225074768066,0.0007236117962747812,0.04940282553434372
0,1842,1843,4.9990572733804584e-05,1.2590974569320679,0.0007233175565488636,0.04937601834535599
0,1843,1844,4.999056181986816e-05,1.2590854167938232,0.0007237097015604377,0.04934924095869064
0,1844,1845,4.999055090593174e-05,1.25892174243927,0.0007236660458147526,0.04932249337434769
0,1845,1846,4.999054362997413e-05,1.2588523626327515,0.0007235495722852647,0.04929577559232712
0,1846,1847,4.99905290780589e-05,1.2589733600616455,0.0007236816454678774,0.04953979700803757
0,1847,1848,4.999051816412248e-05,1.2588632106781006,0.0007238997495733202,0.049512989819049835
0,1848,1849,4.999051088816486e-05,1.2588562965393066,0.000723968492820859,0.04948620870709419
0,1849,1850,4.9990496336249635e-05,1.2589471340179443,0.000724201207049191,0.04945945739746094
0,1850,1851,4.999048906029202e-05,1.2591137886047363,0.0007250157650560141,0.04943273961544037
0,1851,1852,4.99904781463556e-05,1.259169101715088,0.0007255509262904525,0.04940604791045189
0,1852,1853,4.999046723241918e-05,1.2589811086654663,0.0007257184479385614,0.0493793860077858
0,1853,1854,4.9990459956461564e-05,1.2588891983032227,0.0007262631552293897,0.049352750182151794
0,1854,1855,4.9990445404546335e-05,1.2588191032409668,0.0007262779399752617,0.04932614415884018
0,1855,1856,4.999043812858872e-05,1.2587919235229492,0.0007266110042110085,0.04929956793785095
0,1856,1857,4.999043085263111e-05,1.2586718797683716,0.0007264638552442193,0.04927302151918411
0,1857,1858,4.999041630071588e-05,1.258582353591919,0.0007275355746969581,0.04924650117754936
0,1858,1859,4.9990409024758264e-05,1.2585422992706299,0.0007285622996278107,0.049220010638237
0,1859,1860,4.999039811082184e-05,1.2586686611175537,0.0007292922819033265,0.049193546175956726
0,1860,1861,4.9990383558906615e-05,1.2585670948028564,0.0007303179008886218,0.04916711524128914
0,1861,1862,4.9990376282949e-05,1.2585175037384033,0.0007306176703423262,0.04914070665836334
0,1862,1863,4.999036536901258e-05,1.2584004402160645,0.0007308068452402949,0.04911433160305023
0,1863,1864,4.999035445507616e-05,1.2582350969314575,0.0007311015506274998,0.04908798262476921
0,1864,1865,4.999034354113974e-05,1.2581331729888916,0.0007309677312150598,0.04906166344881058
0,1865,1866,4.9990332627203315e-05,1.2580533027648926,0.0007306640618480742,0.04903537034988403
0,1866,1867,4.99903253512457e-05,1.2580612897872925,0.0007318525458686054,0.04900910705327988
0,1867,1868,4.999031443730928e-05,1.2580513954162598,0.0007320543518289924,0.04898286610841751
0,1868,1869,4.999030352337286e-05,1.2578680515289307,0.000732078799046576,0.04895666241645813
0,1869,1870,4.9990296247415245e-05,1.257751703262329,0.0007318501593545079,0.04893048107624054
0,1870,1871,4.9990281695500016e-05,1.2577040195465088,0.0007320962613448501,0.04890432953834534
0,1871,1872,4.99902744195424e-05,1.257725477218628,0.0007324328180402517,0.049145299941301346
0,1872,1873,4.999026350560598e-05,1.257617473602295,0.0007330173393711448,0.04911906272172928
0,1873,1874,4.999024895369075e-05,1.2575486898422241,0.0007334757829084992,0.0490928515791893
0,1874,1875,4.999024167773314e-05,1.2574694156646729,0.0007334512192755938,0.04906667023897171
0,1875,1876,4.999023076379672e-05,1.2574853897094727,0.0007336016278713942,0.04904051125049591
0,1876,1877,4.9990219849860296e-05,1.257448434829712,0.000733914494048804,0.0490143857896328
0,1877,1878,4.9990208935923874e-05,1.2573068141937256,0.0007345849880948663,0.048988282680511475
0,1878,1879,4.999019802198745e-05,1.25734281539917,0.0007352717802859843,0.04896221309900284
0,1879,1880,4.999018710805103e-05,1.2572355270385742,0.0007354091503657401,0.04893616959452629
0,1880,1881,4.999017619411461e-05,1.2571828365325928,0.0007358959410339594,0.04891015589237213
0,1881,1882,4.999016528017819e-05,1.2571102380752563,0.000735737441573292,0.04888416826725006
0,1882,1883,4.9990158004220575e-05,1.2570807933807373,0.0007360357558354735,0.04885820671916008
0,1883,1884,4.9990147090284154e-05,1.2569491863250732,0.0007361416355706751,0.04883227124810219
0,1884,1885,4.999013617634773e-05,1.2568883895874023,0.0007368325022980571,0.04880636930465698
0,1885,1886,4.999012526241131e-05,1.2568929195404053,0.0007377219735644758,0.04878048598766327
0,1886,1887,4.99901179864537e-05,1.2568068504333496,0.0007377064321190119,0.04875463619828224
0,1887,1888,4.9990107072517276e-05,1.2567417621612549,0.0007373999105766416,0.0487288162112236
0,1888,1889,4.9990096158580855e-05,1.2567464113235474,0.0007378318114206195,0.048703018575906754
0,1889,1890,4.999008524464443e-05,1.2567564249038696,0.0007382743060588837,0.048677247017621994
0,1890,1891,4.999007433070801e-05,1.2566897869110107,0.0007387958467006683,0.04865150898694992
0,1891,1892,4.999006341677159e-05,1.2566088438034058,0.0007385170320048928,0.04862579330801964
0,1892,1893,4.999005250283517e-05,1.2564327716827393,0.0007388074300251901,0.04860010743141174
0,1893,1894,4.999004158889875e-05,1.2564961910247803,0.0007389741367660463,0.04857444763183594
0,1894,1895,4.9990034312941134e-05,1.2566256523132324,0.0007392936386168003,0.04854881018400192
0,1895,1896,4.9990019761025906e-05,1.256666898727417,0.0007413761923089623,0.048523206263780594
0,1896,1897,4.9990008847089484e-05,1.2566534280776978,0.0007419442990794778,0.048497624695301056
0,1897,1898,4.999000157113187e-05,1.2566027641296387,0.0007429085089825094,0.048472076654434204
0,1898,1899,4.998998701921664e-05,1.2565572261810303,0.0007430078694596887,0.04844655096530914
0,1899,1900,4.998997974325903e-05,1.2564849853515625,0.0007435163133777678,0.04842105135321617
0,1900,1901,4.9989968829322606e-05,1.2565909624099731,0.0007443676004186273,0.04839558154344559
0,1901,1902,4.998995427740738e-05,1.2564603090286255,0.0007441657944582403,0.04837013781070709
0,1902,1903,4.9989947001449764e-05,1.2564034461975098,0.000745240249671042,0.04834471642971039
0,1903,1904,4.998993608751334e-05,1.2564976215362549,0.0007464761147275567,0.04831932857632637
0,1904,1905,4.998992517357692e-05,1.2564070224761963,0.00074645911809057,0.04829396307468414
0,1905,1906,4.99899142596405e-05,1.2564449310302734,0.000746087753213942,0.048530954867601395
0,1906,1907,4.998990334570408e-05,1.256464958190918,0.0007462772773578763,0.0485055074095726
0,1907,1908,4.9989896069746464e-05,1.2564003467559814,0.0007467918330803514,0.0484800823032856
0,1908,1909,4.998988515581004e-05,1.2563514709472656,0.0007472720462828875,0.048454686999320984
0,1909,1910,4.998987424187362e-05,1.256331443786621,0.0007477303151972592,0.04842931777238846
0,1910,1911,4.99898633279372e-05,1.2562892436981201,0.0007481902139261365,0.04840397834777832
0,1911,1912,4.998985241400078e-05,1.2562432289123535,0.0007486983668059111,0.04837866127490997
0,1912,1913,4.998984150006436e-05,1.2561593055725098,0.0007498443592339754,0.048353374004364014
0,1913,1914,4.998983058612794e-05,1.2560460567474365,0.0007505616522394121,0.048328109085559845
0,1914,1915,4.9989819672191516e-05,1.255955696105957,0.0007506139809265733,0.048302873969078064
0,1915,1916,4.9989808758255094e-05,1.2558614015579224,0.0007505734683945775,0.048277661204338074
0,1916,1917,4.998979784431867e-05,1.2558947801589966,0.0007506669498980045,0.04825247824192047
0,1917,1918,4.998978693038225e-05,1.256034016609192,0.0007510430295951664,0.04848800599575043
0,1918,1919,4.998977601644583e-05,1.2559068202972412,0.0007514812750741839,0.04846274107694626
0,1919,1920,4.9989768740488216e-05,1.2559611797332764,0.0007522923406213522,0.04843749850988388
0,1920,1921,4.998975418857299e-05,1.2559698820114136,0.000752213061787188,0.04841228574514389
0,1921,1922,4.9989746912615374e-05,1.2559881210327148,0.0007527699926868081,0.04838709533214569
0,1922,1923,4.998973599867895e-05,1.2559468746185303,0.0007530306465923786,0.04836193472146988
0,1923,1924,4.998972508474253e-05,1.255835771560669,0.0007531134178861976,0.04833679646253586
0,1924,1925,4.998971417080611e-05,1.255751609802246,0.0007528741261921823,0.048311688005924225
0,1925,1926,4.998970325686969e-05,1.2557897567749023,0.0007533238967880607,0.04828660190105438
0,1926,1927,4.998969234293327e-05,1.2556853294372559,0.0007532657473348081,0.04826154559850693
0,1927,1928,4.998968506697565e-05,1.255692958831787,0.0007533952593803406,0.04823651537299156
0,1928,1929,4.9989670515060425e-05,1.2557121515274048,0.0007535964250564575,0.04821150749921799
0,1929,1930,4.9989659601124004e-05,1.2556326389312744,0.0007533484022133052,0.0481865257024765
0,1930,1931,4.998965232516639e-05,1.2555485963821411,0.000754202832467854,0.048161573708057404
0,1931,1932,4.998963777325116e-05,1.255419373512268,0.000754724198486656,0.048136644065380096
0,1932,1933,4.998963049729355e-05,1.2554850578308105,0.0007548421854153275,0.04811174422502518
0,1933,1934,4.9989619583357126e-05,1.255394697189331,0.0007547371787950397,0.04808686673641205
0,1934,1935,4.99896050314419e-05,1.2552731037139893,0.0007551176240667701,0.04806201532483101
0,1935,1936,4.998959775548428e-05,1.2552151679992676,0.0007548614521510899,0.04803718999028206
0,1936,1937,4.998958684154786e-05,1.2552909851074219,0.0007556469645351171,0.0480123907327652
0,1937,1938,4.998957592761144e-05,1.2552151679992676,0.0007563014514744282,0.047987617552280426
0,1938,1939,4.998956501367502e-05,1.255406141281128,0.0007564632687717676,0.047962866723537445
0,1939,1940,4.99895540997386e-05,1.2553174495697021,0.0007568508153781295,0.04793814569711685
0,1940,1941,4.9989543185802177e-05,1.25527024269104,0.000757036148570478,0.04791344702243805
0,1941,1942,4.9989532271865755e-05,1.2552087306976318,0.0007567271823063493,0.047888774424791336
0,1942,1943,4.998952499590814e-05,1.255286693572998,0.0007573536131531,0.04786412790417671
0,1943,1944,4.998951044399291e-05,1.2553201913833618,0.0007575670606456697,0.04783950746059418
0,1944,1945,4.998949953005649e-05,1.2552258968353271,0.0007579113007523119,0.04781491309404373
0,1945,1946,4.998948861612007e-05,1.2551660537719727,0.0007585433777421713,0.04779033735394478
0,1946,1947,4.998947406420484e-05,1.255159616470337,0.0007597461808472872,0.04776579141616821
0,1947,1948,4.998946678824723e-05,1.255035161972046,0.0007594998460263014,0.04774127155542374
0,1948,1949,4.9989455874310806e-05,1.2550162076950073,0.0007597957737743855,0.04771677777171135
0,1949,1950,4.9989444960374385e-05,1.254947543144226,0.000759970280341804,0.04769230633974075
0,1950,1951,4.9989434046437964e-05,1.2548372745513916,0.0007601036923006177,0.047667860984802246
0,1951,1952,4.998942313250154e-05,1.2548350095748901,0.0007611886831000447,0.04764344170689583
0,1952,1953,4.998941221856512e-05,1.2547338008880615,0.000760965864174068,0.0476190447807312
0,1953,1954,4.99894013046287e-05,1.2547621726989746,0.000761716568376869,0.04759467765688896
0,1954,1955,4.998939039069228e-05,1.2547895908355713,0.0007620467222295702,0.04757033288478851
0,1955,1956,4.998937947675586e-05,1.2547566890716553,0.0007618835661560297,0.047546014189720154
0,1956,1957,4.9989368562819436e-05,1.2547452449798584,0.0007632555207237601,0.047521717846393585
0,1957,1958,4.9989357648883015e-05,1.254650354385376,0.0007632584311068058,0.04749744385480881
0,1958,1959,4.9989343096967787e-05,1.2548106908798218,0.0007644104771316051,0.04747319966554642
0,1959,1960,4.998933582101017e-05,1.2547205686569214,0.0007646224112249911,0.04744897782802582
0,1960,1961,4.998932490707375e-05,1.2547142505645752,0.0007651712512597442,0.04742478206753731
0,1961,1962,4.998931035515852e-05,1.2545844316482544,0.0007653452921658754,0.04740060865879059
0,1962,1963,4.998930307920091e-05,1.2544952630996704,0.0007656674133613706,0.04737646505236626
0,1963,1964,4.998929216526449e-05,1.2544193267822266,0.0007653401116840541,0.047352343797683716
0,1964,1965,4.9989281251328066e-05,1.2543683052062988,0.0007655407534912229,0.047328244894742966
0,1965,1966,4.9989270337391645e-05,1.2543059587478638,0.0007652147905901074,0.047304168343544006
0,1966,1967,4.9989259423455223e-05,1.2541992664337158,0.0007655196241103113,0.047280121594667435
0,1967,1968,4.99892485095188e-05,1.2541193962097168,0.0007660759147256613,0.047256097197532654
0,1968,1969,4.998923759558238e-05,1.2542146444320679,0.0007662763819098473,0.04748603329062462
0,1969,1970,4.998922668164596e-05,1.2543740272521973,0.0007665680604986846,0.04771573469042778
0,1970,1971,4.998921576770954e-05,1.2541990280151367,0.0007668827893212438,0.047691527754068375
0,1971,1972,4.998920485377312e-05,1.2541229724884033,0.0007672648061998188,0.04766734316945076
0,1972,1973,4.9989193939836696e-05,1.2541048526763916,0.0007669172482565045,0.047643184661865234
0,1973,1974,4.9989183025900275e-05,1.254256010055542,0.0007673742948099971,0.0476190485060215
0,1974,1975,4.998917574994266e-05,1.2542846202850342,0.0007678554393351078,0.047594934701919556
0,1975,1976,4.998916119802743e-05,1.2542892694473267,0.000767918536439538,0.0475708469748497
0,1976,1977,4.998915028409101e-05,1.2542037963867188,0.0007685994496569037,0.047546789050102234
0,1977,1978,4.9989143008133397e-05,1.2543736696243286,0.000768797704949975,0.04752274975180626
0,1978,1979,4.998912845621817e-05,1.254345178604126,0.000769210048019886,0.047498736530542374
0,1979,1980,4.998911754228175e-05,1.2542098760604858,0.0007690187776461244,0.04747474938631058
0,1980,1981,4.9989106628345326e-05,1.254268765449524,0.0007695587119087577,0.04745078086853027
0,1981,1982,4.9989095714408904e-05,1.2541580200195312,0.0007701817667111754,0.04742684215307236
0,1982,1983,4.998908480047248e-05,1.2541712522506714,0.0007702381117269397,0.04740292578935623
0,1983,1984,4.9989070248557255e-05,1.2542346715927124,0.0007703651790507138,0.0473790317773819
0,1984,1985,4.998906297259964e-05,1.2541847229003906,0.0007714672246947885,0.04735516384243965
0,1985,1986,4.998904842068441e-05,1.2542407512664795,0.000771109014749527,0.04758308082818985
0,1986,1987,4.99890411447268e-05,1.2541472911834717,0.0007708602934144437,0.04755913466215134
0,1987,1988,4.998903023079038e-05,1.2540619373321533,0.0007713381783105433,0.047535210847854614
0,1988,1989,4.998901567887515e-05,1.2539496421813965,0.0007712041260674596,0.04751131311058998
0,1989,1990,4.9989008402917534e-05,1.2538723945617676,0.0007715637912042439,0.04748743772506714
0,1990,1991,4.998899748898111e-05,1.253812551498413,0.0007716765394434333,0.047463588416576385
0,1991,1992,4.998898657504469e-05,1.2537176609039307,0.0007716691470704973,0.047439757734537125
0,1992,1993,4.998897566110827e-05,1.2535817623138428,0.0007715526153333485,0.04741595685482025
0,1993,1994,4.998896474717185e-05,1.2534443140029907,0.000771459424868226,0.04739217460155487
0,1994,1995,4.998895383323543e-05,1.2534596920013428,0.0007723012240603566,0.04736842215061188
0,1995,1996,4.9988942919299006e-05,1.2533602714538574,0.0007724103634245694,0.047344692051410675
0,1996,1997,4.998892836738378e-05,1.2532680034637451,0.0007724998285993934,0.047320980578660965
0,1997,1998,4.998891745344736e-05,1.2531776428222656,0.0007725174073129892,0.04729729890823364
0,1998,1999,4.998891017748974e-05,1.253070592880249,0.0007729833014309406,0.04727363586425781
0,1999,2000,4.9988895625574514e-05,1.2531688213348389,0.0007735342951491475,0.04725000262260437
1,0,2001,4.9988881073659286e-05,1.459820032119751,0.0008883384289219975,5.953998183372278e-09
1,1,2002,4.998887379770167e-05,1.2315311431884766,0.0006977270822972059,3.7681644471376785e-09
1,2,2003,4.998886288376525e-05,1.129939317703247,0.000741613854188472,2.74323341820093e-09
1,3,2004,4.998885196982883e-05,1.1678271293640137,0.0011143775191158056,2.062405801694922e-09
1,4,2005,4.998884105589241e-05,1.209193229675293,0.001323492149822414,1.6516155110224418e-09
1,5,2006,4.998883014195599e-05,1.2550209760665894,0.0013967350823804736,0.0833333358168602
1,6,2007,4.9988819228019565e-05,1.227670669555664,0.0013255999656394124,0.0714285746216774
1,7,2008,4.9988808314083144e-05,1.2155625820159912,0.0012336659710854292,0.0625000074505806
1,8,2009,4.998879740014672e-05,1.2152751684188843,0.0011266726069152355,0.0555555634200573
1,9,2010,4.9988782848231494e-05,1.1944407224655151,0.0010665606241673231,0.05000000447034836
1,10,2011,4.998877557227388e-05,1.2167208194732666,0.0009702240931801498,0.045454565435647964
1,11,2012,4.998876465833746e-05,1.236137866973877,0.0008898740052245557,0.04166669771075249
1,12,2013,4.998875010642223e-05,1.215291976928711,0.0008699799072928727,0.03846156969666481
1,13,2014,4.998873919248581e-05,1.226704716682434,0.000912345596589148,0.03571430966258049
1,14,2015,4.998872827854939e-05,1.2110573053359985,0.0010434185387566686,0.03333335742354393
1,15,2016,4.998871736461297e-05,1.1950498819351196,0.0010720082791522145,0.03125002235174179
1,16,2017,4.9988706450676546e-05,1.1805353164672852,0.0010556502966210246,0.029411785304546356
1,17,2018,4.9988695536740124e-05,1.1902858018875122,0.0009985438082367182,0.02777780219912529
1,18,2019,4.99886846228037e-05,1.1786565780639648,0.0010504506062716246,0.026315812021493912
1,19,2020,4.998867370886728e-05,1.1768286228179932,0.001214918796904385,0.02500002272427082
1,20,2021,4.998866643290967e-05,1.1830326318740845,0.001200689235702157,0.04761906713247299
1,21,2022,4.998864824301563e-05,1.1925605535507202,0.0011811654549092054,0.0681818351149559
1,22,2023,4.998864096705802e-05,1.2015595436096191,0.0012164725922048092,0.06521740555763245
1,23,2024,4.9988630053121597e-05,1.208760380744934,0.001178744132630527,0.08333335071802139
1,24,2025,4.998861550120637e-05,1.216834545135498,0.0011328161926940084,0.10000001639127731
1,25,2026,4.998860458726995e-05,1.2194037437438965,0.001141492510214448,0.11538462340831757
1,26,2027,4.9988593673333526e-05,1.2178471088409424,0.0011211460223421454,0.111111119389534
1,27,2028,4.9988582759397104e-05,1.2209522724151611,0.0011279815807938576,0.107142873108387
1,28,2029,4.998857184546068e-05,1.223867654800415,0.0011256145080551505,0.1034482941031456
1,29,2030,4.998856093152426e-05,1.2290992736816406,0.0011283226776868105,0.10000001639127731
1,30,2031,4.998855001758784e-05,1.223968267440796,0.0011314768344163895,0.09677420556545258
1,31,2032,4.998853546567261e-05,1.2225139141082764,0.0011110358173027635,0.0937500149011612
1,32,2033,4.9988528189715e-05,1.2323442697525024,0.001148242736235261,0.09090910851955414
1,33,2034,4.998851727577858e-05,1.2437589168548584,0.0011404757387936115,0.10294118523597717
1,34,2035,4.998850272386335e-05,1.2389724254608154,0.0011352889705449343,0.10000000894069672
1,35,2036,4.998849180992693e-05,1.2421677112579346,0.0011167817283421755,0.1111111268401146
1,36,2037,4.9988480895990506e-05,1.2400903701782227,0.001107907621189952,0.10810811817646027
1,37,2038,4.9988469982054085e-05,1.240203857421875,0.0010815361747518182,0.10526317358016968
1,38,2039,4.998845906811766e-05,1.2338285446166992,0.0010829835664480925,0.10256412625312805
1,39,2040,4.998845179216005e-05,1.240283489227295,0.0011084915604442358,0.10000001639127731
1,40,2041,4.998843724024482e-05,1.2484760284423828,0.0010814551496878266,0.12195122987031937
1,41,2042,4.99884263263084e-05,1.2506924867630005,0.0010578436776995659,0.130952388048172
1,42,2043,4.998841541237198e-05,1.2470381259918213,0.001077753840945661,0.12790699303150177
1,43,2044,4.998840086045675e-05,1.2431228160858154,0.0010611136676743627,0.1250000149011612
1,44,2045,4.998838994652033e-05,1.2462114095687866,0.0010622632689774036,0.12222223728895187
1,45,2046,4.998837903258391e-05,1.2487971782684326,0.0010604180861264467,0.1304347813129425
1,46,2047,4.9988368118647486e-05,1.2490696907043457,0.00106209481600672,0.12765958905220032
1,47,2048,4.9988357204711065e-05,1.2537786960601807,0.0010653957724571228,0.125
1,48,2049,4.9988346290774643e-05,1.2516428232192993,0.0010507905390113592,0.12244899570941925
1,49,2050,4.998833537683822e-05,1.253281593322754,0.0010940150823444128,0.12000000476837158
1,50,2051,4.9988320824922994e-05,1.2503464221954346,0.0011120735434815288,0.11764706671237946
1,51,2052,4.998830991098657e-05,1.2543184757232666,0.0011161284055560827,0.11538462340831757
1,52,2053,4.998829899705015e-05,1.2532345056533813,0.001101172179915011,0.12264151871204376
1,53,2054,4.998828808311373e-05,1.2510164976119995,0.0011115114903077483,0.12037038058042526
1,54,2055,4.998827716917731e-05,1.252839207649231,0.0010914846789091825,0.11818182468414307
1,55,2056,4.998826625524089e-05,1.2547653913497925,0.0011110649211332202,0.1160714402794838
1,56,2057,4.9988255341304466e-05,1.249610424041748,0.0010997946374118328,0.11403509974479675
1,57,2058,4.998824078938924e-05,1.2512564659118652,0.0011115225497633219,0.11206897348165512
1,58,2059,4.9988233513431624e-05,1.2510991096496582,0.0011073790956288576,0.11864407360553741
1,59,2060,4.9988218961516395e-05,1.2492576837539673,0.0011056505609303713,0.11666667461395264
1,60,2061,4.9988208047579974e-05,1.2445656061172485,0.0011190748773515224,0.1147541031241417
1,61,2062,4.998819713364355e-05,1.2492966651916504,0.0011232662945985794,0.11290322989225388
1,62,2063,4.998818621970713e-05,1.2504818439483643,0.001130267744883895,0.111111119389534
1,63,2064,4.998817530577071e-05,1.2517716884613037,0.001132132951170206,0.1093750074505806
1,64,2065,4.998816439183429e-05,1.2603070735931396,0.001135716331191361,0.11538462340831757
1,65,2066,4.998815347789787e-05,1.263658046722412,0.0011185482144355774,0.12121213227510452
1,66,2067,4.998813892598264e-05,1.2671068906784058,0.0011153554078191519,0.11940299719572067
1,67,2068,4.998812801204622e-05,1.2676563262939453,0.0011285468935966492,0.11764706671237946
1,68,2069,4.99881170981098e-05,1.264669418334961,0.001115091610699892,0.11594203114509583
1,69,2070,4.9988106184173375e-05,1.264119267463684,0.0011096765520051122,0.12142857909202576
1,70,2071,4.9988095270236954e-05,1.261000394821167,0.0011252060066908598,0.11971831321716309
1,71,2072,4.998808435630053e-05,1.264334797859192,0.001125335693359375,0.125
1,72,2073,4.998807344236411e-05,1.2628742456436157,0.001124072354286909,0.12328767776489258
1,73,2074,4.998805889044888e-05,1.2637293338775635,0.0011092014610767365,0.12162162363529205
1,74,2075,4.998804797651246e-05,1.2635961771011353,0.001116131548769772,0.12000000476837158
1,75,2076,4.998803706257604e-05,1.260066270828247,0.0011093155480921268,0.11842106282711029
1,76,2077,4.998802251066081e-05,1.2564358711242676,0.001108756521716714,0.11688312143087387
1,77,2078,4.99880152347032e-05,1.260420560836792,0.0011120946146547794,0.11538462340831757
1,78,2079,4.998800432076678e-05,1.2568681240081787,0.0011020652018487453,0.1139240562915802
1,79,2080,4.998798976885155e-05,1.255566120147705,0.0010893468279391527,0.11250000447034836
1,80,2081,4.998797521693632e-05,1.25927734375,0.0010758981807157397,0.12345679104328156
1,81,2082,4.9987967940978706e-05,1.2645883560180664,0.0010754363611340523,0.12804879248142242
1,82,2083,4.9987957027042285e-05,1.265791654586792,0.0010779814328998327,0.1265060305595398
1,83,2084,4.9987942475127056e-05,1.26560378074646,0.0010655863443389535,0.130952388048172
1,84,2085,4.998793519916944e-05,1.2666356563568115,0.0010794547852128744,0.12941177189350128
1,85,2086,4.9987920647254214e-05,1.2651424407958984,0.0010756859555840492,0.12790697813034058
1,86,2087,4.998790973331779e-05,1.2624449729919434,0.0010672168573364615,0.12643679976463318
1,87,2088,4.9987895181402564e-05,1.2615225315093994,0.0010578129440546036,0.125
1,88,2089,4.998788790544495e-05,1.262974500656128,0.0010648886673152447,0.12921348214149475
1,89,2090,4.998787335352972e-05,1.2631726264953613,0.00106012262403965,0.12777778506278992
1,90,2091,4.99878624395933e-05,1.2645995616912842,0.0010559132788330317,0.1318681389093399
1,91,2092,4.998785152565688e-05,1.262603998184204,0.0010514541063457727,0.1304347813129425
1,92,2093,4.998784061172046e-05,1.2664577960968018,0.0010556047782301903,0.1344086080789566
1,93,2094,4.998782605980523e-05,1.2675236463546753,0.0010547046549618244,0.13297873735427856
1,94,2095,4.998781514586881e-05,1.2654485702514648,0.0010549207217991352,0.1315789520740509
1,95,2096,4.9987807869911194e-05,1.2645620107650757,0.0010468695545569062,0.1302083432674408
1,96,2097,4.9987793317995965e-05,1.2625811100006104,0.0010520571377128363,0.12886598706245422
1,97,2098,4.9987782404059544e-05,1.2644073963165283,0.0010413660202175379,0.13265307247638702
1,98,2099,4.998777149012312e-05,1.2630729675292969,0.001039975555613637,0.13131313025951385
1,99,2100,4.9987756938207895e-05,1.2595176696777344,0.001040284289047122,0.1300000101327896
1,100,2101,4.998774602427147e-05,1.2582018375396729,0.0010367933427914977,0.12871287763118744
1,101,2102,4.998773511033505e-05,1.2613568305969238,0.0010307526681572199,0.13235294818878174
1,102,2103,4.998772783437744e-05,1.2640681266784668,0.0010392791591584682,0.13106796145439148
1,103,2104,4.99877096444834e-05,1.2622954845428467,0.0010364954359829426,0.12980769574642181
1,104,2105,4.998769873054698e-05,1.261339783668518,0.001039140042848885,0.12857143580913544
1,105,2106,4.998768781661056e-05,1.2632379531860352,0.0010399363236501813,0.12735849618911743
1,106,2107,4.998767690267414e-05,1.2624890804290771,0.0010445676743984222,0.12616823613643646
1,107,2108,4.998766598873772e-05,1.2647032737731934,0.0010488936677575111,0.125
1,108,2109,4.9987655074801296e-05,1.2647243738174438,0.001051533967256546,0.12385322153568268
1,109,2110,4.9987644160864875e-05,1.2632269859313965,0.0010434419382363558,0.12272727489471436
1,110,2111,4.9987629608949646e-05,1.2643134593963623,0.001035324763506651,0.12612612545490265
1,111,2112,4.9987618695013225e-05,1.26438570022583,0.001030158018693328,0.125
1,112,2113,4.9987607781076804e-05,1.2670807838439941,0.0010316866682842374,0.12831857800483704
1,113,2114,4.9987593229161575e-05,1.2680376768112183,0.0010295701213181019,0.12719298899173737
1,114,2115,4.9987582315225154e-05,1.2722790241241455,0.0010268299374729395,0.1304347813129425
1,115,2116,4.9987567763309926e-05,1.2710204124450684,0.0010198235977441072,0.12931033968925476
1,116,2117,4.998756048735231e-05,1.2694114446640015,0.0010266921017318964,0.12820513546466827
1,117,2118,4.998754593543708e-05,1.2691731452941895,0.0010333375539630651,0.12711864709854126
1,118,2119,4.998753865947947e-05,1.2687299251556396,0.0010272786021232605,0.1260504275560379
1,119,2120,4.998752410756424e-05,1.268620491027832,0.0010298440465703607,0.125
1,120,2121,4.998751319362782e-05,1.2666423320770264,0.0010253636864945292,0.12396694719791412
1,121,2122,4.998749864171259e-05,1.2642648220062256,0.001030418206937611,0.12295082211494446
1,122,2123,4.998748772777617e-05,1.2667490243911743,0.0010315477848052979,0.12195122241973877
1,123,2124,4.9987480451818556e-05,1.2664237022399902,0.0010339529253542423,0.12096774578094482
1,124,2125,4.998746226192452e-05,1.2654948234558105,0.0010354113765060902,0.12000000476837158
1,125,2126,4.9987454985966906e-05,1.265985369682312,0.001036529429256916,0.1190476268529892
1,126,2127,4.998744043405168e-05,1.2654000520706177,0.0010300613939762115,0.11811023950576782
1,127,2128,4.9987429520115256e-05,1.2666032314300537,0.001034226967021823,0.1171875
1,128,2129,4.9987418606178835e-05,1.2663624286651611,0.0010298172710463405,0.12015504390001297
1,129,2130,4.9987407692242414e-05,1.2644752264022827,0.0010283750016242266,0.11923077702522278
1,130,2131,4.998739677830599e-05,1.2630910873413086,0.0010236871894448996,0.11832061409950256
1,131,2132,4.9987382226390764e-05,1.262084722518921,0.0010233629727736115,0.11742424964904785
1,132,2133,4.998737131245434e-05,1.261378526687622,0.001024668337777257,0.11654135584831238
1,133,2134,4.998736039851792e-05,1.2608213424682617,0.0010206719161942601,0.11567164212465286
1,134,2135,4.998734584660269e-05,1.2629491090774536,0.0010131113231182098,0.12222222238779068
1,135,2136,4.9987331294687465e-05,1.263317346572876,0.0010143548715859652,0.12132352590560913
1,136,2137,4.998732401872985e-05,1.2614119052886963,0.0010086062829941511,0.12043795734643936
1,137,2138,4.998731310479343e-05,1.262448787689209,0.0010054900776594877,0.12318840622901917
1,138,2139,4.99872985528782e-05,1.2609912157058716,0.0010054388549178839,0.12230215966701508
1,139,2140,4.998728763894178e-05,1.2622183561325073,0.0009983000345528126,0.12142857164144516
1,140,2141,4.998727308702655e-05,1.2618138790130615,0.00100295792799443,0.12056737393140793
1,141,2142,4.998726581106894e-05,1.2611863613128662,0.0010028885444626212,0.11971831321716309
1,142,2143,4.998725125915371e-05,1.2602416276931763,0.001007092883810401,0.11888112127780914
1,143,2144,4.9987243983196095e-05,1.2582025527954102,0.001004675985313952,0.1180555522441864
1,144,2145,4.9987229431280866e-05,1.2571914196014404,0.0010060680797323585,0.11724138259887695
1,145,2146,4.998721487936564e-05,1.255673885345459,0.0010026635136455297,0.1164383590221405
1,146,2147,4.998720396542922e-05,1.2556264400482178,0.001004853518679738,0.11564625799655914
1,147,2148,4.9987193051492795e-05,1.2554206848144531,0.0010029179975390434,0.11486486345529556
1,148,2149,4.9987182137556374e-05,1.255305290222168,0.0009987613884732127,0.11409395933151245
1,149,2150,4.9987167585641146e-05,1.2558128833770752,0.001003992510959506,0.1133333370089531
1,150,2151,4.9987156671704724e-05,1.2571654319763184,0.0010030703851953149,0.11258278042078018
1,151,2152,4.99871457577683e-05,1.2600818872451782,0.0010042190551757812,0.11513157933950424
1,152,2153,4.998713484383188e-05,1.2608853578567505,0.0009977046865969896,0.11437908560037613
1,153,2154,4.9987120291916654e-05,1.2600983381271362,0.0009969192324206233,0.11363635957241058
1,154,2155,4.998710937798023e-05,1.2603622674942017,0.0009975279681384563,0.11290322244167328
1,155,2156,4.998709846404381e-05,1.2591221332550049,0.0009929051157087088,0.11217948794364929
1,156,2157,4.998708391212858e-05,1.2599431276321411,0.0009867289336398244,0.1146496832370758
1,157,2158,4.998707299819216e-05,1.2602410316467285,0.000989190535619855,0.1139240562915802
1,158,2159,4.998705844627693e-05,1.2605726718902588,0.0009834275115281343,0.11635220050811768
1,159,2160,4.998705117031932e-05,1.2597453594207764,0.000981474295258522,0.11562499403953552
1,160,2161,4.998703661840409e-05,1.2610092163085938,0.000975398812443018,0.1180124282836914
1,161,2162,4.998702570446767e-05,1.2627744674682617,0.0009693778119981289,0.12345679104328156
1,162,2163,4.998701115255244e-05,1.263195514678955,0.0009635798633098602,0.12576687335968018
1,163,2164,4.998700023861602e-05,1.2620741128921509,0.0009584154468029737,0.125
1,164,2165,4.99869893246796e-05,1.2613496780395508,0.0009579944889992476,0.12424242496490479
1,165,2166,4.998697841074318e-05,1.2623670101165771,0.0009556757286190987,0.1234939843416214
1,166,2167,4.998696385882795e-05,1.261399269104004,0.0009524712804704905,0.12275448441505432
1,167,2168,4.998695294489153e-05,1.2615630626678467,0.000947150751017034,0.125
1,168,2169,4.9986942030955106e-05,1.2596887350082397,0.0009457055712118745,0.12426035106182098
1,169,2170,4.998692747903988e-05,1.2593529224395752,0.0009447061456739902,0.12352941930294037
1,170,2171,4.9986916565103456e-05,1.2592408657073975,0.000941690756008029,0.1257309913635254
1,171,2172,4.998690201318823e-05,1.259709119796753,0.0009363900171592832,0.12790697813034058
1,172,2173,4.9986894737230614e-05,1.2585604190826416,0.0009317789226770401,0.12716762721538544
1,173,2174,4.9986880185315385e-05,1.258704662322998,0.0009266143897548318,0.12643678486347198
1,174,2175,4.9986869271378964e-05,1.2581546306610107,0.0009234545868821442,0.1257142871618271
1,175,2176,4.9986854719463736e-05,1.2588858604431152,0.0009226544643752277,0.125
1,176,2177,4.9986843805527315e-05,1.2584755420684814,0.0009254479664377868,0.12429378181695938
1,177,2178,4.998683289159089e-05,1.2589958906173706,0.0009281905950047076,0.12359550595283508
1,178,2179,4.9986818339675665e-05,1.2589943408966064,0.0009306868305429816,0.12290503084659576
1,179,2180,4.9986807425739244e-05,1.2594037055969238,0.0009269758593291044,0.125
1,180,2181,4.998679651180282e-05,1.258906364440918,0.0009251956362277269,0.12430939078330994
1,181,2182,4.99867855978664e-05,1.2593226432800293,0.0009201831417158246,0.12637363374233246
1,182,2183,4.998677104595117e-05,1.2588680982589722,0.0009197174804285169,0.12568305432796478
1,183,2184,4.998676013201475e-05,1.2575350999832153,0.0009180390043184161,0.125
1,184,2185,4.998674921807833e-05,1.258504033088684,0.0009199967025779188,0.12432432174682617
1,185,2186,4.998673830414191e-05,1.2575080394744873,0.0009182258509099483,0.12365591526031494
1,186,2187,4.9986720114247873e-05,1.2556381225585938,0.0009159323526546359,0.12299464643001556
1,187,2188,4.998670920031145e-05,1.2547733783721924,0.0009130550315603614,0.12234042584896088
1,188,2189,4.998670192435384e-05,1.2555856704711914,0.0009097275324165821,0.12169312685728073
1,189,2190,4.998668737243861e-05,1.2555526494979858,0.000907400855794549,0.12368421256542206
1,190,2191,4.998667282052338e-05,1.2553422451019287,0.0009079555748030543,0.12303665280342102
1,191,2192,4.998666190658696e-05,1.2552462816238403,0.0009034078102558851,0.1223958283662796
1,192,2193,4.9986654630629346e-05,1.2554194927215576,0.000902205822058022,0.1243523359298706
1,193,2194,4.998664007871412e-05,1.2557282447814941,0.0008977864636108279,0.12628865242004395
1,194,2195,4.998662552679889e-05,1.2565357685089111,0.000897372723557055,0.12564103305339813
1,195,2196,4.998661461286247e-05,1.2563872337341309,0.0008932480122894049,0.12755101919174194
1,196,2197,4.9986603698926046e-05,1.2562835216522217,0.0008935233927331865,0.12690354883670807
1,197,2198,4.998658914701082e-05,1.2563459873199463,0.0008893093909136951,0.12878787517547607
1,198,2199,4.998657459509559e-05,1.2561581134796143,0.0008851731545291841,0.1306532621383667
1,199,2200,4.9986567319137976e-05,1.2556726932525635,0.0008846140699461102,0.12999999523162842
1,200,2201,4.998655276722275e-05,1.2549022436141968,0.0008806018158793449,0.12935324013233185
1,201,2202,4.998653821530752e-05,1.2536557912826538,0.0008774164598435163,0.12871287763118744
1,202,2203,4.99865273013711e-05,1.2533047199249268,0.0008796770707704127,0.12807881832122803
1,203,2204,4.998652002541348e-05,1.2533674240112305,0.0008806464611552656,0.12745098769664764
1,204,2205,4.9986505473498255e-05,1.255394697189331,0.0008791231084614992,0.12926828861236572
1,205,2206,4.998649092158303e-05,1.2552109956741333,0.0008792123990133405,0.1286407709121704
1,206,2207,4.9986480007646605e-05,1.2551501989364624,0.0008802866796031594,0.128019317984581
1,207,2208,4.9986469093710184e-05,1.2552049160003662,0.000879406463354826,0.1274038553237915
1,208,2209,4.9986454541794956e-05,1.2535655498504639,0.0008779936470091343,0.1267942488193512
1,209,2210,4.998643998987973e-05,1.2535499334335327,0.0008767053950577974,0.12619048357009888
1,210,2211,4.998643271392211e-05,1.2531075477600098,0.0008728407556191087,0.1255924105644226
1,211,2212,4.9986418162006885e-05,1.2537527084350586,0.0008707002270966768,0.12735849618911743
1,212,2213,4.9986407248070464e-05,1.253983974456787,0.0008725672960281372,0.1267605721950531
1,213,2214,4.9986392696155235e-05,1.2547945976257324,0.0008684899075888097,0.13084112107753754
1,214,2215,4.9986381782218814e-05,1.2556705474853516,0.000864469213411212,0.13255813717842102
1,215,2216,4.9986367230303586e-05,1.256307601928711,0.0008622883469797671,0.13425925374031067
1,216,2217,4.998635995434597e-05,1.2555758953094482,0.0008616275154054165,0.13364055752754211
1,217,2218,4.998634540243074e-05,1.2559701204299927,0.0008600138826295733,0.13302752375602722
1,218,2219,4.9986330850515515e-05,1.2559608221054077,0.0008575525134801865,0.13242009282112122
1,219,2220,4.998631993657909e-05,1.2556909322738647,0.0008543997537344694,0.13409090042114258
1,220,2221,4.998630902264267e-05,1.2549993991851807,0.0008528137113898993,0.13348416984081268
1,221,2222,4.9986294470727444e-05,1.2546091079711914,0.0008497622329741716,0.13513512909412384
1,222,2223,4.9986279918812215e-05,1.253035545349121,0.0008489183383062482,0.13452914357185364
1,223,2224,4.99862726428546e-05,1.253157615661621,0.0008469911408610642,0.1339285671710968
1,224,2225,4.998625809093937e-05,1.2533209323883057,0.0008432551985606551,0.13555556535720825
1,225,2226,4.9986243539024144e-05,1.2543351650238037,0.0008426978602074087,0.1349557489156723
1,226,2227,4.998623262508772e-05,1.2535480260849,0.0008428336586803198,0.13436123728752136
1,227,2228,4.998622534913011e-05,1.253597378730774,0.0008405381813645363,0.13377192616462708
1,228,2229,4.9986207159236073e-05,1.2527191638946533,0.000839082058519125,0.13318777084350586
1,229,2230,4.998619624529965e-05,1.2532745599746704,0.0008378571947105229,0.13260869681835175
1,230,2231,4.998618533136323e-05,1.2530674934387207,0.0008376040495932102,0.13203462958335876
1,231,2232,4.998617441742681e-05,1.253829002380371,0.0008381414227187634,0.13146552443504333
1,232,2233,4.998615986551158e-05,1.2527389526367188,0.000838563428260386,0.1309012770652771
1,233,2234,4.998614531359635e-05,1.2527592182159424,0.0008353336015716195,0.13034188747406006
1,234,2235,4.998613439965993e-05,1.2524924278259277,0.0008332198485732079,0.12978723645210266
1,235,2236,4.99861198477447e-05,1.2531718015670776,0.0008332335855811834,0.12923729419708252
1,236,2237,4.998611257178709e-05,1.2525795698165894,0.0008334710728377104,0.12869198620319366
1,237,2238,4.9986094381893054e-05,1.2527977228164673,0.0008325755479745567,0.12815126776695251
1,238,2239,4.998608346795663e-05,1.2516183853149414,0.0008321586064994335,0.1276150643825531
1,239,2240,4.998607255402021e-05,1.2512803077697754,0.0008310390403494239,0.12708333134651184
1,240,2241,4.998606164008379e-05,1.2502659559249878,0.0008280762122012675,0.12655602395534515
1,241,2242,4.998604708816856e-05,1.2511169910430908,0.000827651412691921,0.12603305280208588
1,242,2243,4.998603617423214e-05,1.2510147094726562,0.0008245748467743397,0.12757201492786407
1,243,2244,4.998602162231691e-05,1.2504949569702148,0.0008221561438404024,0.12704917788505554
1,244,2245,4.998601070838049e-05,1.2499585151672363,0.0008211564272642136,0.12653061747550964
1,245,2246,4.998599615646526e-05,1.2504388093948364,0.000820453860796988,0.12804877758026123
1,246,2247,4.998598524252884e-05,1.250084638595581,0.0008188960491679609,0.12753036618232727
1,247,2248,4.998597069061361e-05,1.2499043941497803,0.0008169154170900583,0.12903225421905518
1,248,2249,4.998595977667719e-05,1.250113844871521,0.0008183539612218738,0.12851405143737793
1,249,2250,4.998594886274077e-05,1.2494136095046997,0.0008173423702828586,0.12800000607967377
1,250,2251,4.9985930672846735e-05,1.2496445178985596,0.0008158957352861762,0.12749004364013672
1,251,2252,4.998592339688912e-05,1.2492988109588623,0.0008181181037798524,0.1269841343164444
1,252,2253,4.99859124829527e-05,1.247990369796753,0.0008165118633769453,0.12648221850395203
1,253,2254,4.998589793103747e-05,1.2473450899124146,0.0008141346042975783,0.12598425149917603
1,254,2255,4.998588337912224e-05,1.2467528581619263,0.0008123258594423532,0.125490203499794
1,255,2256,4.998587610316463e-05,1.2463736534118652,0.0008098602993413806,0.126953125
1,256,2257,4.998585791327059e-05,1.246220588684082,0.0008084530709311366,0.12645913660526276
1,257,2258,4.998584699933417e-05,1.2470046281814575,0.0008087941678240895,0.12596899271011353
1,258,2259,4.998583608539775e-05,1.2465181350708008,0.0008078051032498479,0.12548261880874634
1,259,2260,4.998582153348252e-05,1.2458157539367676,0.0008072779746726155,0.125
1,260,2261,4.99858106195461e-05,1.2456893920898438,0.0008044280111789703,0.12643678486347198
1,261,2262,4.998579970560968e-05,1.2466766834259033,0.0008045965223573148,0.12595421075820923
1,262,2263,4.9985781515715644e-05,1.2459595203399658,0.0008044764981605113,0.12547528743743896
1,263,2264,4.998577060177922e-05,1.2465838193893433,0.0008014453924261034,0.12689393758773804
1,264,2265,4.998576332582161e-05,1.2470555305480957,0.000800655921921134,0.12641510367393494
1,265,2266,4.998574513592757e-05,1.2483081817626953,0.0008020428940653801,0.12593984603881836
1,266,2267,4.998573422199115e-05,1.248828649520874,0.0007990449666976929,0.12734082341194153
1,267,2268,4.998571967007592e-05,1.248323678970337,0.0007980510126799345,0.1268656700849533
1,268,2269,4.99857087561395e-05,1.2488138675689697,0.0007951230509206653,0.1282527893781662
1,269,2270,4.998569784220308e-05,1.2492151260375977,0.0007922028889879584,0.12962964177131653
1,270,2271,4.998568329028785e-05,1.2480950355529785,0.0007921837968751788,0.12915128469467163
1,271,2272,4.9985668738372624e-05,1.2475374937057495,0.0007916020695120096,0.12867647409439087
1,272,2273,4.998566146241501e-05,1.2474284172058105,0.0007905962993390858,0.12820513546466827
1,273,2274,4.998564691049978e-05,1.2490850687026978,0.0007902320940047503,0.12773722410202026
1,274,2275,4.998563235858455e-05,1.2490417957305908,0.0007892068824730814,0.12909090518951416
1,275,2276,4.998562144464813e-05,1.249137043952942,0.0007892397698014975,0.12862318754196167
1,276,2277,4.998561053071171e-05,1.2489368915557861,0.0007908937404863536,0.128158837556839
1,277,2278,4.998559597879648e-05,1.2492256164550781,0.000789668585639447,0.12769784033298492
1,278,2279,4.998558506486006e-05,1.248103141784668,0.0007875186274759471,0.1272401511669159
1,279,2280,4.9985566874966025e-05,1.2480684518814087,0.0007847599918022752,0.12678571045398712
1,280,2281,4.9985555961029604e-05,1.248119592666626,0.0007821569452062249,0.12811388075351715
1,281,2282,4.998554868507199e-05,1.2490583658218384,0.0007809835951775312,0.12765957415103912
1,282,2283,4.9985530495177954e-05,1.2481709718704224,0.0007792396936565638,0.12720847129821777
1,283,2284,4.998551958124153e-05,1.2485638856887817,0.0007792583201080561,0.1267605572938919
1,284,2285,4.9985505029326305e-05,1.2484371662139893,0.0007799146114848554,0.12631578743457794
1,285,2286,4.9985494115389884e-05,1.248915672302246,0.0007789579685777426,0.1258741319179535
1,286,2287,4.998548320145346e-05,1.2477333545684814,0.0007780079613439739,0.12543553113937378
1,287,2288,4.9985468649538234e-05,1.2483041286468506,0.0007753123063594103,0.1267361044883728
1,288,2289,4.9985454097623006e-05,1.2485170364379883,0.0007727605989202857,0.12802767753601074
1,289,2290,4.998544682166539e-05,1.2492409944534302,0.0007739075226709247,0.12758620083332062
1,290,2291,4.9985428631771356e-05,1.2486436367034912,0.0007724701426923275,0.12714776396751404
1,291,2292,4.9985417717834935e-05,1.2484204769134521,0.0007709565106779337,0.12842465937137604
1,292,2293,4.9985403165919706e-05,1.2492724657058716,0.0007698776898905635,0.12969283759593964
1,293,2294,4.9985392251983285e-05,1.2495331764221191,0.0007692920626141131,0.12925170361995697
1,294,2295,4.9985381338046864e-05,1.2487735748291016,0.0007681723218411207,0.12881356477737427
1,295,2296,4.998537042411044e-05,1.2485957145690918,0.0007700285641476512,0.12837837636470795
1,296,2297,4.998535223421641e-05,1.2485857009887695,0.0007688914774917066,0.12962964177131653
1,297,2298,4.9985341320279986e-05,1.2506306171417236,0.0007690899074077606,0.12919463217258453
1,298,2299,4.998532676836476e-05,1.2509148120880127,0.0007694894447922707,0.12876254320144653
1,299,2300,4.9985315854428336e-05,1.2499597072601318,0.0007697969558648765,0.12833333015441895
1,300,2301,4.9985304940491915e-05,1.2502232789993286,0.0007674196967855096,0.12956809997558594
1,301,2302,4.998528675059788e-05,1.2498360872268677,0.0007650855113752186,0.12913906574249268
1,302,2303,4.9985279474640265e-05,1.2494304180145264,0.0007642501150257885,0.12871286273002625
1,303,2304,4.998526492272504e-05,1.2489347457885742,0.0007624827558174729,0.12828947603702545
1,304,2305,4.9985254008788615e-05,1.2486817836761475,0.0007619077805429697,0.1278688609600067
1,305,2306,4.998523945687339e-05,1.247683048248291,0.0007611305918544531,0.12745098769664764
1,306,2307,4.998522490495816e-05,1.2478275299072266,0.0007588545558974147,0.12866449356079102
1,307,2308,4.998521399102174e-05,1.24953031539917,0.0007599320961162448,0.1282467544078827
1,308,2309,4.9985203077085316e-05,1.2491109371185303,0.0007586617139168084,0.12783171236515045
1,309,2310,4.998518852517009e-05,1.2483839988708496,0.0007575579220429063,0.1274193525314331
1,310,2311,4.9985177611233667e-05,1.2483218908309937,0.0007571618189103901,0.12700964510440826
1,311,2312,4.998515942133963e-05,1.2474946975708008,0.0007551427697762847,0.12660256028175354
1,312,2313,4.998515214538202e-05,1.2491254806518555,0.0007544629042968154,0.12619808316230774
1,313,2314,4.998513759346679e-05,1.2497882843017578,0.0007539219222962856,0.12579616904258728
1,314,2315,4.998512304155156e-05,1.2493332624435425,0.0007520397193729877,0.12539683282375336
1,315,2316,4.998511212761514e-05,1.2496119737625122,0.0007508746348321438,0.125
1,316,2317,4.998509757569991e-05,1.2491745948791504,0.0007499763160012662,0.12460567057132721
1,317,2318,4.998508666176349e-05,1.2486040592193604,0.0007509575225412846,0.12421383708715439
1,318,2319,4.998507210984826e-05,1.2490332126617432,0.0007502732332795858,0.12382444739341736
1,319,2320,4.998505755793303e-05,1.2489943504333496,0.0007501729996874928,0.12343749403953552
1,320,2321,4.998504664399661e-05,1.24896240234375,0.0007503383094444871,0.12305295467376709
1,321,2322,4.998503209208138e-05,1.2495336532592773,0.000750105595216155,0.12267079949378967
1,322,2323,4.998502117814496e-05,1.2508745193481445,0.0007524519460275769,0.12229102849960327
1,323,2324,4.998500662622973e-05,1.2506475448608398,0.0007529596332460642,0.12191358208656311
1,324,2325,4.9984992074314505e-05,1.2503647804260254,0.0007532548625022173,0.12153846025466919
1,325,2326,4.998498479835689e-05,1.2504627704620361,0.0007551014423370361,0.12116564810276031
1,326,2327,4.9984966608462855e-05,1.2496087551116943,0.0007538885693065822,0.1207951009273529
1,327,2328,4.9984955694526434e-05,1.2492153644561768,0.0007518876809626818,0.12042683362960815
1,328,2329,4.9984941142611206e-05,1.250352382659912,0.0007524107350036502,0.12006078660488129
1,329,2330,4.9984930228674784e-05,1.2498736381530762,0.0007510369177907705,0.1196969747543335
1,330,2331,4.998491931473836e-05,1.2500505447387695,0.0007525298278778791,0.1193353533744812
1,331,2332,4.9984904762823135e-05,1.2501816749572754,0.0007524832617491484,0.11897590756416321
1,332,2333,4.9984890210907906e-05,1.2496824264526367,0.0007523569511249661,0.11861862242221832
1,333,2334,4.9984879296971485e-05,1.2500152587890625,0.000753117143176496,0.11826346814632416
1,334,2335,4.998486474505626e-05,1.2504019737243652,0.0007520411163568497,0.11791044473648071
1,335,2336,4.998485746909864e-05,1.250224232673645,0.0007515746983699501,0.1175595223903656
1,336,2337,4.998483927920461e-05,1.2494935989379883,0.0007498532067984343,0.11721068620681763
1,337,2338,4.9984828365268186e-05,1.249013900756836,0.0007480583153665066,0.1168639063835144
1,338,2339,4.998481381335296e-05,1.2494103908538818,0.0007476592436432838,0.11651917546987534
1,339,2340,4.9984802899416536e-05,1.2493568658828735,0.0007491576252505183,0.11617647111415863
1,340,2341,4.998478834750131e-05,1.250255823135376,0.0007495813770219684,0.1158357709646225
1,341,2342,4.9984777433564886e-05,1.250236988067627,0.0007496564066968858,0.11695906519889832
1,342,2343,4.998476288164966e-05,1.2510257959365845,0.0007528391433879733,0.1166180819272995
1,343,2344,4.998474832973443e-05,1.2505452632904053,0.0007528194691985846,0.11627906560897827
1,344,2345,4.998473741579801e-05,1.2497613430023193,0.0007531567243859172,0.11594203114509583
1,345,2346,4.998472650186159e-05,1.2492218017578125,0.0007513017626479268,0.11560693383216858
1,346,2347,4.998471194994636e-05,1.2496833801269531,0.0007509707938879728,0.11527377367019653
1,347,2348,4.998469739803113e-05,1.2491967678070068,0.0007505775429308414,0.1149425283074379
1,348,2349,4.99846828461159e-05,1.248651385307312,0.0007512449519708753,0.11461318284273148
1,349,2350,4.998467193217948e-05,1.2488430738449097,0.0007513499585911632,0.11428570747375488
1,350,2351,4.998465738026425e-05,1.2484880685806274,0.0007498642080463469,0.11396011710166931
1,351,2352,4.9984642828349024e-05,1.248004674911499,0.0007486986578442156,0.11363635957241058
1,352,2353,4.99846319144126e-05,1.2481576204299927,0.00074857531581074,0.11331444978713989
1,353,2354,4.9984617362497374e-05,1.2478135824203491,0.0007486396352760494,0.11299435049295425
1,354,2355,4.998460644856095e-05,1.247534990310669,0.0007484884699806571,0.11267605423927307
1,355,2356,4.9984591896645725e-05,1.2478642463684082,0.0007481309585273266,0.11235955357551575
1,356,2357,4.9984580982709303e-05,1.2473453283309937,0.0007462265202775598,0.1120448186993599
1,357,2358,4.998456279281527e-05,1.2476093769073486,0.0007462564390152693,0.11173184216022491
1,358,2359,4.9984555516857654e-05,1.247726559638977,0.000745752768125385,0.11142061650753021
1,359,2360,4.998453732696362e-05,1.247579574584961,0.0007448153919540346,0.11249999701976776
1,360,2361,4.9984530051006004e-05,1.2468284368515015,0.0007435681764036417,0.11218836903572083
1,361,2362,4.998451186111197e-05,1.2467046976089478,0.0007426629890687764,0.11325967311859131
1,362,2363,4.998450094717555e-05,1.2470128536224365,0.0007431000703945756,0.11294765770435333
1,363,2364,4.998448639526032e-05,1.2470293045043945,0.0007411742117255926,0.11401098966598511
1,364,2365,4.99844754813239e-05,1.2470123767852783,0.0007392960833385587,0.11506849527359009
1,365,2366,4.9984464567387477e-05,1.2470545768737793,0.0007399307796731591,0.1147540956735611
1,366,2367,4.998444637749344e-05,1.2462520599365234,0.0007389680249616504,0.11444141715765
1,367,2368,4.998443546355702e-05,1.2466602325439453,0.0007400194881483912,0.11413043737411499
1,368,2369,4.998442091164179e-05,1.24680495262146,0.0007392849074676633,0.1138211339712143
1,369,2370,4.998440999770537e-05,1.247147798538208,0.0007372957188636065,0.11486487090587616
1,370,2371,4.998439544579014e-05,1.2474758625030518,0.0007379965973086655,0.1145552545785904
1,371,2372,4.9984380893874913e-05,1.2465101480484009,0.0007368860533460975,0.11424730718135834
1,372,2373,4.998436997993849e-05,1.2462170124053955,0.0007367565995082259,0.1139410138130188
1,373,2374,4.9984355428023264e-05,1.2462568283081055,0.0007366386125795543,0.11363635957241058
1,374,2375,4.998434451408684e-05,1.2457194328308105,0.0007349649677053094,0.1133333295583725
1,375,2376,4.9984329962171614e-05,1.2452025413513184,0.0007362662581726909,0.11303191632032394
1,376,2377,4.998431904823519e-05,1.245786428451538,0.0007361867465078831,0.11273209750652313
1,377,2378,4.998430085834116e-05,1.24588942527771,0.0007353927358053625,0.11243386566638947
1,378,2379,4.998429358238354e-05,1.2457046508789062,0.0007352202665060759,0.11213719844818115
1,379,2380,4.998427539248951e-05,1.2454107999801636,0.000734708271920681,0.11184211075305939
1,380,2381,4.9984264478553087e-05,1.2453386783599854,0.0007328551728278399,0.11286089569330215
1,381,2382,4.998424992663786e-05,1.2450727224349976,0.0007326997583732009,0.11256544291973114
1,382,2383,4.998423901270144e-05,1.244718313217163,0.0007325741462409496,0.11227153986692429
1,383,2384,4.998422446078621e-05,1.2441776990890503,0.000730999861843884,0.1119791716337204
1,384,2385,4.998421354684979e-05,1.2432656288146973,0.0007307752966880798,0.11168830841779709
1,385,2386,4.998419899493456e-05,1.2427239418029785,0.0007310122018679976,0.11139896512031555
1,386,2387,4.998418444301933e-05,1.2423384189605713,0.0007296225521713495,0.1111111119389534
1,387,2388,4.99841698911041e-05,1.241912841796875,0.0007282624719664454,0.11082474142313004
1,388,2389,4.998415897716768e-05,1.2419161796569824,0.0007286283071152866,0.11053984612226486
1,389,2390,4.998414442525245e-05,1.2410900592803955,0.0007282714359462261,0.11025641113519669
1,390,2391,4.998413351131603e-05,1.2406104803085327,0.0007266391767188907,0.10997442901134491
1,391,2392,4.99841189594008e-05,1.2411208152770996,0.0007255632663145661,0.10969387739896774
1,392,2393,4.9984104407485574e-05,1.2404651641845703,0.0007256476674228907,0.10941475629806519
1,393,2394,4.998409349354915e-05,1.2406160831451416,0.000724886660464108,0.10913705825805664
1,394,2395,4.9984078941633925e-05,1.240905523300171,0.0007251882925629616,0.10886076092720032
1,395,2396,4.9984068027697504e-05,1.2417576313018799,0.0007241841522045434,0.10984848439693451
1,396,2397,4.998404983780347e-05,1.2419021129608154,0.0007245157612487674,0.10957178473472595
1,397,2398,4.998403892386705e-05,1.2421222925186157,0.0007257161196321249,0.10929648578166962
1,398,2399,4.998402437195182e-05,1.2416794300079346,0.000724844983778894,0.10902255773544312
1,399,2400,4.99840134580154e-05,1.241445779800415,0.0007232174393720925,0.10875000059604645
1,400,2401,4.998399890610017e-05,1.2417269945144653,0.0007227968890219927,0.10847879946231842
1,401,2402,4.998398435418494e-05,1.241823673248291,0.0007224677829071879,0.1094527393579483
1,402,2403,4.998397344024852e-05,1.2419967651367188,0.00072244752664119,0.10918114334344864
1,403,2404,4.998395888833329e-05,1.2420647144317627,0.0007213120115920901,0.11014851927757263
1,404,2405,4.998394797439687e-05,1.2419325113296509,0.000719618983566761,0.10987654328346252
1,405,2406,4.998393342248164e-05,1.2419660091400146,0.0007180231623351574,0.11083744466304779
1,406,2407,4.998391887056641e-05,1.241229772567749,0.0007176556391641498,0.11056511104106903
1,407,2408,4.9983904318651184e-05,1.2408671379089355,0.0007172829937189817,0.11029411852359772
1,408,2409,4.998389340471476e-05,1.2404310703277588,0.0007164643611758947,0.11002445220947266
1,409,2410,4.9983878852799535e-05,1.240838646888733,0.0007176215294748545,0.10975609719753265
1,410,2411,4.9983867938863114e-05,1.2407574653625488,0.0007160141249187291,0.10948905348777771
1,411,2412,4.9983853386947885e-05,1.2405176162719727,0.0007144469418562949,0.10922330617904663
1,412,2413,4.998383883503266e-05,1.240839958190918,0.0007127276621758938,0.11016949266195297
1,413,2414,4.998382428311743e-05,1.2405139207839966,0.0007111297454684973,0.10990338027477264
1,414,2415,4.998381336918101e-05,1.2407517433166504,0.0007096730405464768,0.11084337532520294
1,415,2416,4.998379881726578e-05,1.2405292987823486,0.0007086921250447631,0.11057692766189575
1,416,2417,4.998378790332936e-05,1.2404356002807617,0.000707793515175581,0.11151079088449478
1,417,2418,4.998376971343532e-05,1.2406234741210938,0.0007072814041748643,0.11124402284622192
1,418,2419,4.99837587994989e-05,1.2407886981964111,0.0007074862951412797,0.11097852140665054
1,419,2420,4.998374424758367e-05,1.240636944770813,0.0007065451936796308,0.11190476268529892
1,420,2421,4.998373333364725e-05,1.2404608726501465,0.0007050303975120187,0.11163895577192307
1,421,2422,4.998371878173202e-05,1.240295171737671,0.0007047939579933882,0.11137440800666809
1,422,2423,4.9983704229816794e-05,1.2404255867004395,0.000706031103618443,0.1111111119389534
1,423,2424,4.9983689677901566e-05,1.2405288219451904,0.0007056495524011552,0.1108490526676178
1,424,2425,4.9983678763965145e-05,1.2400171756744385,0.0007049543783068657,0.11058823764324188
1,425,2426,4.9983664212049916e-05,1.2399780750274658,0.0007048178813420236,0.11032863706350327
1,426,2427,4.9983653298113495e-05,1.2406545877456665,0.000703793135471642,0.11007025837898254
1,427,2428,4.998363874619827e-05,1.241159439086914,0.0007021487690508366,0.11214953660964966
1,428,2429,4.998362419428304e-05,1.241217851638794,0.0007019577315077186,0.1118881106376648
1,429,2430,4.998360964236781e-05,1.2415704727172852,0.0007003333885222673,0.11279069632291794
1,430,2431,4.998359509045258e-05,1.2409987449645996,0.0006996336160227656,0.11252900213003159
1,431,2432,4.998358417651616e-05,1.2407361268997192,0.0006989691173657775,0.11226852238178253
1,432,2433,4.998356962460093e-05,1.2413392066955566,0.0006983550847508013,0.11200924217700958
1,433,2434,4.9983555072685704e-05,1.2411308288574219,0.0006972341216169298,0.11290322244167328
1,434,2435,4.9983540520770475e-05,1.2411259412765503,0.000696752336807549,0.11379310488700867
1,435,2436,4.9983529606834054e-05,1.24124276638031,0.0006962381303310394,0.11353211104869843
1,436,2437,4.9983515054918826e-05,1.2417616844177246,0.0006958962185308337,0.11327230930328369
1,437,2438,4.9983504140982404e-05,1.2419233322143555,0.0006943242624402046,0.11301369965076447
1,438,2439,4.9983489589067176e-05,1.241236686706543,0.0006936258287169039,0.11275626718997955
1,439,2440,4.998347503715195e-05,1.240743637084961,0.0006922904285602272,0.11249999701976776
1,440,2441,4.998346048523672e-05,1.2402504682540894,0.0006924081826582551,0.11224490404129028
1,441,2442,4.99834495713003e-05,1.240390419960022,0.0006908565992489457,0.11312217265367508
1,442,2443,4.998343501938507e-05,1.2401723861694336,0.0006897884886711836,0.11286681890487671
1,443,2444,4.998342046746984e-05,1.2405343055725098,0.0006888208445161581,0.11261261254549026
1,444,2445,4.998340955353342e-05,1.2412954568862915,0.0006880492437630892,0.11235955357551575
1,445,2446,4.9983391363639385e-05,1.2408041954040527,0.0006868047639727592,0.11210761964321136
1,446,2447,4.998338044970296e-05,1.2403323650360107,0.0006862941663712263,0.11185682564973831
1,447,2448,4.9983365897787735e-05,1.2399225234985352,0.0006858041160739958,0.1116071417927742
1,448,2449,4.9983354983851314e-05,1.2401762008666992,0.0006851305952295661,0.11135856807231903
1,449,2450,4.9983340431936085e-05,1.2404885292053223,0.0006848475895822048,0.1111111119389534
1,450,2451,4.998332588002086e-05,1.2405449151992798,0.0006844222079962492,0.11086474359035492
1,451,2452,4.998330769012682e-05,1.2406483888626099,0.0006838178960606456,0.11061947047710419
1,452,2453,4.998330041416921e-05,1.2404906749725342,0.0006827957695350051,0.11037527769804001
1,453,2454,4.998328222427517e-05,1.2410504817962646,0.0006823985604569316,0.11013215780258179
1,454,2455,4.998327494831756e-05,1.2405833005905151,0.0006823017029091716,0.10989011079072952
1,455,2456,4.998325675842352e-05,1.240917682647705,0.0006814756197854877,0.10964912176132202
1,456,2457,4.9983242206508294e-05,1.2410609722137451,0.0006812428473494947,0.10940919071435928
1,457,2458,4.9983227654593065e-05,1.241218090057373,0.0006819559494033456,0.10917030274868011
1,458,2459,4.9983216740656644e-05,1.2412333488464355,0.0006814271910116076,0.10893246531486511
1,459,2460,4.9983202188741416e-05,1.2411348819732666,0.0006813633954152465,0.10869565606117249
1,460,2461,4.9983191274804994e-05,1.2412900924682617,0.0006809992482885718,0.10845987498760223
1,461,2462,4.9983176722889766e-05,1.2417361736297607,0.000680462340824306,0.10822510719299316
1,462,2463,4.998316217097454e-05,1.2414891719818115,0.0006791631458327174,0.10799136757850647
1,463,2464,4.998314761905931e-05,1.241772174835205,0.0006794816581532359,0.10775862634181976
1,464,2465,4.998313306714408e-05,1.2428510189056396,0.0006796781090088189,0.10752688348293304
1,465,2466,4.998312215320766e-05,1.24295973777771,0.0006797838723286986,0.10729613900184631
1,466,2467,4.998310760129243e-05,1.2429887056350708,0.0006796856177970767,0.10706637799739838
1,467,2468,4.99830930493772e-05,1.2433339357376099,0.0006802715361118317,0.10683760792016983
1,468,2469,4.9983078497461975e-05,1.243073582649231,0.0006794262444600463,0.10660980641841888
1,469,2470,4.9983063945546746e-05,1.2437787055969238,0.000678806216455996,0.10638298094272614
1,470,2471,4.9983053031610325e-05,1.243202805519104,0.000678473268635571,0.10615710914134979
1,471,2472,4.998303484171629e-05,1.2428197860717773,0.000677791889756918,0.10593220591545105
1,472,2473,4.9983027565758675e-05,1.2426087856292725,0.0006772024789825082,0.10570824146270752
1,473,2474,4.998300937586464e-05,1.2422692775726318,0.0006764510180801153,0.1054852306842804
1,474,2475,4.998299846192822e-05,1.2426810264587402,0.0006750307511538267,0.10631579160690308
1,475,2476,4.998298027203418e-05,1.2421318292617798,0.0006747598526999354,0.1060924381017685
1,476,2477,4.998296935809776e-05,1.2425034046173096,0.0006749668973498046,0.10587002336978912
1,477,2478,4.9982954806182534e-05,1.2425765991210938,0.0006748568266630173,0.10564853250980377
1,478,2479,4.998294389224611e-05,1.2420439720153809,0.0006743310950696468,0.10542797297239304
1,479,2480,4.9982929340330884e-05,1.241321086883545,0.0006741731776855886,0.10520833730697632
1,480,2481,4.9982914788415655e-05,1.241124153137207,0.0006729268934577703,0.10498960316181183
1,481,2482,4.998290023650043e-05,1.2406482696533203,0.000672557158395648,0.10477178543806076
1,482,2483,4.99828856845852e-05,1.2409816980361938,0.000672803376801312,0.10559006035327911
1,483,2484,4.998287477064878e-05,1.2414326667785645,0.0006720543606206775,0.10537189990282059
1,484,2485,4.998286021873355e-05,1.2410213947296143,0.0006726838182657957,0.10515464097261429
1,485,2486,4.998284930479713e-05,1.2408809661865234,0.0006713910261169076,0.10493826866149902
1,486,2487,4.998283111490309e-05,1.2401797771453857,0.0006709083681926131,0.10472279787063599
1,487,2488,4.9982816562987864e-05,1.2404272556304932,0.0006702112150378525,0.10450819134712219
1,488,2489,4.998280564905144e-05,1.2402055263519287,0.0006689679576084018,0.10429447889328003
1,489,2490,4.9982791097136214e-05,1.2398372888565063,0.0006693372270092368,0.10408163070678711
1,490,2491,4.9982776545220986e-05,1.2395954132080078,0.0006703704129904509,0.10386965423822403
1,491,2492,4.9982765631284565e-05,1.239612340927124,0.0006699603982269764,0.10365854203701019
1,492,2493,4.998274744139053e-05,1.2390215396881104,0.000670252600684762,0.10344827175140381
1,493,2494,4.998273652745411e-05,1.2391960620880127,0.0006711024325340986,0.10323886573314667
1,494,2495,4.998271833756007e-05,1.2386105060577393,0.0006710751913487911,0.10303030908107758
1,495,2496,4.998271106160246e-05,1.2386679649353027,0.0006729361484758556,0.10282257944345474
1,496,2497,4.998269287170842e-05,1.2384161949157715,0.0006736664799973369,0.10261569172143936
1,497,2498,4.9982681957772e-05,1.2385103702545166,0.000672395690344274,0.10240963846445084
1,498,2499,4.998266740585677e-05,1.238983392715454,0.0006720431847497821,0.10220441222190857
1,499,2500,4.998264921596274e-05,1.2385590076446533,0.0006720395176671445,0.10199999809265137
1,500,2501,4.9982638302026317e-05,1.238603949546814,0.0006719648372381926,0.10179640352725983
1,501,2502,4.998262375011109e-05,1.238584280014038,0.0006716505158692598,0.10159362852573395
1,502,2503,4.998260919819586e-05,1.2379454374313354,0.0006714599439874291,0.10139165073633194
1,503,2504,4.998259828425944e-05,1.2376065254211426,0.0006706943386234343,0.1011904776096344
1,504,2505,4.998258373234421e-05,1.2377815246582031,0.0006702434620819986,0.10099010169506073
1,505,2506,4.998256918042898e-05,1.2378926277160645,0.0006697404896840453,0.10079051554203033
1,506,2507,4.9982550990534946e-05,1.2376501560211182,0.00066947634331882,0.10059171915054321
1,507,2508,4.9982540076598525e-05,1.2372703552246094,0.0006697371136397123,0.10039369761943817
1,508,2509,4.99825255246833e-05,1.2383017539978027,0.0006692857132293284,0.1001964658498764
1,509,2510,4.9982514610746875e-05,1.2389798164367676,0.0006690258742310107,0.10000000149011612
1,510,2511,4.998250005883165e-05,1.2391715049743652,0.0006677249912172556,0.10078278183937073
1,511,2512,4.998248550691642e-05,1.238964557647705,0.0006665362743660808,0.1005859375
1,512,2513,4.998247095500119e-05,1.2383012771606445,0.0006668679416179657,0.10038986802101135
1,513,2514,4.998245640308596e-05,1.2381101846694946,0.0006660808576270938,0.100194551050663
1,514,2515,4.998244548914954e-05,1.2383298873901367,0.0006656904006376863,0.10097087919712067
1,515,2516,4.998243093723431e-05,1.2383508682250977,0.0006656083278357983,0.10077519714832306
1,516,2517,4.9982416385319084e-05,1.2382526397705078,0.0006644504610449076,0.10058027505874634
1,517,2518,4.9982401833403856e-05,1.2379498481750488,0.000663852202706039,0.10038609802722931
1,518,2519,4.998238728148863e-05,1.2375271320343018,0.0006636533653363585,0.10019268095493317
1,519,2520,4.99823727295734e-05,1.2370027303695679,0.0006631159922108054,0.10000000149011612
1,520,2521,4.998236181563698e-05,1.2366926670074463,0.0006621065549552441,0.09980805963277817
1,521,2522,4.998234362574294e-05,1.2367794513702393,0.0006629325216636062,0.09961685538291931
1,522,2523,4.998233271180652e-05,1.2365490198135376,0.000661779660731554,0.09942638874053955
1,523,2524,4.998231815989129e-05,1.2366371154785156,0.0006616010796278715,0.0992366373538971
1,524,2525,4.9982303607976064e-05,1.2359707355499268,0.0006611454300582409,0.09904761612415314
1,525,2526,4.9982289056060836e-05,1.2355573177337646,0.000660243327729404,0.09885931760072708
1,526,2527,4.998227450414561e-05,1.2358734607696533,0.0006599140469916165,0.09962049126625061
1,527,2528,4.998225995223038e-05,1.235610008239746,0.0006596363382413983,0.09943182021379471
1,528,2529,4.998224903829396e-05,1.2354316711425781,0.0006591971614398062,0.09924385696649551
1,529,2530,4.998223084839992e-05,1.2353899478912354,0.0006581238121725619,0.10000000149011612
1,530,2531,4.99822199344635e-05,1.236005425453186,0.0006580911576747894,0.09981167316436768
1,531,2532,4.998220538254827e-05,1.236121416091919,0.0006588735850527883,0.09962406009435654
1,532,2533,4.9982190830633044e-05,1.2356572151184082,0.0006585961673408747,0.09943714737892151
1,533,2534,4.9982176278717816e-05,1.235661506652832,0.0006574903381988406,0.1001872643828392
1,534,2535,4.998216172680259e-05,1.235422134399414,0.0006567692616954446,0.10000000149011612
1,535,2536,4.9982150812866166e-05,1.2349095344543457,0.0006575110601261258,0.09981343150138855
1,536,2537,4.998213626095094e-05,1.2350302934646606,0.0006563124479725957,0.0996275544166565
1,537,2538,4.998212170903571e-05,1.2348659038543701,0.0006559701869264245,0.09944237768650055
1,538,2539,4.998210715712048e-05,1.2344071865081787,0.0006549498066306114,0.09925788640975952
1,539,2540,4.998209260520525e-05,1.234753966331482,0.0006543257040902972,0.09907407313585281
1,540,2541,4.9982078053290024e-05,1.234576940536499,0.0006549104582518339,0.09889094531536102
1,541,2542,4.99820671393536e-05,1.2348201274871826,0.0006537052686326206,0.09963099658489227
1,542,2543,4.998204894945957e-05,1.2348045110702515,0.0006525793578475714,0.10036832094192505
1,543,2544,4.9982038035523146e-05,1.2346822023391724,0.0006524340715259314,0.10018382221460342
1,544,2545,4.998202348360792e-05,1.2347674369812012,0.0006528039230033755,0.10000000149011612
1,545,2546,4.998200529371388e-05,1.2353417873382568,0.0006526344222947955,0.09981685131788254
1,546,2547,4.998199437977746e-05,1.2347412109375,0.0006520617753267288,0.09963437169790268
1,547,2548,4.998197982786223e-05,1.2344553470611572,0.0006525756325572729,0.09945255517959595
1,548,2549,4.99819616379682e-05,1.2340457439422607,0.0006521445466205478,0.09927140176296234
1,549,2550,4.998195436201058e-05,1.233764886856079,0.0006517373258247972,0.09909090399742126
1,550,2551,4.998193617211655e-05,1.2336418628692627,0.0006523350020870566,0.09891106933355331
1,551,2552,4.9981925258180127e-05,1.2343223094940186,0.0006514335982501507,0.0987318828701973
1,552,2553,4.998190706828609e-05,1.2344022989273071,0.0006511673564091325,0.0994575023651123
1,553,2554,4.998189251637086e-05,1.2344181537628174,0.0006505625206045806,0.09927797317504883
1,554,2555,4.998188160243444e-05,1.2340903282165527,0.0006509869126603007,0.09909909963607788
1,555,2556,4.998186705051921e-05,1.2339322566986084,0.0006501831812784076,0.09982014447450638
1,556,2557,4.9981852498603985e-05,1.2338404655456543,0.0006491182139143348,0.09964093565940857
1,557,2558,4.9981837946688756e-05,1.2339537143707275,0.0006484506884589791,0.0994623675942421
1,558,2559,4.9981827032752335e-05,1.2335156202316284,0.0006483106408268213,0.09928444027900696
1,559,2560,4.99818088428583e-05,1.233281135559082,0.0006473710527643561,0.09910714626312256
1,560,2561,4.998179792892188e-05,1.2333977222442627,0.000648015586193651,0.0989304780960083
1,561,2562,4.998177973902784e-05,1.233393907546997,0.0006476779235526919,0.09875445067882538
1,562,2563,4.9981765187112615e-05,1.233156442642212,0.0006466935155913234,0.0985790342092514
1,563,2564,4.998175427317619e-05,1.2333569526672363,0.0006460624281316996,0.09840425848960876
1,564,2565,4.9981739721260965e-05,1.2328935861587524,0.00064587447559461,0.09823009371757507
1,565,2566,4.9981725169345737e-05,1.2324328422546387,0.0006448976346291602,0.09805653989315033
1,566,2567,4.998171061743051e-05,1.2320363521575928,0.0006440137512981892,0.09788359701633453
1,567,2568,4.998169242753647e-05,1.2318339347839355,0.0006439542630687356,0.09771126508712769
1,568,2569,4.998168151360005e-05,1.2317650318145752,0.0006429370259866118,0.09841828048229218
1,569,2570,4.998166696168482e-05,1.2314534187316895,0.0006421994185075164,0.09824561327695847
1,570,2571,4.9981652409769595e-05,1.2312722206115723,0.000641666236333549,0.0980735570192337
1,571,2572,4.9981641495833173e-05,1.231088399887085,0.0006416165851987898,0.0979020968079567
1,572,2573,4.9981626943917945e-05,1.2309272289276123,0.0006416360265575349,0.09773124009370804
1,573,2574,4.998161239200272e-05,1.2304859161376953,0.0006412963848561049,0.09756097197532654
1,574,2575,4.998159420210868e-05,1.2300491333007812,0.0006410565692931414,0.09739130735397339
1,575,2576,4.998158328817226e-05,1.230008602142334,0.0006400334532372653,0.0980902761220932
1,576,2577,4.9981565098278224e-05,1.229473352432251,0.0006398026016540825,0.09792028367519379
1,577,2578,4.99815541843418e-05,1.2291179895401,0.0006398481782525778,0.09775086492300034
1,578,2579,4.9981539632426575e-05,1.2288708686828613,0.0006392550421878695,0.09758204221725464
1,579,2580,4.9981525080511346e-05,1.2286083698272705,0.0006383900763466954,0.0974137932062149
1,580,2581,4.998151052859612e-05,1.228600263595581,0.0006384149892255664,0.09724612534046173
1,581,2582,4.998149597668089e-05,1.2287219762802124,0.000638613710179925,0.09707903861999512
1,582,2583,4.9981477786786854e-05,1.2282944917678833,0.0006382655119523406,0.09691251814365387
1,583,2584,4.998146687285043e-05,1.2286694049835205,0.0006378072430379689,0.09674657881259918
1,584,2585,4.9981452320935205e-05,1.228416919708252,0.0006374294753186405,0.09658119827508926
1,585,2586,4.9981437769019976e-05,1.2282848358154297,0.0006364035652950406,0.09641638398170471
1,586,2587,4.9981426855083555e-05,1.2278399467468262,0.0006355969235301018,0.09625212848186493
1,587,2588,4.998141230316833e-05,1.2275404930114746,0.0006347154849208891,0.09608843922615051
1,588,2589,4.99813977512531e-05,1.2274701595306396,0.0006343001150526106,0.09592530131340027
1,589,2590,4.998137956135906e-05,1.2270387411117554,0.0006339297397062182,0.0957627147436142
1,590,2591,4.998136864742264e-05,1.2270145416259766,0.0006340622203424573,0.0956006795167923
1,591,2592,4.9981350457528606e-05,1.2267005443572998,0.000634237308986485,0.09543918818235397
1,592,2593,4.998133590561338e-05,1.2269175052642822,0.000633636605925858,0.09527824819087982
1,593,2594,4.9981324991676956e-05,1.2266607284545898,0.0006326307193376124,0.09511784464120865
1,594,2595,4.998131043976173e-05,1.2267405986785889,0.0006326729198917747,0.09495798498392105
1,595,2596,4.998129224986769e-05,1.226325511932373,0.0006321680266410112,0.09479865431785583
1,596,2597,4.998128133593127e-05,1.2266716957092285,0.0006319272797554731,0.0946398675441742
1,597,2598,4.998126678401604e-05,1.2268023490905762,0.0006317829247564077,0.09448160231113434
1,598,2599,4.998124859412201e-05,1.2263951301574707,0.0006311539327725768,0.09432387351989746
1,599,2600,4.9981237680185586e-05,1.2267253398895264,0.0006304830894805491,0.09416666626930237
1,600,2601,4.998122312827036e-05,1.2265448570251465,0.0006304765120148659,0.09400998055934906
1,601,2602,4.998120857635513e-05,1.2271044254302979,0.000630281341727823,0.09385381639003754
1,602,2603,4.99811940244399e-05,1.226833701133728,0.000631107366643846,0.0936981737613678
1,603,2604,4.998118311050348e-05,1.2264883518218994,0.0006301951361820102,0.09354304522275925
1,604,2605,4.9981164920609444e-05,1.2269127368927002,0.0006295923958532512,0.09338843077421188
1,605,2606,4.9981150368694216e-05,1.2268364429473877,0.0006286495481617749,0.09323432296514511
1,606,2607,4.998113581677899e-05,1.2276862859725952,0.0006287323776632547,0.09308072924613953
1,607,2608,4.998112126486376e-05,1.2274805307388306,0.0006279197987169027,0.09292763471603394
1,608,2609,4.9981103074969724e-05,1.2272708415985107,0.0006270259618759155,0.09277504682540894
1,609,2610,4.99810921610333e-05,1.2271876335144043,0.0006280591478571296,0.09262295067310333
1,610,2611,4.9981077609118074e-05,1.226981282234192,0.000627287314273417,0.09247136116027832
1,611,2612,4.9981063057202846e-05,1.2277913093566895,0.0006277818465605378,0.0923202633857727
1,612,2613,4.9981052143266425e-05,1.2279558181762695,0.0006271300371736288,0.09298531711101532
1,613,2614,4.998103395337239e-05,1.2275691032409668,0.0006266302661970258,0.09283387660980225
1,614,2615,4.998101940145716e-05,1.2282919883728027,0.0006259047659114003,0.09268292784690857
1,615,2616,4.9981001211563125e-05,1.2280473709106445,0.0006257651257328689,0.09253247082233429
1,616,2617,4.998099393560551e-05,1.2284245491027832,0.0006263675168156624,0.09238249063491821
1,617,2618,4.9980975745711476e-05,1.2283079624176025,0.0006269122241064906,0.09223300963640213
1,618,2619,4.998096119379625e-05,1.2291653156280518,0.0006271357415243983,0.09208400547504425
1,619,2620,4.998094664188102e-05,1.2289884090423584,0.0006264285184442997,0.09193548560142517
1,620,2621,4.99809357279446e-05,1.2285711765289307,0.0006260009249672294,0.0917874425649643
1,621,2622,4.998091753805056e-05,1.2286782264709473,0.0006255204789340496,0.09163986891508102
1,622,2623,4.9980902986135334e-05,1.2287187576293945,0.0006245948025025427,0.09229534864425659
1,623,2624,4.9980888434220105e-05,1.2288024425506592,0.0006236775079742074,0.09294871985912323
1,624,2625,4.998087388230488e-05,1.2288377285003662,0.0006241417140699923,0.09279999881982803
1,625,2626,4.998085933038965e-05,1.228872299194336,0.0006232101004570723,0.09345047920942307
1,626,2627,4.998084477847442e-05,1.2291090488433838,0.000623808242380619,0.0933014303445816
1,627,2628,4.9980833864538e-05,1.2296528816223145,0.0006240942748263478,0.09315286576747894
1,628,2629,4.9980815674643964e-05,1.230088472366333,0.0006237470079213381,0.09300476312637329
1,629,2630,4.9980801122728735e-05,1.2297031879425049,0.0006240921793505549,0.09285714477300644
1,630,2631,4.998078657081351e-05,1.2294423580169678,0.0006233807653188705,0.0927099883556366
1,631,2632,4.998077201889828e-05,1.2289453744888306,0.0006230080034583807,0.09256329387426376
1,632,2633,4.998075382900424e-05,1.2286204099655151,0.0006233997992239892,0.09241706132888794
1,633,2634,4.998074291506782e-05,1.2287944555282593,0.0006235145265236497,0.09227129071950912
1,634,2635,4.998072836315259e-05,1.2284437417984009,0.0006233793683350086,0.09212598204612732
1,635,2636,4.9980713811237365e-05,1.2280998229980469,0.0006225641118362546,0.09198112785816193
1,636,2637,4.998069925932214e-05,1.2279932498931885,0.0006231919396668673,0.09183673560619354
1,637,2638,4.998068470740691e-05,1.228735089302063,0.0006233525928109884,0.09169279038906097
1,638,2639,4.998067015549168e-05,1.228531837463379,0.0006227787816897035,0.09154929220676422
1,639,2640,4.998065560357645e-05,1.2282867431640625,0.0006221818039193749,0.09140625596046448
1,640,2641,4.9980637413682416e-05,1.228200912475586,0.0006213024607859552,0.09126365184783936
1,641,2642,4.998062286176719e-05,1.2291123867034912,0.0006217178888618946,0.09112149477005005
1,642,2643,4.9980611947830766e-05,1.2290730476379395,0.0006207769620232284,0.09097978472709656
1,643,2644,4.998059375793673e-05,1.2288681268692017,0.000619888654910028,0.09083850681781769
1,644,2645,4.998058284400031e-05,1.2289948463439941,0.0006204098463058472,0.09069767594337463
1,645,2646,4.998056829208508e-05,1.2289233207702637,0.0006202626973390579,0.0905572772026062
1,646,2647,4.998055374016985e-05,1.2289471626281738,0.0006196900503709912,0.09041731059551239
1,647,2648,4.9980539188254625e-05,1.2287307977676392,0.0006194429006427526,0.0902777761220932
1,648,2649,4.9980524636339396e-05,1.2283821105957031,0.0006188476691022515,0.09013867378234863
1,649,2650,4.998051008442417e-05,1.2280247211456299,0.0006182916695252061,0.09000000357627869
1,650,2651,4.998049189453013e-05,1.2289657592773438,0.0006189404521137476,0.08986175060272217
1,651,2652,4.9980477342614904e-05,1.2288063764572144,0.0006189167615957558,0.08972392976284027
1,652,2653,4.9980462790699676e-05,1.2285606861114502,0.0006181455682963133,0.0895865261554718
1,653,2654,4.9980451876763254e-05,1.2287631034851074,0.0006183413788676262,0.08944953978061676
1,654,2655,4.998043368686922e-05,1.229128360748291,0.0006180076161399484,0.08931297808885574
1,655,2656,4.998041913495399e-05,1.2290596961975098,0.0006171402637846768,0.08917683362960815
1,656,2657,4.998040822101757e-05,1.2289223670959473,0.000618013902567327,0.0890410989522934
1,657,2658,4.9980390031123534e-05,1.2291017770767212,0.0006179978372529149,0.08966565132141113
1,658,2659,4.9980375479208305e-05,1.2289915084838867,0.0006177582545205951,0.08952958881855011
1,659,2660,4.998035728931427e-05,1.2285752296447754,0.000617167737800628,0.08939393609762192
1,660,2661,4.998034637537785e-05,1.2289505004882812,0.000617338577285409,0.08925870060920715
1,661,2662,4.998033182346262e-05,1.2287341356277466,0.0006167740793898702,0.08912386745214462
1,662,2663,4.998031727154739e-05,1.2284862995147705,0.0006162991630844772,0.08898944407701492
1,663,2664,4.9980299081653357e-05,1.2284531593322754,0.0006166110397316515,0.08885542303323746
1,664,2665,4.9980288167716935e-05,1.2285985946655273,0.0006164357764646411,0.08872180432081223
1,665,2666,4.998027361580171e-05,1.228834629058838,0.0006166135426610708,0.08858858793973923
1,666,2667,4.998025906388648e-05,1.2284326553344727,0.0006161023047752678,0.08845577389001846
1,667,2668,4.998024451197125e-05,1.2280375957489014,0.0006153943832032382,0.08832335472106934
1,668,2669,4.9980226322077215e-05,1.2279189825057983,0.0006145407678559422,0.08819133043289185
1,669,2670,4.9980215408140793e-05,1.2275898456573486,0.0006141744088381529,0.08805970102548599
1,670,2671,4.998019721824676e-05,1.227481722831726,0.0006136413430795074,0.08867362141609192
1,671,2672,4.998018266633153e-05,1.2274463176727295,0.0006140062469057739,0.0885416716337204
1,672,2673,4.99801681144163e-05,1.227658748626709,0.0006138551980257034,0.08915304392576218
1,673,2674,4.998015356250107e-05,1.2279343605041504,0.0006135317380540073,0.0897626131772995
1,674,2675,4.9980139010585845e-05,1.2279820442199707,0.0006140669574961066,0.0896296352148056
1,675,2676,4.9980124458670616e-05,1.2277405261993408,0.0006147712701931596,0.08949704468250275
1,676,2677,4.998010990675539e-05,1.2273693084716797,0.0006148925167508423,0.08936484158039093
1,677,2678,4.998009535484016e-05,1.2273824214935303,0.0006148678949102759,0.08923304080963135
1,678,2679,4.998008080292493e-05,1.2276118993759155,0.0006161112687550485,0.08910162001848221
1,679,2680,4.9980062613030896e-05,1.2276666164398193,0.0006159784970805049,0.08897058665752411
1,680,2681,4.998004806111567e-05,1.2279362678527832,0.0006150767439976335,0.08957415819168091
1,681,2682,4.998003350920044e-05,1.2277305126190186,0.0006142734782770276,0.08944281190633774
1,682,2683,4.998002259526402e-05,1.2278523445129395,0.0006161228520795703,0.0893118605017662
1,683,2684,4.998000440536998e-05,1.228126049041748,0.0006160546327009797,0.08918128907680511
1,684,2685,4.9979989853454754e-05,1.2277791500091553,0.0006154245929792523,0.08905109763145447
1,685,2686,4.9979975301539525e-05,1.2275587320327759,0.0006162525387480855,0.08892128616571426
1,686,2687,4.99799607496243e-05,1.2277452945709229,0.0006166549865156412,0.0887918472290039
1,687,2688,4.997994619770907e-05,1.2274723052978516,0.0006162464851513505,0.08866278827190399
1,688,2689,4.997993164579384e-05,1.2281575202941895,0.0006168875843286514,0.08853410929441452
1,689,2690,4.9979913455899805e-05,1.2282606363296509,0.0006160088814795017,0.08913043141365051
1,690,2691,4.9979898903984576e-05,1.2290458679199219,0.0006176596507430077,0.08900144696235657
1,691,2692,4.9979887990048155e-05,1.2295290231704712,0.0006176333408802748,0.08887283504009247
1,692,2693,4.997986980015412e-05,1.2294782400131226,0.000618985272012651,0.08874458819627762
1,693,2694,4.997985524823889e-05,1.229705572128296,0.0006197864422574639,0.08861671388149261
1,694,2695,4.997984069632366e-05,1.2297048568725586,0.0006195839960128069,0.08920863270759583
1,695,2696,4.9979826144408435e-05,1.229921579360962,0.0006196122849360108,0.08908046036958694
1,696,2697,4.997981523047201e-05,1.229790449142456,0.0006187919061630964,0.08895265311002731
1,697,2698,4.997979704057798e-05,1.229640007019043,0.0006185978418216109,0.08882521837949753
1,698,2699,4.997978248866275e-05,1.2295584678649902,0.0006188735133036971,0.0886981412768364
1,699,2700,4.9979764298768714e-05,1.2293529510498047,0.0006183822406455874,0.08857142925262451
1,700,2701,4.9979749746853486e-05,1.2292425632476807,0.0006186208338476717,0.08844507485628128
1,701,2702,4.997973519493826e-05,1.229323148727417,0.000619509897660464,0.0883190855383873
1,702,2703,4.997972064302303e-05,1.229229211807251,0.0006214056629687548,0.08819345384836197
1,703,2704,4.99797060911078e-05,1.2289373874664307,0.000620853272266686,0.08806817978620529
1,704,2705,4.9979687901213765e-05,1.2287490367889404,0.0006207417463883758,0.08794326335191727
1,705,2706,4.9979676987277344e-05,1.2288215160369873,0.0006210078718140721,0.0878186970949173
1,706,2707,4.9979662435362116e-05,1.2284467220306396,0.0006204419187270105,0.08769448101520538
1,707,2708,4.997964788344689e-05,1.2284440994262695,0.0006203398806974292,0.08757062256336212
1,708,2709,4.997962969355285e-05,1.2283519506454468,0.000620794715359807,0.08744710683822632
1,709,2710,4.997961514163762e-05,1.2282159328460693,0.0006199975032359362,0.08732394129037857
1,710,2711,4.9979600589722395e-05,1.2278674840927124,0.0006205402314662933,0.08720112591981888
1,711,2712,4.9979586037807167e-05,1.227797031402588,0.0006202030926942825,0.08707865327596664
1,712,2713,4.997957148589194e-05,1.2274452447891235,0.0006216827896423638,0.08695652335882187
1,713,2714,4.99795532959979e-05,1.2273221015930176,0.0006214005989022553,0.08683473616838455
1,714,2715,4.9979538744082674e-05,1.2268848419189453,0.0006211753352545202,0.0867132842540741
1,715,2716,4.9979524192167446e-05,1.2264683246612549,0.0006221096264198422,0.0865921750664711
1,716,2717,4.9979513278231025e-05,1.2266011238098145,0.0006226589903235435,0.08647140860557556
1,717,2718,4.997949508833699e-05,1.2262709140777588,0.0006221865769475698,0.08635097742080688
1,718,2719,4.997948053642176e-05,1.2261472940444946,0.0006215020548552275,0.08623087406158447
1,719,2720,4.997946598450653e-05,1.226094365119934,0.0006215204484760761,0.08611111342906952
1,720,2721,4.9979451432591304e-05,1.2263152599334717,0.0006206633988767862,0.0866851657629013
1,721,2722,4.9979436880676076e-05,1.2264413833618164,0.0006207529804669321,0.08656509220600128
1,722,2723,4.997941869078204e-05,1.2264742851257324,0.000619979458861053,0.08713693171739578
1,723,2724,4.997940413886681e-05,1.2261922359466553,0.000621367827989161,0.08701657503843307
1,724,2725,4.9979385948972777e-05,1.2262929677963257,0.0006217945483513176,0.08689655363559723
1,725,2726,4.997937139705755e-05,1.226511001586914,0.0006231903098523617,0.08677686005830765
1,726,2727,4.997936048312113e-05,1.2261165380477905,0.0006233594613149762,0.08665749430656433
1,727,2728,4.99793459312059e-05,1.2260652780532837,0.0006240378133952618,0.08653846383094788
1,728,2729,4.997933137929067e-05,1.2266134023666382,0.0006252726307138801,0.08641975373029709
1,729,2730,4.9979313189396635e-05,1.2273463010787964,0.0006259922520257533,0.08630137145519257
1,730,2731,4.9979298637481406e-05,1.2271268367767334,0.0006252994644455612,0.08618330955505371
1,731,2732,4.997928408556618e-05,1.2268681526184082,0.0006262006936594844,0.08606557548046112
1,732,2733,4.997926953365095e-05,1.226827621459961,0.0006261259550228715,0.0859481617808342
1,733,2734,4.997925498173572e-05,1.2265729904174805,0.0006270999438129365,0.08583106100559235
1,734,2735,4.9979236791841686e-05,1.2262967824935913,0.0006273178150877357,0.08571428805589676
1,735,2736,4.997922223992646e-05,1.2266429662704468,0.000627222703769803,0.08559782803058624
1,736,2737,4.997920405003242e-05,1.226364254951477,0.0006277890643104911,0.0854816809296608
1,737,2738,4.9979193136096e-05,1.226046085357666,0.0006275525083765388,0.08536585420370102
1,738,2739,4.9979174946201965e-05,1.2258272171020508,0.0006268764846026897,0.08525034040212631
1,739,2740,4.9979164032265544e-05,1.2259602546691895,0.0006267897551879287,0.08513513207435608
1,740,2741,4.997914584237151e-05,1.2257499694824219,0.0006285960553213954,0.08502024412155151
1,741,2742,4.997913129045628e-05,1.2257879972457886,0.0006277586799114943,0.08490566164255142
1,742,2743,4.997911673854105e-05,1.2258861064910889,0.0006278359214775264,0.0847913846373558
1,743,2744,4.997910218662582e-05,1.2256711721420288,0.0006281953537836671,0.08467742055654526
1,744,2745,4.9979087634710595e-05,1.2258152961730957,0.0006278499495238066,0.08456376194953918
1,745,2746,4.997907308279537e-05,1.2258973121643066,0.0006282177055254579,0.08445040136575699
1,746,2747,4.997905489290133e-05,1.2257031202316284,0.0006281871465034783,0.08433734625577927
1,747,2748,4.99790403409861e-05,1.2254221439361572,0.0006277406355366111,0.08422459661960602
1,748,2749,4.997902215109207e-05,1.2249619960784912,0.0006279908120632172,0.08411215245723724
1,749,2750,4.9979011237155646e-05,1.22498619556427,0.0006280302186496556,0.08399999886751175
1,750,2751,4.997899304726161e-05,1.2249531745910645,0.0006287603173404932,0.08388815075159073
1,751,2752,4.997898213332519e-05,1.2247827053070068,0.0006286834832280874,0.08377659320831299
1,752,2753,4.9978963943431154e-05,1.2245343923568726,0.0006293583428487182,0.08366534113883972
1,753,2754,4.9978949391515926e-05,1.2246224880218506,0.0006294213235378265,0.08355437964200974
1,754,2755,4.997893120162189e-05,1.2242887020111084,0.000630318361800164,0.08344370871782303
1,755,2756,4.997891664970666e-05,1.224194049835205,0.0006296362262219191,0.0833333358168602
1,756,2757,4.997890573577024e-05,1.2244503498077393,0.0006297773215919733,0.08322324603796005
1,757,2758,4.9978887545876205e-05,1.224676489830017,0.0006297907093539834,0.08377309143543243
1,758,2759,4.9978876631939784e-05,1.2248437404632568,0.0006305252900347114,0.0836627185344696
1,759,2760,4.997885844204575e-05,1.2244380712509155,0.0006307362345978618,0.08355262875556946
1,760,2761,4.997884025215171e-05,1.224318265914917,0.0006304023554548621,0.08344283699989319
1,761,2762,4.9978825700236484e-05,1.2240276336669922,0.000631174654699862,0.0833333283662796
1,762,2763,4.997880751034245e-05,1.223771333694458,0.0006318085361272097,0.08322411775588989
1,763,2764,4.997879659640603e-05,1.224107027053833,0.00063217559363693,0.08311518281698227
1,764,2765,4.997877840651199e-05,1.2238938808441162,0.0006315364735201001,0.08300653845071793
1,765,2766,4.997876749257557e-05,1.223822832107544,0.0006313810590654612,0.08289816975593567
1,766,2767,4.9978749302681535e-05,1.2238740921020508,0.0006307953735813498,0.08279009163379669
1,767,2768,4.997873475076631e-05,1.2239420413970947,0.0006309666787274182,0.0826822966337204
1,768,2769,4.997871656087227e-05,1.2239704132080078,0.0006308491574600339,0.0825747698545456
1,769,2770,4.997870200895704e-05,1.2237777709960938,0.0006311190081760287,0.08246752619743347
1,770,2771,4.997869109502062e-05,1.2239197492599487,0.0006311862962320447,0.08236056566238403
1,771,2772,4.9978672905126587e-05,1.2236905097961426,0.000630920403636992,0.08225388824939728
1,772,2773,4.9978661991190165e-05,1.2234748601913452,0.000631865521427244,0.08214747905731201
1,773,2774,4.997864380129613e-05,1.223539113998413,0.000631796894595027,0.08204134553670883
1,774,2775,4.99786292493809e-05,1.223205804824829,0.0006313251215033233,0.08193548023700714
1,775,2776,4.9978611059486866e-05,1.222952127456665,0.0006308660376816988,0.08182989060878754
1,776,2777,4.997859650757164e-05,1.2233476638793945,0.0006309364689514041,0.08172458410263062
1,777,2778,4.99785783176776e-05,1.223052740097046,0.0006310120224952698,0.08161953836679459
1,778,2779,4.9978563765762374e-05,1.2229230403900146,0.0006310194148682058,0.08151476085186005
1,779,2780,4.9978549213847145e-05,1.222709059715271,0.0006311982870101929,0.08141025900840759
1,780,2781,4.997853466193192e-05,1.2226263284683228,0.0006317585939541459,0.08130601793527603
1,781,2782,4.997852011001669e-05,1.2224810123443604,0.000632474897429347,0.08120204508304596
1,782,2783,4.997850192012265e-05,1.222238302230835,0.0006332494085654616,0.08109834045171738
1,783,2784,4.9978487368207425e-05,1.2221148014068604,0.0006332846824079752,0.08099489659070969
1,784,2785,4.9978472816292197e-05,1.2219715118408203,0.0006325123249553144,0.08089172095060349
1,785,2786,4.997845462639816e-05,1.221910834312439,0.0006333163473755121,0.08078880608081818
1,786,2787,4.997844371246174e-05,1.2217494249343872,0.0006339254323393106,0.08068615198135376
1,787,2788,4.9978425522567704e-05,1.2214852571487427,0.000633365532848984,0.08058375120162964
1,788,2789,4.997841460863128e-05,1.2217110395431519,0.0006347238086163998,0.080481618642807
1,789,2790,4.997839641873725e-05,1.2215995788574219,0.0006344945868477225,0.08037974685430527
1,790,2791,4.997838186682202e-05,1.221315860748291,0.0006343484856188297,0.08027812838554382
1,791,2792,4.9978363676927984e-05,1.221785068511963,0.0006342289270833135,0.08017677068710327
1,792,2793,4.9978349125012755e-05,1.2216451168060303,0.0006341829430311918,0.08007566630840302
1,793,2794,4.997833093511872e-05,1.2216728925704956,0.0006346090813167393,0.07997480779886246
1,794,2795,4.997831638320349e-05,1.2218538522720337,0.0006338193197734654,0.08050314337015152
1,795,2796,4.997830183128826e-05,1.221690058708191,0.0006331545300781727,0.08040200918912888
1,796,2797,4.9978287279373035e-05,1.2216113805770874,0.000634292489849031,0.08030112832784653
1,797,2798,4.9978272727457806e-05,1.221498727798462,0.0006343761924654245,0.08020050078630447
1,798,2799,4.997825817554258e-05,1.221364974975586,0.0006359030958265066,0.08010012656450272
1,799,2800,4.997823998564854e-05,1.2216461896896362,0.0006372550269588828,0.07999999821186066
1,800,2801,4.9978225433733314e-05,1.221482515335083,0.0006379453698173165,0.07990012317895889
1,801,2802,4.997820724383928e-05,1.2219114303588867,0.0006395974196493626,0.07980050146579742
1,802,2803,4.997819269192405e-05,1.2219537496566772,0.0006388234905898571,0.07970111817121506
1,803,2804,4.997817814000882e-05,1.2218313217163086,0.0006381508428603411,0.07960198819637299
1,804,2805,4.997815995011479e-05,1.2218425273895264,0.0006374223157763481,0.07950310409069061
1,805,2806,4.9978149036178365e-05,1.2217307090759277,0.0006369509501382709,0.07940446585416794
1,806,2807,4.997813084628433e-05,1.2215923070907593,0.0006371011841110885,0.07930607348680496
1,807,2808,4.99781162943691e-05,1.221723198890686,0.0006374464137479663,0.07920791953802109
1,808,2809,4.997810174245387e-05,1.2214431762695312,0.000636982440482825,0.07911001145839691
1,809,2810,4.997808355255984e-05,1.221245288848877,0.0006367497844621539,0.07901234924793243
1,810,2811,4.997806900064461e-05,1.2217692136764526,0.0006363271968439221,0.07891491800546646
1,811,2812,4.9978050810750574e-05,1.2221530675888062,0.0006364799337461591,0.07943350076675415
1,812,2813,4.9978036258835346e-05,1.2220394611358643,0.0006365673616528511,0.07933579385280609
1,813,2814,4.997801806894131e-05,1.2220097780227661,0.0006366739980876446,0.07923832535743713
1,814,2815,4.997800351702608e-05,1.221895456314087,0.0006364831933751702,0.07914110273122787
1,815,2816,4.997798896511085e-05,1.2220885753631592,0.0006367922760546207,0.07904411852359772
1,816,2817,4.9977974413195625e-05,1.2222176790237427,0.000637477554846555,0.07894736528396606
1,817,2818,4.9977959861280397e-05,1.2220971584320068,0.0006384426960721612,0.07885085791349411
1,818,2819,4.997794167138636e-05,1.2222084999084473,0.0006390295457094908,0.07875458151102066
1,819,2820,4.997793075744994e-05,1.2225489616394043,0.0006388573092408478,0.07865853607654572
1,820,2821,4.9977912567555904e-05,1.222383737564087,0.0006384303560480475,0.07856272906064987
1,821,2822,4.9977898015640676e-05,1.222533106803894,0.0006388939800672233,0.07846715301275253
1,822,2823,4.997788346372545e-05,1.2223608493804932,0.0006389297777786851,0.0783718079328537
1,823,2824,4.997786527383141e-05,1.2222262620925903,0.0006389543414115906,0.07827669382095337
1,824,2825,4.9977850721916184e-05,1.222081184387207,0.000639419537037611,0.07818181812763214
1,825,2826,4.997783253202215e-05,1.2226498126983643,0.0006401066784746945,0.0786924958229065
1,826,2827,4.997781798010692e-05,1.2230210304260254,0.0006401707651093602,0.07859733700752258
1,827,2828,4.997780342819169e-05,1.222994327545166,0.000640869839116931,0.07850241661071777
1,828,2829,4.997778887627646e-05,1.223030686378479,0.000640381476841867,0.07901085913181305
1,829,2830,4.997777068638243e-05,1.223257064819336,0.0006406102329492569,0.07891566306352615
1,830,2831,4.997775249648839e-05,1.2234519720077515,0.0006413229275494814,0.07882069796323776
1,831,2832,4.9977737944573164e-05,1.2234883308410645,0.0006411729846149683,0.07872596383094788
1,832,2833,4.9977723392657936e-05,1.2235151529312134,0.0006416738615371287,0.0786314532160759
1,833,2834,4.997770884074271e-05,1.2235221862792969,0.0006410046480596066,0.07853716611862183
1,834,2835,4.997769428882748e-05,1.2233214378356934,0.0006425628671422601,0.07844310998916626
1,835,2836,4.9977676098933443e-05,1.2235455513000488,0.0006428702617995441,0.07894736528396606
1,836,2837,4.9977661547018215e-05,1.2232532501220703,0.000642538710962981,0.0788530483841896
1,837,2838,4.997764335712418e-05,1.223099946975708,0.0006421658326871693,0.07875894755125046
1,838,2839,4.997762880520895e-05,1.2229702472686768,0.0006435669492930174,0.07866507768630981
1,839,2840,4.997761425329372e-05,1.2232646942138672,0.0006438064738176763,0.07916666567325592
1,840,2841,4.997759606339969e-05,1.2229535579681396,0.0006435647374019027,0.07907253503799438
1,841,2842,4.997758151148446e-05,1.2230448722839355,0.0006428509950637817,0.07957244664430618
1,842,2843,4.9977563321590424e-05,1.2232275009155273,0.0006420952267944813,0.07947805523872375
1,843,2844,4.9977548769675195e-05,1.2228598594665527,0.0006423878367058933,0.07938388735055923
1,844,2845,4.9977537855738774e-05,1.2230406999588013,0.000643028412014246,0.07928994297981262
1,845,2846,4.997751966584474e-05,1.223130226135254,0.0006430019857361913,0.07919621467590332
1,846,2847,4.997750511392951e-05,1.2228894233703613,0.0006428399356082082,0.07910271733999252
1,847,2848,4.9977486924035475e-05,1.2231477499008179,0.0006428394699469209,0.07900943607091904
1,848,2849,4.9977472372120246e-05,1.2228474617004395,0.0006426178151741624,0.07891637086868286
1,849,2850,4.997745782020502e-05,1.2228753566741943,0.0006428448250517249,0.0788235291838646
1,850,2851,4.997743963031098e-05,1.2231338024139404,0.0006436685798689723,0.07873090356588364
1,851,2852,4.9977425078395754e-05,1.2228436470031738,0.0006435058312490582,0.07863849401473999
1,852,2853,4.997740688850172e-05,1.2230663299560547,0.0006435670657083392,0.07854630798101425
1,853,2854,4.997739233658649e-05,1.2230987548828125,0.0006437965203076601,0.07845433056354523
1,854,2855,4.9977374146692455e-05,1.2230440378189087,0.0006435416871681809,0.07836257666349411
1,855,2856,4.9977359594777226e-05,1.2235467433929443,0.000643764273263514,0.07885514199733734
1,856,2857,4.9977345042862e-05,1.2238177061080933,0.0006437511183321476,0.07934655249118805
1,857,2858,4.997732685296796e-05,1.2241086959838867,0.0006450777291320264,0.07925407588481903
1,858,2859,4.9977312301052734e-05,1.2240724563598633,0.0006453922251239419,0.07916181534528732
1,859,2860,4.99772941111587e-05,1.2239623069763184,0.0006449337815865874,0.07906976342201233
1,860,2861,4.997727955924347e-05,1.2243114709854126,0.0006447663763538003,0.07897793501615524
1,861,2862,4.997726500732824e-05,1.2243746519088745,0.0006454621907323599,0.07888630777597427
1,862,2863,4.9977246817434207e-05,1.2242732048034668,0.0006448307540267706,0.07879489660263062
1,863,2864,4.997723226551898e-05,1.2242827415466309,0.0006453411187976599,0.07870370149612427
1,864,2865,4.997721407562494e-05,1.2240312099456787,0.0006447426858358085,0.07861271500587463
1,865,2866,4.997720316168852e-05,1.2240254878997803,0.0006449990905821323,0.07852193713188171
1,866,2867,4.997718860977329e-05,1.2242928743362427,0.0006453031674027443,0.0784313753247261
1,867,2868,4.997717041987926e-05,1.22408926486969,0.0006453630048781633,0.07834101468324661
1,868,2869,4.997715586796403e-05,1.2238267660140991,0.0006450653309002519,0.07825086265802383
1,869,2870,4.9977137678069994e-05,1.2235028743743896,0.0006447539781220257,0.07816091924905777
1,870,2871,4.9977123126154765e-05,1.2234922647476196,0.0006450866349041462,0.07807118445634842
1,871,2872,4.997710857423954e-05,1.2233519554138184,0.0006450541550293565,0.07798165082931519
1,872,2873,4.99770903843455e-05,1.2235093116760254,0.0006461093435063958,0.07789232581853867
1,873,2874,4.997707947040908e-05,1.223837971687317,0.0006475060945376754,0.07780320197343826
1,874,2875,4.9977061280515045e-05,1.223787784576416,0.0006486739730462432,0.07771428674459457
1,875,2876,4.9977046728599817e-05,1.2236899137496948,0.0006482338067144156,0.077625572681427
1,876,2877,4.997702853870578e-05,1.2233514785766602,0.0006483193719759583,0.07753705978393555
1,877,2878,4.997701398679055e-05,1.2230801582336426,0.0006480455631390214,0.07744874060153961
1,878,2879,4.997699579689652e-05,1.2232764959335327,0.0006482743774540722,0.07792946696281433
1,879,2880,4.997697760700248e-05,1.223461389541626,0.0006502383621409535,0.0778409093618393
1,880,2881,4.9976963055087253e-05,1.2232425212860107,0.0006499754963442683,0.07775256037712097
1,881,2882,4.997694486519322e-05,1.2234947681427002,0.0006507405778393149,0.07766440510749817
1,882,2883,4.997693031327799e-05,1.2235212326049805,0.0006508539663627744,0.07757644355297089
1,883,2884,4.997691576136276e-05,1.2236485481262207,0.0006501594325527549,0.07748869061470032
1,884,2885,4.9976897571468726e-05,1.2235406637191772,0.0006499250885099173,0.07740113139152527
1,885,2886,4.99768830195535e-05,1.223546028137207,0.0006501397583633661,0.07731376588344574
1,886,2887,4.997686482965946e-05,1.2232599258422852,0.0006507352227345109,0.07722660899162292
1,887,2888,4.9976850277744234e-05,1.2232518196105957,0.0006516877328976989,0.07713963836431503
1,888,2889,4.9976835725829005e-05,1.2235430479049683,0.0006528302910737693,0.07705286890268326
1,889,2890,4.997681753593497e-05,1.2234759330749512,0.0006536219152621925,0.076966293156147
1,890,2891,4.997680298401974e-05,1.2234327793121338,0.0006536430446431041,0.07687991112470627
1,891,2892,4.9976784794125706e-05,1.223156452178955,0.0006545400246977806,0.07679371535778046
1,892,2893,4.997677024221048e-05,1.223468542098999,0.0006545338546857238,0.07726763188838959
1,893,2894,4.997675569029525e-05,1.2236039638519287,0.0006548622041009367,0.07774049043655396
1,894,2895,4.9976737500401214e-05,1.2236484289169312,0.0006550920661538839,0.07765363156795502
1,895,2896,4.9976722948485985e-05,1.2234504222869873,0.0006548623787239194,0.0775669664144516
1,896,2897,4.997670475859195e-05,1.2233929634094238,0.0006548173259943724,0.0774804875254631
1,897,2898,4.997669020667672e-05,1.2236042022705078,0.0006554159335792065,0.07739420980215073
1,898,2899,4.997667565476149e-05,1.2234256267547607,0.0006554772844538093,0.07730811834335327
1,899,2900,4.997665746486746e-05,1.223397135734558,0.000654820934869349,0.07722222059965134
1,900,2901,4.997664291295223e-05,1.2234132289886475,0.0006559704197570682,0.07713651657104492
1,901,2902,4.9976624723058194e-05,1.2234477996826172,0.00065605528652668,0.07705099880695343
1,902,2903,4.9976610171142966e-05,1.2237104177474976,0.0006577386520802975,0.07696567475795746
1,903,2904,4.997659561922774e-05,1.223813772201538,0.0006577924359589815,0.07688052952289581
1,904,2905,4.99765774293337e-05,1.2242015600204468,0.000659165729302913,0.07679557800292969
1,905,2906,4.997656287741847e-05,1.2242450714111328,0.0006589011754840612,0.07671082019805908
1,906,2907,4.997654468752444e-05,1.2241401672363281,0.000658495700918138,0.0766262412071228
1,907,2908,4.997653013560921e-05,1.2239140272140503,0.0006587877869606018,0.07654184848070145
1,908,2909,4.997651558369398e-05,1.2238645553588867,0.0006585366791114211,0.07645764946937561
1,909,2910,4.9976497393799946e-05,1.2236995697021484,0.0006578790489584208,0.0763736292719841
1,910,2911,4.997648284188472e-05,1.223551869392395,0.0006574493600055575,0.07628978788852692
1,911,2912,4.997646465199068e-05,1.2237060070037842,0.0006576582090929151,0.07620614022016525
1,912,2913,4.9976450100075454e-05,1.223646640777588,0.0006570382392965257,0.07612267136573792
1,913,2914,4.9976435548160225e-05,1.2236078977584839,0.000656789168715477,0.07658643275499344
1,914,2915,4.997641735826619e-05,1.2237557172775269,0.0006582482601515949,0.0765027329325676
1,915,2916,4.997640280635096e-05,1.2234420776367188,0.0006583846407011151,0.07641921937465668
1,916,2917,4.9976384616456926e-05,1.2236244678497314,0.0006597103783860803,0.07633587718009949
1,917,2918,4.99763700645417e-05,1.223445177078247,0.0006591805722564459,0.07625272125005722
1,918,2919,4.997635187464766e-05,1.2233810424804688,0.0006588584510609508,0.07671381533145905
1,919,2920,4.9976337322732434e-05,1.2230406999588013,0.0006596897728741169,0.07663043588399887
1,920,2921,4.99763191328384e-05,1.2228600978851318,0.000660294434055686,0.07654723525047302
1,921,2922,4.997630458092317e-05,1.2228929996490479,0.0006604976952075958,0.0764642059803009
1,922,2923,4.9976286391029134e-05,1.2226929664611816,0.0006607360555790365,0.0763813704252243
1,923,2924,4.9976271839113906e-05,1.222568154335022,0.0006620922358706594,0.07629869878292084
1,924,2925,4.997625364921987e-05,1.2227535247802734,0.0006623072549700737,0.07621622085571289
1,925,2926,4.997623909730464e-05,1.222561001777649,0.0006624080706387758,0.07613390684127808
1,926,2927,4.997622090741061e-05,1.2225313186645508,0.0006617807666771114,0.07605177909135818
1,927,2928,4.997620635549538e-05,1.2223505973815918,0.0006622961955145001,0.07596983015537262
1,928,2929,4.997618816560134e-05,1.2224311828613281,0.0006616358878090978,0.07642626762390137
1,929,2930,4.997616997570731e-05,1.2222726345062256,0.0006615888560190797,0.0763440877199173
1,930,2931,4.997615542379208e-05,1.2222172021865845,0.0006613424047827721,0.07626208662986755
1,931,2932,4.997614087187685e-05,1.2219834327697754,0.0006609020056203008,0.07618025690317154
1,932,2933,4.9976122681982815e-05,1.2216989994049072,0.0006615177844651043,0.07609860599040985
1,933,2934,4.997610813006759e-05,1.222034215927124,0.0006622238433919847,0.07601712644100189
1,934,2935,4.997608994017355e-05,1.2219648361206055,0.0006617603357881308,0.07593582570552826
1,935,2936,4.9976071750279516e-05,1.2216260433197021,0.0006615676684305072,0.07585470378398895
1,936,2937,4.997605719836429e-05,1.221498727798462,0.000661663303617388,0.07577374577522278
1,937,2938,4.997603900847025e-05,1.2216510772705078,0.0006627289112657309,0.07569296658039093
1,938,2939,4.9976024456555024e-05,1.2215921878814697,0.000663324142806232,0.07561235129833221
1,939,2940,4.997600626666099e-05,1.22152578830719,0.0006640720530413091,0.07553191483020782
1,940,2941,4.997599171474576e-05,1.2215203046798706,0.0006634120363742113,0.07545164227485657
1,941,2942,4.997597716283053e-05,1.2217540740966797,0.0006635747267864645,0.07537154853343964
1,942,2943,4.9975958972936496e-05,1.222215175628662,0.0006643615197390318,0.07529161870479584
1,943,2944,4.997594442102127e-05,1.2222397327423096,0.0006646400433965027,0.07521186769008636
1,944,2945,4.997592623112723e-05,1.2219150066375732,0.0006644063396379352,0.07513228058815002
1,945,2946,4.9975911679212004e-05,1.222069263458252,0.000663711572997272,0.07505285739898682
1,946,2947,4.9975897127296776e-05,1.2222566604614258,0.0006638608174398541,0.07550158351659775
1,947,2948,4.997587893740274e-05,1.2225316762924194,0.0006642615771852434,0.07542194426059723
1,948,2949,4.997586438548751e-05,1.2228975296020508,0.000664992374368012,0.07534246146678925
1,949,2950,4.9975846195593476e-05,1.2227039337158203,0.0006656547775492072,0.07526315748691559
1,950,2951,4.997583164367825e-05,1.222778558731079,0.0006673806929029524,0.07518401741981506
1,951,2952,4.997581345378421e-05,1.2228624820709229,0.000668153865262866,0.07510504126548767
1,952,2953,4.997579526389018e-05,1.2226792573928833,0.0006675852928310633,0.07502622902393341
1,953,2954,4.997578071197495e-05,1.2227613925933838,0.0006678082281723619,0.07494758814573288
1,954,2955,4.997576616005972e-05,1.2226712703704834,0.00066774757578969,0.07486911118030548
1,955,2956,4.997574433218688e-05,1.222562551498413,0.0006673199823126197,0.07479079067707062
1,956,2957,4.997572978027165e-05,1.222872257232666,0.0006674905307590961,0.07471264898777008
1,957,2958,4.9975711590377614e-05,1.2227849960327148,0.0006692007882520556,0.07463465631008148
1,958,2959,4.9975697038462386e-05,1.223017692565918,0.0006694060284644365,0.07455682754516602
1,959,2960,4.997568248654716e-05,1.223275899887085,0.0006699713412672281,0.07447916269302368
1,960,2961,4.997566429665312e-05,1.2230095863342285,0.0006698361248709261,0.07440166175365448
1,961,2962,4.997564974473789e-05,1.223245620727539,0.0006700943922623992,0.07484407722949982
1,962,2963,4.997563155484386e-05,1.2230427265167236,0.0006701460806652904,0.07476635277271271
1,963,2964,4.997561700292863e-05,1.2229547500610352,0.0006706046406179667,0.07468879967927933
1,964,2965,4.99756024510134e-05,1.2227203845977783,0.0006701232632622123,0.07461139559745789
1,965,2966,4.9975584261119366e-05,1.222828984260559,0.0006704051047563553,0.07453416287899017
1,966,2967,4.997556970920414e-05,1.223017692565918,0.0006715720519423485,0.0744570791721344
1,967,2968,4.99755515193101e-05,1.2232311964035034,0.0006720696110278368,0.07438016682863235
1,968,2969,4.9975533329416066e-05,1.223212480545044,0.0006715676281601191,0.0748194009065628
1,969,2970,4.997551877750084e-05,1.2231495380401611,0.0006724298000335693,0.07474226504564285
1,970,2971,4.9975496949627995e-05,1.2231113910675049,0.0006718121585436165,0.07466529309749603
1,971,2972,4.997548239771277e-05,1.2229931354522705,0.0006720090750604868,0.07458847761154175
1,972,2973,4.997546784579754e-05,1.222787857055664,0.0006718485383316875,0.07451181858778
1,973,2974,4.99754496559035e-05,1.2229909896850586,0.0006721366662532091,0.07494866847991943
1,974,2975,4.9975435103988275e-05,1.2227331399917603,0.0006717222277075052,0.07487179338932037
1,975,2976,4.997541691409424e-05,1.2225921154022217,0.0006714188493788242,0.07479508221149445
1,976,2977,4.997540236217901e-05,1.222833514213562,0.0006721162935718894,0.07471852749586105
1,977,2978,4.997538781026378e-05,1.2227332592010498,0.000671820598654449,0.0746421217918396
1,978,2979,4.997536962036975e-05,1.222743034362793,0.0006719029042869806,0.07456588745117188
1,979,2980,4.997535506845452e-05,1.2224688529968262,0.000671558897010982,0.07448980212211609
1,980,2981,4.9975336878560483e-05,1.2222552299499512,0.000671152607537806,0.07441386580467224
1,981,2982,4.997531868866645e-05,1.2223470211029053,0.0006705015548504889,0.0748472511768341
1,982,2983,4.997530413675122e-05,1.222370982170105,0.0006708803121000528,0.07477110624313354
1,983,2984,4.997528230887838e-05,1.2222929000854492,0.0006703871767967939,0.07520325481891632
1,984,2985,4.997526775696315e-05,1.2222322225570679,0.0006728777661919594,0.07512690126895905
1,985,2986,4.997525320504792e-05,1.2219198942184448,0.0006729892920702696,0.0750507116317749
1,986,2987,4.9975235015153885e-05,1.2221393585205078,0.000672799302265048,0.07548125833272934
1,987,2988,4.9975220463238657e-05,1.2223317623138428,0.0006732579786330462,0.07591092586517334
1,988,2989,4.997520227334462e-05,1.222386360168457,0.000673437025398016,0.07583416998386383
1,989,2990,4.997518772142939e-05,1.222306728363037,0.0006728459848091006,0.07575757801532745
1,990,2991,4.9975173169514164e-05,1.2219916582107544,0.000673159840516746,0.07568112760782242
1,991,2992,4.997515134164132e-05,1.2217559814453125,0.000672867288812995,0.07560484111309052
1,992,2993,4.9975136789726093e-05,1.221587061882019,0.000673109432682395,0.07552869617938995
1,993,2994,4.9975122237810865e-05,1.2218306064605713,0.0006740366807207465,0.07545271515846252
1,994,2995,4.997510040993802e-05,1.2220418453216553,0.0006745718419551849,0.07537688314914703
1,995,2996,4.9975085858022794e-05,1.2224388122558594,0.0006758417584933341,0.07530120015144348
1,996,2997,4.997506766812876e-05,1.2223831415176392,0.0006772729102522135,0.07522568106651306
1,997,2998,4.997505311621353e-05,1.2222797870635986,0.0006779592949897051,0.07515030354261398
1,998,2999,4.99750385642983e-05,1.2225100994110107,0.0006772828055545688,0.0755755752325058
1,999,3000,4.9975020374404266e-05,1.222198486328125,0.0006772995111532509,0.0754999965429306
1,1000,3001,4.997500582248904e-05,1.2221739292144775,0.0006769292522221804,0.07592407613992691
1,1001,3002,4.9974987632595e-05,1.2222306728363037,0.0006767031154595315,0.07634730637073517
1,1002,3003,4.997496944270097e-05,1.222808599472046,0.0006766208680346608,0.07676969468593597
1,1003,3004,4.997495489078574e-05,1.222844123840332,0.0006774017820134759,0.07669322937726974
1,1004,3005,4.99749367008917e-05,1.2227771282196045,0.0006770277977921069,0.07661691308021545
1,1005,3006,4.997491851099767e-05,1.2225408554077148,0.0006769751198589802,0.0765407532453537
1,1006,3007,4.997490395908244e-05,1.2224675416946411,0.0006769902538508177,0.07646474987268448
1,1007,3008,4.9974885769188404e-05,1.2223138809204102,0.0006770060863345861,0.0763888880610466
1,1008,3009,4.9974871217273176e-05,1.2224013805389404,0.0006770942127332091,0.07680872082710266
1,1009,3010,4.997485302737914e-05,1.2222869396209717,0.0006765096914023161,0.07673267275094986
1,1010,3011,4.9974834837485105e-05,1.2221572399139404,0.0006763605633750558,0.076656773686409
1,1011,3012,4.9974820285569876e-05,1.222145676612854,0.0006757067749276757,0.07658103108406067
1,1012,3013,4.997480209567584e-05,1.2220808267593384,0.0006755638169124722,0.07650543004274368
1,1013,3014,4.997478754376061e-05,1.2218186855316162,0.0006768390303477645,0.07642997801303864
1,1014,3015,4.997476935386658e-05,1.222141981124878,0.000677415169775486,0.07635468244552612
1,1015,3016,4.997475480195135e-05,1.2222621440887451,0.0006781186675652862,0.07627952843904495
1,1016,3017,4.997473661205731e-05,1.2221355438232422,0.0006777882808819413,0.07620452344417572
1,1017,3018,4.9974722060142085e-05,1.2221015691757202,0.0006772099295631051,0.07612966001033783
1,1018,3019,4.997470387024805e-05,1.2220158576965332,0.0006767830345779657,0.07605496048927307
1,1019,3020,4.997468931833282e-05,1.2219597101211548,0.0006774988723918796,0.07598039507865906
1,1020,3021,4.9974671128438786e-05,1.2219313383102417,0.0006774847279302776,0.07590597867965698
1,1021,3022,4.997465293854475e-05,1.2220455408096313,0.0006776422960683703,0.07583170384168625
1,1022,3023,4.997463838662952e-05,1.2217603921890259,0.0006775105139240623,0.07575757801532745
1,1023,3024,4.9974620196735486e-05,1.2216695547103882,0.0006775213405489922,0.07568359375
1,1024,3025,4.997460564482026e-05,1.2217063903808594,0.0006778946844860911,0.07560975849628448
1,1025,3026,4.997458745492622e-05,1.2218995094299316,0.0006784991710446775,0.07553605735301971
1,1026,3027,4.9974572903010994e-05,1.2218070030212402,0.0006785038858652115,0.07546251267194748
1,1027,3028,4.997455471311696e-05,1.2218923568725586,0.0006785012665204704,0.07538910210132599
1,1028,3029,4.9974532885244116e-05,1.2218458652496338,0.00067850889172405,0.07531584054231644
1,1029,3030,4.997451833332889e-05,1.2218844890594482,0.0006793984211981297,0.07524272054433823
1,1030,3031,4.997450378141366e-05,1.2218208312988281,0.0006796770030632615,0.07516974210739136
1,1031,3032,4.9974485591519624e-05,1.2215149402618408,0.0006801827694289386,0.07509689778089523
1,1032,3033,4.9974471039604396e-05,1.2213404178619385,0.0006803907454013824,0.07502420246601105
1,1033,3034,4.997445284971036e-05,1.2213482856750488,0.0006806324818171561,0.0749516487121582
1,1034,3035,4.9974434659816325e-05,1.221248984336853,0.0006812845822423697,0.0748792290687561
1,1035,3036,4.9974420107901096e-05,1.2214152812957764,0.0006814050721004605,0.07480695098638535
1,1036,3037,4.9974398280028254e-05,1.2211394309997559,0.0006822090363129973,0.07473481446504593
1,1037,3038,4.9974383728113025e-05,1.2212486267089844,0.0006826235912740231,0.07466281205415726
1,1038,3039,4.99743691761978e-05,1.2210273742675781,0.0006834062514826655,0.07459095120429993
1,1039,3040,4.997435098630376e-05,1.2208032608032227,0.0006832779617980123,0.07451923191547394
1,1040,3041,4.997433643438853e-05,1.2205524444580078,0.0006831326754763722,0.0744476467370987
1,1041,3042,4.99743182444945e-05,1.22064208984375,0.0006833699299022555,0.0743761956691742
1,1042,3043,4.997430005460046e-05,1.2205461263656616,0.0006841380381956697,0.07430489361286163
1,1043,3044,4.997428186470643e-05,1.220573902130127,0.0006849735509604216,0.07423371076583862
1,1044,3045,4.997426367481239e-05,1.220592737197876,0.0006852451479062438,0.07416267693042755
1,1045,3046,4.997424912289716e-05,1.220296859741211,0.0006856622057966888,0.07409177720546722
1,1046,3047,4.9974234570981935e-05,1.220302939414978,0.0006863528396934271,0.07402101159095764
1,1047,3048,4.99742163810879e-05,1.2202235460281372,0.0006870796205475926,0.0739503800868988
1,1048,3049,4.9974198191193864e-05,1.2201682329177856,0.0006871831137686968,0.07387988269329071
1,1049,3050,4.997418000129983e-05,1.2204904556274414,0.0006876873085275292,0.07380951941013336
1,1050,3051,4.997416181140579e-05,1.2204774618148804,0.0006870902143418789,0.07373929023742676
1,1051,3052,4.9974147259490564e-05,1.2204618453979492,0.0006874350365251303,0.0736692026257515
1,1052,3053,4.997412906959653e-05,1.220310926437378,0.0006872466765344143,0.07359924167394638
1,1053,3054,4.99741145176813e-05,1.2202141284942627,0.0006867783959023654,0.07352940738201141
1,1054,3055,4.9974096327787265e-05,1.2200696468353271,0.0006876210682094097,0.07345971465110779
1,1055,3056,4.997407813789323e-05,1.2197692394256592,0.0006879661814309657,0.07339015603065491
1,1056,3057,4.9974063585978e-05,1.2198662757873535,0.0006881698500365019,0.07332071661949158
1,1057,3058,4.9974045396083966e-05,1.2201378345489502,0.0006883007008582354,0.07325141876935959
1,1058,3059,4.997402720618993e-05,1.220106840133667,0.0006883397581987083,0.07318224757909775
1,1059,3060,4.99740126542747e-05,1.2202343940734863,0.0006885435432195663,0.07311320304870605
1,1060,3061,4.997399446438067e-05,1.2202093601226807,0.0006892061210237443,0.0730443000793457
1,1061,3062,4.997397991246544e-05,1.2203764915466309,0.0006911046802997589,0.0729755163192749
1,1062,3063,4.99739617225714e-05,1.2205462455749512,0.0006914638797752559,0.07290686666965485
1,1063,3064,4.997394353267737e-05,1.220552921295166,0.0006925104535184801,0.07283834367990494
1,1064,3065,4.997392898076214e-05,1.2202450037002563,0.0006926503265276551,0.07276995480060577
1,1065,3066,4.997391442884691e-05,1.2200844287872314,0.0006924787303432822,0.07270169258117676
1,1066,3067,4.997389260097407e-05,1.2200675010681152,0.0006931071984581649,0.07263354957103729
1,1067,3068,4.997387441108003e-05,1.2200326919555664,0.0006928018992766738,0.07256554067134857
1,1068,3069,4.9973859859164804e-05,1.2198288440704346,0.0006925214547663927,0.0724976658821106
1,1069,3070,4.997384166927077e-05,1.2199259996414185,0.0006936735007911921,0.07242991030216217
1,1070,3071,4.997382711735554e-05,1.2199559211730957,0.0006940773455426097,0.07236228138208389
1,1071,3072,4.9973808927461505e-05,1.219759464263916,0.0006939771119505167,0.07229477912187576
1,1072,3073,4.997379073756747e-05,1.2194758653640747,0.0006944932974874973,0.07222740352153778
1,1073,3074,4.9973772547673434e-05,1.2195873260498047,0.0006950354436412454,0.07216014713048935
1,1074,3075,4.99737543577794e-05,1.2196781635284424,0.0006958810845389962,0.07209302484989166
1,1075,3076,4.997373980586417e-05,1.2193983793258667,0.0006956380093470216,0.07202602922916412
1,1076,3077,4.997372525394894e-05,1.2192087173461914,0.0006957330042496324,0.07195914536714554
1,1077,3078,4.99737034260761e-05,1.2190839052200317,0.0006952028488740325,0.0718923956155777
1,1078,3079,4.997368887416087e-05,1.2189533710479736,0.0006966868531890213,0.07182576507329941
1,1079,3080,4.9973670684266835e-05,1.2188687324523926,0.0006974556017667055,0.07175925374031067
1,1080,3081,4.99736524943728e-05,1.2186088562011719,0.0006985127693042159,0.07169287651777267
1,1081,3082,4.997363794245757e-05,1.218487024307251,0.0006988655659370124,0.07162661850452423
1,1082,3083,4.9973619752563536e-05,1.2185237407684326,0.000699162483215332,0.07156047970056534
1,1083,3084,4.99736015626695e-05,1.2185307741165161,0.0006987399538047612,0.07149446755647659
1,1084,3085,4.9973583372775465e-05,1.218375325202942,0.0006984277861192822,0.0714285671710968
1,1085,3086,4.997356882086024e-05,1.2183549404144287,0.000698908232152462,0.07136280089616776
1,1086,3087,4.99735506309662e-05,1.2184128761291504,0.0006992069538682699,0.07129714637994766
1,1087,3088,4.997353607905097e-05,1.2183749675750732,0.0006987713277339935,0.07123161852359772
1,1088,3089,4.997351788915694e-05,1.2184817790985107,0.0006990553811192513,0.07116620242595673
1,1089,3090,4.99734996992629e-05,1.218379259109497,0.0006985270883888006,0.07110092043876648
1,1090,3091,4.9973485147347674e-05,1.2185769081115723,0.0006993816932663321,0.07103575021028519
1,1091,3092,4.997346695745364e-05,1.2183544635772705,0.0006991686532273889,0.07097069919109344
1,1092,3093,4.997345240553841e-05,1.218292236328125,0.0007004976505413651,0.07090576738119125
1,1093,3094,4.9973434215644374e-05,1.2182626724243164,0.0007011812413111329,0.07084095478057861
1,1094,3095,4.997341238777153e-05,1.2185404300689697,0.0007011677953414619,0.07077625393867493
1,1095,3096,4.9973397835856304e-05,1.218457579612732,0.0007013264112174511,0.07071167230606079
1,1096,3097,4.997337964596227e-05,1.2184603214263916,0.000701837008818984,0.0706472173333168
1,1097,3098,4.997336509404704e-05,1.218156337738037,0.0007026023231446743,0.07058288156986237
1,1098,3099,4.9973346904153004e-05,1.2178552150726318,0.0007030495908111334,0.07051865756511688
1,1099,3100,4.997332507628016e-05,1.2180042266845703,0.0007044654339551926,0.07045454531908035
1,1100,3101,4.997331052436493e-05,1.2180838584899902,0.0007044268422760069,0.07039055228233337
1,1101,3102,4.9973295972449705e-05,1.2180144786834717,0.0007048790575936437,0.07032667845487595
1,1102,3103,4.997327778255567e-05,1.217901349067688,0.0007045080419629812,0.07026292383670807
1,1103,3104,4.9973259592661634e-05,1.2180092334747314,0.0007038832409307361,0.07019927352666855
1,1104,3105,4.99732414027676e-05,1.2178912162780762,0.0007044024532660842,0.07013574987649918
1,1105,3106,4.997322321287356e-05,1.2179381847381592,0.0007043000077828765,0.07052440941333771
1,1106,3107,4.9973208660958335e-05,1.218116283416748,0.0007052634609863162,0.07046070694923401
1,1107,3108,4.99731904710643e-05,1.2179721593856812,0.0007055060705170035,0.07039710879325867
1,1108,3109,4.9973172281170264e-05,1.2177178859710693,0.0007055666064843535,0.07033362984657288
1,1109,3110,4.997315409127623e-05,1.217560887336731,0.0007059857598505914,0.07027027010917664
1,1110,3111,4.9973139539361e-05,1.218090534210205,0.0007066073012538254,0.07020702213048935
1,1111,3112,4.9973121349466965e-05,1.2180137634277344,0.0007061643991619349,0.07014387845993042
1,1112,3113,4.9973106797551736e-05,1.2177536487579346,0.0007060845382511616,0.07008086144924164
1,1113,3114,4.9973084969678894e-05,1.2176177501678467,0.0007059386698529124,0.07001794874668121
1,1114,3115,4.9973070417763665e-05,1.2176767587661743,0.0007064248202368617,0.06995515525341034
1,1115,3116,4.997305586584844e-05,1.2175893783569336,0.0007064748788252473,0.06989247351884842
1,1116,3117,4.9973034037975594e-05,1.2173815965652466,0.0007070444989949465,0.06982989609241486
1,1117,3118,4.9973019486060366e-05,1.2174123525619507,0.0007073665619827807,0.06976744532585144
1,1118,3119,4.997300129616633e-05,1.2175798416137695,0.0007083169184625149,0.06970509886741638
1,1119,3120,4.9972983106272295e-05,1.2177743911743164,0.0007089529535733163,0.06964285671710968
1,1120,3121,4.997296855435707e-05,1.2175164222717285,0.0007094480097293854,0.06958073377609253
1,1121,3122,4.997295036446303e-05,1.2177209854125977,0.0007097481284290552,0.06951871514320374
1,1122,3123,4.997292853659019e-05,1.2175350189208984,0.0007104567484930158,0.06945681571960449
1,1123,3124,4.997291398467496e-05,1.2176645994186401,0.0007107009878382087,0.0693950206041336
1,1124,3125,4.9972895794780925e-05,1.2175333499908447,0.0007102001691237092,0.06933332979679108
1,1125,3126,4.997287760488689e-05,1.2176172733306885,0.0007113710744306445,0.0692717581987381
1,1126,3127,4.9972859414992854e-05,1.2175297737121582,0.0007118598441593349,0.06921029090881348
1,1127,3128,4.997284122509882e-05,1.2173560857772827,0.0007118628127500415,0.06914893537759781
1,1128,3129,4.997282667318359e-05,1.2170894145965576,0.0007118202047422528,0.0690876841545105
1,1129,3130,4.9972808483289555e-05,1.216991901397705,0.0007123465766198933,0.06902655214071274
1,1130,3131,4.997279029339552e-05,1.2168960571289062,0.0007121789967641234,0.06896551698446274
1,1131,3132,4.997277574148029e-05,1.2170603275299072,0.0007122538518160582,0.06890459358692169
1,1132,3133,4.997276118956506e-05,1.2171525955200195,0.0007120478549040854,0.068843774497509
1,1133,3134,4.997274299967103e-05,1.2174012660980225,0.0007129628211259842,0.06878306716680527
1,1134,3135,4.997272480977699e-05,1.217654824256897,0.0007145088165998459,0.06872246414422989
1,1135,3136,4.9972706619882956e-05,1.2174193859100342,0.0007146548596210778,0.06866197288036346
1,1136,3137,4.997268842998892e-05,1.2172398567199707,0.0007171133765950799,0.0686015859246254
1,1137,3138,4.997267387807369e-05,1.217088222503662,0.0007179005770012736,0.06854130327701569
1,1138,3139,4.997265568817966e-05,1.2170276641845703,0.0007183606503531337,0.06848112493753433
1,1139,3140,4.9972633860306814e-05,1.217144250869751,0.0007188883610069752,0.06842105090618134
1,1140,3141,4.9972619308391586e-05,1.2171920537948608,0.0007193699711933732,0.06836108863353729
1,1141,3142,4.997260111849755e-05,1.217118263244629,0.0007194179343059659,0.0683012306690216
1,1142,3143,4.9972582928603515e-05,1.2169275283813477,0.0007198433158919215,0.06824146956205368
1,1143,3144,4.997256473870948e-05,1.2168376445770264,0.0007192972116172314,0.06818181276321411
1,1144,3145,4.9972546548815444e-05,1.217146635055542,0.0007201882544904947,0.0681222677230835
1,1145,3146,4.9972531996900216e-05,1.2171630859375,0.0007206910522654653,0.06806282699108124
1,1146,3147,4.997251380700618e-05,1.2172173261642456,0.0007212028140202165,0.06800349056720734
1,1147,3148,4.9972495617112145e-05,1.2172249555587769,0.0007215052610263228,0.0679442510008812
1,1148,3149,4.9972481065196916e-05,1.2170615196228027,0.0007210727198980749,0.06788511574268341
1,1149,3150,4.997246287530288e-05,1.2167896032333374,0.0007208289462141693,0.06782609224319458
1,1150,3151,4.9972444685408846e-05,1.216726303100586,0.0007208308670669794,0.06776715815067291
1,1151,3152,4.997242649551481e-05,1.216717004776001,0.000720266078133136,0.0677083283662796
1,1152,3153,4.997241194359958e-05,1.21666419506073,0.0007221170817501843,0.06764961034059525
1,1153,3154,4.997239011572674e-05,1.2166235446929932,0.0007231694180518389,0.06759098917245865
1,1154,3155,4.9972371925832704e-05,1.2164115905761719,0.0007234382210299373,0.06753246486186981
1,1155,3156,4.9972357373917475e-05,1.2167860269546509,0.0007255019154399633,0.06747405230998993
1,1156,3157,4.997233918402344e-05,1.2167763710021973,0.0007258489495143294,0.06741572916507721
1,1157,3158,4.9972320994129404e-05,1.2169480323791504,0.0007261725259013474,0.06735751032829285
1,1158,3159,4.997230280423537e-05,1.217016577720642,0.0007255786913447082,0.06773079931735992
1,1159,3160,4.9972284614341334e-05,1.2170655727386475,0.0007264682790264487,0.06767241656780243
1,1160,3161,4.9972270062426105e-05,1.2167887687683105,0.0007278707344084978,0.0676141232252121
1,1161,3162,4.997225187253207e-05,1.2165277004241943,0.0007278599077835679,0.06755593419075012
1,1162,3163,4.9972233682638034e-05,1.216454267501831,0.0007282078731805086,0.0674978494644165
1,1163,3164,4.9972215492744e-05,1.2163197994232178,0.0007281066500581801,0.06743986159563065
1,1164,3165,4.997220094082877e-05,1.2162715196609497,0.0007286900654435158,0.06738197803497314
1,1165,3166,4.997217911295593e-05,1.216408133506775,0.0007289769127964973,0.06775300204753876
1,1166,3167,4.99721645610407e-05,1.2164276838302612,0.0007292574155144393,0.06769494712352753
1,1167,3168,4.9972146371146664e-05,1.2161521911621094,0.0007297062547877431,0.06763698160648346
1,1168,3169,4.997212818125263e-05,1.215973138809204,0.0007302145240828395,0.06757912784814835
1,1169,3170,4.997210999135859e-05,1.215989112854004,0.0007312207599170506,0.06752137094736099
1,1170,3171,4.997209180146456e-05,1.215825080871582,0.0007313687819987535,0.0674637109041214
1,1171,3172,4.997207724954933e-05,1.2156116962432861,0.000731093343347311,0.06740614771842957
1,1172,3173,4.9972059059655294e-05,1.2153706550598145,0.0007317505078390241,0.06734868139028549
1,1173,3174,4.997203723178245e-05,1.215498924255371,0.0007319858414120972,0.06729131191968918
1,1174,3175,4.997202267986722e-05,1.2153749465942383,0.0007317982381209731,0.06723403930664062
1,1175,3176,4.997200448997319e-05,1.215299367904663,0.0007325345650315285,0.06717687100172043
1,1176,3177,4.997198630007915e-05,1.2150375843048096,0.0007327739731408656,0.0671197921037674
1,1177,3178,4.9971968110185117e-05,1.214993953704834,0.0007332346867769957,0.06706281751394272
1,1178,3179,4.997195355826989e-05,1.2150418758392334,0.000733324559405446,0.0670059323310852
1,1179,3180,4.997193536837585e-05,1.2152318954467773,0.0007345664780586958,0.06694915145635605
1,1180,3181,4.997191717848182e-05,1.2151293754577637,0.0007353319087997079,0.06689245998859406
1,1181,3182,4.997190262656659e-05,1.2151912450790405,0.000734750647097826,0.06725887954235077
1,1182,3183,4.9971880798693746e-05,1.215029001235962,0.0007358617731370032,0.06720203161239624
1,1183,3184,4.997186260879971e-05,1.2149380445480347,0.000735660083591938,0.06714527308940887
1,1184,3185,4.997184805688448e-05,1.2148103713989258,0.0007369205122813582,0.06708860397338867
1,1185,3186,4.997182986699045e-05,1.2146482467651367,0.0007370965322479606,0.06703203916549683
1,1186,3187,4.9971808039117604e-05,1.2146830558776855,0.000737116439267993,0.06739679723978043
1,1187,3188,4.9971793487202376e-05,1.2144811153411865,0.000737565103918314,0.06734006106853485
1,1188,3189,4.997177529730834e-05,1.2144253253936768,0.0007377483416348696,0.06728343665599823
1,1189,3190,4.9971757107414305e-05,1.2142727375030518,0.0007377438014373183,0.06722689419984818
1,1190,3191,4.997173891752027e-05,1.2144880294799805,0.0007391201797872782,0.06717044115066528
1,1191,3192,4.9971720727626234e-05,1.214616060256958,0.0007395254215225577,0.06711409240961075
1,1192,3193,4.9971706175711006e-05,1.214362382888794,0.0007407269440591335,0.06705783307552338
1,1193,3194,4.997168798581697e-05,1.214233160018921,0.0007408161764033139,0.06700167059898376
1,1194,3195,4.9971669795922935e-05,1.2143580913543701,0.0007413693238049746,0.06694561243057251
1,1195,3196,4.997165524400771e-05,1.2140671014785767,0.0007414191495627165,0.06688962876796722
1,1196,3197,4.9971633416134864e-05,1.2141014337539673,0.0007421450573019683,0.0668337494134903
1,1197,3198,4.997161522624083e-05,1.2142159938812256,0.000744157936424017,0.06677795946598053
1,1198,3199,4.99716006743256e-05,1.2146785259246826,0.0007452736608684063,0.06672227382659912
1,1199,3200,4.9971582484431565e-05,1.2145740985870361,0.0007447985699400306,0.06666666269302368
1,1200,3201,4.997156065655872e-05,1.2143118381500244,0.0007460224442183971,0.0666111558675766
1,1201,3202,4.9971546104643494e-05,1.2143783569335938,0.000746796140447259,0.06655573844909668
1,1202,3203,4.997152791474946e-05,1.214294672012329,0.0007469720439985394,0.06650041043758392
1,1203,3204,4.9971506086876616e-05,1.214455246925354,0.0007476041791960597,0.06644518673419952
1,1204,3205,4.997149153496139e-05,1.2142913341522217,0.0007473540608771145,0.06639004498720169
1,1205,3206,4.997147334506735e-05,1.2142667770385742,0.0007483202498406172,0.06633499264717102
1,1206,3207,4.9971455155173317e-05,1.2140021324157715,0.0007482671644538641,0.06628003716468811
1,1207,3208,4.997144060325809e-05,1.2139761447906494,0.0007488470291718841,0.06622517108917236
1,1208,3209,4.997142241336405e-05,1.2139551639556885,0.0007489648414775729,0.06617038697004318
1,1209,3210,4.997140058549121e-05,1.2139816284179688,0.0007500949432142079,0.06611569970846176
1,1210,3211,4.997138603357598e-05,1.2141027450561523,0.0007509915740229189,0.0660611093044281
1,1211,3212,4.9971367843681946e-05,1.2138760089874268,0.000751265964936465,0.066006600856781
1,1212,3213,4.9971346015809104e-05,1.2139089107513428,0.0007514102035202086,0.06636438518762589
1,1213,3214,4.9971331463893875e-05,1.2140967845916748,0.0007529145223088562,0.06630972027778625
1,1214,3215,4.997131327399984e-05,1.2139208316802979,0.0007535803597420454,0.06625513732433319
1,1215,3216,4.9971291446127e-05,1.2138960361480713,0.0007556077907793224,0.06620065867900848
1,1216,3217,4.997127689421177e-05,1.2138831615447998,0.0007566756103187799,0.06614626199007034
1,1217,3218,4.9971258704317734e-05,1.213897705078125,0.0007578367367386818,0.06609195470809937
1,1218,3219,4.99712405144237e-05,1.2140344381332397,0.0007572349859401584,0.0664479061961174
1,1219,3220,4.997122596250847e-05,1.2142925262451172,0.0007582497783005238,0.06639344245195389
1,1220,3221,4.9971207772614434e-05,1.21402907371521,0.0007587058935314417,0.06633906066417694
1,1221,3222,4.997118594474159e-05,1.213857889175415,0.0007585171842947602,0.06628477573394775
1,1222,3223,4.9971171392826363e-05,1.2137107849121094,0.0007596655050292611,0.06623058021068573
1,1223,3224,4.997115320293233e-05,1.2138009071350098,0.0007600642857141793,0.06658497452735901
1,1224,3225,4.9971131375059485e-05,1.2138404846191406,0.0007606907747685909,0.06653061509132385
1,1225,3226,4.997111682314426e-05,1.2138001918792725,0.0007616131333634257,0.06647634506225586
1,1226,3227,4.997109863325022e-05,1.2137181758880615,0.0007633544155396521,0.06642216444015503
1,1227,3228,4.997107680537738e-05,1.2134956121444702,0.0007635508081875741,0.06636807322502136
1,1228,3229,4.997106225346215e-05,1.2134673595428467,0.0007641840493306518,0.06631407886743546
1,1229,3230,4.9971044063568115e-05,1.2133126258850098,0.0007647903403267264,0.06626015901565552
1,1230,3231,4.997102587367408e-05,1.2132680416107178,0.0007657216629013419,0.06620633602142334
1,1231,3232,4.997101132175885e-05,1.2134253978729248,0.0007679816917516291,0.06615260243415833
1,1232,3233,4.9970993131864816e-05,1.2132480144500732,0.0007690623169764876,0.06609894335269928
1,1233,3234,4.9970971303991973e-05,1.2132623195648193,0.0007695483509451151,0.066045381128788
1,1234,3235,4.9970956752076745e-05,1.2130095958709717,0.0007693729130551219,0.06599190086126328
1,1235,3236,4.997093856218271e-05,1.2130824327468872,0.0007706400938332081,0.06593851745128632
1,1236,3237,4.997091673430987e-05,1.2130756378173828,0.0007721321890130639,0.06588520854711533
1,1237,3238,4.997090218239464e-05,1.2131892442703247,0.0007732938975095749,0.0658319890499115
1,1238,3239,4.99708839925006e-05,1.2130591869354248,0.0007756742415949702,0.06577885150909424
1,1239,3240,4.997086580260657e-05,1.2129859924316406,0.0007751547964289784,0.06572580337524414
1,1240,3241,4.997084761271253e-05,1.2130299806594849,0.0007756897248327732,0.0656728446483612
1,1241,3242,4.99708294228185e-05,1.2127902507781982,0.0007765593472868204,0.06561996787786484
1,1242,3243,4.997081123292446e-05,1.212645411491394,0.0007768917130306363,0.06556717306375504
1,1243,3244,4.997079668100923e-05,1.2124900817871094,0.000779309484641999,0.0655144676566124
1,1244,3245,4.99707784911152e-05,1.2124769687652588,0.0007807434885762632,0.06546184420585632
1,1245,3246,4.9970756663242355e-05,1.212588906288147,0.0007819357560947537,0.06540931016206741
1,1246,3247,4.997074211132713e-05,1.2125540971755981,0.0007838475285097957,0.06535685807466507
1,1247,3248,4.9970720283454284e-05,1.212453007698059,0.0007839340250939131,0.06530448794364929
1,1248,3249,4.997070209356025e-05,1.2123429775238037,0.0007850452093407512,0.06525219976902008
1,1249,3250,4.997068390366621e-05,1.2122002840042114,0.0007855971925891936,0.06520000100135803
1,1250,3251,4.997066571377218e-05,1.212185025215149,0.0007860470796003938,0.06514788419008255
1,1251,3252,4.997065116185695e-05,1.212162733078003,0.0007866355590522289,0.06509584933519363
1,1252,3253,4.9970632971962914e-05,1.2119622230529785,0.0007865092484280467,0.06504389643669128
1,1253,3254,4.997061478206888e-05,1.2118737697601318,0.0007860490586608648,0.0649920254945755
1,1254,3255,4.997059659217484e-05,1.2118779420852661,0.0007861950434744358,0.06494024395942688
1,1255,3256,4.997057840228081e-05,1.2117657661437988,0.0007881700294092298,0.06488853693008423
1,1256,3257,4.997056021238677e-05,1.2116379737854004,0.0007879622280597687,0.06483691185712814
1,1257,3258,4.9970542022492737e-05,1.2114746570587158,0.0007884446531534195,0.06478537619113922
1,1258,3259,4.9970520194619894e-05,1.21129310131073,0.0007892650319263339,0.06473391503095627
1,1259,3260,4.9970505642704666e-05,1.2112395763397217,0.0007887221872806549,0.06468254327774048
1,1260,3261,4.997048381483182e-05,1.2111012935638428,0.0007884036749601364,0.06463124603033066
1,1261,3262,4.9970469262916595e-05,1.2110614776611328,0.0007894217851571739,0.0645800307393074
1,1262,3263,4.997045107302256e-05,1.211013674736023,0.0007892829016782343,0.06452889740467072
1,1263,3264,4.9970432883128524e-05,1.2109524011611938,0.0007896528113633394,0.0644778460264206
1,1264,3265,4.997041469323449e-05,1.2110953330993652,0.0007908160332590342,0.06442687660455704
1,1265,3266,4.997040014131926e-05,1.211137294769287,0.0007918943301774561,0.06437598913908005
1,1266,3267,4.997037467546761e-05,1.211115837097168,0.0007927678525447845,0.06432517617940903
1,1267,3268,4.997036012355238e-05,1.2110090255737305,0.0007938935304991901,0.06427444517612457
1,1268,3269,4.9970341933658347e-05,1.2111536264419556,0.000793993822298944,0.06422379612922668
1,1269,3270,4.9970320105785504e-05,1.2112350463867188,0.00079462950816378,0.06417322903871536
1,1270,3271,4.9970305553870276e-05,1.211047649383545,0.0007961351657286286,0.06412273645401001
1,1271,3272,4.997028736397624e-05,1.2111194133758545,0.0007969989674165845,0.06407232582569122
1,1272,3273,4.9970269174082205e-05,1.2111611366271973,0.0007977602072060108,0.0640219897031784
1,1273,3274,4.997025098418817e-05,1.2114875316619873,0.0007988745928741992,0.06397174298763275
1,1274,3275,4.9970232794294134e-05,1.211364984512329,0.0007988871075212955,0.06392157077789307
1,1275,3276,4.99702146044001e-05,1.2113107442855835,0.0008011093595996499,0.06387147307395935
1,1276,3277,4.997019641450606e-05,1.2112103700637817,0.0008036965737119317,0.0638214573264122
1,1277,3278,4.997017822461203e-05,1.2110795974731445,0.0008040224201977253,0.06377151608467102
1,1278,3279,4.997016003471799e-05,1.2112298011779785,0.0008034025086089969,0.064112588763237
1,1279,3280,4.997013820684515e-05,1.2110435962677002,0.0008046252187341452,0.06406249850988388
1,1280,3281,4.997012365492992e-05,1.2111451625823975,0.000804028706625104,0.06440281122922897
1,1281,3282,4.9970105465035886e-05,1.2112665176391602,0.0008047654991969466,0.06435257196426392
1,1282,3283,4.997008727514185e-05,1.2113797664642334,0.000806541764177382,0.06430241465568542
1,1283,3284,4.997007272322662e-05,1.211350679397583,0.0008060538675636053,0.0642523393034935
1,1284,3285,4.997005089535378e-05,1.211491346359253,0.0008069582981988788,0.06420233845710754
1,1285,3286,4.9970032705459744e-05,1.211357593536377,0.0008069206960499287,0.06415241211652756
1,1286,3287,4.997001451556571e-05,1.2112667560577393,0.0008069837931543589,0.06410256028175354
1,1287,3288,4.996999632567167e-05,1.2113208770751953,0.0008083363645710051,0.06405279785394669
1,1288,3289,4.996997813577764e-05,1.211146593093872,0.0008097511017695069,0.0640031024813652
1,1289,3290,4.9969956307904795e-05,1.2109339237213135,0.0008108121110126376,0.06395348906517029
1,1290,3291,4.9969941755989566e-05,1.210960865020752,0.0008118883706629276,0.06390395015478134
1,1291,3292,4.996992356609553e-05,1.2109999656677246,0.0008125231834128499,0.06385448575019836
1,1292,3293,4.9969905376201496e-05,1.2107867002487183,0.0008129848865792155,0.06380510330200195
1,1293,3294,4.996989082428627e-05,1.2109501361846924,0.0008139105630107224,0.06375579535961151
1,1294,3295,4.996986535843462e-05,1.2107131481170654,0.0008159918943420053,0.06370656192302704
1,1295,3296,4.996985080651939e-05,1.2109272480010986,0.0008177238050848246,0.06365740299224854
1,1296,3297,4.9969832616625354e-05,1.2110302448272705,0.0008184501202777028,0.0636083260178566
1,1297,3298,4.996981078875251e-05,1.2112653255462646,0.0008200621232390404,0.06355932354927063
1,1298,3299,4.996979623683728e-05,1.211435079574585,0.0008218065486289561,0.06389530003070831
1,1299,3300,4.996977440896444e-05,1.21156644821167,0.0008223399054259062,0.063846156001091
1,1300,3301,4.996975985704921e-05,1.2117888927459717,0.0008242225158028305,0.06379707902669907
1,1301,3302,4.9969741667155176e-05,1.2117788791656494,0.0008259363239631057,0.0637480765581131
1,1302,3303,4.996972347726114e-05,1.2119405269622803,0.0008270248654298484,0.0636991560459137
1,1303,3304,4.9969705287367105e-05,1.211913824081421,0.0008268023957498372,0.06403373926877975
1,1304,3305,4.996968345949426e-05,1.211881399154663,0.0008262909250333905,0.06398467719554901
1,1305,3306,4.9969668907579035e-05,1.2119340896606445,0.0008266147342510521,0.06393568217754364
1,1306,3307,4.996964707970619e-05,1.2117769718170166,0.0008264739299193025,0.06388676166534424
1,1307,3308,4.9969628889812157e-05,1.2118444442749023,0.000827948737423867,0.0638379231095314
1,1308,3309,4.996961069991812e-05,1.2119224071502686,0.0008303303038701415,0.06378915160894394
1,1309,3310,4.996959614800289e-05,1.2118749618530273,0.0008325303788296878,0.06374045461416245
1,1310,3311,4.996957432013005e-05,1.2119032144546509,0.0008340165950357914,0.06369183957576752
1,1311,3312,4.9969556130236015e-05,1.2120118141174316,0.0008350135758519173,0.06364329159259796
1,1312,3313,4.9969541578320786e-05,1.2120623588562012,0.000838144333101809,0.06359481811523438
1,1313,3314,4.996951611246914e-05,1.2120308876037598,0.0008392385789193213,0.06354641914367676
1,1314,3315,4.996950156055391e-05,1.2121188640594482,0.0008425661362707615,0.06349809467792511
1,1315,3316,4.996948337065987e-05,1.2119340896606445,0.0008452837355434895,0.06344984471797943
1,1316,3317,4.996946154278703e-05,1.2118524312973022,0.000846687238663435,0.06340166926383972
1,1317,3318,4.99694469908718e-05,1.2119393348693848,0.0008480140240862966,0.06335356831550598
1,1318,3319,4.9969428800977767e-05,1.2121467590332031,0.0008496659575030208,0.06330553442239761
1,1319,3320,4.996941061108373e-05,1.211923599243164,0.0008501368574798107,0.06325757503509521
1,1320,3321,4.996938878321089e-05,1.2118539810180664,0.0008503069402649999,0.06320969015359879
1,1321,3322,4.996937423129566e-05,1.211820125579834,0.0008545256569050252,0.06316187232732773
1,1322,3323,4.9969356041401625e-05,1.2116676568984985,0.0008559504640288651,0.06311413645744324
1,1323,3324,4.996933421352878e-05,1.211536169052124,0.0008580632274970412,0.06306646764278412
1,1324,3325,4.996931602363475e-05,1.2114300727844238,0.0008579943096265197,0.06301887333393097
1,1325,3326,4.996929783374071e-05,1.211318016052246,0.0008576488471589983,0.06297134608030319
1,1326,3327,4.996928328182548e-05,1.2112491130828857,0.0008574422681704164,0.06292388588190079
1,1327,3328,4.996926145395264e-05,1.211536169052124,0.0008604106260463595,0.06287650763988495
1,1328,3329,4.996924690203741e-05,1.211595058441162,0.0008628438226878643,0.06282919645309448
1,1329,3330,4.996922143618576e-05,1.2114619016647339,0.0008645408088341355,0.06278195977210999
1,1330,3331,4.9969206884270534e-05,1.2115399837493896,0.0008676726138219237,0.06273478269577026
1,1331,3332,4.99691886943765e-05,1.211682915687561,0.0008690329268574715,0.06268768757581711
1,1332,3333,4.9969166866503656e-05,1.2116682529449463,0.0008702650084160268,0.06264065951108932
1,1333,3334,4.996914867660962e-05,1.211615800857544,0.0008706746739335358,0.06259369850158691
1,1334,3335,4.996913412469439e-05,1.2116363048553467,0.0008729581604711711,0.06254681944847107
1,1335,3336,4.996911593480036e-05,1.2114536762237549,0.0008738014148548245,0.0625
1,1336,3337,4.9969094106927514e-05,1.211266040802002,0.000878034217748791,0.0624532550573349
1,1337,3338,4.9969079555012286e-05,1.2112345695495605,0.000880943494848907,0.06240657716989517
1,1338,3339,4.996905772713944e-05,1.2112524509429932,0.0008804271928966045,0.062359970062971115
1,1339,3340,4.996903953724541e-05,1.211066484451294,0.00088189059169963,0.06231343001127243
1,1340,3341,4.996902134735137e-05,1.2109273672103882,0.0008857343345880508,0.06226696819067001
1,1341,3342,4.996900315745734e-05,1.210958480834961,0.0008887531002983451,0.06222056597471237
1,1342,3343,4.99689849675633e-05,1.2108757495880127,0.0008914200589060783,0.0621742345392704
1,1343,3344,4.9968966777669266e-05,1.210742712020874,0.000893270771484822,0.0621279776096344
1,1344,3345,4.996894858777523e-05,1.210713267326355,0.0008929668110795319,0.06208178400993347
1,1345,3346,4.996892675990239e-05,1.2106027603149414,0.0008937200182117522,0.062035657465457916
1,1346,3347,4.996891220798716e-05,1.2105718851089478,0.0008970960043370724,0.06198960542678833
1,1347,3348,4.996889038011432e-05,1.2105680704116821,0.0008997892728075385,0.061943620443344116
1,1348,3349,4.996887219022028e-05,1.2103853225708008,0.0009021355072036386,0.061897702515125275
1,1349,3350,4.9968854000326246e-05,1.2102975845336914,0.0009044629405252635,0.061851851642131805
1,1350,3351,4.996883581043221e-05,1.2103711366653442,0.0009045476326718926,0.0621761679649353
1,1351,3352,4.9968817620538175e-05,1.2101187705993652,0.0009060392621904612,0.06213017553091049
1,1352,3353,4.996879943064414e-05,1.2100234031677246,0.0009071733802556992,0.06208425760269165
1,1353,3354,4.99687776027713e-05,1.210044503211975,0.0009105084463953972,0.06203840672969818
1,1354,3355,4.996876305085607e-05,1.2101941108703613,0.0009112092666327953,0.061992619186639786
1,1355,3356,4.9968741222983226e-05,1.2101994752883911,0.0009106355137191713,0.06194690242409706
1,1356,3357,4.996872303308919e-05,1.2100176811218262,0.0009111299295909703,0.06190125271677971
1,1357,3358,4.9968704843195155e-05,1.2101255655288696,0.000915300683118403,0.06222385913133621
1,1358,3359,4.996868665330112e-05,1.2100789546966553,0.0009173576254397631,0.06217807158827782
1,1359,3360,4.9968668463407084e-05,1.2100766897201538,0.000918966659810394,0.062132351100444794
1,1360,3361,4.996865027351305e-05,1.2101340293884277,0.0009205443784594536,0.06208670139312744
1,1361,3362,4.9968632083619013e-05,1.2101435661315918,0.0009208080591633916,0.06204111501574516
1,1362,3363,4.996861025574617e-05,1.210031509399414,0.0009268936701118946,0.061995599418878555
1,1363,3364,4.9968592065852135e-05,1.20989990234375,0.00092715845676139,0.06195014715194702
1,1364,3365,4.99685738759581e-05,1.2097153663635254,0.000927641405723989,0.06190476566553116
1,1365,3366,4.9968555686064065e-05,1.209620475769043,0.000927435583434999,0.06185944378376007
1,1366,3367,4.996853749617003e-05,1.2093713283538818,0.0009286882705055177,0.061814188957214355
1,1367,3368,4.99685229442548e-05,1.209295392036438,0.0009312385227531195,0.06176900491118431
1,1368,3369,4.996849747840315e-05,1.2091476917266846,0.0009322916157543659,0.06172388792037964
1,1369,3370,4.996848292648792e-05,1.209258794784546,0.0009339094394817948,0.06167883425951004
1,1370,3371,4.996846109861508e-05,1.2091178894042969,0.0009347238810732961,0.061633843928575516
1,1371,3372,4.9968442908721045e-05,1.2089735269546509,0.0009347047889605165,0.061588920652866364
1,1372,3373,4.996842471882701e-05,1.208881139755249,0.0009343035635538399,0.061544060707092285
1,1373,3374,4.9968406528932974e-05,1.2088074684143066,0.0009341145632788539,0.06149927154183388
1,1374,3375,4.996838833903894e-05,1.2087723016738892,0.0009355604997836053,0.061454541981220245
1,1375,3376,4.99683701491449e-05,1.2085845470428467,0.000936186290346086,0.061409883201122284
1,1376,3377,4.996834832127206e-05,1.2084091901779175,0.0009368626633659005,0.0613652840256691
1,1377,3378,4.996833376935683e-05,1.2085973024368286,0.0009389464394189417,0.061320751905441284
1,1378,3379,4.996830830350518e-05,1.2084838151931763,0.0009388752514496446,0.06127628684043884
1,1379,3380,4.9968293751589954e-05,1.2085378170013428,0.0009392749052494764,0.061231885105371475
1,1380,3381,4.996827556169592e-05,1.2086193561553955,0.000940992496907711,0.06118754297494888
1,1381,3382,4.996825737180188e-05,1.2086031436920166,0.0009430084610357881,0.06114327162504196
1,1382,3383,4.996823554392904e-05,1.2085232734680176,0.0009427557233721018,0.061099059879779816
1,1383,3384,4.996822099201381e-05,1.208403468132019,0.0009434347739443183,0.061054911464452744
1,1384,3385,4.996819916414097e-05,1.208160161972046,0.0009440217982046306,0.061010830104351044
1,1385,3386,4.9968180974246934e-05,1.2080752849578857,0.0009435598622076213,0.06096681207418442
1,1386,3387,4.996815914637409e-05,1.2079434394836426,0.0009434174280613661,0.06092285364866257
1,1387,3388,4.996814459445886e-05,1.2079319953918457,0.000943897757679224,0.06087896227836609
1,1388,3389,4.996812276658602e-05,1.2078146934509277,0.0009451931691728532,0.060835130512714386
1,1389,3390,4.996810821467079e-05,1.2076630592346191,0.0009461516165174544,0.060791365802288055
1,1390,3391,4.996808638679795e-05,1.2077879905700684,0.0009466203628107905,0.0607476644217968
1,1391,3392,4.9968068196903914e-05,1.2078444957733154,0.0009471509838476777,0.06070402264595032
1,1392,3393,4.996804636903107e-05,1.2077648639678955,0.0009479340515099466,0.06066044420003891
1,1393,3394,4.996803181711584e-05,1.207862377166748,0.0009500927408225834,0.060616932809352875
1,1394,3395,4.996801362722181e-05,1.2076610326766968,0.000951481400988996,0.060573477298021317
1,1395,3396,4.996799543732777e-05,1.2074862718582153,0.0009519343730062246,0.06053008884191513
1,1396,3397,4.996797360945493e-05,1.2074055671691895,0.0009523628978058696,0.06048675626516342
1,1397,3398,4.99679590575397e-05,1.2075060606002808,0.0009528768132440746,0.060443490743637085
1,1398,3399,4.996793359168805e-05,1.2074421644210815,0.0009542369516566396,0.060400284826755524
1,1399,3400,4.9967919039772823e-05,1.207502007484436,0.0009556290460750461,0.060357145965099335
1,1400,3401,4.996789721189998e-05,1.2074756622314453,0.0009569674730300903,0.060314059257507324
1,1401,3402,4.9967879022005945e-05,1.2073476314544678,0.0009589805267751217,0.060271039605140686
1,1402,3403,4.996786083211191e-05,1.2072653770446777,0.0009585063089616597,0.06022808328270912
1,1403,3404,4.9967842642217875e-05,1.2071614265441895,0.0009585361112840474,0.06018518656492233
1,1404,3405,4.996782445232384e-05,1.207024097442627,0.0009603358921594918,0.06014234572649002
1,1405,3406,4.9967802624450997e-05,1.20697820186615,0.0009610879933461547,0.06009957194328308
1,1406,3407,4.996778443455696e-05,1.2069530487060547,0.0009625219972804189,0.06005685776472092
1,1407,3408,4.9967766244662926e-05,1.206909418106079,0.0009630674030631781,0.06001420319080353
1,1408,3409,4.996774805476889e-05,1.2068510055541992,0.0009624587837606668,0.05997161194682121
1,1409,3410,4.9967729864874855e-05,1.2067854404449463,0.0009619034826755524,0.059929076582193375
1,1410,3411,4.996771167498082e-05,1.2069064378738403,0.0009643964003771544,0.05988660454750061
1,1411,3412,4.9967693485086784e-05,1.2068240642547607,0.0009664397221058607,0.05984419211745262
1,1412,3413,4.996767165721394e-05,1.2067348957061768,0.0009672079468145967,0.05980183929204941
1,1413,3414,4.99676498293411e-05,1.206742525100708,0.0009701561066322029,0.05975954607129097
1,1414,3415,4.996763527742587e-05,1.2066622972488403,0.0009712076280266047,0.05971731245517731
1,1415,3416,4.996761344955303e-05,1.2065479755401611,0.0009726088028401136,0.05967514216899872
1,1416,3417,4.99675988976378e-05,1.2066619396209717,0.0009742600377649069,0.059633027762174606
1,1417,3418,4.996757706976496e-05,1.2065848112106323,0.0009743350092321634,0.05959097295999527
1,1418,3419,4.996755887987092e-05,1.2063674926757812,0.0009746000869199634,0.05954897776246071
1,1419,3420,4.996753705199808e-05,1.2061775922775269,0.0009750872850418091,0.05950704216957092
1,1420,3421,4.996751886210404e-05,1.2062808275222778,0.000974445603787899,0.059817031025886536
1,1421,3422,4.996750067221001e-05,1.2060551643371582,0.000974873430095613,0.059774965047836304
1,1422,3423,4.996748248231597e-05,1.206152319908142,0.000976143463049084,0.05973295867443085
1,1423,3424,4.996746429242194e-05,1.2062695026397705,0.0009766081348061562,0.059691011905670166
1,1424,3425,4.99674461025279e-05,1.20631742477417,0.0009804132860153913,0.05964912474155426
1,1425,3426,4.996742427465506e-05,1.2061222791671753,0.0009805592708289623,0.05960729718208313
1,1426,3427,4.9967402446782216e-05,1.2060744762420654,0.0009819704573601484,0.05956552177667618
1,1427,3428,4.996738789486699e-05,1.2058364152908325,0.0009824984008446336,0.0595238134264946
1,1428,3429,4.996736970497295e-05,1.205895185470581,0.0009849467314779758,0.0594821572303772
1,1429,3430,4.996735151507892e-05,1.2058570384979248,0.0009856927208602428,0.05944056063890457
1,1430,3431,4.9967329687206075e-05,1.2057695388793945,0.0009866752661764622,0.05939902365207672
1,1431,3432,4.996731149731204e-05,1.2057993412017822,0.0009876606054604053,0.05935754254460335
1,1432,3433,4.9967289669439197e-05,1.205705165863037,0.000988325453363359,0.05931612104177475
1,1433,3434,4.996727147954516e-05,1.2055959701538086,0.000987899024039507,0.05927475541830063
1,1434,3435,4.9967253289651126e-05,1.2055845260620117,0.000988971209153533,0.05923344939947128
1,1435,3436,4.99672387377359e-05,1.205636978149414,0.0009898312855511904,0.05919220298528671
1,1436,3437,4.9967216909863055e-05,1.2056853771209717,0.0009897504933178425,0.05915100872516632
1,1437,3438,4.996719508199021e-05,1.2057898044586182,0.000989906257018447,0.059109874069690704
1,1438,3439,4.9967180530074984e-05,1.2058988809585571,0.0009911544620990753,0.059068795293569565
1,1439,3440,4.9967155064223334e-05,1.2059158086776733,0.0009915957925841212,0.05937500298023224
1,1440,3441,4.9967140512308106e-05,1.2057528495788574,0.0009923405013978481,0.05933379754424095
1,1441,3442,4.996712232241407e-05,1.2057843208312988,0.0009930606465786695,0.05929265171289444
1,1442,3443,4.9967104132520035e-05,1.2059102058410645,0.0009943856857717037,0.059251561760902405
1,1443,3444,4.996708230464719e-05,1.205880045890808,0.0009938415605574846,0.05921052396297455
1,1444,3445,4.996706047677435e-05,1.2058604955673218,0.000993362395092845,0.059169553220272064
1,1445,3446,4.996704592485912e-05,1.2057785987854004,0.0009928400395438075,0.05912863463163376
1,1446,3447,4.996702409698628e-05,1.2058069705963135,0.0009947028011083603,0.05908776819705963
1,1447,3448,4.9967005907092243e-05,1.2057862281799316,0.000996758695691824,0.05904696136713028
1,1448,3449,4.996698771719821e-05,1.2056351900100708,0.0009970784885808825,0.0590062141418457
1,1449,3450,4.996696952730417e-05,1.2055665254592896,0.0009991831611841917,0.05896551534533501
1,1450,3451,4.996694769943133e-05,1.2053546905517578,0.0010002001654356718,0.058924876153469086
1,1451,3452,4.9966929509537295e-05,1.2052747011184692,0.0010005480144172907,0.05888429656624794
1,1452,3453,4.996691131964326e-05,1.2050583362579346,0.001000918447971344,0.05884376913309097
1,1453,3454,4.9966889491770416e-05,1.2050608396530151,0.0010033247526735067,0.05880330502986908
1,1454,3455,4.996687493985519e-05,1.2050514221191406,0.0010026886593550444,0.05876288563013077
1,1455,3456,4.9966853111982346e-05,1.205009937286377,0.0010045331437140703,0.05872252583503723
1,1456,3457,4.996683492208831e-05,1.2049307823181152,0.001004898571409285,0.05868222564458847
1,1457,3458,4.996681309421547e-05,1.2048038244247437,0.0010059559717774391,0.05864197760820389
1,1458,3459,4.996679490432143e-05,1.204779863357544,0.0010053416481241584,0.058601781725883484
1,1459,3460,4.99667767144274e-05,1.2046496868133545,0.0010060467757284641,0.058561645448207855
1,1460,3461,4.9966754886554554e-05,1.2044596672058105,0.0010063059162348509,0.058521561324596405
1,1461,3462,4.9966740334639326e-05,1.2043263912200928,0.0010064865928143263,0.05848153308033943
1,1462,3463,4.996671850676648e-05,1.2041285037994385,0.001007331651635468,0.05844155699014664
1,1463,3464,4.996670031687245e-05,1.2043014764785767,0.0010086334077641368,0.05840163677930832
1,1464,3465,4.9966678488999605e-05,1.204132318496704,0.0010124153923243284,0.05836177617311478
1,1465,3466,4.996666029910557e-05,1.2039499282836914,0.0010134552139788866,0.058321963995695114
1,1466,3467,4.996664574719034e-05,1.2037367820739746,0.0010141709353774786,0.05828220769762993
1,1467,3468,4.996662028133869e-05,1.2036101818084717,0.0010141226230189204,0.05824250727891922
1,1468,3469,4.9966602091444656e-05,1.203495979309082,0.0010156282223761082,0.05820285901427269
1,1469,3470,4.996658390155062e-05,1.2035154104232788,0.0010150782763957977,0.05816326290369034
1,1470,3471,4.996656207367778e-05,1.2033257484436035,0.0010154673364013433,0.05812372267246246
1,1471,3472,4.996654388378374e-05,1.2033225297927856,0.001017422997392714,0.058084238320589066
1,1472,3473,4.996652569388971e-05,1.2033743858337402,0.0010185602586716413,0.058044806122779846
1,1473,3474,4.996650750399567e-05,1.2035188674926758,0.0010206711012870073,0.058005429804325104
1,1474,3475,4.996648567612283e-05,1.2035191059112549,0.0010214081266894937,0.05796610191464424
1,1475,3476,4.9966467486228794e-05,1.2034831047058105,0.0010234819492325187,0.05792682617902756
1,1476,3477,4.996644929633476e-05,1.2033767700195312,0.0010239554103463888,0.05788761004805565
1,1477,3478,4.996643110644072e-05,1.2032771110534668,0.0010243776487186551,0.05784844234585762
1,1478,3479,4.996640927856788e-05,1.2031190395355225,0.0010247654281556606,0.05780933052301407
1,1479,3480,4.9966391088673845e-05,1.2032618522644043,0.0010240890551358461,0.05810810625553131
1,1480,3481,4.996637289877981e-05,1.2032849788665771,0.0010260625276714563,0.05806887149810791
1,1481,3482,4.996635107090697e-05,1.2031606435775757,0.0010257679969072342,0.05802968889474869
1,1482,3483,4.9966329243034124e-05,1.2030131816864014,0.0010254837106913328,0.057990558445453644
1,1483,3484,4.9966314691118896e-05,1.2029378414154053,0.0010282136499881744,0.05795148015022278
1,1484,3485,4.996629650122486e-05,1.2028443813323975,0.001028367318212986,0.05791245773434639
1,1485,3486,4.996627467335202e-05,1.2028617858886719,0.001030218438245356,0.05787348747253418
1,1486,3487,4.996625648345798e-05,1.2028577327728271,0.0010296737309545279,0.05783456563949585
1,1487,3488,4.996623465558514e-05,1.202852487564087,0.0010299882851541042,0.057795699685811996
1,1488,3489,4.9966216465691105e-05,1.2028732299804688,0.0010313354432582855,0.05775688588619232
1,1489,3490,4.996619827579707e-05,1.2028632164001465,0.0010323517490178347,0.05771812051534653
1,1490,3491,4.9966176447924227e-05,1.2027623653411865,0.0010324137983843684,0.05767941102385521
1,1491,3492,4.9966161896009e-05,1.2025775909423828,0.0010320727014914155,0.05764075368642807
1,1492,3493,4.996613643015735e-05,1.202598214149475,0.001032892381772399,0.05760214477777481
1,1493,3494,4.996611824026331e-05,1.2025254964828491,0.0010324125178158283,0.05756358802318573
1,1494,3495,4.996610005036928e-05,1.202498435974121,0.0010337854037061334,0.05752508342266083
1,1495,3496,4.996608186047524e-05,1.2023340463638306,0.0010349403601139784,0.057486630976200104
1,1496,3497,4.996606367058121e-05,1.2022597789764404,0.0010346949566155672,0.05744823068380356
1,1497,3498,4.9966041842708364e-05,1.2022044658660889,0.001035398105159402,0.05740988254547119
1,1498,3499,4.996602365281433e-05,1.2021484375,0.0010370338568463922,0.057371579110622406
1,1499,3500,4.9966001824941486e-05,1.2024610042572021,0.001038562972098589,0.057333335280418396
1,1500,3501,4.996598363504745e-05,1.2024617195129395,0.0010411773109808564,0.05729513615369797
1,1501,3502,4.9965965445153415e-05,1.2024613618850708,0.0010436916491016746,0.05725698918104172
1,1502,3503,4.996594725525938e-05,1.202322244644165,0.001045451033860445,0.057218894362449646
1,1503,3504,4.996592178940773e-05,1.2022948265075684,0.001046830089762807,0.05718085169792175
1,1504,3505,4.99659072374925e-05,1.20231032371521,0.001046640332788229,0.05747508257627487
1,1505,3506,4.996588540961966e-05,1.2023963928222656,0.001048373756930232,0.05743692070245743
1,1506,3507,4.996587085770443e-05,1.2024095058441162,0.0010477497708052397,0.057398803532123566
1,1507,3508,4.996584902983159e-05,1.202599287033081,0.0010484593221917748,0.057692307978868484
1,1508,3509,4.9965827201958746e-05,1.2025254964828491,0.0010479188058525324,0.05765407532453537
1,1509,3510,4.996580901206471e-05,1.2024257183074951,0.0010487351100891829,0.057615894824266434
1,1510,3511,4.996578718419187e-05,1.2024621963500977,0.0010493085719645023,0.057908669114112854
1,1511,3512,4.996576899429783e-05,1.2024770975112915,0.0010486890096217394,0.05787036940455437
1,1512,3513,4.9965754442382604e-05,1.2024134397506714,0.0010503879748284817,0.05783212184906006
1,1513,3514,4.996573261450976e-05,1.202289342880249,0.001050987048074603,0.05779392272233963
1,1514,3515,4.996571078663692e-05,1.202143907546997,0.001051716273650527,0.05775577574968338
1,1515,3516,4.996569259674288e-05,1.2022883892059326,0.001052731298841536,0.05771767720580101
1,1516,3517,4.996567076887004e-05,1.2023060321807861,0.0010531933512538671,0.058009229600429535
1,1517,3518,4.996565621695481e-05,1.2023084163665771,0.0010541435331106186,0.05797101557254791
1,1518,3519,4.996563438908197e-05,1.2024922370910645,0.0010560747468844056,0.05793284997344017
1,1519,3520,4.996561256120913e-05,1.2024697065353394,0.0010566902346909046,0.057894736528396606
1,1520,3521,4.996559437131509e-05,1.2025463581085205,0.001061909133568406,0.05785667151212692
1,1521,3522,4.996557254344225e-05,1.2024332284927368,0.0010630139149725437,0.05781865864992142
1,1522,3523,4.9965554353548214e-05,1.2022324800491333,0.001063837669789791,0.05778069794178009
1,1523,3524,4.9965539801632985e-05,1.2021152973175049,0.001065659336745739,0.057742781937122345
1,1524,3525,4.996551797376014e-05,1.2020807266235352,0.0010656715603545308,0.05770491808652878
1,1525,3526,4.996549250790849e-05,1.202120065689087,0.0010650327894836664,0.05766710638999939
1,1526,3527,4.9965477955993265e-05,1.2022297382354736,0.0010659222025424242,0.05762933939695358
1,1527,3528,4.996545612812042e-05,1.2023448944091797,0.001067355740815401,0.057591624557971954
1,1528,3529,4.9965441576205194e-05,1.2023050785064697,0.0010687459725886583,0.057553958147764206
1,1529,3530,4.996541974833235e-05,1.2021329402923584,0.001070400234311819,0.05751634016633034
1,1530,3531,4.996539792045951e-05,1.202059030532837,0.0010706365574151278,0.05747877061367035
1,1531,3532,4.9965379730565473e-05,1.2018933296203613,0.0010710508795455098,0.05744125321507454
1,1532,3533,4.996535790269263e-05,1.201911211013794,0.0010704624000936747,0.05740378051996231
1,1533,3534,4.9965339712798595e-05,1.2019535303115845,0.0010712682269513607,0.05736636370420456
1,1534,3535,4.996532152290456e-05,1.2018053531646729,0.0010713845258578658,0.05732899159193039
1,1535,3536,4.9965303333010525e-05,1.20172119140625,0.0010710468050092459,0.0572916641831398
1,1536,3537,4.9965277867158875e-05,1.2018229961395264,0.001073263818398118,0.05725439265370369
1,1537,3538,4.996525967726484e-05,1.2018260955810547,0.001074446365237236,0.05721716582775116
1,1538,3539,4.9965241487370804e-05,1.201946496963501,0.0010770499939098954,0.05717998743057251
1,1539,3540,4.996522329747677e-05,1.2017624378204346,0.0010769073851406574,0.05714285746216774
1,1540,3541,4.9965201469603926e-05,1.2016181945800781,0.0010787234641611576,0.05710577219724655
1,1541,3542,4.996518327970989e-05,1.2017414569854736,0.0010780524462461472,0.057392995804548264
1,1542,3543,4.996516145183705e-05,1.201554536819458,0.0010786985512822866,0.05735579878091812
1,1543,3544,4.996514326194301e-05,1.201550006866455,0.0010814790148288012,0.05731865018606186
1,1544,3545,4.996512507204898e-05,1.2017295360565186,0.0010824629571288824,0.057281553745269775
1,1545,3546,4.9965103244176134e-05,1.2016971111297607,0.0010818357113748789,0.05724450200796127
1,1546,3547,4.99650850542821e-05,1.2017028331756592,0.0010826911311596632,0.05720749869942665
1,1547,3548,4.9965063226409256e-05,1.2015669345855713,0.0010835555149242282,0.05717054009437561
1,1548,3549,4.996504503651522e-05,1.2014262676239014,0.001083487644791603,0.05713363364338875
1,1549,3550,4.9965026846621186e-05,1.2015234231948853,0.001084855291992426,0.05709677189588547
1,1550,3551,4.996500865672715e-05,1.2013778686523438,0.0010861919727176428,0.05705995857715607
1,1551,3552,4.99649831908755e-05,1.201400876045227,0.0010869449470192194,0.057023197412490845
1,1552,3553,4.9964965000981465e-05,1.2012630701065063,0.0010887717362493277,0.056986477226018906
1,1553,3554,4.996494681108743e-05,1.201237440109253,0.0010904772207140923,0.056949809193611145
1,1554,3555,4.9964928621193394e-05,1.2011659145355225,0.0010903188958764076,0.05691318213939667
1,1555,3556,4.996490679332055e-05,1.2010748386383057,0.0010900223860517144,0.05687660723924637
1,1556,3557,4.9964888603426516e-05,1.2009527683258057,0.0010900262277573347,0.05684007704257965
1,1557,3558,4.9964866775553674e-05,1.200925350189209,0.0010906840907409787,0.05680359527468681
1,1558,3559,4.996484858565964e-05,1.2008261680603027,0.0010910911951214075,0.05676715821027756
1,1559,3560,4.99648303957656e-05,1.2007337808609009,0.0010920930653810501,0.05673076957464218
1,1560,3561,4.996480856789276e-05,1.2006254196166992,0.0010925676906481385,0.05669442564249039
1,1561,3562,4.996478674001992e-05,1.2004562616348267,0.0010925360256806016,0.05665813386440277
1,1562,3563,4.996476855012588e-05,1.2003183364868164,0.0010922409128397703,0.05662187933921814
1,1563,3564,4.9964750360231847e-05,1.2004857063293457,0.0010946011170744896,0.05658567696809769
1,1564,3565,4.9964728532359004e-05,1.200431227684021,0.001094161532819271,0.056549519300460815
1,1565,3566,4.996471034246497e-05,1.200425624847412,0.001096022897399962,0.056513410061597824
1,1566,3567,4.9964688514592126e-05,1.2003514766693115,0.0010966311674565077,0.056477345526218414
1,1567,3568,4.9964666686719283e-05,1.2002220153808594,0.0010972023010253906,0.056441329419612885
1,1568,3569,4.996464849682525e-05,1.2001898288726807,0.0010976638877764344,0.05640535056591034
1,1569,3570,4.996463394491002e-05,1.2000739574432373,0.0010984963737428188,0.05636942759156227
1,1570,3571,4.996460847905837e-05,1.2001278400421143,0.0010993622709065676,0.056333545595407486
1,1571,3572,4.9964590289164335e-05,1.2000186443328857,0.0010998693760484457,0.05629771202802658
1,1572,3573,4.99645720992703e-05,1.1999640464782715,0.001099850982427597,0.05626191943883896
1,1573,3574,4.9964550271397457e-05,1.1999225616455078,0.0011011346941813827,0.05622617527842522
1,1574,3575,4.996453208150342e-05,1.199745774269104,0.0011010700836777687,0.056190475821495056
1,1575,3576,4.9964513891609386e-05,1.1996731758117676,0.0011005743872374296,0.056154824793338776
1,1576,3577,4.996449206373654e-05,1.1995140314102173,0.0011005846317857504,0.05611921101808548
1,1577,3578,4.99644702358637e-05,1.1995453834533691,0.0011015112977474928,0.05608364939689636
1,1578,3579,4.9964452045969665e-05,1.199686050415039,0.0011023065308108926,0.056048132479190826
1,1579,3580,4.996443385607563e-05,1.1995389461517334,0.0011031741742044687,0.05601266026496887
1,1580,3581,4.996441202820279e-05,1.1994012594223022,0.0011040930403396487,0.0559772290289402
1,1581,3582,4.996439383830875e-05,1.1992663145065308,0.0011038151569664478,0.05594184622168541
1,1582,3583,4.996437201043591e-05,1.1991958618164062,0.0011032132897526026,0.0559065043926239
1,1583,3584,4.9964353820541874e-05,1.1990793943405151,0.0011035596253350377,0.05587121099233627
1,1584,3585,4.996433199266903e-05,1.1989755630493164,0.00110580213367939,0.05583596229553223
1,1585,3586,4.9964313802774996e-05,1.1988027095794678,0.0011059894459322095,0.05580075830221176
1,1586,3587,4.996429197490215e-05,1.1986255645751953,0.0011067164596170187,0.05576559528708458
1,1587,3588,4.996427014702931e-05,1.1986043453216553,0.0011077403323724866,0.05573047697544098
1,1588,3589,4.996425559511408e-05,1.198720932006836,0.0011083998251706362,0.05569540709257126
1,1589,3590,4.996423376724124e-05,1.1987323760986328,0.0011089632753282785,0.05566037818789482
1,1590,3591,4.99642119393684e-05,1.1989243030548096,0.001109268981963396,0.055625393986701965
1,1591,3592,4.9964190111495554e-05,1.198911190032959,0.0011108980979770422,0.05559045076370239
1,1592,3593,4.9964175559580326e-05,1.1987144947052002,0.0011113479267805815,0.0555555559694767
1,1593,3594,4.9964153731707484e-05,1.1987133026123047,0.0011138381669297814,0.05552070587873459
1,1594,3595,4.996413190383464e-05,1.198713779449463,0.001113533740863204,0.05548589676618576
1,1595,3596,4.9964113713940606e-05,1.1986833810806274,0.0011145907919853926,0.055451128631830215
1,1596,3597,4.996409552404657e-05,1.1984803676605225,0.0011147430632263422,0.05541640520095825
1,1597,3598,4.996407369617373e-05,1.198561191558838,0.0011150056961923838,0.05538173019886017
1,1598,3599,4.9964051868300885e-05,1.1984919309616089,0.0011156440014019608,0.05534709244966507
1,1599,3600,4.996403367840685e-05,1.1986794471740723,0.0011165330652147532,0.05531249940395355
1,1600,3601,4.9964015488512814e-05,1.1987297534942627,0.0011182611342519522,0.055277951061725616
1,1601,3602,4.9963990022661164e-05,1.1986973285675049,0.0011190595105290413,0.05524344742298126
1,1602,3603,4.9963975470745936e-05,1.1986770629882812,0.0011196181876584888,0.05520898103713989
1,1603,3604,4.99639572808519e-05,1.1986078023910522,0.0011201633606106043,0.0551745630800724
1,1604,3605,4.996393545297906e-05,1.1987265348434448,0.001120937056839466,0.055140186101198196
1,1605,3606,4.996390998712741e-05,1.198569416999817,0.0011218488216400146,0.05510585382580757
1,1606,3607,4.996389179723337e-05,1.1985502243041992,0.0011213325196877122,0.05507156252861023
1,1607,3608,4.996387360733934e-05,1.1986644268035889,0.0011222247267141938,0.05503731220960617
1,1608,3609,4.99638554174453e-05,1.1986631155014038,0.00112277758307755,0.05500310659408569
1,1609,3610,4.996382995159365e-05,1.1987009048461914,0.001123171066865325,0.0549689456820488
1,1610,3611,4.996381176169962e-05,1.1986079216003418,0.0011235756101086736,0.054934822022914886
1,1611,3612,4.996379357180558e-05,1.1986594200134277,0.0011229007504880428,0.05490074306726456
1,1612,3613,4.9963775381911546e-05,1.1986448764801025,0.0011222639586776495,0.05486670881509781
1,1613,3614,4.9963753554038703e-05,1.1986658573150635,0.0011228808434680104,0.05514250323176384
1,1614,3615,4.996373536414467e-05,1.1985437870025635,0.001123923109844327,0.055108360946178436
1,1615,3616,4.9963713536271825e-05,1.198732614517212,0.001124936155974865,0.055074259638786316
1,1616,3617,4.996369534637779e-05,1.198655128479004,0.0011256264988332987,0.05504019558429718
1,1617,3618,4.996367351850495e-05,1.1984670162200928,0.0011270816903561354,0.05500618368387222
1,1618,3619,4.996365532861091e-05,1.198544979095459,0.0011302633211016655,0.05497220531105995
1,1619,3620,4.996363350073807e-05,1.1983977556228638,0.001130071235820651,0.05493827164173126
1,1620,3621,4.996361167286523e-05,1.198349952697754,0.001132954377681017,0.054904378950595856
1,1621,3622,4.996359348297119e-05,1.1984244585037231,0.0011331188725307584,0.05487053096294403
1,1622,3623,4.9963575293077156e-05,1.1983271837234497,0.0011337448377162218,0.05483672022819519
1,1623,3624,4.9963553465204313e-05,1.1982333660125732,0.0011333385482430458,0.05480295419692993
1,1624,3625,4.996353163733147e-05,1.198209524154663,0.0011338380863890052,0.054769232869148254
1,1625,3626,4.9963513447437435e-05,1.19814133644104,0.0011337127070873976,0.05473554879426956
1,1626,3627,4.99634952575434e-05,1.1980606317520142,0.0011346843093633652,0.05470190569758415
1,1627,3628,4.996347342967056e-05,1.1979727745056152,0.0011357369367033243,0.054668307304382324
1,1628,3629,4.9963451601797715e-05,1.1979671716690063,0.0011350929271429777,0.05463474616408348
1,1629,3630,4.996342977392487e-05,1.1978265047073364,0.0011359760537743568,0.05460122972726822
1,1630,3631,4.9963415222009644e-05,1.1977322101593018,0.0011361460201442242,0.05456775054335594
1,1631,3632,4.99633933941368e-05,1.1976213455200195,0.0011363755911588669,0.054534316062927246
1,1632,3633,4.996337156626396e-05,1.1975244283676147,0.0011372941080480814,0.054500918835401535
1,1633,3634,4.9963349738391116e-05,1.1974458694458008,0.001140455948188901,0.054467566311359406
1,1634,3635,4.996333154849708e-05,1.1973568201065063,0.0011418232461437583,0.05443424731492996
1,1635,3636,4.9963313358603045e-05,1.1973161697387695,0.001143032917752862,0.0544009804725647
1,1636,3637,4.99632915307302e-05,1.1973350048065186,0.0011442326940596104,0.05436774343252182
1,1637,3638,4.996326606487855e-05,1.1974530220031738,0.0011446895077824593,0.05433455482125282
1,1638,3639,4.996324787498452e-05,1.197519302368164,0.001144053996540606,0.05430140346288681
1,1639,3640,4.996323332306929e-05,1.197444200515747,0.0011445044074207544,0.05426829308271408
1,1640,3641,4.996321149519645e-05,1.1972941160202026,0.0011444890405982733,0.054235223680734634
1,1641,3642,4.99631860293448e-05,1.1972002983093262,0.0011439957888796926,0.05420219153165817
1,1642,3643,4.996316783945076e-05,1.197260856628418,0.001145675079897046,0.054169200360774994
1,1643,3644,4.9963149649556726e-05,1.197073221206665,0.0011462571565061808,0.0541362538933754
1,1644,3645,4.996313145966269e-05,1.1969256401062012,0.0011469078017398715,0.054103344678878784
1,1645,3646,4.996310599381104e-05,1.196887493133545,0.0011478152591735125,0.054070472717285156
1,1646,3647,4.9963087803917006e-05,1.197038173675537,0.0011496231891214848,0.05403764545917511
1,1647,3648,4.996306961402297e-05,1.19699227809906,0.0011498280800879002,0.05400485545396805
1,1648,3649,4.9963051424128935e-05,1.1970468759536743,0.0011502536945044994,0.05397210270166397
1,1649,3650,4.9963025958277285e-05,1.1969656944274902,0.0011502366978675127,0.053939394652843475
1,1650,3651,4.996300413040444e-05,1.1968762874603271,0.001149861142039299,0.053906723856925964
1,1651,3652,4.996298594051041e-05,1.196760892868042,0.00115041749086231,0.05387409031391144
1,1652,3653,4.996296775061637e-05,1.1966865062713623,0.001150909112766385,0.05384150147438049
1,1653,3654,4.996294592274353e-05,1.1965663433074951,0.0011515277437865734,0.05380894988775253
1,1654,3655,4.9962924094870687e-05,1.1963884830474854,0.0011525077279657125,0.05377643555402756
1,1655,3656,4.996290590497665e-05,1.1964058876037598,0.001152928452938795,0.053743958473205566
1,1656,3657,4.9962887715082616e-05,1.1964526176452637,0.0011534927180036902,0.05371152609586716
1,1657,3658,4.996286588720977e-05,1.1964943408966064,0.0011555005330592394,0.05367913097143173
1,1658,3659,4.996284405933693e-05,1.1963571310043335,0.001156352460384369,0.05364677309989929
1,1659,3660,4.996282223146409e-05,1.1964366436004639,0.001158097293227911,0.05361445993185043
1,1660,3661,4.996280404157005e-05,1.1963129043579102,0.001158806961029768,0.05358218029141426
1,1661,3662,4.996278585167602e-05,1.1962714195251465,0.0011590393260121346,0.05354993790388107
1,1662,3663,4.9962764023803174e-05,1.1961851119995117,0.0011585630709305406,0.05351774021983147
1,1663,3664,4.996274219593033e-05,1.1959848403930664,0.0011587254703044891,0.053485576063394547
1,1664,3665,4.9962724006036296e-05,1.1959857940673828,0.0011603711172938347,0.05345345288515091
1,1665,3666,4.996270581614226e-05,1.1958999633789062,0.0011610058136284351,0.053421370685100555
1,1666,3667,4.996268398826942e-05,1.1958026885986328,0.0011615485418587923,0.05338932201266289
1,1667,3668,4.9962662160396576e-05,1.1958973407745361,0.001162244938313961,0.0533573143184185
1,1668,3669,4.996264033252373e-05,1.1958647966384888,0.0011641692835837603,0.0533253476023674
1,1669,3670,4.99626221426297e-05,1.1957470178604126,0.0011646004859358072,0.053293414413928986
1,1670,3671,4.996260395273566e-05,1.1956610679626465,0.0011642825556918979,0.053261518478393555
1,1671,3672,4.996258212486282e-05,1.1955676078796387,0.001164918066933751,0.053229667246341705
1,1672,3673,4.996256029698998e-05,1.1955472230911255,0.001166207017377019,0.053197845816612244
1,1673,3674,4.9962538469117135e-05,1.1954450607299805,0.001168388407677412,0.053166069090366364
1,1674,3675,4.99625202792231e-05,1.1953222751617432,0.001168485265225172,0.05313432961702347
1,1675,3676,4.9962502089329064e-05,1.195502758026123,0.001169081311672926,0.05310262739658356
1,1676,3677,4.996248026145622e-05,1.195427417755127,0.0011687326477840543,0.05307096242904663
1,1677,3678,4.996245843358338e-05,1.1952669620513916,0.0011686587240546942,0.05303933471441269
1,1678,3679,4.9962436605710536e-05,1.195292353630066,0.0011698012240231037,0.05300774425268173
1,1679,3680,4.99624184158165e-05,1.195133924484253,0.0011696286965161562,0.05297619104385376
1,1680,3681,4.996239658794366e-05,1.19510817527771,0.001170881325379014,0.05294467508792877
1,1681,3682,4.996237839804962e-05,1.195034146308899,0.001172647811472416,0.05291319638490677
1,1682,3683,4.996235657017678e-05,1.1949909925460815,0.0011728928657248616,0.05288175866007805
1,1683,3684,4.996233474230394e-05,1.194894552230835,0.0011727919336408377,0.05285035818815231
1,1684,3685,4.9962312914431095e-05,1.1948575973510742,0.0011740864720195532,0.052818991243839264
1,1685,3686,4.996229472453706e-05,1.1946648359298706,0.0011741386260837317,0.0527876615524292
1,1686,3687,4.9962276534643024e-05,1.1946288347244263,0.0011750871781259775,0.05275637283921242
1,1687,3688,4.996225470677018e-05,1.1945312023162842,0.001174681936390698,0.05272512137889862
1,1688,3689,4.996223287889734e-05,1.1945726871490479,0.0011751300189644098,0.05269390344619751
1,1689,3690,4.9962211051024497e-05,1.1944289207458496,0.001174852019175887,0.052662722766399384
1,1690,3691,4.996219286113046e-05,1.194598913192749,0.0011763565707951784,0.05263157933950424
1,1691,3692,4.9962174671236426e-05,1.1946446895599365,0.00117628020234406,0.052600473165512085
1,1692,3693,4.996215284336358e-05,1.1945464611053467,0.0011775766033679247,0.05256940424442291
1,1693,3694,4.996213101549074e-05,1.194392204284668,0.001178569975309074,0.052538372576236725
1,1694,3695,4.9962112825596705e-05,1.1942834854125977,0.0011801752261817455,0.05250737443566322
1,1695,3696,4.996209099772386e-05,1.194324016571045,0.0011805929243564606,0.052476413547992706
1,1696,3697,4.996206916985102e-05,1.194136381149292,0.0011807717382907867,0.05244549363851547
1,1697,3698,4.9962050979956985e-05,1.193993330001831,0.0011803244706243277,0.052414603531360626
1,1698,3699,4.996202915208414e-05,1.1940823793411255,0.001181465107947588,0.05238375440239906
1,1699,3700,4.99620073242113e-05,1.1941304206848145,0.00118253065738827,0.052352942526340485
1,1700,3701,4.996198549633846e-05,1.1942028999328613,0.0011834478937089443,0.05232216417789459
1,1701,3702,4.996196730644442e-05,1.194237470626831,0.0011838213540613651,0.052291423082351685
1,1702,3703,4.996194547857158e-05,1.1942435503005981,0.001186487264931202,0.05226071551442146
1,1703,3704,4.9961927288677543e-05,1.1942331790924072,0.0011869457084685564,0.052230045199394226
1,1704,3705,4.99619054608047e-05,1.194321632385254,0.0011862851679325104,0.052492670714855194
1,1705,3706,4.996188363293186e-05,1.1942138671875,0.0011862304527312517,0.0524618998169899
1,1706,3707,4.996186544303782e-05,1.1944067478179932,0.0011879241792485118,0.05243116617202759
1,1707,3708,4.996184725314379e-05,1.1943068504333496,0.001188406953588128,0.05240046977996826
1,1708,3709,4.996182178729214e-05,1.1942424774169922,0.0011879932135343552,0.05236980691552162
1,1709,3710,4.99618035973981e-05,1.194171667098999,0.0011893485207110643,0.052339181303977966
1,1710,3711,4.996178176952526e-05,1.1942362785339355,0.0011902202386409044,0.052308589220047
1,1711,3712,4.9961763579631224e-05,1.1941760778427124,0.0011913145426660776,0.05227803811430931
1,1712,3713,4.9961738113779575e-05,1.1940957307815552,0.0011925064027309418,0.05224752053618431
1,1713,3714,4.996171992388554e-05,1.194061517715454,0.0011919619282707572,0.052217036485672
1,1714,3715,4.99616980960127e-05,1.1941399574279785,0.0011954134097322822,0.05218658596277237
1,1715,3716,4.996168354409747e-05,1.19413423538208,0.0011973943328484893,0.052156176418066025
1,1716,3717,4.996165807824582e-05,1.1942393779754639,0.0011993410298600793,0.052125800400972366
1,1717,3718,4.9961636250372976e-05,1.1942358016967773,0.0012000538408756256,0.052095457911491394
1,1718,3719,4.996161806047894e-05,1.1941596269607544,0.0012016650289297104,0.052065156400203705
1,1719,3720,4.99615962326061e-05,1.1941076517105103,0.0012010267237201333,0.0520348846912384
1,1720,3721,4.996157804271206e-05,1.1940128803253174,0.0012010919163003564,0.052004650235176086
1,1721,3722,4.996155621483922e-05,1.194306492805481,0.0012028682976961136,0.05197444558143616
1,1722,3723,4.996153438696638e-05,1.1943243741989136,0.0012033468810841441,0.05194428563117981
1,1723,3724,4.996151619707234e-05,1.1942470073699951,0.001203914638608694,0.05191415548324585
1,1724,3725,4.99614943691995e-05,1.194061040878296,0.0012036184780299664,0.05188405513763428
1,1725,3726,4.996146890334785e-05,1.194076418876648,0.0012051017256453633,0.05185399949550629
1,1726,3727,4.9961450713453814e-05,1.1939473152160645,0.001205863431096077,0.051823973655700684
1,1727,3728,4.996143252355978e-05,1.1938621997833252,0.001205586944706738,0.05179398134350777
1,1728,3729,4.9961414333665743e-05,1.1937925815582275,0.0012052750680595636,0.051764026284217834
1,1729,3730,4.9961388867814094e-05,1.193811058998108,0.001206032233312726,0.05173410475254059
1,1730,3731,4.996137067792006e-05,1.1937532424926758,0.0012070357333868742,0.05170421674847603
1,1731,3732,4.9961348850047216e-05,1.1937298774719238,0.0012085356283932924,0.05167436599731445
1,1732,3733,4.996132702217437e-05,1.1938458681106567,0.0012090891832485795,0.051644548773765564
1,1733,3734,4.996130519430153e-05,1.1938657760620117,0.0012087573995813727,0.05190311372280121
1,1734,3735,4.9961287004407495e-05,1.1937556266784668,0.001210756367072463,0.05187319964170456
1,1735,3736,4.996126881451346e-05,1.1938562393188477,0.001210101181641221,0.05213133618235588
1,1736,3737,4.996124698664062e-05,1.19376540184021,0.0012097239959985018,0.05210132151842117
1,1737,3738,4.9961225158767775e-05,1.193677306175232,0.001209249603562057,0.05207134783267975
1,1738,3739,4.996120333089493e-05,1.1937320232391357,0.0012100852327421308,0.05204140394926071
1,1739,3740,4.996118150302209e-05,1.1937445402145386,0.001209811307489872,0.05201149731874466
1,1740,3741,4.996115967514925e-05,1.1936511993408203,0.0012096979189664125,0.051981620490550995
1,1741,3742,4.996114148525521e-05,1.1935973167419434,0.001209736685268581,0.051951780915260315
1,1742,3743,4.9961123295361176e-05,1.19347083568573,0.001210284186527133,0.05192197114229202
1,1743,3744,4.9961101467488334e-05,1.1934926509857178,0.001211459981277585,0.051892202347517014
1,1744,3745,4.996107963961549e-05,1.1933932304382324,0.0012124336790293455,0.05186246335506439
1,1745,3746,4.996105781174265e-05,1.1934680938720703,0.0012127789668738842,0.05211912840604782
1,1746,3747,4.996103962184861e-05,1.1934430599212646,0.0012155266012996435,0.05208929628133774
1,1747,3748,4.996101415599696e-05,1.1933913230895996,0.001215649303048849,0.05205949768424034
1,1748,3749,4.996099232812412e-05,1.193325161933899,0.001215674914419651,0.05202973261475563
1,1749,3750,4.9960974138230085e-05,1.1933372020721436,0.001216243952512741,0.052000001072883606
1,1750,3751,4.996095594833605e-05,1.1932411193847656,0.0012170528061687946,0.05197030305862427
1,1751,3752,4.996093412046321e-05,1.1932716369628906,0.0012183247599750757,0.051940638571977615
1,1752,3753,4.9960912292590365e-05,1.1933379173278809,0.0012191722635179758,0.05191101133823395
1,1753,3754,4.996089046471752e-05,1.1932473182678223,0.0012198765762150288,0.05188141390681267
1,1754,3755,4.996087227482349e-05,1.193349838256836,0.001220569247379899,0.05185185372829437
1,1755,3756,4.9960850446950644e-05,1.193235993385315,0.0012202810030430555,0.051822323352098465
1,1756,3757,4.9960824981098995e-05,1.193373680114746,0.0012206232640892267,0.05179283022880554
1,1757,3758,4.9960810429183766e-05,1.1933001279830933,0.0012201296631246805,0.05176336690783501
1,1758,3759,4.9960788601310924e-05,1.1932151317596436,0.0012200061464682221,0.051733940839767456
1,1759,3760,4.996076677343808e-05,1.1931729316711426,0.0012196048628538847,0.05170454829931259
1,1760,3761,4.996074494556524e-05,1.1930804252624512,0.001219345023855567,0.051675185561180115
1,1761,3762,4.99607267556712e-05,1.193103551864624,0.0012204658705741167,0.051645856350660324
1,1762,3763,4.996070492779836e-05,1.1930060386657715,0.0012209336273372173,0.05161656439304352
1,1763,3764,4.996068309992552e-05,1.1932566165924072,0.0012236011680215597,0.0515872985124588
1,1764,3765,4.9960661272052675e-05,1.1933436393737793,0.0012239967472851276,0.05155807361006737
1,1765,3766,4.996063944417983e-05,1.193300485610962,0.0012247618287801743,0.05152887850999832
1,1766,3767,4.996061761630699e-05,1.1934349536895752,0.0012253362219780684,0.05149971693754196
1,1767,3768,4.9960599426412955e-05,1.1933443546295166,0.0012254345929250121,0.05147058889269829
1,1768,3769,4.996057759854011e-05,1.1932990550994873,0.001226231106556952,0.051441490650177
1,1769,3770,4.996055940864608e-05,1.1931860446929932,0.0012268475256860256,0.0514124296605587
1,1770,3771,4.9960537580773234e-05,1.1931133270263672,0.0012263096868991852,0.05138339847326279
1,1771,3772,4.996051575290039e-05,1.1930594444274902,0.0012266726698726416,0.05135440081357956
1,1772,3773,4.9960497563006356e-05,1.193040132522583,0.0012270254082977772,0.05132543668150902
1,1773,3774,4.9960475735133514e-05,1.193017601966858,0.0012280892115086317,0.051296502351760864
1,1774,3775,4.9960450269281864e-05,1.1931824684143066,0.001229809015057981,0.051267605274915695
1,1775,3776,4.996042844140902e-05,1.193231225013733,0.0012298121582716703,0.051238738000392914
1,1776,3777,4.9960410251514986e-05,1.1931939125061035,0.0012291925959289074,0.05120990425348282
1,1777,3778,4.996039206162095e-05,1.1930655241012573,0.0012287634890526533,0.05118110030889511
1,1778,3779,4.996037023374811e-05,1.1929714679718018,0.001228373497724533,0.05115233361721039
1,1779,3780,4.9960348405875266e-05,1.1929614543914795,0.0012293839827179909,0.05112359672784805
1,1780,3781,4.996033021598123e-05,1.1928763389587402,0.0012293546460568905,0.051094889640808105
1,1781,3782,4.996030838810839e-05,1.192813515663147,0.0012300610542297363,0.05106621980667114
1,1782,3783,4.9960286560235545e-05,1.192654013633728,0.0012309508165344596,0.05103757977485657
1,1783,3784,4.99602647323627e-05,1.1925678253173828,0.0012306561693549156,0.05100896954536438
1,1784,3785,4.996024290448986e-05,1.1926069259643555,0.001230311580002308,0.05126050487160683
1,1785,3786,4.996022107661702e-05,1.1925077438354492,0.0012299465015530586,0.05123180150985718
1,1786,3787,4.9960199248744175e-05,1.192345142364502,0.0012303825933486223,0.051203131675720215
1,1787,3788,4.996018105885014e-05,1.192237377166748,0.0012348312884569168,0.05117449909448624
1,1788,3789,4.99601592309773e-05,1.1922649145126343,0.0012350640026852489,0.05114589259028435
1,1789,3790,4.9960137403104454e-05,1.1921697854995728,0.0012347482843324542,0.051117315888404846
1,1790,3791,4.996011557523161e-05,1.1922945976257324,0.0012351013720035553,0.05108877643942833
1,1791,3792,4.996010102331638e-05,1.192271113395691,0.0012344566639512777,0.0510602667927742
1,1792,3793,4.9960075557464734e-05,1.192232608795166,0.0012366626178845763,0.05103179067373276
1,1793,3794,4.996005372959189e-05,1.1921517848968506,0.0012364544672891498,0.0510033443570137
1,1794,3795,4.9960035539697856e-05,1.1921849250793457,0.001236367505043745,0.05097493156790733
1,1795,3796,4.996001371182501e-05,1.1920491456985474,0.0012360115069895983,0.05094654858112335
1,1796,3797,4.995999188395217e-05,1.1921303272247314,0.0012360349064692855,0.05091819539666176
1,1797,3798,4.995997005607933e-05,1.1921440362930298,0.0012363744899630547,0.05088987946510315
1,1798,3799,4.9959948228206486e-05,1.1922314167022705,0.0012367942836135626,0.05086158961057663
1,1799,3800,4.995992640033364e-05,1.192439317703247,0.0012379968538880348,0.050833333283662796
1,1800,3801,4.99599045724608e-05,1.1925616264343262,0.0012385565787553787,0.05080510675907135
1,1801,3802,4.9959886382566765e-05,1.1924982070922852,0.0012381465639919043,0.05077691376209259
1,1802,3803,4.995986455469392e-05,1.1923526525497437,0.0012380219995975494,0.05074875056743622
1,1803,3804,4.995984272682108e-05,1.1923761367797852,0.0012384429574012756,0.05072062090039253
1,1804,3805,4.995982089894824e-05,1.192293405532837,0.0012378906831145287,0.050692521035671234
1,1805,3806,4.99598027090542e-05,1.1923739910125732,0.001237771357409656,0.050664450973272324
1,1806,3807,4.995978088118136e-05,1.1922054290771484,0.0012385358568280935,0.0506364144384861
1,1807,3808,4.995975905330852e-05,1.1922200918197632,0.0012389865005388856,0.05060840770602226
1,1808,3809,4.9959737225435674e-05,1.192164659500122,0.001238916884176433,0.050580430775880814
1,1809,3810,4.995971903554164e-05,1.1921312808990479,0.001239037374034524,0.05055248737335205
1,1810,3811,4.9959697207668796e-05,1.1921398639678955,0.0012391838245093822,0.05052457004785538
1,1811,3812,4.9959671741817147e-05,1.192033290863037,0.0012394427321851254,0.05049668997526169
1,1812,3813,4.995965355192311e-05,1.192030668258667,0.001238939119502902,0.05046883597970009
1,1813,3814,4.995963172405027e-05,1.1921169757843018,0.0012391693890094757,0.050441011786460876
1,1814,3815,4.9959609896177426e-05,1.192320466041565,0.001240558223798871,0.05041322112083435
1,1815,3816,4.9959588068304583e-05,1.1923737525939941,0.0012419379781931639,0.05038546398282051
1,1816,3817,4.995956624043174e-05,1.1923298835754395,0.0012420329730957747,0.05035773292183876
1,1817,3818,4.99595444125589e-05,1.1922677755355835,0.0012426740722730756,0.050330035388469696
1,1818,3819,4.9959522584686056e-05,1.1921758651733398,0.001242324709892273,0.05030236393213272
1,1819,3820,4.995950803277083e-05,1.1920585632324219,0.0012418468249961734,0.05027472600340843
1,1820,3821,4.9959486204897985e-05,1.1920461654663086,0.001241754973307252,0.05024711787700653
1,1821,3822,4.9959460739046335e-05,1.1919059753417969,0.0012415493838489056,0.05021953582763672
1,1822,3823,4.99594425491523e-05,1.191820502281189,0.0012426025932654738,0.05019199103116989
1,1823,3824,4.995942072127946e-05,1.1917465925216675,0.0012420821003615856,0.05016447603702545
1,1824,3825,4.995940253138542e-05,1.1916985511779785,0.0012420752318575978,0.0501369833946228
1,1825,3826,4.995937706553377e-05,1.1916850805282593,0.0012416726676747203,0.05038335174322128
1,1826,3827,4.995935887563974e-05,1.1915574073791504,0.0012419347185641527,0.05035577714443207
1,1827,3828,4.9959337047766894e-05,1.1915680170059204,0.0012426620814949274,0.05032822862267494
1,1828,3829,4.995931521989405e-05,1.1915879249572754,0.001244107261300087,0.050300709903240204
1,1829,3830,4.995929339202121e-05,1.1918174028396606,0.0012450652429834008,0.05027322471141815
1,1830,3831,4.9959271564148366e-05,1.1916851997375488,0.0012452597729861736,0.05024576932191849
1,1831,3832,4.9959249736275524e-05,1.1916091442108154,0.0012456972617655993,0.05021834373474121
1,1832,3833,4.995922790840268e-05,1.1914609670639038,0.0012460199650377035,0.050190944224596024
1,1833,3834,4.9959209718508646e-05,1.1913785934448242,0.0012469185749068856,0.050163574516773224
1,1834,3835,4.99591878906358e-05,1.1914092302322388,0.0012477920390665531,0.05013623833656311
1,1835,3836,4.9959162424784154e-05,1.1912895441055298,0.0012474842369556427,0.050108931958675385
1,1836,3837,4.995914423489012e-05,1.1912094354629517,0.0012484043836593628,0.050081655383110046
1,1837,3838,4.9959122407017276e-05,1.191112995147705,0.0012481187004595995,0.050054408609867096
1,1838,3839,4.995910057914443e-05,1.191003441810608,0.0012485706247389317,0.05002719163894653
1,1839,3840,4.995907875127159e-05,1.190845012664795,0.0012482113670557737,0.04999999701976776
1,1840,3841,4.995905692339875e-05,1.1906929016113281,0.0012479599099606276,0.049972839653491974
1,1841,3842,4.9959035095525905e-05,1.1906366348266602,0.001247384469024837,0.049945712089538574
1,1842,3843,4.995901326765306e-05,1.190783977508545,0.001248706947080791,0.04991861432790756
1,1843,3844,4.995899507775903e-05,1.1907988786697388,0.0012506499188020825,0.04989153891801834
1,1844,3845,4.9958973249886185e-05,1.190764307975769,0.0012506683124229312,0.049864500761032104
1,1845,3846,4.9958947784034535e-05,1.1906317472457886,0.0012503215111792088,0.04983748495578766
1,1846,3847,4.99589295941405e-05,1.1907072067260742,0.0012505330378189683,0.0498105064034462
1,1847,3848,4.995890776626766e-05,1.190674066543579,0.0012507317587733269,0.04978355020284653
1,1848,3849,4.995888957637362e-05,1.1905959844589233,0.0012518198927864432,0.049756623804569244
1,1849,3850,4.995886774850078e-05,1.1904454231262207,0.0012527662329375744,0.04972973093390465
1,1850,3851,4.995884592062794e-05,1.1905381679534912,0.001252868678420782,0.04970286041498184
1,1851,3852,4.9958824092755094e-05,1.1906957626342773,0.0012533406261354685,0.04967602342367172
1,1852,3853,4.995880226488225e-05,1.190683126449585,0.001253865659236908,0.04964921623468399
1,1853,3854,4.995878043700941e-05,1.19053316116333,0.001254618400707841,0.049622438848018646
1,1854,3855,4.9958762247115374e-05,1.1905293464660645,0.0012542319018393755,0.0498652309179306
1,1855,3856,4.9958736781263724e-05,1.1903702020645142,0.0012543562334030867,0.049838364124298096
1,1856,3857,4.995871495339088e-05,1.190270185470581,0.0012545378413051367,0.04981152340769768
1,1857,3858,4.9958696763496846e-05,1.1903200149536133,0.0012549437815323472,0.05005382001399994
1,1858,3859,4.9958674935624003e-05,1.19032883644104,0.0012563655618578196,0.050026897341012955
1,1859,3860,4.995865310775116e-05,1.1904011964797974,0.0012569839600473642,0.04999999701976776
1,1860,3861,4.995863127987832e-05,1.190417766571045,0.0012577010784298182,0.049973130226135254
1,1861,3862,4.9958609452005476e-05,1.1905486583709717,0.0012577534653246403,0.049946293234825134
1,1862,3863,4.995858762413263e-05,1.1905468702316284,0.001257896889001131,0.0499194860458374
1,1863,3864,4.995856579625979e-05,1.1904442310333252,0.0012577611487358809,0.04989270120859146
1,1864,3865,4.9958547606365755e-05,1.1904881000518799,0.0012581029441207647,0.049865953624248505
1,1865,3866,4.9958522140514106e-05,1.1904563903808594,0.0012592884013429284,0.04983922839164734
1,1866,3867,4.995850031264126e-05,1.190453290939331,0.001258660457096994,0.04981253296136856
1,1867,3868,4.995848212274723e-05,1.1905473470687866,0.0012585893273353577,0.05005353316664696
1,1868,3869,4.9958460294874385e-05,1.1905304193496704,0.0012590665137395263,0.050026752054691315
1,1869,3870,4.995843846700154e-05,1.190425157546997,0.0012587443925440311,0.04999999701976776
1,1870,3871,4.99584166391287e-05,1.1903610229492188,0.0012589709367603064,0.049973275512456894
1,1871,3872,4.995839481125586e-05,1.1902788877487183,0.001258807722479105,0.049946583807468414
1,1872,3873,4.9958372983383015e-05,1.190110206604004,0.0012589783873409033,0.049919914454221725
1,1873,3874,4.995835115551017e-05,1.1902060508728027,0.0012591567356139421,0.049893274903297424
1,1874,3875,4.995833296561614e-05,1.1901063919067383,0.0012591015547513962,0.04986666887998581
1,1875,3876,4.995830749976449e-05,1.190077781677246,0.0012597085442394018,0.049840085208415985
1,1876,3877,4.9958285671891645e-05,1.1899704933166504,0.0012616836465895176,0.04981353133916855
1,1877,3878,4.995826748199761e-05,1.189863681793213,0.001262300182133913,0.0497870072722435
1,1878,3879,4.9958245654124767e-05,1.1899771690368652,0.001261915429495275,0.04976051300764084
1,1879,3880,4.9958223826251924e-05,1.1900290250778198,0.0012625533854588866,0.04973404109477997
1,1880,3881,4.995820199837908e-05,1.189927577972412,0.0012621519854292274,0.049707602709531784
1,1881,3882,4.995818017050624e-05,1.189788579940796,0.0012620366178452969,0.04968119040131569
1,1882,3883,4.9958158342633396e-05,1.1899003982543945,0.0012623826041817665,0.04992033913731575
1,1883,3884,4.995814015273936e-05,1.1900098323822021,0.001265212194994092,0.04989384114742279
1,1884,3885,4.995811832486652e-05,1.1898870468139648,0.0012661876389756799,0.04986737668514252
1,1885,3886,4.995809285901487e-05,1.1898157596588135,0.0012662614462897182,0.049840934574604034
1,1886,3887,4.9958071031142026e-05,1.189866542816162,0.0012666539987549186,0.04981452226638794
1,1887,3888,4.9958049203269184e-05,1.1899582147598267,0.001267891377210617,0.049788132309913635
1,1888,3889,4.995802737539634e-05,1.1900209188461304,0.0012680895160883665,0.049761779606342316
1,1889,3890,4.99580055475235e-05,1.189881682395935,0.0012686696136370301,0.04973544925451279
1,1890,3891,4.9957983719650656e-05,1.1897170543670654,0.0012684314278885722,0.049709148705005646
1,1891,3892,4.9957961891777813e-05,1.189587116241455,0.0012690473813563585,0.04968287795782089
1,1892,3893,4.995794006390497e-05,1.189530372619629,0.0012727535795420408,0.04965662956237793
1,1893,3894,4.9957921874010935e-05,1.1895990371704102,0.0012731580063700676,0.049630410969257355
1,1894,3895,4.995790004613809e-05,1.1894505023956299,0.0012729258742183447,0.04960422217845917
1,1895,3896,4.995787458028644e-05,1.1893125772476196,0.001272599445655942,0.04957805946469307
1,1896,3897,4.995785639039241e-05,1.1893779039382935,0.0012724047992378473,0.04955192655324936
1,1897,3898,4.9957834562519565e-05,1.1892364025115967,0.0012730795424431562,0.04952581599354744
1,1898,3899,4.995781273464672e-05,1.1891863346099854,0.0012738385703414679,0.04949973523616791
1,1899,3900,4.995779090677388e-05,1.1892569065093994,0.001274707494303584,0.04973684251308441
1,1900,3901,4.995776907890104e-05,1.189556360244751,0.0012758115772157907,0.049710676074028015
1,1901,3902,4.9957747251028195e-05,1.1894607543945312,0.0012757268268615007,0.049684543162584305
1,1902,3903,4.995772542315535e-05,1.1894500255584717,0.0012764588464051485,0.049658432602882385
1,1903,3904,4.995770723326132e-05,1.1894705295562744,0.0012768517481163144,0.04963235557079315
1,1904,3905,4.9957685405388474e-05,1.1893377304077148,0.0012782225385308266,0.04960630089044571
1,1905,3906,4.9957659939536825e-05,1.1893086433410645,0.0012786716688424349,0.049580272287130356
1,1906,3907,4.995764174964279e-05,1.1893603801727295,0.0012804721482098103,0.04955427348613739
1,1907,3908,4.995761992176995e-05,1.1892154216766357,0.0012802318669855595,0.049528300762176514
1,1908,3909,4.9957598093897104e-05,1.1890950202941895,0.0012815474765375257,0.049502357840538025
1,1909,3910,4.995757990400307e-05,1.1890068054199219,0.001282361801713705,0.04947643727064133
1,1910,3911,4.995755443815142e-05,1.1889355182647705,0.0012818020768463612,0.04945054650306702
1,1911,3912,4.995752897229977e-05,1.1889925003051758,0.0012828786857426167,0.049424685537815094
1,1912,3913,4.9957510782405734e-05,1.1888830661773682,0.0012825364246964455,0.04939885064959526
1,1913,3914,4.995748895453289e-05,1.188889980316162,0.0012838041875511408,0.049373041838407516
1,1914,3915,4.995746712666005e-05,1.1888880729675293,0.0012860826682299376,0.04934725910425186
1,1915,3916,4.9957445298787206e-05,1.1887538433074951,0.0012861363356932998,0.049321502447128296
1,1916,3917,4.995741983293556e-05,1.1886897087097168,0.001287737162783742,0.04929577559232712
1,1917,3918,4.9957398005062714e-05,1.1887153387069702,0.0012871481012552977,0.04927007108926773
1,1918,3919,4.995737981516868e-05,1.188655138015747,0.0012866624165326357,0.04924439638853073
1,1919,3920,4.9957357987295836e-05,1.1885392665863037,0.0012873511295765638,0.04921875149011612
1,1920,3921,4.9957336159422994e-05,1.1884162425994873,0.0012871973449364305,0.0491931289434433
1,1921,3922,4.995731433155015e-05,1.1883305311203003,0.0012877072440460324,0.049167536199092865
1,1922,3923,4.995729250367731e-05,1.18832528591156,0.00128844752907753,0.04914196580648422
1,1923,3924,4.9957270675804466e-05,1.1881529092788696,0.0012885676696896553,0.04911642521619797
1,1924,3925,4.9957248847931623e-05,1.1882683038711548,0.0012896900298073888,0.0490909069776535
1,1925,3926,4.995723065803759e-05,1.1884129047393799,0.0012902934104204178,0.04906541854143143
1,1926,3927,4.995720519218594e-05,1.1884193420410156,0.0012897776905447245,0.04903995990753174
1,1927,3928,4.9957183364313096e-05,1.188391923904419,0.001290401560254395,0.04901452362537384
1,1928,3929,4.995716153644025e-05,1.188368797302246,0.0012922657188028097,0.04898911342024803
1,1929,3930,4.995713970856741e-05,1.1883089542388916,0.0012921581510454416,0.04896373301744461
1,1930,3931,4.995711788069457e-05,1.1883699893951416,0.0012930422089993954,0.04893837124109268
1,1931,3932,4.995709969080053e-05,1.188436508178711,0.001293850364163518,0.04891304299235344
1,1932,3933,4.9957070586970076e-05,1.1884020566940308,0.0012936032144352794,0.04888773709535599
1,1933,3934,4.995705239707604e-05,1.1884104013442993,0.0012937423307448626,0.04886246100068092
1,1934,3935,4.99570305692032e-05,1.1883256435394287,0.0012935560662299395,0.04883720725774765
1,1935,3936,4.9957008741330355e-05,1.188206434249878,0.0012935739941895008,0.048811983317136765
1,1936,3937,4.995698691345751e-05,1.1882951259613037,0.0012952930992469192,0.04878678172826767
1,1937,3938,4.995696508558467e-05,1.1882109642028809,0.001296252361498773,0.04876160994172096
1,1938,3939,4.995694325771183e-05,1.1881612539291382,0.0012958116130903363,0.048736460506916046
1,1939,3940,4.9956921429838985e-05,1.1881904602050781,0.0012954205740243196,0.048969075083732605
1,1940,3941,4.995690323994495e-05,1.188075304031372,0.0012956864666193724,0.04894384369254112
1,1941,3942,4.995688141207211e-05,1.1881314516067505,0.0012973255943506956,0.04891864210367203
1,1942,3943,4.995685594622046e-05,1.1881413459777832,0.0012995048891752958,0.04889346659183502
1,1943,3944,4.9956834118347615e-05,1.188081979751587,0.0013004506472498178,0.04886831343173981
1,1944,3945,4.995681229047477e-05,1.1879711151123047,0.0013004434294998646,0.04884319007396698
1,1945,3946,4.995679046260193e-05,1.1879308223724365,0.0013041779166087508,0.048818089067935944
1,1946,3947,4.995676863472909e-05,1.1879780292510986,0.0013044208753854036,0.048793017864227295
1,1947,3948,4.9956746806856245e-05,1.1881005764007568,0.0013052485883235931,0.04876796901226044
1,1948,3949,4.9956721341004595e-05,1.1880407333374023,0.0013062062207609415,0.04874294251203537
1,1949,3950,4.995670315111056e-05,1.1879737377166748,0.001306772930547595,0.04871794581413269
1,1950,3951,4.995668132323772e-05,1.1879761219024658,0.0013084205565974116,0.0486929789185524
1,1951,3952,4.9956659495364875e-05,1.1878132820129395,0.0013088261475786567,0.0486680343747139
1,1952,3953,4.995663766749203e-05,1.1877458095550537,0.001309465034864843,0.04864311218261719
1,1953,3954,4.995661583961919e-05,1.1877121925354004,0.001314495224505663,0.048618219792842865
1,1954,3955,4.995659037376754e-05,1.1876800060272217,0.0013139818329364061,0.04859334975481033
1,1955,3956,4.9956572183873504e-05,1.187738299369812,0.001313397428020835,0.04882413148880005
1,1956,3957,4.995655035600066e-05,1.187746286392212,0.0013144020922482014,0.04879918321967125
1,1957,3958,4.995652489014901e-05,1.1876723766326904,0.001316746580414474,0.04877425730228424
1,1958,3959,4.995650670025498e-05,1.1877262592315674,0.0013171941973268986,0.04874936118721962
1,1959,3960,4.995648123440333e-05,1.1876177787780762,0.0013178323861211538,0.04872448742389679
1,1960,3961,4.9956459406530485e-05,1.1877257823944092,0.0013183261035010219,0.04869963973760605
1,1961,3962,4.995644121663645e-05,1.1876850128173828,0.0013188812881708145,0.048674821853637695
1,1962,3963,4.9956419388763607e-05,1.1877214908599854,0.001320620533078909,0.04865002632141113
1,1963,3964,4.9956397560890764e-05,1.1876381635665894,0.0013210077304393053,0.04862525314092636
1,1964,3965,4.995637573301792e-05,1.187485694885254,0.001321948948316276,0.04860050976276398
1,1965,3966,4.995635026716627e-05,1.1873754262924194,0.0013230890035629272,0.048575788736343384
1,1966,3967,4.995632843929343e-05,1.1873314380645752,0.0013241959968581796,0.04855109378695488
1,1967,3968,4.995630661142059e-05,1.187423825263977,0.001323650125414133,0.04878048598766327
1,1968,3969,4.9956284783547744e-05,1.187401294708252,0.0013260578271001577,0.0487557128071785
1,1969,3970,4.99562629556749e-05,1.18748140335083,0.0013274597004055977,0.048730961978435516
1,1970,3971,4.995624112780206e-05,1.1873773336410522,0.0013271546922624111,0.04870624095201492
1,1971,3972,4.9956219299929217e-05,1.1874074935913086,0.0013281540013849735,0.04868154227733612
1,1972,3973,4.9956197472056374e-05,1.1874775886535645,0.0013297300320118666,0.04865686595439911
1,1973,3974,4.995617564418353e-05,1.1876540184020996,0.0013322739396244287,0.048632219433784485
1,1974,3975,4.995615381631069e-05,1.1877272129058838,0.0013324213214218616,0.048860758543014526
1,1975,3976,4.9956131988437846e-05,1.1877107620239258,0.001331887673586607,0.048836030066013336
1,1976,3977,4.99561065225862e-05,1.1877517700195312,0.0013328074710443616,0.048811331391334534
1,1977,3978,4.9956084694713354e-05,1.1876424551010132,0.0013324804604053497,0.04878665506839752
1,1978,3979,4.995606286684051e-05,1.1875548362731934,0.001332802465185523,0.0487620010972023
1,1979,3980,4.9956044676946476e-05,1.1874909400939941,0.0013324497267603874,0.04873737320303917
1,1980,3981,4.9956022849073634e-05,1.187342882156372,0.0013327841879799962,0.04871277138590813
1,1981,3982,4.9955997383221984e-05,1.1873376369476318,0.0013330490328371525,0.048688195645809174
1,1982,3983,4.995597919332795e-05,1.1872327327728271,0.0013327067717909813,0.04866363853216171
1,1983,3984,4.99559537274763e-05,1.1870959997177124,0.00133302784524858,0.04863911122083664
1,1984,3985,4.9955931899603456e-05,1.187033772468567,0.0013340958394110203,0.048614609986543655
1,1985,3986,4.9955910071730614e-05,1.1870226860046387,0.0013352016685530543,0.04859013110399246
1,1986,3987,4.995588824385777e-05,1.1868915557861328,0.0013364253100007772,0.04856567829847336
1,1987,3988,4.995586277800612e-05,1.1868396997451782,0.0013359906151890755,0.048541247844696045
1,1988,3989,4.9955844588112086e-05,1.1867938041687012,0.0013384982012212276,0.04851684346795082
1,1989,3990,4.9955822760239244e-05,1.1867775917053223,0.0013390335952863097,0.04849246144294739
1,1990,3991,4.99558009323664e-05,1.1867213249206543,0.0013407606165856123,0.048468105494976044
1,1991,3992,4.995577910449356e-05,1.1867316961288452,0.0013407028745859861,0.048694778233766556
1,1992,3993,4.9955757276620716e-05,1.1867212057113647,0.001341639319434762,0.048670344054698944
1,1993,3994,4.9955731810769066e-05,1.1867868900299072,0.0013435592409223318,0.04864593595266342
1,1994,3995,4.9955709982896224e-05,1.1866997480392456,0.0013433147687464952,0.04862155392765999
1,1995,3996,4.995568815502338e-05,1.186658501625061,0.0013438723981380463,0.048597194254398346
1,1996,3997,4.995566632715054e-05,1.186672329902649,0.0013450601836666465,0.04857286065816879
1,1997,3998,4.99556481372565e-05,1.1866204738616943,0.0013457548338919878,0.04854854941368103
1,1998,3999,4.9955622671404853e-05,1.1865798234939575,0.001345294527709484,0.04852426052093506
1,1999,4000,4.995560084353201e-05,1.1865956783294678,0.0013452263083308935,0.048500001430511475
2,0,4001,4.995557537768036e-05,1.3567599058151245,0.0021501367446035147,4.2056338966922624e-10
2,1,4002,4.995555354980752e-05,1.283602237701416,0.0028598536737263203,2.2448866376922894e-10
2,2,4003,4.995553535991348e-05,1.3148462772369385,0.003922638483345509,1.513792702301231e-10
2,3,4004,4.995551353204064e-05,1.275672197341919,0.0035220542922616005,2.2449297976123717e-10
2,4,4005,4.995548806618899e-05,1.2036354541778564,0.003359078662469983,2.3775081903210094e-10
2,5,4006,4.9955469876294956e-05,1.2611593008041382,0.0033353629987686872,1.994018838935574e-10
2,6,4007,4.9955444410443306e-05,1.250898003578186,0.0033325953409075737,1.7693987941491685e-10
2,7,4008,4.9955418944591656e-05,1.281400203704834,0.0029165982268750668,0.0625000074505806
2,8,4009,4.995540075469762e-05,1.2725863456726074,0.002780205337330699,0.111111119389534
2,9,4010,4.995537892682478e-05,1.2700998783111572,0.0027375048957765102,0.10000000894069672
2,10,4011,4.995535346097313e-05,1.2916285991668701,0.0027124499902129173,0.09090910851955414
2,11,4012,4.995533527107909e-05,1.3025875091552734,0.002610844559967518,0.08333335071802139
2,12,4013,4.995531344320625e-05,1.2956347465515137,0.0026292488910257816,0.07692309468984604
2,13,4014,4.99552879773546e-05,1.3117046356201172,0.0027564745396375656,0.07142858952283859
2,14,4015,4.995526614948176e-05,1.2927607297897339,0.002906870562583208,0.06666668504476547
2,15,4016,4.9955244321608916e-05,1.30137300491333,0.0028877549339085817,0.0625000149011612
2,16,4017,4.995522249373607e-05,1.3057353496551514,0.0029969816096127033,0.05882354825735092
2,17,4018,4.995520066586323e-05,1.2924308776855469,0.003092994214966893,0.05555557459592819
2,18,4019,4.995517883799039e-05,1.2871931791305542,0.002963528735563159,0.07894738763570786
2,19,4020,4.995515337213874e-05,1.2890560626983643,0.0029444340616464615,0.07500001788139343
2,20,4021,4.99551351822447e-05,1.2965829372406006,0.0030701495707035065,0.07142858952283859
2,21,4022,4.9955109716393054e-05,1.289250373840332,0.00295197288505733,0.0681818351149559
2,22,4023,4.995508788852021e-05,1.2877721786499023,0.0028473755810409784,0.06521741300821304
2,23,4024,4.995506606064737e-05,1.2874722480773926,0.0028278916142880917,0.08333335816860199
2,24,4025,4.9955044232774526e-05,1.2789404392242432,0.0028071030974388123,0.08000001311302185
2,25,4026,4.995502240490168e-05,1.263710379600525,0.002826408948749304,0.07692310214042664
2,26,4027,4.995500057702884e-05,1.2706663608551025,0.0027878237888216972,0.09259261190891266
2,27,4028,4.995497511117719e-05,1.277050256729126,0.002688403706997633,0.107142873108387
2,28,4029,4.995495328330435e-05,1.2800540924072266,0.0025981515645980835,0.12068967521190643
2,29,4030,4.9954931455431506e-05,1.2746542692184448,0.0026417477056384087,0.11666668951511383
2,30,4031,4.9954909627558663e-05,1.2702462673187256,0.002639378421008587,0.11290323734283447
2,31,4032,4.995488779968582e-05,1.2671942710876465,0.0026762783527374268,0.1093750149011612
2,32,4033,4.995486597181298e-05,1.2572988271713257,0.0026485221460461617,0.10606062412261963
2,33,4034,4.995484050596133e-05,1.2620055675506592,0.002580188913270831,0.11764707416296005
2,34,4035,4.9954818678088486e-05,1.258535623550415,0.0025284611620008945,0.11428572982549667
2,35,4036,4.9954796850215644e-05,1.269942045211792,0.0025931752752512693,0.1250000149011612
2,36,4037,4.99547750223428e-05,1.2704169750213623,0.002524646231904626,0.12162163853645325
2,37,4038,4.995475319446996e-05,1.2640951871871948,0.0025275563821196556,0.11842106282711029
2,38,4039,4.995472772861831e-05,1.2662640810012817,0.0024644178338348866,0.11538463085889816
2,39,4040,4.9954709538724273e-05,1.2609357833862305,0.0024646068923175335,0.11250001937150955
2,40,4041,4.9954684072872624e-05,1.2622098922729492,0.0025055534206330776,0.12195123732089996
2,41,4042,4.995466224499978e-05,1.2677851915359497,0.0024459348060190678,0.1309524029493332
2,42,4043,4.9954644055105746e-05,1.265962839126587,0.0024039456620812416,0.12790700793266296
2,43,4044,4.9954618589254096e-05,1.2662628889083862,0.002350849099457264,0.1250000149011612
2,44,4045,4.9954593123402447e-05,1.2613749504089355,0.002306690439581871,0.12222224473953247
2,45,4046,4.995457493350841e-05,1.2636829614639282,0.0023168791085481644,0.11956523358821869
2,46,4047,4.995454946765676e-05,1.2636823654174805,0.002322195563465357,0.11702129244804382
2,47,4048,4.995452763978392e-05,1.260469913482666,0.0022799300495535135,0.11458335071802139
2,48,4049,4.9954505811911076e-05,1.256587028503418,0.00233789486810565,0.11224491894245148
2,49,4050,4.995448034605943e-05,1.254676103591919,0.0022965760435909033,0.11000001430511475
2,50,4051,4.995446215616539e-05,1.2516863346099854,0.0022660503163933754,0.10784315317869186
2,51,4052,4.995444032829255e-05,1.249119520187378,0.0022727875038981438,0.10576924681663513
2,52,4053,4.99544148624409e-05,1.2451071739196777,0.0022751851938664913,0.10377360135316849
2,53,4054,4.9954393034568056e-05,1.2449989318847656,0.0022483523935079575,0.10185186564922333
2,54,4055,4.9954371206695214e-05,1.2434711456298828,0.0022283578291535378,0.10000002384185791
2,55,4056,4.9954345740843564e-05,1.240740180015564,0.0021955640986561775,0.09821430593729019
2,56,4057,4.995432755094953e-05,1.2422206401824951,0.002201107330620289,0.0964912474155426
2,57,4058,4.9954305723076686e-05,1.2445006370544434,0.0021901321597397327,0.09482760727405548
2,58,4059,4.995428025722504e-05,1.2425220012664795,0.00218129507265985,0.09322036057710648
2,59,4060,4.9954258429352194e-05,1.2430661916732788,0.002171128522604704,0.09166668355464935
2,60,4061,4.9954232963500544e-05,1.242809772491455,0.002197375986725092,0.090163953602314
2,61,4062,4.995421477360651e-05,1.2382841110229492,0.0021961850579828024,0.08870969712734222
2,62,4063,4.9954192945733666e-05,1.2334942817687988,0.0021741478703916073,0.08730161190032959
2,63,4064,4.995416747988202e-05,1.2356557846069336,0.002140315715223551,0.08593752235174179
2,64,4065,4.995414928998798e-05,1.236307144165039,0.002143905498087406,0.08461540937423706
2,65,4066,4.9954120186157525e-05,1.2392858266830444,0.002190391533076763,0.08333335816860199
2,66,4067,4.995410199626349e-05,1.2398312091827393,0.0021711690351366997,0.08208957314491272
2,67,4068,4.9954080168390647e-05,1.2412662506103516,0.0021404342260211706,0.08823531866073608
2,68,4069,4.9954054702539e-05,1.2419761419296265,0.0021096779964864254,0.08695654571056366
2,69,4070,4.9954032874666154e-05,1.2410056591033936,0.0021157111041247845,0.08571430295705795
2,70,4071,4.995401104679331e-05,1.237779974937439,0.0020971670746803284,0.0845070630311966
2,71,4072,4.995398558094166e-05,1.2370164394378662,0.0020722094923257828,0.08333335071802139
2,72,4073,4.995396739104763e-05,1.2362606525421143,0.0020691798999905586,0.08219180256128311
2,73,4074,4.995394192519598e-05,1.2346270084381104,0.002053210511803627,0.0810810998082161
2,74,4075,4.9953920097323135e-05,1.234075665473938,0.0020439918152987957,0.08000002056360245
2,75,4076,4.995389826945029e-05,1.2303920984268188,0.0020301598124206066,0.07894738763570786
2,76,4077,4.995387644157745e-05,1.2305514812469482,0.002005152404308319,0.07792209833860397
2,77,4078,4.995385461370461e-05,1.2327721118927002,0.0019794669933617115,0.08333335816860199
2,78,4079,4.995382914785296e-05,1.2340002059936523,0.002005462534725666,0.08227850496768951
2,79,4080,4.995380368200131e-05,1.233637809753418,0.002018718747422099,0.08125002682209015
2,80,4081,4.995378549210727e-05,1.2368730306625366,0.0019938177429139614,0.08641977608203888
2,81,4082,4.995376366423443e-05,1.2363574504852295,0.0019739437848329544,0.09146343916654587
2,82,4083,4.995373819838278e-05,1.2350423336029053,0.0019530609715729952,0.09036147594451904
2,83,4084,4.995371637050994e-05,1.236419439315796,0.0019302279688417912,0.09523811936378479
2,84,4085,4.995369090465829e-05,1.2343133687973022,0.001936812186613679,0.094117671251297
2,85,4086,4.995367271476425e-05,1.2322397232055664,0.0019204193959012628,0.09302327781915665
2,86,4087,4.995365088689141e-05,1.2293994426727295,0.0019070835551247,0.09195404499769211
2,87,4088,4.995362542103976e-05,1.2313127517700195,0.0018979781307280064,0.09090911597013474
2,88,4089,4.995360359316692e-05,1.2325305938720703,0.001903527183458209,0.08988766372203827
2,89,4090,4.9953581765294075e-05,1.234452486038208,0.0018918525893241167,0.08888891339302063
2,90,4091,4.9953556299442425e-05,1.2354135513305664,0.0018716020276769996,0.09340661764144897
2,91,4092,4.995353447156958e-05,1.2318936586380005,0.001876049442216754,0.09239132702350616
2,92,4093,4.995350900571793e-05,1.2318251132965088,0.001868023769930005,0.09139786660671234
2,93,4094,4.99534908158239e-05,1.2309976816177368,0.0018531142268329859,0.09042555093765259
2,94,4095,4.9953468987951055e-05,1.2307969331741333,0.0018344485433772206,0.08947370201349258
2,95,4096,4.9953443522099406e-05,1.2273156642913818,0.0018290872685611248,0.08854168653488159
2,96,4097,4.995342169422656e-05,1.2267496585845947,0.0018129951786249876,0.08762888610363007
2,97,4098,4.995339622837491e-05,1.2260316610336304,0.0018091648817062378,0.08673471212387085
2,98,4099,4.995337440050207e-05,1.2270030975341797,0.001806269632652402,0.09090910851955414
2,99,4100,4.9953356210608035e-05,1.2284374237060547,0.0017882904503494501,0.09000001847743988
2,100,4101,4.9953330744756386e-05,1.2263703346252441,0.001775478245690465,0.08910892903804779
2,101,4102,4.995330891688354e-05,1.223768711090088,0.001766712055541575,0.08823531121015549
2,102,4103,4.99532870890107e-05,1.226159691810608,0.0017495970241725445,0.08737865835428238
2,103,4104,4.995326162315905e-05,1.2280128002166748,0.001749618910253048,0.08653847873210907
2,104,4105,4.995323979528621e-05,1.2296442985534668,0.0017398649360984564,0.09047620743513107
2,105,4106,4.995321432943456e-05,1.2298815250396729,0.0017345098312944174,0.08962266147136688
2,106,4107,4.9953192501561716e-05,1.231266975402832,0.0017333223950117826,0.0887850672006607
2,107,4108,4.995317431166768e-05,1.2301814556121826,0.001737499376758933,0.08796298503875732
2,108,4109,4.995314884581603e-05,1.227790117263794,0.001725033507682383,0.08715598285198212
2,109,4110,4.995312701794319e-05,1.224485158920288,0.001719392486847937,0.08636365830898285
2,110,4111,4.995310155209154e-05,1.2223339080810547,0.0017073805211111903,0.08558560162782669
2,111,4112,4.9953079724218696e-05,1.2210657596588135,0.0017148081678897142,0.08482144773006439
2,112,4113,4.9953057896345854e-05,1.2187793254852295,0.0017093562055379152,0.08407081663608551
2,113,4114,4.9953032430494204e-05,1.2182029485702515,0.0017075627110898495,0.08333335071802139
2,114,4115,4.995301060262136e-05,1.219659447669983,0.0017180757131427526,0.08260871469974518
2,115,4116,4.9952992412727326e-05,1.2207590341567993,0.0017136767273768783,0.08189656585454941
2,116,4117,4.9952966946875677e-05,1.2212283611297607,0.0016997132916003466,0.08119659870862961
2,117,4118,4.995294148102403e-05,1.2216873168945312,0.0016943602822721004,0.08474577963352203
2,118,4119,4.9952919653151184e-05,1.2200696468353271,0.001699252286925912,0.08403363078832626
2,119,4120,4.995289782527834e-05,1.2198214530944824,0.0016862298361957073,0.08333335071802139
2,120,4121,4.99528759974055e-05,1.2191715240478516,0.001689180382527411,0.08264464139938354
2,121,4122,4.995285053155385e-05,1.2171339988708496,0.0016847208607941866,0.08196723461151123
2,122,4123,4.9952832341659814e-05,1.2175171375274658,0.0016802020836621523,0.08130082488059998
2,123,4124,4.9952806875808164e-05,1.217765212059021,0.0016671603079885244,0.08467742800712585
2,124,4125,4.9952781409956515e-05,1.2165703773498535,0.001664607087150216,0.08400001376867294
2,125,4126,4.995275958208367e-05,1.215949535369873,0.0016594587359577417,0.08333335071802139
2,126,4127,4.995273775421083e-05,1.214381217956543,0.0016537811607122421,0.08267718553543091
2,127,4128,4.995271592633799e-05,1.2143433094024658,0.0016413915436714888,0.0820312649011612
2,128,4129,4.995269046048634e-05,1.211904525756836,0.0016409056261181831,0.08139536529779434
2,129,4130,4.9952668632613495e-05,1.2118775844573975,0.0016353630926460028,0.08076924830675125
2,130,4131,4.995264680474065e-05,1.2111923694610596,0.0016363828908652067,0.08015269041061401
2,131,4132,4.9952621338889e-05,1.210699200630188,0.0016264822334051132,0.08333335071802139
2,132,4133,4.995259951101616e-05,1.210167646408081,0.0016147785354405642,0.08270677924156189
2,133,4134,4.995257768314332e-05,1.2092468738555908,0.0016053607687354088,0.08208956569433212
2,134,4135,4.995255221729167e-05,1.2087137699127197,0.0015938419383019209,0.08148150146007538
2,135,4136,4.9952530389418826e-05,1.2081360816955566,0.001588237821124494,0.08088237047195435
2,136,4137,4.995250856154598e-05,1.208240032196045,0.0015799312386661768,0.08394162356853485
2,137,4138,4.995248309569433e-05,1.2068922519683838,0.0015703816898167133,0.0833333432674408
2,138,4139,4.995246126782149e-05,1.2083055973052979,0.001566485851071775,0.08273382484912872
2,139,4140,4.995243580196984e-05,1.2085485458374023,0.0015555289573967457,0.08214287459850311
2,140,4141,4.9952417612075806e-05,1.2096294164657593,0.0015571506228297949,0.08156029880046844
2,141,4142,4.995239578420296e-05,1.2094146013259888,0.0015505084302276373,0.08098593354225159
2,142,4143,4.9952370318351313e-05,1.2110984325408936,0.0015470280777662992,0.08391609787940979
2,143,4144,4.995234849047847e-05,1.2128548622131348,0.0015540763270109892,0.0833333432674408
2,144,4145,4.995232302462682e-05,1.213547945022583,0.0015461783623322845,0.08620691299438477
2,145,4146,4.995230119675398e-05,1.214394211769104,0.001541626756079495,0.08561645448207855
2,146,4147,4.995227573090233e-05,1.2155275344848633,0.0015385953010991216,0.08503402769565582
2,147,4148,4.9952253903029487e-05,1.2139720916748047,0.001534805865958333,0.08445946872234344
2,148,4149,4.995223571313545e-05,1.2156052589416504,0.0015245052054524422,0.0906040370464325
2,149,4150,4.9952206609304994e-05,1.2157105207443237,0.0015149071114137769,0.09000001847743988
2,150,4151,4.995218841941096e-05,1.2172105312347412,0.0015163610223680735,0.08940398693084717
2,151,4152,4.995216295355931e-05,1.2172423601150513,0.001517888274975121,0.08881580084562302
2,152,4153,4.995213748770766e-05,1.2163374423980713,0.00151144340634346,0.08823530375957489
2,153,4154,4.995211565983482e-05,1.21555495262146,0.0015114478301256895,0.08766235411167145
2,154,4155,4.9952093831961975e-05,1.213866949081421,0.001504411338828504,0.08709678053855896
2,155,4156,4.995207200408913e-05,1.2179807424545288,0.0015051024965941906,0.08653847128152847
2,156,4157,4.995204653823748e-05,1.2176265716552734,0.001501434831880033,0.08598726987838745
2,157,4158,4.995202471036464e-05,1.217231273651123,0.0014930564211681485,0.08544304966926575
2,158,4159,4.99520028824918e-05,1.2168514728546143,0.001489258254878223,0.08490566909313202
2,159,4160,4.995197741664015e-05,1.2169151306152344,0.0014842747477814555,0.08437500894069672
2,160,4161,4.9951955588767305e-05,1.2167558670043945,0.0014755490701645613,0.08385094255208969
2,161,4162,4.995193376089446e-05,1.2145880460739136,0.0014744204236194491,0.0833333432674408
2,162,4163,4.995190829504281e-05,1.2132678031921387,0.0014670947566628456,0.08282209932804108
2,163,4164,4.995188646716997e-05,1.2119693756103516,0.0014610893558710814,0.08231708407402039
2,164,4165,4.995186463929713e-05,1.2155425548553467,0.0014592582592740655,0.08181819319725037
2,165,4166,4.9951842811424285e-05,1.2147588729858398,0.0014549195766448975,0.08132530748844147
2,166,4167,4.995181370759383e-05,1.2157511711120605,0.001461682142689824,0.08083833754062653
2,167,4168,4.9951791879720986e-05,1.2150094509124756,0.0014571851352229714,0.0803571492433548
2,168,4169,4.995177005184814e-05,1.2156273126602173,0.0014522215351462364,0.07988166809082031
2,169,4170,4.9951744585996494e-05,1.2149616479873657,0.001446406589820981,0.07941177487373352
2,170,4171,4.995172639610246e-05,1.2156784534454346,0.0014379884814843535,0.08187135308980942
2,171,4172,4.9951704568229616e-05,1.2159909009933472,0.0014346360694617033,0.08139535784721375
2,172,4173,4.995167546439916e-05,1.2176101207733154,0.0014325098600238562,0.0809248685836792
2,173,4174,4.9951653636526316e-05,1.2184133529663086,0.0014298013411462307,0.0833333432674408
2,174,4175,4.9951631808653474e-05,1.2189879417419434,0.0014275296125561,0.0828571543097496
2,175,4176,4.995160998078063e-05,1.21842360496521,0.001420502783730626,0.08238637447357178
2,176,4177,4.995158451492898e-05,1.2189022302627563,0.0014197234995663166,0.08192091435194016
2,177,4178,4.995156268705614e-05,1.2181479930877686,0.001414598198607564,0.08146068453788757
2,178,4179,4.9951540859183297e-05,1.2183138132095337,0.0014110160991549492,0.08100559562444687
2,179,4180,4.995151539333165e-05,1.2172338962554932,0.0014086177106946707,0.08055556565523148
2,180,4181,4.9951493565458804e-05,1.2165274620056152,0.0014020652743056417,0.08011050522327423
2,181,4182,4.9951468099607155e-05,1.2157864570617676,0.0013949454296380281,0.07967033982276917
2,182,4183,4.995144627173431e-05,1.215256690979004,0.0013918719487264752,0.07923498749732971
2,183,4184,4.995142444386147e-05,1.214441180229187,0.0013850708492100239,0.07880435883998871
2,184,4185,4.995139897800982e-05,1.2127333879470825,0.0013852708507329226,0.07837839424610138
2,185,4186,4.995137715013698e-05,1.2109713554382324,0.0013830920215696096,0.07795700430870056
2,186,4187,4.9951355322264135e-05,1.2098804712295532,0.001380112604238093,0.07754011452198029
2,187,4188,4.9951329856412485e-05,1.2115414142608643,0.0013768654316663742,0.07712767273187637
2,188,4189,4.9951304390560836e-05,1.2124903202056885,0.0013696062378585339,0.0793650895357132
2,189,4190,4.995128256268799e-05,1.2122390270233154,0.0013681366108357906,0.07894738018512726
2,190,4191,4.995126073481515e-05,1.2119922637939453,0.0013680856209248304,0.07853404432535172
2,191,4192,4.99512352689635e-05,1.2127459049224854,0.0013662215787917376,0.0781250074505806
2,192,4193,4.9951217079069465e-05,1.2127478122711182,0.0013630012981593609,0.0803108960390091
2,193,4194,4.9951191613217816e-05,1.2125959396362305,0.001356275286525488,0.07989691942930222
2,194,4195,4.9951166147366166e-05,1.211122989654541,0.0013514424208551645,0.07948718965053558
2,195,4196,4.9951144319493324e-05,1.2103805541992188,0.0013463207287713885,0.07908163964748383
2,196,4197,4.9951118853641674e-05,1.2105419635772705,0.0013483299408107996,0.07868021726608276
2,197,4198,4.995109702576883e-05,1.210615873336792,0.0013465285301208496,0.07828283309936523
2,198,4199,4.995107519789599e-05,1.209052562713623,0.001342210453003645,0.07788945734500885
2,199,4200,4.995104973204434e-05,1.2098479270935059,0.0013392441906034946,0.07750001549720764
2,200,4201,4.99510279041715e-05,1.2104384899139404,0.0013414525892585516,0.07711444050073624
2,201,4202,4.9951006076298654e-05,1.2111035585403442,0.0013423752970993519,0.07673268020153046
2,202,4203,4.995098424842581e-05,1.2103004455566406,0.0013395689893513918,0.07635468244552612
2,203,4204,4.9950955144595355e-05,1.2095752954483032,0.0013370754895731807,0.07598040252923965
2,204,4205,4.995093695470132e-05,1.209939956665039,0.0013349443906918168,0.07804878801107407
2,205,4206,4.995091148884967e-05,1.2098891735076904,0.0013327418128028512,0.0776699110865593
2,206,4207,4.995088602299802e-05,1.2090060710906982,0.0013356050476431847,0.07729469239711761
2,207,4208,4.9950867833103985e-05,1.2081434726715088,0.0013346478808671236,0.07692308723926544
2,208,4209,4.995083872927353e-05,1.2075228691101074,0.001329289865680039,0.076555036008358
2,209,4210,4.995082053937949e-05,1.2072786092758179,0.0013265274465084076,0.07619048655033112
2,210,4211,4.995079507352784e-05,1.2064917087554932,0.0013247726019471884,0.0758293941617012
2,211,4212,4.995076960767619e-05,1.2059139013290405,0.00132648553699255,0.07547170668840408
2,212,4213,4.995074777980335e-05,1.2045984268188477,0.0013250726042315364,0.07511737942695618
2,213,4214,4.99507223139517e-05,1.2040410041809082,0.001324756070971489,0.0747663676738739
2,214,4215,4.995070048607886e-05,1.2042887210845947,0.0013246971648186445,0.07441861182451248
2,215,4216,4.9950678658206016e-05,1.2037951946258545,0.0013189150486141443,0.07407408207654953
2,216,4217,4.995065683033317e-05,1.2035950422286987,0.0013131520245224237,0.07373272627592087
2,217,4218,4.9950631364481524e-05,1.2032246589660645,0.001313254702836275,0.07339450716972351
2,218,4219,4.9950605898629874e-05,1.2040293216705322,0.0013130782172083855,0.07305937260389328
2,219,4220,4.995058407075703e-05,1.2049639225006104,0.0013105599209666252,0.07500000298023224
2,220,4221,4.995055860490538e-05,1.2046595811843872,0.0013106970582157373,0.07466064393520355
2,221,4222,4.9950540415011346e-05,1.2031948566436768,0.0013069966807961464,0.07432433217763901
2,222,4223,4.995051131118089e-05,1.2026207447052002,0.0013030047994107008,0.07399104535579681
2,223,4224,4.995048948330805e-05,1.2029261589050293,0.0013016683515161276,0.0736607238650322
2,224,4225,4.9950467655435205e-05,1.2041399478912354,0.0012999118771404028,0.07333333790302277
2,225,4226,4.9950442189583555e-05,1.2047977447509766,0.0012971123214811087,0.07300885766744614
2,226,4227,4.995042036171071e-05,1.204824686050415,0.0012960515450686216,0.07268723845481873
2,227,4228,4.995039489585906e-05,1.2046024799346924,0.0012964243069291115,0.07236842811107635
2,228,4229,4.995037306798622e-05,1.205568790435791,0.0012944876216351986,0.07423581928014755
2,229,4230,4.995035124011338e-05,1.2047960758209229,0.0012938401196151972,0.07391305267810822
2,230,4231,4.995032577426173e-05,1.2042951583862305,0.0012910261284559965,0.07359308004379272
2,231,4232,4.9950303946388885e-05,1.2048933506011963,0.0012888452038168907,0.07327587157487869
2,232,4233,4.9950278480537236e-05,1.2043319940567017,0.0012904447503387928,0.07296138256788254
2,233,4234,4.995025665266439e-05,1.2029750347137451,0.0012879602145403624,0.07264958322048187
2,234,4235,4.9950231186812744e-05,1.202589511871338,0.0012881504371762276,0.07234043627977371
2,235,4236,4.99502093589399e-05,1.2036380767822266,0.00128269218839705,0.076271191239357
2,236,4237,4.995018389308825e-05,1.2037839889526367,0.0012817815877497196,0.07594937831163406
2,237,4238,4.995016206521541e-05,1.2036666870117188,0.0012778282398357987,0.07773110270500183
2,238,4239,4.995013659936376e-05,1.20255708694458,0.0012785096187144518,0.07740586996078491
2,239,4240,4.9950114771490917e-05,1.2014023065567017,0.001275400398299098,0.07708334177732468
2,240,4241,4.9950092943618074e-05,1.2018792629241943,0.001275132060982287,0.07676349580287933
2,241,4242,4.9950067477766424e-05,1.2016761302947998,0.001274237991310656,0.0764462947845459
2,242,4243,4.995004564989358e-05,1.2025322914123535,0.0012732138857245445,0.07818930596113205
2,243,4244,4.9950016546063125e-05,1.2038614749908447,0.0012723352992907166,0.0799180418252945
2,244,4245,4.994999471819028e-05,1.202911138534546,0.0012697821948677301,0.07959184050559998
2,245,4246,4.994997289031744e-05,1.2023234367370605,0.0012711576418951154,0.07926829904317856
2,246,4247,4.994994742446579e-05,1.203228235244751,0.0012710540322586894,0.07894738018512726
2,247,4248,4.9949929234571755e-05,1.202136754989624,0.0012671002186834812,0.0786290392279625
2,248,4249,4.9949903768720105e-05,1.2007948160171509,0.0012645019451156259,0.07831326127052307
2,249,4250,4.994988194084726e-05,1.2006092071533203,0.0012595545267686248,0.078000009059906
2,250,4251,4.994985647499561e-05,1.2005834579467773,0.0012548743980005383,0.07968128472566605
2,251,4252,4.9949831009143963e-05,1.2016433477401733,0.0012498947326093912,0.0833333432674408
2,252,4253,4.994980918127112e-05,1.2024949789047241,0.0012473422102630138,0.08300396054983139
2,253,4254,4.994978371541947e-05,1.2035069465637207,0.0012424313463270664,0.08661417663097382
2,254,4255,4.994976188754663e-05,1.2038593292236328,0.001241631107404828,0.08823530375957489
2,255,4256,4.994973642169498e-05,1.2027873992919922,0.0012425266904756427,0.0878906324505806
2,256,4257,4.9949714593822137e-05,1.202544927597046,0.0012397420359775424,0.0875486433506012
2,257,4258,4.9949692765949294e-05,1.2016947269439697,0.0012374285142868757,0.0872093141078949
2,258,4259,4.9949667300097644e-05,1.2020862102508545,0.0012351504992693663,0.08687259256839752
2,259,4260,4.9949641834245995e-05,1.2022809982299805,0.0012305255513638258,0.08846154808998108
2,260,4261,4.9949616368394345e-05,1.2012405395507812,0.0012295788619667292,0.08812261372804642
2,261,4262,4.99495945405215e-05,1.2012512683868408,0.0012251792941242456,0.08969466388225555
2,262,4263,4.994957271264866e-05,1.202418565750122,0.0012290410231798887,0.08935362100601196
2,263,4264,4.994954724679701e-05,1.2030885219573975,0.0012244000099599361,0.09090910106897354
2,264,4265,4.994952541892417e-05,1.202365517616272,0.0012232031440362334,0.09056604653596878
2,265,4266,4.994949995307252e-05,1.2017121315002441,0.0012198357144370675,0.09022556990385056
2,266,4267,4.9949478125199676e-05,1.2013611793518066,0.001215712632983923,0.08988764882087708
2,267,4268,4.9949452659348026e-05,1.2005703449249268,0.001215224852785468,0.08955224603414536
2,268,4269,4.9949427193496376e-05,1.2013964653015137,0.0012186074163764715,0.0892193391919136
2,269,4270,4.9949405365623534e-05,1.2015631198883057,0.0012182306963950396,0.08888889849185944
2,270,4271,4.994938353775069e-05,1.2007923126220703,0.0012166398810222745,0.08856089413166046
2,271,4272,4.994935807189904e-05,1.2006511688232422,0.0012123085325583816,0.08823530375957489
2,272,4273,4.99493362440262e-05,1.2008225917816162,0.0012078930158168077,0.08791209757328033
2,273,4274,4.994931077817455e-05,1.200687050819397,0.0012058194261044264,0.0875912457704544
2,274,4275,4.994928895030171e-05,1.1999449729919434,0.0012022838927805424,0.08727273344993591
2,275,4276,4.9949267122428864e-05,1.1990842819213867,0.0012000632705166936,0.08695653080940247
2,276,4277,4.994923801859841e-05,1.1981960535049438,0.001196821453049779,0.08664260804653168
2,277,4278,4.9949216190725565e-05,1.1983577013015747,0.0011962843127548695,0.08633094280958176
2,278,4279,4.9949190724873915e-05,1.197392463684082,0.00119520362932235,0.08602151274681091
2,279,4280,4.994917253497988e-05,1.1974334716796875,0.0011938412208110094,0.08571429550647736
2,280,4281,4.994914343114942e-05,1.197055459022522,0.0011925853323191404,0.0854092612862587
2,281,4282,4.994912160327658e-05,1.1970460414886475,0.0011913471389561892,0.08510638773441315
2,282,4283,4.994909977540374e-05,1.1970235109329224,0.0011913056951016188,0.08480565994977951
2,283,4284,4.994907430955209e-05,1.1964024305343628,0.0011895932257175446,0.0845070481300354
2,284,4285,4.9949052481679246e-05,1.1969513893127441,0.001188425812870264,0.08421052992343903
2,285,4286,4.994902337784879e-05,1.1965594291687012,0.0011883119586855173,0.0839160904288292
2,286,4287,4.9949005187954754e-05,1.1966495513916016,0.0011881256941705942,0.08362369984388351
2,287,4288,4.99489760841243e-05,1.1968380212783813,0.0011841428931802511,0.0850694477558136
2,288,4289,4.994895789423026e-05,1.1958999633789062,0.0011812872253358364,0.08477509021759033
2,289,4290,4.9948928790399805e-05,1.1960499286651611,0.0011802719673141837,0.08448276668787003
2,290,4291,4.994890696252696e-05,1.1963798999786377,0.001180407009087503,0.08419244736433029
2,291,4292,4.994888513465412e-05,1.1966006755828857,0.0011819934006780386,0.08390411734580994
2,292,4293,4.994885966880247e-05,1.1962087154388428,0.0011835687328130007,0.08361774682998657
2,293,4294,4.994883784092963e-05,1.1961960792541504,0.0011797467013821006,0.0833333432674408
2,294,4295,4.994880873709917e-05,1.1958918571472168,0.0011804754612967372,0.08305085450410843
2,295,4296,4.9948790547205135e-05,1.1968283653259277,0.0011793687008321285,0.08277027308940887
2,296,4297,4.994876144337468e-05,1.1956686973571777,0.001177795697003603,0.08249159157276154
2,297,4298,4.994874325348064e-05,1.195366382598877,0.0011768349213525653,0.08221477270126343
2,298,4299,4.9948717787628993e-05,1.1948754787445068,0.0011755648301914334,0.08193980157375336
2,299,4300,4.9948692321777344e-05,1.1951496601104736,0.0011744365328922868,0.0833333432674408
2,300,4301,4.99486704939045e-05,1.1943349838256836,0.0011742794886231422,0.0830564871430397
2,301,4302,4.994864502805285e-05,1.1939706802368164,0.0011739854235202074,0.08278146386146545
2,302,4303,4.994862320018001e-05,1.1937777996063232,0.0011714486172422767,0.08415842056274414
2,303,4304,4.994859409634955e-05,1.1937263011932373,0.0011706745717674494,0.08388158679008484
2,304,4305,4.994857590645552e-05,1.1936092376708984,0.0011693148408085108,0.08360656350851059
2,305,4306,4.994854680262506e-05,1.1939113140106201,0.0011679703602567315,0.0833333432674408
2,306,4307,4.9948528612731025e-05,1.1939817667007446,0.0011661536991596222,0.08469055593013763
2,307,4308,4.994849950890057e-05,1.1932275295257568,0.001165441470220685,0.08441558480262756
2,308,4309,4.9948477681027725e-05,1.192582130432129,0.001162813976407051,0.08414240181446075
2,309,4310,4.994845585315488e-05,1.1938055753707886,0.001163555309176445,0.08387097716331482
2,310,4311,4.994843038730323e-05,1.1939414739608765,0.0011645053746178746,0.08360129594802856
2,311,4312,4.994840855943039e-05,1.19388747215271,0.0011628621723502874,0.08493590354919434
2,312,4313,4.9948379455599934e-05,1.1941636800765991,0.0011615168768912554,0.08466454595327377
2,313,4314,4.994835762772709e-05,1.1936808824539185,0.0011602217564359307,0.0843949168920517
2,314,4315,4.994833216187544e-05,1.1942293643951416,0.0011582151055335999,0.08412699401378632
2,315,4316,4.9948313971981406e-05,1.1937925815582275,0.001158170634880662,0.08386076986789703
2,316,4317,4.994828486815095e-05,1.1935402154922485,0.0011550913332030177,0.08359621465206146
2,317,4318,4.9948266678256914e-05,1.1934080123901367,0.0011517128441482782,0.0833333432674408
2,318,4319,4.994823757442646e-05,1.1927015781402588,0.0011534944642335176,0.08307211101055145
2,319,4320,4.9948215746553615e-05,1.1928975582122803,0.0011557957623153925,0.08281250298023224
2,320,4321,4.9948190280701965e-05,1.1929714679718018,0.0011576706310734153,0.08255451917648315
2,321,4322,4.9948164814850315e-05,1.1922941207885742,0.0011550895869731903,0.082298144698143
2,322,4323,4.994814298697747e-05,1.1924357414245605,0.0011556639801710844,0.0820433497428894
2,323,4324,4.994811752112582e-05,1.1916158199310303,0.0011539063416421413,0.08179013431072235
2,324,4325,4.994809569325298e-05,1.1909151077270508,0.0011514429934322834,0.08153846859931946
2,325,4326,4.994807022740133e-05,1.1910030841827393,0.001148161944001913,0.08282209187746048
2,326,4327,4.994804839952849e-05,1.191615343093872,0.0011493483325466514,0.08256880939006805
2,327,4328,4.994802293367684e-05,1.191623568534851,0.0011461223475635052,0.08231708407402039
2,328,4329,4.9948001105803996e-05,1.1918001174926758,0.0011462909169495106,0.08206687867641449
2,329,4330,4.994797563995235e-05,1.1913236379623413,0.0011437037028372288,0.08181819319725037
2,330,4331,4.99479501741007e-05,1.1915662288665771,0.0011422941461205482,0.08157099783420563
2,331,4332,4.994792470824905e-05,1.1913659572601318,0.0011407204438000917,0.08132530748844147
2,332,4333,4.9947902880376205e-05,1.1912710666656494,0.0011401278898119926,0.0810810849070549
2,333,4334,4.9947877414524555e-05,1.1911323070526123,0.0011397136840969324,0.08083832263946533
2,334,4335,4.994785558665171e-05,1.1915788650512695,0.0011400250950828195,0.08059702068567276
2,335,4336,4.994783012080006e-05,1.1919972896575928,0.0011393872555345297,0.0803571492433548
2,336,4337,4.994780829292722e-05,1.1909801959991455,0.0011385168181732297,0.08011870086193085
2,337,4338,4.994778282707557e-05,1.1911070346832275,0.0011371581349521875,0.07988166064023972
2,338,4339,4.994776099920273e-05,1.1917812824249268,0.0011338090989738703,0.08112095296382904
2,339,4340,4.994773553335108e-05,1.192667841911316,0.0011351164430379868,0.08088235557079315
2,340,4341,4.994771006749943e-05,1.1926448345184326,0.0011344137601554394,0.08064517378807068
2,341,4342,4.994768460164778e-05,1.1929543018341064,0.0011311153648421168,0.08040936291217804
2,342,4343,4.994766277377494e-05,1.1928045749664307,0.0011288123205304146,0.08163265883922577
2,343,4344,4.994763730792329e-05,1.1936135292053223,0.001127626746892929,0.08284884691238403
2,344,4345,4.9947615480050445e-05,1.1944963932037354,0.0011266462970525026,0.08405797183513641
2,345,4346,4.9947590014198795e-05,1.1946134567260742,0.0011263496708124876,0.08381503820419312
2,346,4347,4.994756818632595e-05,1.1949511766433716,0.0011252856347709894,0.08357349038124084
2,347,4348,4.9947539082495496e-05,1.1946368217468262,0.001122916117310524,0.0833333432674408
2,348,4349,4.994752089260146e-05,1.1937140226364136,0.0011219261214137077,0.08309455960988998
2,349,4350,4.9947491788771003e-05,1.1930080652236938,0.001120867091231048,0.082857146859169
2,350,4351,4.994746996089816e-05,1.1932753324508667,0.0011215397389605641,0.08262108266353607
2,351,4352,4.9947440857067704e-05,1.1937289237976074,0.0011210808297619224,0.08238637447357178
2,352,4353,4.994742266717367e-05,1.1932668685913086,0.001120787812396884,0.08215297758579254
2,353,4354,4.994739356334321e-05,1.193245530128479,0.0011177463456988335,0.08192090690135956
2,354,4355,4.9947375373449177e-05,1.19376802444458,0.00111894472502172,0.08169014751911163
2,355,4356,4.994734626961872e-05,1.1942310333251953,0.0011202713940292597,0.08146068453788757
2,356,4357,4.994732444174588e-05,1.1940736770629883,0.0011196385603398085,0.08123249560594559
2,357,4358,4.994729897589423e-05,1.1945796012878418,0.0011180134024471045,0.08100558817386627
2,358,4359,4.9947277148021385e-05,1.1953134536743164,0.0011169970966875553,0.08077994734048843
2,359,4360,4.9947251682169735e-05,1.1962254047393799,0.0011178620625287294,0.08055555820465088
2,360,4361,4.9947226216318086e-05,1.1952524185180664,0.001116740284487605,0.08033241331577301
2,361,4362,4.9947200750466436e-05,1.195849895477295,0.0011178180575370789,0.08011050522327423
2,362,4363,4.9947178922593594e-05,1.1959114074707031,0.0011171470396220684,0.07988981157541275
2,363,4364,4.9947153456741944e-05,1.196692943572998,0.0011159507557749748,0.08104395866394043
2,364,4365,4.99471316288691e-05,1.1969575881958008,0.001114875776693225,0.0808219164609909
2,365,4366,4.994710616301745e-05,1.1968839168548584,0.0011138767004013062,0.08060109615325928
2,366,4367,4.994708433514461e-05,1.1961252689361572,0.001113786711357534,0.08038146793842316
2,367,4368,4.994705886929296e-05,1.1970168352127075,0.0011137959081679583,0.08152174204587936
2,368,4369,4.994703704142012e-05,1.197477102279663,0.0011131545761600137,0.08265583217144012
2,369,4370,4.994701157556847e-05,1.1980843544006348,0.001112597994506359,0.08243243396282196
2,370,4371,4.994698610971682e-05,1.1978583335876465,0.001111833844333887,0.0822102427482605
2,371,4372,4.994696064386517e-05,1.1971806287765503,0.0011096775997430086,0.08198924362659454
2,372,4373,4.994693517801352e-05,1.1971001625061035,0.001108883647248149,0.0817694365978241
2,373,4374,4.9946913350140676e-05,1.1968094110488892,0.0011079655960202217,0.08155080676078796
2,374,4375,4.9946887884289026e-05,1.1967730522155762,0.0011052410118281841,0.08133333921432495
2,375,4376,4.994686241843738e-05,1.1960508823394775,0.0011038649827241898,0.08111701905727386
2,376,4377,4.9946840590564534e-05,1.1964571475982666,0.001100949477404356,0.08222812414169312
2,377,4378,4.9946815124712884e-05,1.1960970163345337,0.0010989217553287745,0.08201058208942413
2,378,4379,4.994679329684004e-05,1.1961345672607422,0.0010986835695803165,0.08179420232772827
2,379,4380,4.994676783098839e-05,1.196190595626831,0.001097608939744532,0.08157895505428314
2,380,4381,4.994674600311555e-05,1.1959099769592285,0.0010974048636853695,0.08136483281850815
2,381,4382,4.994671689928509e-05,1.1954586505889893,0.0010977264028042555,0.08115183562040329
2,382,4383,4.994669143343344e-05,1.1957672834396362,0.001099076122045517,0.08093994855880737
2,383,4384,4.99466696055606e-05,1.195786476135254,0.0010994847398251295,0.0807291716337204
2,384,4385,4.994664413970895e-05,1.1967076063156128,0.0011002332903444767,0.08051948249340057
2,385,4386,4.994662231183611e-05,1.1967995166778564,0.0010998377110809088,0.0803108811378479
2,386,4387,4.994659684598446e-05,1.1967109441757202,0.0010977673809975386,0.08010336011648178
2,387,4388,4.9946575018111616e-05,1.1968821287155151,0.0011029348243027925,0.07989691197872162
2,388,4389,4.994654955225997e-05,1.1968523263931274,0.001102627720683813,0.07969151437282562
2,389,4390,4.994652408640832e-05,1.1973375082015991,0.001101166009902954,0.08076923340559006
2,390,4391,4.9946502258535475e-05,1.197356939315796,0.0010987197747454047,0.08184143900871277
2,391,4392,4.9946476792683825e-05,1.1981639862060547,0.0010992239695042372,0.08163265883922577
2,392,4393,4.9946451326832175e-05,1.1985116004943848,0.001102242968045175,0.08142493665218353
2,393,4394,4.9946425860980526e-05,1.198645830154419,0.0011026936117559671,0.08121827244758606
2,394,4395,4.994640403310768e-05,1.1981807947158813,0.00110233249142766,0.08101265877485275
2,395,4396,4.9946374929277226e-05,1.1988162994384766,0.0011016468051820993,0.08080808818340302
2,396,4397,4.9946353101404384e-05,1.1989896297454834,0.001103401416912675,0.08060453832149506
2,397,4398,4.9946327635552734e-05,1.1985580921173096,0.0011043131817132235,0.08040201663970947
2,398,4399,4.994630580767989e-05,1.1983201503753662,0.0011040426325052977,0.08020050823688507
2,399,4400,4.994628034182824e-05,1.1987183094024658,0.0011034405324608088,0.07999999821186066
2,400,4401,4.994625487597659e-05,1.1985268592834473,0.0011046769795939326,0.07980050146579742
2,401,4402,4.994623304810375e-05,1.1983466148376465,0.0011040812823921442,0.07960198819637299
2,402,4403,4.99462075822521e-05,1.1982746124267578,0.0011036188807338476,0.07940447330474854
2,403,4404,4.994618211640045e-05,1.1977221965789795,0.0011021404061466455,0.07920792698860168
2,404,4405,4.99461566505488e-05,1.197253704071045,0.0010999650694429874,0.07901234924793243
2,405,4406,4.994613482267596e-05,1.1977288722991943,0.0011032243492081761,0.07881774008274078
2,406,4407,4.99461057188455e-05,1.1977512836456299,0.0011010271264240146,0.07985258102416992
2,407,4408,4.9946087528951466e-05,1.1970535516738892,0.0010998634388670325,0.07965686917304993
2,408,4409,4.994605842512101e-05,1.197993278503418,0.001098699402064085,0.0806846022605896
2,409,4410,4.994603659724817e-05,1.1974835395812988,0.0010993242030963302,0.08048780262470245
2,410,4411,4.994601113139652e-05,1.1970422267913818,0.00109925027936697,0.08029197156429291
2,411,4412,4.9945989303523675e-05,1.1966512203216553,0.00110052980016917,0.08009709417819977
2,412,4413,4.9945963837672025e-05,1.1969189643859863,0.0011020294623449445,0.07990314811468124
2,413,4414,4.9945938371820375e-05,1.1969788074493408,0.001103370450437069,0.07971014827489853
2,414,4415,4.9945912905968726e-05,1.1967214345932007,0.001104680122807622,0.07951807975769043
2,415,4416,4.9945887440117076e-05,1.1967982053756714,0.00110386754386127,0.08052884787321091
2,416,4417,4.9945865612244233e-05,1.1963880062103271,0.001106630777940154,0.08033573627471924
2,417,4418,4.9945840146392584e-05,1.1956055164337158,0.0011057150550186634,0.08014354109764099
2,418,4419,4.9945814680540934e-05,1.1960382461547852,0.0011030901223421097,0.07995226979255676
2,419,4420,4.994579285266809e-05,1.1956582069396973,0.0011049462482333183,0.07976190745830536
2,420,4421,4.9945763748837635e-05,1.1952085494995117,0.0011055150534957647,0.07957244664430618
2,421,4422,4.994574192096479e-05,1.1946203708648682,0.0011049362365156412,0.07938389480113983
2,422,4423,4.994571645511314e-05,1.1939786672592163,0.0011047685984522104,0.07919621467590332
2,423,4424,4.99456946272403e-05,1.1947882175445557,0.0011065059807151556,0.07900943607091904
2,424,4425,4.994566916138865e-05,1.1950726509094238,0.0011039316887035966,0.07882353663444519
2,425,4426,4.9945643695537e-05,1.1950639486312866,0.0011017926735803485,0.07981220632791519
2,426,4427,4.994561822968535e-05,1.1952295303344727,0.0010993622709065676,0.0807962566614151
2,427,4428,4.99455927638337e-05,1.1948847770690918,0.0010999380610883236,0.08060747385025024
2,428,4429,4.994557093596086e-05,1.1948480606079102,0.0011039439123123884,0.08041958510875702
2,429,4430,4.994554547010921e-05,1.1952893733978271,0.001101386733353138,0.08139534294605255
2,430,4431,4.994552000425756e-05,1.1954854726791382,0.0010989303700625896,0.08236658573150635
2,431,4432,4.994549453840591e-05,1.1951165199279785,0.0011020759120583534,0.08217592537403107
2,432,4433,4.994547271053307e-05,1.1949186325073242,0.0011032363399863243,0.08198614418506622
2,433,4434,4.994544724468142e-05,1.1956204175949097,0.0011029960587620735,0.08179723471403122
2,434,4435,4.994542177882977e-05,1.195483684539795,0.0011007797438651323,0.08160919696092606
2,435,4436,4.9945399950956926e-05,1.1951485872268677,0.0010989397997036576,0.08142201602458954
2,436,4437,4.9945374485105276e-05,1.1953063011169434,0.0011000668164342642,0.08123569190502167
2,437,4438,4.9945349019253626e-05,1.195494294166565,0.0011015295749530196,0.08219178020954132
2,438,4439,4.994532355340198e-05,1.1955385208129883,0.0011030687019228935,0.08200455456972122
2,439,4440,4.994529808755033e-05,1.1952019929885864,0.0011029427405446768,0.08181817829608917
2,440,4441,4.9945276259677485e-05,1.194638967514038,0.0011019876692444086,0.08163265883922577
2,441,4442,4.994524715584703e-05,1.1951820850372314,0.0011024214327335358,0.08257918804883957
2,442,4443,4.9945225327974185e-05,1.1948992013931274,0.0011017718352377415,0.08239278197288513
2,443,4444,4.9945199862122536e-05,1.1949303150177002,0.001099602086469531,0.0833333358168602
2,444,4445,4.9945174396270886e-05,1.1949985027313232,0.0011002557585015893,0.08314606547355652
2,445,4446,4.9945152568398044e-05,1.1952674388885498,0.001101875677704811,0.08408071845769882
2,446,4447,4.9945127102546394e-05,1.1950762271881104,0.0011048999149352312,0.08389261364936829
2,447,4448,4.9945101636694744e-05,1.1950573921203613,0.0011025590356439352,0.0837053507566452
2,448,4449,4.99450798088219e-05,1.1950629949569702,0.0011019721860066056,0.08351892977952957
2,449,4450,4.9945050704991445e-05,1.1950669288635254,0.0010996831115335226,0.0833333283662796
2,450,4451,4.99450288771186e-05,1.1948038339614868,0.0010975177865475416,0.08314856141805649
2,451,4452,4.9944999773288146e-05,1.1951631307601929,0.0010951103176921606,0.08296459913253784
2,452,4453,4.99449779454153e-05,1.1950178146362305,0.0010948686394840479,0.08278145641088486
2,453,4454,4.9944952479563653e-05,1.1949727535247803,0.0010932052973657846,0.08370044082403183
2,454,4455,4.9944927013712004e-05,1.1949328184127808,0.0010949056595563889,0.08351648598909378
2,455,4456,4.994490518583916e-05,1.1954560279846191,0.0010954386088997126,0.0833333358168602
2,456,4457,4.994487971998751e-05,1.1955316066741943,0.0010959019418805838,0.08315098285675049
2,457,4458,4.994485425413586e-05,1.1958104372024536,0.0010993570322170854,0.08296943455934525
2,458,4459,4.994483242626302e-05,1.1958444118499756,0.0010970435105264187,0.08278867602348328
2,459,4460,4.994480332243256e-05,1.1958186626434326,0.001097212778404355,0.08260869979858398
2,460,4461,4.994478513253853e-05,1.1950700283050537,0.0010964579414576292,0.08242949843406677
2,461,4462,4.994475602870807e-05,1.19454026222229,0.0010949852876365185,0.08225108683109283
2,462,4463,4.994473420083523e-05,1.1943976879119873,0.0010944197420030832,0.08207343518733978
2,463,4464,4.994470509700477e-05,1.1944119930267334,0.0010941079817712307,0.08189655095338821
2,464,4465,4.994467963115312e-05,1.1943374872207642,0.0010925992392003536,0.08279569447040558
2,465,4466,4.994465416530147e-05,1.1948904991149902,0.0010902546346187592,0.08476394414901733
2,466,4467,4.994463233742863e-05,1.194729208946228,0.0010921390494331717,0.08458244055509567
2,467,4468,4.994460687157698e-05,1.1948223114013672,0.0010917088948190212,0.08547008782625198
2,468,4469,4.994458504370414e-05,1.1945468187332153,0.0010901694186031818,0.08528784662485123
2,469,4470,4.994455593987368e-05,1.1940629482269287,0.0010886454256251454,0.08510638773441315
2,470,4471,4.994453411200084e-05,1.1941922903060913,0.0010892675491049886,0.08492568880319595
2,471,4472,4.994450864614919e-05,1.1948187351226807,0.0010887912940233946,0.08474576473236084
2,472,4473,4.994448318029754e-05,1.1949756145477295,0.0010892439167946577,0.08456659317016602
2,473,4474,4.994445771444589e-05,1.1948109865188599,0.0010873895371332765,0.08438818156719208
2,474,4475,4.9944435886573046e-05,1.1948215961456299,0.001088571734726429,0.08421052992343903
2,475,4476,4.994440678274259e-05,1.1947612762451172,0.0010881505440920591,0.08403361588716507
2,476,4477,4.994438495486975e-05,1.194868803024292,0.0010878244647756219,0.0838574469089508
2,477,4478,4.99443594890181e-05,1.1948533058166504,0.0010856278240680695,0.08368200808763504
2,478,4479,4.994433402316645e-05,1.1951704025268555,0.001085874391719699,0.08455114811658859
2,479,4480,4.99443085573148e-05,1.1947662830352783,0.0010861784685403109,0.08437500149011612
2,480,4481,4.994428309146315e-05,1.1946004629135132,0.0010853656567633152,0.08419957756996155
2,481,4482,4.9944261263590306e-05,1.1949694156646729,0.0010846375953406096,0.08402489870786667
2,482,4483,4.9944235797738656e-05,1.194685935974121,0.001083511975593865,0.0838509351015091
2,483,4484,4.994421033188701e-05,1.1949443817138672,0.0010814836714416742,0.0847107470035553
2,484,4485,4.9944188504014164e-05,1.1945159435272217,0.0010814855340868235,0.08453608304262161
2,485,4486,4.994415940018371e-05,1.1941874027252197,0.001082128845155239,0.08436214178800583
2,486,4487,4.994413393433206e-05,1.193708896636963,0.001082354923710227,0.08418890833854675
2,487,4488,4.9944112106459215e-05,1.1932926177978516,0.001082847942598164,0.08401639759540558
2,488,4489,4.9944086640607566e-05,1.193170189857483,0.0010813649278134108,0.08486707508563995
2,489,4490,4.9944061174755916e-05,1.1929948329925537,0.0010794007685035467,0.08469387888908386
2,490,4491,4.9944035708904266e-05,1.193304181098938,0.0010838289745151997,0.08452138304710388
2,491,4492,4.994401024305262e-05,1.1937570571899414,0.001083780312910676,0.08434959501028061
2,492,4493,4.994398477720097e-05,1.1943660974502563,0.0010831862455233932,0.08417849242687225
2,493,4494,4.9943962949328125e-05,1.1950721740722656,0.0010836601722985506,0.0840080976486206
2,494,4495,4.994393384549767e-05,1.194405436515808,0.001084418036043644,0.08383838832378387
2,495,4496,4.9943912017624825e-05,1.1946804523468018,0.0010866776574403048,0.08366935700178146
2,496,4497,4.9943886551773176e-05,1.194091796875,0.0010861902264878154,0.08350100368261337
2,497,4498,4.9943861085921526e-05,1.194389820098877,0.0010876634623855352,0.0833333283662796
2,498,4499,4.9943835620069876e-05,1.1942229270935059,0.0010863064089789987,0.08316633105278015
2,499,4500,4.9943813792197034e-05,1.1939260959625244,0.0010877358727157116,0.08300000429153442
2,500,4501,4.994378468836658e-05,1.1938610076904297,0.0010880468180403113,0.08283433318138123
2,501,4502,4.994376649847254e-05,1.194014310836792,0.0010909480042755604,0.08266932517290115
2,502,4503,4.9943737394642085e-05,1.1942260265350342,0.0010926390532404184,0.08250497281551361
2,503,4504,4.9943711928790435e-05,1.193948745727539,0.0010909340344369411,0.082341268658638
2,504,4505,4.9943686462938786e-05,1.1944317817687988,0.0010928031988441944,0.08217822015285492
2,505,4506,4.9943660997087136e-05,1.1943681240081787,0.0010928199626505375,0.08201581239700317
2,506,4507,4.994363189325668e-05,1.1939637660980225,0.0010911553399637341,0.08185404539108276
2,507,4508,4.9943613703362644e-05,1.193995475769043,0.0010916447499766946,0.08169291168451309
2,508,4509,4.994358459953219e-05,1.1939067840576172,0.0010900150518864393,0.08153241872787476
2,509,4510,4.9943562771659344e-05,1.1936213970184326,0.0010904071386903524,0.08137255162000656
2,510,4511,4.9943537305807695e-05,1.1935557126998901,0.0010896469466388226,0.08219178020954132
2,511,4512,4.9943511839956045e-05,1.1939208507537842,0.0010898900218307972,0.0830078125
2,512,4513,4.9943486374104396e-05,1.1933777332305908,0.0010885989759117365,0.08284600079059601
2,513,4514,4.994346454623155e-05,1.1936254501342773,0.0010882397182285786,0.08268482238054276
2,514,4515,4.9943435442401096e-05,1.1932060718536377,0.001086957985535264,0.08252426981925964
2,515,4516,4.9943413614528254e-05,1.1931109428405762,0.0010881146881729364,0.08236434310674667
2,516,4517,4.9943388148676604e-05,1.1935484409332275,0.001087449723854661,0.08220502734184265
2,517,4518,4.9943362682824954e-05,1.1932780742645264,0.0010894571896642447,0.08204632997512817
2,518,4519,4.9943337216973305e-05,1.193152666091919,0.0010882136411964893,0.08188824355602264
2,519,4520,4.9943311751121655e-05,1.1935620307922363,0.0010868946556001902,0.08269231021404266
2,520,4521,4.9943286285270005e-05,1.1940815448760986,0.0010848125675693154,0.08349327743053436
2,521,4522,4.994325718143955e-05,1.1939513683319092,0.0010834059212356806,0.08429118990898132
2,522,4523,4.994323899154551e-05,1.1940218210220337,0.0010832264088094234,0.08413001894950867
2,523,4524,4.9943209887715057e-05,1.1945351362228394,0.0010811593383550644,0.08587786555290222
2,524,4525,4.994318442186341e-05,1.1950480937957764,0.0010808270890265703,0.08571428805589676
2,525,4526,4.9943162593990564e-05,1.1952826976776123,0.00108026759698987,0.08555132895708084
2,526,4527,4.9943137128138915e-05,1.195244312286377,0.0010802412871271372,0.08538898825645447
2,527,4528,4.994310802430846e-05,1.1951615810394287,0.0010812999680638313,0.08522727340459824
2,528,4529,4.9943086196435615e-05,1.1948730945587158,0.0010797365102916956,0.08506616204977036
2,529,4530,4.9943060730583966e-05,1.1945524215698242,0.0010799453593790531,0.08490566164255142
2,530,4531,4.9943035264732316e-05,1.1939798593521118,0.0010792188113555312,0.08474576473236084
2,531,4532,4.9943009798880666e-05,1.1935334205627441,0.0010784934274852276,0.08458646386861801
2,532,4533,4.9942987971007824e-05,1.1941686868667603,0.0010782618774101138,0.08442776650190353
2,533,4534,4.994295886717737e-05,1.1943905353546143,0.0010781940072774887,0.08520599454641342
2,534,4535,4.9942937039304525e-05,1.1939512491226196,0.0010768990032374859,0.08504673093557358
2,535,4536,4.994290793547407e-05,1.1945033073425293,0.001077818451449275,0.08582089841365814
2,536,4537,4.994288246962242e-05,1.1943762302398682,0.0010779661824926734,0.08566108345985413
2,537,4538,4.994285700377077e-05,1.1939109563827515,0.0010767861967906356,0.08550186455249786
2,538,4539,4.9942835175897926e-05,1.1938936710357666,0.0010771692031994462,0.08534322679042816
2,539,4540,4.9942809710046276e-05,1.1935992240905762,0.0010767707135528326,0.08518518507480621
2,540,4541,4.994278060621582e-05,1.193458080291748,0.0010751066729426384,0.08502772450447083
2,541,4542,4.994275877834298e-05,1.1934328079223633,0.0010738293640315533,0.08579336106777191
2,542,4543,4.994273331249133e-05,1.193763256072998,0.0010730971116572618,0.08563536405563354
2,543,4544,4.994270784663968e-05,1.1938557624816895,0.0010724072344601154,0.08639705181121826
2,544,4545,4.994268238078803e-05,1.1937620639801025,0.0010710774222388864,0.08623853325843811
2,545,4546,4.9942660552915186e-05,1.1936402320861816,0.001072546700015664,0.08608058840036392
2,546,4547,4.994263144908473e-05,1.1930956840515137,0.0010716135147958994,0.0859232172369957
2,547,4548,4.9942609621211886e-05,1.1924657821655273,0.001070803846232593,0.08576641976833344
2,548,4549,4.994258415536024e-05,1.1927886009216309,0.0010688604088500142,0.08561019599437714
2,549,4550,4.994255868950859e-05,1.193273901939392,0.0010687976609915495,0.0854545384645462
2,550,4551,4.994252958567813e-05,1.1930230855941772,0.0010681103449314833,0.08529945462942123
2,551,4552,4.994250775780529e-05,1.193464994430542,0.0010687133762985468,0.08514492958784103
2,552,4553,4.994247865397483e-05,1.1934759616851807,0.0010685911402106285,0.0849909633398056
2,553,4554,4.994245318812318e-05,1.1935689449310303,0.001068040495738387,0.08574007451534271
2,554,4555,4.994243136025034e-05,1.1938526630401611,0.0010661226697266102,0.08648648858070374
2,555,4556,4.994240589439869e-05,1.1936602592468262,0.001065567135810852,0.08633093535900116
2,556,4557,4.994238042854704e-05,1.1935765743255615,0.001066446304321289,0.08617594093084335
2,557,4558,4.994235132471658e-05,1.1937823295593262,0.0010645468719303608,0.08602150529623032
2,558,4559,4.994232949684374e-05,1.1940442323684692,0.001062651863321662,0.08676207065582275
2,559,4560,4.994230403099209e-05,1.1939482688903809,0.0010633200872689486,0.08660714328289032
2,560,4561,4.994227856514044e-05,1.1935503482818604,0.0010627468582242727,0.08645276725292206
2,561,4562,4.994225309928879e-05,1.1937475204467773,0.0010648774914443493,0.08718861639499664
2,562,4563,4.994223127141595e-05,1.1941726207733154,0.0010647053131833673,0.08792184293270111
2,563,4564,4.994220216758549e-05,1.1943925619125366,0.001064291805960238,0.08776596188545227
2,564,4565,4.994217670173384e-05,1.1942851543426514,0.0010685136076062918,0.08761061728000641
2,565,4566,4.994215123588219e-05,1.1937992572784424,0.00106989243067801,0.08745583146810532
2,566,4567,4.994212940800935e-05,1.1949691772460938,0.0010709441266953945,0.0873015820980072
2,567,4568,4.9942100304178894e-05,1.195331335067749,0.001070675440132618,0.08802817016839981
2,568,4569,4.994207847630605e-05,1.1952919960021973,0.001070078113116324,0.08875219523906708
2,569,4570,4.9942049372475594e-05,1.195230484008789,0.0010688795009627938,0.08859649300575256
2,570,4571,4.9942023906623945e-05,1.1951792240142822,0.0010699270060285926,0.08844132721424103
2,571,4572,4.9941998440772295e-05,1.19502592086792,0.0010681598214432597,0.08828671276569366
2,572,4573,4.9941972974920645e-05,1.1951024532318115,0.00106856320053339,0.08813263475894928
2,573,4574,4.99419511470478e-05,1.1953370571136475,0.001069187535904348,0.08797909319400787
2,574,4575,4.9941922043217346e-05,1.1948413848876953,0.0010679676197469234,0.08782608807086945
2,575,4576,4.9941896577365696e-05,1.1951680183410645,0.0010678630787879229,0.0876736119389534
2,576,4577,4.994187111151405e-05,1.1951228380203247,0.0010681245476007462,0.08752166479825974
2,577,4578,4.9941849283641204e-05,1.1951911449432373,0.0010687982430681586,0.08737024664878845
2,578,4579,4.994182017981075e-05,1.1956311464309692,0.0010699352715164423,0.08721934258937836
2,579,4580,4.9941798351937905e-05,1.1956062316894531,0.001069357618689537,0.08793103694915771
2,580,4581,4.9941772886086255e-05,1.1953723430633545,0.0010692367795854807,0.0877796858549118
2,581,4582,4.9941747420234606e-05,1.1957614421844482,0.0010688176844269037,0.08762887120246887
2,582,4583,4.9941721954382956e-05,1.1956841945648193,0.001069570891559124,0.08747856318950653
2,583,4584,4.9941696488531306e-05,1.1955180168151855,0.0010693178046494722,0.08732876181602478
2,584,4585,4.994167102267966e-05,1.195281744003296,0.0010692559881135821,0.08717948943376541
2,585,4586,4.994164555682801e-05,1.195056438446045,0.0010944600217044353,0.08703071624040604
2,586,4587,4.994162009097636e-05,1.195352554321289,0.0010943987872451544,0.08688245713710785
2,587,4588,4.994159462512471e-05,1.195473313331604,0.001092560007236898,0.08673469722270966
2,588,4589,4.994156915927306e-05,1.1954596042633057,0.0010910418350249529,0.08743633329868317
2,589,4590,4.99415400554426e-05,1.19522225856781,0.0010901873465627432,0.08728813380002975
2,590,4591,4.994151458959095e-05,1.1949222087860107,0.0010904270457103848,0.08714044094085693
2,591,4592,4.99414891237393e-05,1.194758653640747,0.0010887308744713664,0.08699323982000351
2,592,4593,4.994146729586646e-05,1.1942986249923706,0.0010887456592172384,0.08684654533863068
2,593,4594,4.994144183001481e-05,1.1945948600769043,0.001088191638700664,0.08670033514499664
2,594,4595,4.994141272618435e-05,1.194498062133789,0.0010881747584789991,0.0865546241402626
2,595,4596,4.994139089831151e-05,1.194103717803955,0.0010871847625821829,0.08640938997268677
2,596,4597,4.994136543245986e-05,1.1940252780914307,0.0010872834827750921,0.08626465499401093
2,597,4598,4.994133996660821e-05,1.1943938732147217,0.0010879735928028822,0.08612039685249329
2,598,4599,4.9941310862777755e-05,1.1941550970077515,0.0010870727710425854,0.08597663044929504
2,599,4600,4.994128903490491e-05,1.1943353414535522,0.0010875137522816658,0.08583333343267441
2,600,4601,4.994126356905326e-05,1.1946465969085693,0.0010857132729142904,0.08652245998382568
2,601,4602,4.994123810320161e-05,1.1944552659988403,0.0010882122442126274,0.08637873828411102
2,602,4603,4.9941208999371156e-05,1.1946024894714355,0.0010864906944334507,0.08706467598676682
2,603,4604,4.9941187171498314e-05,1.1947951316833496,0.0010847090743482113,0.08692052960395813
2,604,4605,4.9941161705646664e-05,1.1948738098144531,0.0010837187292054296,0.08760330080986023
2,605,4606,4.9941136239795014e-05,1.1947835683822632,0.0010838864836841822,0.08745874464511871
2,606,4607,4.9941110773943365e-05,1.1950111389160156,0.001083836890757084,0.0873146653175354
2,607,4608,4.9941085308091715e-05,1.1948156356811523,0.0010822784388437867,0.0871710479259491
2,608,4609,4.9941059842240065e-05,1.1945793628692627,0.0010811069514602423,0.08702791482210159
2,609,4610,4.994103073840961e-05,1.1942923069000244,0.0010817951988428831,0.0868852436542511
2,610,4611,4.994100527255796e-05,1.1937556266784668,0.001080769463442266,0.08674304187297821
2,611,4612,4.994097980670631e-05,1.1937272548675537,0.0010818052105605602,0.08660130947828293
2,612,4613,4.994095434085466e-05,1.1934549808502197,0.0010802936740219593,0.08646003156900406
2,613,4614,4.994092887500301e-05,1.1933069229125977,0.0010788000654429197,0.0863192155957222
2,614,4615,4.994090340915136e-05,1.1934056282043457,0.0010791691020131111,0.08617886155843735
2,615,4616,4.994087794329971e-05,1.193331003189087,0.0010791070526465774,0.08603896200656891
2,616,4617,4.994085247744806e-05,1.1935269832611084,0.0010773721151053905,0.08589951694011688
2,617,4618,4.994083064957522e-05,1.1937428712844849,0.0010756340343505144,0.08656957745552063
2,618,4619,4.994080154574476e-05,1.1934860944747925,0.0010742275044322014,0.08642973005771637
2,619,4620,4.994077607989311e-05,1.193566083908081,0.0010725497268140316,0.08709678053855896
2,620,4621,4.994075061404146e-05,1.1939328908920288,0.0010737152770161629,0.08695652335882187
2,621,4622,4.994072514818981e-05,1.1944952011108398,0.0010737322736531496,0.08681672066450119
2,622,4623,4.994069968233816e-05,1.194749116897583,0.001073699677363038,0.08667737245559692
2,623,4624,4.9940674216486514e-05,1.1947510242462158,0.0010736165568232536,0.08653846383094788
2,624,4625,4.9940648750634864e-05,1.19489324092865,0.0010732009541243315,0.08640000224113464
2,625,4626,4.9940623284783214e-05,1.1950900554656982,0.0010746377520263195,0.08626198023557663
2,626,4627,4.994060145691037e-05,1.194965124130249,0.0010734072420746088,0.08692185580730438
2,627,4628,4.9940572353079915e-05,1.1949219703674316,0.0010718286503106356,0.08678343892097473
2,628,4629,4.9940546887228265e-05,1.1949241161346436,0.001071336679160595,0.0866454690694809
2,629,4630,4.994051778339781e-05,1.1951318979263306,0.0010714111849665642,0.08650793880224228
2,630,4631,4.9940495955524966e-05,1.1949007511138916,0.0010718279518187046,0.08637084066867828
2,631,4632,4.994046685169451e-05,1.194596290588379,0.0010715562384575605,0.0862341821193695
2,632,4633,4.994044138584286e-05,1.1944448947906494,0.0010710456408560276,0.08609794825315475
2,633,4634,4.994041591999121e-05,1.194972276687622,0.0010709479684010148,0.08596214652061462
2,634,4635,4.994039045413956e-05,1.1951898336410522,0.0010723809245973825,0.08582676947116852
2,635,4636,4.994036498828791e-05,1.1953601837158203,0.0010707061737775803,0.08647798746824265
2,636,4637,4.994033952243626e-05,1.1949374675750732,0.001069898484274745,0.0863422304391861
2,637,4638,4.994031405658461e-05,1.1945557594299316,0.0010694061638787389,0.08620689809322357
2,638,4639,4.994028859073296e-05,1.194250226020813,0.001068604877218604,0.08607198297977448
2,639,4640,4.994026312488131e-05,1.1945819854736328,0.0010680260602384806,0.0859375
2,640,4641,4.994023765902966e-05,1.1943140029907227,0.0010670942720025778,0.08580343425273895
2,641,4642,4.994021219317801e-05,1.193838119506836,0.0010660146363079548,0.08566978573799133
2,642,4643,4.994018672732636e-05,1.194221019744873,0.0010666085872799158,0.08553655445575714
2,643,4644,4.9940157623495907e-05,1.194056749343872,0.001065033138729632,0.08540372550487518
2,644,4645,4.9940135795623064e-05,1.1937849521636963,0.0010642616543918848,0.08527132123708725
2,645,4646,4.994010669179261e-05,1.1936893463134766,0.0010643324349075556,0.08513931930065155
2,646,4647,4.9940084863919765e-05,1.1940829753875732,0.0010636954102665186,0.08500772714614868
2,647,4648,4.994005576008931e-05,1.1939995288848877,0.0010633671190589666,0.08487654477357864
2,648,4649,4.994003029423766e-05,1.1941587924957275,0.001062256982550025,0.08551618456840515
2,649,4650,4.9940008466364816e-05,1.1945667266845703,0.0010622867848724127,0.08538461476564407
2,650,4651,4.993997936253436e-05,1.1943857669830322,0.0010632118210196495,0.08525345474481583
2,651,4652,4.9939957534661517e-05,1.1951966285705566,0.0010628189193084836,0.08512270450592041
2,652,4653,4.993992843083106e-05,1.1951110363006592,0.0010617203079164028,0.08575804531574249
2,653,4654,4.993990296497941e-05,1.1948961019515991,0.0010619499953463674,0.08562691509723663
2,654,4655,4.9939873861148953e-05,1.1948577165603638,0.0010609636083245277,0.08549618721008301
2,655,4656,4.993985203327611e-05,1.1952457427978516,0.0010604230919852853,0.08536585420370102
2,656,4657,4.993982656742446e-05,1.1951571702957153,0.0010614036582410336,0.08523592352867126
2,657,4658,4.9939797463594005e-05,1.1963584423065186,0.0010611917823553085,0.08510638028383255
2,658,4659,4.9939771997742355e-05,1.1964111328125,0.001059629488736391,0.08497723937034607
2,659,4660,4.99397428939119e-05,1.196061134338379,0.0010583598632365465,0.08484847843647003
2,660,4661,4.9939721066039056e-05,1.1956994533538818,0.0010581433307379484,0.08472011983394623
2,661,4662,4.99396919622086e-05,1.195217490196228,0.0010578979272395372,0.08459214866161346
2,662,4663,4.9939670134335756e-05,1.195483684539795,0.0010586641728878021,0.08446455746889114
2,663,4664,4.993964466848411e-05,1.1953413486480713,0.001057266490533948,0.08433735370635986
2,664,4665,4.993961556465365e-05,1.1956992149353027,0.0010574010666459799,0.08421052992343903
2,665,4666,4.9939590098802e-05,1.1955816745758057,0.0010575077030807734,0.08408407866954803
2,666,4667,4.993956463295035e-05,1.195312261581421,0.0010583025868982077,0.08395802229642868
2,667,4668,4.993954280507751e-05,1.1950286626815796,0.0010580720845609903,0.08383233845233917
2,668,4669,4.993951370124705e-05,1.1945366859436035,0.0010579058434814215,0.08370702713727951
2,669,4670,4.99394882353954e-05,1.1945741176605225,0.0010580593952909112,0.0835820883512497
2,670,4671,4.993946276954375e-05,1.194156289100647,0.0010568277211859822,0.08345752954483032
2,671,4672,4.9939433665713295e-05,1.194098711013794,0.0010562615934759378,0.0840773805975914
2,672,4673,4.993941183784045e-05,1.193906307220459,0.001055316999554634,0.08395244926214218
2,673,4674,4.99393863719888e-05,1.194075345993042,0.0010569130536168814,0.0838278979063034
2,674,4675,4.9939360906137154e-05,1.1941524744033813,0.0010574318002909422,0.08370370417833328
2,675,4676,4.99393318023067e-05,1.1944148540496826,0.001057654619216919,0.083579882979393
2,676,4677,4.993930633645505e-05,1.1947606801986694,0.001059515168890357,0.08345642685890198
2,677,4678,4.99392808706034e-05,1.1943267583847046,0.001059104222804308,0.0833333283662796
2,678,4679,4.993925540475175e-05,1.1940953731536865,0.0010589632438495755,0.08321060240268707
2,679,4680,4.9939233576878905e-05,1.1939678192138672,0.0010588249424472451,0.0830882340669632
2,680,4681,4.993920447304845e-05,1.1941065788269043,0.0010582830291241407,0.08370044082403183
2,681,4682,4.99391790071968e-05,1.1940784454345703,0.00105770630761981,0.0835777074098587
2,682,4683,4.993914990336634e-05,1.1940457820892334,0.0010591772152110934,0.08345533907413483
2,683,4684,4.993912443751469e-05,1.1941114664077759,0.00105765659827739,0.0833333358168602
2,684,4685,4.993909897166304e-05,1.193923830986023,0.0010580567177385092,0.08321167528629303
2,685,4686,4.993907350581139e-05,1.1942951679229736,0.0010581447277218103,0.08309037983417511
2,686,4687,4.9939048039959744e-05,1.1945133209228516,0.0010587334400042892,0.08296942710876465
2,687,4688,4.993901893612929e-05,1.1940780878067017,0.0010584876872599125,0.08284883201122284
2,688,4689,4.993899347027764e-05,1.1942720413208008,0.0010582378599792719,0.08272859454154968
2,689,4690,4.993896800442599e-05,1.1944990158081055,0.0010567139834165573,0.08260869979858398
2,690,4691,4.993894253857434e-05,1.1945505142211914,0.0010573274921625853,0.08248914778232574
2,691,4692,4.993891707272269e-05,1.1943572759628296,0.0010582308750599623,0.08236993849277496
2,692,4693,4.993889160687104e-05,1.1939759254455566,0.0010585298296064138,0.08225108683109283
2,693,4694,4.993886614101939e-05,1.1934902667999268,0.00105795927811414,0.08213256299495697
2,694,4695,4.993883703718893e-05,1.1934856176376343,0.0010564986150711775,0.08201438933610916
2,695,4696,4.993881157133728e-05,1.193570613861084,0.0010567775461822748,0.08189655095338821
2,696,4697,4.993878610548563e-05,1.1935622692108154,0.0010561062954366207,0.08177904784679413
2,697,4698,4.993876063963398e-05,1.1933975219726562,0.0010547100100666285,0.0816618949174881
2,698,4699,4.9938735173782334e-05,1.1933037042617798,0.0010542642557993531,0.08154506981372833
2,699,4700,4.9938709707930684e-05,1.1935131549835205,0.0010548438876867294,0.08142857253551483
2,700,4701,4.9938684242079034e-05,1.193541169166565,0.0010563130490481853,0.08131241053342819
2,701,4702,4.993865513824858e-05,1.1934096813201904,0.001056915381923318,0.08119657635688782
2,702,4703,4.993862967239693e-05,1.1935210227966309,0.0010558073408901691,0.08179231733083725
2,703,4704,4.993860420654528e-05,1.1933908462524414,0.0010550159495323896,0.08167614042758942
2,704,4705,4.993857874069363e-05,1.193140983581543,0.0010548203717917204,0.08156028389930725
2,705,4706,4.993855327484198e-05,1.192755937576294,0.0010544855613261461,0.08144475519657135
2,706,4707,4.993852780899033e-05,1.1923253536224365,0.0010543534299358726,0.08132956176996231
2,707,4708,4.993850234313868e-05,1.1918540000915527,0.0010548215359449387,0.08121468871831894
2,708,4709,4.993847323930822e-05,1.191810131072998,0.0010543768294155598,0.08110014349222183
2,709,4710,4.9938447773456573e-05,1.1918387413024902,0.0010529756546020508,0.0809859186410904
2,710,4711,4.9938422307604924e-05,1.191737413406372,0.0010537776397541165,0.08087201416492462
2,711,4712,4.993839320377447e-05,1.1919704675674438,0.0010523069649934769,0.08075842261314392
2,712,4713,4.9938371375901625e-05,1.1922204494476318,0.0010508369887247682,0.08134642243385315
2,713,4714,4.993834227207117e-05,1.191910982131958,0.0010499542113393545,0.08123249560594559
2,714,4715,4.9938320444198325e-05,1.191819429397583,0.001050113933160901,0.0811188817024231
2,715,4716,4.993829134036787e-05,1.1920270919799805,0.001049642451107502,0.08100558817386627
2,716,4717,4.993826587451622e-05,1.1922218799591064,0.0010490762069821358,0.08089260756969452
2,717,4718,4.993824040866457e-05,1.1919114589691162,0.001048048958182335,0.08077993988990784
2,718,4719,4.993821130483411e-05,1.19163179397583,0.001048773294314742,0.08066760003566742
2,719,4720,4.993818583898246e-05,1.1917574405670166,0.001047327066771686,0.08055555820465088
2,720,4721,4.993816037313081e-05,1.1912728548049927,0.001046726480126381,0.08044382929801941
2,721,4722,4.9938134907279164e-05,1.1909098625183105,0.0010460922494530678,0.08033241331577301
2,722,4723,4.9938109441427514e-05,1.190686821937561,0.0010465397499501705,0.08022130280733109
2,723,4724,4.993808033759706e-05,1.190953254699707,0.0010450942208990455,0.08149170875549316
2,724,4725,4.993805487174541e-05,1.1904879808425903,0.0010446136584505439,0.08137930929660797
2,725,4726,4.993802940589376e-05,1.190588116645813,0.0010439138859510422,0.0819559246301651
2,726,4727,4.99380003020633e-05,1.1904656887054443,0.0010458780452609062,0.08184319734573364
2,727,4728,4.993797483621165e-05,1.1903339624404907,0.001045007142238319,0.08173076808452606
2,728,4729,4.9937945732381195e-05,1.1900590658187866,0.0010443716309964657,0.08161865174770355
2,729,4730,4.993792390450835e-05,1.189626693725586,0.0010440980549901724,0.08150684833526611
2,730,4731,4.99378984386567e-05,1.1899601221084595,0.001044495846144855,0.08139535039663315
2,731,4732,4.993787297280505e-05,1.1897025108337402,0.001044797245413065,0.08128415048122406
2,732,4733,4.99378475069534e-05,1.1899611949920654,0.0010450631380081177,0.08117325603961945
2,733,4734,4.993781840312295e-05,1.189889907836914,0.001045251963660121,0.0810626745223999
2,734,4735,4.99377929372713e-05,1.190471887588501,0.0010449988767504692,0.08163265883922577
2,735,4736,4.993776383344084e-05,1.1902470588684082,0.001045245910063386,0.08152174204587936
2,736,4737,4.993773836758919e-05,1.1899616718292236,0.0010447343811392784,0.08141112327575684
2,737,4738,4.993771290173754e-05,1.1898953914642334,0.0010437315795570612,0.08197832107543945
2,738,4739,4.993768743588589e-05,1.1897797584533691,0.001043239375576377,0.08186738938093185
2,739,4740,4.993766197003424e-05,1.189960241317749,0.0010436256416141987,0.08175675570964813
2,740,4741,4.9937632866203785e-05,1.1895167827606201,0.0010428724344819784,0.08164642751216888
2,741,4742,4.993761103833094e-05,1.1890647411346436,0.0010427390225231647,0.08153638988733292
2,742,4743,4.9937581934500486e-05,1.1890127658843994,0.0010425017680972815,0.08142665028572083
2,743,4744,4.9937556468648836e-05,1.1890662908554077,0.001041156705468893,0.08198924362659454
2,744,4745,4.9937531002797186e-05,1.189032793045044,0.0010398546000942588,0.08187919855117798
2,745,4746,4.993750189896673e-05,1.1888281106948853,0.0010402546031400561,0.0817694365978241
2,746,4747,4.993747643311508e-05,1.1891931295394897,0.0010402699699625373,0.08232931792736053
2,747,4748,4.993745096726343e-05,1.189117670059204,0.001040345523506403,0.08221925050020218
2,748,4749,4.9937421863432974e-05,1.189072847366333,0.0010399119928479195,0.0821094810962677
2,749,4750,4.993740003556013e-05,1.1889424324035645,0.0010410461109131575,0.0820000022649765
2,750,4751,4.9937370931729674e-05,1.1891984939575195,0.0010402442421764135,0.08189081400632858
2,751,4752,4.9937345465878025e-05,1.1893539428710938,0.0010414058342576027,0.08178190886974335
2,752,4753,4.9937320000026375e-05,1.1895887851715088,0.0010400294559076428,0.08233731985092163
2,753,4754,4.9937294534174725e-05,1.189467430114746,0.0010398124577477574,0.08222811669111252
2,754,4755,4.9937269068323076e-05,1.1892956495285034,0.0010400689207017422,0.08211921155452728
2,755,4756,4.993723996449262e-05,1.1891160011291504,0.0010403648484498262,0.08201058208942413
2,756,4757,4.993721449864097e-05,1.1890616416931152,0.0010399208404123783,0.08190225064754486
2,757,4758,4.993718903278932e-05,1.1892211437225342,0.001039694296196103,0.08179420232772827
2,758,4759,4.993715992895886e-05,1.1891239881515503,0.0010398789308965206,0.08168642967939377
2,759,4760,4.993713446310721e-05,1.1893738508224487,0.0010395054705440998,0.08157894760370255
2,760,4761,4.993710535927676e-05,1.1891238689422607,0.0010390833485871553,0.08147174119949341
2,761,4762,4.9937083531403914e-05,1.18918776512146,0.0010395690333098173,0.08136482536792755
2,762,4763,4.993705442757346e-05,1.1891950368881226,0.0010391982505097985,0.08125819265842438
2,763,4764,4.993702896172181e-05,1.1891109943389893,0.00103938695974648,0.08115182816982269
2,764,4765,4.9937007133848965e-05,1.1892762184143066,0.0010397854493930936,0.08104575425386429
2,765,4766,4.993697803001851e-05,1.1893644332885742,0.0010396384168416262,0.08093994855880737
2,766,4767,4.993695256416686e-05,1.1892805099487305,0.0010403790511190891,0.08083441853523254
2,767,4768,4.99369234603364e-05,1.1891069412231445,0.001039599534124136,0.0807291716337204
2,768,4769,4.993689799448475e-05,1.189272165298462,0.0010382600594311953,0.08062418550252914
2,769,4770,4.99368725286331e-05,1.1892503499984741,0.0010397906880825758,0.08051948249340057
2,770,4771,4.9936843424802646e-05,1.1893565654754639,0.001039452152326703,0.0804150402545929
2,771,4772,4.9936817958950996e-05,1.189368486404419,0.0010381783358752728,0.0803108811378479
2,772,4773,4.993679249309935e-05,1.1892075538635254,0.0010378684382885695,0.0802069902420044
2,773,4774,4.993676338926889e-05,1.1893751621246338,0.0010374013800173998,0.08010336011648178
2,774,4775,4.993673792341724e-05,1.1893967390060425,0.0010373768163844943,0.07999999821186066
2,775,4776,4.993671245756559e-05,1.1893811225891113,0.0010377734433859587,0.07989690452814102
2,776,4777,4.993668699171394e-05,1.1893689632415771,0.001036499859765172,0.07979407906532288
2,777,4778,4.993666152586229e-05,1.189056634902954,0.0010372204706072807,0.07969151437282562
2,778,4779,4.9936632422031835e-05,1.188723087310791,0.0010365594644099474,0.07958921790122986
2,779,4780,4.9936606956180185e-05,1.1883703470230103,0.0010364034678786993,0.07948718219995499
2,780,4781,4.993657785234973e-05,1.1881458759307861,0.001036010100506246,0.07938539981842041
2,781,4782,4.993655238649808e-05,1.1883065700531006,0.001034696470014751,0.07928388565778732
2,782,4783,4.993652692064643e-05,1.188231110572815,0.0010352407116442919,0.07918262481689453
2,783,4784,4.993649781681597e-05,1.1884517669677734,0.001035971799865365,0.07908163219690323
2,784,4785,4.993647235096432e-05,1.1884181499481201,0.0010360092855989933,0.07898089289665222
2,785,4786,4.993644688511267e-05,1.1885788440704346,0.0010364508489146829,0.07888040691614151
2,786,4787,4.9936417781282216e-05,1.1886831521987915,0.001036550384014845,0.0787801742553711
2,787,4788,4.993639231543057e-05,1.1888148784637451,0.0010360872838646173,0.07868020236492157
2,788,4789,4.993636321160011e-05,1.1886874437332153,0.0010348537471145391,0.07858048379421234
2,789,4790,4.993633774574846e-05,1.1888551712036133,0.0010390980169177055,0.07848101109266281
2,790,4791,4.993631227989681e-05,1.1886723041534424,0.0010381557513028383,0.07838179171085358
2,791,4792,4.9936283176066354e-05,1.1887495517730713,0.0010385479545220733,0.07828283309936523
2,792,4793,4.9936257710214704e-05,1.1885437965393066,0.0010380095336586237,0.078184112906456
2,793,4794,4.9936232244363055e-05,1.1882452964782715,0.001037350157275796,0.07808564603328705
2,794,4795,4.99362031405326e-05,1.188025951385498,0.001037958194501698,0.0779874175786972
2,795,4796,4.9936181312659755e-05,1.1879749298095703,0.0010380115127190948,0.07788944244384766
2,796,4797,4.99361522088293e-05,1.187748908996582,0.0010383340995758772,0.0777917206287384
2,797,4798,4.993612674297765e-05,1.1878083944320679,0.0010380749590694904,0.07769423723220825
2,798,4799,4.9936101277126e-05,1.1876506805419922,0.00103843049146235,0.0775969922542572
2,799,4800,4.993607217329554e-05,1.187766671180725,0.001038833288475871,0.07750000059604645
2,800,4801,4.993604670744389e-05,1.1879184246063232,0.001038851565681398,0.0774032473564148
2,801,4802,4.993602124159224e-05,1.1878533363342285,0.001039652619510889,0.07730673253536224
2,802,4803,4.9935995775740594e-05,1.1881287097930908,0.0010402377229183912,0.0772104561328888
2,803,4804,4.993596667191014e-05,1.1882505416870117,0.0010396933648735285,0.07711442559957504
2,804,4805,4.993594120605849e-05,1.1880302429199219,0.0010394422570243478,0.0770186334848404
2,805,4806,4.993591574020684e-05,1.188120722770691,0.0010389863746240735,0.07692307233810425
2,806,4807,4.993588663637638e-05,1.1881797313690186,0.0010394180426374078,0.0768277570605278
2,807,4808,4.993586117052473e-05,1.1879280805587769,0.001038909424096346,0.07673267275094986
2,808,4809,4.993583570467308e-05,1.188044548034668,0.0010388779919594526,0.07663781940937042
2,809,4810,4.9935806600842625e-05,1.1879699230194092,0.0010388296796008945,0.07654321193695068
2,810,4811,4.9935781134990975e-05,1.187854528427124,0.0010388398077338934,0.07644882798194885
2,811,4812,4.9935755669139326e-05,1.1881003379821777,0.0010395627468824387,0.07635468244552612
2,812,4813,4.993572656530887e-05,1.1886378526687622,0.001040277536958456,0.0762607604265213
2,813,4814,4.993570109945722e-05,1.1888803243637085,0.0010411054827272892,0.07616707682609558
2,814,4815,4.993567199562676e-05,1.1889150142669678,0.0010404393542557955,0.07668711245059967
2,815,4816,4.993564652977511e-05,1.1888339519500732,0.001039428636431694,0.07659313827753067
2,816,4817,4.993562106392346e-05,1.1887362003326416,0.0010406742803752422,0.07649938762187958
2,817,4818,4.9935591960093006e-05,1.1889965534210205,0.0010401932522654533,0.07640586793422699
2,818,4819,4.993556649424136e-05,1.1887246370315552,0.0010401355102658272,0.0763125792145729
2,819,4820,4.993554102838971e-05,1.1885356903076172,0.001039078924804926,0.07621951401233673
2,820,4821,4.993551192455925e-05,1.1887168884277344,0.001038912683725357,0.07612667232751846
2,821,4822,4.99354864587076e-05,1.1888177394866943,0.0010412005940452218,0.0760340616106987
2,822,4823,4.9935457354877144e-05,1.1891981363296509,0.001042940653860569,0.07594168186187744
2,823,4824,4.9935431889025494e-05,1.1897809505462646,0.0010430440306663513,0.07645630836486816
2,824,4825,4.9935406423173845e-05,1.1895776987075806,0.0010422606719657779,0.07636363804340363
2,825,4826,4.993537731934339e-05,1.189558744430542,0.001042329939082265,0.076271191239357
2,826,4827,4.993535185349174e-05,1.1897368431091309,0.0010439300676807761,0.07617896050214767
2,827,4828,4.993532638764009e-05,1.1898266077041626,0.0010446186643093824,0.07608695328235626
2,828,4829,4.993529728380963e-05,1.1897666454315186,0.0010435681324452162,0.07599517703056335
2,829,4830,4.993527181795798e-05,1.1899280548095703,0.0010439464822411537,0.07590360939502716
2,830,4831,4.9935242714127526e-05,1.1896958351135254,0.00104386149905622,0.07581227272748947
2,831,4832,4.9935217248275876e-05,1.1896450519561768,0.0010439293691888452,0.07572115212678909
2,832,4833,4.9935191782424226e-05,1.1897296905517578,0.0010452480055391788,0.07563024759292603
2,833,4834,4.993516267859377e-05,1.1898672580718994,0.0010460130870342255,0.07553956657648087
2,834,4835,4.993513721274212e-05,1.189655065536499,0.0010462561622262,0.07544910162687302
2,835,4836,4.993511174689047e-05,1.1896941661834717,0.0010483597870916128,0.07535885274410248
2,836,4837,4.9935082643060014e-05,1.189727783203125,0.0010485133389011025,0.07526881992816925
2,837,4838,4.9935057177208364e-05,1.1898596286773682,0.0010482141515240073,0.07577565312385559
2,838,4839,4.993502807337791e-05,1.1897720098495483,0.0010476706083863974,0.07568533718585968
2,839,4840,4.993500260752626e-05,1.1901476383209229,0.0010488331317901611,0.07559524476528168
2,840,4841,4.993497714167461e-05,1.190029501914978,0.0010502830846235156,0.0755053460597992
2,841,4842,4.993494803784415e-05,1.1897659301757812,0.0010510075371712446,0.07541567832231522
2,842,4843,4.99349225719925e-05,1.1895902156829834,0.001050981692969799,0.07532621920108795
2,843,4844,4.993489710614085e-05,1.189598560333252,0.001049794489517808,0.0752369612455368
2,844,4845,4.9934868002310395e-05,1.1893852949142456,0.001049404963850975,0.07514792680740356
2,845,4846,4.9934842536458746e-05,1.1890196800231934,0.0010490012355148792,0.07505910098552704
2,846,4847,4.993481343262829e-05,1.1893541812896729,0.0010491363937035203,0.07497048377990723
2,847,4848,4.993478796677664e-05,1.1891446113586426,0.0010492597939446568,0.07488207519054413
2,848,4849,4.993476250092499e-05,1.1891956329345703,0.0010499024065211415,0.07479387521743774
2,849,4850,4.993473339709453e-05,1.189176321029663,0.001050387741997838,0.07470588386058807
2,850,4851,4.993470793124288e-05,1.1888681650161743,0.0010520792566239834,0.07461810111999512
2,851,4852,4.9934682465391234e-05,1.1885175704956055,0.0010522229131311178,0.07453051209449768
2,852,4853,4.993465336156078e-05,1.1884469985961914,0.0010514946188777685,0.07444314658641815
2,853,4854,4.993462789570913e-05,1.18821382522583,0.001051594503223896,0.07435597479343414
2,854,4855,4.993459879187867e-05,1.1879820823669434,0.0010507798288017511,0.07426901161670685
2,855,4856,4.993457332602702e-05,1.1882742643356323,0.0010517402552068233,0.07418224215507507
2,856,4857,4.993454786017537e-05,1.1879427433013916,0.0010512648150324821,0.07409568130970001
2,857,4858,4.9934518756344914e-05,1.187910795211792,0.001051650382578373,0.07400932908058167
2,858,4859,4.9934493290493265e-05,1.1879208087921143,0.0010519305942580104,0.07392316311597824
2,859,4860,4.9934467824641615e-05,1.1878485679626465,0.001051759347319603,0.07383720576763153
2,860,4861,4.993443872081116e-05,1.1880428791046143,0.0010537614580243826,0.07375144958496094
2,861,4862,4.993441325495951e-05,1.188046932220459,0.0010543880052864552,0.07424593716859818
2,862,4863,4.993438415112905e-05,1.1879870891571045,0.001054460764862597,0.0741599053144455
2,863,4864,4.99343586852774e-05,1.187981367111206,0.001054491032846272,0.07407407462596893
2,864,4865,4.993433321942575e-05,1.1878414154052734,0.001054974040016532,0.07398843765258789
2,865,4866,4.9934304115595296e-05,1.1876733303070068,0.0010539155919104815,0.07390300929546356
2,866,4867,4.9934278649743646e-05,1.187368631362915,0.0010552674066275358,0.07381775975227356
2,867,4868,4.9934253183892e-05,1.187275767326355,0.001055106520652771,0.07373271882534027
2,868,4869,4.993422408006154e-05,1.1871957778930664,0.0010574725456535816,0.0736478716135025
2,869,4870,4.993419861420989e-05,1.1872532367706299,0.001056361710652709,0.07356321811676025
2,870,4871,4.9934169510379434e-05,1.1874887943267822,0.001056905253790319,0.07347875833511353
2,871,4872,4.993414040654898e-05,1.1874275207519531,0.0010570092126727104,0.07339449226856232
2,872,4873,4.993411494069733e-05,1.1872003078460693,0.0010562608949840069,0.07331041991710663
2,873,4874,4.993408947484568e-05,1.187143087387085,0.0010551533196121454,0.07322654128074646
2,874,4875,4.993406037101522e-05,1.187030553817749,0.0010542722884565592,0.07314285635948181
2,875,4876,4.993403490516357e-05,1.1869637966156006,0.001056978479027748,0.07305936515331268
2,876,4877,4.9934005801333115e-05,1.1871107816696167,0.0010591265745460987,0.07297605276107788
2,877,4878,4.993397669750266e-05,1.1871623992919922,0.0010599475353956223,0.0728929340839386
2,878,4879,4.993395123165101e-05,1.187513828277588,0.0010598564986139536,0.07281000912189484
2,879,4880,4.993392576579936e-05,1.1873478889465332,0.00105943507514894,0.0727272778749466
2,880,4881,4.99338966619689e-05,1.1872971057891846,0.0010592145845293999,0.07264472544193268
2,881,4882,4.993387119611725e-05,1.187603235244751,0.0010598311200737953,0.07256235927343369
2,882,4883,4.9933842092286795e-05,1.1876842975616455,0.0010605545248836279,0.07248017936944962
2,883,4884,4.9933816626435146e-05,1.1876696348190308,0.0010606057476252317,0.07239819318056107
2,884,4885,4.9933791160583496e-05,1.187656283378601,0.001060652662999928,0.07231637835502625
2,885,4886,4.993376205675304e-05,1.1880197525024414,0.0010621079709380865,0.07223476469516754
2,886,4887,4.993373659090139e-05,1.1880834102630615,0.0010609545279294252,0.07215332984924316
2,887,4888,4.993371112504974e-05,1.1884582042694092,0.0010634582722559571,0.07207207381725311
2,888,4889,4.993368202121928e-05,1.188483476638794,0.001063714036718011,0.07199099659919739
2,889,4890,4.9933656555367634e-05,1.1883883476257324,0.0010658479295670986,0.07191011309623718
2,890,4891,4.993362745153718e-05,1.1885991096496582,0.001066751079633832,0.0718294084072113
2,891,4892,4.993360198568553e-05,1.1883844137191772,0.001065866556018591,0.07174888253211975
2,892,4893,4.993357651983388e-05,1.1883530616760254,0.0010685015004128218,0.07166853547096252
2,893,4894,4.993354741600342e-05,1.188188076019287,0.0010681437561288476,0.07158836722373962
2,894,4895,4.993352195015177e-05,1.1880619525909424,0.0010684647131711245,0.07150837779045105
2,895,4896,4.993349648430012e-05,1.1882392168045044,0.0010672782082110643,0.0714285671710968
2,896,4897,4.993346374249086e-05,1.1881277561187744,0.0010674138320609927,0.07134893536567688
2,897,4898,4.993343827663921e-05,1.1882050037384033,0.0010687247850000858,0.07126948982477188
2,898,4899,4.993341281078756e-05,1.188234806060791,0.0010677565587684512,0.07174637913703918
2,899,4900,4.99333837069571e-05,1.1881645917892456,0.0010684491135179996,0.0716666653752327
2,900,4901,4.993335824110545e-05,1.1884582042694092,0.0010700563434511423,0.07158713042736053
2,901,4902,4.9933329137274995e-05,1.1889331340789795,0.0010706488974392414,0.0715077668428421
2,902,4903,4.9933303671423346e-05,1.1887147426605225,0.0010702888248488307,0.0714285671710968
2,903,4904,4.9933278205571696e-05,1.1885769367218018,0.0010725853499025106,0.07134956121444702
2,904,4905,4.993324910174124e-05,1.1885838508605957,0.0010715858079493046,0.07182320952415466
2,905,4906,4.993322363588959e-05,1.1888773441314697,0.0010728524066507816,0.0717439278960228
2,906,4907,4.993319817003794e-05,1.1886906623840332,0.0010719047859311104,0.07166482508182526
2,907,4908,4.9933165428228676e-05,1.1887094974517822,0.0010709043126553297,0.07213656604290009
2,908,4909,4.993313996237703e-05,1.188986897468567,0.0010718751000240445,0.07205720245838165
2,909,4910,4.993311449652538e-05,1.189028263092041,0.001070736674591899,0.07197802513837814
2,910,4911,4.993308539269492e-05,1.1887753009796143,0.0010702908039093018,0.07189901173114777
2,911,4912,4.9933056288864464e-05,1.188849687576294,0.001070334343239665,0.07182017713785172
2,912,4913,4.9933030823012814e-05,1.1889022588729858,0.0010693480726331472,0.07228915393352509
2,913,4914,4.993300171918236e-05,1.1890835762023926,0.0010689657647162676,0.07221006602048874
2,914,4915,4.993297625333071e-05,1.189249038696289,0.0010694259544834495,0.07213114947080612
2,915,4916,4.993295078747906e-05,1.1893521547317505,0.0010711152572184801,0.07205240428447723
2,916,4917,4.99329216836486e-05,1.1893901824951172,0.0010711969807744026,0.07197383046150208
2,917,4918,4.993289621779695e-05,1.1891059875488281,0.0010724914027377963,0.07189542800188065
2,918,4919,4.99328707519453e-05,1.1892623901367188,0.0010739947902038693,0.07181718945503235
2,919,4920,4.993283801013604e-05,1.1891764402389526,0.0010739973513409495,0.07173913717269897
2,920,4921,4.993281254428439e-05,1.1889021396636963,0.0010733215603977442,0.07166123390197754
2,921,4922,4.993278707843274e-05,1.1887714862823486,0.001072410261258483,0.07158351689577103
2,922,4923,4.9932754336623475e-05,1.188561201095581,0.0010719799902290106,0.07150595635175705
2,923,4924,4.9932728870771825e-05,1.1884161233901978,0.0010709220077842474,0.0714285671710968
2,924,4925,4.9932703404920176e-05,1.1881318092346191,0.001070952508598566,0.07135134935379028
2,925,4926,4.993267430108972e-05,1.1881153583526611,0.001071011763997376,0.07181425392627716
2,926,4927,4.993264883523807e-05,1.188171625137329,0.001071724109351635,0.07173678278923035
2,927,4928,4.993262336938642e-05,1.1879832744598389,0.0010709484340623021,0.07165948301553726
2,928,4929,4.993259426555596e-05,1.1876704692840576,0.0010707047767937183,0.07158234715461731
2,929,4930,4.993256879970431e-05,1.187786340713501,0.0010698707774281502,0.07204301655292511
2,930,4931,4.9932539695873857e-05,1.187426209449768,0.0010696403915062547,0.07196562737226486
2,931,4932,4.99325105920434e-05,1.1871896982192993,0.0010692914947867393,0.07188841700553894
2,932,4933,4.993248512619175e-05,1.187087059020996,0.0010685252491384745,0.07181136310100555
2,933,4934,4.9932456022361293e-05,1.1871470212936401,0.00106886588037014,0.0717344731092453
2,934,4935,4.993242691853084e-05,1.1867847442626953,0.0010693781077861786,0.07165775448083878
2,935,4936,4.993240145267919e-05,1.1869417428970337,0.001070065307430923,0.07158119976520538
2,936,4937,4.993237598682754e-05,1.1869839429855347,0.0010690167546272278,0.07150480151176453
2,937,4938,4.993234688299708e-05,1.1870638132095337,0.0010688519105315208,0.07196161895990372
2,938,4939,4.993232141714543e-05,1.1869243383407593,0.0010691304923966527,0.07188498228788376
2,939,4940,4.9932292313314974e-05,1.1866989135742188,0.0010685818269848824,0.07180850952863693
2,940,4941,4.993226320948452e-05,1.1867363452911377,0.0010678560938686132,0.07173220068216324
2,941,4942,4.993223774363287e-05,1.1869823932647705,0.0010682633146643639,0.07165604829788208
2,942,4943,4.993220863980241e-05,1.1873270273208618,0.0010691278148442507,0.07158006727695465
2,943,4944,4.9932179535971954e-05,1.187028169631958,0.0010690042981877923,0.07150423526763916
2,944,4945,4.9932154070120305e-05,1.1868994235992432,0.0010688219917938113,0.0714285671710968
2,945,4946,4.9932128604268655e-05,1.1871281862258911,0.0010690238559618592,0.07135306298732758
2,946,4947,4.99320995004382e-05,1.1871843338012695,0.001069036079570651,0.07127772271633148
2,947,4948,4.993207403458655e-05,1.1871380805969238,0.0010698896367102861,0.07120253145694733
2,948,4949,4.993204493075609e-05,1.1869800090789795,0.0010706904577091336,0.0711275041103363
2,949,4950,4.993201946490444e-05,1.186683177947998,0.00107072782702744,0.07105262577533722
2,950,4951,4.993199399905279e-05,1.186542272567749,0.0010708572808653116,0.07097791880369186
2,951,4952,4.993196125724353e-05,1.1863024234771729,0.0010711331851780415,0.07090336084365845
2,952,4953,4.993193579139188e-05,1.1863420009613037,0.001071372302249074,0.07082895934581757
2,953,4954,4.993191032554023e-05,1.1864559650421143,0.0010717216646298766,0.07075472176074982
2,954,4955,4.993188122170977e-05,1.186474084854126,0.0010722322622314095,0.070680633187294
2,955,4956,4.993185575585812e-05,1.1863538026809692,0.0010720700956881046,0.07060669362545013
2,956,4957,4.9931830290006474e-05,1.1861398220062256,0.0010714707896113396,0.0705329179763794
2,957,4958,4.993179754819721e-05,1.1859402656555176,0.0010711592622101307,0.0704592913389206
2,958,4959,4.993177208234556e-05,1.1858596801757812,0.001071520266123116,0.07038581371307373
2,959,4960,4.9931742978515103e-05,1.185863733291626,0.0010704423766583204,0.07083333283662796
2,960,4961,4.993171387468465e-05,1.1859683990478516,0.001070055877789855,0.07075962424278259
2,961,4962,4.9931688408833e-05,1.185811161994934,0.0010699501726776361,0.07068607211112976
2,962,4963,4.993166294298135e-05,1.18597412109375,0.0010698037222027779,0.07061266899108887
2,963,4964,4.993163383915089e-05,1.1861375570297241,0.0010710586793720722,0.07053942233324051
2,964,4965,4.993160837329924e-05,1.1860945224761963,0.001071652164682746,0.07046632468700409
2,965,4966,4.9931579269468784e-05,1.185760498046875,0.0010718479752540588,0.07039336860179901
2,966,4967,4.993155016563833e-05,1.1858932971954346,0.001071788603439927,0.07032057642936707
2,967,4968,4.993152106180787e-05,1.1856918334960938,0.0010718293488025665,0.07024793326854706
2,968,4969,4.993149559595622e-05,1.1858341693878174,0.0010719464626163244,0.07017543911933899
2,969,4970,4.9931466492125764e-05,1.185896873474121,0.0010719759156927466,0.07010309398174286
2,970,4971,4.9931441026274115e-05,1.1857554912567139,0.001072652405127883,0.07003089785575867
2,971,4972,4.9931415560422465e-05,1.1854910850524902,0.0010726129403337836,0.06995885074138641
2,972,4973,4.993138645659201e-05,1.18550443649292,0.001073210034519434,0.0698869526386261
2,973,4974,4.993135735276155e-05,1.185218334197998,0.001073622377589345,0.06981519609689713
2,974,4975,4.9931328248931095e-05,1.185121774673462,0.0010738002602010965,0.06974358856678009
2,975,4976,4.9931302783079445e-05,1.1851913928985596,0.0010735208634287119,0.069672130048275
2,976,4977,4.993127367924899e-05,1.1849024295806885,0.0010743583552539349,0.06960082054138184
2,977,4978,4.993124821339734e-05,1.1848578453063965,0.0010737406555563211,0.07004089653491974
2,978,4979,4.993122274754569e-05,1.1848485469818115,0.001073953928425908,0.06996935606002808
2,979,4980,4.9931190005736426e-05,1.1846107244491577,0.0010732784867286682,0.06989795714616776
2,980,4981,4.9931164539884776e-05,1.1847648620605469,0.001074833795428276,0.06982670724391937
2,981,4982,4.993113543605432e-05,1.1849961280822754,0.0010753952665254474,0.06975559890270233
2,982,4983,4.993110633222386e-05,1.1851089000701904,0.0010762996971607208,0.06968463957309723
2,983,4984,4.993108086637221e-05,1.1849365234375,0.0010768203064799309,0.06961382180452347
2,984,4985,4.993105540052056e-05,1.1849684715270996,0.0010757723357528448,0.06954314559698105
2,985,4986,4.9931026296690106e-05,1.1850947141647339,0.001075041713193059,0.0699797123670578
2,986,4987,4.993100083083846e-05,1.1850154399871826,0.0010757308918982744,0.06990881264209747
2,987,4988,4.9930971727008e-05,1.1849220991134644,0.0010754158720374107,0.06983806192874908
2,988,4989,4.993094262317754e-05,1.184973955154419,0.0010764668695628643,0.06976744532585144
2,989,4990,4.9930917157325894e-05,1.1847813129425049,0.0010756395058706403,0.06969697028398514
2,990,4991,4.9930891691474244e-05,1.1847832202911377,0.001075537409633398,0.07013118267059326
2,991,4992,4.993086258764379e-05,1.1849169731140137,0.0010754913091659546,0.07006048411130905
2,992,4993,4.993083348381333e-05,1.1848218441009521,0.001074511674232781,0.06998993456363678
2,993,4994,4.9930804379982874e-05,1.1845704317092896,0.0010745193576440215,0.06991951167583466
2,994,4995,4.993077527615242e-05,1.1843681335449219,0.0010742839658632874,0.06984924525022507
2,995,4996,4.993074981030077e-05,1.184108853340149,0.0010747842025011778,0.06977911293506622
2,996,4997,4.993072434444912e-05,1.1840003728866577,0.0010754368267953396,0.06970912218093872
2,997,4998,4.993069524061866e-05,1.1839368343353271,0.0010753644164651632,0.06963928043842316
2,998,4999,4.9930666136788204e-05,1.1844618320465088,0.0010769970249384642,0.06956957280635834
2,999,5000,4.993063703295775e-05,1.1846543550491333,0.001077880384400487,0.06949999928474426
2,1000,5001,4.99306115671061e-05,1.1846585273742676,0.0010770916705951095,0.0699300765991211
2,1001,5002,4.993058246327564e-05,1.1843125820159912,0.0010770026128739119,0.06986027956008911
2,1002,5003,4.993055699742399e-05,1.1841771602630615,0.0010782468598335981,0.06979063153266907
2,1003,5004,4.9930527893593535e-05,1.184206247329712,0.0010791633976623416,0.06972111761569977
2,1004,5005,4.993049878976308e-05,1.184273362159729,0.001080137211829424,0.06965173780918121
2,1005,5006,4.993046968593262e-05,1.1840846538543701,0.0010824445635080338,0.0695825070142746
2,1006,5007,4.993044422008097e-05,1.183807611465454,0.0010831779800355434,0.06951341032981873
2,1007,5008,4.9930415116250515e-05,1.1838295459747314,0.0010821790201589465,0.0694444477558136
2,1008,5009,4.9930389650398865e-05,1.1841819286346436,0.0010840226896107197,0.06937561929225922
2,1009,5010,4.993036054656841e-05,1.183966875076294,0.001083836192265153,0.06930692493915558
2,1010,5011,4.993033144273795e-05,1.184016466140747,0.0010828734375536442,0.06973293423652649
2,1011,5012,4.9930302338907495e-05,1.1840440034866333,0.0010818622540682554,0.07015810161828995
2,1012,5013,4.9930276873055845e-05,1.1839710474014282,0.0010844840435311198,0.07008884847164154
2,1013,5014,4.993024776922539e-05,1.1836738586425781,0.001084593590348959,0.07001972198486328
2,1014,5015,4.993022230337374e-05,1.1835711002349854,0.00108366459608078,0.06995073705911636
2,1015,5016,4.993019683752209e-05,1.1836519241333008,0.001084144925698638,0.06988188624382019
2,1016,5017,4.993016773369163e-05,1.183321237564087,0.0010839554015547037,0.06981317698955536
2,1017,5018,4.9930138629861176e-05,1.1832549571990967,0.0010853302665054798,0.06974459439516068
2,1018,5019,4.9930113164009526e-05,1.1829555034637451,0.0010848778765648603,0.06967615336179733
2,1019,5020,4.993008406017907e-05,1.183016300201416,0.001083990791812539,0.07009804248809814
2,1020,5021,4.993005495634861e-05,1.1829943656921387,0.0010840095346793532,0.0705191045999527
2,1021,5022,4.993002949049696e-05,1.1828241348266602,0.0010833790292963386,0.07045009732246399
2,1022,5023,4.9930000386666507e-05,1.1829521656036377,0.0010839009191840887,0.07038123160600662
2,1023,5024,4.992997128283605e-05,1.1829596757888794,0.00108514039311558,0.0703125
2,1024,5025,4.99299458169844e-05,1.1829791069030762,0.00108616566285491,0.07024390250444412
2,1025,5026,4.9929916713153943e-05,1.1826796531677246,0.0010862117633223534,0.07017543911933899
2,1026,5027,4.992988760932349e-05,1.1827547550201416,0.0010869421530514956,0.070107102394104
2,1027,5028,4.992985850549303e-05,1.1826496124267578,0.0010866348166018724,0.07003890722990036
2,1028,5029,4.992983303964138e-05,1.1824376583099365,0.0010895936284214258,0.06997084617614746
2,1029,5030,4.9929803935810924e-05,1.1821784973144531,0.001089164288714528,0.06990291178226471
2,1030,5031,4.992977483198047e-05,1.1818872690200806,0.001090332167223096,0.0698351114988327
2,1031,5032,4.992974936612882e-05,1.181933879852295,0.0010933170560747385,0.06976744532585144
2,1032,5033,4.992972026229836e-05,1.1821300983428955,0.0010934254387393594,0.07018393278121948
2,1033,5034,4.9929691158467904e-05,1.1819674968719482,0.0010941533837467432,0.0701160579919815
2,1034,5035,4.9929665692616254e-05,1.1822912693023682,0.0010941431391984224,0.07053139805793762
2,1035,5036,4.99296365887858e-05,1.1823934316635132,0.0010967252310365438,0.07046332210302353
2,1036,5037,4.992960748495534e-05,1.1822717189788818,0.0010978617938235402,0.07039536535739899
2,1037,5038,4.9929578381124884e-05,1.1822237968444824,0.0010979082435369492,0.07032755017280579
2,1038,5039,4.9929552915273234e-05,1.1823971271514893,0.0010990749578922987,0.07025986909866333
2,1039,5040,4.992952381144278e-05,1.1822991371154785,0.0010990663431584835,0.07019230723381042
2,1040,5041,4.992949834559113e-05,1.1822776794433594,0.0011001364327967167,0.07012487947940826
2,1041,5042,4.992946924176067e-05,1.182133436203003,0.001101067871786654,0.07005758583545685
2,1042,5043,4.9929440137930214e-05,1.1821346282958984,0.0011004193220287561,0.07046979665756226
2,1043,5044,4.9929414672078565e-05,1.1820623874664307,0.001101035624742508,0.07040229439735413
2,1044,5045,4.9929389206226915e-05,1.1817772388458252,0.0011018887162208557,0.07033492624759674
2,1045,5046,4.992936010239646e-05,1.1819672584533691,0.0011025475105270743,0.0702676922082901
2,1046,5047,4.9929327360587195e-05,1.181865930557251,0.0011033696355298162,0.07020057737827301
2,1047,5048,4.9929301894735545e-05,1.1817069053649902,0.001103016547858715,0.07013358920812607
2,1048,5049,4.9929276428883895e-05,1.1817114353179932,0.0011037634685635567,0.07006672769784927
2,1049,5050,4.992924368707463e-05,1.1816091537475586,0.001105200033634901,0.07000000029802322
2,1050,5051,4.992921822122298e-05,1.1815778017044067,0.0011082938872277737,0.06993339955806732
2,1051,5052,4.9929189117392525e-05,1.1816189289093018,0.0011088656028732657,0.06986691802740097
2,1052,5053,4.992916001356207e-05,1.1816434860229492,0.0011111150961369276,0.06980057060718536
2,1053,5054,4.992913454771042e-05,1.1815252304077148,0.0011113828513771296,0.0697343498468399
2,1054,5055,4.992910544387996e-05,1.1813256740570068,0.0011120829731225967,0.069668248295784
2,1055,5056,4.9929076340049505e-05,1.1810885667800903,0.0011128551559522748,0.06960226595401764
2,1056,5057,4.992904723621905e-05,1.1812125444412231,0.0011118215043097734,0.06953641772270203
2,1057,5058,4.99290217703674e-05,1.1811504364013672,0.0011143980082124472,0.06947070360183716
2,1058,5059,4.992899266653694e-05,1.1811273097991943,0.0011146912584081292,0.06940509378910065
2,1059,5060,4.9928963562706485e-05,1.1810349225997925,0.0011164180468767881,0.06933961808681488
2,1060,5061,4.992893445887603e-05,1.1809983253479004,0.001118914457038045,0.06927426904439926
2,1061,5062,4.992890899302438e-05,1.1808803081512451,0.0011179931461811066,0.0692090392112732
2,1062,5063,4.992887988919392e-05,1.1809251308441162,0.001119727734476328,0.06914393603801727
2,1063,5064,4.992885442334227e-05,1.1811606884002686,0.001120452769100666,0.0690789520740509
2,1064,5065,4.9928825319511816e-05,1.1810836791992188,0.0011195538099855185,0.06901408731937408
2,1065,5066,4.992879621568136e-05,1.180812954902649,0.0011213429970666766,0.06894934177398682
2,1066,5067,4.992877074982971e-05,1.1809396743774414,0.0011221868917346,0.0688847228884697
2,1067,5068,4.992874164599925e-05,1.1807801723480225,0.0011253322008997202,0.06882022321224213
2,1068,5069,4.9928712542168796e-05,1.1808288097381592,0.0011248050723224878,0.0687558501958847
2,1069,5070,4.992868343833834e-05,1.180936336517334,0.0011261753970757127,0.06869158893823624
2,1070,5071,4.992865797248669e-05,1.1809520721435547,0.0011252507101744413,0.06862745434045792
2,1071,5072,4.992862886865623e-05,1.1812093257904053,0.001126432209275663,0.06856343150138855
2,1072,5073,4.9928599764825776e-05,1.1811109781265259,0.001127603929489851,0.06849953532218933
2,1073,5074,4.992857066099532e-05,1.180798888206482,0.0011280132457613945,0.06843575835227966
2,1074,5075,4.992854519514367e-05,1.1805824041366577,0.0011284261709079146,0.06837209314107895
2,1075,5076,4.992851609131321e-05,1.1804300546646118,0.0011278067249804735,0.06830854713916779
2,1076,5077,4.992848334950395e-05,1.1805620193481445,0.0011307662352919579,0.06824512779712677
2,1077,5078,4.99284578836523e-05,1.1804795265197754,0.001134669641032815,0.06818182021379471
2,1078,5079,4.992843241780065e-05,1.1805272102355957,0.0011364263482391834,0.0681186318397522
2,1079,5080,4.992840331397019e-05,1.1804141998291016,0.001135881058871746,0.06805555522441864
2,1080,5081,4.992837057216093e-05,1.1804929971694946,0.0011348632397130132,0.06799259781837463
2,1081,5082,4.992834510630928e-05,1.1804735660552979,0.0011365143582224846,0.06792975962162018
2,1082,5083,4.992831964045763e-05,1.180503249168396,0.0011356519535183907,0.06786703318357468
2,1083,5084,4.9928290536627173e-05,1.1805481910705566,0.0011362545192241669,0.06780442595481873
2,1084,5085,4.992826143279672e-05,1.180614948272705,0.0011380937648937106,0.06774193048477173
2,1085,5086,4.992823596694507e-05,1.180750846862793,0.0011386740952730179,0.06767955422401428
2,1086,5087,4.992820686311461e-05,1.1806654930114746,0.0011435251217335463,0.06761729717254639
2,1087,5088,4.9928177759284154e-05,1.1808199882507324,0.0011444252450019121,0.06755514442920685
2,1088,5089,4.99281486554537e-05,1.18070650100708,0.0011461067479103804,0.06749311089515686
2,1089,5090,4.992812318960205e-05,1.180534839630127,0.001146349124610424,0.06743119657039642
2,1090,5091,4.992809408577159e-05,1.180588960647583,0.0011495539220049977,0.06736938655376434
2,1091,5092,4.9928064981941134e-05,1.1805036067962646,0.0011515775695443153,0.06730769574642181
2,1092,5093,4.992803587811068e-05,1.180389404296875,0.0011508644092828035,0.06724610924720764
2,1093,5094,4.992800677428022e-05,1.1806068420410156,0.001152089680545032,0.06718464195728302
2,1094,5095,4.992798130842857e-05,1.1806265115737915,0.0011543710716068745,0.06712329387664795
2,1095,5096,4.992794856661931e-05,1.1804077625274658,0.0011544963344931602,0.06706204265356064
2,1096,5097,4.992792310076766e-05,1.1803046464920044,0.0011555638629943132,0.06700091063976288
2,1097,5098,4.99278939969372e-05,1.1804263591766357,0.0011563021689653397,0.06693989038467407
2,1098,5099,4.9927864893106744e-05,1.180172085762024,0.0011560984421521425,0.06687898188829422
2,1099,5100,4.992783578927629e-05,1.1800754070281982,0.001157384947873652,0.06681817770004272
2,1100,5101,4.992781032342464e-05,1.1801223754882812,0.0011565161403268576,0.06721162796020508
2,1101,5102,4.992778121959418e-05,1.179855465888977,0.0011570771457627416,0.06715063750743866
2,1102,5103,4.992775575374253e-05,1.1800187826156616,0.0011561353458091617,0.06754305958747864
2,1103,5104,4.9927726649912074e-05,1.1800384521484375,0.0011552280047908425,0.0674818828701973
2,1104,5105,4.992769754608162e-05,1.179891586303711,0.0011568942572921515,0.06742081791162491
2,1105,5106,4.992767208022997e-05,1.1796071529388428,0.0011575671378523111,0.06735984981060028
2,1106,5107,4.9927639338420704e-05,1.1797794103622437,0.0011590950889512897,0.0672990083694458
2,1107,5108,4.992761023459025e-05,1.1797983646392822,0.0011621552985161543,0.06723827123641968
2,1108,5109,4.99275847687386e-05,1.1799265146255493,0.0011626430787146091,0.06717763841152191
2,1109,5110,4.992755566490814e-05,1.1802406311035156,0.0011643306352198124,0.0671171173453331
2,1110,5111,4.9927526561077684e-05,1.180014967918396,0.0011637930292636156,0.06705670803785324
2,1111,5112,4.992749745724723e-05,1.1797666549682617,0.0011634391266852617,0.06699639558792114
2,1112,5113,4.992747199139558e-05,1.1795291900634766,0.0011636557755991817,0.06693620979785919
2,1113,5114,4.9927439249586314e-05,1.1795408725738525,0.001165132038295269,0.066876120865345
2,1114,5115,4.9927413783734664e-05,1.179776668548584,0.0011659152805805206,0.06681614369153976
2,1115,5116,4.992738467990421e-05,1.1796342134475708,0.0011662845499813557,0.06675627082586288
2,1116,5117,4.992735557607375e-05,1.1797575950622559,0.0011674368288367987,0.06669650971889496
2,1117,5118,4.9927326472243294e-05,1.179692029953003,0.0011695332359522581,0.06663685292005539
2,1118,5119,4.992729736841284e-05,1.1796231269836426,0.0011688756057992578,0.06657730042934418
2,1119,5120,4.992727190256119e-05,1.1795130968093872,0.0011726012453436852,0.06651785969734192
2,1120,5121,4.992724279873073e-05,1.1793091297149658,0.0011738445609807968,0.06645852327346802
2,1121,5122,4.9927213694900274e-05,1.1790471076965332,0.0011737458407878876,0.06639929115772247
2,1122,5123,4.9927188229048625e-05,1.1790813207626343,0.0011750494595617056,0.06634016335010529
2,1123,5124,4.992715912521817e-05,1.1789052486419678,0.001177624799311161,0.06628113985061646
2,1124,5125,4.992713002138771e-05,1.1788274049758911,0.0011785526294261217,0.06622222065925598
2,1125,5126,4.9927100917557254e-05,1.179029941558838,0.001180495135486126,0.06616340577602386
2,1126,5127,4.99270718137268e-05,1.179093599319458,0.0011824010871350765,0.0661047026515007
2,1127,5128,4.992704270989634e-05,1.1790564060211182,0.001185860950499773,0.0660461038351059
2,1128,5129,4.992701724404469e-05,1.178990125656128,0.0011884814593940973,0.06598760187625885
2,1129,5130,4.9926988140214235e-05,1.178849220275879,0.0011888950830325484,0.06592920422554016
2,1130,5131,4.992695539840497e-05,1.1786177158355713,0.0011897129006683826,0.06587091088294983
2,1131,5132,4.992692993255332e-05,1.1786928176879883,0.001190833281725645,0.06581272184848785
2,1132,5133,4.9926900828722864e-05,1.1786231994628906,0.001191815477795899,0.06575463712215424
2,1133,5134,4.992687172489241e-05,1.1790292263031006,0.0011942179407924414,0.06569664925336838
2,1134,5135,4.992684262106195e-05,1.1791694164276123,0.0011959897819906473,0.06563876569271088
2,1135,5136,4.99268171552103e-05,1.1790249347686768,0.0011957669630646706,0.06558097898960114
2,1136,5137,4.9926788051379845e-05,1.1790821552276611,0.0011976966634392738,0.06552331149578094
2,1137,5138,4.992675894754939e-05,1.1791050434112549,0.00120005221106112,0.06546573340892792
2,1138,5139,4.992673348169774e-05,1.1791352033615112,0.0012001799186691642,0.06540825963020325
2,1139,5140,4.992670437786728e-05,1.1792421340942383,0.0012009950587525964,0.06535087525844574
2,1140,5141,4.992667163605802e-05,1.17937433719635,0.0012014888925477862,0.06529360264539719
2,1141,5142,4.992664617020637e-05,1.179120421409607,0.0012015618849545717,0.06523642688989639
2,1142,5143,4.992661706637591e-05,1.1790525913238525,0.0012057162821292877,0.06517934799194336
2,1143,5144,4.9926587962545455e-05,1.1789098978042603,0.001209154026582837,0.06512238085269928
2,1144,5145,4.9926558858715e-05,1.1791348457336426,0.001210909802466631,0.06506550312042236
2,1145,5146,4.992653339286335e-05,1.1789116859436035,0.0012120241299271584,0.0650087296962738
2,1146,5147,4.9926500651054084e-05,1.178633689880371,0.0012131462572142482,0.06495204567909241
2,1147,5148,4.9926475185202435e-05,1.1784210205078125,0.0012139081954956055,0.06489547342061996
2,1148,5149,4.992644608137198e-05,1.1782643795013428,0.0012138173915445805,0.06483899056911469
2,1149,5150,4.9926413339562714e-05,1.1780400276184082,0.0012156327720731497,0.06478260457515717
2,1150,5151,4.9926387873711064e-05,1.1781649589538574,0.0012188112596049905,0.064726322889328
2,1151,5152,4.992635876988061e-05,1.177978754043579,0.0012252223677933216,0.0646701380610466
2,1152,5153,4.992633330402896e-05,1.177785873413086,0.0012256859336048365,0.06461405009031296
2,1153,5154,4.99263042001985e-05,1.1779136657714844,0.001226129475980997,0.06455805897712708
2,1154,5155,4.9926275096368045e-05,1.1779015064239502,0.0012290014419704676,0.06450216472148895
2,1155,5156,4.992624599253759e-05,1.1776716709136963,0.0012288247235119343,0.06444636732339859
2,1156,5157,4.992621688870713e-05,1.1777253150939941,0.00123170658480376,0.06439066678285599
2,1157,5158,4.992619142285548e-05,1.1776247024536133,0.0012331879697740078,0.06433506309986115
2,1158,5159,4.9926162319025025e-05,1.1776773929595947,0.0012349227908998728,0.06427954882383347
2,1159,5160,4.992612957721576e-05,1.1775014400482178,0.0012362031266093254,0.06422413885593414
2,1160,5161,4.992610411136411e-05,1.177539587020874,0.0012459061108529568,0.06416881829500198
2,1161,5162,4.9926075007533655e-05,1.177765130996704,0.0012499147560447454,0.06411360204219818
2,1162,5163,4.99260459037032e-05,1.1776955127716064,0.0012491048546507955,0.06405846774578094
2,1163,5164,4.992601679987274e-05,1.1774673461914062,0.0012493727263063192,0.06400343775749207
2,1164,5165,4.9925987696042284e-05,1.1772860288619995,0.0012499650474637747,0.06394849717617035
2,1165,5166,4.992595859221183e-05,1.1774091720581055,0.0012510499218478799,0.06389365345239639
2,1166,5167,4.992592948838137e-05,1.177272081375122,0.0012537000002339482,0.0638389065861702
2,1167,5168,4.992590402252972e-05,1.1773185729980469,0.0012551944237202406,0.06378424912691116
2,1168,5169,4.9925874918699265e-05,1.1771042346954346,0.0012552377302199602,0.06372968852519989
2,1169,5170,4.992584581486881e-05,1.1771371364593506,0.0012564545031636953,0.06367521733045578
2,1170,5171,4.9925813073059544e-05,1.1771632432937622,0.0012600993504747748,0.06362083554267883
2,1171,5172,4.9925787607207894e-05,1.1770106554031372,0.001261402852833271,0.06356655061244965
2,1172,5173,4.9925762141356245e-05,1.1767991781234741,0.001261603320017457,0.06351236253976822
2,1173,5174,4.992572939954698e-05,1.1767903566360474,0.0012642797082662582,0.06345826387405396
2,1174,5175,4.9925700295716524e-05,1.1767123937606812,0.0012652394361793995,0.06340425461530685
2,1175,5176,4.992567119188607e-05,1.1766777038574219,0.0012659673811867833,0.06335034221410751
2,1176,5177,4.992564208805561e-05,1.1767075061798096,0.0012671796139329672,0.06329651921987534
2,1177,5178,4.992561662220396e-05,1.1766084432601929,0.0012663935776799917,0.06324278563261032
2,1178,5179,4.99255838803947e-05,1.1765034198760986,0.0012657777406275272,0.06318914145231247
2,1179,5180,4.992555477656424e-05,1.1764194965362549,0.001265015103854239,0.06313559412956238
2,1180,5181,4.992552931071259e-05,1.1765975952148438,0.001269051805138588,0.06308212876319885
2,1181,5182,4.9925500206882134e-05,1.1763684749603271,0.001268928637728095,0.06302876770496368
2,1182,5183,4.992547110305168e-05,1.1762454509735107,0.001270499313250184,0.06297548115253448
2,1183,5184,4.992544563720003e-05,1.176114559173584,0.0012716983910650015,0.06292229890823364
2,1184,5185,4.992541653336957e-05,1.1762570142745972,0.001273870700970292,0.06286919862031937
2,1185,5186,4.9925387429539114e-05,1.176325798034668,0.001277534756809473,0.06281618773937225
2,1186,5187,4.992535832570866e-05,1.1764171123504639,0.0012819748371839523,0.0627632662653923
2,1187,5188,4.9925325583899394e-05,1.1762375831604004,0.0012835075613111258,0.06271043419837952
2,1188,5189,4.9925300118047744e-05,1.1762592792510986,0.0012851450592279434,0.06265769898891449
2,1189,5190,4.992527101421729e-05,1.1760761737823486,0.001285859034396708,0.06260504573583603
2,1190,5191,4.9925238272408023e-05,1.1761534214019775,0.0012861692812293768,0.06255248188972473
2,1191,5192,4.9925212806556374e-05,1.176055669784546,0.0012856274843215942,0.0625
2,1192,5193,4.992518370272592e-05,1.1759276390075684,0.0012893348466604948,0.06244760751724243
2,1193,5194,4.992515459889546e-05,1.1759440898895264,0.0012907801428809762,0.06239531189203262
2,1194,5195,4.9925125495065004e-05,1.175890564918518,0.00129453104455024,0.06234309822320938
2,1195,5196,4.9925100029213354e-05,1.1758689880371094,0.0012946261558681726,0.062290970236063004
2,1196,5197,4.99250709253829e-05,1.1757844686508179,0.0012957018334418535,0.06223893165588379
2,1197,5198,4.992504182155244e-05,1.1756901741027832,0.0012950501404702663,0.06218697875738144
2,1198,5199,4.992500907974318e-05,1.175586223602295,0.0012973342090845108,0.062135111540555954
2,1199,5200,4.992498361389153e-05,1.1754353046417236,0.0012967158108949661,0.06208333373069763
2,1200,5201,4.992495451006107e-05,1.1755523681640625,0.001301888725720346,0.062031641602516174
2,1201,5202,4.9924925406230614e-05,1.1758456230163574,0.0013034781441092491,0.06239600479602814
2,1202,5203,4.992489630240016e-05,1.175670862197876,0.0013033838476985693,0.06234413757920265
2,1203,5204,4.99248671985697e-05,1.17561674118042,0.0013044674415141344,0.06229235976934433
2,1204,5205,4.9924838094739243e-05,1.1755683422088623,0.0013065813109278679,0.06224066764116287
2,1205,5206,4.992480899090879e-05,1.1755506992340088,0.0013140353839844465,0.06218905746936798
2,1206,5207,4.992477624909952e-05,1.1755571365356445,0.0013186424039304256,0.062137532979249954
2,1207,5208,4.992475078324787e-05,1.1755337715148926,0.0013210061006247997,0.062086090445518494
2,1208,5209,4.9924725317396224e-05,1.1755790710449219,0.0013240871485322714,0.062034741044044495
2,1209,5210,4.992469257558696e-05,1.1755242347717285,0.0013264714507386088,0.06198347359895706
2,1210,5211,4.992466710973531e-05,1.1754028797149658,0.0013289009220898151,0.061932288110256195
2,1211,5212,4.9924634367926046e-05,1.1752865314483643,0.001328308368101716,0.06188119202852249
2,1212,5213,4.9924608902074397e-05,1.1754320859909058,0.0013316695112735033,0.061830174177885056
2,1213,5214,4.992457979824394e-05,1.17534601688385,0.0013341079466044903,0.061779238283634186
2,1214,5215,4.9924547056434676e-05,1.1752161979675293,0.0013344564940780401,0.06172839552164078
2,1215,5216,4.9924521590583026e-05,1.1751775741577148,0.0013360980665311217,0.061677634716033936
2,1216,5217,4.992448884877376e-05,1.175106167793274,0.0013390564126893878,0.06162695214152336
2,1217,5218,4.992446338292211e-05,1.1749475002288818,0.00133861368522048,0.06157635524868965
2,1218,5219,4.992443064111285e-05,1.174694538116455,0.0013390958774834871,0.06152584031224251
2,1219,5220,4.992440153728239e-05,1.1745507717132568,0.0013400042662397027,0.06147540733218193
2,1220,5221,4.992437607143074e-05,1.174654245376587,0.0013423369964584708,0.06142506003379822
2,1221,5222,4.9924346967600286e-05,1.1746846437454224,0.0013464395888149738,0.06137479469180107
2,1222,5223,4.992431786376983e-05,1.174472689628601,0.0013471712591126561,0.06132461130619049
2,1223,5224,4.992428875993937e-05,1.1744487285614014,0.001350798993371427,0.061274513602256775
2,1224,5225,4.9924259656108916e-05,1.1743824481964111,0.001349967671558261,0.06122449040412903
2,1225,5226,4.992423055227846e-05,1.174314022064209,0.0013517760671675205,0.061174552887678146
2,1226,5227,4.9924197810469195e-05,1.1742372512817383,0.0013537805061787367,0.06112469360232353
2,1227,5228,4.9924172344617546e-05,1.1740760803222656,0.0013571612071245909,0.06107491999864578
2,1228,5229,4.992414324078709e-05,1.1739423274993896,0.001361169619485736,0.0610252246260643
2,1229,5230,4.992411413695663e-05,1.1738920211791992,0.0013627572916448116,0.060975611209869385
2,1230,5231,4.9924085033126175e-05,1.1739293336868286,0.001363551476970315,0.06092607602477074
2,1231,5232,4.992405229131691e-05,1.1739904880523682,0.0013667483581230044,0.060876622796058655
2,1232,5233,4.992402682546526e-05,1.173829197883606,0.0013681445270776749,0.06082724779844284
2,1233,5234,4.992400135961361e-05,1.1738120317459106,0.0013676484813913703,0.06077795848250389
2,1234,5235,4.992396861780435e-05,1.1739463806152344,0.0013722230214625597,0.06072874367237091
2,1235,5236,4.99239431519527e-05,1.1740655899047852,0.001377736683934927,0.060679614543914795
2,1236,5237,4.9923910410143435e-05,1.1740496158599854,0.0013769761426374316,0.06063055992126465
2,1237,5238,4.9923884944291785e-05,1.17416512966156,0.0013762341113761067,0.06058157980442047
2,1238,5239,4.992385220248252e-05,1.174086570739746,0.0013769216602668166,0.06053268909454346
2,1239,5240,4.9923823098652065e-05,1.1741588115692139,0.001376079162582755,0.06088709831237793
2,1240,5241,4.9923797632800415e-05,1.1739654541015625,0.0013776400592178106,0.060838036239147186
2,1241,5242,4.992376489099115e-05,1.1737444400787354,0.001377696986310184,0.06078904867172241
2,1242,5243,4.9923735787160695e-05,1.1738770008087158,0.0013793122489005327,0.060740143060684204
2,1243,5244,4.992370304535143e-05,1.174006700515747,0.0013842957559973001,0.06069131940603256
2,1244,5245,4.992367757949978e-05,1.1739283800125122,0.0013864627107977867,0.06064257025718689
2,1245,5246,4.992365211364813e-05,1.1739442348480225,0.001389792887493968,0.06059390306472778
2,1246,5247,4.9923623009817675e-05,1.1740552186965942,0.0013976874761283398,0.060545310378074646
2,1247,5248,4.992359390598722e-05,1.1738165616989136,0.0013985871337354183,0.06049679219722748
2,1248,5249,4.9923561164177954e-05,1.1737403869628906,0.0014007624704390764,0.060448359698057175
2,1249,5250,4.9923535698326305e-05,1.1735644340515137,0.0014012811006978154,0.06039999797940254
2,1250,5251,4.992350659449585e-05,1.1733667850494385,0.00140128075145185,0.060351721942424774
2,1251,5252,4.9923473852686584e-05,1.1733511686325073,0.001400674576871097,0.06030351668596268
2,1252,5253,4.992344474885613e-05,1.1733641624450684,0.0014014783082529902,0.06025538593530655
2,1253,5254,4.992341564502567e-05,1.1732312440872192,0.0014016327913850546,0.06020733714103699
2,1254,5255,4.992339017917402e-05,1.1731500625610352,0.0014032302424311638,0.060159362852573395
2,1255,5256,4.992335743736476e-05,1.1730780601501465,0.0014037864748388529,0.06011146679520607
2,1256,5257,4.99233283335343e-05,1.1730787754058838,0.0014027701690793037,0.060063645243644714
2,1257,5258,4.9923299229703844e-05,1.1732587814331055,0.0014076696243137121,0.06001589819788933
2,1258,5259,4.9923273763852194e-05,1.17319655418396,0.001410369062796235,0.05996823310852051
2,1259,5260,4.992324466002174e-05,1.173153042793274,0.0014143121661618352,0.05992063879966736
2,1260,5261,4.9923211918212473e-05,1.1729224920272827,0.0014149551279842854,0.05987311899662018
2,1261,5262,4.9923186452360824e-05,1.1728057861328125,0.0014172147493809462,0.05982567369937897
2,1262,5263,4.992315371055156e-05,1.1729018688201904,0.0014182627201080322,0.059778306633234024
2,1263,5264,4.992312824469991e-05,1.1729087829589844,0.0014206781052052975,0.05973101407289505
2,1264,5265,4.9923095502890646e-05,1.1727956533432007,0.001420474611222744,0.05968379229307175
2,1265,5266,4.992306639906019e-05,1.1726237535476685,0.0014223058242350817,0.05963665246963501
2,1266,5267,4.992303729522973e-05,1.1724913120269775,0.001424634363502264,0.059589579701423645
2,1267,5268,4.9923008191399276e-05,1.172385811805725,0.0014253293629735708,0.059542588889598846
2,1268,5269,4.992297908756882e-05,1.1723414659500122,0.0014243696350604296,0.05949566513299942
2,1269,5270,4.992294998373836e-05,1.1721951961517334,0.0014242548495531082,0.05944881960749626
2,1270,5271,4.992292451788671e-05,1.172142744064331,0.0014282128540799022,0.05940204858779907
2,1271,5272,4.992289177607745e-05,1.1720333099365234,0.0014310607220977545,0.059355348348617554
2,1272,5273,4.992286267224699e-05,1.1722055673599243,0.0014347005635499954,0.059308722615242004
2,1273,5274,4.992282993043773e-05,1.1722087860107422,0.0014378807973116636,0.059262167662382126
2,1274,5275,4.992280446458608e-05,1.1723744869232178,0.001440185122191906,0.05921568721532822
2,1275,5276,4.9922771722776815e-05,1.1724269390106201,0.0014430384617298841,0.05916927754878998
2,1276,5277,4.9922746256925166e-05,1.1723458766937256,0.0014436214696615934,0.05912294238805771
2,1277,5278,4.992271715309471e-05,1.1723369359970093,0.001444692024961114,0.05907668173313141
2,1278,5279,4.9922684411285445e-05,1.1723263263702393,0.0014465529238805175,0.05903049185872078
2,1279,5280,4.9922658945433795e-05,1.172293782234192,0.0014498538803309202,0.05898437649011612
2,1280,5281,4.992262984160334e-05,1.1722216606140137,0.001452307216823101,0.05893833190202713
2,1281,5282,4.992260073777288e-05,1.1721851825714111,0.0014590087812393904,0.05889235436916351
2,1282,5283,4.992256799596362e-05,1.1722084283828735,0.0014633940299972892,0.058846455067396164
2,1283,5284,4.992254253011197e-05,1.17225182056427,0.0014661718159914017,0.05880062282085419
2,1284,5285,4.9922509788302705e-05,1.1720528602600098,0.0014678617008030415,0.05875486508011818
2,1285,5286,4.9922484322451055e-05,1.1721233129501343,0.001466964720748365,0.05909797549247742
2,1286,5287,4.992245158064179e-05,1.1720688343048096,0.001466058543883264,0.059052057564258575
2,1287,5288,4.9922422476811334e-05,1.172182321548462,0.0014703474007546902,0.059006210416555405
2,1288,5289,4.992239337298088e-05,1.1720335483551025,0.0014766204403713346,0.058960434049367905
2,1289,5290,4.992236426915042e-05,1.172006607055664,0.0014758416218683124,0.058914728462696075
2,1290,5291,4.9922335165319964e-05,1.171903133392334,0.0014772310387343168,0.05886909365653992
2,1291,5292,4.992230606148951e-05,1.171739935874939,0.001478717545978725,0.05882352963089943
2,1292,5293,4.992227695765905e-05,1.1717395782470703,0.0014806065009906888,0.05877803638577461
2,1293,5294,4.9922247853828594e-05,1.171850323677063,0.0014796247705817223,0.05911900848150253
2,1294,5295,4.992221874999814e-05,1.171895980834961,0.0014858539216220379,0.05907335877418518
2,1295,5296,4.992218964616768e-05,1.1719639301300049,0.0014878201764076948,0.0590277761220932
2,1296,5297,4.992215690435842e-05,1.1720218658447266,0.0014937864616513252,0.05898226797580719
2,1297,5298,4.992212780052796e-05,1.1719074249267578,0.0014943145215511322,0.05893682688474655
2,1298,5299,4.992210233467631e-05,1.1719586849212646,0.0014956457307562232,0.058891452848911285
2,1299,5300,4.9922069592867047e-05,1.1720858812332153,0.0014984681038185954,0.05884615331888199
2,1300,5301,4.992204048903659e-05,1.1720468997955322,0.0015022649895399809,0.058800920844078064
2,1301,5302,4.992201138520613e-05,1.1720082759857178,0.0015056106494739652,0.05875575914978981
2,1302,5303,4.9921985919354483e-05,1.1720983982086182,0.0015091428067535162,0.05871066451072693
2,1303,5304,4.992195317754522e-05,1.1722782850265503,0.0015103585319593549,0.05866564065217972
2,1304,5305,4.992192407371476e-05,1.1722254753112793,0.0015110662207007408,0.05862069129943848
2,1305,5306,4.99218913319055e-05,1.1721768379211426,0.001511590089648962,0.05857580155134201
2,1306,5307,4.992186586605385e-05,1.1721810102462769,0.0015136199072003365,0.058530986309051514
2,1307,5308,4.9921833124244586e-05,1.1721429824829102,0.0015175319276750088,0.05848623812198639
2,1308,5309,4.9921807658392936e-05,1.172107219696045,0.001519293524324894,0.05844155699014664
2,1309,5310,4.992177491658367e-05,1.1720542907714844,0.0015222190413624048,0.058396946638822556
2,1310,5311,4.9921745812753215e-05,1.1718077659606934,0.0015230346471071243,0.058352403342723846
2,1311,5312,4.992171670892276e-05,1.1717675924301147,0.0015225487295538187,0.05830792337656021
2,1312,5313,4.992169124307111e-05,1.1716163158416748,0.001522429520264268,0.058263517916202545
2,1313,5314,4.992166213924065e-05,1.1716816425323486,0.0015245059039443731,0.05821917951107025
2,1314,5315,4.992162939743139e-05,1.17189359664917,0.0015272420132532716,0.05817490816116333
2,1315,5316,4.992160029360093e-05,1.1719160079956055,0.0015302663668990135,0.058130696415901184
2,1316,5317,4.9921571189770475e-05,1.1719889640808105,0.0015354654751718044,0.05808655917644501
2,1317,5318,4.992154208594002e-05,1.171754240989685,0.0015369141474366188,0.0580424889922142
2,1318,5319,4.992151298210956e-05,1.1716389656066895,0.0015369367320090532,0.05799848213791847
2,1319,5320,4.99214802403003e-05,1.1717164516448975,0.0015372165944427252,0.057954542338848114
2,1320,5321,4.992145113646984e-05,1.1714973449707031,0.0015375105431303382,0.057910673320293427
2,1321,5322,4.992142567061819e-05,1.1716012954711914,0.0015412145294249058,0.05786687135696411
2,1322,5323,4.9921396566787735e-05,1.1715503931045532,0.001545334467664361,0.05782312899827957
2,1323,5324,4.992136382497847e-05,1.1713708639144897,0.001551033928990364,0.057779453694820404
2,1324,5325,4.9921334721148014e-05,1.1712007522583008,0.0015531191602349281,0.05773584917187691
2,1325,5326,4.992130561731756e-05,1.1710894107818604,0.0015573123237118125,0.057692307978868484
2,1326,5327,4.99212765134871e-05,1.1710102558135986,0.0015573720447719097,0.057648830115795135
2,1327,5328,4.9921247409656644e-05,1.1709034442901611,0.001557722338475287,0.05760542303323746
2,1328,5329,4.992121466784738e-05,1.1708810329437256,0.0015595240984112024,0.057562075555324554
2,1329,5330,4.9921181926038116e-05,1.1708614826202393,0.0015607356326654553,0.057518795132637024
2,1330,5331,4.9921156460186467e-05,1.1707712411880493,0.0015650258865207434,0.057475581765174866
2,1331,5332,4.992112735635601e-05,1.1706264019012451,0.0015663974918425083,0.05743243172764778
2,1332,5333,4.992109825252555e-05,1.1707282066345215,0.001567673054523766,0.05738934874534607
2,1333,5334,4.992106551071629e-05,1.1705923080444336,0.0015710634179413319,0.05734632536768913
2,1334,5335,4.992104004486464e-05,1.1706894636154175,0.0015721560921519995,0.05730336904525757
2,1335,5336,4.9921007303055376e-05,1.1705340147018433,0.0015727798454463482,0.057260479778051376
2,1336,5337,4.9920981837203726e-05,1.1705174446105957,0.001574549707584083,0.05721765011548996
2,1337,5338,4.992094909539446e-05,1.170370101928711,0.0015796071384102106,0.057174887508153915
2,1338,5339,4.9920919991564006e-05,1.1703362464904785,0.0015811558114364743,0.057132188230752945
2,1339,5340,4.992088724975474e-05,1.170224666595459,0.0015806667506694794,0.05708955228328705
2,1340,5341,4.992086178390309e-05,1.1702392101287842,0.001582702505402267,0.057046979665756226
2,1341,5342,4.9920832680072635e-05,1.1701579093933105,0.0015842021675780416,0.05700447037816048
2,1342,5343,4.992080357624218e-05,1.1700413227081299,0.0015885718166828156,0.0569620281457901
2,1343,5344,4.9920770834432915e-05,1.1701750755310059,0.0015948384534567595,0.0569196417927742
2,1344,5345,4.992074173060246e-05,1.1700351238250732,0.0015955485869199038,0.05687732249498367
2,1345,5346,4.9920712626772e-05,1.1698957681655884,0.0015969860833138227,0.05683506652712822
2,1346,5347,4.9920683522941545e-05,1.1698224544525146,0.0016017507296055555,0.05679287388920784
2,1347,5348,4.992065441911109e-05,1.169844150543213,0.0016035044100135565,0.056750744581222534
2,1348,5349,4.9920621677301824e-05,1.1698782444000244,0.0016044913791120052,0.056708671152591705
2,1349,5350,4.992059257347137e-05,1.169820785522461,0.0016038579633459449,0.05666666477918625
2,1350,5351,4.992056710761972e-05,1.169750452041626,0.0016052511055022478,0.056624721735715866
2,1351,5352,4.992053800378926e-05,1.1695826053619385,0.001606579520739615,0.05658283829689026
2,1352,5353,4.992050526198e-05,1.1697821617126465,0.0016090634744614363,0.056541018187999725
2,1353,5354,4.992047615814954e-05,1.1696645021438599,0.0016086489195004106,0.056499261409044266
2,1354,5355,4.9920443416340277e-05,1.1696745157241821,0.001611732179298997,0.05645756423473358
2,1355,5356,4.992041795048863e-05,1.169774055480957,0.0016156418714672327,0.05641593039035797
2,1356,5357,4.992038520867936e-05,1.169788122177124,0.0016172078903764486,0.056374356150627136
2,1357,5358,4.9920359742827713e-05,1.1698660850524902,0.0016160812228918076,0.05633284151554108
2,1358,5359,4.992032700101845e-05,1.1697583198547363,0.0016157948412001133,0.05629139393568039
2,1359,5360,4.992029789718799e-05,1.1698309183120728,0.0016148554859682918,0.05624999850988388
2,1360,5361,4.9920268793357536e-05,1.1698148250579834,0.0016150940209627151,0.056208670139312744
2,1361,5362,4.992023968952708e-05,1.1697895526885986,0.0016166162677109241,0.05616740137338638
2,1362,5363,4.992021058569662e-05,1.1700085401535034,0.0016177995130419731,0.0561261922121048
2,1363,5364,4.992017784388736e-05,1.1699073314666748,0.0016183082479983568,0.05608504265546799
2,1364,5365,4.99201487400569e-05,1.1696666479110718,0.001619463786482811,0.05604395642876625
2,1365,5366,4.992011599824764e-05,1.169438362121582,0.0016196940559893847,0.05600292980670929
2,1366,5367,4.992009053239599e-05,1.169242262840271,0.0016194286290556192,0.055961959064006805
2,1367,5368,4.9920057790586725e-05,1.1691491603851318,0.0016262229764834046,0.055921051651239395
2,1368,5369,4.992002868675627e-05,1.1689624786376953,0.0016264203004539013,0.05588020384311676
2,1369,5370,4.991999958292581e-05,1.169014811515808,0.0016316516557708383,0.0558394156396389
2,1370,5371,4.9919970479095355e-05,1.1689257621765137,0.001634965999983251,0.05579868704080582
2,1371,5372,4.99199413752649e-05,1.168724536895752,0.0016355147818103433,0.05575801804661751
2,1372,5373,4.991991227143444e-05,1.168487310409546,0.0016364962793886662,0.055717408657073975
2,1373,5374,4.991987952962518e-05,1.1684112548828125,0.0016393063124269247,0.05567685514688492
2,1374,5375,4.991985042579472e-05,1.1682860851287842,0.0016389107331633568,0.05563636124134064
2,1375,5376,4.9919821321964264e-05,1.1681512594223022,0.0016401702305302024,0.05559593066573143
2,1376,5377,4.9919788580155e-05,1.1682448387145996,0.0016419612802565098,0.0555555522441864
2,1377,5378,4.991976311430335e-05,1.1682144403457642,0.0016432141419500113,0.055515240877866745
2,1378,5379,4.991973037249409e-05,1.1681504249572754,0.0016452905256301165,0.05547498166561127
2,1379,5380,4.991970126866363e-05,1.1681156158447266,0.0016460870392620564,0.055434782058000565
2,1380,5381,4.991967216483317e-05,1.1680505275726318,0.0016487955581396818,0.05539464205503464
2,1381,5382,4.9919643061002716e-05,1.1678876876831055,0.0016522696241736412,0.05535455793142319
2,1382,5383,4.991961395717226e-05,1.1678783893585205,0.001653565326705575,0.05531453341245651
2,1383,5384,4.9919581215362996e-05,1.1677963733673096,0.0016567434649914503,0.05527456849813461
2,1384,5385,4.991955211153254e-05,1.1677448749542236,0.0016584579134359956,0.05523465573787689
2,1385,5386,4.9919519369723275e-05,1.1677436828613281,0.0016574725741520524,0.055194806307554245
2,1386,5387,4.9919493903871626e-05,1.1676299571990967,0.001659034052863717,0.055155009031295776
2,1387,5388,4.991946480004117e-05,1.167427659034729,0.0016591112362220883,0.05511527508497238
2,1388,5389,4.991943569621071e-05,1.1675693988800049,0.0016640417743474245,0.055075593292713165
2,1389,5390,4.991940295440145e-05,1.167498230934143,0.0016630853060632944,0.055035971105098724
2,1390,5391,4.9919370212592185e-05,1.16770339012146,0.0016663797432556748,0.05499640852212906
2,1391,5392,4.9919344746740535e-05,1.167704463005066,0.0016654122155159712,0.05495689809322357
2,1392,5393,4.991931200493127e-05,1.1675164699554443,0.0016651828773319721,0.05491744354367256
2,1393,5394,4.991928653907962e-05,1.167546033859253,0.00167200923897326,0.05487804859876633
2,1394,5395,4.991925379727036e-05,1.1674323081970215,0.0016712923534214497,0.05483870953321457
2,1395,5396,4.99192246934399e-05,1.1673285961151123,0.0016730474308133125,0.05479943007230759
2,1396,5397,4.9919195589609444e-05,1.1672978401184082,0.0016741540748625994,0.05476020276546478
2,1397,5398,4.991916284780018e-05,1.167344331741333,0.0016760637518018484,0.05472102761268616
2,1398,5399,4.991913738194853e-05,1.167389154434204,0.001679334556683898,0.054681915789842606
2,1399,5400,4.991910464013927e-05,1.16749906539917,0.0016817145515233278,0.05464285612106323
2,1400,5401,4.991907189833e-05,1.167342185974121,0.0016809788066893816,0.054603852331638336
2,1401,5402,4.9919042794499546e-05,1.1674776077270508,0.0016798435244709253,0.05492154136300087
2,1402,5403,4.991901369066909e-05,1.1672478914260864,0.00168136996217072,0.054882392287254333
2,1403,5404,4.991898458683863e-05,1.1673122644424438,0.0016836774302646518,0.05484330654144287
2,1404,5405,4.9918955483008176e-05,1.1672110557556152,0.0016838869778439403,0.05480427294969559
2,1405,5406,4.991892637917772e-05,1.1669998168945312,0.0016837710281834006,0.05476529151201248
2,1406,5407,4.9918893637368456e-05,1.1668343544006348,0.0016842205077409744,0.05472636967897415
2,1407,5408,4.9918864533538e-05,1.1666334867477417,0.0016862743068486452,0.0546875
2,1408,5409,4.991883542970754e-05,1.1667588949203491,0.0016876556910574436,0.054648686200380325
2,1409,5410,4.991880268789828e-05,1.166662335395813,0.0016885845689103007,0.054609932005405426
2,1410,5411,4.991877722204663e-05,1.1665444374084473,0.0016901654889807105,0.05457122623920441
2,1411,5412,4.9918744480237365e-05,1.1664576530456543,0.0016903069335967302,0.05453258007764816
2,1412,5413,4.991871537640691e-05,1.166353464126587,0.0016907216049730778,0.0544939860701561
2,1413,5414,4.991868627257645e-05,1.1663167476654053,0.00169389508664608,0.05445544421672821
2,1414,5415,4.991865353076719e-05,1.1662625074386597,0.0016948652919381857,0.0544169619679451
2,1415,5416,4.991862806491554e-05,1.166235327720642,0.0016960286302492023,0.054378531873226166
2,1416,5417,4.9918595323106274e-05,1.1660881042480469,0.001695418730378151,0.05434015393257141
2,1417,5418,4.991856258129701e-05,1.1661133766174316,0.0016972669400274754,0.05430183559656143
2,1418,5419,4.9918533477466553e-05,1.1660006046295166,0.001698142383247614,0.05426356941461563
2,1419,5420,4.991850073565729e-05,1.16597580909729,0.0016996382037177682,0.05422535166144371
2,1420,5421,4.991847526980564e-05,1.1657862663269043,0.0016992422752082348,0.054187193512916565
2,1421,5422,4.991844616597518e-05,1.165738821029663,0.001702245557680726,0.0541490837931633
2,1422,5423,4.991841342416592e-05,1.1657695770263672,0.0017016155179589987,0.05411103367805481
2,1423,5424,4.991838432033546e-05,1.165576457977295,0.0017014672048389912,0.0540730357170105
2,1424,5425,4.99183515785262e-05,1.1655755043029785,0.001700395718216896,0.054035089910030365
2,1425,5426,4.991832611267455e-05,1.1655302047729492,0.0017027427675202489,0.05399719625711441
2,1426,5427,4.9918293370865285e-05,1.1653611660003662,0.0017027163412421942,0.053959354758262634
2,1427,5428,4.991826426703483e-05,1.1653752326965332,0.0017044920241460204,0.053921569138765335
2,1428,5429,4.9918231525225565e-05,1.165252447128296,0.0017066466389223933,0.053883835673332214
2,1429,5430,4.991820242139511e-05,1.1653051376342773,0.0017089378088712692,0.05384615436196327
2,1430,5431,4.991817695554346e-05,1.165442705154419,0.0017090840265154839,0.05380852520465851
2,1431,5432,4.9918144213734195e-05,1.1655433177947998,0.0017117231618613005,0.05377095192670822
2,1432,5433,4.991811510990374e-05,1.165426254272461,0.0017127585597336292,0.053733427077531815
2,1433,5434,4.9918082368094474e-05,1.1653835773468018,0.0017163782613351941,0.053695954382419586
2,1434,5435,4.991804962628521e-05,1.1656060218811035,0.0017167440382763743,0.053658537566661835
2,1435,5436,4.9918020522454754e-05,1.1657600402832031,0.0017175325192511082,0.05362117290496826
2,1436,5437,4.99179914186243e-05,1.165767788887024,0.0017198644345626235,0.05358385294675827
2,1437,5438,4.991796231479384e-05,1.165694236755371,0.0017209409270435572,0.053546592593193054
2,1438,5439,4.991793684894219e-05,1.1656501293182373,0.001721450942568481,0.05350938066840172
2,1439,5440,4.991790046915412e-05,1.165487289428711,0.0017234801780432463,0.05347222089767456
2,1440,5441,4.991787136532366e-05,1.1655380725860596,0.0017261861357837915,0.05343511700630188
2,1441,5442,4.9917842261493206e-05,1.1655762195587158,0.0017274736892431974,0.05339805781841278
2,1442,5443,4.991780951968394e-05,1.1656144857406616,0.0017283596098423004,0.05336105450987816
2,1443,5444,4.9917780415853485e-05,1.1655757427215576,0.0017319018952548504,0.053324099630117416
2,1444,5445,4.991775131202303e-05,1.1654953956604004,0.0017319672042503953,0.05328719690442085
2,1445,5446,4.991772220819257e-05,1.1653262376785278,0.0017318949103355408,0.05325034633278847
2,1446,5447,4.9917693104362115e-05,1.165207028388977,0.0017335423035547137,0.05321354418992996
2,1447,5448,4.991766036255285e-05,1.1651800870895386,0.0017355390591546893,0.053176797926425934
2,1448,5449,4.9917631258722395e-05,1.1651935577392578,0.0017380558419972658,0.05314009636640549
2,1449,5450,4.991760215489194e-05,1.165147066116333,0.0017398858908563852,0.05310344696044922
2,1450,5451,4.9917569413082674e-05,1.1650089025497437,0.001739852363243699,0.05306684970855713
2,1451,5452,4.991754030925222e-05,1.1649773120880127,0.001740889623761177,0.05303030461072922
2,1452,5453,4.9917507567442954e-05,1.1650152206420898,0.0017418828792870045,0.05299380421638489
2,1453,5454,4.99174784636125e-05,1.1649763584136963,0.0017430040752515197,0.052957359701395035
2,1454,5455,4.991744935978204e-05,1.1648187637329102,0.0017432660097256303,0.05292095988988876
2,1455,5456,4.991742025595158e-05,1.1647685766220093,0.0017423118697479367,0.05288461595773697
2,1456,5457,4.991738751414232e-05,1.1646288633346558,0.0017419473733752966,0.052848316729068756
2,1457,5458,4.991735841031186e-05,1.1645832061767578,0.001744137261994183,0.05281206965446472
2,1458,5459,4.99173256685026e-05,1.1645164489746094,0.0017463028198108077,0.052775874733924866
2,1459,5460,4.991729656467214e-05,1.164438009262085,0.0017482625553384423,0.05273972451686859
2,1460,5461,4.9917267460841686e-05,1.1645252704620361,0.0017492629121989012,0.052703626453876495
2,1461,5462,4.991723835701123e-05,1.1643803119659424,0.0017513716593384743,0.05266758054494858
2,1462,5463,4.991720925318077e-05,1.1643240451812744,0.0017507828306406736,0.05263157933950424
2,1463,5464,4.991717651137151e-05,1.1642439365386963,0.0017534748185425997,0.052595630288124084
2,1464,5465,4.9917143769562244e-05,1.1644129753112793,0.001755021745339036,0.052901022136211395
2,1465,5466,4.991711466573179e-05,1.1645073890686035,0.001757328282110393,0.05286493897438049
2,1466,5467,4.991708556190133e-05,1.1644034385681152,0.0017587966285645962,0.05282890051603317
2,1467,5468,4.991705282009207e-05,1.1643168926239014,0.0017616886179894209,0.05279291421175003
2,1468,5469,4.991702735424042e-05,1.1643288135528564,0.0017653866671025753,0.05275698006153107
2,1469,5470,4.9916994612431154e-05,1.1645094156265259,0.0017672749236226082,0.052721090614795685
2,1470,5471,4.991696187062189e-05,1.1644028425216675,0.0017667276551946998,0.052685245871543884
2,1471,5472,4.991693276679143e-05,1.164498209953308,0.001769348280504346,0.05264945328235626
2,1472,5473,4.9916903662960976e-05,1.1643972396850586,0.0017698472365736961,0.05261371284723282
2,1473,5474,4.991687092115171e-05,1.164412498474121,0.0017744814977049828,0.05257801711559296
2,1474,5475,4.991684545530006e-05,1.1642563343048096,0.00177491654176265,0.05254237353801727
2,1475,5476,4.99168127134908e-05,1.1641926765441895,0.0017758291214704514,0.05250677466392517
2,1476,5477,4.9916779971681535e-05,1.1641899347305298,0.0017771271523088217,0.05247122794389725
2,1477,5478,4.9916754505829886e-05,1.1640492677688599,0.0017773821018636227,0.052435725927352905
2,1478,5479,4.991672176402062e-05,1.1639783382415771,0.00178232928737998,0.052400268614292145
2,1479,5480,4.991668902221136e-05,1.1639909744262695,0.0017818487249314785,0.05270270258188248
2,1480,5481,4.991666355635971e-05,1.163878321647644,0.0017829572316259146,0.05266711860895157
2,1481,5482,4.9916630814550444e-05,1.163844108581543,0.0017842508386820555,0.05263157933950424
2,1482,5483,4.991659807274118e-05,1.1637979745864868,0.001784083666279912,0.052596088498830795
2,1483,5484,4.9916568968910724e-05,1.1637260913848877,0.0017831461736932397,0.05256064608693123
2,1484,5485,4.991653986508027e-05,1.1636497974395752,0.0017825636314228177,0.05252525210380554
2,1485,5486,4.9916507123271e-05,1.1634806394577026,0.0017821292858570814,0.052489906549453735
2,1486,5487,4.9916481657419354e-05,1.1633484363555908,0.0017825518734753132,0.05245460569858551
2,1487,5488,4.991644891561009e-05,1.1632914543151855,0.0017841936787590384,0.052419357001781464
2,1488,5489,4.9916416173800826e-05,1.1633951663970947,0.001787111395969987,0.0523841492831707
2,1489,5490,4.991638706997037e-05,1.163536548614502,0.001790349604561925,0.052348993718624115
2,1490,5491,4.9916354328161106e-05,1.1634478569030762,0.0017897635698318481,0.05231388658285141
2,1491,5492,4.991632522433065e-05,1.1634483337402344,0.0017886608839035034,0.05227882042527199
2,1492,5493,4.991629612050019e-05,1.1633901596069336,0.0017940725665539503,0.052243806421756744
2,1493,5494,4.9916267016669735e-05,1.1634695529937744,0.0017947438172996044,0.052208833396434784
2,1494,5495,4.991623427486047e-05,1.1637310981750488,0.0017992756329476833,0.052173912525177
2,1495,5496,4.9916205171030015e-05,1.1636862754821777,0.0018019306007772684,0.0521390363574028
2,1496,5497,4.991617242922075e-05,1.1636408567428589,0.0018029429484158754,0.05210420861840248
2,1497,5498,4.991613968741149e-05,1.163682222366333,0.0018043376039713621,0.05206942558288574
2,1498,5499,4.991611422155984e-05,1.1636567115783691,0.0018054749816656113,0.05203469097614288
2,1499,5500,4.991608511772938e-05,1.1637934446334839,0.00180628162343055,0.05233333259820938
2,1500,5501,4.991605237592012e-05,1.1638497114181519,0.001805243082344532,0.052298467606306076
2,1501,5502,4.991602327208966e-05,1.163646936416626,0.0018056367989629507,0.05226364731788635
2,1502,5503,4.9915990530280396e-05,1.163623332977295,0.0018062894232571125,0.05222887545824051
2,1503,5504,4.991595778847113e-05,1.1635756492614746,0.001807068008929491,0.05219414830207825
2,1504,5505,4.9915928684640676e-05,1.1634714603424072,0.0018065179465338588,0.052159469574689865
2,1505,5506,4.991589958081022e-05,1.1636515855789185,0.0018081190064549446,0.052124835550785065
2,1506,5507,4.991587047697976e-05,1.163464069366455,0.0018096966668963432,0.052090246230363846
2,1507,5508,4.99158377351705e-05,1.163442850112915,0.0018088358920067549,0.05205570161342621
2,1508,5509,4.991580863134004e-05,1.163290023803711,0.0018083157483488321,0.05202120542526245
2,1509,5510,4.991577588953078e-05,1.1633272171020508,0.0018106194911524653,0.051986753940582275
2,1510,5511,4.9915743147721514e-05,1.163260817527771,0.001812145346775651,0.05195234715938568
2,1511,5512,4.991571404389106e-05,1.163167953491211,0.0018115777056664228,0.05191798880696297
2,1512,5513,4.99156849400606e-05,1.16311776638031,0.0018107537180185318,0.051883675158023834
2,1513,5514,4.9915655836230144e-05,1.1631513833999634,0.001811874215491116,0.051849402487277985
2,1514,5515,4.991562673239969e-05,1.1631139516830444,0.0018144177738577127,0.051815181970596313
2,1515,5516,4.991559399059042e-05,1.1629092693328857,0.0018144564237445593,0.051781002432107925
2,1516,5517,4.991556124878116e-05,1.1627731323242188,0.0018149162642657757,0.05174686759710312
2,1517,5518,4.9915528506971896e-05,1.1628221273422241,0.001816329313442111,0.05171278119087219
2,1518,5519,4.9915503041120246e-05,1.162742018699646,0.0018166392110288143,0.05167873576283455
2,1519,5520,4.991547029931098e-05,1.1627845764160156,0.0018184585496783257,0.05164473503828049
2,1520,5521,4.9915441195480525e-05,1.1627976894378662,0.001819390570744872,0.051610782742500305
2,1521,5522,4.991541209165007e-05,1.1628754138946533,0.0018209988484159112,0.051576875150203705
2,1522,5523,4.9915379349840805e-05,1.1627652645111084,0.0018223845399916172,0.05154300853610039
2,1523,5524,4.991534660803154e-05,1.1627271175384521,0.0018233245937153697,0.05150918662548065
2,1524,5525,4.9915317504201084e-05,1.1626687049865723,0.0018252269364893436,0.0514754094183445
2,1525,5526,4.991528840037063e-05,1.1626733541488647,0.0018267498817294836,0.051441676914691925
2,1526,5527,4.9915255658561364e-05,1.1626996994018555,0.0018294292967766523,0.051407989114522934
2,1527,5528,4.991522655473091e-05,1.1625562906265259,0.0018288673600181937,0.051374346017837524
2,1528,5529,4.991519745090045e-05,1.1625893115997314,0.0018278631614521146,0.0513407438993454
2,1529,5530,4.9915164709091187e-05,1.1626334190368652,0.0018269526772201061,0.05130719020962715
2,1530,5531,4.991513196728192e-05,1.1626107692718506,0.0018273410387337208,0.05127367377281189
2,1531,5532,4.9915102863451466e-05,1.1624354124069214,0.00182819995097816,0.05124020576477051
2,1532,5533,4.991507375962101e-05,1.1623187065124512,0.0018292439635843039,0.05120678246021271
2,1533,5534,4.9915041017811745e-05,1.1623409986495972,0.001828836975619197,0.05117340385913849
2,1534,5535,4.991501191398129e-05,1.1623082160949707,0.0018331247847527266,0.051140062510967255
2,1535,5536,4.991498281015083e-05,1.162278175354004,0.0018329729791730642,0.0511067733168602
2,1536,5537,4.991495006834157e-05,1.1622943878173828,0.0018348764861002564,0.05107352137565613
2,1537,5538,4.9914917326532304e-05,1.1622393131256104,0.001833922928199172,0.05104031413793564
2,1538,5539,4.991488458472304e-05,1.1622040271759033,0.0018363858107477427,0.05100714787840843
2,1539,5540,4.9914855480892584e-05,1.1622669696807861,0.0018394207581877708,0.05097402632236481
2,1540,5541,4.991482637706213e-05,1.1622447967529297,0.001841350574977696,0.050940945744514465
2,1541,5542,4.991479727323167e-05,1.1621103286743164,0.001844762358814478,0.050907909870147705
2,1542,5543,4.9914768169401214e-05,1.162165880203247,0.0018470257055014372,0.050874918699264526
2,1543,5544,4.991473906557076e-05,1.1622368097305298,0.0018479793798178434,0.05084196850657463
2,1544,5545,4.9914702685782686e-05,1.16204833984375,0.001850069034844637,0.05080906301736832
2,1545,5546,4.991466994397342e-05,1.1619600057601929,0.0018515968695282936,0.050776198506355286
2,1546,5547,4.9914640840142965e-05,1.1619445085525513,0.0018547967774793506,0.05074337497353554
2,1547,5548,4.991461173631251e-05,1.1618651151657104,0.0018552913097664714,0.05071059614419937
2,1548,5549,4.991458263248205e-05,1.1618098020553589,0.0018543435726314783,0.05067785829305649
2,1549,5550,4.991454989067279e-05,1.161887526512146,0.0018548064399510622,0.05064516142010689
2,1550,5551,4.991452078684233e-05,1.1617510318756104,0.0018548853695392609,0.05061250925064087
2,1551,5552,4.9914491683011875e-05,1.1618156433105469,0.001855609705671668,0.05090206116437912
2,1552,5553,4.991445894120261e-05,1.16166353225708,0.0018552409019321203,0.05086928606033325
2,1553,5554,4.991442256141454e-05,1.1617066860198975,0.0018560669850558043,0.05083655193448067
2,1554,5555,4.991439709556289e-05,1.1616356372833252,0.0018569438252598047,0.050803858786821365
2,1555,5556,4.9914367991732433e-05,1.1615878343582153,0.00185962428804487,0.05077120661735535
2,1556,5557,4.991433524992317e-05,1.161475658416748,0.001860765041783452,0.05073860287666321
2,1557,5558,4.9914302508113906e-05,1.1613240242004395,0.001859939657151699,0.050706032663583755
2,1558,5559,4.991427340428345e-05,1.1612952947616577,0.001858892384916544,0.050673507153987885
2,1559,5560,4.991424430045299e-05,1.161232352256775,0.0018605147488415241,0.050641026347875595
2,1560,5561,4.991421155864373e-05,1.1614274978637695,0.0018602635245770216,0.05060858279466629
2,1561,5562,4.991418245481327e-05,1.1613919734954834,0.001859244890511036,0.05057618394494057
2,1562,5563,4.9914153350982815e-05,1.1612091064453125,0.0018593278946354985,0.05054382607340813
2,1563,5564,4.991412060917355e-05,1.1612796783447266,0.0018604197539389133,0.05051150918006897
2,1564,5565,4.991408786736429e-05,1.1612341403961182,0.0018608912359923124,0.050479233264923096
2,1565,5566,4.991405876353383e-05,1.1610801219940186,0.0018613992724567652,0.050446998327970505
2,1566,5567,4.991402602172457e-05,1.161038875579834,0.0018607291858643293,0.0504148043692112
2,1567,5568,4.991399691789411e-05,1.1609601974487305,0.0018614830914884806,0.05038265138864517
2,1568,5569,4.9913964176084846e-05,1.160902738571167,0.001862326287664473,0.05035054311156273
2,1569,5570,4.991393143427558e-05,1.160745620727539,0.001863395795226097,0.05031847208738327
2,1570,5571,4.9913902330445126e-05,1.1608493328094482,0.0018678982742130756,0.050286442041397095
2,1571,5572,4.991387322661467e-05,1.160865306854248,0.0018686656840145588,0.0502544529736042
2,1572,5573,4.9913840484805405e-05,1.1611384153366089,0.0018705212278291583,0.05022250488400459
2,1573,5574,4.991380774299614e-05,1.1610679626464844,0.0018718281062319875,0.05019059777259827
2,1574,5575,4.991378227714449e-05,1.161130666732788,0.001873277360573411,0.05015873163938522
2,1575,5576,4.991374953533523e-05,1.1611924171447754,0.0018752261530607939,0.050126902759075165
2,1576,5577,4.9913716793525964e-05,1.1610969305038452,0.0018769910093396902,0.05009511858224869
2,1577,5578,4.99136840517167e-05,1.1611013412475586,0.0018780233804136515,0.050063371658325195
2,1578,5579,4.9913654947886243e-05,1.1609305143356323,0.0018795320065692067,0.050031665712594986
2,1579,5580,4.991362584405579e-05,1.1609241962432861,0.0018785546999424696,0.04999999701976776
2,1580,5581,4.991359310224652e-05,1.1608952283859253,0.0018790420144796371,0.049968376755714417
2,1581,5582,4.9913563998416066e-05,1.1608178615570068,0.0018791556358337402,0.04993678629398346
2,1582,5583,4.991353489458561e-05,1.1608905792236328,0.0018798655364662409,0.049905240535736084
2,1583,5584,4.9913502152776346e-05,1.1607272624969482,0.0018798812525346875,0.04987373948097229
2,1584,5585,4.991346941096708e-05,1.1606624126434326,0.0018815167713910341,0.04984227195382118
2,1585,5586,4.991343666915782e-05,1.160576343536377,0.00188426673412323,0.04981084167957306
2,1586,5587,4.9913403927348554e-05,1.1605693101882935,0.0018844790756702423,0.049779459834098816
2,1587,5588,4.9913378461496904e-05,1.1604623794555664,0.0018850574269890785,0.04974811151623726
2,1588,5589,4.991334935766645e-05,1.1604619026184082,0.0018869724590331316,0.049716800451278687
2,1589,5590,4.9913316615857184e-05,1.16042160987854,0.0018884004093706608,0.049685534089803696
2,1590,5591,4.991328387404792e-05,1.1605987548828125,0.0018899485003203154,0.04965430498123169
2,1591,5592,4.991325477021746e-05,1.1604751348495483,0.0018892496591433883,0.049623116850852966
2,1592,5593,4.99132220284082e-05,1.1605360507965088,0.0018911261577159166,0.04959196597337723
2,1593,5594,4.9913189286598936e-05,1.1606080532073975,0.0018942088354378939,0.049560852348804474
2,1594,5595,4.991316018276848e-05,1.16060209274292,0.0018965660128742456,0.0495297834277153
2,1595,5596,4.9913127440959215e-05,1.160628080368042,0.0018982450710609555,0.049498748034238815
2,1596,5597,4.991309833712876e-05,1.160754919052124,0.0018986653303727508,0.04978083819150925
2,1597,5598,4.99130692332983e-05,1.1606826782226562,0.001899744151160121,0.04974968731403351
2,1598,5599,4.991303649148904e-05,1.1607840061187744,0.0019011676777154207,0.049718573689460754
2,1599,5600,4.9913003749679774e-05,1.160990834236145,0.001904084230773151,0.049687497317790985
2,1600,5601,4.991297464584932e-05,1.1610013246536255,0.0019052966963499784,0.0496564656496048
2,1601,5602,4.9912941904040053e-05,1.1609588861465454,0.0019076807657256722,0.049625467509031296
2,1602,5603,4.99129128002096e-05,1.1609351634979248,0.0019109437707811594,0.04959451034665108
2,1603,5604,4.991288005840033e-05,1.1607930660247803,0.0019142816308885813,0.04956359416246414
2,1604,5605,4.991284731659107e-05,1.1608912944793701,0.001913125510327518,0.04953271150588989
2,1605,5606,4.991281821276061e-05,1.1608397960662842,0.0019173743203282356,0.04950186610221863
2,1606,5607,4.9912789108930156e-05,1.1608878374099731,0.0019194091437384486,0.049471065402030945
2,1607,5608,4.99127600050997e-05,1.1607465744018555,0.0019192560575902462,0.04944029822945595
2,1608,5609,4.9912727263290435e-05,1.1606659889221191,0.0019212011247873306,0.049409568309783936
2,1609,5610,4.991269452148117e-05,1.1605706214904785,0.0019225997384637594,0.049378879368305206
2,1610,5611,4.991266177967191e-05,1.1606197357177734,0.001923858653753996,0.04934822767972946
2,1611,5612,4.991263267584145e-05,1.1605942249298096,0.0019261413253843784,0.049317616969347
2,1612,5613,4.991259993403219e-05,1.1606667041778564,0.001927099423483014,0.04928704351186752
2,1613,5614,4.991257083020173e-05,1.1606128215789795,0.0019301390275359154,0.04925650358200073
2,1614,5615,4.9912538088392466e-05,1.1605041027069092,0.0019314567325636744,0.04922600835561752
2,1615,5616,4.991250898456201e-05,1.160328984260559,0.0019331388175487518,0.0491955429315567
2,1616,5617,4.991247988073155e-05,1.1601696014404297,0.0019350796937942505,0.04916512221097946
2,1617,5618,4.991244713892229e-05,1.160071849822998,0.0019361383747309446,0.04913473129272461
2,1618,5619,4.9912414397113025e-05,1.1600260734558105,0.0019354734104126692,0.04910438507795334
2,1619,5620,4.991238165530376e-05,1.1599290370941162,0.0019351709634065628,0.04907407611608505
2,1620,5621,4.9912352551473305e-05,1.1597931385040283,0.001934826374053955,0.04904380068182945
2,1621,5622,4.991231980966404e-05,1.1598243713378906,0.0019366474589332938,0.04901356250047684
2,1622,5623,4.9912290705833584e-05,1.1598005294799805,0.0019400105811655521,0.048983365297317505
2,1623,5624,4.991225796402432e-05,1.1598460674285889,0.0019419395830482244,0.04895320162177086
2,1624,5625,4.9912225222215056e-05,1.1598495244979858,0.0019447135273367167,0.0489230751991272
2,1625,5626,4.99121961183846e-05,1.1598329544067383,0.0019537201151251793,0.04889298975467682
2,1626,5627,4.991216701455414e-05,1.1597349643707275,0.0019595350604504347,0.04886293783783913
2,1627,5628,4.991213427274488e-05,1.1596341133117676,0.0019613169133663177,0.04883292317390442
2,1628,5629,4.9912101530935615e-05,1.1597487926483154,0.0019633183255791664,0.048802949488162994
2,1629,5630,4.991206878912635e-05,1.159841537475586,0.001966879004612565,0.04877300560474396
2,1630,5631,4.991203604731709e-05,1.1598048210144043,0.0019681728444993496,0.048743102699518204
2,1631,5632,4.991201058146544e-05,1.1597086191177368,0.00197034259326756,0.048713237047195435
2,1632,5633,4.9911977839656174e-05,1.1596133708953857,0.001969863660633564,0.04868340492248535
2,1633,5634,4.991194873582572e-05,1.1595349311828613,0.001970005454495549,0.04865361005067825
2,1634,5635,4.9911915994016454e-05,1.1594369411468506,0.001971580320969224,0.04862385243177414
2,1635,5636,4.991188325220719e-05,1.159502387046814,0.0019733526278287172,0.04859413206577301
2,1636,5637,4.9911850510397926e-05,1.1594865322113037,0.001974463928490877,0.048564448952674866
2,1637,5638,4.991182140656747e-05,1.1594300270080566,0.0019736825488507748,0.04853479936718941
2,1638,5639,4.991179230273701e-05,1.1593812704086304,0.0019759393762797117,0.048505187034606934
2,1639,5640,4.991175956092775e-05,1.1594328880310059,0.001975691644474864,0.04878048598766327
2,1640,5641,4.9911726819118485e-05,1.1593046188354492,0.001975883264094591,0.04875076189637184
2,1641,5642,4.991169407730922e-05,1.1593835353851318,0.0019806441850960255,0.0487210750579834
2,1642,5643,4.991166133549996e-05,1.1594617366790771,0.0019837382715195417,0.04869141802191734
2,1643,5644,4.991163586964831e-05,1.1593559980392456,0.001983653986826539,0.04866179823875427
2,1644,5645,4.991160676581785e-05,1.159302830696106,0.0019827112555503845,0.048632219433784485
2,1645,5646,4.991157402400859e-05,1.1592257022857666,0.001983711961656809,0.04860267415642738
2,1646,5647,4.991154128219932e-05,1.159204363822937,0.0019934391602873802,0.04857316240668297
2,1647,5648,4.991150490241125e-05,1.1592223644256592,0.001995065715163946,0.048543691635131836
2,1648,5649,4.991147216060199e-05,1.1592484712600708,0.0019981556106358767,0.04851425066590309
2,1649,5650,4.991144669475034e-05,1.159213900566101,0.001999816857278347,0.04848484694957733
2,1650,5651,4.991141759091988e-05,1.1592566967010498,0.002003302564844489,0.048455484211444855
2,1651,5652,4.991138484911062e-05,1.1591973304748535,0.0020078900270164013,0.048426151275634766
2,1652,5653,4.9911352107301354e-05,1.159118890762329,0.002009043702855706,0.04839685559272766
2,1653,5654,4.991131936549209e-05,1.159116506576538,0.002011707052588463,0.04836759716272354
2,1654,5655,4.991128662368283e-05,1.1589607000350952,0.0020126018207520247,0.04833836853504181
2,1655,5656,4.991126115783118e-05,1.1590451002120972,0.002015035832300782,0.04830917716026306
2,1656,5657,4.9911224778043106e-05,1.1591808795928955,0.002017310354858637,0.0482800230383873
2,1657,5658,4.991119567421265e-05,1.1590874195098877,0.002022729953750968,0.04825090616941452
2,1658,5659,4.9911162932403386e-05,1.1591346263885498,0.0020215888507664204,0.04822181910276413
2,1659,5660,4.991113019059412e-05,1.1591086387634277,0.0020212093368172646,0.048192769289016724
2,1660,5661,4.991109744878486e-05,1.159221887588501,0.0020233248360455036,0.0481637567281723
2,1661,5662,4.99110683449544e-05,1.159139633178711,0.0020236230921000242,0.04813477769494057
2,1662,5663,4.9911039241123945e-05,1.1591496467590332,0.0020258352160453796,0.04810583218932152
2,1663,5664,4.991101013729349e-05,1.1590540409088135,0.002027258276939392,0.048076923936605453
2,1664,5665,4.9910977395484224e-05,1.1589269638061523,0.002027349779382348,0.048048049211502075
2,1665,5666,4.991094465367496e-05,1.158944845199585,0.00202884990721941,0.04801920801401138
2,1666,5667,4.9910911911865696e-05,1.1589194536209106,0.0020315919537097216,0.047990404069423676
2,1667,5668,4.991087917005643e-05,1.158940315246582,0.002037656493484974,0.047961629927158356
2,1668,5669,4.991084642824717e-05,1.158827781677246,0.0020393221639096737,0.04793289303779602
2,1669,5670,4.991081732441671e-05,1.1588727235794067,0.0020447559654712677,0.04790419340133667
2,1670,5671,4.9910788220586255e-05,1.1587847471237183,0.002049072179943323,0.04787552356719971
2,1671,5672,4.991075547877699e-05,1.1587059497833252,0.00204841117374599,0.04784689098596573
2,1672,5673,4.991072273696773e-05,1.158806562423706,0.002051976975053549,0.04781828820705414
2,1673,5674,4.991069363313727e-05,1.1588287353515625,0.0020535311195999384,0.04778972268104553
2,1674,5675,4.991066089132801e-05,1.158865213394165,0.002053953241556883,0.048059701919555664
2,1675,5676,4.991062814951874e-05,1.1588118076324463,0.002060550730675459,0.048031024634838104
2,1676,5677,4.9910599045688286e-05,1.1587554216384888,0.0020616883412003517,0.04800238460302353
2,1677,5678,4.991056630387902e-05,1.1588435173034668,0.002062167041003704,0.04797377809882164
2,1678,5679,4.991053356206976e-05,1.158767819404602,0.002061443869024515,0.047945208847522736
2,1679,5680,4.99105044582393e-05,1.1588249206542969,0.002064320258796215,0.04791666567325592
2,1680,5681,4.991047171643004e-05,1.1586624383926392,0.0020651714876294136,0.04788815975189209
2,1681,5682,4.9910438974620774e-05,1.1586339473724365,0.0020703314803540707,0.047859691083431244
2,1682,5683,4.991040623281151e-05,1.1585140228271484,0.002070026472210884,0.047831252217292786
2,1683,5684,4.991037349100225e-05,1.1585201025009155,0.002073201583698392,0.04780285060405731
2,1684,5685,4.99103480251506e-05,1.1585307121276855,0.0020746183581650257,0.047774478793144226
2,1685,5686,4.991031528334133e-05,1.1586304903030396,0.0020774409640580416,0.047746144235134125
2,1686,5687,4.9910286179510877e-05,1.1585946083068848,0.002080568578094244,0.04771784320473671
2,1687,5688,4.991025343770161e-05,1.158456563949585,0.0020832177251577377,0.04768957197666168
2,1688,5689,4.991022069589235e-05,1.1584751605987549,0.0020931540057063103,0.04766133800148964
2,1689,5690,4.9910187954083085e-05,1.1583292484283447,0.002096352633088827,0.047633133828639984
2,1690,5691,4.991015521227382e-05,1.1584601402282715,0.0021016199607402086,0.047604966908693314
2,1691,5692,4.991012247046456e-05,1.158322811126709,0.0021011480130255222,0.04757682979106903
2,1692,5693,4.99100933666341e-05,1.1583082675933838,0.00210276385769248,0.04754872992634773
2,1693,5694,4.991006062482484e-05,1.1583281755447388,0.002106113126501441,0.04752065986394882
2,1694,5695,4.991003152099438e-05,1.1582527160644531,0.0021068165078759193,0.0474926233291626
2,1695,5696,4.9909998779185116e-05,1.1582269668579102,0.0021180943585932255,0.04746462404727936
2,1696,5697,4.990996967535466e-05,1.1582748889923096,0.0021171921398490667,0.047436654567718506
2,1697,5698,4.9909936933545396e-05,1.1582038402557373,0.0021164086647331715,0.04740871489048004
2,1698,5699,4.990990419173613e-05,1.1581577062606812,0.0021188464015722275,0.04738081246614456
2,1699,5700,4.990987144992687e-05,1.1582281589508057,0.0021210815757513046,0.04735293984413147
2,1700,5701,4.9909838708117604e-05,1.158203363418579,0.002120881574228406,0.04732510447502136
2,1701,5702,4.990980960428715e-05,1.1581730842590332,0.0021247821860015392,0.04729729890823364
2,1702,5703,4.9909776862477884e-05,1.1582063436508179,0.0021272017620503902,0.04726952314376831
2,1703,5704,4.990974775864743e-05,1.1581194400787354,0.0021283780224621296,0.04724178463220596
2,1704,5705,4.990971501683816e-05,1.1580431461334229,0.0021296702325344086,0.047214075922966
2,1705,5706,4.99096822750289e-05,1.1579434871673584,0.002132849767804146,0.04718640074133873
2,1706,5707,4.9909649533219635e-05,1.1579663753509521,0.0021346211433410645,0.04715875908732414
2,1707,5708,4.990962042938918e-05,1.1581023931503296,0.0021428002510219812,0.04713114723563194
2,1708,5709,4.9909587687579915e-05,1.1580243110656738,0.002144470112398267,0.04710356891155243
2,1709,5710,4.990955494577065e-05,1.158014178276062,0.0021464466117322445,0.0470760241150856
2,1710,5711,4.990952220396139e-05,1.1580626964569092,0.00215358380228281,0.04704850912094116
2,1711,5712,4.990949310013093e-05,1.1580928564071655,0.0021544774062931538,0.04702102765440941
2,1712,5713,4.9909463996300474e-05,1.1579153537750244,0.002157691866159439,0.04699357599020004
2,1713,5714,4.990943125449121e-05,1.1577644348144531,0.002157811541110277,0.04696615785360336
2,1714,5715,4.9909398512681946e-05,1.1577672958374023,0.002161140087991953,0.04693877696990967
2,1715,5716,4.990936577087268e-05,1.157771110534668,0.002164472360163927,0.04691142216324806
2,1716,5717,4.990933302906342e-05,1.1577351093292236,0.0021686414256691933,0.046884097158908844
2,1717,5718,4.9909300287254155e-05,1.1576437950134277,0.002169896848499775,0.04685680940747261
2,1718,5719,4.99092711834237e-05,1.1575912237167358,0.0021793083287775517,0.046829551458358765
2,1719,5720,4.9909238441614434e-05,1.1575214862823486,0.0021786121651530266,0.046802327036857605
2,1720,5721,4.990920569980517e-05,1.1576263904571533,0.0021801763214170933,0.04706566035747528
2,1721,5722,4.9909172957995906e-05,1.1576361656188965,0.0021828939206898212,0.04703832417726517
2,1722,5723,4.990914385416545e-05,1.1576662063598633,0.0021868436597287655,0.04701102524995804
2,1723,5724,4.990911475033499e-05,1.1576557159423828,0.0021906360052525997,0.046983759850263596
2,1724,5725,4.990908200852573e-05,1.1574779748916626,0.002192601328715682,0.04695652425289154
2,1725,5726,4.9909049266716465e-05,1.1576570272445679,0.002194118220359087,0.04721900075674057
2,1726,5727,4.99090165249072e-05,1.1576435565948486,0.0021965191699564457,0.04719166457653046
2,1727,5728,4.990898378309794e-05,1.157492756843567,0.0021976467687636614,0.047164350748062134
2,1728,5729,4.9908951041288674e-05,1.1576265096664429,0.002196524292230606,0.0474262572824955
2,1729,5730,4.990892193745822e-05,1.157785177230835,0.0021967440843582153,0.04768785834312439
2,1730,5731,4.990888919564895e-05,1.1578176021575928,0.0021991499233990908,0.04766031354665756
2,1731,5732,4.990885645383969e-05,1.1577603816986084,0.002201044000685215,0.047632791101932526
2,1732,5733,4.9908823712030426e-05,1.1577599048614502,0.0022036959417164326,0.047605305910110474
2,1733,5734,4.990879097022116e-05,1.1576639413833618,0.00220553670078516,0.04757785424590111
2,1734,5735,4.990876550436951e-05,1.157656192779541,0.002209499478340149,0.04755043238401413
2,1735,5736,4.990873276256025e-05,1.1575610637664795,0.0022094943560659885,0.04752304404973984
2,1736,5737,4.9908700020750985e-05,1.1575307846069336,0.0022086366079747677,0.047495681792497635
2,1737,5738,4.990866727894172e-05,1.1575042009353638,0.002210654318332672,0.04746835678815842
2,1738,5739,4.9908638175111264e-05,1.1574876308441162,0.0022187314461916685,0.04744105786085129
2,1739,5740,4.9908605433302e-05,1.1574113368988037,0.0022240355610847473,0.047413796186447144
2,1740,5741,4.9908572691492736e-05,1.1574432849884033,0.002223023446276784,0.04738655686378479
2,1741,5742,4.990853994968347e-05,1.1575474739074707,0.0022218837402760983,0.047646380960941315
2,1742,5743,4.990850720787421e-05,1.157448172569275,0.0022279287222772837,0.0476190485060215
2,1743,5744,4.9908474466064945e-05,1.1573694944381714,0.0022319452837109566,0.04759174585342407
2,1744,5745,4.990844172425568e-05,1.157196044921875,0.002238522283732891,0.047564469277858734
2,1745,5746,4.9908412620425224e-05,1.15724515914917,0.002237617038190365,0.04753722995519638
2,1746,5747,4.990837987861596e-05,1.1572792530059814,0.002250815276056528,0.047510020434856415
2,1747,5748,4.99083471368067e-05,1.1572388410568237,0.002252178266644478,0.04748283699154854
2,1748,5749,4.990831439499743e-05,1.1571626663208008,0.002252098172903061,0.047455690801143646
2,1749,5750,4.9908285291166976e-05,1.1572699546813965,0.0022534080781042576,0.047428570687770844
2,1750,5751,4.990825618733652e-05,1.1572285890579224,0.0022587496787309647,0.047401487827301025
2,1751,5752,4.9908223445527256e-05,1.1571061611175537,0.0022589159198105335,0.047374427318573
2,1752,5753,4.990819070371799e-05,1.1570863723754883,0.002259479369968176,0.047347404062747955
2,1753,5754,4.990815796190873e-05,1.157165765762329,0.0022617189679294825,0.0473204106092453
2,1754,5755,4.990812885807827e-05,1.1571381092071533,0.0022652363404631615,0.04729344695806503
2,1755,5756,4.990809611626901e-05,1.1571009159088135,0.0022680875845253468,0.04726651310920715
2,1756,5757,4.9908063374459743e-05,1.1571145057678223,0.0022804224863648415,0.04723961278796196
2,1757,5758,4.990803063265048e-05,1.1570792198181152,0.0022832227405160666,0.047212742269039154
2,1758,5759,4.9907997890841216e-05,1.157103419303894,0.002285928465425968,0.04718589782714844
2,1759,5760,4.990796514903195e-05,1.1570463180541992,0.0022874032147228718,0.047159090638160706
2,1760,5761,4.990793240722269e-05,1.156975507736206,0.002288961783051491,0.04713231325149536
2,1761,5762,4.990790330339223e-05,1.1569018363952637,0.002291937591508031,0.047105561941862106
2,1762,5763,4.990787056158297e-05,1.1568677425384521,0.002292928984388709,0.04707884043455124
2,1763,5764,4.9907837819773704e-05,1.1567155122756958,0.002294943667948246,0.04705215245485306
2,1764,5765,4.990780507796444e-05,1.1566725969314575,0.0022949781268835068,0.047025494277477264
2,1765,5766,4.9907772336155176e-05,1.1565961837768555,0.0022969746496528387,0.04699886590242386
2,1766,5767,4.990774323232472e-05,1.1566276550292969,0.002301597036421299,0.04697226732969284
2,1767,5768,4.9907710490515456e-05,1.1566808223724365,0.0023051612079143524,0.04694570228457451
2,1768,5769,4.990767774870619e-05,1.1566203832626343,0.002306814305484295,0.046919163316488266
2,1769,5770,4.990764500689693e-05,1.1565871238708496,0.002308167517185211,0.04689265787601471
2,1770,5771,4.9907612265087664e-05,1.1565052270889282,0.0023120660334825516,0.04686617851257324
2,1771,5772,4.990758316125721e-05,1.1564232110977173,0.002311314921826124,0.04683972895145416
2,1772,5773,4.9907550419447944e-05,1.1563677787780762,0.002312734490260482,0.04681330919265747
2,1773,5774,4.990751767763868e-05,1.156408667564392,0.002315326128154993,0.046786922961473465
2,1774,5775,4.9907484935829416e-05,1.156423568725586,0.0023172933142632246,0.04676056280732155
2,1775,5776,4.990745219402015e-05,1.156388282775879,0.002319538965821266,0.04673423618078232
2,1776,5777,4.9907423090189695e-05,1.1563937664031982,0.0023240339942276478,0.04670793563127518
2,1777,5778,4.990739034838043e-05,1.1564295291900635,0.0023315269500017166,0.046681664884090424
2,1778,5779,4.990735760657117e-05,1.1563893556594849,0.002334789838641882,0.04665542393922806
2,1779,5780,4.990732850274071e-05,1.156383752822876,0.0023400462232530117,0.04662921279668808
2,1780,5781,4.990729576093145e-05,1.156292200088501,0.002341644838452339,0.04660303145647049
2,1781,5782,4.990726301912218e-05,1.1561799049377441,0.00235376157797873,0.04657687991857529
2,1782,5783,4.9907233915291727e-05,1.156090497970581,0.0023545545991510153,0.04655075818300247
2,1783,5784,4.990720117348246e-05,1.156106948852539,0.0023577932734042406,0.046524666249752045
2,1784,5785,4.99071684316732e-05,1.1560585498809814,0.002358728786930442,0.04649860039353371
2,1785,5786,4.9907135689863935e-05,1.1559817790985107,0.0023658056743443012,0.046472564339637756
2,1786,5787,4.990710294805467e-05,1.1558129787445068,0.002367212902754545,0.046446558088064194
2,1787,5788,4.9907073844224215e-05,1.1557461023330688,0.0023695207200944424,0.04642058163881302
2,1788,5789,4.990704110241495e-05,1.1557683944702148,0.002370883012190461,0.04639463499188423
2,1789,5790,4.990700836060569e-05,1.1556068658828735,0.002372856019064784,0.046368714421987534
2,1790,5791,4.9906971980817616e-05,1.155517816543579,0.002377666998654604,0.04634282737970352
2,1791,5792,4.990693923900835e-05,1.1555609703063965,0.0023801871575415134,0.0463169664144516
2,1792,5793,4.9906910135177895e-05,1.155529260635376,0.002380742458626628,0.046291131526231766
2,1793,5794,4.990687739336863e-05,1.1556150913238525,0.002382445614784956,0.04626532644033432
2,1794,5795,4.990684465155937e-05,1.155574917793274,0.002381636993959546,0.04623955488204956
2,1795,5796,4.9906811909750104e-05,1.1554726362228394,0.002382142934948206,0.04621380940079689
2,1796,5797,4.990677916794084e-05,1.1554311513900757,0.002385189291089773,0.04618808999657631
2,1797,5798,4.9906750064110383e-05,1.1553773880004883,0.002384194638580084,0.046162404119968414
2,1798,5799,4.990671732230112e-05,1.155296802520752,0.0023884137626737356,0.04613674432039261
2,1799,5800,4.9906684580491856e-05,1.155293345451355,0.002390918554738164,0.04611111059784889
2,1800,5801,4.990665183868259e-05,1.1552789211273193,0.0023938636295497417,0.046085506677627563
2,1801,5802,4.990661909687333e-05,1.1552348136901855,0.002394396346062422,0.04605993255972862
2,1802,5803,4.990658999304287e-05,1.1552608013153076,0.0023956589866429567,0.04603438824415207
2,1803,5804,4.990655725123361e-05,1.1552467346191406,0.002397146075963974,0.046008870005607605
2,1804,5805,4.9906524509424344e-05,1.1551949977874756,0.0023972943890839815,0.04598338156938553
2,1805,5806,4.990649176761508e-05,1.1551904678344727,0.002399356570094824,0.04595791548490524
2,1806,5807,4.9906459025805816e-05,1.155134916305542,0.0024002636782824993,0.04593248665332794
2,1807,5808,4.990642992197536e-05,1.1550967693328857,0.002400588011369109,0.04590708017349243
2,1808,5809,4.9906397180166095e-05,1.1550724506378174,0.002401899080723524,0.04588170349597931
2,1809,5810,4.990636443835683e-05,1.1549793481826782,0.0024023139849305153,0.045856356620788574
2,1810,5811,4.990633169654757e-05,1.1549817323684692,0.0024044541642069817,0.04583103209733963
2,1811,5812,4.9906298954738304e-05,1.1549757719039917,0.0024063345044851303,0.045805737376213074
2,1812,5813,4.990626621292904e-05,1.1550636291503906,0.002406955463811755,0.045780472457408905
2,1813,5814,4.9906233471119776e-05,1.1549757719039917,0.0024077780544757843,0.045755237340927124
2,1814,5815,4.990620072931051e-05,1.1550683975219727,0.0024101915769279003,0.04573002830147743
2,1815,5816,4.990616798750125e-05,1.155125617980957,0.002413765527307987,0.04570484906435013
2,1816,5817,4.9906135245691985e-05,1.1552212238311768,0.002416177885606885,0.045679692178964615
2,1817,5818,4.990610614186153e-05,1.1551285982131958,0.002419798169285059,0.04565456509590149
2,1818,5819,4.9906073400052264e-05,1.1550557613372803,0.0024188957177102566,0.04562946408987045
2,1819,5820,4.9906040658243e-05,1.1550512313842773,0.002422420307993889,0.0456043966114521
2,1820,5821,4.990600791643374e-05,1.1550025939941406,0.0024283556267619133,0.04557935148477554
2,1821,5822,4.990597517462447e-05,1.1550848484039307,0.0024296934716403484,0.04555433243513107
2,1822,5823,4.9905946070794016e-05,1.1550837755203247,0.00242868484929204,0.04552934691309929
2,1823,5824,4.990591332898475e-05,1.1549158096313477,0.0024297130294144154,0.045504383742809296
2,1824,5825,4.990588058717549e-05,1.1549038887023926,0.0024365177378058434,0.04547945410013199
2,1825,5826,4.9905847845366225e-05,1.1549384593963623,0.0024414416402578354,0.04545454680919647
2,1826,5827,4.990581510355696e-05,1.154931902885437,0.00244712783023715,0.045429669320583344
2,1827,5828,4.9905785999726504e-05,1.1550018787384033,0.0024513578973710537,0.045404814183712006
2,1828,5829,4.990575325791724e-05,1.1548852920532227,0.002450916450470686,0.045379988849163055
2,1829,5830,4.9905720516107976e-05,1.1549670696258545,0.002454673405736685,0.04535519331693649
2,1830,5831,4.990568777429871e-05,1.1549545526504517,0.002458582166582346,0.04533042013645172
2,1831,5832,4.990565503248945e-05,1.1549334526062012,0.0024576769210398197,0.04530567675828934
2,1832,5833,4.9905622290680185e-05,1.1548810005187988,0.002459031529724598,0.04528095945715904
2,1833,5834,4.990558954887092e-05,1.1547844409942627,0.0024586087092757225,0.045256271958351135
2,1834,5835,4.990555680706166e-05,1.154852271080017,0.0024616781156510115,0.04523161053657532
2,1835,5836,4.9905524065252393e-05,1.1548473834991455,0.0024628620594739914,0.04520697146654129
2,1836,5837,4.990549132344313e-05,1.154754877090454,0.0024641442578285933,0.04518236219882965
2,1837,5838,4.9905458581633866e-05,1.1547493934631348,0.00246603274717927,0.0451577827334404
2,1838,5839,4.99054258398246e-05,1.1546869277954102,0.002468348480761051,0.04513322561979294
2,1839,5840,4.990539309801534e-05,1.1547060012817383,0.0024739913642406464,0.045108698308467865
2,1840,5841,4.990535671822727e-05,1.1547837257385254,0.002475155983120203,0.04508419334888458
2,1841,5842,4.990532761439681e-05,1.1548348665237427,0.0024775818455964327,0.04505971819162369
2,1842,5843,4.990529487258755e-05,1.1548879146575928,0.00247950479388237,0.045035265386104584
2,1843,5844,4.990526213077828e-05,1.1549278497695923,0.0024784221313893795,0.04501084238290787
2,1844,5845,4.990522938896902e-05,1.1549568176269531,0.0024781341198831797,0.04498644918203354
2,1845,5846,4.9905196647159755e-05,1.1547892093658447,0.0024797958321869373,0.044962078332901
2,1846,5847,4.99051675433293e-05,1.1547026634216309,0.0024893481750041246,0.04493773728609085
2,1847,5848,4.9905134801520035e-05,1.1547784805297852,0.0024906652979552746,0.04491341859102249
2,1848,5849,4.990510205971077e-05,1.1547660827636719,0.002489696955308318,0.04488912969827652
2,1849,5850,4.990506931790151e-05,1.1548831462860107,0.002491581253707409,0.04486486315727234
2,1850,5851,4.990503657609224e-05,1.1548609733581543,0.002497307490557432,0.044840626418590546
2,1851,5852,4.9905007472261786e-05,1.1550357341766357,0.0024985645432025194,0.045086391270160675
2,1852,5853,4.990497473045252e-05,1.154940128326416,0.0024994222912937403,0.04506206139922142
2,1853,5854,4.990494198864326e-05,1.1549406051635742,0.0024984064511954784,0.045037753880023956
2,1854,5855,4.9904909246833995e-05,1.1549102067947388,0.002502013463526964,0.04501347616314888
2,1855,5856,4.990487650502473e-05,1.1550111770629883,0.002502908231690526,0.04498922452330589
2,1856,5857,4.9904847401194274e-05,1.154902458190918,0.0025042861234396696,0.044964998960494995
2,1857,5858,4.9904811021406204e-05,1.1548833847045898,0.0025031324476003647,0.044940799474716187
2,1858,5859,4.990477827959694e-05,1.1547579765319824,0.0025046083610504866,0.04491662234067917
2,1859,5860,4.9904745537787676e-05,1.1546556949615479,0.002505116630345583,0.04489247500896454
2,1860,5861,4.990471643395722e-05,1.154564380645752,0.0025049089454114437,0.0448683500289917
2,1861,5862,4.990468005416915e-05,1.1544899940490723,0.0025077778846025467,0.04484425485134125
2,1862,5863,4.9904647312359884e-05,1.1544511318206787,0.002509462181478739,0.04482018202543259
2,1863,5864,4.990461457055062e-05,1.154508113861084,0.002510944614186883,0.044796139001846313
2,1864,5865,4.990458182874136e-05,1.1544346809387207,0.002511437516659498,0.04477211833000183
2,1865,5866,4.990454908693209e-05,1.1545828580856323,0.002515560481697321,0.044748127460479736
2,1866,5867,4.990451634512283e-05,1.15450119972229,0.002516963053494692,0.04472415894269943
2,1867,5868,4.9904483603313565e-05,1.1544978618621826,0.002518485765904188,0.04470021277666092
2,1868,5869,4.99044508615043e-05,1.1544649600982666,0.0025206459686160088,0.044676296412944794
2,1869,5870,4.990441811969504e-05,1.1544198989868164,0.0025199034716933966,0.04465240612626076
2,1870,5871,4.990438901586458e-05,1.1542868614196777,0.002523621544241905,0.04462853819131851
2,1871,5872,4.990435627405532e-05,1.1543874740600586,0.002525577088817954,0.04460470378398895
2,1872,5873,4.990432353224605e-05,1.154252290725708,0.0025258678942918777,0.044580888003110886
2,1873,5874,4.990428715245798e-05,1.1542893648147583,0.0025314688682556152,0.04455709829926491
2,1874,5875,4.9904258048627526e-05,1.1542143821716309,0.002531417179852724,0.04453333467245102
2,1875,5876,4.990422530681826e-05,1.1541893482208252,0.0025343983434140682,0.04450959712266922
2,1876,5877,4.990418892703019e-05,1.1542853116989136,0.002535475417971611,0.04448588192462921
2,1877,5878,4.990415618522093e-05,1.154231071472168,0.0025368453934788704,0.04446219280362129
2,1878,5879,4.990412344341166e-05,1.1542091369628906,0.0025368970818817616,0.04443853348493576
2,1879,5880,4.9904094339581206e-05,1.1543539762496948,0.0025376607663929462,0.04441489279270172
2,1880,5881,4.990406159777194e-05,1.1543337106704712,0.002538150642067194,0.04439128190279007
2,1881,5882,4.990402885596268e-05,1.1542401313781738,0.0025375494733452797,0.04436769336462021
2,1882,5883,4.9903996114153415e-05,1.154219627380371,0.00253854226320982,0.04434413090348244
2,1883,5884,4.990396337234415e-05,1.1541333198547363,0.002538528759032488,0.044320590794086456
2,1884,5885,4.9903934268513694e-05,1.1541736125946045,0.0025538962800055742,0.04429708421230316
2,1885,5886,4.990390152670443e-05,1.1541452407836914,0.0025565680116415024,0.04427359253168106
2,1886,5887,4.990386514691636e-05,1.1540839672088623,0.0025638050865381956,0.04425013065338135
2,1887,5888,4.9903832405107096e-05,1.1540181636810303,0.0025658877566456795,0.044226694852113724
2,1888,5889,4.990380330127664e-05,1.1540390253067017,0.0025696586817502975,0.04420328140258789
2,1889,5890,4.990376692148857e-05,1.1539413928985596,0.002572624944150448,0.04417989403009415
2,1890,5891,4.9903734179679304e-05,1.1538527011871338,0.002579029183834791,0.044156529009342194
2,1891,5892,4.990370143787004e-05,1.153818130493164,0.002579631982371211,0.04413319379091263
2,1892,5893,4.990366869606078e-05,1.1537704467773438,0.00257879844866693,0.044109877198934555
2,1893,5894,4.990363959223032e-05,1.1537208557128906,0.0025807167403399944,0.04408659040927887
2,1894,5895,4.9903606850421056e-05,1.1537864208221436,0.002583475550636649,0.044063322246074677
2,1895,5896,4.990357410861179e-05,1.1537353992462158,0.0025872569531202316,0.04404008388519287
2,1896,5897,4.990354136680253e-05,1.153620958328247,0.0025879472959786654,0.044016867876052856
2,1897,5898,4.9903508624993265e-05,1.1536033153533936,0.0025904944632202387,0.04399367794394493
2,1898,5899,4.9903475883184e-05,1.1536307334899902,0.0025964712258428335,0.043970510363578796
2,1899,5900,4.990344314137474e-05,1.153580665588379,0.0025982647202908993,0.04394736886024475
2,1900,5901,4.9903406761586666e-05,1.1535321474075317,0.0026035888586193323,0.043924249708652496
2,1901,5902,4.99033740197774e-05,1.1534616947174072,0.002604574430733919,0.04390115663409233
2,1902,5903,4.9903344915946946e-05,1.153515100479126,0.0026059281080961227,0.043878085911273956
2,1903,5904,4.990331217413768e-05,1.1535921096801758,0.0026081495452672243,0.04385504126548767
2,1904,5905,4.990327943232842e-05,1.1535120010375977,0.0026103761047124863,0.043832018971443176
2,1905,5906,4.9903246690519154e-05,1.1534751653671265,0.002613784745335579,0.04380902647972107
2,1906,5907,4.990321394870989e-05,1.1534767150878906,0.0026147072203457355,0.043786048889160156
2,1907,5908,4.9903181206900626e-05,1.1534444093704224,0.0026158737018704414,0.04376310110092163
2,1908,5909,4.990314846509136e-05,1.15346360206604,0.002617880469188094,0.043740179389715195
2,1909,5910,4.99031157232821e-05,1.1533657312393188,0.0026263385079801083,0.04371728003025055
2,1910,5911,4.990307934349403e-05,1.153259038925171,0.002626397181302309,0.043694399297237396
2,1911,5912,4.990305023966357e-05,1.1533095836639404,0.0026278458535671234,0.04367154836654663
2,1912,5913,4.990301749785431e-05,1.1532652378082275,0.0026314915157854557,0.043648719787597656
2,1913,5914,4.9902984756045043e-05,1.15316903591156,0.002634796779602766,0.04362591356039047
2,1914,5915,4.990295201423578e-05,1.1531356573104858,0.0026360899209976196,0.04360313341021538
2,1915,5916,4.9902919272426516e-05,1.1531217098236084,0.0026380016934126616,0.043580375611782074
2,1916,5917,4.990288653061725e-05,1.1531448364257812,0.0026376573368906975,0.04355764389038086
2,1917,5918,4.990285378880799e-05,1.1531288623809814,0.00264199310913682,0.043534934520721436
2,1918,5919,4.990281740901992e-05,1.1530747413635254,0.0026415069587528706,0.0435122475028038
2,1919,5920,4.9902784667210653e-05,1.1530699729919434,0.002644444815814495,0.04348958283662796
2,1920,5921,4.99027555633802e-05,1.1529109477996826,0.002646106295287609,0.04346694424748421
2,1921,5922,4.9902719183592126e-05,1.152937650680542,0.0026449046563357115,0.043444328010082245
2,1922,5923,4.990268644178286e-05,1.1528645753860474,0.0026476674247533083,0.04342173784971237
2,1923,5924,4.99026536999736e-05,1.152850866317749,0.0026466846466064453,0.04339917004108429
2,1924,5925,4.9902620958164334e-05,1.1527376174926758,0.0026500204112380743,0.043376624584198
2,1925,5926,4.990258821635507e-05,1.1526987552642822,0.0026517282240092754,0.0433541014790535
2,1926,5927,4.990255547454581e-05,1.1527628898620605,0.002651704242452979,0.043331604450941086
2,1927,5928,4.990252273273654e-05,1.1527163982391357,0.00265323743224144,0.043309129774570465
2,1928,5929,4.990248999092728e-05,1.1526296138763428,0.0026525321882218122,0.043286677449941635
2,1929,5930,4.9902457249118015e-05,1.1526439189910889,0.0026534185744822025,0.043264247477054596
2,1930,5931,4.990242450730875e-05,1.1525044441223145,0.002653528470546007,0.043241843581199646
2,1931,5932,4.990239176549949e-05,1.152385950088501,0.002653265604749322,0.04321946203708649
2,1932,5933,4.9902359023690224e-05,1.1523406505584717,0.0026526409201323986,0.04319710284471512
2,1933,5934,4.990232628188096e-05,1.1522588729858398,0.0026546947192400694,0.04317476600408554
2,1934,5935,4.9902293540071696e-05,1.1522330045700073,0.0026535929646342993,0.043152451515197754
2,1935,5936,4.990226079826243e-05,1.1522459983825684,0.0026558483950793743,0.043130166828632355
2,1936,5937,4.990222805645317e-05,1.1522752046585083,0.002657955512404442,0.04310789704322815
2,1937,5938,4.99021916766651e-05,1.1521245241165161,0.002658856101334095,0.04308565706014633
2,1938,5939,4.990216257283464e-05,1.1520717144012451,0.002658437006175518,0.04306343197822571
2,1939,5940,4.990212983102538e-05,1.152001142501831,0.0026588058099150658,0.04304123669862747
2,1940,5941,4.9902093451237306e-05,1.151980996131897,0.0026576551608741283,0.04301906377077103
2,1941,5942,4.990206070942804e-05,1.151948094367981,0.0026608698535710573,0.04299691319465637
2,1942,5943,4.990202796761878e-05,1.1518712043762207,0.002659953897818923,0.04297478124499321
2,1943,5944,4.9901995225809515e-05,1.1517510414123535,0.0026623825542628765,0.04295267537236214
2,1944,5945,4.990196248400025e-05,1.1517488956451416,0.002665066858753562,0.042930591851472855
2,1945,5946,4.990192974219099e-05,1.1518290042877197,0.0026654228568077087,0.04290853068232536
2,1946,5947,4.990189700038172e-05,1.151719331741333,0.0026647746562957764,0.04288649186491966
2,1947,5948,4.990186425857246e-05,1.1516070365905762,0.002664972562342882,0.04286447912454605
2,1948,5949,4.9901831516763195e-05,1.1515554189682007,0.0026637976989150047,0.04284248501062393
2,1949,5950,4.990179877495393e-05,1.1515107154846191,0.002663111314177513,0.042820513248443604
2,1950,5951,4.990176603314467e-05,1.151484727859497,0.0026645511388778687,0.042798563838005066
2,1951,5952,4.9901733291335404e-05,1.151486873626709,0.0026650461368262768,0.04277663677930832
2,1952,5953,4.990170054952614e-05,1.1515083312988281,0.0026656987611204386,0.04275473579764366
2,1953,5954,4.9901667807716876e-05,1.1516127586364746,0.002666695974767208,0.042732857167720795
2,1954,5955,4.9901631427928805e-05,1.151655673980713,0.0026668403297662735,0.04271099716424942
2,1955,5956,4.990159868611954e-05,1.1517326831817627,0.0026666205376386642,0.042944785207509995
2,1956,5957,4.990156594431028e-05,1.1518425941467285,0.002669175621122122,0.042922839522361755
2,1957,5958,4.9901533202501014e-05,1.151848316192627,0.0026708696968853474,0.042900919914245605
2,1958,5959,4.990150046069175e-05,1.151766061782837,0.0026699248701334,0.04287901893258095
2,1959,5960,4.9901467718882486e-05,1.1516379117965698,0.0026710715610533953,0.04285714030265808
2,1960,5961,4.990143497707322e-05,1.151548147201538,0.002671891823410988,0.0428352877497673
2,1961,5962,4.990140223526396e-05,1.1515839099884033,0.0026725917123258114,0.04281345754861832
2,1962,5963,4.9901369493454695e-05,1.1515134572982788,0.002671649446710944,0.04279164597392082
2,1963,5964,4.990133675164543e-05,1.1514078378677368,0.0026710866950452328,0.04276985675096512
2,1964,5965,4.990130400983617e-05,1.1514114141464233,0.0026725223287940025,0.042748093605041504
2,1965,5966,4.99012712680269e-05,1.1513850688934326,0.002673080191016197,0.04272634536027908
2,1966,5967,4.990123852621764e-05,1.15140700340271,0.0026756017468869686,0.04270462691783905
2,1967,5968,4.9901205784408376e-05,1.1513442993164062,0.002676307689398527,0.04268292710185051
2,1968,5969,4.990117304259911e-05,1.151395320892334,0.002676587086170912,0.04266124963760376
2,1969,5970,4.990113666281104e-05,1.1513526439666748,0.0026787882670760155,0.0426395945250988
2,1970,5971,4.990110392100178e-05,1.151336908340454,0.0026794900186359882,0.04261796176433563
2,1971,5972,4.990107117919251e-05,1.1513381004333496,0.002678200136870146,0.042596347630023956
2,1972,5973,4.990103843738325e-05,1.1513792276382446,0.002679444383829832,0.04257475957274437
2,1973,5974,4.9901005695573986e-05,1.151336908340454,0.002679383149370551,0.042553193867206573
2,1974,5975,4.990097295376472e-05,1.1513116359710693,0.0026782997883856297,0.04253164678812027
2,1975,5976,4.990094021195546e-05,1.1512457132339478,0.0026794015429913998,0.04251012206077576
2,1976,5977,4.9900907470146194e-05,1.1511386632919312,0.0026790318079292774,0.042488619685173035
2,1977,5978,4.990087472833693e-05,1.1511740684509277,0.002680800622329116,0.0424671396613121
2,1978,5979,4.9900841986527666e-05,1.151183009147644,0.0026824059896171093,0.04244568198919296
2,1979,5980,4.9900805606739596e-05,1.1512162685394287,0.002682698657736182,0.042424242943525314
2,1980,5981,4.990077286493033e-05,1.151288628578186,0.0026813638396561146,0.04240282624959946
2,1981,5982,4.9900743761099875e-05,1.1511884927749634,0.002681085839867592,0.04238143563270569
2,1982,5983,4.990071101929061e-05,1.151207685470581,0.0026808474212884903,0.042360059916973114
2,1983,5984,4.990067463950254e-05,1.151207447052002,0.0026822364889085293,0.04233870655298233
2,1984,5985,4.9900641897693276e-05,1.1511588096618652,0.0026812762953341007,0.042317379266023636
2,1985,5986,4.990060915588401e-05,1.1510090827941895,0.0026820101775228977,0.04229607433080673
2,1986,5987,4.990057641407475e-05,1.150965929031372,0.0026829128619283438,0.04227478802204132
2,1987,5988,4.9900543672265485e-05,1.1508808135986328,0.002684716135263443,0.0422535240650177
2,1988,5989,4.990051093045622e-05,1.1509027481079102,0.0026868521235883236,0.04223227873444557
2,1989,5990,4.990047818864696e-05,1.1508004665374756,0.002686261897906661,0.042211055755615234
2,1990,5991,4.9900441808858886e-05,1.1506881713867188,0.0026861694641411304,0.04218985512852669
2,1991,5992,4.990040906704962e-05,1.1507511138916016,0.002686875406652689,0.04216867685317993
2,1992,5993,4.990037632524036e-05,1.1506333351135254,0.0026862910017371178,0.04214751720428467
2,1993,5994,4.9900343583431095e-05,1.150708794593811,0.002687427680939436,0.042126379907131195
2,1994,5995,4.990031084162183e-05,1.150599718093872,0.0026867538690567017,0.04210526496171951
2,1995,5996,4.990027446183376e-05,1.1505810022354126,0.0026889133732765913,0.042084164917469025
2,1996,5997,4.9900241720024496e-05,1.1506922245025635,0.00269125122576952,0.042063094675540924
2,1997,5998,4.990020897821523e-05,1.1506435871124268,0.0026920887175947428,0.04204203933477402
2,1998,5999,4.9900179874384776e-05,1.1505143642425537,0.0026917308568954468,0.0420210100710392
2,1999,6000,4.9900143494596705e-05,1.1505334377288818,0.0026911566965281963,0.042249999940395355
3,0,6001,4.9900107114808634e-05,1.1146857738494873,0.00197740294970572,9.384666377343365e-09
3,1,6002,4.990007437299937e-05,1.0888265371322632,0.0011074389331042767,8.068105294967154e-09
3,2,6003,4.990004526916891e-05,1.0979608297348022,0.00245416397228837,5.6503872691848755e-09
3,3,6004,4.990001252735965e-05,1.08268404006958,0.0038714869879186153,4.244842699563378e-09
3,4,6005,4.989997614757158e-05,1.092422366142273,0.005063011310994625,4.072292725254556e-09
3,5,6006,4.989993976778351e-05,1.0820114612579346,0.005480350460857153,3.405108195408957e-09
3,6,6007,4.989991066395305e-05,1.066678762435913,0.005247598513960838,2.9636539888855395e-09
3,7,6008,4.989987792214379e-05,1.068758487701416,0.004614450503140688,3.310305807247005e-09
3,8,6009,4.989984518033452e-05,1.086911916732788,0.004590165801346302,3.1761544505570782e-09
3,9,6010,4.989980880054645e-05,1.0971884727478027,0.004649358801543713,2.8608968527521483e-09
3,10,6011,4.989977605873719e-05,1.0827796459197998,0.004515917971730232,2.6148119225410937e-09
3,11,6012,4.9899743316927925e-05,1.0919904708862305,0.004368478432297707,5.002196878933773e-09
3,12,6013,4.989971057511866e-05,1.1157492399215698,0.004033462610095739,1.0867411859294407e-08
3,13,6014,4.98996778333094e-05,1.1093034744262695,0.00415803911164403,1.0093380353737302e-08
3,14,6015,4.989964509150013e-05,1.1288917064666748,0.004072043113410473,0.033333342522382736
3,15,6016,4.989960871171206e-05,1.1347205638885498,0.003980518318712711,0.0312500074505806
3,16,6017,4.98995759699028e-05,1.1292425394058228,0.003933594096451998,0.02941177412867546
3,17,6018,4.9899543228093535e-05,1.1415168046951294,0.004704650491476059,0.027777787297964096
3,18,6019,4.989951048628427e-05,1.1334220170974731,0.004583136178553104,0.026315797120332718
3,19,6020,4.98994741064962e-05,1.1342949867248535,0.004531821236014366,0.025000005960464478
3,20,6021,4.9899441364686936e-05,1.1330680847167969,0.004355001263320446,0.023809529840946198
3,21,6022,4.989940862287767e-05,1.138667106628418,0.004507371690124273,0.022727278992533684
3,22,6023,4.989937588106841e-05,1.1324305534362793,0.0044900402426719666,0.021739136427640915
3,23,6024,4.9899343139259145e-05,1.1361089944839478,0.004487799480557442,0.020833339542150497
3,24,6025,4.989931039744988e-05,1.1524287462234497,0.004308364354074001,0.040000006556510925
3,25,6026,4.989927401766181e-05,1.1620092391967773,0.004142885562032461,0.05769231915473938
3,26,6027,4.9899241275852546e-05,1.1605544090270996,0.004237827844917774,0.055555567145347595
3,27,6028,4.989920853404328e-05,1.1623361110687256,0.004118380136787891,0.071428582072258
3,28,6029,4.989917579223402e-05,1.165149450302124,0.003998880740255117,0.08620690554380417
3,29,6030,4.9899143050424755e-05,1.165564775466919,0.003965568728744984,0.0833333432674408
3,30,6031,4.989911030861549e-05,1.1690490245819092,0.003933627158403397,0.09677419811487198
3,31,6032,4.989907756680623e-05,1.1750974655151367,0.00382509408518672,0.1093750074505806
3,32,6033,4.9899041187018156e-05,1.182521104812622,0.003784185042604804,0.10606060922145844
3,33,6034,4.989900844520889e-05,1.182485580444336,0.003683543298393488,0.10294118523597717
3,34,6035,4.989897570339963e-05,1.183148980140686,0.0036422433331608772,0.10000000894069672
3,35,6036,4.989894659956917e-05,1.1839909553527832,0.0035450486466288567,0.0972222313284874
3,36,6037,4.98989102197811e-05,1.1782464981079102,0.0034720844123512506,0.09459459781646729
3,37,6038,4.989887383999303e-05,1.17521333694458,0.003451304044574499,0.09210526943206787
3,38,6039,4.9898841098183766e-05,1.176382303237915,0.003365581389516592,0.08974359929561615
3,39,6040,4.989881199435331e-05,1.1698498725891113,0.00334434537217021,0.08750000596046448
3,40,6041,4.989877561456524e-05,1.1645166873931885,0.0033194602001458406,0.08536586165428162
3,41,6042,4.989873923477717e-05,1.1622552871704102,0.0033233340363949537,0.0833333432674408
3,42,6043,4.9898706492967904e-05,1.1656434535980225,0.0033041322603821754,0.09302326291799545
3,43,6044,4.989867738913745e-05,1.1724989414215088,0.0032766126096248627,0.09090909361839294
3,44,6045,4.9898641009349376e-05,1.1736890077590942,0.0032546506263315678,0.08888889849185944
3,45,6046,4.9898604629561305e-05,1.1753089427947998,0.0032375885639339685,0.08695653080940247
3,46,6047,4.989857188775204e-05,1.1726744174957275,0.003194483695551753,0.08510638773441315
3,47,6048,4.9898542783921584e-05,1.1748089790344238,0.0032102027907967567,0.0833333432674408
3,48,6049,4.9898506404133514e-05,1.174483060836792,0.003239675424993038,0.08163265883922577
3,49,6050,4.989847002434544e-05,1.1741598844528198,0.0032170843333005905,0.08000001311302185
3,50,6051,4.989843728253618e-05,1.168213963508606,0.0031868615187704563,0.0784313827753067
3,51,6052,4.989840817870572e-05,1.170945644378662,0.003127891570329666,0.08653847128152847
3,52,6053,4.989837179891765e-05,1.1726363897323608,0.003069623839110136,0.08490566909313202
3,53,6054,4.989833541912958e-05,1.171626329421997,0.003032092936336994,0.0833333432674408
3,54,6055,4.9898302677320316e-05,1.1746292114257812,0.002977959578856826,0.09090910106897354
3,55,6056,4.989827357348986e-05,1.176064133644104,0.0029871168080717325,0.0892857238650322
3,56,6057,4.989823719370179e-05,1.1777424812316895,0.0029439893551170826,0.08771930634975433
3,57,6058,4.9898204451892525e-05,1.1729720830917358,0.0029399048071354628,0.08620690554380417
3,58,6059,4.989817171008326e-05,1.1718465089797974,0.0029774527065455914,0.08474577218294144
3,59,6060,4.9898138968274e-05,1.1754194498062134,0.003003399819135666,0.0833333432674408
3,60,6061,4.9898106226464733e-05,1.1739375591278076,0.002962555270642042,0.08196721971035004
3,61,6062,4.989806984667666e-05,1.1717227697372437,0.002921832725405693,0.08064516633749008
3,62,6063,4.98980371048674e-05,1.1674304008483887,0.0029227351769804955,0.0793650895357132
3,63,6064,4.9898004363058135e-05,1.1680629253387451,0.0029399364721029997,0.0781250074505806
3,64,6065,4.9897967983270064e-05,1.1659148931503296,0.0028997869230806828,0.07692308723926544
3,65,6066,4.98979352414608e-05,1.167878270149231,0.0028832294046878815,0.07575758546590805
3,66,6067,4.9897902499651536e-05,1.16837739944458,0.00284151965752244,0.0746268704533577
3,67,6068,4.989786975784227e-05,1.167539358139038,0.0028061578050255775,0.07352942228317261
3,68,6069,4.98978333780542e-05,1.1693817377090454,0.002766088582575321,0.07971015572547913
3,69,6070,4.989780063624494e-05,1.171282172203064,0.0027947230264544487,0.07857143878936768
3,70,6071,4.9897767894435674e-05,1.1739296913146973,0.002763991244137287,0.0845070481300354
3,71,6072,4.989773515262641e-05,1.1702960729599,0.002755077090114355,0.0833333432674408
3,72,6073,4.989769877283834e-05,1.1668177843093872,0.00275204936042428,0.08219178766012192
3,73,6074,4.9897666031029075e-05,1.1687655448913574,0.002738472307100892,0.0810810923576355
3,74,6075,4.989763328921981e-05,1.1694166660308838,0.0027281013317406178,0.08000000566244125
3,75,6076,4.989759690943174e-05,1.172776460647583,0.00273236189968884,0.07894737273454666
3,76,6077,4.989756416762248e-05,1.1723889112472534,0.0027351691387593746,0.07792209088802338
3,77,6078,4.989753142581321e-05,1.1720833778381348,0.002722446108236909,0.07692308723926544
3,78,6079,4.989749868400395e-05,1.1705212593078613,0.0026996363885700703,0.07594937086105347
3,79,6080,4.989746230421588e-05,1.172166109085083,0.002692312700673938,0.07500000298023224
3,80,6081,4.9897429562406614e-05,1.169523000717163,0.0026909213047474623,0.07407408207654953
3,81,6082,4.989739682059735e-05,1.1690704822540283,0.0026778820902109146,0.0731707364320755
3,82,6083,4.989736407878809e-05,1.1690055131912231,0.002649410627782345,0.07228916138410568
3,83,6084,4.989733133697882e-05,1.169790506362915,0.0026779610197991133,0.071428582072258
3,84,6085,4.989729859516956e-05,1.1693460941314697,0.0026747616939246655,0.07058824598789215
3,85,6086,4.989726221538149e-05,1.1698215007781982,0.002647418063133955,0.06976745277643204
3,86,6087,4.9897229473572224e-05,1.1677703857421875,0.0026592910289764404,0.06896552443504333
3,87,6088,4.989719673176296e-05,1.168757677078247,0.0026606773026287556,0.0681818276643753
3,88,6089,4.98971639899537e-05,1.1657986640930176,0.0026385942474007607,0.0674157366156578
3,89,6090,4.989712397218682e-05,1.1641560792922974,0.0026449025608599186,0.06666667759418488
3,90,6091,4.989709486835636e-05,1.163883090019226,0.002619130304083228,0.06593407690525055
3,91,6092,4.98970621265471e-05,1.1669888496398926,0.0026391949504613876,0.06521739810705185
3,92,6093,4.989702574675903e-05,1.1655652523040771,0.0026190427597612143,0.06451613456010818
3,93,6094,4.9896989366970956e-05,1.1659901142120361,0.00260517792776227,0.06382979452610016
3,94,6095,4.98969602631405e-05,1.1662238836288452,0.0025834795087575912,0.06842105835676193
3,95,6096,4.989692388335243e-05,1.164791226387024,0.002567189745604992,0.0677083432674408
3,96,6097,4.989688750356436e-05,1.162613868713379,0.002558209002017975,0.0670103132724762
3,97,6098,4.9896854761755094e-05,1.1601579189300537,0.002539305482059717,0.06632653623819351
3,98,6099,4.989682565792464e-05,1.1603951454162598,0.0025474890135228634,0.06565657258033752
3,99,6100,4.989678564015776e-05,1.1611202955245972,0.002551511861383915,0.0650000125169754
3,100,6101,4.9896752898348495e-05,1.1621989011764526,0.0025409988593310118,0.06435643881559372
3,101,6102,4.989672015653923e-05,1.1630489826202393,0.0025471998378634453,0.06372549384832382
3,102,6103,4.989668741472997e-05,1.160719394683838,0.00253246258944273,0.06310680508613586
3,103,6104,4.9896654672920704e-05,1.1598563194274902,0.0025287263561040163,0.0625000074505806
3,104,6105,4.989662193111144e-05,1.15836501121521,0.0025290101766586304,0.06190476566553116
3,105,6106,4.9896589189302176e-05,1.158552646636963,0.002520048525184393,0.06603774428367615
3,106,6107,4.9896552809514105e-05,1.15828537940979,0.0025005461648106575,0.06542056798934937
3,107,6108,4.989652006770484e-05,1.1594176292419434,0.0025055455043911934,0.06481482088565826
3,108,6109,4.989648368791677e-05,1.1597514152526855,0.0025000572204589844,0.06422019004821777
3,109,6110,4.989645094610751e-05,1.1577411890029907,0.0024919668212532997,0.06363637000322342
3,110,6111,4.989641820429824e-05,1.1583486795425415,0.0024980781599879265,0.06306307017803192
3,111,6112,4.989638546248898e-05,1.1556603908538818,0.0024989719968289137,0.0625000074505806
3,112,6113,4.98963454447221e-05,1.158078670501709,0.0025144899263978004,0.06194690614938736
3,113,6114,4.9896316340891644e-05,1.1594817638397217,0.0025178291834890842,0.061403512954711914
3,114,6115,4.989628359908238e-05,1.1602891683578491,0.0024996204301714897,0.060869574546813965
3,115,6116,4.98962435813155e-05,1.1612954139709473,0.0024927370250225067,0.06465517729520798
3,116,6117,4.989621083950624e-05,1.162137746810913,0.002484723459929228,0.0683760792016983
3,117,6118,4.989618173567578e-05,1.1634399890899658,0.0024852543137967587,0.06779661774635315
3,118,6119,4.989614535588771e-05,1.1634173393249512,0.0024795224890112877,0.06722690165042877
3,119,6120,4.989611261407845e-05,1.1629574298858643,0.0024739429354667664,0.06666667759418488
3,120,6121,4.9896076234290376e-05,1.1630847454071045,0.002464299090206623,0.06611570715904236
3,121,6122,4.989604349248111e-05,1.1627219915390015,0.0024559111334383488,0.06557377427816391
3,122,6123,4.989601075067185e-05,1.1640655994415283,0.002472982741892338,0.06504064798355103
3,123,6124,4.9895978008862585e-05,1.1657698154449463,0.0024873586371541023,0.06451612710952759
3,124,6125,4.989594526705332e-05,1.1656677722930908,0.002474159700796008,0.06400001049041748
3,125,6126,4.989590888726525e-05,1.1690244674682617,0.002466930542141199,0.0634920746088028
3,126,6127,4.9895876145455986e-05,1.1688425540924072,0.002453459892421961,0.06692913919687271
3,127,6128,4.9895839765667915e-05,1.1706254482269287,0.0024422123096883297,0.06640625
3,128,6129,4.989580702385865e-05,1.170151948928833,0.0024364027194678783,0.06589147448539734
3,129,6130,4.989577428204939e-05,1.1708086729049683,0.002442394383251667,0.06538461893796921
3,130,6131,4.989573790226132e-05,1.1724035739898682,0.0024238084442913532,0.06870229542255402
3,131,6132,4.9895701522473246e-05,1.172698974609375,0.0024172107223421335,0.0681818276643753
3,132,6133,4.989567241864279e-05,1.1722614765167236,0.0024023158475756645,0.06766918301582336
3,133,6134,4.989563603885472e-05,1.1715772151947021,0.002390483394265175,0.06716418266296387
3,134,6135,4.989559965906665e-05,1.1706410646438599,0.002377289580181241,0.06666667014360428
3,135,6136,4.9895566917257383e-05,1.170952320098877,0.002392052672803402,0.06617647409439087
3,136,6137,4.989553417544812e-05,1.1695160865783691,0.0023869159631431103,0.0656934380531311
3,137,6138,4.9895501433638856e-05,1.168050765991211,0.0023731247056275606,0.06521739065647125
3,138,6139,4.989546869182959e-05,1.1682796478271484,0.002369830384850502,0.06474819779396057
3,139,6140,4.989543595002033e-05,1.1664143800735474,0.002375192940235138,0.06428571790456772
3,140,6141,4.989539957023226e-05,1.1656341552734375,0.002376725897192955,0.06382979452610016
3,141,6142,4.9895366828422993e-05,1.1664363145828247,0.0023605222813785076,0.06338028609752655
3,142,6143,4.9895326810656115e-05,1.1677076816558838,0.0023704934865236282,0.06293706595897675
3,143,6144,4.989529770682566e-05,1.1691460609436035,0.0023540728725492954,0.0625
3,144,6145,4.9895264965016395e-05,1.1685668230056763,0.002342119812965393,0.06206896901130676
3,145,6146,4.989522494724952e-05,1.1678493022918701,0.002347941044718027,0.06164383888244629
3,146,6147,4.989519220544025e-05,1.1689313650131226,0.0023715165443718433,0.06122449412941933
3,147,6148,4.989515946363099e-05,1.1678475141525269,0.0023762064520269632,0.06081081181764603
3,148,6149,4.989512308384292e-05,1.1669007539749146,0.0023787326645106077,0.06040268763899803
3,149,6150,4.9895090342033654e-05,1.1672906875610352,0.0023903967812657356,0.06000000238418579
3,150,6151,4.989505760022439e-05,1.1668204069137573,0.002414504997432232,0.05960265174508095
3,151,6152,4.989502122043632e-05,1.1688016653060913,0.0024121059104800224,0.059210531413555145
3,152,6153,4.9894988478627056e-05,1.1698884963989258,0.002397333737462759,0.05882353335618973
3,153,6154,4.989495573681779e-05,1.1716139316558838,0.00239431019872427,0.061688315123319626
3,154,6155,4.989492299500853e-05,1.1725735664367676,0.0023929490707814693,0.06129032373428345
3,155,6156,4.9894890253199264e-05,1.1720879077911377,0.0023927355650812387,0.06089743971824646
3,156,6157,4.9894853873411193e-05,1.1718509197235107,0.002387446351349354,0.06050955876708031
3,157,6158,4.989481749362312e-05,1.1718146800994873,0.002378587145358324,0.06012658774852753
3,158,6159,4.9894788389792666e-05,1.172741174697876,0.0023735007271170616,0.05974842980504036
3,159,6160,4.989474837202579e-05,1.1729133129119873,0.0023967083543539047,0.05937500298023224
3,160,6161,4.9894715630216524e-05,1.1726758480072021,0.002383479382842779,0.0590062141418457
3,161,6162,4.989468288840726e-05,1.173572063446045,0.00238107331097126,0.06172839552164078
3,162,6163,4.989464650861919e-05,1.173386573791504,0.002366841770708561,0.06134969741106033
3,163,6164,4.9894613766809925e-05,1.1750166416168213,0.0023655712138861418,0.060975611209869385
3,164,6165,4.9894577387021855e-05,1.1751245260238647,0.0023602950386703014,0.06060606241226196
3,165,6166,4.989454464521259e-05,1.1769814491271973,0.002365541411563754,0.0602409690618515
3,166,6167,4.989451190340333e-05,1.176552653312683,0.002398888813331723,0.05988024175167084
3,167,6168,4.9894475523615256e-05,1.1768431663513184,0.0023864253889769316,0.0625
3,168,6169,4.989444278180599e-05,1.1768717765808105,0.0024015146773308516,0.06213017925620079
3,169,6170,4.989441003999673e-05,1.177731990814209,0.002387449610978365,0.061764709651470184
3,170,6171,4.989437366020866e-05,1.1780052185058594,0.002383806277066469,0.06432749330997467
3,171,6172,4.9894340918399394e-05,1.1773810386657715,0.0024001975543797016,0.06395348906517029
3,172,6173,4.989430817659013e-05,1.1775728464126587,0.002387045416980982,0.06358382105827332
3,173,6174,4.989427179680206e-05,1.176387071609497,0.002383406274020672,0.06321839988231659
3,174,6175,4.9894239054992795e-05,1.1754854917526245,0.002379254437983036,0.06285715103149414
3,175,6176,4.989419903722592e-05,1.1736544370651245,0.0023759251926094294,0.0625
3,176,6177,4.989416993339546e-05,1.1730760335922241,0.0023820833303034306,0.06214689463376999
3,177,6178,4.989413355360739e-05,1.1735328435897827,0.0023803834337741137,0.06179775297641754
3,178,6179,4.9894100811798126e-05,1.1736022233963013,0.0023701863829046488,0.0642458125948906
3,179,6180,4.989406806998886e-05,1.1738340854644775,0.0023585977032780647,0.06666667014360428
3,180,6181,4.98940353281796e-05,1.1730241775512695,0.0023631765507161617,0.06629835069179535
3,181,6182,4.989399894839153e-05,1.173044204711914,0.0023629129864275455,0.06593406945466995
3,182,6183,4.989396620658226e-05,1.1726069450378418,0.0023530754260718822,0.06557376682758331
3,183,6184,4.989392982679419e-05,1.170951008796692,0.00235266936942935,0.06521739065647125
3,184,6185,4.989389708498493e-05,1.1712638139724731,0.0023569022305309772,0.0648648664355278
3,185,6186,4.989386070519686e-05,1.1706953048706055,0.002345099812373519,0.06451612710952759
3,186,6187,4.9893824325408787e-05,1.1693625450134277,0.0023429538123309612,0.06417112052440643
3,187,6188,4.989379522157833e-05,1.168386459350586,0.0023350445553660393,0.06382979452610016
3,188,6189,4.989375520381145e-05,1.168548583984375,0.0023232009261846542,0.0634920671582222
3,189,6190,4.989372246200219e-05,1.1694509983062744,0.002313170349225402,0.06578947603702545
3,190,6191,4.9893689720192924e-05,1.1701743602752686,0.002310811774805188,0.06544502824544907
3,191,6192,4.989365334040485e-05,1.1701090335845947,0.002304129069671035,0.0677083358168602
3,192,6193,4.989362059859559e-05,1.171111822128296,0.0022984419483691454,0.06735751777887344
3,193,6194,4.989358421880752e-05,1.170225977897644,0.002298560691997409,0.0670103132724762
3,194,6195,4.989355511497706e-05,1.1690785884857178,0.002297142520546913,0.06666667014360428
3,195,6196,4.989351873518899e-05,1.1685113906860352,0.0022927953395992517,0.06632653623819351
3,196,6197,4.989348235540092e-05,1.168320894241333,0.002286922186613083,0.06598985195159912
3,197,6198,4.9893449613591656e-05,1.1683039665222168,0.0022818814031779766,0.06565656512975693
3,198,6199,4.9893413233803585e-05,1.1690282821655273,0.00228880625218153,0.06532663106918335
3,199,6200,4.989338049199432e-05,1.1684608459472656,0.0022856800351291895,0.0650000050663948
3,200,6201,4.989334411220625e-05,1.1684777736663818,0.002285216934978962,0.06467662006616592
3,201,6202,4.9893311370396987e-05,1.1691741943359375,0.002282270696014166,0.06435643881559372
3,202,6203,4.989327862858772e-05,1.1689908504486084,0.0022924216464161873,0.06403940916061401
3,203,6204,4.989324224879965e-05,1.168247938156128,0.002288419520482421,0.06372549384832382
3,204,6205,4.989320950699039e-05,1.1675950288772583,0.0022876570001244545,0.06341463327407837
3,205,6206,4.9893176765181124e-05,1.168165922164917,0.002285133581608534,0.06310679763555527
3,206,6207,4.989314038539305e-05,1.1667664051055908,0.0022800778970122337,0.06280193477869034
3,207,6208,4.989310400560498e-05,1.1653029918670654,0.0022734622471034527,0.0625
3,208,6209,4.989307126379572e-05,1.1654150485992432,0.002270846161991358,0.06220095604658127
3,209,6210,4.9893038521986455e-05,1.1664226055145264,0.002260065171867609,0.06190476566553116
3,210,6211,4.989299850421958e-05,1.1652878522872925,0.0022634868510067463,0.06161137670278549
3,211,6212,4.989296576241031e-05,1.1664246320724487,0.002263552974909544,0.06132075935602188
3,212,6213,4.989293302060105e-05,1.1660606861114502,0.0022677688393741846,0.06103286147117615
3,213,6214,4.989289664081298e-05,1.1659011840820312,0.0022622188553214073,0.0607476681470871
3,214,6215,4.9892863899003714e-05,1.166163444519043,0.002267638687044382,0.060465119779109955
3,215,6216,4.989283115719445e-05,1.1662064790725708,0.0022614398039877415,0.06018518656492233
3,216,6217,4.989279841538519e-05,1.1654891967773438,0.0022566639818251133,0.059907834976911545
3,217,6218,4.9892762035597116e-05,1.1646000146865845,0.0022502588108181953,0.059633031487464905
3,218,6219,4.9892725655809045e-05,1.1647988557815552,0.0022404128685593605,0.05936073511838913
3,219,6220,4.989269291399978e-05,1.165970802307129,0.0022410547826439142,0.05909091234207153
3,220,6221,4.989265653421171e-05,1.166383147239685,0.0022364938631653786,0.06108597666025162
3,221,6222,4.9892623792402446e-05,1.1664960384368896,0.002232865896075964,0.06081081181764603
3,222,6223,4.9892587412614375e-05,1.1667563915252686,0.002230585552752018,0.060538120567798615
3,223,6224,4.989255467080511e-05,1.1666339635849,0.0022237373050302267,0.0602678582072258
3,224,6225,4.989251829101704e-05,1.1651978492736816,0.0022195163182914257,0.06000000238418579
3,225,6226,4.989248554920778e-05,1.1652588844299316,0.002218689303845167,0.059734515845775604
3,226,6227,4.989245280739851e-05,1.1648218631744385,0.002217455068603158,0.05947136878967285
3,227,6228,4.989241642761044e-05,1.1658660173416138,0.00221873982809484,0.059210531413555145
3,228,6229,4.989238368580118e-05,1.1658453941345215,0.0022131474688649178,0.06113537400960922
3,229,6230,4.989234730601311e-05,1.1663248538970947,0.0022161281667649746,0.06086956709623337
3,230,6231,4.9892314564203843e-05,1.166861891746521,0.0022181118838489056,0.06060606241226196
3,231,6232,4.9892274546436965e-05,1.1666455268859863,0.002215292304754257,0.06034483015537262
3,232,6233,4.98922418046277e-05,1.1665287017822266,0.0022085788659751415,0.06223176419734955
3,233,6234,4.989220906281844e-05,1.1659533977508545,0.002207833342254162,0.06196581572294235
3,234,6235,4.989217268303037e-05,1.1649329662322998,0.002204671036452055,0.06170212849974632
3,235,6236,4.98921399412211e-05,1.166295051574707,0.0022040633484721184,0.06355932354927063
3,236,6237,4.989210719941184e-05,1.1663227081298828,0.0022037108428776264,0.06329113990068436
3,237,6238,4.989207081962377e-05,1.1660442352294922,0.00220412015914917,0.06302521377801895
3,238,6239,4.98920344398357e-05,1.1668691635131836,0.002194937551394105,0.06276150792837143
3,239,6240,4.9892001698026434e-05,1.1662397384643555,0.0021965745836496353,0.0625
3,240,6241,4.989196531823836e-05,1.1658624410629272,0.0021889852359890938,0.06224066764116287
3,241,6242,4.98919325764291e-05,1.1667590141296387,0.002186928177252412,0.06198347359895706
3,242,6243,4.989189619664103e-05,1.1668124198913574,0.0021847947500646114,0.061728399246931076
3,243,6244,4.9891863454831764e-05,1.1672807931900024,0.002175977686420083,0.06352458894252777
3,244,6245,4.989182707504369e-05,1.1672942638397217,0.0021761818788945675,0.06326530873775482
3,245,6246,4.989179069525562e-05,1.1669141054153442,0.0021716617047786713,0.0630081295967102
3,246,6247,4.989175795344636e-05,1.1664650440216064,0.0021692533046007156,0.06275303661823273
3,247,6248,4.9891725211637095e-05,1.1660652160644531,0.002161929849535227,0.0625
3,248,6249,4.989169246982783e-05,1.1648852825164795,0.002162669785320759,0.06224899739027023
3,249,6250,4.989165245206095e-05,1.1647870540618896,0.002163463272154331,0.062000006437301636
3,250,6251,4.9891623348230496e-05,1.1642298698425293,0.002169990446418524,0.06175298988819122
3,251,6252,4.989158333046362e-05,1.1659953594207764,0.0021736808121204376,0.0615079402923584
3,252,6253,4.9891550588654354e-05,1.165266752243042,0.0021757183130830526,0.061264827847480774
3,253,6254,4.989151784684509e-05,1.1658415794372559,0.002168357139453292,0.06299212574958801
3,254,6255,4.989148146705702e-05,1.1651736497879028,0.0021660863421857357,0.062745101749897
3,255,6256,4.989144508726895e-05,1.1644772291183472,0.0021611806005239487,0.0625
3,256,6257,4.9891412345459685e-05,1.164613962173462,0.0021558806765824556,0.06225680932402611
3,257,6258,4.989137960365042e-05,1.1642358303070068,0.002162014599889517,0.062015507370233536
3,258,6259,4.989134322386235e-05,1.1640756130218506,0.0021600788459181786,0.061776064336299896
3,259,6260,4.9891310482053086e-05,1.164790391921997,0.0021600399632006884,0.061538465321063995
3,260,6261,4.9891274102265015e-05,1.1649811267852783,0.0021577859297394753,0.061302684247493744
3,261,6262,4.989124136045575e-05,1.1649519205093384,0.002149782609194517,0.06106870621442795
3,262,6263,4.9891201342688873e-05,1.164131999015808,0.0021518771536648273,0.06083650514483452
3,263,6264,4.989116860087961e-05,1.1650909185409546,0.0021500657312572002,0.0625
3,264,6265,4.989113222109154e-05,1.1660420894622803,0.002146846614778042,0.06415094435214996
3,265,6266,4.9891099479282275e-05,1.1666903495788574,0.0021462514996528625,0.06390977650880814
3,266,6267,4.9891063099494204e-05,1.1670279502868652,0.0021470454521477222,0.06367041170597076
3,267,6268,4.989103399566375e-05,1.1666686534881592,0.002147266175597906,0.06343283504247665
3,268,6269,4.9890997615875676e-05,1.1666584014892578,0.002152489498257637,0.06319702416658401
3,269,6270,4.9890961236087605e-05,1.1660819053649902,0.0021483940072357655,0.06296296417713165
3,270,6271,4.989092849427834e-05,1.1662120819091797,0.0021408156026154757,0.06273062527179718
3,271,6272,4.989089211449027e-05,1.166426181793213,0.0021358849480748177,0.0625
3,272,6273,4.98908557347022e-05,1.1661896705627441,0.002128913998603821,0.06227106600999832
3,273,6274,4.989081935491413e-05,1.1669788360595703,0.0021328520961105824,0.06204379349946976
3,274,6275,4.9890786613104865e-05,1.1672580242156982,0.0021252327132970095,0.06181818246841431
3,275,6276,4.98907538712956e-05,1.1667802333831787,0.0021265374962240458,0.06159420311450958
3,276,6277,4.989071749150753e-05,1.1668429374694824,0.002125001512467861,0.06137184053659439
3,277,6278,4.9890684749698266e-05,1.1659367084503174,0.0021228815894573927,0.06115107983350754
3,278,6279,4.9890648369910195e-05,1.1668026447296143,0.00211528642103076,0.06272400915622711
3,279,6280,4.9890611990122125e-05,1.1672981977462769,0.002113216556608677,0.06428571790456772
3,280,6281,4.989057924831286e-05,1.1681838035583496,0.00210571545176208,0.06583629548549652
3,281,6282,4.989054286852479e-05,1.1675753593444824,0.0021032700315117836,0.06560283899307251
3,282,6283,4.989050648873672e-05,1.1683900356292725,0.002101165009662509,0.06713780760765076
3,283,6284,4.9890473746927455e-05,1.1694607734680176,0.002097837161272764,0.06690140813589096
3,284,6285,4.989044100511819e-05,1.1695436239242554,0.0020921085961163044,0.06842105090618134
3,285,6286,4.989040462533012e-05,1.1687670946121216,0.00209572771564126,0.06818182021379471
3,286,6287,4.9890371883520856e-05,1.168594479560852,0.002096359385177493,0.0679442510008812
3,287,6288,4.9890335503732786e-05,1.1685582399368286,0.0020921400282531977,0.0694444477558136
3,288,6289,4.989030276192352e-05,1.1684587001800537,0.0020889495499432087,0.06920415163040161
3,289,6290,4.9890262744156644e-05,1.168236494064331,0.0020871676970273256,0.06896551698446274
3,290,6291,4.989023000234738e-05,1.1686567068099976,0.002084870357066393,0.06872852146625519
3,291,6292,4.989019362255931e-05,1.1679843664169312,0.0020840982906520367,0.06849315017461777
3,292,6293,4.9890160880750045e-05,1.168727993965149,0.0020804423838853836,0.06825938820838928
3,293,6294,4.9890124500961974e-05,1.168304443359375,0.002074284479022026,0.06802721321582794
3,294,6295,4.989009539713152e-05,1.1680433750152588,0.0020729273092001677,0.06779661029577255
3,295,6296,4.989005537936464e-05,1.1686855554580688,0.0020691496320068836,0.0692567527294159
3,296,6297,4.9890022637555376e-05,1.1689865589141846,0.002066114917397499,0.06902356445789337
3,297,6298,4.9889986257767305e-05,1.1697548627853394,0.0020708413794636726,0.0687919408082962
3,298,6299,4.9889949877979234e-05,1.169266939163208,0.0020679375156760216,0.06856187433004379
3,299,6300,4.988991349819116e-05,1.168449878692627,0.0020676085259765387,0.06833332777023315
3,300,6301,4.98898807563819e-05,1.168749213218689,0.002071815775707364,0.06810630857944489
3,301,6302,4.9889848014572635e-05,1.167897343635559,0.002074852818623185,0.0678807944059372
3,302,6303,4.9889811634784564e-05,1.1669692993164062,0.002072633011266589,0.06765677034854889
3,303,6304,4.9889775254996493e-05,1.1669604778289795,0.0020837571937590837,0.06743420660495758
3,304,6305,4.988974251318723e-05,1.1669845581054688,0.0020836361218243837,0.06721311807632446
3,305,6306,4.988970613339916e-05,1.167210340499878,0.002080592792481184,0.06699346750974655
3,306,6307,4.988966975361109e-05,1.1665968894958496,0.002076878910884261,0.06677524745464325
3,307,6308,4.9889637011801824e-05,1.1666680574417114,0.0020775494631379843,0.06655844300985336
3,308,6309,4.988960063201375e-05,1.1672592163085938,0.0020897528156638145,0.0663430392742157
3,309,6310,4.988956789020449e-05,1.1673054695129395,0.0020859860815107822,0.06774193048477173
3,310,6311,4.9889535148395225e-05,1.167534589767456,0.002083625877276063,0.06913183629512787
3,311,6312,4.9889498768607154e-05,1.1679805517196655,0.002082791645079851,0.06891025602817535
3,312,6313,4.9889462388819084e-05,1.168017029762268,0.0020812407601624727,0.06869009882211685
3,313,6314,4.988942600903101e-05,1.1678245067596436,0.002075671683996916,0.07006369531154633
3,314,6315,4.988938962924294e-05,1.1672157049179077,0.0020805809181183577,0.06984127312898636
3,315,6316,4.988935688743368e-05,1.1673736572265625,0.002077448647469282,0.06962025165557861
3,316,6317,4.988932050764561e-05,1.1673680543899536,0.0020711151883006096,0.06940063089132309
3,317,6318,4.988928776583634e-05,1.1672090291976929,0.002070379676297307,0.0691823959350586
3,318,6319,4.988925138604827e-05,1.167900800704956,0.002063911873847246,0.06896551698446274
3,319,6320,4.988921864423901e-05,1.1681902408599854,0.0020761354826390743,0.06874999403953552
3,320,6321,4.988918226445094e-05,1.1677823066711426,0.0020749117247760296,0.06853582710027695
3,321,6322,4.9889149522641674e-05,1.167928695678711,0.0020731594413518906,0.06832298636436462
3,322,6323,4.9889109504874796e-05,1.1686419248580933,0.0020685691852122545,0.06965944170951843
3,323,6324,4.988907676306553e-05,1.1693127155303955,0.0020681670866906643,0.0694444477558136
3,324,6325,4.988904038327746e-05,1.1685938835144043,0.002064020838588476,0.06923076510429382
3,325,6326,4.98890076414682e-05,1.168729305267334,0.0020642299205064774,0.0690184086561203
3,326,6327,4.9888971261680126e-05,1.169018268585205,0.0020579546689987183,0.06880733370780945
3,327,6328,4.988893851987086e-05,1.1689317226409912,0.0020589614287018776,0.06859755516052246
3,328,6329,4.988890214008279e-05,1.1694812774658203,0.002060881583020091,0.06838905811309814
3,329,6330,4.9888862122315913e-05,1.1699738502502441,0.0020583008881658316,0.06818181276321411
3,330,6331,4.988883301848546e-05,1.1709603071212769,0.0020561441779136658,0.06797583401203156
3,331,6332,4.988879300071858e-05,1.1712212562561035,0.0020540524274110794,0.06777108460664749
3,332,6333,4.9888760258909315e-05,1.1711983680725098,0.0020543853752315044,0.06756757199764252
3,333,6334,4.988872751710005e-05,1.1710752248764038,0.002050107577815652,0.06736527383327484
3,334,6335,4.988869477529079e-05,1.1706371307373047,0.0020506943110376596,0.06716418266296387
3,335,6336,4.988865475752391e-05,1.1701149940490723,0.0020508733578026295,0.0669642835855484
3,336,6337,4.9888622015714645e-05,1.1701256036758423,0.0020483117550611496,0.06676557660102844
3,337,6338,4.9888585635926574e-05,1.1714847087860107,0.002047028159722686,0.0665680468082428
3,338,6339,4.9888549256138504e-05,1.1711881160736084,0.002043407876044512,0.06637167930603027
3,339,6340,4.988851287635043e-05,1.1709177494049072,0.0020456863567233086,0.06617647409439087
3,340,6341,4.988848013454117e-05,1.1711434125900269,0.002052346710115671,0.0659824013710022
3,341,6342,4.9888447392731905e-05,1.170588493347168,0.002047915942966938,0.06578947603702545
3,342,6343,4.988840737496503e-05,1.1700048446655273,0.00204664864577353,0.06559766829013824
3,343,6344,4.988837827113457e-05,1.1702293157577515,0.0020438760984688997,0.06540697813034058
3,344,6345,4.988833825336769e-05,1.1707513332366943,0.002045618835836649,0.06521739065647125
3,345,6346,4.988830187357962e-05,1.170404314994812,0.0020423303358256817,0.06502889841794968
3,346,6347,4.988826913177036e-05,1.1700687408447266,0.002041175961494446,0.06484150141477585
3,347,6348,4.9888232751982287e-05,1.1701569557189941,0.0020355256274342537,0.06465516984462738
3,348,6349,4.988820001017302e-05,1.1701525449752808,0.002041946165263653,0.06446991115808487
3,349,6350,4.988816363038495e-05,1.1704161167144775,0.0020414739847183228,0.06428571045398712
3,350,6351,4.988813088857569e-05,1.1697134971618652,0.002042814390733838,0.06410256773233414
3,351,6352,4.988809087080881e-05,1.170539379119873,0.0020370224956423044,0.06534090638160706
3,352,6353,4.9888058128999546e-05,1.1705949306488037,0.00204001204110682,0.06515580415725708
3,353,6354,4.9888021749211475e-05,1.170637845993042,0.002039153128862381,0.06497175246477127
3,354,6355,4.9887985369423404e-05,1.1704728603363037,0.0020419808570295572,0.06478873640298843
3,355,6356,4.988795262761414e-05,1.169895887374878,0.0020430972799658775,0.06460674107074738
3,356,6357,4.988791988580488e-05,1.1701641082763672,0.0020436865743249655,0.06442577391862869
3,357,6358,4.9887883506016806e-05,1.1705044507980347,0.002038185251876712,0.06564246118068695
3,358,6359,4.988784348824993e-05,1.1704483032226562,0.002033005002886057,0.06545960903167725
3,359,6360,4.988781438441947e-05,1.1704660654067993,0.0020275567658245564,0.06527777761220932
3,360,6361,4.988777436665259e-05,1.1702280044555664,0.0020279085729271173,0.06509695202112198
3,361,6362,4.988773798686452e-05,1.1703531742095947,0.002022505272179842,0.06491712480783463
3,362,6363,4.988770524505526e-05,1.171041488647461,0.0020237353164702654,0.06473828852176666
3,363,6364,4.9887672503245994e-05,1.1708682775497437,0.0020194416865706444,0.06456044316291809
3,364,6365,4.9887636123457924e-05,1.1702606678009033,0.0020197315607219934,0.06438355892896652
3,365,6366,4.988759974366985e-05,1.1702172756195068,0.0020147133618593216,0.06420765072107315
3,366,6367,4.988756700186059e-05,1.1710256338119507,0.002009226940572262,0.06539509445428848
3,367,6368,4.988752698409371e-05,1.171648383140564,0.002007166389375925,0.06657608598470688
3,368,6369,4.988749424228445e-05,1.1712539196014404,0.0020053007174283266,0.06639566272497177
3,369,6370,4.9887457862496376e-05,1.1714863777160645,0.002008326817303896,0.06621621549129486
3,370,6371,4.9887421482708305e-05,1.1717064380645752,0.002012836281210184,0.06603773683309555
3,371,6372,4.988738874089904e-05,1.1718249320983887,0.002012613695114851,0.06586021184921265
3,372,6373,4.988735236111097e-05,1.1720397472381592,0.0020125708542764187,0.06568364799022675
3,373,6374,4.98873159813229e-05,1.1718730926513672,0.0020170919597148895,0.06550802290439606
3,374,6375,4.988727960153483e-05,1.1720325946807861,0.002015172503888607,0.06666666269302368
3,375,6376,4.9887246859725565e-05,1.1711273193359375,0.0020133727230131626,0.06648936122655869
3,376,6377,4.9887210479937494e-05,1.170501947402954,0.002017104998230934,0.0663129985332489
3,377,6378,4.988717410014942e-05,1.1699496507644653,0.0020194100216031075,0.06613756716251373
3,378,6379,4.9887144996318966e-05,1.1695971488952637,0.0020149126648902893,0.06596305966377258
3,379,6380,4.988710497855209e-05,1.1695632934570312,0.002016084734350443,0.06578947603702545
3,380,6381,4.988706859876402e-05,1.1689119338989258,0.0020127142779529095,0.06561680138111115
3,381,6382,4.9887035856954753e-05,1.1681756973266602,0.0020120975095778704,0.06544502824544907
3,382,6383,4.9886995839187875e-05,1.1684167385101318,0.0020108490716665983,0.06527414917945862
3,383,6384,4.988696309737861e-05,1.1678739786148071,0.002010136377066374,0.0651041641831398
3,384,6385,4.988693035556935e-05,1.1690647602081299,0.002009391551837325,0.06623376905918121
3,385,6386,4.988689397578128e-05,1.1692395210266113,0.0020088343881070614,0.06735751032829285
3,386,6387,4.9886857595993206e-05,1.1696499586105347,0.0020085868891328573,0.0671834647655487
3,387,6388,4.9886821216205135e-05,1.1695425510406494,0.0020043759141117334,0.0670103058218956
3,388,6389,4.988678847439587e-05,1.1698825359344482,0.002001112559810281,0.06812339276075363
3,389,6390,4.988674845662899e-05,1.170236587524414,0.0020003393292427063,0.06794872134923935
3,390,6391,4.988671571481973e-05,1.1697319746017456,0.0020013516768813133,0.0677749365568161
3,391,6392,4.9886682973010466e-05,1.1696058511734009,0.00200076587498188,0.06760203838348389
3,392,6393,4.988664295524359e-05,1.1701960563659668,0.00199932255782187,0.0674300268292427
3,393,6394,4.9886610213434324e-05,1.169594645500183,0.002000648993998766,0.06725887954235077
3,394,6395,4.988657383364625e-05,1.1702831983566284,0.001995597267523408,0.06835442781448364
3,395,6396,4.988653745385818e-05,1.170145034790039,0.001992153935134411,0.06818182021379471
3,396,6397,4.988650107407011e-05,1.1699162721633911,0.0019875154830515385,0.06801007688045502
3,397,6398,4.988646833226085e-05,1.16978120803833,0.0019857515580952168,0.06783919781446457
3,398,6399,4.988643559045158e-05,1.1698250770568848,0.001981013920158148,0.06766916811466217
3,399,6400,4.9886395572684705e-05,1.1700748205184937,0.0019794334657490253,0.06750000268220901
3,400,6401,4.988636283087544e-05,1.1693053245544434,0.001978802727535367,0.06733167171478271
3,401,6402,4.988632645108737e-05,1.1689478158950806,0.001974864862859249,0.06716417521238327
3,402,6403,4.988628643332049e-05,1.168975591659546,0.0019714180380105972,0.06823821365833282
3,403,6404,4.988625369151123e-05,1.1684346199035645,0.001968280877918005,0.06806930899620056
3,404,6405,4.9886220949701965e-05,1.168586015701294,0.001963595626875758,0.06790123879909515
3,405,6406,4.988618093193509e-05,1.1684657335281372,0.001960692461580038,0.06773398816585541
3,406,6407,4.988615182810463e-05,1.168466329574585,0.0019621755927801132,0.06756757199764252
3,407,6408,4.988611181033775e-05,1.1680984497070312,0.0019628875888884068,0.0674019604921341
3,408,6409,4.988607543054968e-05,1.167847752571106,0.0019601378589868546,0.06723716109991074
3,409,6410,4.988604268874042e-05,1.16776442527771,0.0019619204103946686,0.06707316637039185
3,410,6411,4.9886006308952346e-05,1.1684131622314453,0.0019608642905950546,0.06690997630357742
3,411,6412,4.9885969929164276e-05,1.1683430671691895,0.0019663930870592594,0.06674757599830627
3,412,6413,4.988593718735501e-05,1.168914556503296,0.001961641712114215,0.06779661029577255
3,413,6414,4.9885897169588134e-05,1.1688036918640137,0.0019596898928284645,0.06763285398483276
3,414,6415,4.988586442777887e-05,1.1687935590744019,0.0019618170335888863,0.06746987998485565
3,415,6416,4.98858280479908e-05,1.1686662435531616,0.0019635059870779514,0.06730769574642181
3,416,6417,4.988579166820273e-05,1.1682806015014648,0.0019641066901385784,0.06714628636837006
3,417,6418,4.9885758926393464e-05,1.1677768230438232,0.001962223555892706,0.06698564440011978
3,418,6419,4.988572254660539e-05,1.1674396991729736,0.0019583518151193857,0.06682577729225159
3,419,6420,4.988568616681732e-05,1.1679270267486572,0.0019627457950264215,0.06666667014360428
3,420,6421,4.988564978702925e-05,1.167825698852539,0.0019623171538114548,0.06650831550359726
3,421,6422,4.988561340724118e-05,1.1674258708953857,0.001958700595423579,0.06635071337223053
3,422,6423,4.988558066543192e-05,1.1675078868865967,0.0019595595076680183,0.0661938488483429
3,423,6424,4.9885544285643846e-05,1.1670728921890259,0.001959281973540783,0.06603773683309555
3,424,6425,4.988551154383458e-05,1.1674140691757202,0.001959700370207429,0.0658823549747467
3,425,6426,4.988547516404651e-05,1.1676733493804932,0.0019568398129194975,0.06572769582271576
3,426,6427,4.988543514627963e-05,1.1677162647247314,0.0019550826400518417,0.06557376682758331
3,427,6428,4.988540240447037e-05,1.1676024198532104,0.0019586291164159775,0.06542056053876877
3,428,6429,4.98853660246823e-05,1.1669859886169434,0.0019585632253438234,0.06526806950569153
3,429,6430,4.988532964489423e-05,1.167141318321228,0.001962613547220826,0.0651162788271904
3,430,6431,4.9885296903084964e-05,1.167947769165039,0.001965801464393735,0.06496519595384598
3,431,6432,4.988526052329689e-05,1.168489933013916,0.0019639432430267334,0.06481481343507767
3,432,6433,4.9885220505530015e-05,1.1688802242279053,0.001961721107363701,0.06466512382030487
3,433,6434,4.988518776372075e-05,1.1685965061187744,0.001961847534403205,0.06451612710952759
3,434,6435,4.988515138393268e-05,1.168953537940979,0.0019575865007936954,0.06436781585216522
3,435,6436,4.988511500414461e-05,1.1687724590301514,0.001953925471752882,0.06422018259763718
3,436,6437,4.9885082262335345e-05,1.1683037281036377,0.0019524323288351297,0.06407322734594345
3,437,6438,4.9885045882547274e-05,1.1680097579956055,0.00194942532107234,0.06392693519592285
3,438,6439,4.9885005864780396e-05,1.167842149734497,0.001948788296431303,0.06378132104873657
3,439,6440,4.988497312297113e-05,1.1671733856201172,0.0019499356858432293,0.06363636255264282
3,440,6441,4.988493674318306e-05,1.1670063734054565,0.0019499082118272781,0.0634920597076416
3,441,6442,4.988490036339499e-05,1.1675927639007568,0.0019511582795530558,0.06334841996431351
3,442,6443,4.988486762158573e-05,1.16757071018219,0.001954335719347,0.06320542097091675
3,443,6444,4.9884831241797656e-05,1.1669502258300781,0.001954028382897377,0.06306306272745132
3,444,6445,4.9884794862009585e-05,1.1663544178009033,0.0019542549271136522,0.06292134523391724
3,445,6446,4.9884758482221514e-05,1.1660798788070679,0.001955371582880616,0.06278026849031448
3,446,6447,4.988472210243344e-05,1.1667735576629639,0.0019531631842255592,0.06375838816165924
3,447,6448,4.988468936062418e-05,1.1668157577514648,0.0019494916778057814,0.0647321417927742
3,448,6449,4.988465298083611e-05,1.1672711372375488,0.0019497321918606758,0.06458797305822372
3,449,6450,4.988461660104804e-05,1.1672289371490479,0.0019465291406959295,0.06444444507360458
3,450,6451,4.9884580221259966e-05,1.1668899059295654,0.001943491748534143,0.06430155038833618
3,451,6452,4.9884543841471896e-05,1.1662201881408691,0.001940924092195928,0.06415928900241852
3,452,6453,4.9884507461683825e-05,1.1658337116241455,0.0019387376960366964,0.06401766091585159
3,453,6454,4.988447471987456e-05,1.1655257940292358,0.00193583604414016,0.06387665122747421
3,454,6455,4.988443834008649e-05,1.165680170059204,0.0019350856309756637,0.06373626738786697
3,455,6456,4.988440196029842e-05,1.1650989055633545,0.0019329707138240337,0.06359648704528809
3,456,6457,4.988436558051035e-05,1.1645166873931885,0.0019314177334308624,0.06345733255147934
3,457,6458,4.988432920072228e-05,1.1639230251312256,0.0019284889567643404,0.06331877410411835
3,458,6459,4.9884292820934206e-05,1.1641042232513428,0.0019293117802590132,0.0631808266043663
3,459,6460,4.988426007912494e-05,1.1642019748687744,0.0019266096642240882,0.06413043290376663
3,460,6461,4.988422369933687e-05,1.1636736392974854,0.0019258907996118069,0.06399132311344147
3,461,6462,4.98841873195488e-05,1.1633307933807373,0.001928002922795713,0.06385281682014465
3,462,6463,4.988415093976073e-05,1.163651704788208,0.0019274565856903791,0.063714899122715
3,463,6464,4.988411455997266e-05,1.163104772567749,0.0019278922118246555,0.06357758492231369
3,464,6465,4.988407818018459e-05,1.1633715629577637,0.0019286021124571562,0.06344085931777954
3,465,6466,4.9884045438375324e-05,1.1630420684814453,0.0019320303108543158,0.06330472230911255
3,466,6467,4.988400905858725e-05,1.163173794746399,0.001935344422236085,0.06316916644573212
3,467,6468,4.988397267879918e-05,1.1630394458770752,0.001936859916895628,0.06303419172763824
3,468,6469,4.9883932661032304e-05,1.1629935503005981,0.0019346459303051233,0.06396588683128357
3,469,6470,4.988389991922304e-05,1.163426399230957,0.0019380850717425346,0.06382978707551956
3,470,6471,4.988386353943497e-05,1.1634085178375244,0.0019349034409970045,0.06369426846504211
3,471,6472,4.98838271596469e-05,1.163252353668213,0.0019353795796632767,0.06355932354927063
3,472,6473,4.9883794417837635e-05,1.1633762121200562,0.0019353230018168688,0.06342494487762451
3,473,6474,4.9883758038049564e-05,1.162738561630249,0.0019338962156325579,0.06329113990068436
3,474,6475,4.9883718020282686e-05,1.1628401279449463,0.0019334426615387201,0.06315789371728897
3,475,6476,4.988368527847342e-05,1.1625969409942627,0.0019346398767083883,0.06302521377801895
3,476,6477,4.988364889868535e-05,1.1626806259155273,0.0019382399041205645,0.06289307773113251
3,477,6478,4.988361251889728e-05,1.1625797748565674,0.00194357184227556,0.06276150047779083
3,478,6479,4.9883579777088016e-05,1.1625638008117676,0.001943312818184495,0.06263048201799393
3,479,6480,4.9883543397299945e-05,1.1626625061035156,0.0019400250166654587,0.06354166567325592
3,480,6481,4.988350337953307e-05,1.163232684135437,0.0019411565735936165,0.06340956687927246
3,481,6482,4.9883466999744996e-05,1.1632063388824463,0.0019409256055951118,0.06327801197767258
3,482,6483,4.988343425793573e-05,1.1639235019683838,0.001939518260769546,0.06314700096845627
3,483,6484,4.988339787814766e-05,1.1639316082000732,0.0019378343131393194,0.06404958665370941
3,484,6485,4.988336149835959e-05,1.164090633392334,0.0019414883572608232,0.06391752511262894
3,485,6486,4.988332511857152e-05,1.1636221408843994,0.0019416604191064835,0.06378600746393204
3,486,6487,4.988328873878345e-05,1.1638251543045044,0.0019424305064603686,0.06365503370761871
3,487,6488,4.988325235899538e-05,1.163431167602539,0.0019396226853132248,0.06352458894252777
3,488,6489,4.9883219617186114e-05,1.1631730794906616,0.0019398980075493455,0.06339468061923981
3,489,6490,4.988318323739804e-05,1.163149118423462,0.0019364606123417616,0.06326530873775482
3,490,6491,4.988314685760997e-05,1.16254460811615,0.0019358457066118717,0.06313645839691162
3,491,6492,4.9883106839843094e-05,1.1633658409118652,0.0019357898272573948,0.0630081295967102
3,492,6493,4.988307409803383e-05,1.1632797718048096,0.001934884348884225,0.06288032233715057
3,493,6494,4.988303771824576e-05,1.1636021137237549,0.0019347553607076406,0.06275303661823273
3,494,6495,4.988300133845769e-05,1.1632211208343506,0.0019318684935569763,0.06262625753879547
3,495,6496,4.988296495866962e-05,1.163243293762207,0.0019297017715871334,0.0635080635547638
3,496,6497,4.9882932216860354e-05,1.1635477542877197,0.0019300210988149047,0.06338028609752655
3,497,6498,4.9882892199093476e-05,1.1633265018463135,0.001933033112436533,0.0632530152797699
3,498,6499,4.988285945728421e-05,1.1630444526672363,0.001937133027240634,0.06312625110149384
3,499,6500,4.988282671547495e-05,1.1627435684204102,0.0019373297691345215,0.06300000101327896
3,500,6501,4.988278669770807e-05,1.1627717018127441,0.0019402502803131938,0.06287425011396408
3,501,6502,4.988274667994119e-05,1.1625430583953857,0.0019425626378506422,0.06274900585412979
3,502,6503,4.988271393813193e-05,1.162583827972412,0.0019404382910579443,0.06361828744411469
3,503,6504,4.988267755834386e-05,1.1625690460205078,0.0019422606565058231,0.0634920671582222
3,504,6505,4.9882641178555787e-05,1.1624407768249512,0.0019409633241593838,0.06336633861064911
3,505,6506,4.9882604798767716e-05,1.1626553535461426,0.0019394743721932173,0.06324110925197601
3,506,6507,4.9882568418979645e-05,1.1630890369415283,0.0019356689881533384,0.06311637163162231
3,507,6508,4.9882532039191574e-05,1.1632304191589355,0.0019324843306094408,0.06397637724876404
3,508,6509,4.98824956594035e-05,1.163147211074829,0.0019338318379595876,0.06385068595409393
3,509,6510,4.988246291759424e-05,1.1633250713348389,0.00193332030903548,0.06470588594675064
3,510,6511,4.988242653780617e-05,1.1629005670547485,0.0019331988878548145,0.06457925587892532
3,511,6512,4.98823901580181e-05,1.162729024887085,0.001932658487930894,0.064453125
3,512,6513,4.988235014025122e-05,1.1626673936843872,0.001931925187818706,0.06432748585939407
3,513,6514,4.9882317398441955e-05,1.1630529165267944,0.0019316344987601042,0.06420233100652695
3,514,6515,4.9882281018653885e-05,1.16317617893219,0.0019301059655845165,0.06407766789197922
3,515,6516,4.9882244638865814e-05,1.1634409427642822,0.0019293848890811205,0.06395348906517029
3,516,6517,4.988220825907774e-05,1.163024663925171,0.0019287706818431616,0.06382978707551956
3,517,6518,4.988217187928967e-05,1.1627378463745117,0.0019255914958193898,0.06370656192302704
3,518,6519,4.98821354995016e-05,1.1626167297363281,0.0019243699498474598,0.06358382105827332
3,519,6520,4.988209911971353e-05,1.1630547046661377,0.0019236539956182241,0.0634615421295166
3,520,6521,4.9882066377904266e-05,1.1632826328277588,0.0019236961379647255,0.0633397325873375
3,521,6522,4.9882029998116195e-05,1.1633358001708984,0.0019246840383857489,0.06321839243173599
3,522,6523,4.9881993618328124e-05,1.1635558605194092,0.0019249258330091834,0.0630975142121315
3,523,6524,4.9881953600561246e-05,1.1634008884429932,0.0019263119902461767,0.06297709792852402
3,524,6525,4.9881917220773175e-05,1.1632448434829712,0.0019234181381762028,0.06285714358091354
3,525,6526,4.988188447896391e-05,1.1631839275360107,0.0019246384035795927,0.06273764371871948
3,526,6527,4.988184809917584e-05,1.1628844738006592,0.0019275256199762225,0.06261859834194183
3,527,6528,4.988180808140896e-05,1.1632027626037598,0.0019273225916549563,0.0625
3,528,6529,4.98817753395997e-05,1.1634438037872314,0.0019270015181973577,0.06238184869289398
3,529,6530,4.988173895981163e-05,1.163336992263794,0.0019299134146422148,0.062264151871204376
3,530,6531,4.988170258002356e-05,1.1633195877075195,0.0019269307376816869,0.06214689463376999
3,531,6532,4.9881666200235486e-05,1.1632678508758545,0.0019279468106105924,0.06203007698059082
3,532,6533,4.9881629820447415e-05,1.1632919311523438,0.0019245045259594917,0.06191369518637657
3,533,6534,4.9881593440659344e-05,1.1634795665740967,0.0019210336031392217,0.06273408234119415
3,534,6535,4.988155706087127e-05,1.1635830402374268,0.0019204715499654412,0.06261682510375977
3,535,6536,4.98815206810832e-05,1.1637566089630127,0.0019195275381207466,0.06343283504247665
3,536,6537,4.988148793927394e-05,1.1637914180755615,0.0019169822335243225,0.06424580514431
3,537,6538,4.988145155948587e-05,1.1641037464141846,0.0019134324975311756,0.0641263946890831
3,538,6539,4.988141154171899e-05,1.1642086505889893,0.0019140029326081276,0.06400742381811142
3,539,6540,4.988137516193092e-05,1.1640026569366455,0.001913953572511673,0.06388889253139496
3,540,6541,4.9881342420121655e-05,1.1643257141113281,0.001913748332299292,0.06377079337835312
3,541,6542,4.9881306040333584e-05,1.1648502349853516,0.0019132279558107257,0.0636531338095665
3,542,6543,4.988126966054551e-05,1.1644799709320068,0.0019128634594380856,0.0635359138250351
3,543,6544,4.9881229642778635e-05,1.1645159721374512,0.0019116041949018836,0.06433823704719543
3,544,6545,4.9881193262990564e-05,1.1645591259002686,0.0019091188441962004,0.06513760983943939
3,545,6546,4.98811605211813e-05,1.1644411087036133,0.0019070706330239773,0.06501831859350204
3,546,6547,4.988112414139323e-05,1.1647858619689941,0.0019131391309201717,0.06489945203065872
3,547,6548,4.988108412362635e-05,1.164222240447998,0.0019118757918477058,0.06478101760149002
3,548,6549,4.988105138181709e-05,1.164196252822876,0.001909072045236826,0.06466302275657654
3,549,6550,4.988101136405021e-05,1.165269136428833,0.0019125697435811162,0.06454545259475708
3,550,6551,4.9880978622240946e-05,1.1649277210235596,0.00191154470667243,0.06442831456661224
3,551,6552,4.9880942242452875e-05,1.1651241779327393,0.0019106039544567466,0.06431159377098083
3,552,6553,4.9880902224686e-05,1.1654067039489746,0.001908697304315865,0.06509946286678314
3,553,6554,4.988086948287673e-05,1.1648744344711304,0.0019094431772828102,0.06498195230960846
3,554,6555,4.988083310308866e-05,1.1648430824279785,0.0019077409524470568,0.06576576828956604
3,555,6556,4.988079672330059e-05,1.16542387008667,0.001908914651721716,0.06564748287200928
3,556,6557,4.988076034351252e-05,1.1652109622955322,0.0019079780904576182,0.06552962213754654
3,557,6558,4.988072396372445e-05,1.1652588844299316,0.0019088431727141142,0.06541218608617783
3,558,6559,4.988068758393638e-05,1.1658145189285278,0.0019080431666225195,0.06618962436914444
3,559,6560,4.988065120414831e-05,1.165485143661499,0.0019065140513703227,0.06607142835855484
3,560,6561,4.9880614824360237e-05,1.165736198425293,0.0019064302323386073,0.06684492528438568
3,561,6562,4.988057480659336e-05,1.1654212474822998,0.001903945580124855,0.06672597676515579
3,562,6563,4.9880542064784095e-05,1.165611982345581,0.0019033029675483704,0.06660746037960052
3,563,6564,4.9880505684996024e-05,1.1653070449829102,0.0019024412613362074,0.06648936122655869
3,564,6565,4.988046930520795e-05,1.1652621030807495,0.0019014000426977873,0.06637167930603027
3,565,6566,4.988043292541988e-05,1.1656386852264404,0.001902111922390759,0.06625442206859589
3,566,6567,4.988039654563181e-05,1.166066288948059,0.0019013737328350544,0.06613756716251373
3,567,6568,4.988036016584374e-05,1.1663050651550293,0.0019039814360439777,0.06602112948894501
3,568,6569,4.988032378605567e-05,1.1660783290863037,0.0019026387017220259,0.06590509414672852
3,569,6570,4.98802874062676e-05,1.165903925895691,0.0019008142407983541,0.06578947603702545
3,570,6571,4.988025102647953e-05,1.1658694744110107,0.0019016156438738108,0.06567426025867462
3,571,6572,4.9880214646691456e-05,1.1659386157989502,0.0019021923653781414,0.06555943936109543
3,572,6573,4.9880178266903386e-05,1.1654326915740967,0.001903608674183488,0.06544502824544907
3,573,6574,4.9880141887115315e-05,1.1653516292572021,0.0019011105177924037,0.06533101201057434
3,574,6575,4.9880105507327244e-05,1.165570855140686,0.00189971923828125,0.06521739065647125
3,575,6576,4.9880065489560366e-05,1.1655384302139282,0.0018976116552948952,0.0651041641831398
3,576,6577,4.98800327477511e-05,1.1653984785079956,0.0018978395964950323,0.06499133259057999
3,577,6578,4.987999636796303e-05,1.165812611579895,0.0018973711412400007,0.06574394553899765
3,578,6579,4.987995635019615e-05,1.1658496856689453,0.0018967351643368602,0.06563039124011993
3,579,6580,4.987992360838689e-05,1.1656277179718018,0.0018956140847876668,0.06551723927259445
3,580,6581,4.987988359062001e-05,1.1658896207809448,0.0018924956675618887,0.06540447473526001
3,581,6582,4.987985084881075e-05,1.1660051345825195,0.0018907375633716583,0.0661512017250061
3,582,6583,4.9879814469022676e-05,1.1657999753952026,0.0018895647954195738,0.06603773683309555
3,583,6584,4.98797744512558e-05,1.1661829948425293,0.0018863381119444966,0.06678082048892975
3,584,6585,4.9879741709446535e-05,1.1662122011184692,0.0018832796486094594,0.06666667014360428
3,585,6586,4.9879701691679657e-05,1.1664021015167236,0.0018800871912389994,0.06655289977788925
3,586,6587,4.9879665311891586e-05,1.166038155555725,0.0018808667082339525,0.06643952429294586
3,587,6588,4.987963257008232e-05,1.166529893875122,0.0018776680808514357,0.06802721321582794
3,588,6589,4.987959619029425e-05,1.166486382484436,0.0018770020687952638,0.06791171431541443
3,589,6590,4.987955617252737e-05,1.1669225692749023,0.0018790180329233408,0.06779661029577255
3,590,6591,4.98795197927393e-05,1.167325735092163,0.0018786252476274967,0.06768189370632172
3,591,6592,4.987948341295123e-05,1.1672992706298828,0.0018781614489853382,0.06756757199764252
3,592,6593,4.987944703316316e-05,1.167222499847412,0.0018770825117826462,0.06745362281799316
3,593,6594,4.9879414291353896e-05,1.1675571203231812,0.0018739253282546997,0.06818181276321411
3,594,6595,4.987937427358702e-05,1.1672821044921875,0.001872271066531539,0.06806723028421402
3,595,6596,4.987933789379895e-05,1.167551040649414,0.0018720102962106466,0.06795302033424377
3,596,6597,4.9879301514010876e-05,1.1673314571380615,0.0018713411409407854,0.06783919781446457
3,597,6598,4.9879265134222806e-05,1.1671841144561768,0.0018696561455726624,0.0677257552742958
3,598,6599,4.987923239241354e-05,1.1673927307128906,0.0018685674294829369,0.06844741106033325
3,599,6600,4.9879192374646664e-05,1.167934536933899,0.0018678142223507166,0.06916666030883789
3,600,6601,4.9879152356879786e-05,1.167754888534546,0.001866926089860499,0.0690515786409378
3,601,6602,4.9879115977091715e-05,1.1678414344787598,0.0018675834871828556,0.06893687695264816
3,602,6603,4.987908323528245e-05,1.1677356958389282,0.001867397571913898,0.06882255524396896
3,603,6604,4.987904685549438e-05,1.1678459644317627,0.0018643731018528342,0.06870860606431961
3,604,6605,4.987901047570631e-05,1.1678686141967773,0.0018629051046445966,0.0685950368642807
3,605,6606,4.987897045793943e-05,1.1680269241333008,0.0018635131418704987,0.06848184764385223
3,606,6607,4.987893407815136e-05,1.1679039001464844,0.0018630805425345898,0.06836903095245361
3,607,6608,4.9878901336342096e-05,1.1677229404449463,0.0018622587667778134,0.06825657933950424
3,608,6609,4.987886131857522e-05,1.167832851409912,0.0018617635359987617,0.06896551698446274
3,609,6610,4.9878828576765954e-05,1.167750358581543,0.0018597135785967112,0.06885245442390442
3,610,6611,4.9878788558999076e-05,1.167872428894043,0.0018595617730170488,0.06873977184295654
3,611,6612,4.9878752179211006e-05,1.1680984497070312,0.001858451752923429,0.06862745434045792
3,612,6613,4.9878715799422935e-05,1.16841459274292,0.001855463720858097,0.06933115422725677
3,613,6614,4.9878679419634864e-05,1.1681859493255615,0.0018546319333836436,0.06921824812889099
3,614,6615,4.987864303984679e-05,1.1680431365966797,0.0018535370472818613,0.06910569220781326
3,615,6616,4.987860666005872e-05,1.1680426597595215,0.0018529988592490554,0.06899350881576538
3,616,6617,4.987857028027065e-05,1.1679514646530151,0.0018519493751227856,0.06888169050216675
3,617,6618,4.987853390048258e-05,1.1679439544677734,0.0018520352896302938,0.06877022981643677
3,618,6619,4.98784938827157e-05,1.168130874633789,0.0018530000234022737,0.06865912675857544
3,619,6620,4.987845750292763e-05,1.1678402423858643,0.0018509513465687633,0.06854838132858276
3,620,6621,4.987842476111837e-05,1.1679465770721436,0.0018509554211050272,0.06843800842761993
3,621,6622,4.9878388381330296e-05,1.1678340435028076,0.0018493817187845707,0.06832797825336456
3,622,6623,4.987834836356342e-05,1.1677687168121338,0.0018499186262488365,0.06821829825639725
3,623,6624,4.987831198377535e-05,1.1673765182495117,0.001847818261012435,0.06810897588729858
3,624,6625,4.9878275603987277e-05,1.167446255683899,0.0018464381573721766,0.06800000369548798
3,625,6626,4.9878239224199206e-05,1.1675381660461426,0.0018446675967425108,0.06789137423038483
3,626,6627,4.9878202844411135e-05,1.1677963733673096,0.0018464301247149706,0.06778309494256973
3,627,6628,4.9878166464623064e-05,1.1674851179122925,0.0018438822589814663,0.0676751583814621
3,628,6629,4.987813008483499e-05,1.1670663356781006,0.0018427199684083462,0.06756756454706192
3,629,6630,4.987809370504692e-05,1.1671130657196045,0.0018398606916889548,0.0674603208899498
3,630,6631,4.9878053687280044e-05,1.1670411825180054,0.001838458003476262,0.06735341250896454
3,631,6632,4.987801730749197e-05,1.1668298244476318,0.0018372416961938143,0.06724683940410614
3,632,6633,4.98779809277039e-05,1.1672477722167969,0.001839722041040659,0.067140594124794
3,633,6634,4.987794454791583e-05,1.1674044132232666,0.0018382605630904436,0.06782334297895432
3,634,6635,4.987791180610657e-05,1.167182207107544,0.0018368563614785671,0.06771653890609741
3,635,6636,4.987787178833969e-05,1.1668431758880615,0.0018352132756263018,0.06761006265878677
3,636,6637,4.987783540855162e-05,1.1669957637786865,0.001834498019888997,0.0675039291381836
3,637,6638,4.987779902876355e-05,1.1669998168945312,0.0018342717085033655,0.06739811599254608
3,638,6639,4.987775901099667e-05,1.1669925451278687,0.0018328400328755379,0.06807512044906616
3,639,6640,4.9877726269187406e-05,1.1670315265655518,0.0018318193033337593,0.06796874850988388
3,640,6641,4.987768625142053e-05,1.1676390171051025,0.0018317161593586206,0.0686427429318428
3,641,6642,4.987764987163246e-05,1.167286992073059,0.0018311802996322513,0.06853581964969635
3,642,6643,4.987761712982319e-05,1.1670931577682495,0.0018309045117348433,0.06842923909425735
3,643,6644,4.9877577112056315e-05,1.1673316955566406,0.0018314800690859556,0.06832297891378403
3,644,6645,4.9877540732268244e-05,1.1672885417938232,0.0018289505969733,0.0689922496676445
3,645,6646,4.9877500714501366e-05,1.1672992706298828,0.0018273408059030771,0.0688854455947876
3,646,6647,4.98774679726921e-05,1.1671372652053833,0.001826927182264626,0.06877897679805756
3,647,6648,4.987743159290403e-05,1.1669902801513672,0.0018261091317981482,0.06867283582687378
3,648,6649,4.987739521311596e-05,1.1670054197311401,0.0018273326568305492,0.06856702268123627
3,649,6650,4.987735519534908e-05,1.1670138835906982,0.0018267773557454348,0.06846153736114502
3,650,6651,4.987731881556101e-05,1.1667189598083496,0.001826602267101407,0.06835637986660004
3,651,6652,4.987728243577294e-05,1.1664927005767822,0.0018253078451380134,0.06825153529644012
3,652,6653,4.987724605598487e-05,1.1660866737365723,0.001824303762987256,0.06814701855182648
3,653,6654,4.987720603821799e-05,1.166013240814209,0.0018236238975077868,0.0680428147315979
3,654,6655,4.987716965842992e-05,1.1657016277313232,0.0018227711552754045,0.06793893128633499
3,655,6656,4.987713691662066e-05,1.1660997867584229,0.001821877434849739,0.06859756261110306
3,656,6657,4.9877100536832586e-05,1.1656620502471924,0.0018206860404461622,0.06849315017461777
3,657,6658,4.987706051906571e-05,1.165726900100708,0.0018225605599582195,0.06838905811309814
3,658,6659,4.987702413927764e-05,1.165377140045166,0.001820654608309269,0.06828527897596359
3,659,6660,4.9876987759489566e-05,1.1654845476150513,0.0018200165359303355,0.06818182021379471
3,660,6661,4.9876951379701495e-05,1.165727138519287,0.0018173212883993983,0.06883509457111359
3,661,6662,4.987691136193462e-05,1.1653879880905151,0.0018153649289160967,0.06873111426830292
3,662,6663,4.9876874982146546e-05,1.1658847332000732,0.001816088450141251,0.06862745434045792
3,663,6664,4.987684224033728e-05,1.1655373573303223,0.001816072966903448,0.06852409243583679
3,664,6665,4.987680586054921e-05,1.1655542850494385,0.001816445030272007,0.06842105090618134
3,665,6666,4.9876765842782333e-05,1.165842890739441,0.0018165337387472391,0.06831832230091095
3,666,6667,4.987672946299426e-05,1.1658328771591187,0.0018142012413591146,0.06896551698446274
3,667,6668,4.987669308320619e-05,1.165670394897461,0.001813890878111124,0.06886227428913116
3,668,6669,4.987665670341812e-05,1.165408968925476,0.0018142987973988056,0.06875933706760406
3,669,6670,4.987661668565124e-05,1.1654012203216553,0.0018121072789654136,0.06865671277046204
3,670,6671,4.9876576667884365e-05,1.1651995182037354,0.0018122026231139898,0.06855440139770508
3,671,6672,4.98765439260751e-05,1.1653149127960205,0.0018116241553798318,0.0684523805975914
3,672,6673,4.987650754628703e-05,1.1654136180877686,0.0018114259000867605,0.0683506652712822
3,673,6674,4.987647116649896e-05,1.165732502937317,0.0018139258027076721,0.06824925541877747
3,674,6675,4.987643478671089e-05,1.1654555797576904,0.0018138729501515627,0.06814815104007721
3,675,6676,4.987639840692282e-05,1.1651276350021362,0.0018124503549188375,0.06804733723402023
3,676,6677,4.9876362027134746e-05,1.164841890335083,0.0018104792106896639,0.06794682145118713
3,677,6678,4.987632200936787e-05,1.1650516986846924,0.00181324384175241,0.06784661114215851
3,678,6679,4.987628199160099e-05,1.1655001640319824,0.0018132050754502416,0.06774668395519257
3,679,6680,4.9876249249791726e-05,1.1652603149414062,0.0018125545466318727,0.0676470622420311
3,680,6681,4.987620923202485e-05,1.1648292541503906,0.0018119856249541044,0.06754772365093231
3,681,6682,4.9876176490215585e-05,1.1647045612335205,0.0018121341709047556,0.0674486756324768
3,682,6683,4.987613647244871e-05,1.1649049520492554,0.0018124156631529331,0.06734992563724518
3,683,6684,4.9876100092660636e-05,1.1650309562683105,0.0018130610696971416,0.06725145876407623
3,684,6685,4.987606735085137e-05,1.165099859237671,0.0018124718917533755,0.06715328246355057
3,685,6686,4.9876027333084494e-05,1.1648461818695068,0.0018128131050616503,0.06705538928508759
3,686,6687,4.9875987315317616e-05,1.1648614406585693,0.0018127176444977522,0.06695778667926788
3,687,6688,4.9875950935529545e-05,1.1647229194641113,0.0018157819285988808,0.06686046719551086
3,688,6689,4.9875914555741474e-05,1.1646037101745605,0.0018135665450245142,0.06676342338323593
3,689,6690,4.98758781759534e-05,1.1642940044403076,0.0018146547954529524,0.06666666269302368
3,690,6691,4.9875838158186525e-05,1.164255976676941,0.0018147225491702557,0.06657018512487411
3,691,6692,4.9875801778398454e-05,1.1643356084823608,0.0018146741203963757,0.06647399067878723
3,692,6693,4.987576903658919e-05,1.1641002893447876,0.0018141722539439797,0.06637807190418243
3,693,6694,4.987572901882231e-05,1.1637904644012451,0.0018135051941499114,0.06628242135047913
3,694,6695,4.987569263903424e-05,1.1642119884490967,0.0018122615292668343,0.0661870539188385
3,695,6696,4.987565625924617e-05,1.1639666557312012,0.0018119135638698936,0.06609195470809937
3,696,6697,4.98756198794581e-05,1.1640410423278809,0.0018114286940544844,0.06671448796987534
3,697,6698,4.987558349967003e-05,1.164032220840454,0.001810184447094798,0.066618911921978
3,698,6699,4.987554348190315e-05,1.1646159887313843,0.0018106577917933464,0.06652360409498215
3,699,6700,4.987550710211508e-05,1.1648904085159302,0.001811741036362946,0.06642857193946838
3,700,6701,4.987547072232701e-05,1.1645586490631104,0.0018099469598382711,0.06633380800485611
3,701,6702,4.987543070456013e-05,1.1643047332763672,0.0018103263573721051,0.06623931229114532
3,702,6703,4.987539432477206e-05,1.1645567417144775,0.001808822387829423,0.06614509224891663
3,703,6704,4.987535794498399e-05,1.1649080514907837,0.0018093024846166372,0.06605114042758942
3,704,6705,4.987532156519592e-05,1.1650322675704956,0.0018101013265550137,0.0659574493765831
3,705,6706,4.987528518540785e-05,1.1648292541503906,0.0018081412417814136,0.06586402654647827
3,706,6707,4.987524516764097e-05,1.1646287441253662,0.0018080263398587704,0.06577086448669434
3,707,6708,4.98752087878529e-05,1.1648608446121216,0.0018077539280056953,0.06638418138027191
3,708,6709,4.9875176046043634e-05,1.1646316051483154,0.0018069576472043991,0.06629054993391037
3,709,6710,4.9875136028276756e-05,1.1645925045013428,0.0018084710463881493,0.06619718670845032
3,710,6711,4.9875099648488685e-05,1.1647377014160156,0.0018060117727145553,0.06680731475353241
3,711,6712,4.987505963072181e-05,1.1644878387451172,0.0018067434430122375,0.06671348214149475
3,712,6713,4.9875023250933737e-05,1.1642327308654785,0.0018081660382449627,0.06661991775035858
3,713,6714,4.9874986871145666e-05,1.1645073890686035,0.0018088285578414798,0.0665266141295433
3,714,6715,4.987494685337879e-05,1.1643272638320923,0.0018124651396647096,0.06643356382846832
3,715,6716,4.9874914111569524e-05,1.1643877029418945,0.0018128999508917332,0.06634078174829483
3,716,6717,4.9874874093802646e-05,1.16424560546875,0.0018124021589756012,0.06624826043844223
3,717,6718,4.987483407603577e-05,1.164090871810913,0.001810251735150814,0.06615598499774933
3,718,6719,4.98747976962477e-05,1.1640459299087524,0.0018104328773915768,0.06606397777795792
3,719,6720,4.987476495443843e-05,1.1641840934753418,0.0018113554688170552,0.0659722238779068
3,720,6721,4.987472857465036e-05,1.1640435457229614,0.0018103895708918571,0.06588072329759598
3,721,6722,4.9874688556883484e-05,1.1638625860214233,0.001809586538001895,0.06578947603702545
3,722,6723,4.9874648539116606e-05,1.1634900569915771,0.0018082158640027046,0.06569848209619522
3,723,6724,4.987461579730734e-05,1.1634130477905273,0.0018075101543217897,0.06560773402452469
3,724,6725,4.987457941751927e-05,1.1633872985839844,0.0018092765239998698,0.06551723927259445
3,725,6726,4.987453939975239e-05,1.1629774570465088,0.0018090845551341772,0.06542699784040451
3,726,6727,4.987450301996432e-05,1.163008213043213,0.0018118434818461537,0.06533700227737427
3,727,6728,4.987446664017625e-05,1.1633927822113037,0.0018136997241526842,0.06524725258350372
3,728,6729,4.987443026038818e-05,1.1630561351776123,0.001812440576031804,0.06515775620937347
3,729,6730,4.98743902426213e-05,1.1630315780639648,0.0018123870249837637,0.06506849080324173
3,730,6731,4.987435386283323e-05,1.1629506349563599,0.0018133926205337048,0.06497947871685028
3,731,6732,4.987431748304516e-05,1.1631779670715332,0.0018109329976141453,0.06489071249961853
3,732,6733,4.987427746527828e-05,1.163222074508667,0.0018085998017340899,0.06480218470096588
3,733,6734,4.987424108549021e-05,1.1630111932754517,0.001808410044759512,0.06471389532089233
3,734,6735,4.987420470570214e-05,1.1630444526672363,0.001806373242288828,0.06462585180997849
3,735,6736,4.987416468793526e-05,1.1632781028747559,0.0018069477519020438,0.06453804671764374
3,736,6737,4.987412830814719e-05,1.163179874420166,0.0018090829253196716,0.0644504725933075
3,737,6738,4.9874088290380314e-05,1.1627464294433594,0.0018092789687216282,0.06436314433813095
3,738,6739,4.987405554857105e-05,1.1624505519866943,0.0018093883991241455,0.06427604705095291
3,739,6740,4.987401553080417e-05,1.1622644662857056,0.0018103228649124503,0.06418918818235397
3,740,6741,4.98739791510161e-05,1.1623139381408691,0.0018132986733689904,0.06410256028175354
3,741,6742,4.987394277122803e-05,1.161867618560791,0.0018134303390979767,0.06401617079973221
3,742,6743,4.987390639143996e-05,1.161820888519287,0.0018144523492082953,0.06393001973628998
3,743,6744,4.987387001165189e-05,1.1620538234710693,0.001812024274840951,0.06384408473968506
3,744,6745,4.987382999388501e-05,1.1621088981628418,0.0018098747823387384,0.06375838816165924
3,745,6746,4.987379361409694e-05,1.1619579792022705,0.0018077634740620852,0.06367292255163193
3,746,6747,4.987375723430887e-05,1.1619585752487183,0.0018061331938952208,0.06358768045902252
3,747,6748,4.98737208545208e-05,1.1622133255004883,0.001808087807148695,0.06350267678499222
3,748,6749,4.987368083675392e-05,1.1624839305877686,0.001808398519642651,0.06341788917779922
3,749,6750,4.987364445696585e-05,1.1629242897033691,0.001809221925213933,0.06333333253860474
3,750,6751,4.987360807717778e-05,1.1628954410552979,0.0018090817611664534,0.06324900686740875
3,751,6752,4.987357169738971e-05,1.1627694368362427,0.0018082114402204752,0.06316488981246948
3,752,6753,4.987353167962283e-05,1.1627188920974731,0.0018061853479593992,0.06308101117610931
3,753,6754,4.987349529983476e-05,1.1626073122024536,0.0018061979208141565,0.06299734860658646
3,754,6755,4.987345892004669e-05,1.1625360250473022,0.0018044067546725273,0.0629139095544815
3,755,6756,4.987341890227981e-05,1.1621723175048828,0.001803439692594111,0.06283068656921387
3,756,6757,4.987338252249174e-05,1.16215980052948,0.0018013175576925278,0.06274768710136414
3,757,6758,4.987334614270367e-05,1.1618750095367432,0.0017998727271333337,0.06266490370035172
3,758,6759,4.987330612493679e-05,1.1622073650360107,0.0018020065035670996,0.0625823438167572
3,759,6760,4.987326974514872e-05,1.1618735790252686,0.0018007399048656225,0.0625
3,760,6761,4.987323336536065e-05,1.161607265472412,0.001801827922463417,0.06241787225008011
3,761,6762,4.9873196985572577e-05,1.1615636348724365,0.0018042402807623148,0.06233595684170723
3,762,6763,4.98731569678057e-05,1.1615400314331055,0.001803664956241846,0.06225425750017166
3,763,6764,4.987311695003882e-05,1.1618285179138184,0.001803116174414754,0.062172774225473404
3,764,6765,4.987308420822956e-05,1.162100076675415,0.0018033140804618597,0.06209150701761246
3,765,6766,4.987304419046268e-05,1.1626181602478027,0.0018026293255388737,0.062010444700717926
3,766,6767,4.987300781067461e-05,1.1622707843780518,0.0018024700693786144,0.06192959472537041
3,767,6768,4.987296779290773e-05,1.1620862483978271,0.0018011131323873997,0.0618489608168602
3,768,6769,4.987293141311966e-05,1.1618952751159668,0.0017996211536228657,0.061768531799316406
3,769,6770,4.987289503333159e-05,1.1619117259979248,0.0018007990438491106,0.06168831139802933
3,770,6771,4.987285501556471e-05,1.1618385314941406,0.0018003626028075814,0.06160829961299896
3,771,6772,4.987281863577664e-05,1.1616849899291992,0.0018003365257754922,0.06152849644422531
3,772,6773,4.987278225598857e-05,1.161799669265747,0.001801591832190752,0.061448901891708374
3,773,6774,4.987274223822169e-05,1.1617649793624878,0.0018009195337072015,0.061369508504867554
3,774,6775,4.987270585843362e-05,1.1617770195007324,0.0018001800635829568,0.06129032373428345
3,775,6776,4.987266947864555e-05,1.1615300178527832,0.0017983086872845888,0.06121134012937546
3,776,6777,4.987263309885748e-05,1.1616184711456299,0.0017986856400966644,0.061132561415433884
3,777,6778,4.98725930810906e-05,1.1618034839630127,0.0017987993778660893,0.061053983867168427
3,778,6779,4.987255670130253e-05,1.161606788635254,0.0017980723641812801,0.060975611209869385
3,779,6780,4.987252032151446e-05,1.1614582538604736,0.0017970704939216375,0.06089743971824646
3,780,6781,4.987248030374758e-05,1.1611723899841309,0.0017953532515093684,0.060819461941719055
3,781,6782,4.987244392395951e-05,1.1612437963485718,0.0017960742115974426,0.06074168533086777
3,782,6783,4.987240754417144e-05,1.1608551740646362,0.001795459073036909,0.060664113610982895
3,783,6784,4.987236752640456e-05,1.1608474254608154,0.0017953452188521624,0.06058673560619354
3,784,6785,4.987233114661649e-05,1.1610597372055054,0.0017965412698686123,0.06050955504179001
3,785,6786,4.987229112884961e-05,1.160852074623108,0.0017946581356227398,0.060432568192481995
3,786,6787,4.987225838704035e-05,1.160884141921997,0.0017935202922672033,0.0603557825088501
3,787,6788,4.987221836927347e-05,1.1607961654663086,0.0017914073541760445,0.06027918681502342
3,788,6789,4.987217835150659e-05,1.1608870029449463,0.0017906054854393005,0.060202792286872864
3,789,6790,4.987214560969733e-05,1.1605167388916016,0.0017901789397001266,0.06012658402323723
3,790,6791,4.987210559193045e-05,1.1601142883300781,0.0017903188709169626,0.06005056947469711
3,791,6792,4.987206921214238e-05,1.160016655921936,0.0017913272604346275,0.05997474491596222
3,792,6793,4.98720291943755e-05,1.1603094339370728,0.0017910070018842816,0.059899114072322845
3,793,6794,4.987199281458743e-05,1.1602458953857422,0.0017918969970196486,0.05982367694377899
3,794,6795,4.987195643479936e-05,1.1602975130081177,0.0017921130638569593,0.05974842607975006
3,795,6796,4.987191641703248e-05,1.1607208251953125,0.001791423768736422,0.05967336893081665
3,796,6797,4.987188003724441e-05,1.1608664989471436,0.0017907705623656511,0.059598490595817566
3,797,6798,4.987184365745634e-05,1.1610851287841797,0.0017885382985696197,0.0595238097012043
3,798,6799,4.987180363968946e-05,1.1608150005340576,0.0017891924362629652,0.05944931134581566
3,799,6800,4.987176725990139e-05,1.1607840061187744,0.0017886110581457615,0.05937499925494194
3,800,6801,4.987173088011332e-05,1.160745620727539,0.0017880697268992662,0.059300873428583145
3,801,6802,4.987169450032525e-05,1.1609002351760864,0.0017876067431643605,0.05922693386673927
3,802,6803,4.987165448255837e-05,1.1608866453170776,0.0017855152254924178,0.059153176844120026
3,803,6804,4.98716181027703e-05,1.160737156867981,0.0017853082390502095,0.0590796023607254
3,804,6805,4.987158172298223e-05,1.1603714227676392,0.0017842393135651946,0.0590062141418457
3,805,6806,4.987153806723654e-05,1.1602282524108887,0.0017843610839918256,0.05893300473690033
3,806,6807,4.987150168744847e-05,1.1603059768676758,0.001782446401193738,0.05947955325245857
3,807,6808,4.98714653076604e-05,1.1603140830993652,0.00178035837598145,0.059405941516160965
3,808,6809,4.987142892787233e-05,1.160103678703308,0.0017819497734308243,0.059332504868507385
3,809,6810,4.987138891010545e-05,1.1603353023529053,0.0017817083280533552,0.05987654626369476
3,810,6811,4.987135253031738e-05,1.1605064868927002,0.0017820540815591812,0.05980271100997925
3,811,6812,4.987131615052931e-05,1.1605677604675293,0.0017821954097598791,0.059729062020778656
3,812,6813,4.987127613276243e-05,1.16036057472229,0.0017820856301113963,0.05965559929609299
3,813,6814,4.9871236114995554e-05,1.1607959270477295,0.0017835740000009537,0.05958230793476105
3,814,6815,4.987119973520748e-05,1.160642385482788,0.0017846792470663786,0.05950920283794403
3,815,6816,4.9871159717440605e-05,1.1608331203460693,0.0017853440949693322,0.05943627655506134
3,816,6817,4.9871123337652534e-05,1.160487174987793,0.0017858799546957016,0.059363529086112976
3,817,6818,4.987108695786446e-05,1.1604399681091309,0.0017838117200881243,0.05929095298051834
3,818,6819,4.987105057807639e-05,1.1605147123336792,0.0017833365127444267,0.05921856313943863
3,819,6820,4.9871010560309514e-05,1.1605618000030518,0.0017833698075264692,0.05914634093642235
3,820,6821,4.9870974180521443e-05,1.1604232788085938,0.0017829362768679857,0.05907429754734039
3,821,6822,4.987093780073337e-05,1.160529613494873,0.001782699953764677,0.059610702097415924
3,822,6823,4.9870897782966495e-05,1.160338282585144,0.0017810054123401642,0.05953827500343323
3,823,6824,4.9870861403178424e-05,1.160765528678894,0.0017807433614507318,0.06007281318306923
3,824,6825,4.987082502339035e-05,1.1606940031051636,0.0017818668857216835,0.05999999865889549
3,825,6826,4.9870785005623475e-05,1.160691261291504,0.0017801622161641717,0.06053268536925316
3,826,6827,4.9870748625835404e-05,1.1604660749435425,0.0017796459142118692,0.06045949459075928
3,827,6828,4.9870708608068526e-05,1.1604375839233398,0.0017801548819988966,0.06038647145032883
3,828,6829,4.987067586625926e-05,1.1605570316314697,0.0017811462748795748,0.060313630849123
3,829,6830,4.987063221051358e-05,1.1603851318359375,0.001780577003955841,0.0602409653365612
3,830,6831,4.9870595830725506e-05,1.1605370044708252,0.0017824094975367188,0.060168471187353134
3,831,6832,4.9870559450937435e-05,1.1604844331741333,0.0017819025088101625,0.06009615212678909
3,832,6833,4.987051943317056e-05,1.160435438156128,0.0017802722286432981,0.06002400815486908
3,833,6834,4.987047941540368e-05,1.160243272781372,0.0017784757073968649,0.059952039271593094
3,834,6835,4.987044303561561e-05,1.1599490642547607,0.0017772448481991887,0.05988024175167084
3,835,6836,4.987040665582754e-05,1.159803867340088,0.0017756663728505373,0.05980861186981201
3,836,6837,4.987036663806066e-05,1.159801721572876,0.0017780193593353033,0.05973716080188751
3,837,6838,4.987033025827259e-05,1.1597334146499634,0.0017763125943019986,0.059665873646736145
3,838,6839,4.987029387848452e-05,1.1598613262176514,0.0017756664892658591,0.05959475785493851
3,839,6840,4.987025386071764e-05,1.15999436378479,0.0017736183945089579,0.06011904776096344
3,840,6841,4.987021748092957e-05,1.159653902053833,0.0017724591307342052,0.060047563165426254
3,841,6842,4.98701811011415e-05,1.1597987413406372,0.0017718251328915358,0.0599762462079525
3,842,6843,4.987014108337462e-05,1.160163402557373,0.0017723222263157368,0.059905096888542175
3,843,6844,4.987010470358655e-05,1.159984827041626,0.0017710537649691105,0.05983412265777588
3,844,6845,4.987006832379848e-05,1.160082221031189,0.0017714055720716715,0.059763312339782715
3,845,6846,4.98700283060316e-05,1.1597238779067993,0.001770708942785859,0.05969266965985298
3,846,6847,4.986998828826472e-05,1.159691333770752,0.0017717706505209208,0.05962219834327698
3,847,6848,4.986995190847665e-05,1.1596328020095825,0.0017740012845024467,0.05955188721418381
3,848,6849,4.986991189070977e-05,1.1594178676605225,0.0017723243217915297,0.05948174372315407
3,849,6850,4.9869871872942895e-05,1.1594637632369995,0.0017727313097566366,0.05941176414489746
3,850,6851,4.9869835493154824e-05,1.1591644287109375,0.001774045405909419,0.059341952204704285
3,851,6852,4.986979911336675e-05,1.1593270301818848,0.0017736002337187529,0.05927230045199394
3,852,6853,4.986976273357868e-05,1.1597683429718018,0.0017748787067830563,0.05920281261205673
3,853,6854,4.9869722715811804e-05,1.1595861911773682,0.001773487776517868,0.059133488684892654
3,854,6855,4.986968633602373e-05,1.1594696044921875,0.0017739702016115189,0.05906432867050171
3,855,6856,4.986964995623566e-05,1.1593303680419922,0.0017721380572766066,0.0589953288435936
3,856,6857,4.9869609938468784e-05,1.1593434810638428,0.001771856565028429,0.05892648547887802
3,857,6858,4.986957355868071e-05,1.1593246459960938,0.0017708076629787683,0.05885780602693558
3,858,6859,4.9869533540913835e-05,1.1592962741851807,0.0017689613159745932,0.058789290487766266
3,859,6860,4.9869497161125764e-05,1.1595475673675537,0.0017706586513668299,0.05872093141078949
3,860,6861,4.9869457143358886e-05,1.1595892906188965,0.001770154107362032,0.05865272879600525
3,861,6862,4.986941712559201e-05,1.1593408584594727,0.0017705935752019286,0.05858468636870384
3,862,6863,4.986938074580394e-05,1.159134864807129,0.001770002068951726,0.05851680040359497
3,863,6864,4.986934072803706e-05,1.1593225002288818,0.0017709529493004084,0.05844907462596893
3,864,6865,4.9869307986227795e-05,1.1594939231872559,0.0017689213855192065,0.05838150158524513
3,865,6866,4.986926796846092e-05,1.1592625379562378,0.0017716934671625495,0.058314088732004166
3,866,6867,4.986922795069404e-05,1.159170389175415,0.0017715920694172382,0.058246828615665436
3,867,6868,4.986919157090597e-05,1.159118890762329,0.0017715797293931246,0.05817972123622894
3,868,6869,4.98691551911179e-05,1.1590170860290527,0.001770729199051857,0.058112774044275284
3,869,6870,4.986911517335102e-05,1.1590834856033325,0.0017716995207592845,0.05804597586393356
3,870,6871,4.986907879356295e-05,1.1591885089874268,0.0017724453937262297,0.05797933414578438
3,871,6872,4.986904241377488e-05,1.1589834690093994,0.0017732609994709492,0.05791284516453743
3,872,6873,4.986899875802919e-05,1.1590306758880615,0.0017730053514242172,0.05784650892019272
3,873,6874,4.986896237824112e-05,1.1591368913650513,0.0017739646136760712,0.057780321687459946
3,874,6875,4.986892599845305e-05,1.1589230298995972,0.0017741282936185598,0.05771428346633911
3,875,6876,4.986888598068617e-05,1.1590726375579834,0.0017721110489219427,0.05764840170741081
3,876,6877,4.98688496008981e-05,1.1590126752853394,0.0017730325926095247,0.05758266896009445
3,877,6878,4.986881322111003e-05,1.1589256525039673,0.0017742932541295886,0.05751708522439003
3,878,6879,4.986877320334315e-05,1.15913724899292,0.0017738218884915113,0.05802047625184059
3,879,6880,4.9868733185576275e-05,1.1590895652770996,0.0017733152490109205,0.05795454606413841
3,880,6881,4.9868696805788204e-05,1.1587576866149902,0.0017724954523146152,0.057888761162757874
3,881,6882,4.9868656788021326e-05,1.1588181257247925,0.0017707373481243849,0.058390021324157715
3,882,6883,4.986861677025445e-05,1.1590344905853271,0.0017730318941175938,0.058323897421360016
3,883,6884,4.9868584028445184e-05,1.1587899923324585,0.001771588809788227,0.05825791880488396
3,884,6885,4.9868544010678306e-05,1.158628225326538,0.0017717614537104964,0.058192089200019836
3,885,6886,4.986850399291143e-05,1.1588842868804932,0.0017729150131344795,0.05812641233205795
3,886,6887,4.986846761312336e-05,1.1592187881469727,0.001772264949977398,0.05806087702512741
3,887,6888,4.9868431233335286e-05,1.1592319011688232,0.0017734855646267533,0.057995498180389404
3,888,6889,4.986839121556841e-05,1.1595784425735474,0.0017744558863341808,0.05793026089668274
3,889,6890,4.986835119780153e-05,1.1593395471572876,0.0017739715985953808,0.057865168899297714
3,890,6891,4.986831481801346e-05,1.15928316116333,0.0017740452894940972,0.05780022591352463
3,891,6892,4.986827480024658e-05,1.159346103668213,0.0017734437715262175,0.05773542821407318
3,892,6893,4.986823842045851e-05,1.159346580505371,0.0017718288581818342,0.0582306832075119
3,893,6894,4.986820204067044e-05,1.1592822074890137,0.001771621755324304,0.058165546506643295
3,894,6895,4.986816202290356e-05,1.1591145992279053,0.0017707467777654529,0.05810055881738663
3,895,6896,4.986812564311549e-05,1.1588389873504639,0.0017696836730465293,0.0580357164144516
3,896,6897,4.986808562534861e-05,1.1591556072235107,0.0017701853066682816,0.05797101557254791
3,897,6898,4.986804924556054e-05,1.1591224670410156,0.001770510571077466,0.05790645629167557
3,898,6899,4.986800558981486e-05,1.1593477725982666,0.0017705131322145462,0.05784204602241516
3,899,6900,4.9867969210026786e-05,1.1594823598861694,0.0017713115084916353,0.057777777314186096
3,900,6901,4.9867932830238715e-05,1.1591897010803223,0.0017702472396194935,0.05771365016698837
3,901,6902,4.986789281247184e-05,1.1591638326644897,0.0017717445734888315,0.05764966830611229
3,902,6903,4.9867856432683766e-05,1.159207820892334,0.0017733594868332148,0.05758582428097725
3,903,6904,4.9867820052895695e-05,1.1590626239776611,0.0017736672889441252,0.05752212554216385
3,904,6905,4.986778003512882e-05,1.1593308448791504,0.0017736948793753982,0.05745856463909149
3,905,6906,4.9867743655340746e-05,1.159571647644043,0.001773355295881629,0.057395145297050476
3,906,6907,4.986769999959506e-05,1.1592483520507812,0.0017756023444235325,0.057331863790750504
3,907,6908,4.986766361980699e-05,1.1593152284622192,0.001775562996044755,0.05726872384548187
3,908,6909,4.986762724001892e-05,1.159386157989502,0.00177455460652709,0.057205721735954285
3,909,6910,4.986759086023085e-05,1.1597187519073486,0.0017755023436620831,0.05769231170415878
3,910,6911,4.986755084246397e-05,1.15999436378479,0.0017760521732270718,0.058177828788757324
3,911,6912,4.986751082469709e-05,1.1597018241882324,0.001776696415618062,0.05811403691768646
3,912,6913,4.986747444490902e-05,1.159761905670166,0.0017770512495189905,0.058050382882356644
3,913,6914,4.9867430789163336e-05,1.1598073244094849,0.0017751473933458328,0.057986870408058167
3,914,6915,4.986739804735407e-05,1.1597245931625366,0.001775817945599556,0.05792349576950073
3,915,6916,4.9867358029587194e-05,1.1595265865325928,0.001775963231921196,0.05786026269197464
3,916,6917,4.9867321649799123e-05,1.1594948768615723,0.0017759004840627313,0.05779716372489929
3,917,6918,4.9867281632032245e-05,1.1596240997314453,0.0017769290134310722,0.057734206318855286
3,918,6919,4.9867245252244174e-05,1.1593343019485474,0.0017774631269276142,0.057671383023262024
3,919,6920,4.9867205234477296e-05,1.1591640710830688,0.0017783273942768574,0.05760869383811951
3,920,6921,4.986716521671042e-05,1.159249186515808,0.0017781296046450734,0.05754614621400833
3,921,6922,4.986712883692235e-05,1.15951669216156,0.0017803239170461893,0.0574837327003479
3,922,6923,4.986708881915547e-05,1.1598541736602783,0.0017831280129030347,0.057421453297138214
3,923,6924,4.98670524393674e-05,1.15985107421875,0.001783075276762247,0.05735930800437927
3,924,6925,4.986701605957933e-05,1.159902572631836,0.0017832183511927724,0.057297296822071075
3,925,6926,4.986697604181245e-05,1.1598060131072998,0.0017840813379734755,0.05723541975021362
3,926,6927,4.986693602404557e-05,1.1599482297897339,0.0017842741217464209,0.057173676788806915
3,927,6928,4.9866896006278694e-05,1.160245418548584,0.0017839823849499226,0.05711206793785095
3,928,6929,4.986685962649062e-05,1.1601481437683105,0.0017829794669523835,0.057050593197345734
3,929,6930,4.9866819608723745e-05,1.1599996089935303,0.0017840833170339465,0.05698924511671066
3,930,6931,4.986678686691448e-05,1.1598951816558838,0.0017842643428593874,0.056928034871816635
3,931,6932,4.98667468491476e-05,1.1598870754241943,0.0017829625867307186,0.056866951286792755
3,932,6933,4.9866706831380725e-05,1.1599016189575195,0.0017836012411862612,0.05680600181221962
3,933,6934,4.986666681361385e-05,1.1599788665771484,0.0017856148770079017,0.05674517899751663
3,934,6935,4.986662679584697e-05,1.16019868850708,0.001785946311429143,0.05668449029326439
3,935,6936,4.98665904160589e-05,1.1603968143463135,0.001786826178431511,0.05662393197417259
3,936,6937,4.986655403627083e-05,1.1605061292648315,0.001786725944839418,0.05656350031495094
3,937,6938,4.9866517656482756e-05,1.1604429483413696,0.0017863325774669647,0.05650319904088974
3,938,6939,4.986647400073707e-05,1.1603333950042725,0.0017865514382719994,0.056443024426698685
3,939,6940,4.9866437620949e-05,1.1602160930633545,0.0017849039286375046,0.05638297647237778
3,940,6941,4.986639760318212e-05,1.1600329875946045,0.0017846333794295788,0.056323058903217316
3,941,6942,4.9866357585415244e-05,1.160161018371582,0.001782828476279974,0.05679405480623245
3,942,6943,4.986632484360598e-05,1.1603655815124512,0.0017818976193666458,0.05673382803797722
3,943,6944,4.98662848258391e-05,1.1604197025299072,0.0017824008828029037,0.05667372792959213
3,944,6945,4.9866244808072224e-05,1.1601111888885498,0.0017820356879383326,0.05661375820636749
3,945,6946,4.9866204790305346e-05,1.159813642501831,0.0017818232299759984,0.0565539114177227
3,946,6947,4.9866168410517275e-05,1.1597142219543457,0.0017834168393164873,0.05649419128894806
3,947,6948,4.98661283927504e-05,1.1600313186645508,0.0017849686555564404,0.056434597820043564
3,948,6949,4.9866092012962326e-05,1.159969687461853,0.0017844574758782983,0.056375131011009216
3,949,6950,4.986605199519545e-05,1.1598200798034668,0.0017865903209894896,0.05631578713655472
3,950,6951,4.986601197742857e-05,1.159539818763733,0.0017865956760942936,0.05625656992197037
3,951,6952,4.98659755976405e-05,1.1593958139419556,0.0017866224516183138,0.056197479367256165
3,952,6953,4.986593557987362e-05,1.1595377922058105,0.001784841064363718,0.05666317045688629
3,953,6954,4.986589920008555e-05,1.1596516370773315,0.0017869924195110798,0.056603774428367615
3,954,6955,4.986586282029748e-05,1.1596657037734985,0.0017852908931672573,0.056544505059719086
3,955,6956,4.98658228025306e-05,1.1594815254211426,0.001786115113645792,0.05648535490036011
3,956,6957,4.9865782784763724e-05,1.1593999862670898,0.001788104884326458,0.05642633140087128
3,957,6958,4.9865742766996846e-05,1.1593115329742432,0.001788862282410264,0.056367430835962296
3,958,6959,4.9865706387208775e-05,1.1594300270080566,0.0017870430601760745,0.05630865693092346
3,959,6960,4.98656663694419e-05,1.1594650745391846,0.0017886089626699686,0.05624999850988388
3,960,6961,4.9865629989653826e-05,1.1591992378234863,0.001788177527487278,0.05619146674871445
3,961,6962,4.986558997188695e-05,1.1592826843261719,0.0017880110535770655,0.056133054196834564
3,962,6963,4.986554995412007e-05,1.1595492362976074,0.0017861583037301898,0.05659397691488266
3,963,6964,4.9865513574332e-05,1.1595494747161865,0.001787535846233368,0.0565352700650692
3,964,6965,4.986547355656512e-05,1.1593172550201416,0.0017876317724585533,0.05647668242454529
3,965,6966,4.986543717677705e-05,1.1591697931289673,0.0017874108161777258,0.05641821771860123
3,966,6967,4.986539715901017e-05,1.1591763496398926,0.0017876916099339724,0.056359875947237015
3,967,6968,4.9865357141243294e-05,1.1589967012405396,0.001787727465853095,0.056301653385162354
3,968,6969,4.986532076145522e-05,1.1590969562530518,0.0017880154773592949,0.05624355003237724
3,969,6970,4.986528438166715e-05,1.1590349674224854,0.0017884881235659122,0.05618556588888168
3,970,6971,4.9865244363900274e-05,1.1591929197311401,0.0017884948756545782,0.05612770467996597
3,971,6972,4.9865204346133396e-05,1.1590627431869507,0.0017880158266052604,0.056069958955049515
3,972,6973,4.986516432836652e-05,1.1592974662780762,0.0017885600682348013,0.05601233243942261
3,973,6974,4.986512431059964e-05,1.1591877937316895,0.0017913079354912043,0.05595482513308525
3,974,6975,4.986508793081157e-05,1.1592841148376465,0.0017919091042131186,0.055897437036037445
3,975,6976,4.98650515510235e-05,1.1594557762145996,0.001792808761820197,0.05635245889425278
3,976,6977,4.986501153325662e-05,1.1591453552246094,0.0017920740647241473,0.05629478022456169
3,977,6978,4.986497151548974e-05,1.1592768430709839,0.0017907675355672836,0.056237220764160156
3,978,6979,4.986493513570167e-05,1.1594029664993286,0.0017934804782271385,0.056179776787757874
3,979,6980,4.986489511793479e-05,1.1593730449676514,0.0017941233236342669,0.05612244829535484
3,980,6981,4.986485873814672e-05,1.1591098308563232,0.0017952446360141039,0.056065239012241364
3,981,6982,4.9864818720379844e-05,1.1590514183044434,0.0017990751657634974,0.056008145213127136
3,982,6983,4.986477506463416e-05,1.1589505672454834,0.0017998266266658902,0.05595117062330246
3,983,6984,4.9864742322824895e-05,1.1589527130126953,0.0017981042619794607,0.05589430779218674
3,984,6985,4.986470230505802e-05,1.1587822437286377,0.0017985026352107525,0.055837564170360565
3,985,6986,4.986466228729114e-05,1.1586322784423828,0.0017990678315982223,0.05578093230724335
3,986,6987,4.986462226952426e-05,1.1586040258407593,0.0017979259137064219,0.05572441965341568
3,987,6988,4.986458588973619e-05,1.1586079597473145,0.0017996925162151456,0.05566801875829697
3,988,6989,4.986454587196931e-05,1.1583585739135742,0.001799395540729165,0.05561172962188721
3,989,6990,4.986450949218124e-05,1.1584562063217163,0.0017976689850911498,0.0555555559694767
3,990,6991,4.9864469474414364e-05,1.1587090492248535,0.0017976751551032066,0.055499494075775146
3,991,6992,4.9864429456647485e-05,1.1589030027389526,0.0017982092685997486,0.05594757944345474
3,992,6993,4.9864393076859415e-05,1.1587419509887695,0.0018003289587795734,0.055891238152980804
3,993,6994,4.9864353059092537e-05,1.1587457656860352,0.0018002495635300875,0.05583500862121582
3,994,6995,4.986431304132566e-05,1.1589534282684326,0.0018000241834670305,0.05577889457345009
3,995,6996,4.986427302355878e-05,1.1589529514312744,0.0018019300187006593,0.05572289228439331
3,996,6997,4.986423664377071e-05,1.158677339553833,0.0018010938074439764,0.05566699802875519
3,997,6998,4.986420026398264e-05,1.158385157585144,0.001801345031708479,0.055611222982406616
3,998,6999,4.986416024621576e-05,1.1581878662109375,0.0018012321088463068,0.0555555559694767
3,999,7000,4.986412022844888e-05,1.1580764055252075,0.00180268962867558,0.05550000071525574
3,1000,7001,4.9864080210682005e-05,1.1578402519226074,0.0018029867205768824,0.05544455349445343
3,1001,7002,4.9864043830893934e-05,1.158139944076538,0.001803043531253934,0.05538921803236008
3,1002,7003,4.9864003813127056e-05,1.157914400100708,0.001803732244297862,0.05533399432897568
3,1003,7004,4.9863967433338985e-05,1.1578857898712158,0.001804044470191002,0.05527888610959053
3,1004,7005,4.98639237775933e-05,1.1577759981155396,0.0018025694880634546,0.05522388219833374
3,1005,7006,4.986388739780523e-05,1.1575767993927002,0.001802732702344656,0.055168986320495605
3,1006,7007,4.986385101801716e-05,1.1579020023345947,0.0018042101291939616,0.055114202201366425
3,1007,7008,4.986381100025028e-05,1.1576790809631348,0.001804096857085824,0.0550595223903656
3,1008,7009,4.98637709824834e-05,1.1575231552124023,0.001804421073757112,0.05500495433807373
3,1009,7010,4.9863730964716524e-05,1.1575838327407837,0.001803842606022954,0.054950498044490814
3,1010,7011,4.986369458492845e-05,1.1573424339294434,0.001804065192118287,0.054896142333745956
3,1011,7012,4.9863654567161575e-05,1.157387614250183,0.0018039115238934755,0.05484189838171005
3,1012,7013,4.98636145493947e-05,1.157456874847412,0.0018021856667473912,0.054787762463092804
3,1013,7014,4.986357453162782e-05,1.1573542356491089,0.0018040200229734182,0.05473373085260391
3,1014,7015,4.986353815183975e-05,1.1575541496276855,0.0018041261937469244,0.05467980355024338
3,1015,7016,4.986349813407287e-05,1.1573879718780518,0.0018041555304080248,0.0546259842813015
3,1016,7017,4.986345811630599e-05,1.15786874294281,0.0018033848609775305,0.05506391078233719
3,1017,7018,4.986342173651792e-05,1.1578168869018555,0.0018047868506982923,0.05500982329249382
3,1018,7019,4.986338171875104e-05,1.1575578451156616,0.001804368570446968,0.05495584011077881
3,1019,7020,4.9863341700984165e-05,1.1579608917236328,0.0018040182767435908,0.05539215728640556
3,1020,7021,4.986330168321729e-05,1.1578600406646729,0.00180467264726758,0.05533790588378906
3,1021,7022,4.9863265303429216e-05,1.1576056480407715,0.001804868457838893,0.05528375506401062
3,1022,7023,4.986322528566234e-05,1.157565951347351,0.0018071287777274847,0.05522971600294113
3,1023,7024,4.986318890587427e-05,1.1574022769927979,0.0018058265559375286,0.05517578125
3,1024,7025,4.986314525012858e-05,1.1573266983032227,0.0018044625176116824,0.055121950805187225
3,1025,7026,4.986311250831932e-05,1.1571472883224487,0.0018048930214717984,0.05506822466850281
3,1026,7027,4.986307249055244e-05,1.1570683717727661,0.001803672406822443,0.055014606565237045
3,1027,7028,4.986303247278556e-05,1.157113790512085,0.001802101731300354,0.05496108904480934
3,1028,7029,4.9862992455018684e-05,1.1568658351898193,0.0018013124354183674,0.05490767955780029
3,1029,7030,4.9862952437251806e-05,1.15671706199646,0.001802427927032113,0.0548543706536293
3,1030,7031,4.9862916057463735e-05,1.1568008661270142,0.0018018113914877176,0.05480116605758667
3,1031,7032,4.986287603969686e-05,1.1567909717559814,0.0018019076669588685,0.054748062044382095
3,1032,7033,4.986283602192998e-05,1.1566617488861084,0.001802121172659099,0.05469506233930588
3,1033,7034,4.98627960041631e-05,1.1567240953445435,0.0018006818136200309,0.05464216321706772
3,1034,7035,4.986276326235384e-05,1.1565637588500977,0.0018016556277871132,0.054589372128248215
3,1035,7036,4.986271960660815e-05,1.1566448211669922,0.0018014900851994753,0.05453667789697647
3,1036,7037,4.986268322682008e-05,1.1567940711975098,0.0018013548105955124,0.054484087973833084
3,1037,7038,4.9862643209053203e-05,1.1568344831466675,0.0018015089444816113,0.054431598633527756
3,1038,7039,4.9862603191286325e-05,1.157122015953064,0.0018004188314080238,0.054379209876060486
3,1039,7040,4.9862566811498255e-05,1.1569026708602905,0.0018008279148489237,0.054326921701431274
3,1040,7041,4.986252315575257e-05,1.1565861701965332,0.0018008865881711245,0.05427473783493042
3,1041,7042,4.98624867759645e-05,1.1564514636993408,0.0018022679723799229,0.054222650825977325
3,1042,7043,4.986244675819762e-05,1.1566917896270752,0.0018005437450483441,0.05417066067457199
3,1043,7044,4.986240674043074e-05,1.156728744506836,0.0018006162717938423,0.05411877483129501
3,1044,7045,4.986237036064267e-05,1.1564265489578247,0.0018000928685069084,0.054066985845565796
3,1045,7046,4.98623339808546e-05,1.1562187671661377,0.0017989339539781213,0.05401529371738434
3,1046,7047,4.9862290325108916e-05,1.1560931205749512,0.0017976220697164536,0.05396370589733124
3,1047,7048,4.9862253945320845e-05,1.1560707092285156,0.0017970341723412275,0.0539122149348259
3,1048,7049,4.986221392755397e-05,1.1559382677078247,0.001796844881027937,0.05386082082986832
3,1049,7050,4.986217390978709e-05,1.156064510345459,0.0017976227682083845,0.053809523582458496
3,1050,7051,4.986213389202021e-05,1.1561442613601685,0.001797928474843502,0.053758323192596436
3,1051,7052,4.986209387425333e-05,1.1559700965881348,0.0017978064715862274,0.05370722711086273
3,1052,7053,4.986205749446526e-05,1.1557731628417969,0.0017965564038604498,0.05365622043609619
3,1053,7054,4.9862017476698384e-05,1.1560521125793457,0.0017961075063794851,0.05407969653606415
3,1054,7055,4.9861977458931506e-05,1.1563917398452759,0.0017987661994993687,0.05402843654155731
3,1055,7056,4.9861941079143435e-05,1.1564728021621704,0.0018008735496550798,0.053977273404598236
3,1056,7057,4.9861904699355364e-05,1.1564781665802002,0.001801623497158289,0.05392620712518692
3,1057,7058,4.986185740563087e-05,1.1564197540283203,0.0018014474771916866,0.053875237703323364
3,1058,7059,4.986182466382161e-05,1.156552791595459,0.0018013129010796547,0.05382436513900757
3,1059,7060,4.986178464605473e-05,1.156535267829895,0.0018001558491960168,0.053773585706949234
3,1060,7061,4.986174462828785e-05,1.1564383506774902,0.0018003417644649744,0.05372290313243866
3,1061,7062,4.9861704610520974e-05,1.1566953659057617,0.0018002637661993504,0.05367231369018555
3,1062,7063,4.9861664592754096e-05,1.1566781997680664,0.0018008253537118435,0.05362182483077049
3,1063,7064,4.9861628212966025e-05,1.156603455543518,0.001800208119675517,0.0535714291036129
3,1064,7065,4.986158455722034e-05,1.156639814376831,0.0018015126697719097,0.05352112650871277
3,1065,7066,4.986154817743227e-05,1.1565769910812378,0.001802742830477655,0.0534709170460701
3,1066,7067,4.98615117976442e-05,1.156801700592041,0.0018035059329122305,0.05342080444097519
3,1067,7068,4.986147177987732e-05,1.1567944288253784,0.001802876591682434,0.05337078869342804
3,1068,7069,4.9861428124131635e-05,1.156747579574585,0.0018016917165368795,0.05332086235284805
3,1069,7070,4.986139538232237e-05,1.156558871269226,0.0018018479458987713,0.05327102914452553
3,1070,7071,4.9861351726576686e-05,1.1563525199890137,0.0018019394483417273,0.053221289068460464
3,1071,7072,4.9861315346788615e-05,1.1566145420074463,0.001805395120754838,0.05317164212465286
3,1072,7073,4.986127532902174e-05,1.1563780307769775,0.0018045164179056883,0.05312208831310272
3,1073,7074,4.986123531125486e-05,1.1560879945755005,0.0018041309667751193,0.053072623908519745
3,1074,7075,4.986119529348798e-05,1.15627121925354,0.0018043085001409054,0.05302325636148453
3,1075,7076,4.98611552757211e-05,1.156348466873169,0.0018060412257909775,0.05297397822141647
3,1076,7077,4.986111889593303e-05,1.1562446355819702,0.0018062132876366377,0.05292478948831558
3,1077,7078,4.986107524018735e-05,1.1562448740005493,0.0018070912919938564,0.05287569761276245
3,1078,7079,4.9861038860399276e-05,1.1562180519104004,0.0018060167785733938,0.05329008400440216
3,1079,7080,4.9861002480611205e-05,1.1561381816864014,0.0018046241020783782,0.053240738809108734
3,1080,7081,4.986096246284433e-05,1.1562665700912476,0.0018030833452939987,0.0536540225148201
3,1081,7082,4.986091880709864e-05,1.1564828157424927,0.0018027920741587877,0.05406654253602028
3,1082,7083,4.986088606528938e-05,1.156348705291748,0.0018016062676906586,0.05401661992073059
3,1083,7084,4.986084240954369e-05,1.1565545797348022,0.0018032134976238012,0.053966790437698364
3,1084,7085,4.9860802391776815e-05,1.156447172164917,0.0018049572827294469,0.0539170503616333
3,1085,7086,4.9860766011988744e-05,1.156408667564392,0.0018044398166239262,0.0538674034178257
3,1086,7087,4.9860725994221866e-05,1.156170129776001,0.001805126783438027,0.05381784588098526
3,1087,7088,4.986068597645499e-05,1.1561565399169922,0.0018055499531328678,0.05376838147640228
3,1088,7089,4.986064595868811e-05,1.156150221824646,0.0018055107211694121,0.05371900647878647
3,1089,7090,4.986060594092123e-05,1.155905842781067,0.0018062705639749765,0.053669724613428116
3,1090,7091,4.9860565923154354e-05,1.1557533740997314,0.0018061079317703843,0.053620532155036926
3,1091,7092,4.986052954336628e-05,1.1559946537017822,0.0018061482114717364,0.0535714291036129
3,1092,7093,4.9860489525599405e-05,1.155908226966858,0.0018058973364531994,0.053522415459156036
3,1093,7094,4.986044950783253e-05,1.155882477760315,0.0018064406467601657,0.053473494946956635
3,1094,7095,4.986040949006565e-05,1.1558908224105835,0.0018067075870931149,0.0534246563911438
3,1095,7096,4.986037311027758e-05,1.1558544635772705,0.0018051721854135394,0.05337591469287872
3,1096,7097,4.986032945453189e-05,1.155631184577942,0.0018064618343487382,0.053327254951000214
3,1097,7098,4.986029307474382e-05,1.1556293964385986,0.0018058661371469498,0.05373406410217285
3,1098,7099,4.9860253056976944e-05,1.1556174755096436,0.0018059001304209232,0.05368516594171524
3,1099,7100,4.9860213039210066e-05,1.1557364463806152,0.0018063910538330674,0.05363636463880539
3,1100,7101,4.9860176659421995e-05,1.1556787490844727,0.0018073110841214657,0.053587645292282104
3,1101,7102,4.986013664165512e-05,1.1557310819625854,0.00180752482265234,0.05353901907801628
3,1102,7103,4.986009298590943e-05,1.1557574272155762,0.0018097350839525461,0.05349048227071762
3,1103,7104,4.986005660612136e-05,1.155837893486023,0.0018100570887327194,0.053442031145095825
3,1104,7105,4.986001658835448e-05,1.155800461769104,0.001810360117815435,0.053393665701150894
3,1105,7106,4.9859976570587605e-05,1.1558034420013428,0.0018107362557202578,0.053345389664173126
3,1106,7107,4.9859940190799534e-05,1.155633807182312,0.001811648951843381,0.05329719930887222
3,1107,7108,4.985989653505385e-05,1.1557297706604004,0.0018116754945367575,0.05324909836053848
3,1108,7109,4.985986015526578e-05,1.1558773517608643,0.0018120752647519112,0.05320107936859131
3,1109,7110,4.98598201374989e-05,1.156019926071167,0.001813447684980929,0.053153153508901596
3,1110,7111,4.985978011973202e-05,1.1559245586395264,0.0018125209026038647,0.05310530960559845
3,1111,7112,4.9859740101965144e-05,1.1559168100357056,0.0018130772514268756,0.05305755138397217
3,1112,7113,4.985970372217707e-05,1.1558599472045898,0.0018142096232622862,0.05300988256931305
3,1113,7114,4.9859663704410195e-05,1.1557762622833252,0.0018149674870073795,0.0529622957110405
3,1114,7115,4.985962368664332e-05,1.1559869050979614,0.0018151968251913786,0.05336322635412216
3,1115,7116,4.985958366887644e-05,1.1558687686920166,0.001818816177546978,0.0533154122531414
3,1116,7117,4.985954728908837e-05,1.1559087038040161,0.0018189570400863886,0.053715310990810394
3,1117,7118,4.985950363334268e-05,1.155741572380066,0.0018186487723141909,0.05366726219654083
3,1118,7119,4.985946725355461e-05,1.1555932760238647,0.0018187921959906816,0.053619302809238434
3,1119,7120,4.9859427235787734e-05,1.1554995775222778,0.0018174492288380861,0.0535714291036129
3,1120,7121,4.9859387218020856e-05,1.1554012298583984,0.0018189441179856658,0.05352363735437393
3,1121,7122,4.9859350838232785e-05,1.1554663181304932,0.0018193356227129698,0.05347593501210213
3,1122,7123,4.985930354450829e-05,1.1556661128997803,0.0018185613444074988,0.05387355387210846
3,1123,7124,4.985927080269903e-05,1.1556957960128784,0.001819215132854879,0.05382562428712845
3,1124,7125,4.985923078493215e-05,1.1557501554489136,0.0018197630997747183,0.053777776658535004
3,1125,7126,4.9859187129186466e-05,1.1556044816970825,0.0018201698549091816,0.05373001843690872
3,1126,7127,4.9859150749398395e-05,1.155360460281372,0.0018194429576396942,0.053682342171669006
3,1127,7128,4.985911073163152e-05,1.1552543640136719,0.0018203221261501312,0.053634751588106155
3,1128,7129,4.985907071386464e-05,1.1551964282989502,0.0018221671925857663,0.05358724296092987
3,1129,7130,4.985903433407657e-05,1.1551532745361328,0.0018220462370663881,0.05353982374072075
3,1130,7131,4.985899067833088e-05,1.155507206916809,0.0018236038740724325,0.05349248647689819
3,1131,7132,4.985895429854281e-05,1.1555025577545166,0.0018232238944619894,0.053445231169462204
3,1132,7133,4.9858914280775934e-05,1.155691385269165,0.0018240520730614662,0.05339805781841278
3,1133,7134,4.9858874263009056e-05,1.1556181907653809,0.001825153362005949,0.05335097014904022
3,1134,7135,4.985883424524218e-05,1.1555631160736084,0.0018260051729157567,0.05330396443605423
3,1135,7136,4.98587942274753e-05,1.1556349992752075,0.0018245578976348042,0.05369718372821808
3,1136,7137,4.985875420970842e-05,1.155798077583313,0.0018268607091158628,0.05364995449781418
3,1137,7138,4.9858714191941544e-05,1.155747413635254,0.001829062239266932,0.05360281094908714
3,1138,7139,4.9858677812153473e-05,1.1556596755981445,0.0018278516363352537,0.053555749356746674
3,1139,7140,4.985863415640779e-05,1.1555132865905762,0.001826900988817215,0.05350877344608307
3,1140,7141,4.985859777661972e-05,1.1555757522583008,0.0018273130990564823,0.05346187576651573
3,1141,7142,4.985855775885284e-05,1.155362844467163,0.001827177475206554,0.05341506004333496
3,1142,7143,4.985851774108596e-05,1.155202865600586,0.0018274961039423943,0.053368330001831055
3,1143,7144,4.9858477723319083e-05,1.1553694009780884,0.001827251398935914,0.053321681916713715
3,1144,7145,4.9858437705552205e-05,1.1552765369415283,0.001828789827413857,0.053275108337402344
3,1145,7146,4.985839768778533e-05,1.1551971435546875,0.0018301510717719793,0.053228624165058136
3,1146,7147,4.9858361307997257e-05,1.1552339792251587,0.0018289939034730196,0.05361813306808472
3,1147,7148,4.985831765225157e-05,1.1553034782409668,0.0018294507171958685,0.0535714291036129
3,1148,7149,4.98582812724635e-05,1.1552186012268066,0.001829980406910181,0.05352480709552765
3,1149,7150,4.985824125469662e-05,1.1550278663635254,0.0018300950760021806,0.053478263318538666
3,1150,7151,4.9858201236929744e-05,1.1551177501678467,0.0018308511935174465,0.05343180149793625
3,1151,7152,4.9858161219162866e-05,1.1548749208450317,0.0018322598189115524,0.0533854179084301
3,1152,7153,4.985812120139599e-05,1.1550403833389282,0.0018340633250772953,0.053339116275310516
3,1153,7154,4.985808482160792e-05,1.1549251079559326,0.0018336372449994087,0.0532928928732872
3,1154,7155,4.985804480384104e-05,1.1548517942428589,0.0018347939476370811,0.05324675142765045
3,1155,7156,4.9858001148095354e-05,1.1549859046936035,0.001835040282458067,0.05363322049379349
3,1156,7157,4.9857964768307284e-05,1.1550666093826294,0.0018365033902227879,0.05358686298131943
3,1157,7158,4.98579211125616e-05,1.154934048652649,0.0018358316738158464,0.053540587425231934
3,1158,7159,4.985788473277353e-05,1.154686450958252,0.001836026320233941,0.053494393825531006
3,1159,7160,4.985784471500665e-05,1.154468297958374,0.001836578594520688,0.05344827473163605
3,1160,7161,4.985780469723977e-05,1.1548466682434082,0.0018373888451606035,0.05383290350437164
3,1161,7162,4.98577683174517e-05,1.154716968536377,0.0018384112045168877,0.05378657579421997
3,1162,7163,4.985772102372721e-05,1.154726266860962,0.001841092947870493,0.053740326315164566
3,1163,7164,4.9857688281917945e-05,1.1545060873031616,0.0018408367177471519,0.05369415879249573
3,1164,7165,4.985764462617226e-05,1.1544044017791748,0.0018417818937450647,0.05364806950092316
3,1165,7166,4.985760460840538e-05,1.1545822620391846,0.0018430177588015795,0.054030872881412506
3,1166,7167,4.985756822861731e-05,1.1544384956359863,0.0018420256674289703,0.05398457497358322
3,1167,7168,4.9857524572871625e-05,1.1543123722076416,0.0018429546616971493,0.0539383590221405
3,1168,7169,4.9857488193083555e-05,1.154261589050293,0.001844871207140386,0.053892217576503754
3,1169,7170,4.9857448175316676e-05,1.1542046070098877,0.001844701822847128,0.05384615436196327
3,1170,7171,4.98574081575498e-05,1.1540043354034424,0.0018443304579705,0.05380017310380936
3,1171,7172,4.985737177776173e-05,1.1537970304489136,0.0018438943661749363,0.05375426635146141
3,1172,7173,4.9857324484037235e-05,1.153522253036499,0.0018445213790982962,0.05370844155550003
3,1173,7174,4.985729174222797e-05,1.153743863105774,0.0018457898404449224,0.05366269499063492
3,1174,7175,4.9857248086482286e-05,1.153623104095459,0.001845628023147583,0.053617022931575775
3,1175,7176,4.985720806871541e-05,1.15337336063385,0.0018453828524798155,0.0535714291036129
3,1176,7177,4.985717168892734e-05,1.1531670093536377,0.0018451574724167585,0.053525909781455994
3,1177,7178,4.985712803318165e-05,1.153254508972168,0.00184603501111269,0.05348047614097595
3,1178,7179,4.985709165339358e-05,1.1530506610870361,0.0018459123093634844,0.05343511328101158
3,1179,7180,4.9857051635626704e-05,1.1528513431549072,0.0018461483996361494,0.05338983237743378
3,1180,7181,4.9857011617859825e-05,1.152716040611267,0.001847834326326847,0.05334462225437164
3,1181,7182,4.985697160009295e-05,1.1525678634643555,0.0018468141788616776,0.053299494087696075
3,1182,7183,4.985692794434726e-05,1.1525031328201294,0.001848028157837689,0.05325443670153618
3,1183,7184,4.985689156455919e-05,1.1522830724716187,0.0018477593548595905,0.05320946127176285
3,1184,7185,4.9856847908813506e-05,1.1522698402404785,0.0018490917282178998,0.05316455662250519
3,1185,7186,4.9856811529025435e-05,1.1520663499832153,0.0018485391046851873,0.053119730204343796
3,1186,7187,4.985677151125856e-05,1.1520276069641113,0.0018477323465049267,0.05307497829198837
3,1187,7188,4.985673149349168e-05,1.1521075963974,0.0018480723956599832,0.05345118045806885
3,1188,7189,4.98566914757248e-05,1.1521471738815308,0.0018511733505874872,0.05340622365474701
3,1189,7190,4.9856647819979116e-05,1.152008056640625,0.0018511423841118813,0.05336134508252144
3,1190,7191,4.985661507816985e-05,1.1521215438842773,0.0018534038681536913,0.05331654101610184
3,1191,7192,4.985656778444536e-05,1.151871681213379,0.0018532249378040433,0.0532718151807785
3,1192,7193,4.9856535042636096e-05,1.1516116857528687,0.0018538954900577664,0.05322715640068054
3,1193,7194,4.985649138689041e-05,1.1515889167785645,0.0018536197021603584,0.05318257957696915
3,1194,7195,4.985645136912353e-05,1.1514763832092285,0.001853315276093781,0.05313807353377342
3,1195,7196,4.985641498933546e-05,1.15138578414917,0.0018539511365815997,0.053093645721673965
3,1196,7197,4.985637133358978e-05,1.1511989831924438,0.001853774068877101,0.05304928869009018
3,1197,7198,4.9856334953801706e-05,1.1511240005493164,0.0018541106255725026,0.05300500988960266
3,1198,7199,4.985629129805602e-05,1.151017665863037,0.0018551318207755685,0.052960798144340515
3,1199,7200,4.985625491826795e-05,1.150985836982727,0.0018547725630924106,0.052916668355464935
3,1200,7201,4.985621490050107e-05,1.1509490013122559,0.0018549636006355286,0.05287260562181473
3,1201,7202,4.985617124475539e-05,1.1508702039718628,0.0018562616314738989,0.05282861739397049
3,1202,7203,4.9856134864967316e-05,1.150734782218933,0.0018572146072983742,0.05278470367193222
3,1203,7204,4.985609120922163e-05,1.1506905555725098,0.0018581009935587645,0.05274086445569992
3,1204,7205,4.985605482943356e-05,1.150634765625,0.0018597093876451254,0.05269709601998329
3,1205,7206,4.9856011173687875e-05,1.1507306098937988,0.0018612672574818134,0.05265339836478233
3,1206,7207,4.9855974793899804e-05,1.1505134105682373,0.0018615121953189373,0.052609775215387344
3,1207,7208,4.9855934776132926e-05,1.1506531238555908,0.0018628283869475126,0.05298013240098953
3,1208,7209,4.985589475836605e-05,1.1506702899932861,0.0018628049874678254,0.053349874913692474
3,1209,7210,4.985585474059917e-05,1.1506757736206055,0.001861808355897665,0.05330578237771988
3,1210,7211,4.985581472283229e-05,1.1505582332611084,0.001864201040007174,0.05326176807284355
3,1211,7212,4.9855774705065414e-05,1.1508368253707886,0.0018662296934053302,0.053217820823192596
3,1212,7213,4.9855734687298536e-05,1.1505939960479736,0.0018664505332708359,0.05317394807934761
3,1213,7214,4.985569466953166e-05,1.1506829261779785,0.0018679812783375382,0.053130149841308594
3,1214,7215,4.985565465176478e-05,1.1504961252212524,0.0018694859463721514,0.05308642238378525
3,1215,7216,4.98556146339979e-05,1.150259256362915,0.0018694543978199363,0.053042761981487274
3,1216,7217,4.9855574616231024e-05,1.1503567695617676,0.0018724774708971381,0.05299917608499527
3,1217,7218,4.9855534598464146e-05,1.1503121852874756,0.0018728191498667002,0.052955664694309235
3,1218,7219,4.985549458069727e-05,1.150362491607666,0.0018716404447332025,0.05332239717245102
3,1219,7220,4.985545456293039e-05,1.150391936302185,0.0018727644346654415,0.053278688341379166
3,1220,7221,4.985541454516351e-05,1.1502516269683838,0.001872089458629489,0.05323505401611328
3,1221,7222,4.9855374527396634e-05,1.1503154039382935,0.0018765861168503761,0.05319149047136307
3,1222,7223,4.9855334509629756e-05,1.1503742933273315,0.0018774750642478466,0.053147997707128525
3,1223,7224,4.985529449186288e-05,1.1503851413726807,0.0018786175642162561,0.05310457572340965
3,1224,7225,4.9855254474096e-05,1.1505049467086792,0.001881215488538146,0.05306122452020645
3,1225,7226,4.985521445632912e-05,1.1504747867584229,0.0018833009526133537,0.05301794409751892
3,1226,7227,4.9855174438562244e-05,1.1504652500152588,0.0018846929306164384,0.05297473445534706
3,1227,7228,4.9855134420795366e-05,1.150478720664978,0.0018854942172765732,0.05293159559369087
3,1228,7229,4.985509440302849e-05,1.150285005569458,0.0018858821131289005,0.052888527512550354
3,1229,7230,4.98550507472828e-05,1.1505160331726074,0.001886323094367981,0.05325203388929367
3,1230,7231,4.985501436749473e-05,1.1504771709442139,0.0018868374172598124,0.05320877209305763
3,1231,7232,4.9854974349727854e-05,1.150285243988037,0.001887356280349195,0.053165584802627563
3,1232,7233,4.9854934331960976e-05,1.1500599384307861,0.001890287734568119,0.053122468292713165
3,1233,7234,4.98548943141941e-05,1.1501736640930176,0.0018888938939198852,0.05348460376262665
3,1234,7235,4.985485429642722e-05,1.149998664855957,0.0018917123088613153,0.05344129353761673
3,1235,7236,4.985481427866034e-05,1.1500890254974365,0.00189043371938169,0.05380258709192276
3,1236,7237,4.985477062291466e-05,1.1501737833023071,0.0018914903048425913,0.05375909432768822
3,1237,7238,4.9854734243126586e-05,1.150101900100708,0.001893922919407487,0.05371566861867905
3,1238,7239,4.98546905873809e-05,1.1500979661941528,0.0018950439989566803,0.053672317415475845
3,1239,7240,4.985465420759283e-05,1.1499464511871338,0.0018947189673781395,0.053629033267498016
3,1240,7241,4.9854610551847145e-05,1.1500189304351807,0.0018949485383927822,0.05398871749639511
3,1241,7242,4.9854574172059074e-05,1.1501179933547974,0.0018965920899063349,0.05394525080919266
3,1242,7243,4.985453051631339e-05,1.1499297618865967,0.0018975320272147655,0.053901851177215576
3,1243,7244,4.985449413652532e-05,1.1501123905181885,0.0018994424026459455,0.053858522325754166
3,1244,7245,4.985445048077963e-05,1.1501805782318115,0.001899821450933814,0.05381526052951813
3,1245,7246,4.985441410099156e-05,1.149958610534668,0.0018999372841790318,0.05377206951379776
3,1246,7247,4.985437044524588e-05,1.1500155925750732,0.0019001805922016501,0.05372894927859306
3,1247,7248,4.9854334065457806e-05,1.1502556800842285,0.0019009137758985162,0.054086536169052124
3,1248,7249,4.985429040971212e-05,1.150040626525879,0.0019020817708224058,0.0540432333946228
3,1249,7250,4.985425402992405e-05,1.150134801864624,0.0019029327668249607,0.053999997675418854
3,1250,7251,4.9854210374178365e-05,1.1500166654586792,0.0019046845845878124,0.053956836462020874
3,1251,7252,4.9854173994390294e-05,1.1497712135314941,0.001905574114061892,0.05391373857855797
3,1252,7253,4.98541267006658e-05,1.1496284008026123,0.0019062103237956762,0.053870707750320435
3,1253,7254,4.985409395885654e-05,1.149810791015625,0.0019077070755884051,0.05382775142788887
3,1254,7255,4.985405030311085e-05,1.1496801376342773,0.001910229679197073,0.05378486216068268
3,1255,7256,4.9854010285343975e-05,1.1496214866638184,0.0019110979046672583,0.05374203622341156
3,1256,7257,4.98539702675771e-05,1.1494609117507935,0.0019112022127956152,0.05369928479194641
3,1257,7258,4.985393024981022e-05,1.1493442058563232,0.0019101477228105068,0.053656600415706635
3,1258,7259,4.985389023204334e-05,1.1491074562072754,0.0019112080335617065,0.05361397936940193
3,1259,7260,4.985385021427646e-05,1.1492583751678467,0.001913666957989335,0.0535714291036129
3,1260,7261,4.9853810196509585e-05,1.1491682529449463,0.0019143610261380672,0.05352894589304924
3,1261,7262,4.985377017874271e-05,1.1492433547973633,0.0019133284222334623,0.05388272553682327
3,1262,7263,4.985373016097583e-05,1.149174690246582,0.0019121291115880013,0.05384006351232529
3,1263,7264,4.985369014320895e-05,1.149063229560852,0.0019124516984447837,0.05379746854305267
3,1264,7265,4.985365012544207e-05,1.1492300033569336,0.001912647276185453,0.05415019765496254
3,1265,7266,4.9853610107675195e-05,1.1492937803268433,0.0019113789312541485,0.05450236797332764
3,1266,7267,4.985356645192951e-05,1.1493451595306396,0.0019134636968374252,0.0544593520462513
3,1267,7268,4.985353007214144e-05,1.1491968631744385,0.001917763613164425,0.05441640317440033
3,1268,7269,4.9853486416395754e-05,1.1491286754608154,0.0019205438438802958,0.05437352508306503
3,1269,7270,4.985345003660768e-05,1.1492609977722168,0.0019209629390388727,0.05433071032166481
3,1270,7271,4.9853406380862e-05,1.1491825580596924,0.0019225499127060175,0.05428796261548996
3,1271,7272,4.985337000107393e-05,1.149282693862915,0.0019234683131799102,0.05424528196454048
3,1272,7273,4.9853322707349434e-05,1.1493656635284424,0.0019243143033236265,0.054202668368816376
3,1273,7274,4.9853286327561364e-05,1.1493773460388184,0.0019239205867052078,0.0545525923371315
3,1274,7275,4.985324267181568e-05,1.149229884147644,0.0019254644867032766,0.05450980365276337
3,1275,7276,4.985320629202761e-05,1.149398922920227,0.0019260190892964602,0.054467085748910904
3,1276,7277,4.985316263628192e-05,1.1495230197906494,0.0019263122230768204,0.054424431174993515
3,1277,7278,4.985312625649385e-05,1.1494663953781128,0.001927081262692809,0.0543818473815918
3,1278,7279,4.9853082600748166e-05,1.1494853496551514,0.0019291472854092717,0.05433932691812515
3,1279,7280,4.9853046220960096e-05,1.1494619846343994,0.0019324567401781678,0.05429687350988388
3,1280,7281,4.985300256521441e-05,1.1494866609573364,0.0019312705844640732,0.05425448715686798
3,1281,7282,4.985296618542634e-05,1.1492620706558228,0.0019316780380904675,0.054212167859077454
3,1282,7283,4.9852922529680654e-05,1.1494345664978027,0.0019345793407410383,0.0541699156165123
3,1283,7284,4.9852886149892583e-05,1.1493422985076904,0.001936518820002675,0.05412772670388222
3,1284,7285,4.98528424941469e-05,1.1494576930999756,0.0019350859802216291,0.05447470769286156
3,1285,7286,4.985280611435883e-05,1.1496095657348633,0.0019348886562511325,0.05482114851474762
3,1286,7287,4.9852758820634335e-05,1.1494808197021484,0.001937698107212782,0.054778553545475006
3,1287,7288,4.9852722440846264e-05,1.149430274963379,0.0019395936978980899,0.054736025631427765
3,1288,7289,4.985267878510058e-05,1.149389624595642,0.001940779504366219,0.0546935610473156
3,1289,7290,4.985264240531251e-05,1.1494965553283691,0.0019430257380008698,0.0546511635184288
3,1290,7291,4.985259874956682e-05,1.1493852138519287,0.0019450588151812553,0.05460882931947708
3,1291,7292,4.985256236977875e-05,1.1492669582366943,0.001944101182743907,0.05456656217575073
3,1292,7293,4.985251871403307e-05,1.1493120193481445,0.0019465554505586624,0.054524362087249756
3,1293,7294,4.985247869626619e-05,1.1494495868682861,0.0019495110027492046,0.05486862361431122
3,1294,7295,4.985243867849931e-05,1.1492679119110107,0.0019509437261149287,0.05482625216245651
3,1295,7296,4.9852395022753626e-05,1.1493849754333496,0.0019561450462788343,0.05478395149111748
3,1296,7297,4.9852358642965555e-05,1.14943528175354,0.001958878943696618,0.05474171042442322
3,1297,7298,4.985231498721987e-05,1.1494174003601074,0.0019603832624852657,0.05469954013824463
3,1298,7299,4.98522786074318e-05,1.1495258808135986,0.001963159767910838,0.054657429456710815
3,1299,7300,4.9852234951686114e-05,1.1494923830032349,0.0019643076229840517,0.054615385830402374
3,1300,7301,4.985219857189804e-05,1.1494776010513306,0.001963311107829213,0.05457340553402901
3,1301,7302,4.985215491615236e-05,1.1495157480239868,0.0019657867960631847,0.05453149229288101
3,1302,7303,4.985211489838548e-05,1.1492892503738403,0.0019670191686600447,0.05448963865637779
3,1303,7304,4.98520748806186e-05,1.1494417190551758,0.0019683088175952435,0.054447852075099945
3,1304,7305,4.9852034862851724e-05,1.149477481842041,0.0019683861173689365,0.05478927493095398
3,1305,7306,4.9851994845084846e-05,1.1493711471557617,0.0019686752930283546,0.0547473207116127
3,1306,7307,4.985195482731797e-05,1.1492905616760254,0.0019715100061148405,0.054705433547496796
3,1307,7308,4.985191480955109e-05,1.149639368057251,0.00197221408598125,0.055045872926712036
3,1308,7309,4.9851871153805405e-05,1.1495368480682373,0.0019735093228518963,0.055003821849823
3,1309,7310,4.9851834774017334e-05,1.149405837059021,0.0019760443828999996,0.054961830377578735
3,1310,7311,4.985179111827165e-05,1.1494542360305786,0.001979382475838065,0.05491990968585014
3,1311,7312,4.985175473848358e-05,1.1496622562408447,0.0019778835121542215,0.05525914579629898
3,1312,7313,4.985171108273789e-05,1.1496756076812744,0.001979248598217964,0.05521705746650696
3,1313,7314,4.9851671064971015e-05,1.1495318412780762,0.0019783286843448877,0.05517503619194031
3,1314,7315,4.985163104720414e-05,1.1495361328125,0.0019772653467953205,0.05513308197259903
3,1315,7316,4.985158739145845e-05,1.1494168043136597,0.0019810469821095467,0.05509118735790253
3,1316,7317,4.985155101167038e-05,1.1493687629699707,0.0019821678288280964,0.0550493523478508
3,1317,7318,4.9851507355924696e-05,1.1491892337799072,0.0019834982231259346,0.05500758811831474
3,1318,7319,4.9851470976136625e-05,1.1492748260498047,0.0019870130345225334,0.05496588349342346
3,1319,7320,4.985142368241213e-05,1.1493632793426514,0.0019894707947969437,0.054924242198467255
3,1320,7321,4.985139094060287e-05,1.1491869688034058,0.001988746225833893,0.05488266423344612
3,1321,7322,4.9851343646878377e-05,1.1490223407745361,0.0019892402924597263,0.05484114959836006
3,1322,7323,4.9851307267090306e-05,1.148939847946167,0.001992674544453621,0.054799698293209076
3,1323,7324,4.985126361134462e-05,1.1487936973571777,0.001993746031075716,0.054758310317993164
3,1324,7325,4.985122723155655e-05,1.1487349271774292,0.001993779558688402,0.05471698194742203
3,1325,7326,4.9851183575810865e-05,1.1487689018249512,0.0019952356815338135,0.054675716906785965
3,1326,7327,4.9851143558043987e-05,1.1487009525299072,0.001997813116759062,0.054634515196084976
3,1327,7328,4.985110354027711e-05,1.1486681699752808,0.0019995670299977064,0.05459337681531906
3,1328,7329,4.9851059884531423e-05,1.1484389305114746,0.0020010932348668575,0.05455229431390762
3,1329,7330,4.9851019866764545e-05,1.1484633684158325,0.0020000971853733063,0.05488722026348114
3,1330,7331,4.985097984899767e-05,1.1483606100082397,0.001999173080548644,0.05484598129987717
3,1331,7332,4.985093983123079e-05,1.148383378982544,0.0020028213039040565,0.05480480566620827
3,1332,7333,4.985089981346391e-05,1.1483302116394043,0.0020047277212142944,0.05476368963718414
3,1333,7334,4.9850856157718226e-05,1.1482205390930176,0.002004911657422781,0.05472263693809509
3,1334,7335,4.9850819777930155e-05,1.148205041885376,0.0020035631023347378,0.054681647568941116
3,1335,7336,4.985077612218447e-05,1.1481890678405762,0.0020040003582835197,0.054640717804431915
3,1336,7337,4.985073610441759e-05,1.148257851600647,0.002007726114243269,0.05459985136985779
3,1337,7338,4.9850696086650714e-05,1.1480939388275146,0.0020090960897505283,0.054559044539928436
3,1338,7339,4.9850656068883836e-05,1.147933840751648,0.002010286320000887,0.05451829731464386
3,1339,7340,4.985061605111696e-05,1.147733449935913,0.0020108073949813843,0.05447760969400406
3,1340,7341,4.985057239537127e-05,1.1476223468780518,0.0020115538500249386,0.05443698912858963
3,1341,7342,4.9850532377604395e-05,1.1476836204528809,0.002014834200963378,0.05439642444252968
3,1342,7343,4.985049235983752e-05,1.1474902629852295,0.002017255639657378,0.0543559193611145
3,1343,7344,4.985045234207064e-05,1.1474783420562744,0.0020237029530107975,0.0543154776096344
3,1344,7345,4.985041232430376e-05,1.1473273038864136,0.002024234738200903,0.054275091737508774
3,1345,7346,4.9850368668558076e-05,1.1473963260650635,0.002028350718319416,0.05423476919531822
3,1346,7347,4.9850332288770005e-05,1.147504448890686,0.0020296566653996706,0.054194506257772446
3,1347,7348,4.985028863302432e-05,1.147465467453003,0.0020319377072155476,0.054154302924871445
3,1348,7349,4.985024861525744e-05,1.1472513675689697,0.0020322953350842,0.05411415919661522
3,1349,7350,4.9850208597490564e-05,1.147108793258667,0.00203211372718215,0.05407407134771347
3,1350,7351,4.9850168579723686e-05,1.1470108032226562,0.002033177763223648,0.054034046828746796
3,1351,7352,4.985012856195681e-05,1.1469128131866455,0.0020372355356812477,0.053994081914424896
3,1352,7353,4.985008490621112e-05,1.1467161178588867,0.0020394306629896164,0.05395417660474777
3,1353,7354,4.985004852642305e-05,1.1464980840682983,0.002040612744167447,0.053914330899715424
3,1354,7355,4.985000487067737e-05,1.1464879512786865,0.0020440679509192705,0.05387453734874725
3,1355,7356,4.984996485291049e-05,1.1464776992797852,0.0020466004498302937,0.053834810853004456
3,1356,7357,4.984992483514361e-05,1.1464389562606812,0.0020453971810638905,0.053795136511325836
3,1357,7358,4.9849881179397926e-05,1.1463449001312256,0.0020469194278120995,0.05375552177429199
3,1358,7359,4.984984116163105e-05,1.1463143825531006,0.002048618160188198,0.053715966641902924
3,1359,7360,4.984980114386417e-05,1.1460859775543213,0.002048830036073923,0.05367647111415863
3,1360,7361,4.9849757488118485e-05,1.1460329294204712,0.00205119326710701,0.053637031465768814
3,1361,7362,4.9849721108330414e-05,1.1460988521575928,0.0020525208674371243,0.05359765142202377
3,1362,7363,4.984967745258473e-05,1.1461410522460938,0.002055975142866373,0.05355832725763321
3,1363,7364,4.984964107279666e-05,1.1460175514221191,0.002059806138277054,0.05351906269788742
3,1364,7365,4.9849593779072165e-05,1.1459156274795532,0.0020594527013599873,0.05347985401749611
3,1365,7366,4.9849557399284095e-05,1.1457059383392334,0.0020600291900336742,0.05344070494174957
3,1366,7367,4.984951374353841e-05,1.1456003189086914,0.0020618245471268892,0.053401608020067215
3,1367,7368,4.984947372577153e-05,1.1454243659973145,0.0020618727430701256,0.05336257070302963
3,1368,7369,4.9849433708004653e-05,1.145432949066162,0.0020637200213968754,0.053323592990636826
3,1369,7370,4.9849393690237775e-05,1.145378589630127,0.002064810134470463,0.053284671157598495
3,1370,7371,4.98493536724709e-05,1.1453299522399902,0.0020668311044573784,0.05324580520391464
3,1371,7372,4.984931365470402e-05,1.1454055309295654,0.002065642736852169,0.0535714291036129
3,1372,7373,4.9849269998958334e-05,1.1453320980072021,0.002068969188258052,0.05353241041302681
3,1373,7374,4.9849229981191456e-05,1.145276427268982,0.0020708732772618532,0.0534934476017952
3,1374,7375,4.984918996342458e-05,1.1451094150543213,0.0020715193822979927,0.05345454812049866
3,1375,7376,4.984914630767889e-05,1.1450444459915161,0.0020720879547297955,0.053415700793266296
3,1376,7377,4.984910992789082e-05,1.1450387239456177,0.0020749184768646955,0.053376905620098114
3,1377,7378,4.984906627214514e-05,1.1449511051177979,0.0020765482913702726,0.05333817005157471
3,1378,7379,4.984902625437826e-05,1.1448066234588623,0.002077779732644558,0.053299494087696075
3,1379,7380,4.9848982598632574e-05,1.144909143447876,0.002078949473798275,0.05326087027788162
3,1380,7381,4.9848942580865696e-05,1.1447556018829346,0.0020800097845494747,0.053222302347421646
3,1381,7382,4.984890256309882e-05,1.144669532775879,0.002079772064462304,0.05318379029631615
3,1382,7383,4.984886254533194e-05,1.1447091102600098,0.002083750441670418,0.053145334124565125
3,1383,7384,4.9848818889586255e-05,1.1447203159332275,0.0020878456998616457,0.05310693383216858
3,1384,7385,4.9848782509798184e-05,1.1445841789245605,0.0020888731814920902,0.05306859314441681
3,1385,7386,4.98487388540525e-05,1.1446200609207153,0.002092022215947509,0.05303030461072922
3,1386,7387,4.984869883628562e-05,1.1445268392562866,0.0020960592664778233,0.052992068231105804
3,1387,7388,4.9848655180539936e-05,1.1444716453552246,0.0020984888542443514,0.05295389145612717
3,1388,7389,4.984861516277306e-05,1.1444168090820312,0.0021016269456595182,0.05291576683521271
3,1389,7390,4.984857514500618e-05,1.1442595720291138,0.0021015326492488384,0.052877698093652725
3,1390,7391,4.98485351272393e-05,1.1442455053329468,0.002104878891259432,0.05283968150615692
3,1391,7392,4.984849147149362e-05,1.1442842483520508,0.002108515240252018,0.05280172452330589
3,1392,7393,4.9848455091705546e-05,1.1441471576690674,0.002108460757881403,0.05276381969451904
3,1393,7394,4.984841143595986e-05,1.1439602375030518,0.0021089641377329826,0.05272597074508667
3,1394,7395,4.984837141819298e-05,1.1438039541244507,0.0021096759010106325,0.052688173949718475
3,1395,7396,4.9848331400426105e-05,1.1438710689544678,0.0021113764960318804,0.05265042930841446
3,1396,7397,4.984828774468042e-05,1.1439003944396973,0.00211015110835433,0.05261274054646492
3,1397,7398,4.984824772691354e-05,1.1438055038452148,0.0021115457639098167,0.05257510393857956
3,1398,7399,4.9848207709146664e-05,1.1436293125152588,0.0021137860603630543,0.052537526935338974
3,1399,7400,4.984816405340098e-05,1.1437053680419922,0.002117409370839596,0.05250000208616257
3,1400,7401,4.98481240356341e-05,1.143625020980835,0.0021164785139262676,0.05246252566576004
3,1401,7402,4.984808401786722e-05,1.1436773538589478,0.0021178536117076874,0.05242510885000229
3,1402,7403,4.984804036212154e-05,1.1438180208206177,0.0021176347509026527,0.052744120359420776
3,1403,7404,4.9848003982333466e-05,1.1436972618103027,0.0021168845705688,0.052706554532051086
3,1404,7405,4.984796032658778e-05,1.1435825824737549,0.002117593539878726,0.052669040858745575
3,1405,7406,4.98479203088209e-05,1.1436201333999634,0.0021197344176471233,0.05263157933950424
3,1406,7407,4.9847880291054025e-05,1.1434963941574097,0.0021198811009526253,0.05259416997432709
3,1407,7408,4.984783663530834e-05,1.1433825492858887,0.0021244091913104057,0.05255682021379471
3,1408,7409,4.984779661754146e-05,1.143480658531189,0.002127166138961911,0.05251951515674591
3,1409,7410,4.9847756599774584e-05,1.1434566974639893,0.0021263500675559044,0.05248226970434189
3,1410,7411,4.9847716582007706e-05,1.1433684825897217,0.00212560361251235,0.052445072680711746
3,1411,7412,4.984767292626202e-05,1.1434211730957031,0.002128340071067214,0.05240793526172638
3,1412,7413,4.984763290849514e-05,1.1434550285339355,0.002133126137778163,0.052370842546224594
3,1413,7414,4.984758925274946e-05,1.1436128616333008,0.002133085858076811,0.05268741399049759
3,1414,7415,4.984754923498258e-05,1.1435456275939941,0.0021363855339586735,0.052650175988674164
3,1415,7416,4.98475092172157e-05,1.1433734893798828,0.0021368730813264847,0.052612993866205215
3,1416,7417,4.9847469199448824e-05,1.143249273300171,0.0021363538689911366,0.052575863897800446
3,1417,7418,4.984742554370314e-05,1.1433441638946533,0.0021386677399277687,0.052538786083459854
3,1418,7419,4.984738552593626e-05,1.1431970596313477,0.002140763681381941,0.05250176042318344
3,1419,7420,4.9847341870190576e-05,1.143032431602478,0.0021429830230772495,0.052464790642261505
3,1420,7421,4.98473018524237e-05,1.1429352760314941,0.0021417676471173763,0.05242786556482315
3,1421,7422,4.984726183465682e-05,1.1429505348205566,0.0021431553177535534,0.05239100009202957
3,1422,7423,4.984722181688994e-05,1.1429510116577148,0.0021455097012221813,0.052354179322719574
3,1423,7424,4.9847181799123064e-05,1.142734169960022,0.002147665247321129,0.05231741815805435
3,1424,7425,4.984713814337738e-05,1.142587661743164,0.0021495227701961994,0.05228070169687271
3,1425,7426,4.98470981256105e-05,1.1425316333770752,0.002152097877115011,0.05224403738975525
3,1426,7427,4.9847054469864815e-05,1.1424152851104736,0.0021516503766179085,0.052207425236701965
3,1427,7428,4.9847018090076745e-05,1.1423187255859375,0.002152905333787203,0.05217086896300316
3,1428,7429,4.984697443433106e-05,1.142350435256958,0.002155044348910451,0.05213436111807823
3,1429,7430,4.984693441656418e-05,1.142357587814331,0.00215771421790123,0.052097901701927185
3,1430,7431,4.9846890760818496e-05,1.142406702041626,0.0021586872171610594,0.052061498165130615
3,1431,7432,4.984685074305162e-05,1.1424908638000488,0.0021578632295131683,0.05202513933181763
3,1432,7433,4.984680708730593e-05,1.1423969268798828,0.0021570557728409767,0.05198883265256882
3,1433,7434,4.984677070751786e-05,1.1423035860061646,0.0021578683517873287,0.051952578127384186
3,1434,7435,4.984672705177218e-05,1.1422111988067627,0.0021585002541542053,0.05191637575626373
3,1435,7436,4.98466870340053e-05,1.1421005725860596,0.0021603843197226524,0.05188022181391716
3,1436,7437,4.9846643378259614e-05,1.1420185565948486,0.0021616502199321985,0.051844120025634766
3,1437,7438,4.9846603360492736e-05,1.1419905424118042,0.0021634302102029324,0.05180806666612625
3,1438,7439,4.984656334272586e-05,1.1418590545654297,0.0021657946053892374,0.051772065460681915
3,1439,7440,4.984652332495898e-05,1.1416640281677246,0.0021660036873072386,0.05173610895872116
3,1440,7441,4.9846479669213295e-05,1.1415441036224365,0.0021660178899765015,0.05170020833611488
3,1441,7442,4.984643965144642e-05,1.1415841579437256,0.002168903360143304,0.05166435241699219
3,1442,7443,4.984639963367954e-05,1.1414127349853516,0.0021692467853426933,0.05162855237722397
3,1443,7444,4.9846355977933854e-05,1.1412725448608398,0.002171055879443884,0.05159279704093933
3,1444,7445,4.984631232218817e-05,1.1411185264587402,0.0021736985072493553,0.05155709385871887
3,1445,7446,4.98462759424001e-05,1.1411634683609009,0.0021765870042145252,0.05152143910527229
3,1446,7447,4.984623228665441e-05,1.1409800052642822,0.0021757890935987234,0.051485832780599594
3,1447,7448,4.984618863090873e-05,1.140796422958374,0.0021757108625024557,0.051450274884700775
3,1448,7449,4.984614861314185e-05,1.1406418085098267,0.002175587695091963,0.051414769142866135
3,1449,7450,4.984610859537497e-05,1.140552282333374,0.002177555114030838,0.051379308104515076
3,1450,7451,4.9846068577608094e-05,1.1404879093170166,0.0021768189035356045,0.051343899220228195
3,1451,7452,4.9846028559841216e-05,1.1405057907104492,0.0021824599243700504,0.051308538764715195
3,1452,7453,4.984598490409553e-05,1.1407270431518555,0.0021853349171578884,0.051273226737976074
3,1453,7454,4.984594488632865e-05,1.1407349109649658,0.002188281388953328,0.051237963140010834
3,1454,7455,4.984590123058297e-05,1.140753984451294,0.002189550083130598,0.05120275169610977
3,1455,7456,4.9845864850794896e-05,1.140777826309204,0.002190666040405631,0.05116758495569229
3,1456,7457,4.984582119504921e-05,1.1407347917556763,0.00219210097566247,0.05113246291875839
3,1457,7458,4.9845777539303526e-05,1.1408077478408813,0.0021910443902015686,0.05144032835960388
3,1458,7459,4.984573752153665e-05,1.1407299041748047,0.002198544330894947,0.05140507221221924
3,1459,7460,4.984569750376977e-05,1.140625238418579,0.002201701048761606,0.051369860768318176
3,1460,7461,4.9845653848024085e-05,1.1406676769256592,0.0022044950164854527,0.05133470147848129
3,1461,7462,4.984561383025721e-05,1.140751600265503,0.002205497585237026,0.05129958689212799
3,1462,7463,4.984557381249033e-05,1.1406893730163574,0.002205401659011841,0.05126452445983887
3,1463,7464,4.9845530156744644e-05,1.1405339241027832,0.002206719946116209,0.051229506731033325
3,1464,7465,4.9845490138977766e-05,1.140458345413208,0.0022065243683755398,0.05119454115629196
3,1465,7466,4.984545012121089e-05,1.1404329538345337,0.002211111132055521,0.05115962028503418
3,1466,7467,4.98454064654652e-05,1.1405019760131836,0.002211872022598982,0.05112474411725998
3,1467,7468,4.984536280971952e-05,1.1404609680175781,0.0022148131392896175,0.05108992010354996
3,1468,7469,4.984532642993145e-05,1.1405158042907715,0.0022179153747856617,0.05105514079332352
3,1469,7470,4.984528277418576e-05,1.1404564380645752,0.0022196806967258453,0.05102040618658066
3,1470,7471,4.9845242756418884e-05,1.140387773513794,0.002221698174253106,0.05098572373390198
3,1471,7472,4.98451991006732e-05,1.140305995941162,0.002225580159574747,0.05095108598470688
3,1472,7473,4.984515908290632e-05,1.1401562690734863,0.00222489470615983,0.05091650038957596
3,1473,7474,4.9845115427160636e-05,1.1400790214538574,0.0022238774690777063,0.05088195204734802
3,1474,7475,4.984507540939376e-05,1.1398811340332031,0.002225188072770834,0.050847455859184265
3,1475,7476,4.984503539162688e-05,1.1399253606796265,0.002225920557975769,0.05081300809979439
3,1476,7477,4.984499537386e-05,1.1399946212768555,0.002225912641733885,0.05077860504388809
3,1477,7478,4.9844951718114316e-05,1.140036702156067,0.0022269170731306076,0.050744250416755676
3,1478,7479,4.984491170034744e-05,1.1400580406188965,0.002229077275842428,0.05070994049310684
3,1479,7480,4.984487168258056e-05,1.140163540840149,0.0022318046540021896,0.05067567527294159
3,1480,7481,4.9844828026834875e-05,1.140181541442871,0.0022359618451446295,0.05064145848155022
3,1481,7482,4.984478437108919e-05,1.1400830745697021,0.0022378971334546804,0.050607286393642426
3,1482,7483,4.984474435332231e-05,1.1400139331817627,0.0022383686155080795,0.050573162734508514
3,1483,7484,4.9844704335555434e-05,1.1399943828582764,0.0022402333561331034,0.050539083778858185
3,1484,7485,4.984466067980975e-05,1.1399832963943481,0.0022417244035750628,0.05050504952669144
3,1485,7486,4.9844617024064064e-05,1.139960765838623,0.0022436368744820356,0.05047106370329857
3,1486,7487,4.984458064427599e-05,1.1400377750396729,0.0022444985806941986,0.05043712258338928
3,1487,7488,4.984453698853031e-05,1.1399463415145874,0.002244573086500168,0.05040322616696358
3,1488,7489,4.984449697076343e-05,1.1399121284484863,0.00224484340287745,0.050369374454021454
3,1489,7490,4.9844453315017745e-05,1.1398555040359497,0.0022458210587501526,0.05033557116985321
3,1490,7491,4.9844416935229674e-05,1.1399259567260742,0.0022471067495644093,0.05030181258916855
3,1491,7492,4.984436964150518e-05,1.1399123668670654,0.0022486939560621977,0.05026809871196747
3,1492,7493,4.9844329623738304e-05,1.1398422718048096,0.002251285593956709,0.05023442953824997
3,1493,7494,4.984428596799262e-05,1.1397287845611572,0.0022520620841532946,0.05020080506801605
3,1494,7495,4.984424958820455e-05,1.1397185325622559,0.002254408784210682,0.05016722530126572
3,1495,7496,4.984420593245886e-05,1.1396045684814453,0.002256012987345457,0.05013369023799896
3,1496,7497,4.984416227671318e-05,1.139420986175537,0.002258678199723363,0.05010019987821579
3,1497,7498,4.98441222589463e-05,1.1392288208007812,0.002262064488604665,0.0500667542219162
3,1498,7499,4.984408224117942e-05,1.139320969581604,0.0022656936198472977,0.05003335326910019
3,1499,7500,4.9844038585433736e-05,1.1392364501953125,0.0022664107382297516,0.05000000074505806
3,1500,7501,4.984399492968805e-05,1.1391149759292603,0.00226685032248497,0.049966685473918915
3,1501,7502,4.984395854989998e-05,1.1390469074249268,0.002270784229040146,0.04993342235684395
3,1502,7503,4.9843914894154295e-05,1.1388752460479736,0.002271676901727915,0.04990019649267197
3,1503,7504,4.984387487638742e-05,1.138902187347412,0.002273587277159095,0.049867019057273865
3,1504,7505,4.9843827582662925e-05,1.1388118267059326,0.002273616846650839,0.049833886325359344
3,1505,7506,4.9843791202874854e-05,1.138822078704834,0.0022752173244953156,0.049800798296928406
3,1506,7507,4.984374754712917e-05,1.1387405395507812,0.0022767912596464157,0.04976774752140045
3,1507,7508,4.984370752936229e-05,1.13860023021698,0.0022791284136474133,0.049734748899936676
3,1508,7509,4.9843663873616606e-05,1.1386476755142212,0.0022785132750868797,0.049701787531375885
3,1509,7510,4.984362385584973e-05,1.1386284828186035,0.0022801081649959087,0.049668874591588974
3,1510,7511,4.984358383808285e-05,1.138586401939392,0.0022796383127570152,0.049636002629995346
3,1511,7512,4.9843540182337165e-05,1.1386537551879883,0.0022826241329312325,0.0496031753718853
3,1512,7513,4.984349652659148e-05,1.138617753982544,0.0022882206831127405,0.049570389091968536
3,1513,7514,4.98434565088246e-05,1.138466477394104,0.0022923070937395096,0.049537647515535355
3,1514,7515,4.9843416491057724e-05,1.138434648513794,0.0022949608974158764,0.049504950642585754
3,1515,7516,4.984337283531204e-05,1.1383051872253418,0.002295468933880329,0.04947229474782944
3,1516,7517,4.9843329179566354e-05,1.1384222507476807,0.002300534164533019,0.0494396835565567
3,1517,7518,4.984329279977828e-05,1.1383442878723145,0.00230157608166337,0.04940711706876755
3,1518,7519,4.98432491440326e-05,1.138437271118164,0.002303394954651594,0.04937458783388138
3,1519,7520,4.984320912626572e-05,1.1385598182678223,0.002305760979652405,0.04934210330247879
3,1520,7521,4.9843165470520034e-05,1.1386866569519043,0.0023076257202774286,0.049309663474559784
3,1521,7522,4.9843125452753156e-05,1.138506293296814,0.002310661133378744,0.04927726835012436
3,1522,7523,4.984308179700747e-05,1.1384398937225342,0.0023166551254689693,0.04924491047859192
3,1523,7524,4.984304177924059e-05,1.1384938955307007,0.0023180493153631687,0.04921259731054306
3,1524,7525,4.984299812349491e-05,1.1383386850357056,0.0023190262727439404,0.04918032884597778
3,1525,7526,4.984295446774922e-05,1.1383548974990845,0.00232668942771852,0.04914809763431549
3,1526,7527,4.984291808796115e-05,1.1382979154586792,0.002331898547708988,0.04911591112613678
3,1527,7528,4.984287443221547e-05,1.138228416442871,0.002334380755200982,0.04908376932144165
3,1528,7529,4.984283441444859e-05,1.1383867263793945,0.0023377775214612484,0.04937867820262909
3,1529,7530,4.98427871207241e-05,1.1383230686187744,0.0023408846464008093,0.049346406012773514
3,1530,7531,4.9842750740936026e-05,1.138261079788208,0.0023415402974933386,0.04931417107582092
3,1531,7532,4.984270708519034e-05,1.138168215751648,0.002340564038604498,0.04928198456764221
3,1532,7533,4.984266706742346e-05,1.1380679607391357,0.002342413878068328,0.049249835312366486
3,1533,7534,4.984262341167778e-05,1.1380465030670166,0.002344067906960845,0.04921773076057434
3,1534,7535,4.984257975593209e-05,1.1379773616790771,0.002346339402720332,0.04918566718697548
3,1535,7536,4.9842539738165215e-05,1.1380772590637207,0.0023511373437941074,0.0491536483168602
3,1536,7537,4.984249972039834e-05,1.1380500793457031,0.0023556735832244158,0.049121662974357605
3,1537,7538,4.984245606465265e-05,1.1379621028900146,0.0023570472840219736,0.04908972606062889
3,1538,7539,4.9842412408906966e-05,1.1378523111343384,0.002356570214033127,0.04905783012509346
3,1539,7540,4.9842376029118896e-05,1.1377990245819092,0.002369021764025092,0.04902597516775131
3,1540,7541,4.984233237337321e-05,1.1377618312835693,0.0023749652318656445,0.04899416118860245
3,1541,7542,4.984229235560633e-05,1.1377415657043457,0.0023750830441713333,0.04896238446235657
3,1542,7543,4.984224506188184e-05,1.1375988721847534,0.002376831602305174,0.04893065243959427
3,1543,7544,4.984220504411496e-05,1.137550711631775,0.0023811189457774162,0.04889896512031555
3,1544,7545,4.9842165026348084e-05,1.1376166343688965,0.0023838419001549482,0.04886731505393982
3,1545,7546,4.9842125008581206e-05,1.1374696493148804,0.002385680563747883,0.04883570224046707
3,1546,7547,4.984208135283552e-05,1.1374993324279785,0.0023872475139796734,0.048804137855768204
3,1547,7548,4.9842037697089836e-05,1.1373708248138428,0.002388664986938238,0.04877261072397232
3,1548,7549,4.984199404134415e-05,1.1374437808990479,0.002392954658716917,0.04874112457036972
3,1549,7550,4.984195402357727e-05,1.1372671127319336,0.0023980478290468454,0.048709675669670105
3,1550,7551,4.9841914005810395e-05,1.137155532836914,0.0023984303697943687,0.04867827147245407
3,1551,7552,4.984187035006471e-05,1.1371052265167236,0.0024044387973845005,0.04864690452814102
3,1552,7553,4.984183033229783e-05,1.137040615081787,0.002406100742518902,0.048615582287311554
3,1553,7554,4.984178667655215e-05,1.137164831161499,0.002408274682238698,0.04858429729938507
3,1554,7555,4.984174665878527e-05,1.137097716331482,0.00241215736605227,0.04855305701494217
3,1555,7556,4.984170664101839e-05,1.1369695663452148,0.0024138609878718853,0.048521850258111954
3,1556,7557,4.9841662985272706e-05,1.136885166168213,0.0024168184027075768,0.04849068820476532
3,1557,7558,4.984161932952702e-05,1.1368508338928223,0.0024182097986340523,0.04845956340432167
3,1558,7559,4.9841575673781335e-05,1.136730670928955,0.002420910634100437,0.048428479582071304
3,1559,7560,4.984153565601446e-05,1.1366770267486572,0.002422903198748827,0.04839743673801422
3,1560,7561,4.984149563824758e-05,1.1366183757781982,0.002424719510599971,0.04836643114686012
3,1561,7562,4.9841451982501894e-05,1.1365840435028076,0.0024268198758363724,0.04833546653389931
3,1562,7563,4.9841411964735016e-05,1.1368019580841064,0.002425277605652809,0.048624441027641296
3,1563,7564,4.984136830898933e-05,1.1366353034973145,0.002427981700748205,0.04859334975481033
3,1564,7565,4.984132829122245e-05,1.1365444660186768,0.0024291123263537884,0.04856230318546295
3,1565,7566,4.9841288273455575e-05,1.1364617347717285,0.002431808039546013,0.048531290143728256
3,1566,7567,4.984124461770989e-05,1.1364190578460693,0.002435678616166115,0.048500318080186844
3,1567,7568,4.9841200961964205e-05,1.1363204717636108,0.0024365074932575226,0.048469386994838715
3,1568,7569,4.984115730621852e-05,1.1363632678985596,0.0024355261120945215,0.04843849688768387
3,1569,7570,4.984112092643045e-05,1.1361737251281738,0.002436791080981493,0.04840764403343201
3,1570,7571,4.984107363270596e-05,1.1361117362976074,0.0024399682879447937,0.04837682843208313
3,1571,7572,4.9841037252917886e-05,1.13612699508667,0.0024470691569149494,0.048346057534217834
3,1572,7573,4.9840989959193394e-05,1.1360634565353394,0.0024477995466440916,0.048315323889255524
3,1573,7574,4.9840949941426516e-05,1.1359840631484985,0.002449930878356099,0.0482846237719059
3,1574,7575,4.984090628568083e-05,1.1358579397201538,0.0024544387124478817,0.048253968358039856
3,1575,7576,4.984086626791395e-05,1.1358115673065186,0.0024537972640246153,0.0482233501970768
3,1576,7577,4.9840826250147074e-05,1.1359248161315918,0.0024567903019487858,0.048192769289016724
3,1577,7578,4.984078259440139e-05,1.135885238647461,0.0024647912941873074,0.04816222935914993
3,1578,7579,4.984074257663451e-05,1.1357572078704834,0.0024652997963130474,0.04813172668218613
3,1579,7580,4.984069528291002e-05,1.1356174945831299,0.0024661459028720856,0.048101264983415604
3,1580,7581,4.984065890312195e-05,1.1357128620147705,0.0024706514086574316,0.048070840537548065
3,1581,7582,4.9840611609397456e-05,1.1358085870742798,0.002479451708495617,0.04804045706987381
3,1582,7583,4.9840575229609385e-05,1.1357755661010742,0.0024835197255015373,0.04801010712981224
3,1583,7584,4.984052793588489e-05,1.1357760429382324,0.002485675271600485,0.047979798167943954
3,1584,7585,4.9840487918118015e-05,1.1358616352081299,0.0024897484108805656,0.04794953018426895
3,1585,7586,4.984044426237233e-05,1.1357622146606445,0.002489016391336918,0.047919295728206635
3,1586,7587,4.984040424460545e-05,1.135697603225708,0.002489132806658745,0.0478890985250473
3,1587,7588,4.9840364226838574e-05,1.135715365409851,0.0024924003519117832,0.04785894230008125
3,1588,7589,4.984032057109289e-05,1.1356091499328613,0.0025016881991177797,0.04782882332801819
3,1589,7590,4.984028055332601e-05,1.135544776916504,0.0025037708692252636,0.04779874160885811
3,1590,7591,4.984023325960152e-05,1.1355303525924683,0.0025063478387892246,0.04776869714260101
3,1591,7592,4.984019324183464e-05,1.1355059146881104,0.0025077962782233953,0.0477386936545372
3,1592,7593,4.984015322406776e-05,1.1353638172149658,0.0025114412419497967,0.04770872741937637
3,1593,7594,4.984010956832208e-05,1.1352465152740479,0.002511683152988553,0.04767879471182823
3,1594,7595,4.98400695505552e-05,1.1351373195648193,0.0025112114381045103,0.04764890298247337
3,1595,7596,4.9840025894809514e-05,1.1351453065872192,0.0025148242712020874,0.0476190485060215
3,1596,7597,4.9839985877042636e-05,1.135066270828247,0.002520173555240035,0.04758923128247261
3,1597,7598,4.9839938583318144e-05,1.1349196434020996,0.002527442295104265,0.04755944758653641
3,1598,7599,4.9839898565551266e-05,1.1349427700042725,0.0025308183394372463,0.04752970486879349
3,1599,7600,4.983985854778439e-05,1.1348590850830078,0.0025338074192404747,0.04749999940395355
3,1600,7601,4.983981853001751e-05,1.1347922086715698,0.002535122912377119,0.0474703311920166
3,1601,7602,4.9839774874271825e-05,1.1347577571868896,0.002533957362174988,0.047440700232982635
3,1602,7603,4.983973121852614e-05,1.13478684425354,0.0025403639301657677,0.047411102801561356
3,1603,7604,4.9839687562780455e-05,1.134787917137146,0.002542684553191066,0.04738154634833336
3,1604,7605,4.983964390703477e-05,1.134896993637085,0.002545387716963887,0.04735202342271805
3,1605,7606,4.983960388926789e-05,1.1349124908447266,0.002546063158661127,0.04732254147529602
3,1606,7607,4.9839563871501014e-05,1.1347968578338623,0.0025496333837509155,0.04729309305548668
3,1607,7608,4.9839523853734136e-05,1.134706974029541,0.002548668999224901,0.04726368188858032
3,1608,7609,4.983948019798845e-05,1.1345916986465454,0.0025533537846058607,0.04723430424928665
3,1609,7610,4.9839436542242765e-05,1.134461522102356,0.0025549642741680145,0.04720497131347656
3,1610,7611,4.983939288649708e-05,1.1344009637832642,0.0025579300709068775,0.04717566817998886
3,1611,7612,4.9839349230751395e-05,1.1344103813171387,0.0025620663072913885,0.047146402299404144
3,1612,7613,4.983930921298452e-05,1.1345021724700928,0.002564565744251013,0.04711717367172241
3,1613,7614,4.983926919521764e-05,1.134451150894165,0.002563680987805128,0.047087982296943665
3,1614,7615,4.9839225539471954e-05,1.134371042251587,0.002566919196397066,0.047058820724487305
3,1615,7616,4.9839185521705076e-05,1.1343029737472534,0.0025661964900791645,0.047029703855514526
3,1616,7617,4.983914186595939e-05,1.1342897415161133,0.0025701425038278103,0.047000616788864136
3,1617,7618,4.9839098210213706e-05,1.1342239379882812,0.002570847049355507,0.04697156697511673
3,1618,7619,4.983905455446802e-05,1.1340633630752563,0.0025743646547198296,0.04694255441427231
3,1619,7620,4.9839010898722336e-05,1.1341367959976196,0.002575131133198738,0.04691357910633087
3,1620,7621,4.9838974518934265e-05,1.134110450744629,0.0025739711709320545,0.04688464105129242
3,1621,7622,4.983893086318858e-05,1.1341371536254883,0.0025765313766896725,0.046855732798576355
3,1622,7623,4.98388908454217e-05,1.1344726085662842,0.002580469474196434,0.046826861798763275
3,1623,7624,4.9838847189676017e-05,1.13444185256958,0.0025850622914731503,0.04679802805185318
3,1624,7625,4.983880353393033e-05,1.1343698501586914,0.0025865575298666954,0.04676923155784607
3,1625,7626,4.9838759878184646e-05,1.1344859600067139,0.002585155889391899,0.047047972679138184
3,1626,7627,4.983871622243896e-05,1.1344056129455566,0.002586737275123596,0.047019053250551224
3,1627,7628,4.983867984265089e-05,1.1343896389007568,0.00258618569932878,0.04699017107486725
3,1628,7629,4.98386325489264e-05,1.1343662738800049,0.002589124720543623,0.04696132615208626
3,1629,7630,4.983859253115952e-05,1.134270429611206,0.002590467222034931,0.046932514756917953
3,1630,7631,4.9838548875413835e-05,1.1342837810516357,0.0025968432892113924,0.046903740614652634
3,1631,7632,4.983850885764696e-05,1.1342320442199707,0.002603802364319563,0.046875
3,1632,7633,4.983846520190127e-05,1.134092926979065,0.0026047206483781338,0.04684629291296005
3,1633,7634,4.983842154615559e-05,1.1339478492736816,0.0026059793308377266,0.04681762307882309
3,1634,7635,4.983838152838871e-05,1.1339130401611328,0.002608874347060919,0.04678899049758911
3,1635,7636,4.983833423466422e-05,1.1338595151901245,0.0026151780039072037,0.04676039144396782
3,1636,7637,4.9838297854876146e-05,1.133690595626831,0.0026181223802268505,0.04673182591795921
3,1637,7638,4.983825419913046e-05,1.133591890335083,0.002625269815325737,0.04670329764485359
3,1638,7639,4.983821418136358e-05,1.133543848991394,0.0026262702886015177,0.04667480289936066
3,1639,7640,4.98381705256179e-05,1.1333826780319214,0.0026274037081748247,0.04664634168148041
3,1640,7641,4.983812686987221e-05,1.1333777904510498,0.0026302668265998363,0.04661791771650314
3,1641,7642,4.9838086852105334e-05,1.1331936120986938,0.002632830524817109,0.04658952355384827
3,1642,7643,4.983803955838084e-05,1.1331173181533813,0.0026351832784712315,0.046561166644096375
3,1643,7644,4.9837999540613964e-05,1.133123755455017,0.0026340268086642027,0.04653284698724747
3,1644,7645,4.983795588486828e-05,1.13301682472229,0.0026337183080613613,0.04650455713272095
3,1645,7646,4.98379158671014e-05,1.1329951286315918,0.0026325583457946777,0.04647630453109741
3,1646,7647,4.983787584933452e-05,1.132930040359497,0.0026366421952843666,0.04644808918237686
3,1647,7648,4.983783219358884e-05,1.132829189300537,0.00263905618339777,0.0464199036359787
3,1648,7649,4.983779217582196e-05,1.1327921152114868,0.002644655294716358,0.04639175534248352
3,1649,7650,4.983774488209747e-05,1.1327095031738281,0.002645116066560149,0.04636363685131073
3,1650,7651,4.983770486433059e-05,1.1325294971466064,0.002645307220518589,0.046335555613040924
3,1651,7652,4.9837661208584905e-05,1.132617712020874,0.0026443335227668285,0.04661016911268234
3,1652,7653,4.983761755283922e-05,1.1324856281280518,0.0026504250708967447,0.046581972390413284
3,1653,7654,4.983757753507234e-05,1.1323297023773193,0.0026541296392679214,0.04655380919575691
3,1654,7655,4.983753024134785e-05,1.1322553157806396,0.0026617322582751513,0.046525679528713226
3,1655,7656,4.983749386155978e-05,1.1321816444396973,0.002666383981704712,0.04649758338928223
3,1656,7657,4.9837446567835286e-05,1.1321848630905151,0.002668173983693123,0.04646952450275421
3,1657,7658,4.9837410188047215e-05,1.1322126388549805,0.0026704310439527035,0.046441495418548584
3,1658,7659,4.983736289432272e-05,1.1320741176605225,0.0026709402445703745,0.04641350358724594
3,1659,7660,4.9837322876555845e-05,1.1321109533309937,0.0026757074519991875,0.046385541558265686
3,1660,7661,4.983728285878897e-05,1.1319597959518433,0.00267978897318244,0.046357616782188416
3,1661,7662,4.9837235565064475e-05,1.1319043636322021,0.002682304009795189,0.04632972180843353
3,1662,7663,4.98371955472976e-05,1.131868839263916,0.0026812031865119934,0.046301864087581635
3,1663,7664,4.9837148253573105e-05,1.1318838596343994,0.0026854928582906723,0.046274036169052124
3,1664,7665,4.983710823580623e-05,1.131873369216919,0.00268719089217484,0.0462462455034256
3,1665,7666,4.983706821803935e-05,1.131878137588501,0.0026908768340945244,0.04621848836541176
3,1666,7667,4.9837024562293664e-05,1.1318238973617554,0.0026945883873850107,0.046190761029720306
3,1667,7668,4.9836984544526786e-05,1.1318910121917725,0.002693699672818184,0.04616306722164154
3,1668,7669,4.9836937250802293e-05,1.1318159103393555,0.0026931297034025192,0.04613541066646576
3,1669,7670,4.983690087101422e-05,1.1316742897033691,0.0026930314488708973,0.046107783913612366
3,1670,7671,4.983685357728973e-05,1.1316983699798584,0.0026958505623042583,0.04608019068837166
3,1671,7672,4.983681355952285e-05,1.1317017078399658,0.00269941333681345,0.046052634716033936
3,1672,7673,4.983676990377717e-05,1.1317182779312134,0.0027058999985456467,0.0460251048207283
3,1673,7674,4.983672624803148e-05,1.1316206455230713,0.0027129175141453743,0.04599761217832565
3,1674,7675,4.9836686230264604e-05,1.1316719055175781,0.002716515678912401,0.04597014933824539
3,1675,7676,4.983663893654011e-05,1.1317431926727295,0.002715617883950472,0.045942723751068115
3,1676,7677,4.9836598918773234e-05,1.1317360401153564,0.0027184688951820135,0.04591532424092293
3,1677,7678,4.983655526302755e-05,1.1317534446716309,0.0027221092022955418,0.045887961983680725
3,1678,7679,4.983651524526067e-05,1.1316157579421997,0.002722577191889286,0.04586063325405121
3,1679,7680,4.9836471589514986e-05,1.1314467191696167,0.0027271839790046215,0.04583333432674408
3,1680,7681,4.98364279337693e-05,1.1313199996948242,0.0027267197147011757,0.04580606520175934
3,1681,7682,4.983638791600242e-05,1.1313135623931885,0.002725467551499605,0.04577883332967758
3,1682,7683,4.983634426025674e-05,1.1312668323516846,0.0027294582687318325,0.04575163125991821
3,1683,7684,4.983630424248986e-05,1.131101369857788,0.002730380743741989,0.04572446644306183
3,1684,7685,4.9836260586744174e-05,1.1311111450195312,0.002737320028245449,0.04569733142852783
3,1685,7686,4.983621693099849e-05,1.1310441493988037,0.0027424076106399298,0.04567022621631622
3,1686,7687,4.983617691323161e-05,1.131005048751831,0.0027464544400572777,0.0456431545317173
3,1687,7688,4.983612961950712e-05,1.1309212446212769,0.002747484017163515,0.045616112649440765
3,1688,7689,4.983608960174024e-05,1.1311416625976562,0.0027458867989480495,0.04588513821363449
3,1689,7690,4.9836045945994556e-05,1.1311562061309814,0.002749003004282713,0.0458579882979393
3,1690,7691,4.983600229024887e-05,1.1310518980026245,0.002752365078777075,0.0458308681845665
3,1691,7692,4.983596227248199e-05,1.1309763193130493,0.0027525234036147594,0.04580378532409668
3,1692,7693,4.98359149787575e-05,1.1309385299682617,0.002751500578597188,0.04577672481536865
3,1693,7694,4.983587496099062e-05,1.1308534145355225,0.0027527431957423687,0.04574970528483391
3,1694,7695,4.9835834943223745e-05,1.1307942867279053,0.00275780470110476,0.04572271555662155
3,1695,7696,4.983579128747806e-05,1.1306254863739014,0.0027639027684926987,0.045695751905441284
3,1696,7697,4.9835747631732374e-05,1.1305878162384033,0.0027701088692992926,0.045668825507164
3,1697,7698,4.983570397598669e-05,1.1305484771728516,0.002777592744678259,0.045641932636499405
3,1698,7699,4.983566395821981e-05,1.1304962635040283,0.002780429320409894,0.045615069568157196
3,1699,7700,4.9835620302474126e-05,1.1305010318756104,0.0027830253820866346,0.045588236302137375
3,1700,7701,4.983558028470725e-05,1.1305488348007202,0.002792730927467346,0.04556143283843994
3,1701,7702,4.983553662896156e-05,1.1304690837860107,0.002794697880744934,0.045534662902355194
3,1702,7703,4.983549297321588e-05,1.1303668022155762,0.0027970029041171074,0.04550792649388313
3,1703,7704,4.9835452955449e-05,1.1304447650909424,0.0028013186529278755,0.04548121988773346
3,1704,7705,4.983540566172451e-05,1.130317211151123,0.0028020930476486683,0.04545454680919647
3,1705,7706,4.983536564395763e-05,1.1303457021713257,0.0028031293768435717,0.04542790353298187
3,1706,7707,4.9835321988211945e-05,1.1302509307861328,0.00280327838845551,0.04540129005908966
3,1707,7708,4.983527833246626e-05,1.1301883459091187,0.002807260025292635,0.045374706387519836
3,1708,7709,4.983523831469938e-05,1.1301177740097046,0.0028069252148270607,0.0453481562435627
3,1709,7710,4.983519102097489e-05,1.130034327507019,0.002809280063956976,0.04532163590192795
3,1710,7711,4.983515100320801e-05,1.1299240589141846,0.0028158817440271378,0.045295149087905884
3,1711,7712,4.9835107347462326e-05,1.129817247390747,0.0028226892463862896,0.04526869207620621
3,1712,7713,4.983506369171664e-05,1.1298402547836304,0.0028298331890255213,0.04524226486682892
3,1713,7714,4.983502367394976e-05,1.1297996044158936,0.0028318045660853386,0.04521586745977402
3,1714,7715,4.983497638022527e-05,1.1298775672912598,0.0028303866274654865,0.0451895035803318
3,1715,7716,4.983493636245839e-05,1.1298503875732422,0.0028349366039037704,0.045163169503211975
3,1716,7717,4.9834896344691515e-05,1.1298828125,0.0028399028815329075,0.045136868953704834
3,1717,7718,4.983485268894583e-05,1.129797101020813,0.0028449990786612034,0.04511059448122978
3,1718,7719,4.9834809033200145e-05,1.129749059677124,0.002843940630555153,0.04508434981107712
3,1719,7720,4.983476537745446e-05,1.1298412084579468,0.0028527374379336834,0.04505813866853714
3,1720,7721,4.983472535968758e-05,1.1298778057098389,0.0028581013903021812,0.04503195732831955
3,1721,7722,4.9834681703941897e-05,1.1297719478607178,0.002862722147256136,0.04500580579042435
3,1722,7723,4.983463804819621e-05,1.1299247741699219,0.0028753946535289288,0.04497968778014183
3,1723,7724,4.9834594392450526e-05,1.1298789978027344,0.0028814272955060005,0.0449535958468914
3,1724,7725,4.983455437468365e-05,1.129807472229004,0.0028831600211560726,0.04492753744125366
3,1725,7726,4.983451071893796e-05,1.1297078132629395,0.002886042930185795,0.04490150511264801
3,1726,7727,4.983446706319228e-05,1.1296985149383545,0.0028897272422909737,0.04487551003694534
3,1727,7728,4.98344270454254e-05,1.1296088695526123,0.0028993249870836735,0.04484953731298447
3,1728,7729,4.9834383389679715e-05,1.1296879053115845,0.0029015596956014633,0.044823598116636276
3,1729,7730,4.983433973393403e-05,1.1297527551651,0.0029002255760133266,0.044797688722610474
3,1730,7731,4.9834296078188345e-05,1.1296684741973877,0.0029002458322793245,0.04477180913090706
3,1731,7732,4.983425242244266e-05,1.1295785903930664,0.0029037788044661283,0.04474595934152603
3,1732,7733,4.983421240467578e-05,1.1295075416564941,0.002910279668867588,0.044720135629177094
3,1733,7734,4.98341687489301e-05,1.129512071609497,0.0029104752466082573,0.04469434916973114
3,1734,7735,4.983412509318441e-05,1.1295167207717896,0.002914109965786338,0.044668588787317276
3,1735,7736,4.9834081437438726e-05,1.1295175552368164,0.002913519972935319,0.0446428582072258
3,1736,7737,4.983403778169304e-05,1.129523515701294,0.002912773285061121,0.04461715742945671
3,1737,7738,4.983399776392616e-05,1.1295497417449951,0.0029208040796220303,0.04459148645401001
3,1738,7739,4.983395410818048e-05,1.129514217376709,0.0029200343415141106,0.0445658415555954
3,1739,7740,4.983391045243479e-05,1.1295716762542725,0.0029281391762197018,0.04454023018479347
3,1740,7741,4.9833870434667915e-05,1.1294071674346924,0.002933833282440901,0.044514648616313934
3,1741,7742,4.983382314094342e-05,1.129335641860962,0.002936779987066984,0.044489093124866486
3,1742,7743,4.9833783123176545e-05,1.129314661026001,0.002938993740826845,0.044463567435741425
3,1743,7744,4.983373946743086e-05,1.1293096542358398,0.002939452650025487,0.04443807154893875
3,1744,7745,4.9833695811685175e-05,1.1293034553527832,0.0029423795640468597,0.044412605464458466
3,1745,7746,4.98336557939183e-05,1.1293458938598633,0.0029415693134069443,0.04438716918230057
3,1746,7747,4.9833608500193805e-05,1.1292273998260498,0.0029425453394651413,0.04436176270246506
3,1747,7748,4.9833568482426926e-05,1.1291394233703613,0.0029462394304573536,0.044336386024951935
3,1748,7749,4.983352482668124e-05,1.1291184425354004,0.0029543526470661163,0.0443110354244709
3,1749,7750,4.9833481170935556e-05,1.129096269607544,0.00295786140486598,0.044285714626312256
3,1750,7751,4.983344115316868e-05,1.129140853881836,0.0029564681462943554,0.0442604199051857
3,1751,7752,4.9833393859444186e-05,1.129051923751831,0.002964523620903492,0.04423515871167183
3,1752,7753,4.983335384167731e-05,1.1288880109786987,0.002967944834381342,0.04420992732048035
3,1753,7754,4.983331018593162e-05,1.1288164854049683,0.0029679560102522373,0.04418472200632095
3,1754,7755,4.983326653018594e-05,1.128717303276062,0.0029692407697439194,0.04415954649448395
3,1755,7756,4.983322651241906e-05,1.1287164688110352,0.002976380055770278,0.04413439705967903
3,1756,7757,4.983317921869457e-05,1.128699779510498,0.002976497169584036,0.0441092774271965
3,1757,7758,4.983313920092769e-05,1.128659963607788,0.0029789407271891832,0.04408418759703636
3,1758,7759,4.9833095545182005e-05,1.128676414489746,0.0029776946175843477,0.04405912756919861
3,1759,7760,4.983305188943632e-05,1.1286176443099976,0.002981408266350627,0.044034089893102646
3,1760,7761,4.983301187166944e-05,1.1284900903701782,0.002984014106914401,0.04400908574461937
3,1761,7762,4.983296457794495e-05,1.128401517868042,0.0029884548857808113,0.04398410767316818
3,1762,7763,4.983292456017807e-05,1.1283183097839355,0.0029891016893088818,0.04395915940403938
3,1763,7764,4.9832880904432386e-05,1.1283648014068604,0.002995841670781374,0.04393424093723297
3,1764,7765,4.98328372486867e-05,1.1282827854156494,0.0029996586963534355,0.04390934854745865
3,1765,7766,4.983279723091982e-05,1.1281566619873047,0.003004618687555194,0.043884485960006714
3,1766,7767,4.983274993719533e-05,1.1280851364135742,0.0030039651319384575,0.04385964572429657
3,1767,7768,4.983270991942845e-05,1.12809419631958,0.003015786176547408,0.04383484274148941
3,1768,7769,4.983266626368277e-05,1.1280267238616943,0.0030162837356328964,0.04381006211042404
3,1769,7770,4.983262260793708e-05,1.127912998199463,0.003016060683876276,0.04378531128168106
3,1770,7771,4.9832582590170205e-05,1.127894639968872,0.0030178846791386604,0.04376058652997017
3,1771,7772,4.983253529644571e-05,1.1277270317077637,0.003018761519342661,0.043735891580581665
3,1772,7773,4.9832495278678834e-05,1.1276692152023315,0.003021193202584982,0.04371122270822525
3,1773,7774,4.983245162293315e-05,1.1276181936264038,0.003023196244612336,0.04368658363819122
3,1774,7775,4.983240432920866e-05,1.1276798248291016,0.0030217627063393593,0.043661970645189285
3,1775,7776,4.983236431144178e-05,1.1275808811187744,0.003025609068572521,0.043637387454509735
3,1776,7777,4.9832320655696094e-05,1.1276190280914307,0.003024366684257984,0.043612830340862274
3,1777,7778,4.983227699995041e-05,1.1275997161865234,0.003031729953363538,0.0435883030295372
3,1778,7779,4.983223698218353e-05,1.127586841583252,0.003042984753847122,0.04356379806995392
3,1779,7780,4.983218968845904e-05,1.1275831460952759,0.003047599457204342,0.04353932663798332
3,1780,7781,4.983214967069216e-05,1.1274597644805908,0.003048016456887126,0.04351487755775452
3,1781,7782,4.9832106014946476e-05,1.1275560855865479,0.0030530791264027357,0.0434904620051384
3,1782,7783,4.9832058721221983e-05,1.127568006515503,0.003051718696951866,0.04346606880426407
3,1783,7784,4.9832018703455105e-05,1.1275651454925537,0.003054386470466852,0.04344170540571213
3,1784,7785,4.983197504770942e-05,1.1277004480361938,0.0030572402756661177,0.043417368084192276
3,1785,7786,4.9831931391963735e-05,1.1278915405273438,0.0030621627811342478,0.043393056839704514
3,1786,7787,4.983189137419686e-05,1.1277981996536255,0.0030680308118462563,0.04336877539753914
3,1787,7788,4.9831844080472365e-05,1.1279242038726807,0.0030714566819369793,0.04334452003240585
3,1788,7789,4.983180406270549e-05,1.1279345750808716,0.0030737072229385376,0.04332029074430466
3,1789,7790,4.98317604069598e-05,1.1278495788574219,0.003074473235756159,0.04329609125852585
3,1790,7791,4.983171675121412e-05,1.127934217453003,0.003077917732298374,0.04327191412448883
3,1791,7792,4.983167673344724e-05,1.1279473304748535,0.003078337060287595,0.0432477667927742
3,1792,7793,4.9831629439722747e-05,1.127897024154663,0.003078151261433959,0.04322364926338196
3,1793,7794,4.983158942195587e-05,1.127939224243164,0.0030778469517827034,0.043199554085731506
3,1794,7795,4.9831545766210184e-05,1.1279635429382324,0.003082733601331711,0.04317548871040344
3,1795,7796,4.98315021104645e-05,1.1279327869415283,0.003085751784965396,0.04315144568681717
3,1796,7797,4.983146209269762e-05,1.1278457641601562,0.0030881804414093494,0.043127432465553284
3,1797,7798,4.983141479897313e-05,1.127910852432251,0.0030904810409992933,0.043103449046611786
3,1798,7799,4.983137478120625e-05,1.1279003620147705,0.003091061022132635,0.04307948797941208
3,1799,7800,4.9831331125460565e-05,1.1277732849121094,0.0030958978459239006,0.04305555671453476
3,1800,7801,4.983128383173607e-05,1.1276803016662598,0.003095589578151703,0.04303164780139923
3,1801,7802,4.9831243813969195e-05,1.1276121139526367,0.003097865264862776,0.04300776869058609
3,1802,7803,4.983120015822351e-05,1.1275684833526611,0.003096677828580141,0.04298391565680504
3,1803,7804,4.9831156502477825e-05,1.1275420188903809,0.003103365655988455,0.042960088700056076
3,1804,7805,4.983111284673214e-05,1.1275200843811035,0.003108514240011573,0.0429362878203392
3,1805,7806,4.983106555300765e-05,1.127370834350586,0.0031107566319406033,0.04291251301765442
3,1806,7807,4.983102553524077e-05,1.1273852586746216,0.003116035368293524,0.04288876801729202
3,1807,7808,4.9830981879495084e-05,1.1274604797363281,0.0031184987165033817,0.04286504536867142
3,1808,7809,4.98309382237494e-05,1.1274257898330688,0.003124907612800598,0.0428413487970829
3,1809,7810,4.983089820598252e-05,1.1273877620697021,0.0031270901672542095,0.04281768202781677
3,1810,7811,4.983085091225803e-05,1.127393126487732,0.0031292825005948544,0.042794033885002136
3,1811,7812,4.983081089449115e-05,1.1273694038391113,0.0031326208263635635,0.042770419269800186
3,1812,7813,4.9830767238745466e-05,1.1273503303527832,0.003135811537504196,0.04274682700634003
3,1813,7814,4.983072358299978e-05,1.1273455619812012,0.003138534724712372,0.042723264545202255
3,1814,7815,4.98306835652329e-05,1.12744140625,0.0031372406519949436,0.042699724435806274
3,1815,7816,4.983063990948722e-05,1.1273692846298218,0.0031364504247903824,0.04267621040344238
3,1816,7817,4.9830592615762725e-05,1.1272755861282349,0.0031377188861370087,0.04265272617340088
3,1817,7818,4.983055259799585e-05,1.1271231174468994,0.003139125881716609,0.042629264295101166
3,1818,7819,4.9830505304271355e-05,1.1271729469299316,0.003143920097500086,0.04260582849383354
3,1819,7820,4.983046164852567e-05,1.127199411392212,0.0031425761990249157,0.04258241876959801
3,1820,7821,4.9830417992779985e-05,1.127157211303711,0.003146741772070527,0.04255903512239456
3,1821,7822,4.98303743370343e-05,1.1270637512207031,0.0031498039606958628,0.042535677552223206
3,1822,7823,4.983033431926742e-05,1.1270451545715332,0.0031534458976238966,0.04251234233379364
3,1823,7824,4.983029066352174e-05,1.1271002292633057,0.0031566517427563667,0.04248903691768646
3,1824,7825,4.983024700777605e-05,1.1271188259124756,0.0031594405882060528,0.042465753853321075
3,1825,7826,4.983020335203037e-05,1.1270458698272705,0.003161738160997629,0.04244249686598778
3,1826,7827,4.983015969628468e-05,1.1269787549972534,0.003169499570503831,0.04241926595568657
3,1827,7828,4.9830119678517804e-05,1.1270406246185303,0.0031738425604999065,0.04239606112241745
3,1828,7829,4.983007602277212e-05,1.1269621849060059,0.00317406072281301,0.04237288236618042
3,1829,7830,4.9830028729047626e-05,1.1269186735153198,0.0031730388291180134,0.04234972596168518
3,1830,7831,4.982998871128075e-05,1.1270663738250732,0.0031796060502529144,0.04232659935951233
3,1831,7832,4.982994505553506e-05,1.1270242929458618,0.00318005308508873,0.04230349510908127
3,1832,7833,4.982989776181057e-05,1.1270625591278076,0.0031851946841925383,0.042280413210392
3,1833,7834,4.9829854106064886e-05,1.127042293548584,0.003189142793416977,0.042257361114025116
3,1834,7835,4.982981408829801e-05,1.1270041465759277,0.0031939330510795116,0.042234331369400024
3,1835,7836,4.982977043255232e-05,1.1270694732666016,0.0031967153772711754,0.04221133142709732
3,1836,7837,4.982972677680664e-05,1.1271252632141113,0.0032020104117691517,0.04218835011124611
3,1837,7838,4.982968312106095e-05,1.1270588636398315,0.00320771848782897,0.042165398597717285
3,1838,7839,4.982963946531527e-05,1.1269280910491943,0.0032120004761964083,0.04214246943593025
3,1839,7840,4.982959944754839e-05,1.126882553100586,0.0032178503461182117,0.04211956262588501
3,1840,7841,4.98295521538239e-05,1.1267462968826294,0.003218785161152482,0.042096689343452454
3,1841,7842,4.982950849807821e-05,1.1267390251159668,0.003222567029297352,0.04207383096218109
3,1842,7843,4.9829468480311334e-05,1.1268057823181152,0.0032243127934634686,0.04205100238323212
3,1843,7844,4.982942118658684e-05,1.1268560886383057,0.003231007605791092,0.04202819615602493
3,1844,7845,4.982937753084116e-05,1.1269365549087524,0.0032321217004209757,0.04200541973114014
3,1845,7846,4.982933751307428e-05,1.126875877380371,0.003234227653592825,0.04198266565799713
3,1846,7847,4.982929021934979e-05,1.1267895698547363,0.0032400779891759157,0.04195993393659592
3,1847,7848,4.982925020158291e-05,1.1267673969268799,0.0032435802277177572,0.04193723201751709
3,1848,7849,4.9829206545837224e-05,1.1266953945159912,0.003243028186261654,0.041914548724889755
3,1849,7850,4.982916289009154e-05,1.1266382932662964,0.003247099695727229,0.04189189523458481
3,1850,7851,4.982911923434585e-05,1.1266136169433594,0.00324802752584219,0.041869260370731354
3,1851,7852,4.982907557860017e-05,1.126611590385437,0.0032560708932578564,0.04184665158390999
3,1852,7853,4.982903192285448e-05,1.1264631748199463,0.0032571512274444103,0.04182406887412071
3,1853,7854,4.98289882671088e-05,1.1264255046844482,0.0032612683717161417,0.041801512241363525
3,1854,7855,4.9828940973384306e-05,1.126394510269165,0.0032634257804602385,0.04177897423505783
3,1855,7856,4.982890095561743e-05,1.1263420581817627,0.003268679603934288,0.041756466031074524
3,1856,7857,4.982885729987174e-05,1.1264245510101318,0.003271002322435379,0.04200322926044464
3,1857,7858,4.982881364412606e-05,1.1263086795806885,0.0032772019039839506,0.041980624198913574
3,1858,7859,4.982877362635918e-05,1.1263113021850586,0.0032762791961431503,0.0419580414891243
3,1859,7860,4.982872633263469e-05,1.1262702941894531,0.0032814983278512955,0.04193548485636711
3,1860,7861,4.9828682676889e-05,1.1262025833129883,0.0032868515700101852,0.041912950575351715
3,1861,7862,4.9828642659122124e-05,1.1261236667633057,0.0032875658944249153,0.04189044237136841
3,1862,7863,4.982859536539763e-05,1.1260998249053955,0.003286571241915226,0.04186795651912689
3,1863,7864,4.982855170965195e-05,1.126084566116333,0.003299526870250702,0.04184549301862717
3,1864,7865,4.982851169188507e-05,1.1261491775512695,0.0033102938905358315,0.04182305932044983
3,1865,7866,4.982846439816058e-05,1.1261483430862427,0.003314622910693288,0.041800640523433685
3,1866,7867,4.98284243803937e-05,1.126123070716858,0.0033193775452673435,0.04177825152873993
3,1867,7868,4.9828380724648014e-05,1.1261533498764038,0.0033228243701159954,0.04175588861107826
3,1868,7869,4.982833343092352e-05,1.1261143684387207,0.0033251731656491756,0.041733548045158386
3,1869,7870,4.9828293413156644e-05,1.126171350479126,0.003328986233100295,0.0417112298309803
3,1870,7871,4.982824611943215e-05,1.126075267791748,0.0033315722830593586,0.041688933968544006
3,1871,7872,4.9828202463686466e-05,1.125969409942627,0.003332287771627307,0.0416666679084301
3,1872,7873,4.982816244591959e-05,1.126162052154541,0.0033370843157172203,0.04191137105226517
3,1873,7874,4.9828115152195096e-05,1.1260886192321777,0.0033429949544370174,0.0418890081346035
3,1874,7875,4.982807513442822e-05,1.1260638236999512,0.0033488264307379723,0.041866667568683624
3,1875,7876,4.982803147868253e-05,1.1259446144104004,0.0033528264611959457,0.04184435307979584
3,1876,7877,4.982798418495804e-05,1.125946283340454,0.003351586638018489,0.04182205721735954
3,1877,7878,4.982794416719116e-05,1.125943899154663,0.003356848144903779,0.04179978370666504
3,1878,7879,4.982789687346667e-05,1.125917673110962,0.003359549678862095,0.04177753999829292
3,1879,7880,4.9827853217720985e-05,1.1259260177612305,0.003361857496201992,0.0417553186416626
3,1880,7881,4.982781319995411e-05,1.1258975267410278,0.003363376948982477,0.04173311963677406
3,1881,7882,4.982776954420842e-05,1.1258389949798584,0.0033647269010543823,0.04171094670891762
3,1882,7883,4.982772588846274e-05,1.1258459091186523,0.0033688826952129602,0.04168879613280296
3,1883,7884,4.982768223271705e-05,1.1257786750793457,0.0033750729635357857,0.0416666641831398
3,1884,7885,4.982763857697137e-05,1.1258304119110107,0.0033737400081008673,0.041644562035799026
3,1885,7886,4.9827591283246875e-05,1.1257394552230835,0.003374671097844839,0.04162248224020004
3,1886,7887,4.982754762750119e-05,1.1258118152618408,0.003380653914064169,0.04160042107105255
3,1887,7888,4.982750760973431e-05,1.1257416009902954,0.0033887759782373905,0.04157838970422745
3,1888,7889,4.9827463953988627e-05,1.1256251335144043,0.003393054474145174,0.041556380689144135
3,1889,7890,4.982742029824294e-05,1.125648021697998,0.003397050779312849,0.041534390300512314
3,1890,7891,4.982737300451845e-05,1.1256550550460815,0.003397303633391857,0.04151242971420288
3,1891,7892,4.982733298675157e-05,1.125664472579956,0.0033957771956920624,0.04149048775434494
3,1892,7893,4.982728569302708e-05,1.1257715225219727,0.003398795612156391,0.04173269867897034
3,1893,7894,4.9827242037281394e-05,1.1256831884384155,0.003403574228286743,0.04171066731214523
3,1894,7895,4.982719838153571e-05,1.1256327629089355,0.0034027278888970613,0.04168865457177162
3,1895,7896,4.982715836376883e-05,1.1255362033843994,0.003404860384762287,0.0416666679084301
3,1896,7897,4.9827114708023146e-05,1.125415563583374,0.0034094834700226784,0.04164470359683037
3,1897,7898,4.9827067414298654e-05,1.1253429651260376,0.003415711224079132,0.04162275791168213
3,1898,7899,4.9827027396531776e-05,1.1253633499145508,0.003414273727685213,0.04160084202885628
3,1899,7900,4.9826980102807283e-05,1.125283122062683,0.003413587808609009,0.04157894849777222
3,1900,7901,4.98269364470616e-05,1.1252238750457764,0.003412589430809021,0.04155707359313965
3,1901,7902,4.982689642929472e-05,1.1251671314239502,0.0034166090190410614,0.04153522476553917
3,1902,7903,4.982684913557023e-05,1.1251006126403809,0.003415884915739298,0.04151339828968048
3,1903,7904,4.982680911780335e-05,1.125064492225647,0.0034191664308309555,0.04149159789085388
3,1904,7905,4.9826765462057665e-05,1.12510347366333,0.003421698696911335,0.041469816118478775
3,1905,7906,4.9826714530354366e-05,1.1250569820404053,0.003423232352361083,0.04144805669784546
3,1906,7907,4.982667451258749e-05,1.1250066757202148,0.0034234856721013784,0.04142632335424423
3,1907,7908,4.98266308568418e-05,1.1249017715454102,0.003422959242016077,0.041404612362384796
3,1908,7909,4.982658720109612e-05,1.1249321699142456,0.003424613503739238,0.04138292372226715
3,1909,7910,4.982654718332924e-05,1.1248656511306763,0.003428296884521842,0.041361257433891296
3,1910,7911,4.982649988960475e-05,1.124840497970581,0.003430090844631195,0.04133961349725723
3,1911,7912,4.9826452595880255e-05,1.124833106994629,0.0034343241713941097,0.04131799191236496
3,1912,7913,4.982641257811338e-05,1.1249005794525146,0.003436519531533122,0.04129639267921448
3,1913,7914,4.982636892236769e-05,1.1249496936798096,0.0034381048753857613,0.041274815797805786
3,1914,7915,4.982632526662201e-05,1.1249151229858398,0.0034401938319206238,0.041253261268138885
3,1915,7916,4.982628524885513e-05,1.1248726844787598,0.0034430325031280518,0.041231732815504074
3,1916,7917,4.982623795513064e-05,1.1248223781585693,0.003450303338468075,0.04121022671461105
3,1917,7918,4.9826190661406144e-05,1.1247367858886719,0.0034538591280579567,0.041188739240169525
3,1918,7919,4.9826150643639266e-05,1.1246302127838135,0.003453422337770462,0.04116727411746979
3,1919,7920,4.982610698789358e-05,1.124536156654358,0.003455941565334797,0.04114583134651184
3,1920,7921,4.9826063332147896e-05,1.1244252920150757,0.0034571399446576834,0.04112441465258598
3,1921,7922,4.982601967640221e-05,1.1243692636489868,0.003458474762737751,0.04110301658511162
3,1922,7923,4.982597238267772e-05,1.1244324445724487,0.00345980073325336,0.04108164459466934
3,1923,7924,4.9825928726932034e-05,1.124305009841919,0.0034635080955922604,0.04106029123067856
3,1924,7925,4.982588507118635e-05,1.1242566108703613,0.003473035991191864,0.041038960218429565
3,1925,7926,4.9825841415440664e-05,1.1241819858551025,0.0034743850119411945,0.04101765155792236
3,1926,7927,4.9825801397673786e-05,1.1241357326507568,0.0034791964571923018,0.04099636524915695
3,1927,7928,4.9825754103949293e-05,1.1241021156311035,0.0034827643539756536,0.04097510501742363
3,1928,7929,4.982571044820361e-05,1.1242823600769043,0.0034840204752981663,0.0409538596868515
3,1929,7930,4.982566679245792e-05,1.1242876052856445,0.003485720604658127,0.04093264043331146
3,1930,7931,4.982562313671224e-05,1.124150276184082,0.0034875902347266674,0.040911443531513214
3,1931,7932,4.982557948096655e-05,1.1242300271987915,0.003493459429591894,0.04089026898145676
3,1932,7933,4.982553582522087e-05,1.12429940700531,0.0034987113904207945,0.04086911678314209
3,1933,7934,4.982549216947518e-05,1.1243501901626587,0.003500609425827861,0.040847986936569214
3,1934,7935,4.982544487575069e-05,1.1243072748184204,0.0035021789371967316,0.04082687199115753
3,1935,7936,4.9825401220005006e-05,1.1242789030075073,0.0035067545250058174,0.04080578684806824
3,1936,7937,4.982536120223813e-05,1.1242358684539795,0.003512504044920206,0.04078471660614014
3,1937,7938,4.982531754649244e-05,1.1242318153381348,0.0035181501880288124,0.040763676166534424
3,1938,7939,4.982527025276795e-05,1.1241397857666016,0.0035182374995201826,0.040742650628089905
3,1939,7940,4.9825226597022265e-05,1.124197244644165,0.0035165257286280394,0.040721647441387177
3,1940,7941,4.982518294127658e-05,1.1240975856781006,0.003516805823892355,0.04070067033171654
3,1941,7942,4.9825139285530895e-05,1.124070405960083,0.003520261263474822,0.04067971184849739
3,1942,7943,4.982509926776402e-05,1.1240328550338745,0.0035194559022784233,0.040658775717020035
3,1943,7944,4.9825051974039525e-05,1.123953104019165,0.0035247178748250008,0.04063785821199417
3,1944,7945,4.982500468031503e-05,1.1239681243896484,0.003529708832502365,0.0406169667840004
3,1945,7946,4.9824964662548155e-05,1.1238981485366821,0.003531111404299736,0.040596093982458115
3,1946,7947,4.982491736882366e-05,1.123753309249878,0.003533272771164775,0.04057524353265762
3,1947,7948,4.9824877351056784e-05,1.1236804723739624,0.003532642498612404,0.040554411709308624
3,1948,7949,4.98248336953111e-05,1.1236186027526855,0.0035316466819494963,0.04053360968828201
3,1949,7950,4.982478640158661e-05,1.1236011981964111,0.0035302205942571163,0.040512822568416595
3,1950,7951,4.982474274584092e-05,1.1236751079559326,0.0035285158082842827,0.04049205780029297
3,1951,7952,4.9824702728074044e-05,1.1236932277679443,0.0035310667008161545,0.040471311658620834
3,1952,7953,4.982465543434955e-05,1.123734712600708,0.0035297705326229334,0.04045058786869049
3,1953,7954,4.982461177860387e-05,1.1236838102340698,0.0035304129123687744,0.040429890155792236
3,1954,7955,4.982456812285818e-05,1.123621940612793,0.003531533759087324,0.040409207344055176
3,1955,7956,4.9824524467112496e-05,1.1235393285751343,0.003533146111294627,0.040388546884059906
3,1956,7957,4.982448081136681e-05,1.1235530376434326,0.0035368534736335278,0.04036790877580643
3,1957,7958,4.9824437155621126e-05,1.1235935688018799,0.0035438763443380594,0.04034729301929474
3,1958,7959,4.9824389861896634e-05,1.1235270500183105,0.0035425943788141012,0.04032669961452484
3,1959,7960,4.982434620615095e-05,1.1234281063079834,0.00354196154512465,0.04030612111091614
3,1960,7961,4.9824302550405264e-05,1.1233576536178589,0.0035408693365752697,0.04028556868433952
3,1961,7962,4.982425889465958e-05,1.1232839822769165,0.003541543846949935,0.0402650348842144
3,1962,7963,4.9824215238913894e-05,1.1233642101287842,0.003540101693943143,0.040499236434698105
3,1963,7964,4.98241679451894e-05,1.1235004663467407,0.0035413592122495174,0.04047861695289612
3,1964,7965,4.9824127927422523e-05,1.1234432458877563,0.0035424698144197464,0.040458016097545624
3,1965,7966,4.982408427167684e-05,1.123361349105835,0.0035448186099529266,0.04043743759393692
3,1966,7967,4.9824036977952346e-05,1.123356580734253,0.0035457685589790344,0.04041688144207001
3,1967,7968,4.982399332220666e-05,1.1233656406402588,0.003547774627804756,0.04039634019136429
3,1968,7969,4.9823949666460976e-05,1.123295783996582,0.003552340902388096,0.04037582501769066
3,1969,7970,4.982390601071529e-05,1.1232061386108398,0.003551687579602003,0.04035532847046852
3,1970,7971,4.9823862354969606e-05,1.1230716705322266,0.0035534524358808994,0.04033485800027847
3,1971,7972,4.982381869922392e-05,1.1229603290557861,0.003553481772542,0.04031439870595932
3,1972,7973,4.982377140549943e-05,1.1229832172393799,0.003557362826541066,0.040293969213962555
3,1973,7974,4.982373138773255e-05,1.1228368282318115,0.0035591544583439827,0.040273554623126984
3,1974,7975,4.982368409400806e-05,1.1228179931640625,0.0035605193115770817,0.0402531623840332
3,1975,7976,4.982364043826237e-05,1.1227378845214844,0.0035649589262902737,0.04023279249668121
3,1976,7977,4.982359678251669e-05,1.122695803642273,0.0035672192461788654,0.040212444961071014
3,1977,7978,4.9823549488792196e-05,1.1226860284805298,0.0035677056293934584,0.04019211232662201
3,1978,7979,4.982350947102532e-05,1.1226351261138916,0.0035675796680152416,0.040171802043914795
3,1979,7980,4.982346581527963e-05,1.1226558685302734,0.003567793872207403,0.04015151411294937
3,1980,7981,4.982341852155514e-05,1.1228442192077637,0.003572620917111635,0.04013124853372574
3,1981,7982,4.9823374865809456e-05,1.1228363513946533,0.003578017232939601,0.0401109978556633
3,1982,7983,4.982333484804258e-05,1.1227753162384033,0.003579865675419569,0.04009076952934265
3,1983,7984,4.9823287554318085e-05,1.1227898597717285,0.003580996301025152,0.040070563554763794
3,1984,7985,4.98232438985724e-05,1.1228238344192505,0.0035844314843416214,0.04005037993192673
3,1985,7986,4.9823200242826715e-05,1.1228351593017578,0.003590566571801901,0.040030211210250854
3,1986,7987,4.982315294910222e-05,1.122727870941162,0.0035907255951315165,0.04001006484031677
3,1987,7988,4.9823112931335345e-05,1.1226661205291748,0.0035900548100471497,0.03998994082212448
3,1988,7989,4.982306927558966e-05,1.1226396560668945,0.003594012698158622,0.03996983543038368
3,1989,7990,4.982302198186517e-05,1.1226181983947754,0.0035968064330518246,0.039949748665094376
3,1990,7991,4.982297832611948e-05,1.1226754188537598,0.003600922878831625,0.03992968425154686
3,1991,7992,4.98229346703738e-05,1.1227145195007324,0.003606652608141303,0.039909638464450836
3,1992,7993,4.982289101462811e-05,1.122637152671814,0.003606137353926897,0.039889611303806305
3,1993,7994,4.982284372090362e-05,1.1226356029510498,0.0036072167567908764,0.039869606494903564
3,1994,7995,4.9822800065157935e-05,1.122663974761963,0.003609084989875555,0.039849624037742615
3,1995,7996,4.982276004739106e-05,1.1226544380187988,0.003612974425777793,0.03982966020703316
3,1996,7997,4.9822712753666565e-05,1.1227686405181885,0.003617053385823965,0.039809711277484894
3,1997,7998,4.982266545994207e-05,1.1228142976760864,0.0036272387951612473,0.03978978842496872
3,1998,7999,4.9822625442175195e-05,1.1227891445159912,0.0036302863154560328,0.039769887924194336
3,1999,8000,4.982258178642951e-05,1.1228115558624268,0.003642817959189415,0.039750002324581146
