epoch,batch,global_step,lr,loss,dice_coefficient,safe_binary_iou
0,0,1,4.999999873689376e-05,1.2475790977478027,0.010591880418360233,0.0010962870437651873
0,1,2,4.999999873689376e-05,1.5763471126556396,0.005298612639307976,0.0005481435800902545
0,2,3,4.999999873689376e-05,1.7474290132522583,0.003532553557306528,0.0003654290339909494
0,3,4,4.999999509891495e-05,1.811710238456726,0.0026496374048292637,0.00027407181914895773
0,4,5,4.9999991460936144e-05,1.8517242670059204,0.0021197099704295397,0.00021925749024376273
0,5,6,4.9999991460936144e-05,1.826538324356079,0.0017831719014793634,0.00022377559798769653
0,6,7,4.9999991460936144e-05,1.7830455303192139,0.0015619683545082808,0.00019180765957571566
0,7,8,4.999998782295734e-05,1.790860891342163,0.0013677077367901802,0.00016783172031864524
0,8,9,4.999998782295734e-05,1.783483862876892,0.0012385607697069645,0.00018958206055685878
0,9,10,4.999998418497853e-05,1.7997267246246338,0.0011150031350553036,0.00017062386905308813
0,10,11,4.9999976909020916e-05,1.801795482635498,0.001014895853586495,0.00015511270612478256
0,11,12,4.999997327104211e-05,1.8199398517608643,0.0009306674473918974,0.00014218664728105068
0,12,13,4.999997327104211e-05,1.8001124858856201,0.0008788133272901177,0.00014256869326345623
0,13,14,4.9999965995084494e-05,1.7622764110565186,0.0009142957860603929,0.00013238523388281465
0,14,15,4.999995871912688e-05,1.7297585010528564,0.0017298448365181684,0.00017989386105909944
0,15,16,4.999995871912688e-05,1.7606985569000244,0.0016217295778915286,0.00016865049838088453
0,16,17,4.9999951443169266e-05,1.7748799324035645,0.0015263337409123778,0.00015872989024501294
0,17,18,4.999994416721165e-05,1.7702381610870361,0.0014446666464209557,0.0001589774328749627
0,18,19,4.999993689125404e-05,1.7544755935668945,0.0013729352504014969,0.0001506102562416345
0,19,20,4.9999929615296423e-05,1.7578637599945068,0.0013042885111644864,0.025143107399344444
0,20,21,4.9999925977317616e-05,1.7702714204788208,0.0012422811705619097,0.023945815861225128
0,21,22,4.999991870136e-05,1.7684001922607422,0.0011888877488672733,0.022857369855046272
0,22,23,4.999990778742358e-05,1.7790675163269043,0.0011371970176696777,0.02186357043683529
0,23,24,4.9999904149444774e-05,1.745877742767334,0.001769613940268755,0.020952587947249413
0,24,25,4.999989323550835e-05,1.7674009799957275,0.0016988678835332394,0.020114485174417496
0,25,26,4.999988595955074e-05,1.7451691627502441,0.0018092698883265257,0.01934308372437954
0,26,27,4.999987504561432e-05,1.7409262657165527,0.001761175226420164,0.01864660531282425
0,27,28,4.9999864131677896e-05,1.7540336847305298,0.001698290929198265,0.017980657517910004
0,28,29,4.999985685572028e-05,1.7531901597976685,0.001640263944864273,0.017360633239150047
0,29,30,4.999984594178386e-05,1.7351529598236084,0.0017428346909582615,0.01681498996913433
0,30,31,4.9999838665826246e-05,1.7351961135864258,0.0016868924722075462,0.016272570937871933
0,31,32,4.999982411391102e-05,1.7437150478363037,0.0016342024318873882,0.015764053910970688
0,32,33,4.9999813199974597e-05,1.7347314357757568,0.00160760257858783,0.015286355279386044
0,33,34,4.9999802286038175e-05,1.7349907159805298,0.0015610248083248734,0.014836756512522697
0,34,35,4.9999791372101754e-05,1.7428984642028809,0.001516434596851468,0.01441284827888012
0,35,36,4.9999776820186526e-05,1.739483118057251,0.0014776515308767557,0.014012491330504417
0,36,37,4.999976954422891e-05,1.748932123184204,0.001437715021893382,0.013633775524795055
0,37,38,4.999975499231368e-05,1.7280492782592773,0.0019526794785633683,0.013277648948132992
0,38,39,4.999974407837726e-05,1.7137632369995117,0.0029631201177835464,0.012947906740009785
0,39,40,4.9999725888483226e-05,1.7216346263885498,0.002889063209295273,0.012624209746718407
0,40,41,4.9999714974546805e-05,1.727386236190796,0.002818598411977291,0.01231630239635706
0,41,42,4.999969678465277e-05,1.7302956581115723,0.0027514956891536713,0.012023056857287884
0,42,43,4.999968587071635e-05,1.7355711460113525,0.0026877126656472683,0.011743451468646526
0,43,44,4.999967131880112e-05,1.7204837799072266,0.0029935957863926888,0.01152634248137474
0,44,45,4.999965676688589e-05,1.7179455757141113,0.0029319380410015583,0.01127020176500082
0,45,46,4.9999638576991856e-05,1.725860834121704,0.002868242561817169,0.011025196872651577
0,46,47,4.999962402507663e-05,1.7271480560302734,0.0028074560686945915,0.010790619067847729
0,47,48,4.99996094731614e-05,1.7263073921203613,0.00274931313470006,0.01056581363081932
0,48,49,4.9999591283267364e-05,1.7300941944122314,0.00269321515224874,0.010350185446441174
0,49,50,4.9999576731352136e-05,1.7304375171661377,0.0026400203350931406,0.010143181309103966
0,50,51,4.99995585414581e-05,1.7362792491912842,0.0025882995687425137,0.009944295510649681
0,51,52,4.9999540351564065e-05,1.7378911972045898,0.0025385431945323944,0.009753058664500713
0,52,53,4.999952216167003e-05,1.7367693185806274,0.002491000108420849,0.009569039568305016
0,53,54,4.9999503971775994e-05,1.7392332553863525,0.0024449771735817194,0.00939183495938778
0,54,55,4.999948578188196e-05,1.731919288635254,0.002411327790468931,0.009221074171364307
0,55,56,4.999946759198792e-05,1.7311017513275146,0.002369584748521447,0.009089258499443531
0,56,57,4.999944940209389e-05,1.7206480503082275,0.002570715034380555,0.008935111574828625
0,57,58,4.999943121219985e-05,1.7273000478744507,0.0025263922289013863,0.008781058713793755
0,58,59,4.999940938432701e-05,1.7255890369415283,0.00248378561809659,0.008632225915789604
0,59,60,4.999938755645417e-05,1.7273552417755127,0.0024424949660897255,0.00848835613578558
0,60,61,4.999936936656013e-05,1.7267959117889404,0.0024033260997384787,0.008349202573299408
0,61,62,4.999934753868729e-05,1.7300199270248413,0.0023646170739084482,0.008214537985622883
0,62,63,4.999932934879325e-05,1.7334651947021484,0.002327102469280362,0.008084149099886417
0,63,64,4.999930752092041e-05,1.7338097095489502,0.00229076761752367,0.00795783381909132
0,64,65,4.999928205506876e-05,1.7356672286987305,0.0022556164767593145,0.007835405878722668
0,65,66,4.9999263865174726e-05,1.7386720180511475,0.002221489092335105,0.007716687396168709
0,66,67,4.999923476134427e-05,1.7414131164550781,0.002188362879678607,0.007601513061672449
0,67,68,4.9999216571450233e-05,1.74574613571167,0.0021561821922659874,0.007489725947380066
0,68,69,4.999919474357739e-05,1.7487739324569702,0.0021249547135084867,0.007381179369986057
0,69,70,4.9999165639746934e-05,1.7374911308288574,0.002290010452270508,0.007275734096765518
0,70,71,4.99991474498529e-05,1.7335679531097412,0.0022620088420808315,0.007173258811235428
0,71,72,4.999911834602244e-05,1.7342430353164673,0.002230630489066243,0.007073630578815937
0,72,73,4.9999100156128407e-05,1.728606939315796,0.0022093476727604866,0.006976731587201357
0,73,74,4.999907105229795e-05,1.7305548191070557,0.0021794915664941072,0.006882451009005308
0,74,75,4.99990455864463e-05,1.720340609550476,0.002646449953317642,0.006797582842409611
0,75,76,4.999902012059465e-05,1.710418939590454,0.002857843181118369,0.006708140950649977
0,76,77,4.9998994654743e-05,1.7060017585754395,0.00283916387706995,0.006621022243052721
0,77,78,4.999896918889135e-05,1.7075281143188477,0.002802883740514517,0.0065361373126506805
0,78,79,4.9998940085060894e-05,1.7045608758926392,0.0027709095738828182,0.006453401874750853
0,79,80,4.9998914619209245e-05,1.6951816082000732,0.0028176004998385906,0.006372734438627958
0,80,81,4.999888551537879e-05,1.697300910949707,0.0027828188613057137,0.006294058635830879
0,81,82,4.999886004952714e-05,1.6987030506134033,0.0027491122018545866,0.006217301823198795
0,82,83,4.999883458367549e-05,1.7001781463623047,0.002716007176786661,0.0061423941515386105
0,83,84,4.999880547984503e-05,1.6993488073349,0.002683775033801794,0.006069270893931389
0,84,85,4.9998776376014575e-05,1.7005506753921509,0.00265221344307065,0.005997868720442057
0,85,86,4.999874727218412e-05,1.7027714252471924,0.0026214742101728916,0.005928126163780689
0,86,87,4.999871816835366e-05,1.7001341581344604,0.002595325466245413,0.005859986878931522
0,87,88,4.9998689064523205e-05,1.7018513679504395,0.0025658332742750645,0.005793401505798101
0,88,89,4.999865632271394e-05,1.6938351392745972,0.002673277398571372,0.005728479940444231
0,89,90,4.999862358090468e-05,1.696531057357788,0.0026435772888362408,0.005664830096065998
0,90,91,4.999859447707422e-05,1.69828200340271,0.0026145270094275475,0.005602579563856125
0,91,92,4.9998565373243764e-05,1.701348066329956,0.0025861081667244434,0.005541681312024593
0,92,93,4.999853626941331e-05,1.7025907039642334,0.0025583025999367237,0.005482093896716833
0,93,94,4.9998503527604043e-05,1.6995807886123657,0.002531199250370264,0.005423773545771837
0,94,95,4.999847078579478e-05,1.6915442943572998,0.003380625508725643,0.005372423678636551
0,95,96,4.9998438043985516e-05,1.6896276473999023,0.003360739443451166,0.005316460970789194
0,96,97,4.999840530217625e-05,1.687633991241455,0.003326506121084094,0.005261652171611786
0,97,98,4.9998376198345795e-05,1.6868605613708496,0.003293094225227833,0.0052079614251852036
0,98,99,4.9998339818557724e-05,1.6871269941329956,0.003259859513491392,0.0051553561352193356
0,99,100,4.9998303438769653e-05,1.691116452217102,0.00322726066224277,0.0051038023084402084
0,100,101,4.999827069696039e-05,1.6904082298278809,0.0031959605403244495,0.005053269676864147
0,101,102,4.9998237955151126e-05,1.6887946128845215,0.0031647314317524433,0.0050037275068461895
0,102,103,4.9998201575363055e-05,1.6856186389923096,0.003134787082672119,0.004955147858709097
0,103,104,4.9998165195574984e-05,1.6871944665908813,0.0031046802178025246,0.004907502792775631
0,104,105,4.999813245376572e-05,1.6884347200393677,0.003075186163187027,0.004860764369368553
0,105,106,4.999809607397765e-05,1.683668613433838,0.0030487412586808205,0.004814907908439636
0,106,107,4.999805969418958e-05,1.6842377185821533,0.0030203843489289284,0.00476990919560194
0,107,108,4.999802331440151e-05,1.6775538921356201,0.0032055568881332874,0.004725816193968058
0,108,109,4.9997986934613436e-05,1.6735332012176514,0.0031829802319407463,0.004682460334151983
0,109,110,4.999794691684656e-05,1.6721153259277344,0.003154513891786337,0.004639892373234034
0,110,111,4.9997914175037295e-05,1.6721012592315674,0.0031265877187252045,0.00459809135645628
0,111,112,4.999787415727042e-05,1.6655335426330566,0.003185797482728958,0.0045570372603833675
0,112,113,4.9997837777482346e-05,1.6666111946105957,0.0031576044857501984,0.004516709595918655
0,113,114,4.999779775971547e-05,1.66633141040802,0.0031305488664656878,0.004477089270949364
0,114,115,4.999775774194859e-05,1.665004849433899,0.0031033875420689583,0.0044381581246852875
0,115,116,4.999771772418171e-05,1.665977120399475,0.003076634369790554,0.004399906378239393
0,116,117,4.999768134439364e-05,1.6662851572036743,0.0030503668822348118,0.0043623014353215694
0,117,118,4.9997637688647956e-05,1.6600279808044434,0.0030954754911363125,0.004325332120060921
0,118,119,4.9997601308859885e-05,1.6605943441390991,0.0030694659799337387,0.0042889853939414024
0,119,120,4.99975576531142e-05,1.6608984470367432,0.0030439021065831184,0.004253243561834097
0,120,121,4.999751763534732e-05,1.6640198230743408,0.003018745919689536,0.004218092653900385
0,121,122,4.9997477617580444e-05,1.6617180109024048,0.0029946707654744387,0.00418351823464036
0,122,123,4.999743396183476e-05,1.6624666452407837,0.002970323897898197,0.012279586866497993
0,123,124,4.999739394406788e-05,1.6635262966156006,0.002946369582787156,0.020245075225830078
0,124,125,4.9997353926301e-05,1.6639267206192017,0.002922799438238144,0.020083114504814148
0,125,126,4.999730663257651e-05,1.664886713027954,0.0028996062465012074,0.019923724234104156
0,126,127,4.999726661480963e-05,1.666082501411438,0.002876774873584509,0.01976684480905533
0,127,128,4.999722295906395e-05,1.6659661531448364,0.0028544552624225616,0.019612416625022888
0,128,129,4.999717930331826e-05,1.6635158061981201,0.0028330087661743164,0.01946038380265236
0,129,130,4.999713564757258e-05,1.6642067432403564,0.0028114053420722485,0.019310688599944115
0,130,131,4.9997088353848085e-05,1.6667609214782715,0.002789944177493453,0.019163278862833977
0,131,132,4.999704833608121e-05,1.6677658557891846,0.0027688080444931984,0.026593860238790512
0,132,133,4.9997001042356715e-05,1.6636508703231812,0.002802970353513956,0.026412952691316605
0,133,134,4.999695738661103e-05,1.6609151363372803,0.0027907569892704487,0.026215840131044388
0,134,135,4.999691009288654e-05,1.6609069108963013,0.0027701230719685555,0.026021650061011314
0,135,136,4.999686643714085e-05,1.6559109687805176,0.002874154131859541,0.025830313563346863
0,136,137,4.999681914341636e-05,1.6550967693328857,0.002853225450962782,0.025641772896051407
0,137,138,4.999677184969187e-05,1.6553938388824463,0.0028325568418949842,0.025455964729189873
0,138,139,4.999672819394618e-05,1.6550371646881104,0.0028122523799538612,0.025272827595472336
0,139,140,4.9996677262242883e-05,1.6555371284484863,0.0027921730652451515,0.025092309340834618
0,140,141,4.999662996851839e-05,1.6530550718307495,0.002773486077785492,0.024914350360631943
0,141,142,4.999657903681509e-05,1.6494057178497314,0.002759169787168503,0.024738896638154984
0,142,143,4.99965317430906e-05,1.649336338043213,0.0027399167884141207,0.02456589601933956
0,143,144,4.999648444936611e-05,1.6480944156646729,0.0027210144326090813,0.024395300075411797
0,144,145,4.9996437155641615e-05,1.6455730199813843,0.0027028480544686317,0.02422705665230751
0,145,146,4.999638986191712e-05,1.6447339057922363,0.0026844392996281385,0.024061117321252823
0,146,147,4.9996338930213824e-05,1.6414237022399902,0.002668792847543955,0.023897437378764153
0,147,148,4.999628436053172e-05,1.6415164470672607,0.002650802955031395,0.02373596653342247
0,148,149,4.9996237066807225e-05,1.6426453590393066,0.0026330123655498028,0.02357666566967964
0,149,150,4.9996186135103926e-05,1.6431853771209717,0.0026154625229537487,0.023419488221406937
0,150,151,4.999613520340063e-05,1.6428797245025635,0.0025982437655329704,0.023264393210411072
0,151,152,4.999608427169733e-05,1.643324375152588,0.0025811539962887764,0.023111337795853615
0,152,153,4.999603333999403e-05,1.6439728736877441,0.002564377849921584,0.022960282862186432
0,153,154,4.999598240829073e-05,1.6394736766815186,0.0026572439819574356,0.02281126379966736
0,154,155,4.999592783860862e-05,1.6350340843200684,0.0026830337010324,0.022664092481136322
0,155,156,4.999587690690532e-05,1.6350136995315552,0.002665947889909148,0.022518809884786606
0,156,157,4.999582233722322e-05,1.6363885402679443,0.0026490045711398125,0.022375378757715225
0,157,158,4.999577140551992e-05,1.6366872787475586,0.0026322398334741592,0.022233765572309494
0,158,159,4.999571683583781e-05,1.6369988918304443,0.0026157107204198837,0.02209392935037613
0,159,160,4.9995662266155705e-05,1.6376631259918213,0.0025993622839450836,0.02195584587752819
0,160,161,4.999560405849479e-05,1.6375917196273804,0.0025832331739366055,0.021819474175572395
0,161,162,4.999555312679149e-05,1.6335253715515137,0.002633439376950264,0.021684786304831505
0,162,163,4.9995498557109386e-05,1.6341173648834229,0.002617284655570984,0.021551750600337982
0,163,164,4.999544034944847e-05,1.6343392133712769,0.002601371146738529,0.02142033725976944
0,164,165,4.9995385779766366e-05,1.6353394985198975,0.002585605252534151,0.02129051834344864
0,165,166,4.999533121008426e-05,1.6323332786560059,0.002576448954641819,0.021162260323762894
0,166,167,4.9995273002423346e-05,1.6313750743865967,0.0025610753800719976,0.021035540848970413
0,167,168,4.999521843274124e-05,1.628744125366211,0.0025485537480562925,0.02091033011674881
0,168,169,4.9995160225080326e-05,1.6283771991729736,0.002533473540097475,0.026703760027885437
0,169,170,4.999510201741941e-05,1.6281981468200684,0.0025185816921293736,0.026546679437160492
0,170,171,4.99950438097585e-05,1.6242318153381348,0.002603501547127962,0.02639143541455269
0,171,172,4.999498924007639e-05,1.6237852573394775,0.002588414354249835,0.02623799815773964
0,172,173,4.999493103241548e-05,1.6240630149841309,0.0025734747759997845,0.02608633041381836
0,173,174,4.999486918677576e-05,1.6202040910720825,0.002619771985337138,0.025939056649804115
0,174,175,4.9994810979114845e-05,1.620614767074585,0.002604807959869504,0.025790832936763763
0,175,176,4.999475277145393e-05,1.617030143737793,0.002615810837596655,0.025644294917583466
0,176,177,4.999469092581421e-05,1.6161565780639648,0.002601257059723139,0.025499410927295685
0,177,178,4.999462908017449e-05,1.6154110431671143,0.002586683025583625,0.025356154888868332
0,178,179,4.999456723453477e-05,1.6145060062408447,0.0025723055005073547,0.025214500725269318
0,179,180,4.9994512664852664e-05,1.61203932762146,0.002561016473919153,0.025074422359466553
0,180,181,4.9994447181234136e-05,1.6099343299865723,0.002547180512920022,0.0249358881264925
0,181,182,4.9994385335594416e-05,1.6084316968917847,0.00253359810449183,0.02479887753725052
0,182,183,4.9994323489954695e-05,1.6106619834899902,0.00251975329592824,0.024663366377353668
0,183,184,4.999426528229378e-05,1.6073856353759766,0.0025404037442058325,0.02452932484447956
0,184,185,4.9994199798675254e-05,1.604283094406128,0.0025670183822512627,0.024396732449531555
0,185,186,4.9994137953035533e-05,1.6038920879364014,0.002553243190050125,0.02426556870341301
0,186,187,4.999407610739581e-05,1.6010892391204834,0.0025708461180329323,0.02413596399128437
0,187,188,4.9994010623777285e-05,1.5990707874298096,0.0025575743056833744,0.024007581174373627
0,188,189,4.9993948778137565e-05,1.5955612659454346,0.002588329603895545,0.023880671709775925
0,189,190,4.999388329451904e-05,1.5939102172851562,0.002575101563706994,0.023754984140396118
0,190,191,4.999381781090051e-05,1.5929036140441895,0.0025618774816393852,0.02363061159849167
0,191,192,4.999375596526079e-05,1.594041347503662,0.002548535820096731,0.023507539182901382
0,192,193,4.999369048164226e-05,1.5944409370422363,0.0025353352539241314,0.02338573709130287
0,193,194,4.9993624998023733e-05,1.5939955711364746,0.002522326773032546,0.023265192285180092
0,194,195,4.99935558764264e-05,1.5953810214996338,0.0025093918666243553,0.028274089097976685
0,195,196,4.999349403078668e-05,1.5949864387512207,0.0024966616183519363,0.028129832819104195
0,196,197,4.9993421271210536e-05,1.591624140739441,0.002534611150622368,0.027987040579319
0,197,198,4.9993359425570816e-05,1.588289737701416,0.0025460291653871536,0.02784569188952446
0,198,199,4.9993286665994674e-05,1.588792324066162,0.0025332372169941664,0.02770576812326908
0,199,200,4.9993224820354953e-05,1.5876877307891846,0.0025206883437931538,0.027567237615585327
0,200,201,4.999315206077881e-05,1.5874738693237305,0.0025081676431000233,0.027430087327957153
0,201,202,4.999308293918148e-05,1.5876917839050293,0.002495754975825548,0.027294296771287918
0,202,203,4.999301745556295e-05,1.5852469205856323,0.0025176210328936577,0.027159839868545532
0,203,204,4.999295197194442e-05,1.5858279466629028,0.002505340613424778,0.0270267054438591
0,204,205,4.999287921236828e-05,1.5861939191818237,0.0024931924417614937,0.026894867420196533
0,205,206,4.9992810090770945e-05,1.5871851444244385,0.002481122501194477,0.026764309033751488
0,206,207,4.999274096917361e-05,1.5876256227493286,0.0024691412691026926,0.02663501352071762
0,207,208,4.9992671847576275e-05,1.5873003005981445,0.0024572936818003654,0.02650696039199829
0,208,209,4.9992599088000134e-05,1.5872857570648193,0.002445548539981246,0.026380132883787155
0,209,210,4.999252632842399e-05,1.5876604318618774,0.0024339030496776104,0.02625451609492302
0,210,211,4.999245720682666e-05,1.5845539569854736,0.002437660936266184,0.026130085811018944
0,211,212,4.999238808522932e-05,1.584690809249878,0.002426162827759981,0.026006832718849182
0,212,213,4.9992311687674373e-05,1.5842318534851074,0.0024148044176399708,0.025884732604026794
0,213,214,4.999224256607704e-05,1.585037350654602,0.002403520280495286,0.025763776153326035
0,214,215,4.999216616852209e-05,1.5845489501953125,0.0023923651315271854,0.02564394474029541
0,215,216,4.999209340894595e-05,1.5849453210830688,0.002381289377808571,0.025525223463773727
0,216,217,4.9992020649369806e-05,1.585707426071167,0.002370319329202175,0.025407595559954643
0,217,218,4.9991947889793664e-05,1.5864064693450928,0.0023594461381435394,0.029878202825784683
0,218,219,4.9991871492238715e-05,1.5833412408828735,0.0024278678465634584,0.029741773381829262
0,219,220,4.9991798732662573e-05,1.5834053754806519,0.002416838426142931,0.029606584459543228
0,220,221,4.999172597308643e-05,1.5813826322555542,0.0024068201892077923,0.02947261743247509
0,221,222,4.999164957553148e-05,1.5786254405975342,0.002480532508343458,0.029339857399463654
0,222,223,4.9991573177976534e-05,1.577237606048584,0.0024695899337530136,0.029208287596702576
0,223,224,4.999150041840039e-05,1.5742907524108887,0.002464159857481718,0.029077894985675812
0,224,225,4.9991420382866636e-05,1.5751533508300781,0.0024532079696655273,0.03339310362935066
0,225,226,4.9991347623290494e-05,1.5756114721298218,0.0024424302391707897,0.03324534744024277
0,226,227,4.9991271225735545e-05,1.5741603374481201,0.002432507462799549,0.033098891377449036
0,227,228,4.999118755222298e-05,1.573756217956543,0.0024218526668846607,0.03295372053980827
0,228,229,4.999111479264684e-05,1.5739521980285645,0.002411278197541833,0.032809820026159286
0,229,230,4.999103839509189e-05,1.5712273120880127,0.0024434872902929783,0.032667167484760284
0,230,231,4.9990958359558135e-05,1.5699492692947388,0.0024335526395589113,0.03252575173974037
0,231,232,4.999087832402438e-05,1.567558765411377,0.0024532058741897345,0.03238556906580925
0,232,233,4.999080192646943e-05,1.565033197402954,0.002457528840750456,0.03224657475948334
0,233,234,4.999072552891448e-05,1.5644338130950928,0.0024471376091241837,0.032108768820762634
0,234,235,4.9990645493380725e-05,1.564168930053711,0.0024367524310946465,0.03197213634848595
0,235,236,4.999056181986816e-05,1.5644145011901855,0.0024264310486614704,0.03183665871620178
0,236,237,4.9990481784334406e-05,1.5629241466522217,0.002416454255580902,0.031702328473329544
0,237,238,4.999040174880065e-05,1.564626932144165,0.00240630516782403,0.03156912699341774
0,238,239,4.9990321713266894e-05,1.5646507740020752,0.00239625689573586,0.031437039375305176
0,239,240,4.999024167773314e-05,1.564981460571289,0.002386272419244051,0.03130605071783066
0,240,241,4.999016164219938e-05,1.5656648874282837,0.002376376651227474,0.03117614984512329
0,241,242,4.999007796868682e-05,1.5655133724212646,0.002366583328694105,0.03104732185602188
0,242,243,4.9989994295174256e-05,1.5651252269744873,0.002356940181925893,0.030919555574655533
0,243,244,4.99899142596405e-05,1.5654864311218262,0.0023472828324884176,0.030792836099863052
0,244,245,4.998983058612794e-05,1.5648939609527588,0.0023379656486213207,0.030667150393128395
0,245,246,4.9989746912615374e-05,1.5652450323104858,0.0023286486975848675,0.030542489141225815
0,246,247,4.9989659601124004e-05,1.563925862312317,0.0023198239505290985,0.030419548973441124
0,247,248,4.998957956559025e-05,1.564092993736267,0.0023105470463633537,0.030296888202428818
0,248,249,4.9989495892077684e-05,1.5615506172180176,0.0023327525705099106,0.030175212770700455
0,249,250,4.9989408580586314e-05,1.5606859922409058,0.002325714100152254,0.03005451336503029
0,250,251,4.998932490707375e-05,1.5612945556640625,0.0023164483718574047,0.029934775084257126
0,251,252,4.998924123356119e-05,1.5592751502990723,0.0023141056299209595,0.02981598675251007
0,252,253,4.998915392206982e-05,1.5589045286178589,0.0023049754090607166,0.029698137193918228
0,253,254,4.9989070248557255e-05,1.5578677654266357,0.0022960775531828403,0.029581215232610703
0,254,255,4.9988982937065884e-05,1.5588308572769165,0.002287105657160282,0.0294652096927166
0,255,256,4.9988895625574514e-05,1.5585167407989502,0.002278381260111928,0.02935011126101017
1,0,257,4.9988808314083144e-05,1.3786916732788086,0.00015423711738549173,1.515151559772221e-09
1,1,258,4.9988721002591774e-05,1.459723711013794,7.726522744633257e-05,2.507574663468404e-07
1,2,259,4.9988633691100404e-05,1.3438411951065063,0.0006547343218699098,1.6717386586151406e-07
1,3,260,4.9988546379609033e-05,1.3960257768630981,0.0004917633486911654,1.30815180909849e-07
1,4,261,4.998845906811766e-05,1.3918142318725586,0.0003957448061555624,1.062457926082061e-07
1,5,262,4.9988368118647486e-05,1.3654115200042725,0.0006730837631039321,8.853861999114088e-08
1,6,263,4.998828444513492e-05,1.3886820077896118,0.0005788506241515279,7.727773265742144e-08
1,7,264,4.998818985768594e-05,1.340669870376587,0.0007217290112748742,6.761949578049098e-08
1,8,265,4.998810254619457e-05,1.3771395683288574,0.0006417020922526717,7.399511048333807e-08
1,9,266,4.998801159672439e-05,1.3310980796813965,0.0007054744637571275,6.659966800270922e-08
1,10,267,4.998792428523302e-05,1.32710599899292,0.0006442229496315122,6.081651804379362e-08
1,11,268,4.9987833335762843e-05,1.2937965393066406,0.0008786406833678484,5.574956674081477e-08
1,12,269,4.9987742386292666e-05,1.3164809942245483,0.0008111910428851843,5.4310135055857245e-08
1,13,270,4.998764779884368e-05,1.3450653553009033,0.0007533233729191124,5.553288318083105e-08
1,14,271,4.998756048735231e-05,1.328357458114624,0.0007438266766257584,5.183953177834155e-08
1,15,272,4.998746226192452e-05,1.3448176383972168,0.0006973374984227121,0.06250005215406418
1,16,273,4.998737495043315e-05,1.3632596731185913,0.000656398362480104,0.05882357805967331
1,17,274,4.9987280362984166e-05,1.3453149795532227,0.0006419154815375805,0.05555560067296028
1,18,275,4.998718941351399e-05,1.3370797634124756,0.0006134820869192481,0.052631624042987823
1,19,276,4.9987094826065004e-05,1.352837085723877,0.0005828079301863909,0.1000000461935997
1,20,277,4.998700023861602e-05,1.3469042778015137,0.0005680545000359416,0.09523814171552658
1,21,278,4.9986905651167035e-05,1.3588905334472656,0.000542233872693032,0.09090914577245712
1,22,279,4.998681470169686e-05,1.3814916610717773,0.0005186584894545376,0.13043484091758728
1,23,280,4.9986716476269066e-05,1.379108190536499,0.0004981426754966378,0.12500004470348358
1,24,281,4.998662188882008e-05,1.3858463764190674,0.00047824697685427964,0.12000005692243576
1,25,282,4.99865273013711e-05,1.4086933135986328,0.00045985286124050617,0.11538466811180115
1,26,283,4.998643271392211e-05,1.4186521768569946,0.000442857010057196,0.11111116409301758
1,27,284,4.998633448849432e-05,1.4136663675308228,0.000428010243922472,0.10714291036128998
1,28,285,4.998623990104534e-05,1.3978990316390991,0.00045651596155948937,0.10344832390546799
1,29,286,4.998614531359635e-05,1.4054100513458252,0.00044129876187071204,0.13333338499069214
1,30,287,4.998604708816856e-05,1.4117183685302734,0.0004270633216947317,0.16129036247730255
1,31,288,4.998594886274077e-05,1.3971168994903564,0.0004552951722871512,0.15625004470348358
1,32,289,4.998585063731298e-05,1.3954415321350098,0.0004424109065439552,0.1515152007341385
1,33,290,4.998574877390638e-05,1.3837337493896484,0.00044048146810382605,0.1470588594675064
1,34,291,4.9985654186457396e-05,1.3713479042053223,0.0004404895880725235,0.14285717904567719
1,35,292,4.9985555961029604e-05,1.3635104894638062,0.0006402916042134166,0.13888892531394958
1,36,293,4.9985454097623006e-05,1.367722988128662,0.0006230109720490873,0.13513517379760742
1,37,294,4.9985355872195214e-05,1.3663442134857178,0.0006070646923035383,0.1315789818763733
1,38,295,4.998525764676742e-05,1.3759360313415527,0.0005914989160373807,0.15384618937969208
1,39,296,4.9985155783360824e-05,1.3648024797439575,0.0006071727257221937,0.15000003576278687
1,40,297,4.998505755793303e-05,1.373793363571167,0.0005923636490479112,0.1463415026664734
1,41,298,4.9984955694526434e-05,1.3702977895736694,0.0006135317962616682,0.14285717904567719
1,42,299,4.998485746909864e-05,1.3715136051177979,0.0005994017701596022,0.13953492045402527
1,43,300,4.998475196771324e-05,1.3646824359893799,0.0007726867916062474,0.1363636702299118
1,44,301,4.998465010430664e-05,1.3691644668579102,0.0007555289193987846,0.13333337008953094
1,45,302,4.998454824090004e-05,1.373058557510376,0.0007391199469566345,0.1304348111152649
1,46,303,4.998444637749344e-05,1.377868890762329,0.0007234021904878318,0.1276596039533615
1,47,304,4.998434451408684e-05,1.37461519241333,0.0007138269138522446,0.1250000298023224
1,48,305,4.998423901270144e-05,1.3700904846191406,0.0007013212889432907,0.12244901061058044
1,49,306,4.998413351131603e-05,1.376035213470459,0.0006872948724776506,0.12000003457069397
1,50,307,4.998403528588824e-05,1.382317066192627,0.0006738185184076428,0.11764709651470184
1,51,308,4.998392614652403e-05,1.3841060400009155,0.0006611018907278776,0.11538465321063995
1,52,309,4.998382428311743e-05,1.3753411769866943,0.0006894116522744298,0.11320758610963821
1,53,310,4.998371878173202e-05,1.372271180152893,0.0007010975386947393,0.11111114919185638
1,54,311,4.9983616918325424e-05,1.3776488304138184,0.0006883570458739996,0.10909094661474228
1,55,312,4.998350777896121e-05,1.3838701248168945,0.000676073832437396,0.10714290291070938
1,56,313,4.9983402277575806e-05,1.3859236240386963,0.0006642410298809409,0.10526320338249207
1,57,314,4.99832967761904e-05,1.379060983657837,0.0006655792822130024,0.10344831645488739
1,58,315,4.9983191274804994e-05,1.3788505792617798,0.0006547271041199565,0.10169495642185211
1,59,316,4.998308577341959e-05,1.379729986190796,0.0006439088610932231,0.1000000387430191
1,60,317,4.998298027203418e-05,1.3763787746429443,0.0006360270781442523,0.09836069494485855
1,61,318,4.998287113266997e-05,1.3768410682678223,0.0006258588982746005,0.09677423536777496
1,62,319,4.998276199330576e-05,1.3710899353027344,0.0006200037896633148,0.09523813426494598
1,63,320,4.998264921596274e-05,1.368632435798645,0.0006111884140409529,0.09375003725290298
1,64,321,4.998254371457733e-05,1.3646236658096313,0.0007261885330080986,0.09230773150920868
1,65,322,4.998243457521312e-05,1.3602064847946167,0.0007366029894910753,0.09090912342071533
1,66,323,4.998232543584891e-05,1.3614592552185059,0.0007256525568664074,0.08955227583646774
1,67,324,4.9982216296484694e-05,1.362217903137207,0.0007152804173529148,0.08823532611131668
1,68,325,4.998210715712048e-05,1.3562594652175903,0.0007192270713858306,0.08695655316114426
1,69,326,4.998199437977746e-05,1.3596491813659668,0.0007089524297043681,0.10000003129243851
1,70,327,4.998188160243444e-05,1.3534891605377197,0.0007085743127390742,0.09859158098697662
1,71,328,4.9981776101049036e-05,1.3532168865203857,0.0006990268593654037,0.09722225368022919
1,72,329,4.9981663323706016e-05,1.3475797176361084,0.0006943202461116016,0.09589044004678726
1,73,330,4.9981550546362996e-05,1.349510908126831,0.0006850061472505331,0.09459462761878967
1,74,331,4.9981437769019976e-05,1.3438795804977417,0.0006903521716594696,0.09333336353302002
1,75,332,4.9981324991676956e-05,1.3455760478973389,0.00068136234767735,0.09210529178380966
1,76,333,4.9981212214333937e-05,1.3460724353790283,0.0006726043648086488,0.09090912342071533
1,77,334,4.998109943699092e-05,1.3468279838562012,0.000664290739223361,0.08974362164735794
1,78,335,4.99809866596479e-05,1.3446950912475586,0.0006724298000335693,0.08860762417316437
1,79,336,4.998087388230488e-05,1.3445088863372803,0.0006655150791630149,0.08750002831220627
1,80,337,4.998076110496186e-05,1.3450965881347656,0.0006574650760740042,0.08641978353261948
1,81,338,4.998064832761884e-05,1.3483796119689941,0.0006494472036138177,0.085365891456604
1,82,339,4.998053191229701e-05,1.3472321033477783,0.0006427185726352036,0.08433739095926285
1,83,340,4.9980415496975183e-05,1.3481109142303467,0.000635119213256985,0.08333337306976318
1,84,341,4.9980299081653357e-05,1.3469462394714355,0.0006280711386352777,0.08235298097133636
1,85,342,4.998018630431034e-05,1.3435571193695068,0.0006232905434444547,0.08139538764953613
1,86,343,4.998006988898851e-05,1.338836669921875,0.0006296313367784023,0.08045981079339981
1,87,344,4.9979949835687876e-05,1.3399085998535156,0.0006232401356101036,0.07954549044370651
1,88,345,4.9979837058344856e-05,1.3386770486831665,0.0006166152888908982,0.07865172624588013
1,89,346,4.997971700504422e-05,1.3385710716247559,0.0006099339807406068,0.07777781784534454
1,90,347,4.9979600589722395e-05,1.3424441814422607,0.000603231368586421,0.07692312449216843
1,91,348,4.997948417440057e-05,1.3404271602630615,0.0005973914521746337,0.07608700543642044
1,92,349,4.997936775907874e-05,1.335883378982544,0.0006064147455617785,0.07526886463165283
1,93,350,4.9979251343756914e-05,1.3375613689422607,0.0006000397261232138,0.07446812838315964
1,94,351,4.997912765247747e-05,1.3399343490600586,0.0005937946261838078,0.07368425279855728
1,95,352,4.9979011237155646e-05,1.343351125717163,0.0005876092473044991,0.08333337306976318
1,96,353,4.997889118385501e-05,1.3393051624298096,0.0006026334594935179,0.08247426897287369
1,97,354,4.997877113055438e-05,1.3423867225646973,0.0005964841111563146,0.09183677285909653
1,98,355,4.9978651077253744e-05,1.3421659469604492,0.0005906271981075406,0.09090913087129593
1,99,356,4.99785273859743e-05,1.3427571058273315,0.0005847771535627544,0.09000004082918167
1,100,357,4.9978410970652476e-05,1.3448008298873901,0.0005789913120679557,0.08910895138978958
1,101,358,4.9978287279373035e-05,1.3406212329864502,0.0005873942864127457,0.08823533356189728
1,102,359,4.99781672260724e-05,1.3441303968429565,0.0005816913908347487,0.08737868815660477
1,103,360,4.997804717277177e-05,1.340074062347412,0.0005837026983499527,0.08653850853443146
1,104,361,4.9977923481492326e-05,1.337389588356018,0.0005839358200319111,0.08571433275938034
1,105,362,4.997780342819169e-05,1.340599536895752,0.0005784269887953997,0.084905706346035
1,106,363,4.9977676098933443e-05,1.3374686241149902,0.0005780102801509202,0.08411219716072083
1,107,364,4.997755604563281e-05,1.3391175270080566,0.0005726664676330984,0.08333338052034378
1,108,365,4.997742871637456e-05,1.3372935056686401,0.0005680106696672738,0.08256885409355164
1,109,366,4.997730866307393e-05,1.3335282802581787,0.000578135484829545,0.08181822299957275
1,110,367,4.9977184971794486e-05,1.334355115890503,0.0005730222910642624,0.08108112215995789
1,111,368,4.9977061280515045e-05,1.336490511894226,0.0005679060705006123,0.08928575366735458
1,112,369,4.99769339512568e-05,1.3374102115631104,0.000562964822165668,0.08849561959505081
1,113,370,4.9976810259977356e-05,1.3396228551864624,0.0005580265424214303,0.0964912697672844
1,114,371,4.997668293071911e-05,1.33646559715271,0.0005626102210953832,0.09565221518278122
1,115,372,4.997655560146086e-05,1.3380614519119263,0.0005577702540904284,0.09482762962579727
1,116,373,4.9976435548160225e-05,1.3400118350982666,0.0005530582275241613,0.0940171331167221
1,117,374,4.997630458092317e-05,1.3402819633483887,0.0005485720466822386,0.09322038292884827
1,118,375,4.997617725166492e-05,1.340013861656189,0.0005442788824439049,0.0924370139837265
1,119,376,4.997605356038548e-05,1.3390114307403564,0.000540373264811933,0.09166670590639114
1,120,377,4.997592623112723e-05,1.3409374952316284,0.0005359073402360082,0.09090913087129593
1,121,378,4.997579162591137e-05,1.342200517654419,0.0005315488670021296,0.09016397595405579
1,122,379,4.997566429665312e-05,1.3391873836517334,0.0005356539040803909,0.08943093568086624
1,123,380,4.9975536967394873e-05,1.3377938270568848,0.0005326110403984785,0.08870971947908401
1,124,381,4.9975409638136625e-05,1.3389818668365479,0.0005283975042402744,0.08800003677606583
1,125,382,4.997528230887838e-05,1.339585542678833,0.0005242888582870364,0.08730162680149078
1,126,383,4.997515134164132e-05,1.3388632535934448,0.0005203477339819074,0.0866142138838768
1,127,384,4.9975020374404266e-05,1.3384435176849365,0.0005164177855476737,0.08593753725290298
1,128,385,4.997488940716721e-05,1.3397091627120972,0.000512422586325556,0.08527135848999023
1,129,386,4.9974758439930156e-05,1.34098219871521,0.0005085286102257669,0.08461542427539825
1,130,387,4.997463111067191e-05,1.3398940563201904,0.000504875963088125,0.08396950364112854
1,131,388,4.9974496505456045e-05,1.3418912887573242,0.0005010549793951213,0.08333337306976318
1,132,389,4.99743691761978e-05,1.3393983840942383,0.0005018574884161353,0.08270680159330368
1,133,390,4.9974234570981935e-05,1.3362164497375488,0.0005158855929039419,0.08208958804607391
1,134,391,4.997410360374488e-05,1.3339440822601318,0.0005193432443775237,0.08148151636123657
1,135,392,4.997396899852902e-05,1.3341318368911743,0.0005156787810847163,0.08088238537311554
1,136,393,4.9973834393313155e-05,1.3354783058166504,0.0005119193810969591,0.08029200881719589
1,137,394,4.997369978809729e-05,1.3355227708816528,0.0005083722062408924,0.07971017807722092
1,138,395,4.997356882086024e-05,1.3342257738113403,0.0005153134698048234,0.07913672178983688
1,139,396,4.9973434215644374e-05,1.3313230276107788,0.0005152744706720114,0.07857146114110947
1,140,397,4.997329961042851e-05,1.331714153289795,0.0005116590764373541,0.07801421731710434
1,141,398,4.997316500521265e-05,1.3332992792129517,0.0005080654518678784,0.07746481895446777
1,142,399,4.997303039999679e-05,1.3347315788269043,0.0005045161815360188,0.07692310959100723
1,143,400,4.9972895794780925e-05,1.332761287689209,0.0005186159978620708,0.07638892531394958
1,144,401,4.997276118956506e-05,1.332880973815918,0.0005150928627699614,0.0758621022105217
1,145,402,4.99726265843492e-05,1.333999514579773,0.0005115725798532367,0.07534249871969223
1,146,403,4.997249197913334e-05,1.3346662521362305,0.0005081191775389016,0.07482996582984924
1,147,404,4.997235009795986e-05,1.3337528705596924,0.0005052282940596342,0.0743243545293808
1,148,405,4.9972215492744e-05,1.333931565284729,0.0005018857773393393,0.07382553815841675
1,149,406,4.997207724954933e-05,1.3332655429840088,0.0004990567686036229,0.07333336770534515
1,150,407,4.997193900635466e-05,1.331939935684204,0.0005119182169437408,0.07284771651029587
1,151,408,4.99718044011388e-05,1.3312723636627197,0.0005086988676339388,0.07236845046281815
1,152,409,4.997166251996532e-05,1.3328135013580322,0.0005053828936070204,0.07189545780420303
1,153,410,4.997152427677065e-05,1.331408977508545,0.0005124517483636737,0.07142860442399979
1,154,411,4.997138603357598e-05,1.3288702964782715,0.000514045066665858,0.07096777111291885
1,155,412,4.9971244152402505e-05,1.3307762145996094,0.0005107512697577477,0.07051285356283188
1,156,413,4.9971105909207836e-05,1.3302592039108276,0.0005080580012872815,0.07006373256444931
1,157,414,4.997096402803436e-05,1.3313000202178955,0.0005048507009632885,0.0696202889084816
1,158,415,4.99708294228185e-05,1.3287004232406616,0.0005104435840621591,0.06918242573738098
1,159,416,4.997068390366621e-05,1.3288475275039673,0.0005073023494333029,0.0687500387430191
1,160,417,4.9970542022492737e-05,1.3284947872161865,0.0005042834673076868,0.06832301616668701
1,161,418,4.997040377929807e-05,1.330564260482788,0.0005011706380173564,0.06790127605199814
1,162,419,4.997026189812459e-05,1.328555703163147,0.0005052691558375955,0.06748470664024353
1,163,420,4.9970120016951114e-05,1.3302768468856812,0.0005021891556680202,0.06707321107387543
1,164,421,4.996997449779883e-05,1.3312650918960571,0.0004991758614778519,0.06666670739650726
1,165,422,4.996983625460416e-05,1.3325875997543335,0.0004961687955074012,0.07228919863700867
1,166,423,4.996969073545188e-05,1.3347233533859253,0.0004931977018713951,0.07185632735490799
1,167,424,4.9969545216299593e-05,1.3348584175109863,0.0004903352819383144,0.07142861187458038
1,168,425,4.9969406973104924e-05,1.3338348865509033,0.000487825513118878,0.07100595533847809
1,169,426,4.996926145395264e-05,1.3321301937103271,0.0004912683507427573,0.07058827579021454
1,170,427,4.996911593480036e-05,1.332716464996338,0.0004884334048256278,0.07017547637224197
1,171,428,4.996897041564807e-05,1.330246925354004,0.000488100980874151,0.06976748257875443
1,172,429,4.996882489649579e-05,1.3317840099334717,0.00048528274055570364,0.06936419755220413
1,173,430,4.996868301532231e-05,1.3326263427734375,0.00048250058898702264,0.06896555423736572
1,174,431,4.996853385819122e-05,1.3335506916046143,0.00047975213965401053,0.06857146322727203
1,175,432,4.996838833903894e-05,1.331648349761963,0.0004859680775552988,0.06818185746669769
1,176,433,4.9968242819886655e-05,1.332236409187317,0.0004832343547604978,0.06779664754867554
1,177,434,4.9968093662755564e-05,1.331129789352417,0.0004811918770428747,0.0674157664179802
1,178,435,4.996794814360328e-05,1.3321503400802612,0.00047850364353507757,0.06703914701938629
1,179,436,4.996779898647219e-05,1.33296537399292,0.000475854380056262,0.06666670739650726
1,180,437,4.99676498293411e-05,1.3341753482818604,0.0004732277011498809,0.06629838049411774
1,181,438,4.9967504310188815e-05,1.3346285820007324,0.00047067683772183955,0.06593409925699234
1,182,439,4.9967355153057724e-05,1.334003210067749,0.0004682541184592992,0.0655738040804863
1,183,440,4.9967205995926633e-05,1.3357447385787964,0.00046570980339311063,0.06521742790937424
1,184,441,4.996705683879554e-05,1.3347280025482178,0.00046402084990404546,0.06486490368843079
1,185,442,4.996690768166445e-05,1.335761308670044,0.00046153063885867596,0.06451616436243057
1,186,443,4.996675852453336e-05,1.3360581398010254,0.0004590945318341255,0.06417115777730942
1,187,444,4.996660936740227e-05,1.3342247009277344,0.0004582786641549319,0.06382982432842255
1,188,445,4.996646021027118e-05,1.3351458311080933,0.00045585809857584536,0.06349209696054459
1,189,446,4.9966303777182475e-05,1.3359452486038208,0.0004534628242254257,0.06315793097019196
1,190,447,4.9966154620051384e-05,1.334209680557251,0.00045304984087124467,0.06282725930213928
1,191,448,4.9966001824941486e-05,1.3327349424362183,0.0004584329144563526,0.06250003725290298
1,192,449,4.9965852667810395e-05,1.3341819047927856,0.00045605760533362627,0.06735754758119583
1,193,450,4.99656998727005e-05,1.3329885005950928,0.00045433040941134095,0.06701034307479858
1,194,451,4.99655470775906e-05,1.3339641094207764,0.0004520005313679576,0.06666670739650726
1,195,452,4.9965390644501895e-05,1.3351993560791016,0.0004496944020502269,0.07142861187458038
1,196,453,4.9965241487370804e-05,1.3361077308654785,0.0004474116722121835,0.07614216953516006
1,197,454,4.9965088692260906e-05,1.3364068269729614,0.00044518354116007686,0.07575761526823044
1,198,455,4.9964928621193394e-05,1.3369615077972412,0.0004429540131241083,0.07537692040205002
1,199,456,4.99647794640623e-05,1.337306022644043,0.0004407890373840928,0.07500004023313522
1,200,457,4.9964626668952405e-05,1.3357362747192383,0.00044064957182854414,0.07462690025568008
1,201,458,4.99644702358637e-05,1.336437702178955,0.00043847481720149517,0.07425746321678162
1,202,459,4.9964313802774996e-05,1.3364148139953613,0.00043635544716380537,0.07389166206121445
1,203,460,4.996415736968629e-05,1.3352103233337402,0.0004395905416458845,0.073529452085495
1,204,461,4.996400457457639e-05,1.3331563472747803,0.00044267316116020083,0.07317076623439789
1,205,462,4.996384814148769e-05,1.3340058326721191,0.0004405242798384279,0.07281557470560074
1,206,463,4.996369170839898e-05,1.3349804878234863,0.00043839687714353204,0.07246380299329758
1,207,464,4.996353163733147e-05,1.3343696594238281,0.0004419148026499897,0.07211542129516602
1,208,465,4.9963375204242766e-05,1.3334243297576904,0.00044014028389938176,0.07177037000656128
1,209,466,4.9963215133175254e-05,1.3333063125610352,0.00043809833005070686,0.07142860442399979
1,210,467,4.996305870008655e-05,1.3329071998596191,0.00043632194865494967,0.07109007984399796
1,211,468,4.9962902266997844e-05,1.331528663635254,0.00043567869579419494,0.0707547515630722
1,212,469,4.996274219593033e-05,1.3328906297683716,0.00043363324948586524,0.07511740922927856
1,213,470,4.996258212486282e-05,1.3325300216674805,0.0004316916165407747,0.07476639002561569
1,214,471,4.9962425691774115e-05,1.3315770626068115,0.0004301911103539169,0.07441864162683487
1,215,472,4.99622656207066e-05,1.3301677703857422,0.00043478974839672446,0.0740741491317749
1,216,473,4.996210554963909e-05,1.33124577999115,0.0004327874630689621,0.07373279333114624
1,217,474,4.996194547857158e-05,1.3321797847747803,0.00043080421164631844,0.07339456677436829
1,218,475,4.996178176952526e-05,1.3328337669372559,0.00042886316077783704,0.07305942475795746
1,219,476,4.996162169845775e-05,1.3309104442596436,0.00043014955008402467,0.07272733747959137
1,220,477,4.9961461627390236e-05,1.3319971561431885,0.00042820884846150875,0.07239826023578644
1,221,478,4.9961301556322724e-05,1.3313500881195068,0.00042660051258280873,0.07207214087247849
1,222,479,4.9961137847276405e-05,1.3300539255142212,0.00042920419946312904,0.07174894213676453
1,223,480,4.9960974138230085e-05,1.3309600353240967,0.0004272881196811795,0.07589292526245117
1,224,481,4.9960810429183766e-05,1.3302415609359741,0.0004255860694684088,0.07555562257766724
1,225,482,4.9960650358116254e-05,1.3291552066802979,0.00042425221181474626,0.07522130012512207
1,226,483,4.996048301109113e-05,1.3299837112426758,0.0004223872965667397,0.07488992810249329
1,227,484,4.9960322940023616e-05,1.3304871320724487,0.0004205649020150304,0.0745614767074585
1,228,485,4.996015559299849e-05,1.3310647010803223,0.00041873555164784193,0.07423587143421173
1,229,486,4.995999552193098e-05,1.329660415649414,0.00041796540608629584,0.07391311228275299
1,230,487,4.995983181288466e-05,1.3296482563018799,0.0004161962424404919,0.0735931396484375
1,231,488,4.995966446585953e-05,1.327812910079956,0.0004171227337792516,0.07327592372894287
1,232,489,4.9959497118834406e-05,1.3275325298309326,0.00041542830877006054,0.07296143472194672
1,233,490,4.995932977180928e-05,1.326827883720398,0.0004184535355307162,0.07264964282512665
1,234,491,4.9959162424784154e-05,1.3275976181030273,0.00041667287587188184,0.07659581303596497
1,235,492,4.9958998715737835e-05,1.3279671669006348,0.0004149181768298149,0.07627125084400177
1,236,493,4.995883136871271e-05,1.3289268016815186,0.0004131706082262099,0.07594943046569824
1,237,494,4.995866765966639e-05,1.3297563791275024,0.0004114346229471266,0.07983200252056122
1,238,495,4.995850031264126e-05,1.3306105136871338,0.00040971313137561083,0.08368207514286041
1,239,496,4.995833296561614e-05,1.3302210569381714,0.0004082764498889446,0.08333339542150497
1,240,497,4.9958161980612203e-05,1.3304064273834229,0.00040661037201061845,0.08298761397600174
1,241,498,4.995799463358708e-05,1.3308181762695312,0.0004049460403621197,0.08264468610286713
1,242,499,4.9957823648583144e-05,1.331243634223938,0.00040329876355826855,0.08230458945035934
1,243,500,4.9957659939536825e-05,1.3317537307739258,0.0004016486636828631,0.08196727931499481
1,244,501,4.9957485316554084e-05,1.3310434818267822,0.0004002152127213776,0.08163271844387054
1,245,502,4.995731433155015e-05,1.3313857316970825,0.00039859762182459235,0.08130087703466415
1,246,503,4.995715062250383e-05,1.3320908546447754,0.00039699272019788623,0.08097171783447266
1,247,504,4.995697599952109e-05,1.3310661315917969,0.0003959349705837667,0.08064521849155426
1,248,505,4.995680501451716e-05,1.3316001892089844,0.0003943500341847539,0.08032134920358658
1,249,506,4.9956634029513225e-05,1.3319227695465088,0.00039280488272197545,0.08000005781650543
1,250,507,4.9956459406530485e-05,1.3321114778518677,0.0003912567044608295,0.07968133687973022
1,251,508,4.995629205950536e-05,1.332531213760376,0.0003897093702107668,0.07936514168977737
1,252,509,4.995611743652262e-05,1.33235502243042,0.0003882217570208013,0.0790514424443245
1,253,510,4.9955946451518685e-05,1.3315092325210571,0.0003871888038702309,0.07874021679162979
1,254,511,4.995577546651475e-05,1.3314297199249268,0.0003857160627376288,0.07843143492937088
1,255,512,4.995560084353201e-05,1.3322947025299072,0.0003842093574348837,0.08203130960464478
2,0,513,4.995542622054927e-05,1.2627025842666626,4.197271482553333e-05,3.6968703653883495e-09
2,1,514,4.995525523554534e-05,1.2741718292236328,3.060966992052272e-05,6.015101750023177e-09
2,2,515,4.995507697458379e-05,1.1648454666137695,0.000243798567680642,4.0600056649964245e-09
2,3,516,4.9954905989579856e-05,1.2160589694976807,0.00018438289407640696,3.92528587411789e-09
2,4,517,4.995472772861831e-05,1.1898373365402222,0.00016791760572232306,3.4239167057137365e-09
2,5,518,4.995455310563557e-05,1.2372512817382812,0.00014013548207003623,2.368659579587984e-08
2,6,519,4.9954382120631635e-05,1.2205636501312256,0.0003143229987472296,2.0304497638790053e-08
2,7,520,4.995420022169128e-05,1.254844307899475,0.000275070546194911,8.026640330172086e-08
2,8,521,4.995402559870854e-05,1.275395154953003,0.00024477532133460045,8.067192425187386e-08
2,9,522,4.99538509757258e-05,1.2991883754730225,0.00022029779211152345,0.10000006854534149
2,10,523,4.995367271476425e-05,1.3149774074554443,0.00020036716887261719,0.09090915322303772
2,11,524,4.9953494453802705e-05,1.3186063766479492,0.000184709278983064,0.08333339542150497
2,12,525,4.995331619284116e-05,1.3363462686538696,0.00017058670346159488,0.07692313939332962
2,13,526,4.995314156985842e-05,1.3361878395080566,0.00015913450624793768,0.07142863422632217
2,14,527,4.995296330889687e-05,1.3253986835479736,0.0001547484571347013,0.06666672229766846
2,15,528,4.9952781409956515e-05,1.3068574666976929,0.00016861275071278214,0.06250005215406418
2,16,529,4.995260314899497e-05,1.2986836433410645,0.00016207029693759978,0.05882357805967331
2,17,530,4.995242488803342e-05,1.3063182830810547,0.00015314563643187284,0.05555560812354088
2,18,531,4.9952242989093065e-05,1.307449460029602,0.00014546531019732356,0.05263162776827812
2,19,532,4.995206472813152e-05,1.3101167678833008,0.0001385203649988398,0.05000004917383194
2,20,533,4.995188646716997e-05,1.3190343379974365,0.00013192417100071907,0.09523814171552658
2,21,534,4.9951704568229616e-05,1.3185796737670898,0.000126550774439238,0.09090913087129593
2,22,535,4.995152266928926e-05,1.3237124681472778,0.00012110835814382881,0.08695657551288605
2,23,536,4.9951344408327714e-05,1.3064314126968384,0.00013791839592158794,0.08333338052034378
2,24,537,4.995116250938736e-05,1.304738163948059,0.00013296923134475946,0.08000005036592484
2,25,538,4.9950980610447004e-05,1.2960749864578247,0.00013167265569791198,0.07692312449216843
2,26,539,4.995079507352784e-05,1.2864576578140259,0.0001324106560787186,0.07407411932945251
2,27,540,4.995061317458749e-05,1.2917194366455078,0.00012775592040270567,0.07142861187458038
2,28,541,4.9950431275647134e-05,1.2867794036865234,0.00012766895815730095,0.06896556168794632
2,29,542,4.995024573872797e-05,1.290374517440796,0.00012350968609098345,0.06666670739650726
2,30,543,4.995006020180881e-05,1.297095775604248,0.00011952551722060889,0.09677423536777496
2,31,544,4.994988194084726e-05,1.2848516702651978,0.00013802890316583216,0.09375003725290298
2,32,545,4.99496964039281e-05,1.2818422317504883,0.00013627117732539773,0.09090912342071533
2,33,546,4.994950722903013e-05,1.2832045555114746,0.00013254513032734394,0.08823532611131668
2,34,547,4.994932533008978e-05,1.2787384986877441,0.0001590210449649021,0.08571431785821915
2,35,548,4.9949139793170616e-05,1.2847524881362915,0.00015463035379070789,0.08333337306976318
2,36,549,4.9948954256251454e-05,1.288921594619751,0.00015049136709421873,0.08108112215995789
2,37,550,4.994876871933229e-05,1.290528416633606,0.0001466481335228309,0.07894740998744965
2,38,551,4.9948579544434324e-05,1.287947177886963,0.00014390372962225229,0.07692311704158783
2,39,552,4.994839400751516e-05,1.2872962951660156,0.0001407271483913064,0.07500003278255463
2,40,553,4.9948208470596e-05,1.2924491167068481,0.00013730910723097622,0.07317076623439789
2,41,554,4.994801929569803e-05,1.28840970993042,0.00015432473446708173,0.07142861187458038
2,42,555,4.994783375877887e-05,1.2932806015014648,0.00015073578106239438,0.06976750493049622
2,43,556,4.99476445838809e-05,1.2969059944152832,0.00014732716954313219,0.06818187981843948
2,44,557,4.994745540898293e-05,1.2947955131530762,0.00017072263290174305,0.06666672229766846
2,45,558,4.9947266234084964e-05,1.2963478565216064,0.00016713759396225214,0.06521745026111603
2,46,559,4.9947077059186995e-05,1.3008308410644531,0.00016358146967832,0.08510644733905792
2,47,560,4.9946887884289026e-05,1.2999153137207031,0.00016092200530692935,0.08333339542150497
2,48,561,4.994669870939106e-05,1.3062775135040283,0.00015764075214974582,0.08163271099328995
2,49,562,4.994650953449309e-05,1.306760549545288,0.0001547238789498806,0.08000005781650543
2,50,563,4.994631672161631e-05,1.3096542358398438,0.0001517191994935274,0.07843142747879028
2,51,564,4.9946127546718344e-05,1.309145450592041,0.00014910701429471374,0.07692313194274902
2,52,565,4.9945938371820375e-05,1.3137760162353516,0.00014629366341978312,0.09433967620134354
2,53,566,4.994574192096479e-05,1.3160009384155273,0.00014368921983987093,0.09259264916181564
2,54,567,4.9945552746066824e-05,1.3150887489318848,0.00015891026123426855,0.09090914577245712
2,55,568,4.9945363571168855e-05,1.3120893239974976,0.00019398813310544938,0.08928576856851578
2,56,569,4.994516712031327e-05,1.3065263032913208,0.0002040134568233043,0.08771935105323792
2,57,570,4.9944974307436496e-05,1.3051303625106812,0.0002192507090512663,0.08620694279670715
2,58,571,4.994478513253853e-05,1.3054770231246948,0.00021564080088865012,0.08474580943584442
2,59,572,4.9944588681682944e-05,1.3079395294189453,0.00021205547091085464,0.08333338797092438
2,60,573,4.994439586880617e-05,1.3085743188858032,0.00020880236115772277,0.08196726441383362
2,61,574,4.9944199417950585e-05,1.3102843761444092,0.0002054886135738343,0.08064521849155426
2,62,575,4.994400660507381e-05,1.3097317218780518,0.00020246513304300606,0.07936513423919678
2,63,576,4.9943813792197034e-05,1.3128070831298828,0.00019930160488002002,0.09375005215406418
2,64,577,4.994361734134145e-05,1.3153388500213623,0.00019623542902991176,0.10769236087799072
2,65,578,4.994341725250706e-05,1.3135910034179688,0.00019377021817490458,0.10606065392494202
2,66,579,4.994322807760909e-05,1.3165003061294556,0.00019088479166384786,0.104477658867836
2,67,580,4.99430279887747e-05,1.314652919769287,0.00018868991173803806,0.10294122248888016
2,68,581,4.994283153791912e-05,1.3174477815628052,0.0001859762705862522,0.10144932568073273
2,69,582,4.994263872504234e-05,1.3188432455062866,0.00018334249034523964,0.1000000461935997
2,70,583,4.994243863620795e-05,1.3166965246200562,0.00020337526802904904,0.09859159588813782
2,71,584,4.994223854737356e-05,1.3193426132202148,0.00020055283675901592,0.09722227603197098
2,72,585,4.994204209651798e-05,1.3217055797576904,0.00019781323499046266,0.09589046984910965
2,73,586,4.994184200768359e-05,1.3233530521392822,0.00019515835447236896,0.09459464997053146
2,74,587,4.994164555682801e-05,1.3185003995895386,0.00019615204655565321,0.09333339333534241
2,75,588,4.994144546799362e-05,1.318454384803772,0.00019375559350010008,0.09210532158613205
2,76,589,4.994124537915923e-05,1.3161754608154297,0.00019219733076170087,0.09090914577245712
2,77,590,4.9941048928303644e-05,1.3140380382537842,0.0002015797363128513,0.08974364399909973
2,78,591,4.9940848839469254e-05,1.3145676851272583,0.00019924067601095885,0.08860764652490616
2,79,592,4.9940648750634864e-05,1.3126378059387207,0.00020712977857328951,0.08750005066394806
2,80,593,4.9940448661800474e-05,1.314921498298645,0.0002045857545454055,0.08641980588436127
2,81,594,4.9940248572966084e-05,1.313547134399414,0.0002028278831858188,0.0853659063577652
2,82,595,4.994004484615289e-05,1.3149089813232422,0.00020039531227666885,0.08433739840984344
2,83,596,4.993984111933969e-05,1.3128032684326172,0.00019848297233693302,0.08333338797092438
2,84,597,4.993964466848411e-05,1.3135292530059814,0.00019625379354692996,0.08235298842191696
2,85,598,4.993944094167091e-05,1.3162201642990112,0.00019397179130464792,0.09302330017089844
2,86,599,4.9939233576878905e-05,1.317287564277649,0.00019175947818439454,0.0919540673494339
2,87,600,4.9939033488044515e-05,1.3125627040863037,0.00019465494551695883,0.09090913087129593
2,88,601,4.9938833399210125e-05,1.3104420900344849,0.0001938713394338265,0.08988768607378006
2,89,602,4.993862603441812e-05,1.3084931373596191,0.0002046488516498357,0.08888892829418182
2,90,603,4.993842594558373e-05,1.3093653917312622,0.0002024380082730204,0.08791212737560272
2,91,604,4.993821858079173e-05,1.3068251609802246,0.00021887449838686734,0.08695656061172485
2,92,605,4.993801121599972e-05,1.302554726600647,0.00022185937268659472,0.0860215499997139
2,93,606,4.993781112716533e-05,1.3023271560668945,0.00021962044411338866,0.08510642498731613
2,94,607,4.993760376237333e-05,1.2984274625778198,0.00022080678900238127,0.08421056717634201
2,95,608,4.993740003556013e-05,1.299731969833374,0.0002185232879128307,0.08333337306976318
2,96,609,4.993719267076813e-05,1.298775315284729,0.00023830555437598377,0.08247426897287369
2,97,610,4.993698530597612e-05,1.2973108291625977,0.00023664177570026368,0.08163268864154816
2,98,611,4.993677794118412e-05,1.2971508502960205,0.00023436300398316234,0.0808081179857254
2,99,612,4.993657421437092e-05,1.2932276725769043,0.00023870155564509332,0.08000003546476364
2,100,613,4.993636321160011e-05,1.2938631772994995,0.00023637860431335866,0.07920795679092407
2,101,614,4.9936155846808106e-05,1.2943081855773926,0.00023412457085214555,0.07843141257762909
2,102,615,4.99359484820161e-05,1.292338252067566,0.00024440695415250957,0.07766994088888168
2,103,616,4.99357411172241e-05,1.2904930114746094,0.00024288495478685945,0.07692311704158783
2,104,617,4.993553375243209e-05,1.2882285118103027,0.00024179703905247152,0.0761905089020729
2,105,618,4.993532274966128e-05,1.289574146270752,0.00023953031632117927,0.07547173649072647
2,106,619,4.993511174689047e-05,1.2911138534545898,0.00023730131215415895,0.07476639002561569
2,107,620,4.9934904382098466e-05,1.2929816246032715,0.00023511485778726637,0.07407411187887192
2,108,621,4.9934693379327655e-05,1.2941632270812988,0.00023297073494177312,0.0733945295214653
2,109,622,4.993448601453565e-05,1.2939307689666748,0.00023100434918887913,0.07272730767726898
2,110,623,4.993427137378603e-05,1.2959084510803223,0.00022893481946084648,0.0720721036195755
2,111,624,4.993406037101522e-05,1.298327922821045,0.0002268930256832391,0.07142861187458038
2,112,625,4.993384936824441e-05,1.2956044673919678,0.00022649901802651584,0.07079650461673737
2,113,626,4.99336383654736e-05,1.2951757907867432,0.0002246738295070827,0.07017548382282257
2,114,627,4.993342736270279e-05,1.293743371963501,0.00023044724366627634,0.06956525892019272
2,115,628,4.9933216359931976e-05,1.2916730642318726,0.00022954310406930745,0.06896556168794632
2,116,629,4.993300171918236e-05,1.288421869277954,0.0002305414091097191,0.06837610900402069
2,117,630,4.993278707843274e-05,1.287672758102417,0.00022881300537846982,0.06779664754867554
2,118,631,4.993257243768312e-05,1.2854335308074951,0.00023627834161743522,0.06722693145275116
2,119,632,4.993236143491231e-05,1.2847949266433716,0.00023463898105546832,0.06666670739650726
2,120,633,4.993214679416269e-05,1.2853069305419922,0.00023274941486306489,0.06611574441194534
2,121,634,4.993193215341307e-05,1.2824816703796387,0.0002360526705160737,0.0655738115310669
2,122,635,4.9931717512663454e-05,1.2821574211120605,0.00024187768576666713,0.0650406926870346
2,123,636,4.9931502871913835e-05,1.2811663150787354,0.0002482454583514482,0.06451616436243057
2,124,637,4.993128823116422e-05,1.2790783643722534,0.0002480210387147963,0.06400004029273987
2,125,638,4.99310735904146e-05,1.2794922590255737,0.0002461106632836163,0.06349210441112518
2,126,639,4.993085894966498e-05,1.2797083854675293,0.0002442729892209172,0.062992163002491
2,127,640,4.993063703295775e-05,1.2799642086029053,0.0002424420090392232,0.06250003725290298
2,128,641,4.993042239220813e-05,1.2815943956375122,0.00024056628171820194,0.06201554089784622
2,129,642,4.9930204113479704e-05,1.2827283143997192,0.00023872737074270844,0.06153849884867668
2,130,643,4.992998583475128e-05,1.2815966606140137,0.00024382413539569825,0.061068739742040634
2,131,644,4.992976755602285e-05,1.2830069065093994,0.00024200246843975037,0.06060609593987465
2,132,645,4.9929552915273234e-05,1.2833256721496582,0.00024026641040109098,0.06015041097998619
2,133,646,4.992933463654481e-05,1.2833360433578491,0.00023854957544244826,0.059701528400182724
2,134,647,4.9929112719837576e-05,1.2846059799194336,0.00023679129662923515,0.05925929546356201
2,135,648,4.992889444110915e-05,1.2858681678771973,0.0002350624999962747,0.058823563158512115
2,136,649,4.992867252440192e-05,1.2830616235733032,0.00023667197092436254,0.05839419364929199
2,137,650,4.9928450607694685e-05,1.2832839488983154,0.00024310647859238088,0.0579710491001606
2,138,651,4.992823596694507e-05,1.2836343050003052,0.00024141471658367664,0.05755399167537689
2,139,652,4.9928014050237834e-05,1.2851128578186035,0.00023969367612153292,0.057142890989780426
2,140,653,4.99277921335306e-05,1.285423755645752,0.00023803964722901583,0.05673762410879135
2,141,654,4.9927573854802176e-05,1.2862244844436646,0.00023641408188268542,0.05633806064724922
2,142,655,4.9927351938094944e-05,1.28517484664917,0.0002441129181534052,0.055944088846445084
2,143,656,4.992713002138771e-05,1.2864006757736206,0.00024242553627118468,0.055555589497089386
2,144,657,4.992690810468048e-05,1.286226749420166,0.00024084449978545308,0.05517244711518288
2,145,658,4.992668254999444e-05,1.2836332321166992,0.00024269457207992673,0.0547945536673069
2,146,659,4.992646427126601e-05,1.2825901508331299,0.00024142707115970552,0.0544218011200428
2,147,660,4.9926238716579974e-05,1.28244948387146,0.00023992499336600304,0.05405408516526222
2,148,661,4.9926013161893934e-05,1.2799031734466553,0.00024254442541860044,0.053691308945417404
2,149,662,4.992579488316551e-05,1.2809159755706787,0.00024093239335343242,0.05333336442708969
2,150,663,4.992556569050066e-05,1.2788264751434326,0.000245913426624611,0.05298016220331192
2,151,664,4.992534013581462e-05,1.2763757705688477,0.0002470973413437605,0.05263160914182663
2,152,665,4.992511821910739e-05,1.2752747535705566,0.00025599743821658194,0.05228761211037636
2,153,666,4.992489266442135e-05,1.2738697528839111,0.0002550928038544953,0.05194808170199394
2,154,667,4.992466710973531e-05,1.2753965854644775,0.000253455713391304,0.05161293223500252
2,155,668,4.992444155504927e-05,1.2738046646118164,0.0002564918249845505,0.05128208175301552
2,156,669,4.992421600036323e-05,1.2714471817016602,0.0002574501559138298,0.05095544457435608
2,157,670,4.9923986807698384e-05,1.271629810333252,0.00025586981792002916,0.05063294246792793
2,158,671,4.992375761503354e-05,1.2718794345855713,0.0002601626911200583,0.05031449720263481
2,159,672,4.9923535698326305e-05,1.2706667184829712,0.0002666436485014856,0.05000003054738045
2,160,673,4.992330650566146e-05,1.2694308757781982,0.00026549934409558773,0.04968947172164917
2,161,674,4.992307731299661e-05,1.2687582969665527,0.0002697974559850991,0.04938274621963501
2,162,675,4.9922848120331764e-05,1.269835352897644,0.00026816700119525194,0.049079783260822296
2,163,676,4.9922622565645725e-05,1.2698040008544922,0.0002666036016307771,0.04878051578998566
2,164,677,4.992238973500207e-05,1.2706743478775024,0.0002649964881129563,0.04848487675189972
2,165,678,4.9922160542337224e-05,1.2699607610702515,0.0002685277722775936,0.04819279909133911
2,166,679,4.9921934987651184e-05,1.2696080207824707,0.0002670371322892606,0.04790421947836876
2,167,680,4.992170215700753e-05,1.269914984703064,0.00026550950133241713,0.04761907458305359
2,168,681,4.992147660232149e-05,1.2677829265594482,0.00026713573606684804,0.047337304800748825
2,169,682,4.992124377167784e-05,1.2679258584976196,0.00026563130086287856,0.04705885052680969
2,170,683,4.992101094103418e-05,1.2658154964447021,0.000267074559815228,0.046783652156591415
2,171,684,4.9920781748369336e-05,1.2651718854904175,0.0002715147566050291,0.04651165381073952
2,172,685,4.9920545279746875e-05,1.2654435634613037,0.00027000479167327285,0.04624280333518982
2,173,686,4.992031608708203e-05,1.2663215398788452,0.0002684608625713736,0.04597703740000725
2,174,687,4.9920083256438375e-05,1.2673572301864624,0.00026693526888266206,0.04571431130170822
2,175,688,4.991985042579472e-05,1.267096996307373,0.00026553068892098963,0.04545457288622856
2,176,689,4.991961759515107e-05,1.2682349681854248,0.000264032743871212,0.04519777372479439
2,177,690,4.991938476450741e-05,1.2684872150421143,0.0002626130299177021,0.044943854212760925
2,178,691,4.991915193386376e-05,1.2681498527526855,0.00026132003404200077,0.04469276964664459
2,179,692,4.99189154652413e-05,1.2692959308624268,0.0002598701394163072,0.044444482773542404
2,180,693,4.9918682634597644e-05,1.2673277854919434,0.00026974049978889525,0.04419893026351929
2,181,694,4.991844616597518e-05,1.2681288719177246,0.00026826607063412666,0.04395608231425285
2,182,695,4.991821333533153e-05,1.2677234411239624,0.0002671247348189354,0.043715883046388626
2,183,696,4.991797686670907e-05,1.2688217163085938,0.0002656729775480926,0.048913080245256424
2,184,697,4.991774039808661e-05,1.269266128540039,0.0002642668259795755,0.048648685216903687
2,185,698,4.9917507567442954e-05,1.2699726819992065,0.0002628540387377143,0.048387132585048676
2,186,699,4.9917267460841686e-05,1.2690768241882324,0.00026224335306324065,0.04812837764620781
2,187,700,4.9917030992219225e-05,1.2698643207550049,0.00026087654987350106,0.04787237569689751
2,188,701,4.991679816157557e-05,1.2706665992736816,0.0002595256082713604,0.047619082033634186
2,189,702,4.99165580549743e-05,1.2711217403411865,0.00025821905001066625,0.047368455678224564
2,190,703,4.991632158635184e-05,1.2721420526504517,0.0002568720083218068,0.04712045565247536
2,191,704,4.991608511772938e-05,1.2731801271438599,0.0002555341343395412,0.052083369344472885
2,192,705,4.991584501112811e-05,1.2738908529281616,0.0002542171278037131,0.051813505589962006
2,193,706,4.9915604904526845e-05,1.2735122442245483,0.000258027168456465,0.05154642462730408
2,194,707,4.9915364797925577e-05,1.273613691329956,0.0002567660703789443,0.05128208547830582
2,195,708,4.9915128329303116e-05,1.2725434303283691,0.0002590238582342863,0.05102044343948364
2,196,709,4.991488458472304e-05,1.2718372344970703,0.00026263893232680857,0.05076145380735397
2,197,710,4.991464447812177e-05,1.2720221281051636,0.0002613478573039174,0.05050508305430412
2,198,711,4.991440800949931e-05,1.2719318866729736,0.000260116474237293,0.05025129020214081
2,199,712,4.9914164264919236e-05,1.270840048789978,0.00026579073164612055,0.050000034272670746
2,200,713,4.991392415831797e-05,1.2706642150878906,0.00026459377841092646,0.04975127801299095
2,201,714,4.99136840517167e-05,1.2715296745300293,0.0002632879768498242,0.04950498417019844
2,202,715,4.9913440307136625e-05,1.2715181112289429,0.0002621038001962006,0.04926111549139023
2,203,716,4.991319656255655e-05,1.2713215351104736,0.0002652035909704864,0.04901964217424393
2,204,717,4.991295645595528e-05,1.2718485593795776,0.00026392206200398505,0.048780519515275955
2,205,718,4.991271271137521e-05,1.270641803741455,0.00026327179512009025,0.048543721437454224
2,206,719,4.991246896679513e-05,1.2713359594345093,0.00026200665161013603,0.04830921068787575
2,207,720,4.9912225222215056e-05,1.269606351852417,0.00026335299480706453,0.04807695373892784
2,208,721,4.991198511561379e-05,1.2705259323120117,0.00026209294446744025,0.05263160914182663
2,209,722,4.9911737733054906e-05,1.2697573900222778,0.0002611221862025559,0.05238098278641701
2,210,723,4.991149398847483e-05,1.2680290937423706,0.00026290828827768564,0.052132733166217804
2,211,724,4.9911250243894756e-05,1.2687327861785889,0.0002616744604893029,0.051886823028326035
2,212,725,4.9911002861335874e-05,1.268735408782959,0.0002604941255412996,0.05164322257041931
2,213,726,4.99107591167558e-05,1.268792748451233,0.0002593243261799216,0.05140190199017525
2,214,727,4.991051537217572e-05,1.2695887088775635,0.0002581215521786362,0.05116282030940056
2,215,728,4.991026798961684e-05,1.2696869373321533,0.00025697684031911194,0.050925955176353455
2,216,729,4.9910024245036766e-05,1.2688703536987305,0.00025609854492358863,0.05069127678871155
2,217,730,4.9909776862477884e-05,1.268799066543579,0.00025498797185719013,0.050458747893571854
2,218,731,4.9909529479919e-05,1.2688281536102295,0.0002538842963986099,0.05022834241390228
2,219,732,4.990927845938131e-05,1.2687435150146484,0.0002577176783233881,0.05000003054738045
2,220,733,4.990903471480124e-05,1.2683632373809814,0.0002567193005234003,0.04977378621697426
2,221,734,4.990878369426355e-05,1.2678675651550293,0.0002557598636485636,0.04954957962036133
2,222,735,4.9908536311704665e-05,1.268028974533081,0.00025465371436439455,0.04932738468050957
2,223,736,4.9908285291166976e-05,1.2665438652038574,0.00025597502826713026,0.04910717159509659
2,224,737,4.9908037908608094e-05,1.2672635316848755,0.0002548417542129755,0.0488889180123806
2,225,738,4.9907786888070405e-05,1.2680511474609375,0.0002537175314500928,0.048672594130039215
2,226,739,4.9907535867532715e-05,1.266566276550293,0.0002580959990154952,0.04845817759633064
2,227,740,4.990728848497383e-05,1.2672066688537598,0.0002569692733231932,0.048245642334222794
2,228,741,4.9907037464436144e-05,1.2681820392608643,0.0002558483392931521,0.04803496226668358
2,229,742,4.9906786443898454e-05,1.2668949365615845,0.00025561772054061294,0.04782611504197121
2,230,743,4.9906535423360765e-05,1.2667752504348755,0.000258587853750214,0.04761907830834389
2,231,744,4.990628076484427e-05,1.2661101818084717,0.00025772227672860026,0.04741382226347923
2,232,745,4.990602974430658e-05,1.266775131225586,0.0002566233742982149,0.04721032828092575
2,233,746,4.990577872376889e-05,1.2652097940444946,0.0002575567923486233,0.04700857400894165
2,234,747,4.9905524065252393e-05,1.2638444900512695,0.00025941472267732024,0.04680854082107544
2,235,748,4.990527668269351e-05,1.2641546726226807,0.00025836401619017124,0.04661019891500473
2,236,749,4.990501838619821e-05,1.2631478309631348,0.0002606557391118258,0.04641352966427803
2,237,750,4.990476372768171e-05,1.261676549911499,0.00026095533394254744,0.04621851444244385
2,238,751,4.990451270714402e-05,1.2615809440612793,0.00025992305018007755,0.04602513089776039
2,239,752,4.9904258048627526e-05,1.2614496946334839,0.00025891000404953957,0.04583336040377617
2,240,753,4.990400339011103e-05,1.2603741884231567,0.0002635139971971512,0.04564318060874939
2,241,754,4.990374873159453e-05,1.261033535003662,0.0002624308690428734,0.04545457288622856
2,242,755,4.9903494073078036e-05,1.2620000839233398,0.0002613508841022849,0.04938274249434471
2,243,756,4.990323577658273e-05,1.2628235816955566,0.0002602858003228903,0.04918035492300987
2,244,757,4.9902981118066236e-05,1.2635313272476196,0.00025922624627128243,0.04897961765527725
2,245,758,4.990272645954974e-05,1.263514757156372,0.00025823304895311594,0.04878051578998566
2,246,759,4.9902468163054436e-05,1.263484001159668,0.00025725201703608036,0.048583023250103
2,247,760,4.990220986655913e-05,1.2626147270202637,0.0002570434007793665,0.04838712513446808
2,248,761,4.990195157006383e-05,1.2633357048034668,0.00025601388188079,0.04819279909133911
2,249,762,4.990169691154733e-05,1.2639466524124146,0.00025499536423012614,0.0480000264942646
2,250,763,4.990143861505203e-05,1.263938307762146,0.00025403639301657677,0.04780879244208336
2,251,764,4.9901180318556726e-05,1.2628374099731445,0.0002555609098635614,0.04761907458305359
2,252,765,4.990092202206142e-05,1.263069987297058,0.00025457856827415526,0.0474308580160141
2,253,766,4.990066008758731e-05,1.2622101306915283,0.0002539175620768219,0.0472441203892231
2,254,767,4.990040179109201e-05,1.262091040611267,0.00025682966224849224,0.04705885052680969
2,255,768,4.9900143494596705e-05,1.2627449035644531,0.0002558298874646425,0.04687502607703209
3,0,769,4.98998851981014e-05,1.407817006111145,1.3193202903494239e-06,1.2499998547355062e-07
3,1,770,4.989962326362729e-05,1.4002970457077026,1.444623080715246e-06,1.2499998547355062e-07
3,2,771,4.989936132915318e-05,1.3145560026168823,0.00032853963784873486,8.33374045328128e-08
3,3,772,4.989909939467907e-05,1.2998511791229248,0.0004507985431700945,6.250464679169454e-08
3,4,773,4.9898841098183766e-05,1.2752519845962524,0.00036452687345445156,5.168438832470201e-08
3,5,774,4.9898579163709655e-05,1.2945700883865356,0.00030402641277760267,6.390365570041467e-08
3,6,775,4.9898317229235545e-05,1.3197681903839111,0.0002605941263027489,0.14285719394683838
3,7,776,4.9898055294761434e-05,1.337716817855835,0.00022801986779086292,0.2500000596046448
3,8,777,4.9897793360287324e-05,1.3177156448364258,0.0002063405408989638,0.22222226858139038
3,9,778,4.9897527787834406e-05,1.3392364978790283,0.00018570650718174875,0.30000004172325134
3,10,779,4.9897265853360295e-05,1.3169548511505127,0.0001753690594341606,0.2727273106575012
3,11,780,4.989700028090738e-05,1.3155148029327393,0.0001613421190995723,0.2500000298023224
3,12,781,4.989673834643327e-05,1.3095035552978516,0.00022455872385762632,0.23076926171779633
3,13,782,4.989647277398035e-05,1.2959312200546265,0.0002700338081922382,0.214285746216774
3,14,783,4.989621083950624e-05,1.2764606475830078,0.00026183860609307885,0.20000003278255463
3,15,784,4.989594526705332e-05,1.2578189373016357,0.00028376898262649775,0.1875000298023224
3,16,785,4.9895676056621596e-05,1.2627952098846436,0.0002672912669368088,0.17647062242031097
3,17,786,4.989541048416868e-05,1.2653192281723022,0.0002528397599235177,0.1666666865348816
3,18,787,4.989514491171576e-05,1.2529537677764893,0.00024562119506299496,0.15789476037025452
3,19,788,4.9894875701284036e-05,1.2510135173797607,0.00029502459801733494,0.15000002086162567
3,20,789,4.989461012883112e-05,1.2502577304840088,0.0002818108187057078,0.142857164144516
3,21,790,4.989434819435701e-05,1.259345531463623,0.000269032025244087,0.1363636702299118
3,22,791,4.989407898392528e-05,1.2585582733154297,0.0002579374413471669,0.1304348111152649
3,23,792,4.989380977349356e-05,1.2506502866744995,0.00027758569922298193,0.1250000298023224
3,24,793,4.989354056306183e-05,1.2461845874786377,0.00029902649112045765,0.12000002712011337
3,25,794,4.9893274990608916e-05,1.2538208961486816,0.00028754008235409856,0.11538466066122055
3,26,795,4.989300578017719e-05,1.2541903257369995,0.00027733558090403676,0.11111115664243698
3,27,796,4.989273293176666e-05,1.2487032413482666,0.0003518788143992424,0.10714290291070938
3,28,797,4.9892463721334934e-05,1.2539668083190918,0.00033980427542701364,0.10344832390546799
3,29,798,4.989219451090321e-05,1.2608821392059326,0.00032847747206687927,0.10000007599592209
3,30,799,4.9891925300471485e-05,1.2560076713562012,0.0003196423058398068,0.09677427262067795
3,31,800,4.989165245206095e-05,1.2606515884399414,0.00030969796353019774,0.09375008195638657
3,32,801,4.989138324162923e-05,1.2620518207550049,0.000324204214848578,0.09090916812419891
3,33,802,4.98911140311975e-05,1.264479160308838,0.00031485885847359896,0.08823537081480026
3,34,803,4.989084482076578e-05,1.2637563943862915,0.00030625364161096513,0.08571436256170273
3,35,804,4.9890571972355247e-05,1.2596690654754639,0.0003201851504854858,0.08333340287208557
3,36,805,4.989029548596591e-05,1.25357985496521,0.000314753211569041,0.08108115196228027
3,37,806,4.989002627553418e-05,1.249964714050293,0.0003261924139223993,0.07894743978977203
3,38,807,4.9889749789144844e-05,1.242826223373413,0.0003358792164362967,0.07692314684391022
3,39,808,4.988948057871312e-05,1.237879991531372,0.00033022486604750156,0.07500006258487701
3,40,809,4.988920773030259e-05,1.234701156616211,0.00032352423295378685,0.07317079603672028
3,41,810,4.988893124391325e-05,1.2297730445861816,0.00031992082949727774,0.07142863422632217
3,42,811,4.9888658395502716e-05,1.2231335639953613,0.0003282796242274344,0.06976750493049622
3,43,812,4.988838190911338e-05,1.2188571691513062,0.00032336171716451645,0.06818187981843948
3,44,813,4.9888109060702845e-05,1.221045970916748,0.000316288904286921,0.06666672229766846
3,45,814,4.9887836212292314e-05,1.2188740968704224,0.0003277883224654943,0.06521745026111603
3,46,815,4.988755608792417e-05,1.2230790853500366,0.00032084016129374504,0.06382984668016434
3,47,816,4.988727960153483e-05,1.2279555797576904,0.00031415600096806884,0.08333339542150497
3,48,817,4.98870067531243e-05,1.2327733039855957,0.00030774465994909406,0.10204087197780609
3,49,818,4.988673026673496e-05,1.2323085069656372,0.0003200113424099982,0.1000000536441803
3,50,819,4.988645014236681e-05,1.2358328104019165,0.00031376449624076486,0.09803926944732666
3,51,820,4.988617729395628e-05,1.2326319217681885,0.00032504895352758467,0.09615390002727509
3,52,821,4.9885897169588134e-05,1.228843331336975,0.0003327555605210364,0.09433967620134354
3,53,822,4.988561704521999e-05,1.2329180240631104,0.00032659340649843216,0.11111116409301758
3,54,823,4.988534055883065e-05,1.231170415878296,0.000321381026878953,0.10909096151590347
3,55,824,4.98850604344625e-05,1.2366652488708496,0.0003156473976559937,0.10714291036128998
3,56,825,4.9884783948073164e-05,1.2396786212921143,0.00031012302497401834,0.10526321828365326
3,57,826,4.988450382370502e-05,1.2393046617507935,0.0003050747327506542,0.10344833135604858
3,58,827,4.988422369933687e-05,1.2341017723083496,0.00030647352105006576,0.1016949713230133
3,59,828,4.988394721294753e-05,1.2374153137207031,0.00030136562418192625,0.11666671931743622
3,60,829,4.9883667088579386e-05,1.236994981765747,0.00029669335344806314,0.11475415527820587
3,61,830,4.988338696421124e-05,1.2371454238891602,0.00029213307425379753,0.11290328204631805
3,62,831,4.988310320186429e-05,1.2354650497436523,0.0002881800173781812,0.11111116409301758
3,63,832,4.988282671547495e-05,1.2389132976531982,0.0002836893545463681,0.10937505215406418
3,64,833,4.988253931514919e-05,1.241296648979187,0.0002793468302115798,0.10769236087799072
3,65,834,4.988225919078104e-05,1.2415817975997925,0.0002753143780864775,0.10606065392494202
3,66,835,4.988197542843409e-05,1.2439788579940796,0.00027122843312099576,0.104477658867836
3,67,836,4.9881691666087136e-05,1.2398254871368408,0.0002762267831712961,0.10294122248888016
3,68,837,4.988140790374018e-05,1.239546298980713,0.00027250952553004026,0.10144932568073273
3,69,838,4.9881127779372036e-05,1.2389674186706543,0.000268837611656636,0.1000000461935997
3,70,839,4.988084401702508e-05,1.2393798828125,0.00027733587194234133,0.09859159588813782
3,71,840,4.988056025467813e-05,1.2395832538604736,0.0002736187307164073,0.09722226858139038
3,72,841,4.988027649233118e-05,1.2393383979797363,0.0002701070625334978,0.09589045494794846
3,73,842,4.987998909200542e-05,1.236936330795288,0.0002676824224181473,0.09459464251995087
3,74,843,4.987970896763727e-05,1.2389271259307861,0.00026413315208628774,0.09333337843418121
3,75,844,4.987942156731151e-05,1.2421095371246338,0.0002606577181722969,0.10526321083307266
3,76,845,4.987913416698575e-05,1.2445400953292847,0.00025727617321535945,0.10389616340398788
3,77,846,4.98788504046388e-05,1.2469868659973145,0.0002539868000894785,0.10256416350603104
3,78,847,4.987856300431304e-05,1.2494556903839111,0.00025077175814658403,0.11392410844564438
3,79,848,4.9878275603987277e-05,1.2494049072265625,0.0002478180977050215,0.11250005662441254
3,80,849,4.9877991841640323e-05,1.2513306140899658,0.0002447760780341923,0.11111117154359818
3,81,850,4.9877700803335756e-05,1.2504551410675049,0.00024209165712818503,0.10975615680217743
3,82,851,4.9877413403009996e-05,1.2521424293518066,0.00023919189698062837,0.1084337905049324
3,83,852,4.9877126002684236e-05,1.2518635988235474,0.00023651834635529667,0.10714291036128998
3,84,853,4.9876838602358475e-05,1.251127004623413,0.0002436152717564255,0.10588240623474121
3,85,854,4.987654756405391e-05,1.2496860027313232,0.00024128551012836397,0.10465122014284134
3,86,855,4.987626016372815e-05,1.2514734268188477,0.00023852326557971537,0.10344833135604858
3,87,856,4.987596912542358e-05,1.2497981786727905,0.0002416203496977687,0.10227277874946594
3,88,857,4.987568172509782e-05,1.2520909309387207,0.0002389055152889341,0.11235960572957993
3,89,858,4.987539068679325e-05,1.249485731124878,0.0002375023323111236,0.11111116409301758
3,90,859,4.9875099648488685e-05,1.2476476430892944,0.00023563994909636676,0.1098901629447937
3,91,860,4.987480861018412e-05,1.2440969944000244,0.00023627195332664996,0.10869570076465607
3,92,861,4.987451757187955e-05,1.245830774307251,0.00023374109878204763,0.10752693563699722
3,93,862,4.9874226533574983e-05,1.243897795677185,0.00023201134172268212,0.10638303309679031
3,94,863,4.9873935495270416e-05,1.2424507141113281,0.00022998324129730463,0.10526321083307266
3,95,864,4.987364445696585e-05,1.2423356771469116,0.0002277359162690118,0.10416671633720398
3,96,865,4.9873349780682474e-05,1.2422518730163574,0.0002255379658890888,0.10309283435344696
3,97,866,4.9873062380356714e-05,1.2424943447113037,0.0002320640196558088,0.1020408645272255
3,98,867,4.987276770407334e-05,1.24074387550354,0.00023627551854588091,0.10101015120744705
3,99,868,4.9872473027789965e-05,1.2406671047210693,0.0002340607752557844,0.1000000461935997
3,100,869,4.987217835150659e-05,1.243158221244812,0.00023174556554295123,0.09900996088981628
3,101,870,4.9871883675223216e-05,1.2438979148864746,0.00022959866328164935,0.09803926944732666
3,102,871,4.987158899893984e-05,1.2411729097366333,0.00023233745014294982,0.09708743542432785
3,103,872,4.987129432265647e-05,1.242584228515625,0.00023652747040614486,0.09615390002727509
3,104,873,4.987099964637309e-05,1.2428081035614014,0.00024108641082420945,0.09523814916610718
3,105,874,4.987070497008972e-05,1.239699363708496,0.00024368075537495315,0.09433967620134354
3,106,875,4.9870410293806344e-05,1.2402474880218506,0.0002414648188278079,0.09345799684524536
3,107,876,4.987011561752297e-05,1.2413032054901123,0.00024620600743219256,0.09259264916181564
3,108,877,4.986981730326079e-05,1.24294114112854,0.00024396070512011647,0.09174317121505737
3,109,878,4.9869522626977414e-05,1.2447113990783691,0.00024174631107598543,0.09090915322303772
3,110,879,4.986922431271523e-05,1.245879054069519,0.00023958273231983185,0.09009014815092087
3,111,880,4.986892599845305e-05,1.2457432746887207,0.00023757843882776797,0.08928577601909637
3,112,881,4.986862768419087e-05,1.244731068611145,0.00023576946114189923,0.088495634496212
3,113,882,4.986832936992869e-05,1.2437087297439575,0.0002398364886175841,0.08771935850381851
3,114,883,4.9868031055666506e-05,1.2453210353851318,0.00023775093723088503,0.09565223008394241
3,115,884,4.9867732741404325e-05,1.2428364753723145,0.00024049464263953269,0.09482764452695847
3,116,885,4.9867430789163336e-05,1.2440906763076782,0.000238451873883605,0.0940171480178833
3,117,886,4.9867132474901155e-05,1.2452375888824463,0.00023644418979529291,0.09322039783000946
3,118,887,4.986683416063897e-05,1.2455956935882568,0.00024070801737252623,0.0924370288848877
3,119,888,4.9866532208397985e-05,1.2466785907745361,0.00023871418670751154,0.09166672080755234
3,120,889,4.9866230256156996e-05,1.2480809688568115,0.00023675337433815002,0.09090914577245712
3,121,890,4.986592830391601e-05,1.2457542419433594,0.00023641547886654735,0.09016399085521698
3,122,891,4.986563362763263e-05,1.2458207607269287,0.00024020150885917246,0.08943095058202744
3,123,892,4.9865331675391644e-05,1.244901180267334,0.00023860216606408358,0.08870973438024521
3,124,893,4.986502608517185e-05,1.2443033456802368,0.00024279527133330703,0.08800005167722702
3,125,894,4.986472413293086e-05,1.2442479133605957,0.00024095250410027802,0.08730164170265198
3,126,895,4.986442581866868e-05,1.242276906967163,0.00024009245680645108,0.086614228785038
3,127,896,4.986412022844888e-05,1.242074728012085,0.00023833068553358316,0.08593755215406418
3,128,897,4.9863818276207894e-05,1.2436946630477905,0.0002364874235354364,0.08527136594057083
3,129,898,4.98635126859881e-05,1.2435567378997803,0.0002347750123590231,0.08461543917655945
3,130,899,4.986321073374711e-05,1.2435085773468018,0.0002330956922378391,0.08396951854228973
3,131,900,4.9862905143527314e-05,1.2448710203170776,0.00023133255308493972,0.08333338797092438
3,132,901,4.986259955330752e-05,1.2450246810913086,0.00022966713004279882,0.08270682394504547
3,133,902,4.986229760106653e-05,1.2466087341308594,0.00022795828408561647,0.0820896103978157
3,134,903,4.986198837286793e-05,1.246741771697998,0.00022635201457887888,0.08148153871297836
3,135,904,4.986168642062694e-05,1.2470533847808838,0.0002303160581504926,0.08088240772485733
3,136,905,4.986138083040714e-05,1.2481354475021362,0.00022864536731503904,0.08029202371835709
3,137,906,4.986107524018735e-05,1.2475444078445435,0.00022717953834217042,0.07971020042896271
3,138,907,4.9860766011988744e-05,1.2473649978637695,0.00022565023391507566,0.07913674414157867
3,139,908,4.986045678379014e-05,1.247288465499878,0.00022934556182008237,0.07857148349285126
3,140,909,4.986015483154915e-05,1.246732473373413,0.00022790531511418521,0.07801423966884613
3,141,910,4.985984560335055e-05,1.2477004528045654,0.00022631051251664758,0.07746484130620956
3,142,911,4.985953637515195e-05,1.2487990856170654,0.00022473675198853016,0.07692313194274902
3,143,912,4.985923078493215e-05,1.2496922016143799,0.0002231864200439304,0.07638894021511078
3,144,913,4.985892155673355e-05,1.2473514080047607,0.00022480085317511111,0.07586212456226349
3,145,914,4.9858612328534946e-05,1.24638831615448,0.00022358985734172165,0.07534252107143402
3,146,915,4.985830310033634e-05,1.2463287115097046,0.00022792801610194147,0.07482998073101044
3,147,916,4.985799023415893e-05,1.245551347732544,0.00022672586783301085,0.07432437688112259
3,148,917,4.985768464393914e-05,1.2453358173370361,0.00022532013827003539,0.07382555305957794
3,149,918,4.9857375415740535e-05,1.2440390586853027,0.0002244185598101467,0.07333338260650635
3,150,919,4.9857062549563125e-05,1.2432150840759277,0.00022320666175801307,0.07284773141145706
3,151,920,4.985675332136452e-05,1.2448980808258057,0.00022173819888848811,0.07894741743803024
3,152,921,4.985644045518711e-05,1.2440991401672363,0.0002205846249125898,0.07843142002820969
3,153,922,4.985613122698851e-05,1.244044303894043,0.00021923365420661867,0.07792212814092636
3,154,923,4.98558183608111e-05,1.2429380416870117,0.00022230272588785738,0.07741940766572952
3,155,924,4.985550185665488e-05,1.2429418563842773,0.0002209718804806471,0.07692312449216843
3,156,925,4.985519262845628e-05,1.2438249588012695,0.0002195741981267929,0.07643316686153412
3,157,926,4.985487976227887e-05,1.2449157238006592,0.00021818859386257827,0.07594941556453705
3,158,927,4.985456325812265e-05,1.244864821434021,0.00022462244669441134,0.07547174394130707
3,159,928,4.985425402992405e-05,1.2443981170654297,0.00022339067072607577,0.07500004768371582
3,160,929,4.985393752576783e-05,1.2452819347381592,0.0002220126480096951,0.07453420758247375
3,161,930,4.985362465959042e-05,1.2438006401062012,0.00022140501823741943,0.07407411932945251
3,162,931,4.9853308155434206e-05,1.2433547973632812,0.0002245643554488197,0.07361967861652374
3,163,932,4.985299165127799e-05,1.2415878772735596,0.0002244223142042756,0.07317078113555908
3,164,933,4.985267878510058e-05,1.2419037818908691,0.00022735842503607273,0.07272732257843018
3,165,934,4.985236228094436e-05,1.2403254508972168,0.00022697415261063725,0.07228920608758926
3,166,935,4.985204941476695e-05,1.2382711172103882,0.0002278061001561582,0.07185633480548859
3,167,936,4.9851732910610735e-05,1.2384099960327148,0.00022650498431175947,0.07142861932516098
3,168,937,4.985141640645452e-05,1.2392816543579102,0.0002251730766147375,0.07100596278905869
3,169,938,4.9851096264319494e-05,1.239146113395691,0.00022978021297603846,0.07058828324079514
3,170,939,4.985077976016328e-05,1.2371599674224854,0.0002309114788658917,0.07017548382282257
3,171,940,4.985046325600706e-05,1.2371232509613037,0.00022964924573898315,0.06976748257875443
3,172,941,4.9850143113872036e-05,1.2380118370056152,0.00022833026014268398,0.06936420500278473
3,173,942,4.984982660971582e-05,1.2367055416107178,0.00022754304518457502,0.06896556168794632
3,174,943,4.98495101055596e-05,1.2378039360046387,0.00022624280245508999,0.07428576052188873
3,175,944,4.984918996342458e-05,1.2386994361877441,0.00022496626479551196,0.0738636776804924
3,176,945,4.9848869821289554e-05,1.239448070526123,0.00022369953512679785,0.0734463706612587
3,177,946,4.984854967915453e-05,1.2402987480163574,0.00022245096624828875,0.07303375005722046
3,178,947,4.98482258990407e-05,1.2394864559173584,0.00022142057423479855,0.07262574136257172
3,179,948,4.984790939488448e-05,1.2405318021774292,0.00022019047173671424,0.07777781784534454
3,180,949,4.984758925274946e-05,1.241351842880249,0.000218981018406339,0.07734810560941696
3,181,950,4.9847269110614434e-05,1.2405130863189697,0.00021808926248922944,0.07692311704158783
3,182,951,4.98469453305006e-05,1.2405438423156738,0.00021695869509130716,0.07650277763605118
3,183,952,4.984662518836558e-05,1.24137282371521,0.00021578448649961501,0.07608699798583984
3,184,953,4.984630140825175e-05,1.2421904802322388,0.0002146231709048152,0.07567571848630905
3,185,954,4.9845981266116723e-05,1.2423534393310547,0.00021351146278902888,0.07526885718107224
3,186,955,4.984565748600289e-05,1.2417457103729248,0.00021574445418082178,0.07486635446548462
3,187,956,4.984533370588906e-05,1.2414487600326538,0.00021469646890182048,0.07446812838315964
3,188,957,4.984500992577523e-05,1.2400256395339966,0.00021615807781927288,0.07407411187887192
3,189,958,4.98446861456614e-05,1.2399134635925293,0.0002151027147192508,0.07368425279855728
3,190,959,4.9844366003526375e-05,1.2391127347946167,0.0002143133751815185,0.07329846918582916
3,191,960,4.9844038585433736e-05,1.239783763885498,0.00021320476662367582,0.07291670888662338
3,192,961,4.9843714805319905e-05,1.238112449645996,0.0002149429637938738,0.07253889739513397
3,193,962,4.9843391025206074e-05,1.238016963005066,0.00021389022003859282,0.07216499000787735
3,194,963,4.9843063607113436e-05,1.2391886711120605,0.0002127960615325719,0.07179491221904755
3,195,964,4.98427361890208e-05,1.2401440143585205,0.00021171037224121392,0.07653065025806427
3,196,965,4.9842412408906966e-05,1.2402498722076416,0.00021068599016871303,0.07614216953516006
3,197,966,4.984208499081433e-05,1.238985300064087,0.0002103321603499353,0.07575761526823044
3,198,967,4.98417612107005e-05,1.2396912574768066,0.00020928123558405787,0.07537692040205002
3,199,968,4.984143379260786e-05,1.2399128675460815,0.00020826986292377114,0.07500004023313522
3,200,969,4.984110637451522e-05,1.2405751943588257,0.0002072412462439388,0.07462690025568008
3,201,970,4.9840775318443775e-05,1.240563154220581,0.00020627561025321484,0.07425746321678162
3,202,971,4.984044790035114e-05,1.2389074563980103,0.000206399941816926,0.07389166206121445
3,203,972,4.98401204822585e-05,1.2389740943908691,0.0002054366486845538,0.073529452085495
3,204,973,4.983978942618705e-05,1.2374293804168701,0.00020666408818215132,0.07317076623439789
3,205,974,4.9839462008094415e-05,1.2367818355560303,0.00020894946646876633,0.07281557470560074
3,206,975,4.983913459000178e-05,1.2364392280578613,0.00021087452478241175,0.07246380299329758
3,207,976,4.983880353393033e-05,1.2362608909606934,0.00020996847888454795,0.07211542129516602
3,208,977,4.9838472477858886e-05,1.2360954284667969,0.0002120910066878423,0.07177037000656128
3,209,978,4.983814142178744e-05,1.2352221012115479,0.00021406197629403323,0.07142860442399979
3,210,979,4.9837810365715995e-05,1.2353698015213013,0.00021655333694070578,0.07109007984399796
3,211,980,4.983747930964455e-05,1.2343378067016602,0.00021608578390441835,0.0707547515630722
3,212,981,4.9837148253573105e-05,1.2350943088531494,0.00021507556084543467,0.07042256742715836
3,213,982,4.9836820835480466e-05,1.2350636720657349,0.0002141324948752299,0.07009349018335342
3,214,983,4.9836486141430214e-05,1.2337472438812256,0.00021554518025368452,0.06976747512817383
3,215,984,4.983615508535877e-05,1.2340296506881714,0.00021780356473755091,0.06944447755813599
3,216,985,4.9835820391308516e-05,1.233924388885498,0.00021687737898901105,0.06912446022033691
3,217,986,4.9835485697258264e-05,1.2346248626708984,0.00021588962408713996,0.06880737096071243
3,218,987,4.983515464118682e-05,1.2353613376617432,0.0002149103383999318,0.06849318742752075
3,219,988,4.9834819947136566e-05,1.2360903024673462,0.00021393943461589515,0.0681818500161171
3,220,989,4.9834485253086314e-05,1.2346010208129883,0.00021418252435978502,0.06787333637475967
3,221,990,4.983415055903606e-05,1.2345249652862549,0.00021327979629859328,0.0675676017999649
3,222,991,4.9833819502964616e-05,1.235190749168396,0.00021233002189546824,0.0672646090388298
3,223,992,4.9833481170935556e-05,1.2346711158752441,0.00021154612477403134,0.06696432083845139
3,224,993,4.9833146476885304e-05,1.2353928089141846,0.00021061264851596206,0.06666669994592667
3,225,994,4.983281178283505e-05,1.233972191810608,0.00021164151257835329,0.06637171655893326
3,226,995,4.983247345080599e-05,1.2342402935028076,0.0002136800467269495,0.06607932597398758
3,227,996,4.983213875675574e-05,1.233337163925171,0.00021314728655852377,0.06578950583934784
3,228,997,4.983180042472668e-05,1.233583927154541,0.00021224722149781883,0.06550221890211105
3,229,998,4.983146209269762e-05,1.2341222763061523,0.0002142540761269629,0.06521742790937424
3,230,999,4.983112739864737e-05,1.2349402904510498,0.00021332816686481237,0.064935103058815
3,231,1000,4.983078906661831e-05,1.2335052490234375,0.00021392302005551755,0.06465520709753036
3,232,1001,4.983045073458925e-05,1.2343785762786865,0.00021300488151609898,0.06866955757141113
3,233,1002,4.983011240256019e-05,1.234201192855835,0.00021217664470896125,0.0683761015534401
3,234,1003,4.982977407053113e-05,1.2345497608184814,0.00021434648078866303,0.06808514147996902
3,235,1004,4.982943210052326e-05,1.2352795600891113,0.0002134413516614586,0.06779664009809494
3,236,1005,4.9829093768494204e-05,1.2354679107666016,0.00021256925538182259,0.06751058250665665
3,237,1006,4.9828755436465144e-05,1.2352465391159058,0.00021434397785924375,0.06722692400217056
3,238,1007,4.982841346645728e-05,1.235172986984253,0.00021351134637370706,0.0669456422328949
3,239,1008,4.982807513442822e-05,1.2351038455963135,0.00021268260024953634,0.06666669994592667
3,240,1009,4.982773316442035e-05,1.2348453998565674,0.00021492637461051345,0.06639007478952408
3,241,1010,4.9827391194412485e-05,1.235023021697998,0.00021407569875009358,0.06611573696136475
3,242,1011,4.982704922440462e-05,1.2344344854354858,0.00021590228425338864,0.06584364920854568
3,243,1012,4.982670725439675e-05,1.2352349758148193,0.00021501744049601257,0.0655738115310669
3,244,1013,4.982636892236769e-05,1.2345201969146729,0.000216367858229205,0.0653061643242836
3,245,1014,4.982602331438102e-05,1.2345290184020996,0.00021554462728090584,0.0650406926870346
3,246,1015,4.982568134437315e-05,1.2346789836883545,0.000214693252928555,0.06477736681699753
3,247,1016,4.9825339374365285e-05,1.2339425086975098,0.00021410165936686099,0.06451616436243057
3,248,1017,4.982499740435742e-05,1.2338337898254395,0.0002133070956915617,0.06425706297159195
3,249,1018,4.9824651796370745e-05,1.233856439590454,0.00021250690042506903,0.06400004029273987
3,250,1019,4.982430618838407e-05,1.2327628135681152,0.0002123257436323911,0.06374505907297134
3,251,1020,4.98239605803974e-05,1.2328057289123535,0.00021490722429007292,0.06349210441112518
3,252,1021,4.9823614972410724e-05,1.2334554195404053,0.00021406363521236926,0.063241146504879
3,253,1022,4.982326936442405e-05,1.2332305908203125,0.00021588674280792475,0.062992163002491
3,254,1023,4.9822923756437376e-05,1.2319248914718628,0.00021675860625691712,0.06274513900279999
3,255,1024,4.982258178642951e-05,1.231833815574646,0.0002159685391234234,0.06250003725290298
4,0,1025,4.982223254046403e-05,1.380092740058899,1.4019740319781704e-06,1.2499998547355062e-07
4,1,1026,4.9821886932477355e-05,1.33543062210083,0.00035876341280527413,6.250265727203441e-08
4,2,1027,4.9821537686511874e-05,1.3019249439239502,0.0002426427381578833,4.5291628225641034e-08
4,3,1028,4.98211920785252e-05,1.2024004459381104,0.0002774642198346555,3.401618897669323e-08
4,4,1029,4.982084283255972e-05,1.2023279666900635,0.00022535701282322407,2.9386864497382703e-08
4,5,1030,4.9820497224573046e-05,1.2108829021453857,0.0003620313946157694,2.4490116601327827e-08
4,6,1031,4.9820147978607565e-05,1.2190210819244385,0.0003114402061328292,2.4392889486080094e-08
4,7,1032,4.9819798732642084e-05,1.234197974205017,0.0002728645340539515,2.9677110546799668e-08
4,8,1033,4.9819449486676604e-05,1.2311736345291138,0.00024435206432826817,2.758738304464714e-08
4,9,1034,4.981910024071112e-05,1.201538324356079,0.00023784101358614862,2.4902885087385584e-08
4,10,1035,4.981875099474564e-05,1.1984299421310425,0.0002181462332373485,2.3415987371322444e-08
4,11,1036,4.981840174878016e-05,1.2138135433197021,0.00020009095896966755,3.188132069453786e-08
4,12,1037,4.981805250281468e-05,1.2139463424682617,0.00022997082851361483,2.942940291461582e-08
4,13,1038,4.981769961887039e-05,1.2069733142852783,0.00027362449327483773,2.7328542984150772e-08
4,14,1039,4.981735401088372e-05,1.2131073474884033,0.00030046148458495736,2.550699562675618e-08
4,15,1040,4.981700112693943e-05,1.21501624584198,0.00031917571322992444,2.3913310442935654e-08
4,16,1041,4.981664824299514e-05,1.2175737619400024,0.00030097877606749535,2.3732134479814704e-08
4,17,1042,4.9816295359050855e-05,1.2115532159805298,0.00032083713449537754,2.241472429886926e-08
4,18,1043,4.9815946113085374e-05,1.2200231552124023,0.00030402926495298743,2.7813950254085285e-08
4,19,1044,4.981558959116228e-05,1.2201237678527832,0.00028952077263966203,2.7056163531824495e-08
4,20,1045,4.981523670721799e-05,1.2127902507781982,0.0003048555226996541,2.5769331557512487e-08
4,21,1046,4.9814883823273703e-05,1.2226295471191406,0.0002910161856561899,4.732526193151898e-08
4,22,1047,4.9814530939329416e-05,1.2332355976104736,0.0002783814270514995,5.613720688302237e-08
4,23,1048,4.981417441740632e-05,1.2208874225616455,0.0002892339834943414,5.380236345331468e-08
4,24,1049,4.981382153346203e-05,1.21843683719635,0.0002787106204777956,5.193195562469555e-08
4,25,1050,4.981346501153894e-05,1.2109785079956055,0.00027180585311725736,4.999824909646122e-08
4,26,1051,4.981311576557346e-05,1.2177417278289795,0.00026180577697232366,5.226169008665238e-08
4,27,1052,4.981275924365036e-05,1.225489616394043,0.0002524555893614888,0.03571433573961258
4,28,1053,4.981240272172727e-05,1.220719575881958,0.0002659072633832693,0.03448280692100525
4,29,1054,4.981204619980417e-05,1.2207534313201904,0.0002575360704213381,0.03333337977528572
4,30,1055,4.9811693315859884e-05,1.2173597812652588,0.0002506929449737072,0.032258111983537674
4,31,1056,4.981133315595798e-05,1.2196824550628662,0.00026621497818268836,0.03125004470348358
4,32,1057,4.981097663403489e-05,1.216593623161316,0.0002830818993970752,0.030303074046969414
4,33,1058,4.981062011211179e-05,1.218336582183838,0.0002749721461441368,0.029411807656288147
4,34,1059,4.98102635901887e-05,1.2098761796951294,0.0002730536798480898,0.028571469709277153
4,35,1060,4.9809903430286795e-05,1.2106890678405762,0.00026576314121484756,0.027777817100286484
4,36,1061,4.98095469083637e-05,1.2148786783218384,0.0002586198097560555,0.0270270686596632
4,37,1062,4.98091867484618e-05,1.2119032144546509,0.0002529762568883598,0.026315830647945404
4,38,1063,4.9808826588559896e-05,1.2108250856399536,0.00026233860990032554,0.0256410650908947
4,39,1064,4.9808466428657994e-05,1.2150830030441284,0.0002558185951784253,0.025000041350722313
4,40,1065,4.980810626875609e-05,1.2204002141952515,0.000249579141382128,0.04878052696585655
4,41,1066,4.9807749746832997e-05,1.2254434823989868,0.00024363677948713303,0.047619111835956573
4,42,1067,4.9807389586931095e-05,1.230068564414978,0.00023797080211807042,0.06976750493049622
4,43,1068,4.980702942702919e-05,1.2254116535186768,0.00023444497492164373,0.06818187981843948
4,44,1069,4.980666562914848e-05,1.2224900722503662,0.00024164607748389244,0.06666672229766846
4,45,1070,4.980630546924658e-05,1.2219023704528809,0.00023680116282775998,0.06521745026111603
4,46,1071,4.980594530934468e-05,1.22519850730896,0.00023179443087428808,0.06382984668016434
4,47,1072,4.980558151146397e-05,1.2290223836898804,0.00022698091925121844,0.06250006705522537
4,48,1073,4.980522135156207e-05,1.2285401821136475,0.0002356896293349564,0.0612245537340641
4,49,1074,4.980485755368136e-05,1.2311527729034424,0.00023100670659914613,0.060000065714120865
4,50,1075,4.980449375580065e-05,1.2315254211425781,0.00022667697339784354,0.0588235966861248
4,51,1076,4.980412995791994e-05,1.2319318056106567,0.00022252366761676967,0.05769237130880356
4,52,1077,4.980376616003923e-05,1.2317219972610474,0.0002186037163482979,0.05660383775830269
4,53,1078,4.980340600013733e-05,1.226529836654663,0.0002238251909147948,0.055555615574121475
4,54,1079,4.980303856427781e-05,1.2272981405258179,0.00023242163297254592,0.05454551428556442
4,55,1080,4.9802674766397104e-05,1.2308143377304077,0.00022827123757451773,0.07142863422632217
4,56,1081,4.980230733053759e-05,1.230966329574585,0.00022445266949944198,0.07017549872398376
4,57,1082,4.980194353265688e-05,1.2317171096801758,0.00022071700368542224,0.06896557658910751
4,58,1083,4.980157609679736e-05,1.2301722764968872,0.00021745394042227417,0.06779666990041733
4,59,1084,4.9801208660937846e-05,1.2310925722122192,0.00022234171046875417,0.06666672229766846
4,60,1085,4.9800844863057137e-05,1.2308599948883057,0.00021892908262088895,0.06557382643222809
4,61,1086,4.980047742719762e-05,1.2292444705963135,0.00022546519176103175,0.06451617926359177
4,62,1087,4.9800109991338104e-05,1.2240068912506104,0.00022862892365083098,0.06349211931228638
4,63,1088,4.9799746193457395e-05,1.2240896224975586,0.00022526712564285845,0.06250005215406418
4,64,1089,4.979937511961907e-05,1.2190817594528198,0.00022755435202270746,0.061538513749837875
4,65,1090,4.9799007683759555e-05,1.2213034629821777,0.00022412801627069712,0.06060611084103584
4,66,1091,4.979864024790004e-05,1.2234611511230469,0.00023013593454379588,0.05970154330134392
4,67,1092,4.9798269174061716e-05,1.224320411682129,0.000226851727347821,0.05882357805967331
4,68,1093,4.97979017382022e-05,1.2210264205932617,0.00022536286269314587,0.05797106400132179
4,69,1094,4.979753430234268e-05,1.2239136695861816,0.000222143396968022,0.07142861932516098
4,70,1095,4.979715959052555e-05,1.226487159729004,0.00021901997388340533,0.07042258977890015
4,71,1096,4.9796792154666036e-05,1.2261977195739746,0.00021616370941046625,0.06944449990987778
4,72,1097,4.979642108082771e-05,1.2241675853729248,0.00021890824427828193,0.06849320232868195
4,73,1098,4.979605000698939e-05,1.223521113395691,0.0002258530876133591,0.0675676167011261
4,74,1099,4.9795678933151066e-05,1.2195680141448975,0.00022476301819551736,0.06666671484708786
4,75,1100,4.979530785931274e-05,1.2162952423095703,0.00022367099882103503,0.06578952074050903
4,76,1101,4.979493314749561e-05,1.2190186977386475,0.0002207661746069789,0.07792212814092636
4,77,1102,4.979456207365729e-05,1.2170250415802002,0.00022698302927892655,0.07692312449216843
4,78,1103,4.979419463779777e-05,1.2136633396148682,0.00023043638793751597,0.07594941556453705
4,79,1104,4.9793816288001835e-05,1.212554693222046,0.00022816071577835828,0.07500004768371582
4,80,1105,4.979344885214232e-05,1.211216688156128,0.00022584645194001496,0.07407411932945251
4,81,1106,4.979307050234638e-05,1.2095530033111572,0.00022993108723312616,0.07317078113555908
4,82,1107,4.979269942850806e-05,1.2112869024276733,0.0002361138176638633,0.07228920608758926
4,83,1108,4.9792328354669735e-05,1.2121167182922363,0.00024115911219269037,0.07142861932516098
4,84,1109,4.97919500048738e-05,1.212554931640625,0.0002384159597568214,0.07058828324079514
4,85,1110,4.979157529305667e-05,1.2121703624725342,0.0002445071004331112,0.06976748257875443
4,86,1111,4.9791200581239536e-05,1.2124664783477783,0.0002418146759737283,0.06896556168794632
4,87,1112,4.9790825869422406e-05,1.212564468383789,0.0002392371534369886,0.06818186491727829
4,88,1113,4.9790451157605276e-05,1.2144076824188232,0.00023656651319470257,0.06741577386856079
4,89,1114,4.979007280780934e-05,1.2163212299346924,0.00023395301832351834,0.06666670739650726
4,90,1115,4.978969809599221e-05,1.216017723083496,0.0002316056634299457,0.06593410670757294
4,91,1116,4.978931974619627e-05,1.2165518999099731,0.00023573926591780037,0.06521743535995483
4,92,1117,4.978894139640033e-05,1.214714527130127,0.00023401313228532672,0.06451617181301117
4,93,1118,4.97885666845832e-05,1.2168713808059692,0.00023152361973188818,0.07446812838315964
4,94,1119,4.9788188334787264e-05,1.2190256118774414,0.0002290865231771022,0.08421056717634201
4,95,1120,4.978780998499133e-05,1.2190349102020264,0.00022685830481350422,0.08333337306976318
4,96,1121,4.978743163519539e-05,1.2204711437225342,0.000231565281865187,0.08247426897287369
4,97,1122,4.978705328539945e-05,1.2206027507781982,0.0002357479534111917,0.08163268864154816
4,98,1123,4.978667129762471e-05,1.2205543518066406,0.00023350857372861356,0.0808081179857254
4,99,1124,4.978629294782877e-05,1.221327543258667,0.00023121703998185694,0.08000003546476364
4,100,1125,4.978591459803283e-05,1.2209856510162354,0.0002291638811584562,0.07920795679092407
4,101,1126,4.9785536248236895e-05,1.219231128692627,0.00022779597202315927,0.07843141257762909
4,102,1127,4.978515426046215e-05,1.2194418907165527,0.0002256862644571811,0.07766994088888168
4,103,1128,4.9784772272687405e-05,1.2193247079849243,0.00022365355107467622,0.07692311704158783
4,104,1129,4.978439028491266e-05,1.2190451622009277,0.00022862284095026553,0.0761905089020729
4,105,1130,4.9784008297137916e-05,1.2209471464157104,0.0002264660142827779,0.0849056988954544
4,106,1131,4.978362630936317e-05,1.22279953956604,0.00022434952552430332,0.09345798194408417
4,107,1132,4.978324432158843e-05,1.2218165397644043,0.00022262209677137434,0.09259262681007385
4,108,1133,4.978286233381368e-05,1.220400094985962,0.00022110092686489224,0.09174315631389618
4,109,1134,4.978248034603894e-05,1.2177233695983887,0.00022293208166956902,0.09090912342071533
4,110,1135,4.9782094720285386e-05,1.2158875465393066,0.000221792419324629,0.09009012579917908
4,111,1136,4.978171273251064e-05,1.2173807621002197,0.00021982562611810863,0.08928574621677399
4,112,1137,4.9781330744735897e-05,1.2173523902893066,0.00021800375543534756,0.08849561214447021
4,113,1138,4.9780945118982345e-05,1.2186517715454102,0.00021610548719763756,0.08771932870149612
4,114,1139,4.978055949322879e-05,1.219341516494751,0.0002204217598773539,0.08695655316114426
4,115,1140,4.978017750545405e-05,1.2214608192443848,0.00021852157078683376,0.09482762217521667
4,116,1141,4.977978824172169e-05,1.2226765155792236,0.00021666694374289364,0.09401712566614151
4,117,1142,4.977940261596814e-05,1.2243156433105469,0.0002148307830793783,0.10169494897127151
4,118,1143,4.9779016990214586e-05,1.2253310680389404,0.00021304935216903687,0.10084036737680435
4,119,1144,4.9778631364461035e-05,1.2256827354431152,0.0002113330119755119,0.10000003129243851
4,120,1145,4.977824573870748e-05,1.2270129919052124,0.0002095977106364444,0.09917358309030533
4,121,1146,4.9777856474975124e-05,1.2271084785461426,0.00020796581520698965,0.09836068749427795
4,122,1147,4.977747084922157e-05,1.2262201309204102,0.0002065684093395248,0.09756100922822952
4,123,1148,4.977708522346802e-05,1.227790355682373,0.00020490253518801183,0.10483874380588531
4,124,1149,4.977669595973566e-05,1.2276530265808105,0.0002033772470895201,0.1040000319480896
4,125,1150,4.97763066960033e-05,1.2269890308380127,0.00020734319696202874,0.10317463427782059
4,126,1151,4.977592107024975e-05,1.2280974388122559,0.00020572278299368918,0.1023622378706932
4,127,1152,4.977553180651739e-05,1.2289817333221436,0.0002088047913275659,0.10156252980232239
4,128,1153,4.9775142542785034e-05,1.2301971912384033,0.00020719776512123644,0.10077522695064545
4,129,1154,4.9774753279052675e-05,1.2303595542907715,0.00020566536113619804,0.10000003129243851
4,130,1155,4.977436037734151e-05,1.2284245491027832,0.00020522097474895418,0.09923666715621948
4,131,1156,4.977397111360915e-05,1.2285676002502441,0.0002071373601211235,0.09848487377166748
4,132,1157,4.977358184987679e-05,1.230022668838501,0.00020557994139380753,0.0977443978190422
4,133,1158,4.977319258614443e-05,1.2275192737579346,0.00020627639605663717,0.09701496362686157
4,134,1159,4.9772799684433267e-05,1.2277251482009888,0.0002048233727691695,0.09629633277654648
4,135,1160,4.97724067827221e-05,1.2254388332366943,0.00020603588200174272,0.09558826684951782
4,136,1161,4.977201751898974e-05,1.224050760269165,0.0002049847535090521,0.0948905423283577
4,137,1162,4.9771624617278576e-05,1.2217403650283813,0.00020514409698080271,0.0942029356956482
4,138,1163,4.977123171556741e-05,1.2204707860946655,0.0002041840343736112,0.09352521598339081
4,139,1164,4.9770838813856244e-05,1.2209471464157104,0.00020677197608165443,0.09285717457532883
4,140,1165,4.977044227416627e-05,1.2208569049835205,0.00020541009143926203,0.09219861775636673
4,141,1166,4.977005301043391e-05,1.221145510673523,0.00020402608788572252,0.0915493294596672
4,142,1167,4.976965647074394e-05,1.221691370010376,0.000202631315914914,0.09090912342071533
4,143,1168,4.976926356903277e-05,1.2200560569763184,0.00020206545013934374,0.09027781337499619
4,144,1169,4.97688670293428e-05,1.2198092937469482,0.00020515426876954734,0.08965520560741425
4,145,1170,4.9768474127631634e-05,1.217628836631775,0.00020502961706370115,0.08904112875461578
4,146,1171,4.976808122592047e-05,1.2166591882705688,0.00020746307563968003,0.08843540400266647
4,147,1172,4.976768104825169e-05,1.2147060632705688,0.0002088338223984465,0.08783786743879318
4,148,1173,4.976728814654052e-05,1.2161614894866943,0.00020743225468322635,0.0939597636461258
4,149,1174,4.976689160685055e-05,1.214844822883606,0.00020668770594056696,0.09333336353302002
4,150,1175,4.9766495067160577e-05,1.2162971496582031,0.00020531890913844109,0.09933777898550034
4,151,1176,4.9766098527470604e-05,1.2171845436096191,0.000208977609872818,0.09868424385786057
4,152,1177,4.9765698349801823e-05,1.2181532382965088,0.00020762148778885603,0.09803924709558487
4,153,1178,4.976530181011185e-05,1.2172075510025024,0.0002090117341140285,0.09740262478590012
4,154,1179,4.976490163244307e-05,1.2161797285079956,0.0002080700360238552,0.09677422791719437
4,155,1180,4.97645050927531e-05,1.2159706354141235,0.000210541213164106,0.0961538776755333
4,156,1181,4.976411219104193e-05,1.216820240020752,0.0002092101494781673,0.09554143249988556
4,157,1182,4.9763708375394344e-05,1.2150146961212158,0.00021058274433016777,0.09493673592805862
4,158,1183,4.9763308197725564e-05,1.2150739431381226,0.00020932385814376175,0.09433965384960175
4,159,1184,4.9762908020056784e-05,1.2164356708526611,0.00020801558275707066,0.10000002384185791
4,160,1185,4.976251148036681e-05,1.2165956497192383,0.00020678190048784018,0.09937890619039536
4,161,1186,4.9762107664719224e-05,1.2150319814682007,0.0002062501444015652,0.09876545518636703
4,162,1187,4.9761707487050444e-05,1.215738296508789,0.00020500202663242817,0.09815952926874161
4,163,1188,4.9761307309381664e-05,1.2167277336120605,0.00020376069005578756,0.09756100177764893
4,164,1189,4.9760907131712884e-05,1.2166714668273926,0.00020261408644728363,0.09696972370147705
4,165,1190,4.9760503316065297e-05,1.216772437095642,0.00020508274610619992,0.09638556838035583
4,166,1191,4.9760103138396516e-05,1.2179744243621826,0.00020385470998007804,0.10179643332958221
4,167,1192,4.975969932274893e-05,1.2178288698196411,0.00020642449089791626,0.10119049996137619
4,168,1193,4.975929550710134e-05,1.2187426090240479,0.00020521169062703848,0.100591741502285
4,169,1194,4.975889532943256e-05,1.219517707824707,0.00020830181892961264,0.10000002384185791
4,170,1195,4.9758491513784975e-05,1.2197591066360474,0.0002112214860972017,0.09941522777080536
4,171,1196,4.975808769813739e-05,1.2196643352508545,0.0002101020945701748,0.0988372340798378
4,172,1197,4.975768024451099e-05,1.2185075283050537,0.00020943846902810037,0.09826591610908508
4,173,1198,4.975728006684221e-05,1.2168335914611816,0.00021072821982670575,0.09770116955041885
4,174,1199,4.975687261321582e-05,1.2168755531311035,0.00020959394169040024,0.09714288264513016
4,175,1200,4.975646879756823e-05,1.2157559394836426,0.00020891643362119794,0.09659092873334885
4,176,1201,4.9756064981920645e-05,1.214216947555542,0.00020856910850852728,0.09604521840810776
4,177,1202,4.975566116627306e-05,1.2148727178573608,0.00021140837634447962,0.09550563991069794
4,178,1203,4.975525371264666e-05,1.213728427886963,0.00021309976000338793,0.09497208893299103
4,179,1204,4.975484625902027e-05,1.2121491432189941,0.00021411728812381625,0.09444446861743927
4,180,1205,4.9754438805393875e-05,1.2110111713409424,0.0002158588176826015,0.0939226746559143
4,181,1206,4.975403498974629e-05,1.2109804153442383,0.00021475707762874663,0.09340661764144897
4,182,1207,4.975362753611989e-05,1.2109326124191284,0.00021365481370594352,0.09289619326591492
4,183,1208,4.97532200824935e-05,1.2120696306228638,0.000212493643630296,0.09782610833644867
4,184,1209,4.9752812628867105e-05,1.211584210395813,0.00021502442541532218,0.0972973182797432
4,185,1210,4.97524015372619e-05,1.212821125984192,0.00021386839216575027,0.102150559425354
4,186,1211,4.975199408363551e-05,1.2118033170700073,0.00021325320994947106,0.10160429775714874
4,187,1212,4.975158299203031e-05,1.2126529216766357,0.000212127371923998,0.10106384754180908
4,188,1213,4.975117553840391e-05,1.2123475074768066,0.0002143384626833722,0.10052911937236786
4,189,1214,4.975076444679871e-05,1.2116258144378662,0.00021614247816614807,0.10000001639127731
4,190,1215,4.975035335519351e-05,1.2127220630645752,0.0002150108339264989,0.10471206158399582
4,191,1216,4.9749945901567116e-05,1.2114174365997314,0.00021467410260811448,0.10416668653488159
4,192,1217,4.9749534809961915e-05,1.2125873565673828,0.00021356478100642562,0.10362696647644043
4,193,1218,4.9749123718356714e-05,1.2134953737258911,0.00021246870164759457,0.10309280455112457
4,194,1219,4.974871626473032e-05,1.2135183811187744,0.00021145395294297487,0.10256411880254745
4,195,1220,4.974830153514631e-05,1.214475154876709,0.0002103751030517742,0.107142873108387
4,196,1221,4.97478868055623e-05,1.212845802307129,0.00021103626932017505,0.10659900307655334
4,197,1222,4.97474757139571e-05,1.2119557857513428,0.00021297045168466866,0.10606062412261963
4,198,1223,4.97470646223519e-05,1.2117366790771484,0.0002145161561202258,0.10552765429019928
4,199,1224,4.97466535307467e-05,1.2125163078308105,0.00021344891865737736,0.10500001907348633
4,200,1225,4.974623516318388e-05,1.2135257720947266,0.00021238697809167206,0.1094527542591095
4,201,1226,4.9745820433599874e-05,1.2124440670013428,0.0002139458665624261,0.10891091078519821
4,202,1227,4.974540934199467e-05,1.2127450704574585,0.0002151307708118111,0.10837440192699432
4,203,1228,4.9744994612410665e-05,1.211451530456543,0.00021629859111271799,0.10784315317869186
4,204,1229,4.9744579882826656e-05,1.2115263938903809,0.00021528653451241553,0.10731709003448486
4,205,1230,4.974416515324265e-05,1.2100416421890259,0.0002154543180949986,0.10679613798856735
4,206,1231,4.9743754061637446e-05,1.2103688716888428,0.00021754161571152508,0.10628021508455276
4,207,1232,4.9743332056095824e-05,1.2110859155654907,0.00021650291455443949,0.10576924681663513
4,208,1233,4.974292096449062e-05,1.2102859020233154,0.00021841650595888495,0.10526317358016968
4,209,1234,4.9742498958949e-05,1.21127450466156,0.00021737642236985266,0.10952382534742355
4,210,1235,4.974208422936499e-05,1.2102978229522705,0.00021678541088476777,0.10900475829839706
4,211,1236,4.9741665861802176e-05,1.2102625370025635,0.0002187207865063101,0.10849058628082275
4,212,1237,4.974125113221817e-05,1.2090718746185303,0.00021840809495188296,0.10798124223947525
4,213,1238,4.974083276465535e-05,1.2097868919372559,0.00022053709835745394,0.10747665166854858
4,214,1239,4.9740414397092536e-05,1.210496187210083,0.00021951849339529872,0.10697676241397858
4,215,1240,4.973999602952972e-05,1.210618495941162,0.00021854833175893873,0.10648149996995926
4,216,1241,4.9739577661966905e-05,1.209974765777588,0.0002178061695303768,0.10599079728126526
4,217,1242,4.973915929440409e-05,1.2101693153381348,0.00021687219850718975,0.1055046021938324
4,218,1243,4.9738740926841274e-05,1.2100086212158203,0.00021881022257730365,0.1050228476524353
4,219,1244,4.973831892129965e-05,1.210503101348877,0.00021782852127216756,0.1045454740524292
4,220,1245,4.9737900553736836e-05,1.210554838180542,0.00021690211724489927,0.10407241433858871
4,221,1246,4.973747854819521e-05,1.2114894390106201,0.00021592507255263627,0.10810812562704086
4,222,1247,4.973705654265359e-05,1.212424874305725,0.00021495680266525596,0.11210764199495316
4,223,1248,4.9736638175090775e-05,1.2120137214660645,0.00021657744946423918,0.1116071566939354
4,224,1249,4.973621616954915e-05,1.213120937347412,0.00021561942412517965,0.1111111268401146
4,225,1250,4.973579416400753e-05,1.2137995958328247,0.00021467189071699977,0.11061948537826538
4,226,1251,4.973537215846591e-05,1.213904857635498,0.00021377296070568264,0.11013217270374298
4,227,1252,4.9734950152924284e-05,1.2145065069198608,0.0002128420164808631,0.10964913666248322
4,228,1253,4.973452814738266e-05,1.215174913406372,0.0002119188429787755,0.1091703251004219
4,229,1254,4.973410250386223e-05,1.213847041130066,0.00021259512868709862,0.10869567096233368
4,230,1255,4.973368049832061e-05,1.213889718055725,0.000214197498280555,0.10822512209415436
4,231,1256,4.973325849277899e-05,1.2145737409591675,0.0002132781082764268,0.10775863379240036
4,232,1257,4.973283284925856e-05,1.215181827545166,0.00021236922475509346,0.10729615390300751
4,233,1258,4.9732410843716934e-05,1.2155932188034058,0.00021459067647811025,0.10683762282133102
4,234,1259,4.97319815622177e-05,1.2149648666381836,0.0002139147836714983,0.10638299584388733
4,235,1260,4.973155591869727e-05,1.214923620223999,0.00021306982671376318,0.10593222081661224
4,236,1261,4.9731133913155645e-05,1.2156952619552612,0.00021217457833699882,0.10548524558544159
4,237,1262,4.9730708269635215e-05,1.2165133953094482,0.00021128308435436338,0.1092437133193016
4,238,1263,4.9730282626114786e-05,1.2163337469100952,0.0002104803133988753,0.10878662765026093
4,239,1264,4.9729856982594356e-05,1.2150578498840332,0.0002106388274114579,0.10833334922790527
4,240,1265,4.972942770109512e-05,1.2157515287399292,0.00020976856467314065,0.10788383334875107
4,241,1266,4.972900205757469e-05,1.2163772583007812,0.00020890694577246904,0.10743803530931473
4,242,1267,4.972857277607545e-05,1.2150442600250244,0.00020901981042698026,0.10699590295553207
4,243,1268,4.9728143494576216e-05,1.215553879737854,0.00020818891061935574,0.10655739158391953
4,244,1269,4.972771421307698e-05,1.214389443397522,0.00020910179591737688,0.1061224639415741
4,245,1270,4.972728493157774e-05,1.2143096923828125,0.00021065681357868016,0.10569107532501221
4,246,1271,4.972685928805731e-05,1.2142939567565918,0.0002098640106851235,0.10526317358016968
4,247,1272,4.9726430006558076e-05,1.2135018110275269,0.00021060628932900727,0.10483872145414352
4,248,1273,4.972600072505884e-05,1.2136058807373047,0.00021153624402359128,0.10441768914461136
4,249,1274,4.97255714435596e-05,1.2135376930236816,0.00021074857795611024,0.1040000170469284
4,250,1275,4.9725142162060365e-05,1.2140796184539795,0.0002099148405250162,0.10358567535877228
4,251,1276,4.972471288056113e-05,1.2133009433746338,0.0002094145747832954,0.1031746193766594
4,252,1277,4.972428359906189e-05,1.213294267654419,0.0002109614433720708,0.10276681184768677
4,253,1278,4.972385067958385e-05,1.213205337524414,0.00021019679843448102,0.10236222296953201
4,254,1279,4.972342139808461e-05,1.213897466659546,0.00020937729277648032,0.10196080058813095
4,255,1280,4.972298484062776e-05,1.2142536640167236,0.0002113065420417115,0.1015625149011612
5,0,1281,4.972255555912852e-05,1.3247078657150269,0.00048637896543368697,4.498567317268165e-12
5,1,1282,4.972212263965048e-05,1.2646503448486328,0.00025016465224325657,6.412505637598542e-09
5,2,1283,4.972168608219363e-05,1.314731478691101,0.0001667765318416059,0.3333333432674408
5,3,1284,4.9721253162715584e-05,1.2882435321807861,0.00012857021647505462,0.25
5,4,1285,4.972082388121635e-05,1.3053983449935913,0.00010314313840353861,0.20000001788139343
5,5,1286,4.97203909617383e-05,1.287771463394165,8.836138295009732e-05,0.1666666865348816
5,6,1287,4.971995440428145e-05,1.2611087560653687,8.130164496833459e-05,0.142857164144516
5,7,1288,4.971952148480341e-05,1.2556052207946777,7.224129512906075e-05,0.1250000149011612
5,8,1289,4.971908492734656e-05,1.2277904748916626,7.290719076991081e-05,0.1111111268401146
5,9,1290,4.9718648369889706e-05,1.2413582801818848,6.576685700565577e-05,0.10000002384185791
5,10,1291,4.971821908839047e-05,1.2418177127838135,6.0425121773732826e-05,0.09090911597013474
5,11,1292,4.971777889295481e-05,1.2597951889038086,5.542904182220809e-05,0.08333336561918259
5,12,1293,4.971734233549796e-05,1.2610816955566406,9.884789324132726e-05,0.07692310214042664
5,13,1294,4.971690577804111e-05,1.2492552995681763,9.502311877440661e-05,0.07142859697341919
5,14,1295,4.971646922058426e-05,1.257104754447937,8.87565256562084e-05,0.06666669994592667
5,15,1296,4.971603266312741e-05,1.2526968717575073,8.428921864833683e-05,0.06250002980232239
5,16,1297,4.971559246769175e-05,1.2607433795928955,7.935164467198774e-05,0.05882355570793152
5,17,1298,4.9715159548213705e-05,1.2548539638519287,7.613483467139304e-05,0.05555558204650879
5,18,1299,4.971471935277805e-05,1.2558917999267578,0.00010516621841816232,0.05263160541653633
5,19,1300,4.971427915734239e-05,1.2498962879180908,0.00012962683103978634,0.05000002309679985
5,20,1301,4.971384259988554e-05,1.251410722732544,0.00012374113430269063,0.04761907085776329
5,21,1302,4.971340604242869e-05,1.2365028858184814,0.00013245409354567528,0.045454565435647964
5,22,1303,4.971296220901422e-05,1.2350187301635742,0.00012728272122330964,0.04347828030586243
5,23,1304,4.971252565155737e-05,1.2260878086090088,0.00012575539585668594,0.04166668653488159
5,24,1305,4.971208545612171e-05,1.2251613140106201,0.00012128136586397886,0.04000001773238182
5,25,1306,4.971164162270725e-05,1.2316148281097412,0.00011665358761092648,0.03846156597137451
5,26,1307,4.971120142727159e-05,1.230417251586914,0.00011292588897049427,0.037037063390016556
5,27,1308,4.971076123183593e-05,1.2286951541900635,0.00013031958951614797,0.03571430966258049
5,28,1309,4.9710321036400273e-05,1.217213749885559,0.00013897988537792116,0.03448278456926346
5,29,1310,4.9709880840964615e-05,1.2256367206573486,0.0001343515468761325,0.033333372324705124
5,30,1311,4.970943336957134e-05,1.2191396951675415,0.00015095820708665997,0.03225810453295708
5,31,1312,4.9708993174135685e-05,1.2206337451934814,0.0001690955541562289,0.031250037252902985
5,32,1313,4.970854934072122e-05,1.2219719886779785,0.00018731856835074723,0.030303066596388817
5,33,1314,4.970810914528556e-05,1.226043939590454,0.00018185190856456757,0.02941180393099785
5,34,1315,4.9707665311871096e-05,1.2165815830230713,0.00018754156189970672,0.028571465983986855
5,35,1316,4.970722147845663e-05,1.2094780206680298,0.00018587011436466128,0.027777813374996185
5,36,1317,4.970677400706336e-05,1.2011733055114746,0.0001863876823335886,0.027027063071727753
5,37,1318,4.97063338116277e-05,1.2037804126739502,0.00019813724793493748,0.026315823197364807
5,38,1319,4.970588634023443e-05,1.2080813646316528,0.0001930832804646343,0.02564106322824955
5,39,1320,4.9705442506819963e-05,1.2126431465148926,0.0001882743090391159,0.025000041350722313
5,40,1321,4.97049986734055e-05,1.2161340713500977,0.00018371945770923048,0.024390287697315216
5,41,1322,4.970454756403342e-05,1.2101480960845947,0.00019154383335262537,0.023809567093849182
5,42,1323,4.9704103730618954e-05,1.2150412797927856,0.00018708933203015476,0.04651167243719101
5,43,1324,4.970365625922568e-05,1.20973539352417,0.00018559435557108372,0.045454587787389755
5,44,1325,4.970320878783241e-05,1.2032411098480225,0.0001903428928926587,0.0444444864988327
5,45,1326,4.970276131643914e-05,1.200412392616272,0.000198387962882407,0.04347830265760422
5,46,1327,4.9702313845045865e-05,1.2005510330200195,0.00019446705118753016,0.04255323112010956
5,47,1328,4.970186637365259e-05,1.1991544961929321,0.0001987709547393024,0.041666705161333084
5,48,1329,4.970142254023813e-05,1.1957696676254272,0.00019631061877589673,0.04081636667251587
5,49,1330,4.970097143086605e-05,1.1970115900039673,0.00019252984202466905,0.04000003635883331
5,50,1331,4.970052032149397e-05,1.1927576065063477,0.00019108608830720186,0.03921572491526604
5,51,1332,4.9700072850100696e-05,1.187222957611084,0.00019127849373035133,0.03846157342195511
5,52,1333,4.9699625378707424e-05,1.185471773147583,0.0001882489596027881,0.03773588687181473
5,53,1334,4.9699174269335344e-05,1.1858224868774414,0.00018501988961361349,0.03703707084059715
5,54,1335,4.969871952198446e-05,1.1893305778503418,0.00018167267262469977,0.03636367619037628
5,55,1336,4.9698272050591186e-05,1.1865220069885254,0.0001897152396850288,0.035714324563741684
5,56,1337,4.9697820941219106e-05,1.1876294612884521,0.00019526045070961118,0.03508775681257248
5,57,1338,4.969736983184703e-05,1.1825876235961914,0.00019742720178328454,0.034482795745134354
5,58,1339,4.9696922360453755e-05,1.1834869384765625,0.00019424280617386103,0.03389834240078926
5,59,1340,4.969646761310287e-05,1.1792585849761963,0.0001940386719070375,0.033333368599414825
5,60,1341,4.969601650373079e-05,1.1745933294296265,0.00019544290262274444,0.03278692066669464
5,61,1342,4.96955617563799e-05,1.1766202449798584,0.00020149312331341207,0.03225810080766678
5,62,1343,4.969511064700782e-05,1.1741738319396973,0.00019962911028414965,0.031746067106723785
5,63,1344,4.9694655899656937e-05,1.174868106842041,0.00020468991715461016,0.031250033527612686
5,64,1345,4.969420479028486e-05,1.1752080917358398,0.00020176108228042722,0.030769264325499535
5,65,1346,4.969375004293397e-05,1.1719481945037842,0.00020580062118824571,0.03030306287109852
5,66,1347,4.9693295295583084e-05,1.1720986366271973,0.00020291977853048593,0.029850779101252556
5,67,1348,4.9692844186211005e-05,1.1747972965240479,0.00019995297770947218,0.02941179648041725
5,68,1349,4.969238943886012e-05,1.1760129928588867,0.00019714920199476182,0.028985537588596344
5,69,1350,4.9691931053530425e-05,1.1786589622497559,0.00019435433205217123,0.028571462258696556
5,70,1351,4.969147630617954e-05,1.1811730861663818,0.00019163804245181382,0.028169050812721252
5,71,1352,4.969102155882865e-05,1.1787853240966797,0.00019015450379811227,0.027777813374996185
5,72,1353,4.969056317349896e-05,1.1748512983322144,0.0001918665657285601,0.027397295460104942
5,73,1354,4.969010842614807e-05,1.172717571258545,0.00019045757653657347,0.027027063071727753
5,74,1355,4.9689653678797185e-05,1.1755435466766357,0.0001879346091300249,0.026666704565286636
5,75,1356,4.9689191655488685e-05,1.1759397983551025,0.00019288156181573868,0.026315826922655106
5,76,1357,4.968873327015899e-05,1.1795451641082764,0.00019772505038417876,0.025974063202738762
5,77,1358,4.9688278522808105e-05,1.1801913976669312,0.0001953220780706033,0.02564106322824955
5,78,1359,4.968782013747841e-05,1.1783838272094727,0.00020131751080043614,0.025316491723060608
5,79,1360,4.968736175214872e-05,1.181034803390503,0.0001988107105717063,0.025000039488077164
5,80,1361,4.968689972884022e-05,1.1774790287017822,0.00020050746388733387,0.024691395461559296
5,81,1362,4.9686441343510523e-05,1.179713249206543,0.00019808037905022502,0.024390283972024918
5,82,1363,4.968597932020202e-05,1.181013822555542,0.00020235813281033188,0.024096425622701645
5,83,1364,4.9685524572851136e-05,1.1777701377868652,0.00020291112014092505,0.023809563368558884
5,84,1365,4.968506618752144e-05,1.1805059909820557,0.00020052392210345715,0.03529415652155876
5,85,1366,4.968460416421294e-05,1.179474115371704,0.00019870474352501333,0.034883759915828705
5,86,1367,4.968414214090444e-05,1.179636001586914,0.00019658661040011793,0.034482795745134354
5,87,1368,4.968368011759594e-05,1.177070140838623,0.00019950669957324862,0.03409094735980034
5,88,1369,4.968321809428744e-05,1.1742966175079346,0.0001992016623262316,0.03370790183544159
5,89,1370,4.968275970895775e-05,1.1761459112167358,0.00019700260600075126,0.033333372324705124
5,90,1371,4.9682297685649246e-05,1.1784865856170654,0.00019484240328893065,0.03296707570552826
5,91,1372,4.968183202436194e-05,1.1783727407455444,0.00019953082664869726,0.03260874003171921
5,92,1373,4.968136636307463e-05,1.1788532733917236,0.0001974691986106336,0.032258108258247375
5,93,1374,4.968090797774494e-05,1.1788756847381592,0.00020511564798653126,0.03191493824124336
5,94,1375,4.968044231645763e-05,1.17946457862854,0.00020815737661905587,0.03157899156212807
5,95,1376,4.967997665517032e-05,1.1767672300338745,0.00020823540398851037,0.03125004097819328
5,96,1377,4.967951826984063e-05,1.1792399883270264,0.00020608863269444555,0.041237153112888336
5,97,1378,4.967905260855332e-05,1.1803641319274902,0.00021015960373915732,0.04081636667251587
5,98,1379,4.9678583309287205e-05,1.1820039749145508,0.00020805253006983548,0.040404077619314194
5,99,1380,4.9678121285978705e-05,1.1803827285766602,0.00020683676120825112,0.04000003635883331
5,100,1381,4.96776556246914e-05,1.1820871829986572,0.00020480374223552644,0.03960399702191353
5,101,1382,4.967718996340409e-05,1.1837499141693115,0.00020281072647776455,0.03921572491526604
5,102,1383,4.967672430211678e-05,1.185767412185669,0.00020084541756659746,0.03883499279618263
5,103,1384,4.967625500285067e-05,1.1854443550109863,0.00020281599427107722,0.038461580872535706
5,104,1385,4.967578934156336e-05,1.1860730648040771,0.0002009319287026301,0.03809528052806854
5,105,1386,4.967532368027605e-05,1.187853217124939,0.00019904349755961448,0.037735894322395325
5,106,1387,4.9674854381009936e-05,1.1857432126998901,0.00019833495025523007,0.037383221089839935
5,107,1388,4.967438871972263e-05,1.1841285228729248,0.00019736278045456856,0.03703708201646805
5,108,1389,4.967391578247771e-05,1.1863943338394165,0.00020154214871581644,0.03669729083776474
5,109,1390,4.96734501211904e-05,1.1837489604949951,0.00020200267317704856,0.03636367991566658
5,110,1391,4.9672980821924284e-05,1.1858545541763306,0.00020018282521050423,0.04504508897662163
5,111,1392,4.967251152265817e-05,1.1856083869934082,0.0002039104438154027,0.04464289918541908
5,112,1393,4.9672042223392054e-05,1.1841182708740234,0.0002028559538302943,0.0442478284239769
5,113,1394,4.967157292412594e-05,1.1817671060562134,0.00020453258184716105,0.04385969042778015
5,114,1395,4.967109998688102e-05,1.181476354598999,0.00020743583445437253,0.04347830265760422
5,115,1396,4.96706306876149e-05,1.1790447235107422,0.00020862938254140317,0.04310349002480507
5,116,1397,4.967016138834879e-05,1.1796458959579468,0.00020691307145170867,0.042735084891319275
5,117,1398,4.966969208908267e-05,1.178309440612793,0.0002059248072328046,0.0423729233443737
5,118,1399,4.9669215513858944e-05,1.1758943796157837,0.0002066941960947588,0.04201684519648552
5,119,1400,4.966874621459283e-05,1.1767330169677734,0.00021023760200478137,0.041666705161333084
5,120,1401,4.966827327734791e-05,1.1752262115478516,0.0002093450166285038,0.04132235422730446
5,121,1402,4.9667800340102986e-05,1.1766674518585205,0.00020764090004377067,0.040983647108078
5,122,1403,4.966733104083687e-05,1.1754379272460938,0.0002065821026917547,0.040650445967912674
5,123,1404,4.966685810359195e-05,1.1772685050964355,0.00020491612667683512,0.048387136310338974
5,124,1405,4.966637789038941e-05,1.176419734954834,0.0002063229912891984,0.0480000376701355
5,125,1406,4.96659085911233e-05,1.1764707565307617,0.0002047796151600778,0.047619085758924484
5,126,1407,4.9665435653878376e-05,1.1766908168792725,0.0002032740303548053,0.047244131565093994
5,127,1408,4.966495907865465e-05,1.176617980003357,0.00020612920343410224,0.046875037252902985
5,128,1409,4.966448250343092e-05,1.1767373085021973,0.0002046448935288936,0.04651166498661041
5,129,1410,4.9664009566185996e-05,1.1745576858520508,0.00020556800882332027,0.04615388438105583
5,130,1411,4.966352935298346e-05,1.1761645078659058,0.00020400556968525052,0.0458015613257885
5,131,1412,4.966305641573854e-05,1.1774485111236572,0.0002073323994409293,0.04545458033680916
5,132,1413,4.9662583478493616e-05,1.1787655353546143,0.00020578480325639248,0.045112818479537964
5,133,1414,4.966210690326989e-05,1.1791503429412842,0.00020870225853286684,0.044776156544685364
5,134,1415,4.966162669006735e-05,1.1782649755477905,0.00021112474496476352,0.044444479048252106
5,135,1416,4.966115011484362e-05,1.1785532236099243,0.0002096803073072806,0.04411768168210983
5,136,1417,4.966067353961989e-05,1.1774266958236694,0.00020878133364021778,0.04379565641283989
5,137,1418,4.9660196964396164e-05,1.1789379119873047,0.00020727855735458434,0.04347829520702362
5,138,1419,4.9659720389172435e-05,1.1801683902740479,0.00020579966076184064,0.043165501207113266
5,139,1420,4.96592401759699e-05,1.1812186241149902,0.0002043493586825207,0.042857177555561066
5,140,1421,4.9658756324788556e-05,1.1824382543563843,0.00020290937391109765,0.04255322366952896
5,141,1422,4.9658279749564826e-05,1.180551528930664,0.0002029367460636422,0.04225355386734009
5,142,1423,4.965779953636229e-05,1.1815617084503174,0.00020152794604655355,0.041958075016736984
5,143,1424,4.9657319323159754e-05,1.183000087738037,0.00020013369794469327,0.041666701436042786
5,144,1425,4.965683910995722e-05,1.1817762851715088,0.00019930917187593877,0.04137934744358063
5,145,1426,4.965635889675468e-05,1.1806254386901855,0.00019852706464007497,0.041095927357673645
5,146,1427,4.9655878683552146e-05,1.180902361869812,0.00019723339937627316,0.04081636294722557
5,147,1428,4.965540210832842e-05,1.1810550689697266,0.0001959914225153625,0.04054057598114014
5,148,1429,4.9654918257147074e-05,1.181377649307251,0.00019473019347060472,0.040268491953611374
5,149,1430,4.965443440596573e-05,1.179502010345459,0.00019474222790449858,0.04000003635883331
5,150,1431,4.965395055478439e-05,1.178855538368225,0.00019376860291231424,0.039735134690999985
5,151,1432,4.965347034158185e-05,1.1796784400939941,0.00019668284221552312,0.03947371989488602
5,152,1433,4.965298649040051e-05,1.1807245016098022,0.000195403175894171,0.03921572118997574
5,153,1434,4.9652502639219165e-05,1.1822764873504639,0.00019413433619774878,0.04545458033680916
5,154,1435,4.965202242601663e-05,1.181443691253662,0.00019648449961096048,0.045161325484514236
5,155,1436,4.9651538574835286e-05,1.1824233531951904,0.00019523300579749048,0.04487182945013046
5,156,1437,4.9651051085675135e-05,1.1835002899169922,0.00019399877055548131,0.044586021453142166
5,157,1438,4.965056723449379e-05,1.1845650672912598,0.0001927839475683868,0.044303830713033676
5,158,1439,4.965008338331245e-05,1.1836893558502197,0.00019200546375941485,0.04402519017457962
5,159,1440,4.96495958941523e-05,1.1848974227905273,0.00019442063057795167,0.043750032782554626
5,160,1441,4.9649112042970955e-05,1.1847351789474487,0.00019330429495312274,0.04347829520702362
5,161,1442,4.9648624553810805e-05,1.1857528686523438,0.00019212032202631235,0.04320991039276123
5,162,1443,4.9648137064650655e-05,1.1850218772888184,0.00019128966960124671,0.04294481873512268
5,163,1444,4.964765321346931e-05,1.1853418350219727,0.00019018322927877307,0.042682960629463196
5,164,1445,4.964716572430916e-05,1.1857633590698242,0.00019307731417939067,0.0424242727458477
5,165,1446,4.964667823514901e-05,1.1857774257659912,0.0001919949718285352,0.04216870665550232
5,166,1447,4.9646187108010054e-05,1.1862188577651978,0.000190888240467757,0.041916199028491974
5,167,1448,4.964570325682871e-05,1.1853762865066528,0.0001901508803712204,0.04166669771075249
5,168,1449,4.964521576766856e-05,1.1853585243225098,0.0001923556555993855,0.04142015054821968
5,169,1450,4.96447246405296e-05,1.186269998550415,0.00019123306265100837,0.04117650166153908
5,170,1451,4.964423715136945e-05,1.1873512268066406,0.0001936420303536579,0.0409357026219368
5,171,1452,4.9643746024230495e-05,1.1882723569869995,0.00019252501078881323,0.04069770500063896
5,172,1453,4.9643258535070345e-05,1.1871705055236816,0.00019197734945919365,0.04046245664358139
5,173,1454,4.9642771045910195e-05,1.1870062351226807,0.00019361029262654483,0.0402299165725708
5,174,1455,4.964227991877124e-05,1.1874215602874756,0.00019254424842074513,0.040000028908252716
5,175,1456,4.964178515365347e-05,1.1857372522354126,0.0001934005122166127,0.03977275639772415
5,176,1457,4.9641294026514515e-05,1.1869158744812012,0.00019230785255786031,0.04519777372479439
5,177,1458,4.9640806537354365e-05,1.1881771087646484,0.00019122747471556067,0.05056183040142059
5,178,1459,4.964031541021541e-05,1.188063144683838,0.00019307108595967293,0.05027936026453972
5,179,1460,4.963982064509764e-05,1.1880710124969482,0.00019208391313441098,0.05000003054738045
5,180,1461,4.9639329517958686e-05,1.1889562606811523,0.00019423500634729862,0.0497237890958786
5,181,1462,4.963883475284092e-05,1.1880478858947754,0.0001936083717737347,0.0494505800306797
5,182,1463,4.9638343625701964e-05,1.1881489753723145,0.00019525067182257771,0.04918035864830017
5,183,1464,4.9637852498563007e-05,1.1873650550842285,0.0001945492986124009,0.04891307279467583
5,184,1465,4.963735773344524e-05,1.1869398355484009,0.00019369088113307953,0.04864867776632309
5,185,1466,4.9636866606306285e-05,1.1874828338623047,0.0001956529449671507,0.04838712885975838
5,186,1467,4.963636820320971e-05,1.1862366199493408,0.00019712935318239033,0.04812837392091751
5,187,1468,4.963587343809195e-05,1.1868377923965454,0.0001993023179238662,0.04787237197160721
5,188,1469,4.9635378672974184e-05,1.1875834465026855,0.00020074007625225931,0.04761907830834389
5,189,1470,4.963488390785642e-05,1.1876981258392334,0.00020279522868804634,0.047368451952934265
5,190,1471,4.963438550475985e-05,1.187878131866455,0.00020454931654967368,0.04712044820189476
5,191,1472,4.9633890739642084e-05,1.1863834857940674,0.00020531658083200455,0.04687502980232239
5,192,1473,4.963339597452432e-05,1.185943603515625,0.000204448529984802,0.046632155776023865
5,193,1474,4.9632901209406555e-05,1.1869511604309082,0.00020339660113677382,0.04639178514480591
5,194,1475,4.963240280630998e-05,1.187513828277588,0.00020540454715956002,0.04615388065576553
5,195,1476,4.963190804119222e-05,1.187906265258789,0.0002073375799227506,0.04591840133070946
5,196,1477,4.963140963809565e-05,1.188281536102295,0.00020950139150954783,0.045685313642024994
5,197,1478,4.9630911234999076e-05,1.1873481273651123,0.00020892058091703802,0.04545458033680916
5,198,1479,4.9630412831902504e-05,1.1858880519866943,0.00020895291527267545,0.045226164162158966
5,199,1480,4.962991442880593e-05,1.1864854097366333,0.00021055103570688516,0.04500003159046173
5,200,1481,4.9629412387730554e-05,1.1866482496261597,0.0002122101723216474,0.044776152819395065
5,201,1482,4.962891398463398e-05,1.1877152919769287,0.00021115964045748115,0.04950498417019844
5,202,1483,4.962841921951622e-05,1.1871379613876343,0.00021031821961514652,0.04926111549139023
5,203,1484,4.962791717844084e-05,1.1882498264312744,0.00020928724552504718,0.05392160266637802
5,204,1485,4.962741513736546e-05,1.1892046928405762,0.00020826816034968942,0.05365857481956482
5,205,1486,4.962691673426889e-05,1.1898568868637085,0.0002072708448395133,0.053398095071315765
5,206,1487,4.962641469319351e-05,1.1903865337371826,0.00020882615353912115,0.05314013361930847
5,207,1488,4.962591265211813e-05,1.190328598022461,0.00020790190319530666,0.052884653210639954
5,208,1489,4.962541424902156e-05,1.1909751892089844,0.00020691353711299598,0.05263161659240723
5,209,1490,4.962490493198857e-05,1.1909375190734863,0.0002059970865957439,0.052380990236997604
5,210,1491,4.96244101668708e-05,1.1895411014556885,0.00020647482597269118,0.0521327368915081
5,211,1492,4.962390448781662e-05,1.190300703048706,0.00020550786575768143,0.05188682675361633
5,212,1493,4.962340244674124e-05,1.1903635263442993,0.00020460947416722775,0.05164323002099991
5,213,1494,4.962289676768705e-05,1.1903401613235474,0.00020372004655655473,0.051401905715465546
5,214,1495,4.9622394726611674e-05,1.1900626420974731,0.00020289051462896168,0.051162827759981155
5,215,1496,4.9621892685536295e-05,1.1897783279418945,0.00020207985653541982,0.05092596262693405
5,216,1497,4.9621390644460917e-05,1.1885697841644287,0.00020299150492064655,0.050691280514001846
5,217,1498,4.962088496540673e-05,1.1880145072937012,0.00020427560957614332,0.05045875161886215
5,218,1499,4.962037564837374e-05,1.1892021894454956,0.00020591661450453103,0.05022834613919258
5,219,1500,4.961986996931955e-05,1.1882898807525635,0.0002054334618151188,0.050000034272670746
5,220,1501,4.9619367928244174e-05,1.1869475841522217,0.000205607371754013,0.04977378994226456
5,221,1502,4.961886224918999e-05,1.187689185142517,0.00020468802540563047,0.04954958334565163
5,222,1503,4.9618352932156995e-05,1.1884350776672363,0.00020377672626636922,0.049327388405799866
5,223,1504,4.9617850891081616e-05,1.1890002489089966,0.00020508341549430043,0.04910717532038689
5,224,1505,4.9617341574048623e-05,1.1886298656463623,0.0002065032604150474,0.0488889217376709
5,225,1506,4.961683225701563e-05,1.188460350036621,0.0002077752142213285,0.04867260158061981
5,226,1507,4.961632293998264e-05,1.1882729530334473,0.00020696021965704858,0.04845818504691124
5,227,1508,4.961581726092845e-05,1.1880837678909302,0.0002084001898765564,0.04824564605951309
5,228,1509,4.9615311581874266e-05,1.1881154775619507,0.00020753481658175588,0.04803496599197388
5,229,1510,4.9614802264841273e-05,1.1880590915679932,0.00020671679521910846,0.047826118767261505
5,230,1511,4.961429294780828e-05,1.1870887279510498,0.00020637984562199563,0.047619082033634186
5,231,1512,4.961377999279648e-05,1.1871721744537354,0.00020803319057449698,0.04741382598876953
5,232,1513,4.961327067576349e-05,1.1859369277954102,0.0002085430605802685,0.04721033200621605
5,233,1514,4.9612761358730495e-05,1.1854100227355957,0.0002098287659464404,0.04700858145952225
5,234,1515,4.96122520416975e-05,1.1848028898239136,0.0002110498899128288,0.04680854454636574
5,235,1516,4.961174272466451e-05,1.1853907108306885,0.00021016178652644157,0.04661020264029503
5,236,1517,4.9611233407631516e-05,1.1860103607177734,0.00020928714366164058,0.04641353338956833
5,237,1518,4.961071681464091e-05,1.185340166091919,0.00020877720089629292,0.046218518167734146
5,238,1519,4.9610207497607917e-05,1.1858878135681152,0.0002096801472362131,0.04602513834834099
5,239,1520,4.9609698180574924e-05,1.1857225894927979,0.00020891716121695936,0.04583336412906647
5,240,1521,4.9609185225563124e-05,1.186249017715454,0.00021037143596913666,0.04564318433403969
5,241,1522,4.9608672270551324e-05,1.1866364479064941,0.00020952305931132287,0.04545457661151886
5,242,1523,4.9608159315539524e-05,1.187184453010559,0.00020867111743427813,0.04526752233505249
5,243,1524,4.9607646360527724e-05,1.1860418319702148,0.0002087291213683784,0.04508199915289879
5,244,1525,4.9607133405515924e-05,1.186362624168396,0.00021063594613224268,0.04489799216389656
5,245,1526,4.9606620450504124e-05,1.1871869564056396,0.00020978125394321978,0.044715482741594315
5,246,1527,4.960610385751352e-05,1.1870348453521729,0.0002109892084263265,0.04453444853425026
5,247,1528,4.960559090250172e-05,1.1860756874084473,0.00021078219288028777,0.0443548746407032
5,248,1529,4.960507794748992e-05,1.185896396636963,0.00021160666074138135,0.04417674243450165
5,249,1530,4.960456135449931e-05,1.1863081455230713,0.00021293549798429012,0.04400003328919411
5,250,1531,4.96040447615087e-05,1.1867042779922485,0.0002142322773579508,0.04382473602890968
5,251,1532,4.9603528168518096e-05,1.1874969005584717,0.00021338360966183245,0.043650828301906586
5,252,1533,4.9603015213506296e-05,1.186910629272461,0.00021281157387420535,0.04347829520702362
5,253,1534,4.960249498253688e-05,1.1873477697372437,0.0002140254364348948,0.043307121843099594
5,254,1535,4.9601978389546275e-05,1.1879717111587524,0.0002131920773535967,0.043137289583683014
5,255,1536,4.960146179655567e-05,1.1879169940948486,0.00021242481307126582,0.042968783527612686
6,0,1537,4.960094520356506e-05,1.2067373991012573,1.1086241102020722e-05,1.7543859698321285e-08
6,1,1538,4.960042497259565e-05,1.2003246545791626,1.2551676263683476e-05,1.5182186174911294e-08
6,2,1539,4.959990837960504e-05,1.1215159893035889,4.9293670599581674e-05,1.051361397941264e-08
6,3,1540,4.959939178661443e-05,1.074965000152588,0.0001379134482704103,7.918362854297811e-09
6,4,1541,4.959886791766621e-05,1.0931086540222168,0.00023104841238819063,6.337597113770244e-09
6,5,1542,4.9598351324675605e-05,1.1008366346359253,0.0001968069700524211,6.434746957495463e-09
6,6,1543,4.9597834731685e-05,1.070896863937378,0.00021906656911596656,5.552108994777427e-09
6,7,1544,4.9597314500715584e-05,1.1084647178649902,0.00019172890461049974,6.735806579172277e-08
6,8,1545,4.959679426974617e-05,1.1384586095809937,0.0001705220784060657,7.376272037618037e-08
6,9,1546,4.9596274038776755e-05,1.1438438892364502,0.00015487393829971552,6.766850191297635e-08
6,10,1547,4.9595750169828534e-05,1.1332690715789795,0.00014787644613534212,6.171316613290401e-08
6,11,1548,4.959522993885912e-05,1.1384029388427734,0.00013673797366209328,5.76387790829358e-08
6,12,1549,4.95947060699109e-05,1.1415636539459229,0.00012751875328831375,5.404114844509422e-08
6,13,1550,4.9594185838941485e-05,1.1239430904388428,0.0001473940210416913,5.018988247229572e-08
6,14,1551,4.959366560797207e-05,1.1427066326141357,0.00013756778207607567,0.06666671484708786
6,15,1552,4.959314173902385e-05,1.1501588821411133,0.00012943317415192723,0.06250004470348358
6,16,1553,4.959261787007563e-05,1.1547144651412964,0.00012240350770298392,0.05882357060909271
6,17,1554,4.959209400112741e-05,1.141144871711731,0.00012517248978838325,0.05555559694766998
6,18,1555,4.9591570132179186e-05,1.1530859470367432,0.00014029940939508379,0.05263161659240723
6,19,1556,4.959104990120977e-05,1.155205249786377,0.0001340395538136363,0.050000034272670746
6,20,1557,4.959052239428274e-05,1.1599998474121094,0.00012800148397218436,0.047619082033634186
6,21,1558,4.958999852533452e-05,1.1603672504425049,0.0001473844749853015,0.04545457661151886
6,22,1559,4.95894746563863e-05,1.1639723777770996,0.00014128349721431732,0.04347829148173332
6,23,1560,4.958895078743808e-05,1.1670777797698975,0.00013567678979597986,0.04166669771075249
6,24,1561,4.958842691848986e-05,1.170741081237793,0.0001305276236962527,0.040000028908252716
6,25,1562,4.958789941156283e-05,1.17375648021698,0.00012578244786709547,0.03846156597137451
6,26,1563,4.95873719046358e-05,1.1835066080093384,0.0001447501708753407,0.037037063390016556
6,27,1564,4.9586844397708774e-05,1.1861813068389893,0.00013981631491333246,0.03571430966258049
6,28,1565,4.9586316890781745e-05,1.1884865760803223,0.00013523304369300604,0.03448278456926346
6,29,1566,4.958578938385472e-05,1.188478708267212,0.00013120280345901847,0.03333335742354393
6,30,1567,4.958526187692769e-05,1.1810667514801025,0.00013114270404912531,0.032258085906505585
6,31,1568,4.958473437000066e-05,1.1820509433746338,0.0001272748486371711,0.03125002235174179
6,32,1569,4.958420686307363e-05,1.1799588203430176,0.00013649176980834454,0.030303051695227623
6,33,1570,4.9583679356146604e-05,1.1772723197937012,0.00013372994726523757,0.029411785304546356
6,34,1571,4.9583151849219576e-05,1.184281587600708,0.00012990909453947097,0.02857144922018051
6,35,1572,4.958262070431374e-05,1.186102271080017,0.00012649504060391337,0.02777779847383499
6,36,1573,4.9582089559407905e-05,1.1934120655059814,0.00013757296255789697,0.02702704630792141
6,37,1574,4.9581562052480876e-05,1.1939282417297363,0.0001491100701969117,0.026315808296203613
6,38,1575,4.958103090757504e-05,1.1971967220306396,0.0001600936084287241,0.025641044601798058
6,39,1576,4.9580499762669206e-05,1.1985766887664795,0.00015625369269400835,0.025000017136335373
6,40,1577,4.957997225574218e-05,1.203798770904541,0.00015244263340719044,0.04878050461411476
6,41,1578,4.957944111083634e-05,1.2012423276901245,0.00016224922728724778,0.047619063407182693
6,42,1579,4.95789063279517e-05,1.2006473541259766,0.00017269882664550096,0.04651164636015892
6,43,1580,4.9578375183045864e-05,1.1946029663085938,0.00017193937674164772,0.045454561710357666
6,44,1581,4.957784040016122e-05,1.1894195079803467,0.00017036717326845974,0.04444446042180061
6,45,1582,4.9577309255255386e-05,1.1837542057037354,0.00017629051581025124,0.04347827658057213
6,46,1583,4.957677811034955e-05,1.185257911682129,0.00017268213559873402,0.04255320504307747
6,47,1584,4.957624332746491e-05,1.1865437030792236,0.00016922978102229536,0.04166668280959129
6,48,1585,4.957571218255907e-05,1.1877167224884033,0.00016592565225437284,0.04081634059548378
6,49,1586,4.957517739967443e-05,1.1853127479553223,0.00016352359671145678,0.04000001400709152
6,50,1587,4.957464261678979e-05,1.1840105056762695,0.00016094467719085515,0.03921569883823395
6,51,1588,4.957410419592634e-05,1.1879791021347046,0.00015784958668518811,0.05769232288002968
6,52,1589,4.95735730510205e-05,1.1910037994384766,0.00015489963698200881,0.05660379305481911
6,53,1590,4.957303826813586e-05,1.1941401958465576,0.00015204265946522355,0.05555557832121849
6,54,1591,4.957250348525122e-05,1.1886615753173828,0.00015513243852183223,0.05454547703266144
6,55,1592,4.957196506438777e-05,1.1919517517089844,0.00015237554907798767,0.05357145518064499
6,56,1593,4.9571430281503126e-05,1.1918094158172607,0.0001499613863416016,0.05263160541653633
6,57,1594,4.9570891860639676e-05,1.1928215026855469,0.0001474935415899381,0.051724161952733994
6,58,1595,4.9570357077755034e-05,1.1883889436721802,0.00015191678539849818,0.050847481936216354
6,59,1596,4.9569818656891584e-05,1.187296986579895,0.00014984465087763965,0.05000002309679985
6,60,1597,4.9569280236028135e-05,1.1835665702819824,0.00015462804003618658,0.049180351197719574
6,61,1598,4.9568741815164685e-05,1.1837122440338135,0.00015236149192787707,0.04838712140917778
6,62,1599,4.9568203394301236e-05,1.184853434562683,0.00015005750174168497,0.04761907085776329
6,63,1600,4.956766861141659e-05,1.1847952604293823,0.00015609487309120595,0.04687502235174179
6,64,1601,4.9567130190553144e-05,1.1805615425109863,0.00015723780961707234,0.04615386947989464
6,65,1602,4.9566591769689694e-05,1.1811487674713135,0.00016060785856097937,0.045454565435647964
6,66,1603,4.956604971084744e-05,1.1776237487792969,0.0001600608229637146,0.04477614164352417
6,67,1604,4.956551128998399e-05,1.1771395206451416,0.00016688418691046536,0.04411766678094864
6,68,1605,4.956497286912054e-05,1.176299810409546,0.00016486202366650105,0.04347828030586243
6,69,1606,4.9564427172299474e-05,1.1774293184280396,0.00017191583174280822,0.04285716265439987
6,70,1607,4.956388511345722e-05,1.1780729293823242,0.00017716210277285427,0.04225354269146919
6,71,1608,4.956334669259377e-05,1.1758953332901,0.0001757030258886516,0.04166668653488159
6,72,1609,4.956280463375151e-05,1.1751227378845215,0.00017364294035360217,0.04109590873122215
6,73,1610,4.9562262574909255e-05,1.1778011322021484,0.0001713064411887899,0.04054056480526924
6,74,1611,4.9561720516067e-05,1.1761208772659302,0.000169822815223597,0.04000002145767212
6,75,1612,4.956117845722474e-05,1.173164963722229,0.00016967576812021434,0.03947370499372482
6,76,1613,4.9560636398382485e-05,1.1759017705917358,0.0001674722007010132,0.051948077976703644
6,77,1614,4.956009433954023e-05,1.172703504562378,0.00016767915803939104,0.05128207430243492
6,78,1615,4.9559548642719164e-05,1.1755290031433105,0.00016555663023609668,0.06329116225242615
6,79,1616,4.955900658387691e-05,1.1721537113189697,0.000166207057191059,0.06250002235174179
6,80,1617,4.9558460887055844e-05,1.1701163053512573,0.0001652417704463005,0.06172841787338257
6,81,1618,4.955791882821359e-05,1.1710009574890137,0.0001633148785913363,0.060975633561611176
6,82,1619,4.9557373131392524e-05,1.1719114780426025,0.00016143344691954553,0.060240987688302994
6,83,1620,4.955683107255027e-05,1.1687066555023193,0.00016374759434256703,0.05952383205294609
6,84,1621,4.9556281737750396e-05,1.1714835166931152,0.00016182113904505968,0.07058826088905334
6,85,1622,4.955573604092933e-05,1.1683186292648315,0.0001627951132832095,0.06976746767759323
6,86,1623,4.9555193982087076e-05,1.1691534519195557,0.00016100546054076403,0.06896553933620453
6,87,1624,4.9554644647287205e-05,1.1672565937042236,0.00016010800027288496,0.0681818425655365
6,88,1625,4.9554095312487334e-05,1.1674718856811523,0.00015847018221393228,0.067415751516819
6,89,1626,4.955354961566627e-05,1.167508602142334,0.00016237929230555892,0.06666668504476547
6,90,1627,4.9553003918845206e-05,1.1683534383773804,0.00016067083925008774,0.06593408435583115
6,91,1628,4.955245822202414e-05,1.1667827367782593,0.00016457270248793066,0.06521741300821304
6,92,1629,4.9551905249245465e-05,1.1663126945495605,0.00016713097284082323,0.06451614946126938
6,93,1630,4.9551355914445594e-05,1.1667301654815674,0.00016550566942896694,0.06382980942726135
6,94,1631,4.955081021762453e-05,1.1665631532669067,0.00016983953537419438,0.06315791606903076
6,95,1632,4.955026088282466e-05,1.169019341468811,0.00016807037172839046,0.07291668653488159
6,96,1633,4.954970791004598e-05,1.1710608005523682,0.00016634732310194522,0.07216496765613556
6,97,1634,4.954916221322492e-05,1.1711071729660034,0.00016945913375820965,0.07142858952283859
6,98,1635,4.954860924044624e-05,1.1717180013656616,0.00016781987505964935,0.07070709019899368
6,99,1636,4.954805990564637e-05,1.1723785400390625,0.00016621375107206404,0.07000002264976501
6,100,1637,4.95475105708465e-05,1.1727617979049683,0.00016933257575146854,0.06930694729089737
6,101,1638,4.954695759806782e-05,1.1699886322021484,0.0001701734436210245,0.06862746924161911
6,102,1639,4.954640462528914e-05,1.170182704925537,0.0001686588511802256,0.067961186170578
6,103,1640,4.954585529048927e-05,1.1722991466522217,0.0001720378058962524,0.06730771064758301
6,104,1641,4.954530231771059e-05,1.172290325164795,0.00017053625197149813,0.06666668504476547
6,105,1642,4.9544749344931915e-05,1.1749950647354126,0.00017390200810041279,0.06603775173425674
6,106,1643,4.9544200010132045e-05,1.1723880767822266,0.0001743602624628693,0.06542057543992996
6,107,1644,4.954364339937456e-05,1.1739258766174316,0.00017735434812493622,0.06481483578681946
6,108,1645,4.954309042659588e-05,1.174560785293579,0.0001757940190145746,0.06422019749879837
6,109,1646,4.9542537453817204e-05,1.175864577293396,0.0001790982933016494,0.06363637745380402
6,110,1647,4.9541984481038526e-05,1.1769824028015137,0.0001824124192353338,0.06306307762861252
6,111,1648,4.954142787028104e-05,1.1749162673950195,0.00018439072300679982,0.0625000149011612
6,112,1649,4.954087489750236e-05,1.1725678443908691,0.0001842175261117518,0.06194692105054855
6,113,1650,4.954031828674488e-05,1.1735985279083252,0.0001872697175713256,0.06140352413058281
6,114,1651,4.95397653139662e-05,1.1726709604263306,0.00018601532792672515,0.06086958199739456
6,115,1652,4.9539208703208715e-05,1.173180341720581,0.00018447285401634872,0.060344845056533813
6,116,1653,4.953864845447242e-05,1.1737818717956543,0.00018825297593139112,0.05982907488942146
6,117,1654,4.9538095481693745e-05,1.175727367401123,0.0001866576203610748,0.06779662519693375
6,118,1655,4.953753887093626e-05,1.1755483150482178,0.00018527841893956065,0.06722690910100937
6,119,1656,4.9536982260178775e-05,1.1746324300765991,0.00018765419372357428,0.06666668504476547
6,120,1657,4.953642201144248e-05,1.1725201606750488,0.00018771662143990397,0.06611571460962296
6,121,1658,4.953586176270619e-05,1.1731138229370117,0.00018623708456289023,0.0655737891793251
6,122,1659,4.9535305151948705e-05,1.1749130487442017,0.0001847229723352939,0.0731707438826561
6,123,1660,4.953474854119122e-05,1.1735141277313232,0.0001873313740361482,0.07258065789937973
6,124,1661,4.9534191930433735e-05,1.1732960939407349,0.0001898965856526047,0.07200001180171967
6,125,1662,4.953363168169744e-05,1.1739603281021118,0.00018844670557882637,0.07142858952283859
6,126,1663,4.953307143296115e-05,1.1752519607543945,0.00018698250642046332,0.070866160094738
6,127,1664,4.953251118422486e-05,1.1759788990020752,0.0001855741284089163,0.0703125149011612
6,128,1665,4.9531954573467374e-05,1.174349308013916,0.0001849617692641914,0.06976746022701263
6,129,1666,4.9531390686752275e-05,1.1731133460998535,0.0001841804332798347,0.06923078745603561
6,130,1667,4.953083407599479e-05,1.1736738681793213,0.00018282985547557473,0.06870230287313461
6,131,1668,4.953027018927969e-05,1.1718859672546387,0.00018433653167448938,0.0681818351149559
6,132,1669,4.95297099405434e-05,1.1700761318206787,0.0001860499760368839,0.06766919046640396
6,133,1670,4.9529149691807106e-05,1.1692209243774414,0.00018864433513954282,0.06716419011354446
6,134,1671,4.952858580509201e-05,1.1699745655059814,0.00018729524163063616,0.06666667759418488
6,135,1672,4.952802191837691e-05,1.1693334579467773,0.00018957743304781616,0.06617648154497147
6,136,1673,4.952745803166181e-05,1.168166160583496,0.00018880603602156043,0.0656934455037117
6,137,1674,4.952689414494671e-05,1.1690977811813354,0.00018745800480246544,0.06521740555763245
6,138,1675,4.952633389621042e-05,1.168346643447876,0.00018934832769446075,0.06474821269512177
6,139,1676,4.952577000949532e-05,1.1693271398544312,0.00019200204405933619,0.06428572535514832
6,140,1677,4.952520612278022e-05,1.168116807937622,0.0001912417938001454,0.06382980197668076
6,141,1678,4.952464223606512e-05,1.1695901155471802,0.00018990124226547778,0.06338029354810715
6,142,1679,4.952407471137121e-05,1.170148253440857,0.00018862378783524036,0.06293707340955734
6,143,1680,4.9523510824656114e-05,1.1702063083648682,0.00018739665392786264,0.0625000149011612
6,144,1681,4.9522946937941015e-05,1.1697275638580322,0.00018973495753016323,0.06206898018717766
6,145,1682,4.952237941324711e-05,1.1680266857147217,0.00019111495930701494,0.061643850058317184
6,146,1683,4.952181552653201e-05,1.1672677993774414,0.00019007996888831258,0.061224501579999924
6,147,1684,4.9521244363859296e-05,1.1677607297897339,0.00018884375458583236,0.06081082299351692
6,148,1685,4.95206804771442e-05,1.1666250228881836,0.00018814054783433676,0.06040269881486893
6,149,1686,4.952011295245029e-05,1.16660737991333,0.00019036157755181193,0.060000013560056686
6,150,1687,4.9519545427756384e-05,1.1650736331939697,0.00019164248078595847,0.05960266292095184
6,151,1688,4.951897790306248e-05,1.1634325981140137,0.00019155361223965883,0.05921053886413574
6,152,1689,4.9518406740389764e-05,1.1645822525024414,0.00019031151896342635,0.058823540806770325
6,153,1690,4.9517842853674665e-05,1.1656394004821777,0.00019222547416575253,0.05844157189130783
6,154,1691,4.951727169100195e-05,1.1657536029815674,0.00019107863772660494,0.058064527809619904
6,155,1692,4.9516704166308045e-05,1.1666302680969238,0.00019350678485352546,0.05769231915473938
6,156,1693,4.951613300363533e-05,1.167724370956421,0.00019228375458624214,0.0573248527944088
6,157,1694,4.9515565478941426e-05,1.1682274341583252,0.00019110942957922816,0.0569620355963707
6,158,1695,4.951499431626871e-05,1.1683485507965088,0.00019333790987730026,0.05660378560423851
6,159,1696,4.9514426791574806e-05,1.1682782173156738,0.00019224709831178188,0.056250013411045074
6,160,1697,4.951385562890209e-05,1.168335199356079,0.00019114036695100367,0.055900633335113525
6,161,1698,4.951328082825057e-05,1.1694101095199585,0.00018996954895555973,0.055555567145347595
6,162,1699,4.951270966557786e-05,1.1681852340698242,0.00018946678028441966,0.055214736610651016
6,163,1700,4.951214214088395e-05,1.1691193580627441,0.00018832000205293298,0.05487805977463722
6,164,1701,4.951156734023243e-05,1.1675118207931519,0.0001885457313619554,0.05454546585679054
6,165,1702,4.951099253958091e-05,1.1664564609527588,0.0001879796473076567,0.05421688035130501
6,166,1703,4.95104213769082e-05,1.1658062934875488,0.00018970353994518518,0.05389222875237465
6,167,1704,4.9509850214235485e-05,1.1662659645080566,0.0001886172394733876,0.053571440279483795
6,168,1705,4.9509275413583964e-05,1.16731858253479,0.00018750986782833934,0.053254447877407074
6,169,1706,4.950870425091125e-05,1.1674511432647705,0.0001864846854005009,0.05294118821620941
6,170,1707,4.950812945025973e-05,1.1687204837799072,0.00018539413576945662,0.05847954377532005
6,171,1708,4.950755828758702e-05,1.169344425201416,0.0001873288711067289,0.05813954770565033
6,172,1709,4.950697984895669e-05,1.1706912517547607,0.00018840564007405192,0.057803478091955185
6,173,1710,4.950640504830517e-05,1.1716419458389282,0.00018733258184511214,0.057471275329589844
6,174,1711,4.950583024765365e-05,1.172001838684082,0.00018630220438353717,0.057142868638038635
6,175,1712,4.950525180902332e-05,1.1717171669006348,0.00018539716256782413,0.05681819096207619
6,176,1713,4.95046770083718e-05,1.1726784706115723,0.00018435815582051873,0.05649718642234802
6,177,1714,4.950409856974147e-05,1.173921823501587,0.00018332243780605495,0.06179776415228844
6,178,1715,4.950352376908995e-05,1.174989938735962,0.0001823004276957363,0.061452530324459076
6,179,1716,4.9502945330459625e-05,1.1750261783599854,0.00018136831931769848,0.061111126095056534
6,180,1717,4.95023668918293e-05,1.1751954555511475,0.00018043635645881295,0.060773495584726334
6,181,1718,4.9501792091177776e-05,1.1756079196929932,0.00017948397726286203,0.0604395754635334
6,182,1719,4.950121365254745e-05,1.175649642944336,0.00017858055070973933,0.06010930612683296
6,183,1720,4.950063521391712e-05,1.176094889640808,0.00018072884995490313,0.05978262424468994
6,184,1721,4.9500056775286794e-05,1.1753246784210205,0.00018014051602222025,0.05945947393774986
6,185,1722,4.9499478336656466e-05,1.174206256866455,0.00017976437811739743,0.05913979932665825
6,186,1723,4.949889626004733e-05,1.1753559112548828,0.0001788030785974115,0.06417113542556763
6,187,1724,4.9498317821417004e-05,1.1741710901260376,0.00017843660316430032,0.06382980197668076
6,188,1725,4.9497739382786676e-05,1.1744372844696045,0.00017754361033439636,0.06349208205938339
6,189,1726,4.949715730617754e-05,1.1747561693191528,0.0001766460482031107,0.06315790861845016
6,190,1727,4.949658250552602e-05,1.175689697265625,0.00017572955403011292,0.06282723695039749
6,191,1728,4.949599679093808e-05,1.1757707595825195,0.00017486521392129362,0.0625000149011612
6,192,1729,4.9495414714328945e-05,1.1758897304534912,0.00017402197408955544,0.0621761791408062
6,193,1730,4.949483627569862e-05,1.1756479740142822,0.0001732489326968789,0.06185568496584892
6,194,1731,4.949425419908948e-05,1.1756161451339722,0.00017243259935639799,0.06153847649693489
6,195,1732,4.949366848450154e-05,1.175049066543579,0.00017397996271029115,0.06122450530529022
6,196,1733,4.9493086407892406e-05,1.1758551597595215,0.0001731045776978135,0.06091371923685074
6,197,1734,4.949250433128327e-05,1.1766782999038696,0.00017223815666511655,0.06060607358813286
6,198,1735,4.949192225467414e-05,1.1772823333740234,0.00017381001089233905,0.060301523655653
6,199,1736,4.9491340178065e-05,1.1776347160339355,0.0001754193363012746,0.060000013560056686
6,200,1737,4.949075446347706e-05,1.1765456199645996,0.00017512742488179356,0.05970150604844093
6,201,1738,4.949016874888912e-05,1.176788091659546,0.00017429313447792083,0.05940595641732216
6,202,1739,4.9489586672279984e-05,1.1773158311843872,0.00017751748964656144,0.05911331623792648
6,203,1740,4.948900095769204e-05,1.1783794164657593,0.00017664729966782033,0.06372550129890442
6,204,1741,4.94884152431041e-05,1.1787002086639404,0.0001758188009262085,0.06341464817523956
6,205,1742,4.948782952851616e-05,1.1797232627868652,0.00017742672935128212,0.06310681253671646
6,206,1743,4.948724381392822e-05,1.1802494525909424,0.00017910375026986003,0.06280194967985153
6,207,1744,4.9486658099340275e-05,1.17912757396698,0.00017886495334096253,0.0625000149011612
6,208,1745,4.948607238475233e-05,1.1798853874206543,0.00017801646026782691,0.06220097094774246
6,209,1746,4.9485483032185584e-05,1.179709792137146,0.00017968306201510131,0.061904776841402054
6,210,1747,4.9484893679618835e-05,1.1785707473754883,0.00017939938697963953,0.06161138787865639
6,211,1748,4.9484304327052087e-05,1.1781256198883057,0.00017871783347800374,0.06132076680660248
6,212,1749,4.948372225044295e-05,1.1780998706817627,0.0001779325248207897,0.06103287637233734
6,213,1750,4.94831328978762e-05,1.1783347129821777,0.0001771345268934965,0.060747675597667694
6,214,1751,4.948253990733065e-05,1.1788852214813232,0.00017872352327685803,0.06046513095498085
6,215,1752,4.9481954192742705e-05,1.1791067123413086,0.00017792906146496534,0.06018519774079323
6,216,1753,4.9481368478154764e-05,1.1777658462524414,0.00017825094982981682,0.05990784615278244
6,217,1754,4.948077548760921e-05,1.1765289306640625,0.00017822040535975248,0.0596330389380455
6,218,1755,4.948018613504246e-05,1.1774592399597168,0.00017740661860443652,0.06392695009708405
6,219,1756,4.947959678247571e-05,1.1784889698028564,0.00017660020967014134,0.0681818276643753
6,220,1757,4.947900742990896e-05,1.1790688037872314,0.00017813098384067416,0.06787331402301788
6,221,1758,4.9478414439363405e-05,1.177776575088501,0.00017830831347964704,0.06756757944822311
6,222,1759,4.947782144881785e-05,1.1777913570404053,0.00017756882880348712,0.06726458668708801
6,223,1760,4.947722845827229e-05,1.1765267848968506,0.00017769058467820287,0.0669642984867096
6,224,1761,4.9476639105705544e-05,1.176517128944397,0.00017915194621309638,0.06666667759418488
6,225,1762,4.947604247718118e-05,1.1768088340759277,0.00017839012434706092,0.06637169420719147
6,226,1763,4.947545312461443e-05,1.1767582893371582,0.0001776796707417816,0.06607931107282639
6,227,1764,4.9474860134068877e-05,1.1765038967132568,0.00017701875185593963,0.06578948348760605
6,228,1765,4.947427078150213e-05,1.1760492324829102,0.00017819265485741198,0.06550219655036926
6,229,1766,4.9473674152977765e-05,1.176731824874878,0.00017742440104484558,0.06521740555763245
6,230,1767,4.94730775244534e-05,1.176842451095581,0.00017669933731667697,0.06493508070707321
6,231,1768,4.9472484533907846e-05,1.1770389080047607,0.0001759796286933124,0.06465518474578857
6,232,1769,4.947189154336229e-05,1.1769905090332031,0.00017528551688883454,0.06437769532203674
6,233,1770,4.947129491483793e-05,1.1758450269699097,0.0001752750831656158,0.06410257518291473
6,234,1771,4.947070192429237e-05,1.1764419078826904,0.00017677935829851776,0.06382980197668076
6,235,1772,4.9470108933746815e-05,1.1767762899398804,0.00017605273751541972,0.06355933099985123
6,236,1773,4.946951230522245e-05,1.1763429641723633,0.0001771679671946913,0.06329115480184555
6,237,1774,4.946891567669809e-05,1.1771637201309204,0.00017642512102611363,0.06302522867918015
6,238,1775,4.9468319048173726e-05,1.1777396202087402,0.00017765439406502992,0.06276152282953262
6,239,1776,4.9467718781670555e-05,1.1765568256378174,0.00017812750593293458,0.0625000149011612
6,240,1777,4.9467125791125e-05,1.1757780313491821,0.00017777364701032639,0.06224067881703377
6,241,1778,4.946652552462183e-05,1.1748137474060059,0.00017760542687028646,0.061983488500118256
6,242,1779,4.9465928896097466e-05,1.1751055717468262,0.00017690406821202487,0.06172841042280197
6,243,1780,4.9465328629594296e-05,1.1753103733062744,0.00017620873404666781,0.06147542595863342
6,244,1781,4.946473200106993e-05,1.1754875183105469,0.00017553090583533049,0.06122450530529022
6,245,1782,4.946413173456676e-05,1.1757378578186035,0.00017484743148088455,0.06097562611103058
6,246,1783,4.94635351060424e-05,1.1748955249786377,0.0001745723420754075,0.060728758573532104
6,247,1784,4.946293483953923e-05,1.1748919486999512,0.00017393904272466898,0.060483887791633606
6,248,1785,4.946233457303606e-05,1.17519211769104,0.00017326886882074177,0.0602409802377224
6,249,1786,4.946173430653289e-05,1.1752043962478638,0.0001746912021189928,0.060000013560056686
6,250,1787,4.946113040205091e-05,1.175957441329956,0.0001739952276693657,0.06374503672122955
6,251,1788,4.946053377352655e-05,1.174876093864441,0.000174739834619686,0.06349208205938339
6,252,1789,4.945992986904457e-05,1.1742119789123535,0.00017434702022001147,0.06324112415313721
6,253,1790,4.94593296025414e-05,1.1748073101043701,0.00017516632215119898,0.0629921406507492
6,254,1791,4.945872933603823e-05,1.1744441986083984,0.0001763527689035982,0.0627451166510582
6,255,1792,4.9458125431556255e-05,1.1746830940246582,0.00017569166084285825,0.0625000149011612
7,0,1793,4.945752152707428e-05,1.3393206596374512,1.529090695839841e-06,1.2499998547355062e-07
7,1,1794,4.945692126057111e-05,1.3255596160888672,1.5040737935123616e-06,1.2499998547355062e-07
7,2,1795,4.945631735608913e-05,1.3335185050964355,1.2566383702505846e-06,1.6666665203501907e-07
7,3,1796,4.945571345160715e-05,1.3378816843032837,1.1318636552459793e-06,1.8749997821032593e-07
7,4,1797,4.9455109547125176e-05,1.2852836847305298,9.354481881018728e-05,1.5000746600435377e-07
7,5,1798,4.94545056426432e-05,1.257366418838501,8.275295840576291e-05,1.2607145549736742e-07
7,6,1799,4.945390173816122e-05,1.2546920776367188,7.192196790128946e-05,1.1172424763117306e-07
7,7,1800,4.945329419570044e-05,1.2728815078735352,6.293176556937397e-05,0.12500010430812836
7,8,1801,4.945269029121846e-05,1.2316025495529175,9.757664520293474e-05,0.11111120134592056
7,9,1802,4.945209002471529e-05,1.207068920135498,9.711946040624753e-05,0.10000008344650269
7,10,1803,4.9451482482254505e-05,1.2009131908416748,0.0001464099041186273,0.09090916812419891
7,11,1804,4.945087493979372e-05,1.209030032157898,0.00017507754091639072,0.08333340287208557
7,12,1805,4.9450267397332937e-05,1.2059133052825928,0.00016271439380943775,0.07692313939332962
7,13,1806,4.944965985487215e-05,1.2082550525665283,0.00015158118912950158,0.07142863422632217
7,14,1807,4.9449055950390175e-05,1.1919136047363281,0.00014915672363713384,0.06666672229766846
7,15,1808,4.9448444769950584e-05,1.2000916004180908,0.00017185043543577194,0.06250005215406418
7,16,1809,4.9447840865468606e-05,1.193913459777832,0.00018228143744636327,0.05882357805967331
7,17,1810,4.9447229685029015e-05,1.1928699016571045,0.00017298912280239165,0.05555560067296028
7,18,1811,4.9446618504589424e-05,1.2008678913116455,0.0001933283929247409,0.052631624042987823
7,19,1812,4.944601096212864e-05,1.1918611526489258,0.0001869776751846075,0.05000004172325134
7,20,1813,4.9445403419667855e-05,1.1797690391540527,0.000185145327122882,0.047619085758924484
7,21,1814,4.944479587720707e-05,1.167255163192749,0.00019122078083455563,0.04545458406209946
7,22,1815,4.944418469676748e-05,1.174654245376587,0.00020676522399298847,0.04347829893231392
7,23,1816,4.944357351632789e-05,1.183759093284607,0.00021774448396172374,0.041666701436042786
7,24,1817,4.9442962335888296e-05,1.1887309551239014,0.00022953216102905571,0.040000032633543015
7,25,1818,4.944235479342751e-05,1.1943881511688232,0.00022076141613069922,0.03846157342195511
7,26,1819,4.9441739975009114e-05,1.193636178970337,0.00022978600463829935,0.03703707084059715
7,27,1820,4.944113243254833e-05,1.1992146968841553,0.00022161335800774395,0.03571432828903198
7,28,1821,4.944052125210874e-05,1.1988270282745361,0.00021438830299302936,0.03448279947042465
7,29,1822,4.9439910071669146e-05,1.193385124206543,0.0002088556211674586,0.033333372324705124
7,30,1823,4.943929525325075e-05,1.1848171949386597,0.00020676838175859302,0.03225810453295708
7,31,1824,4.943868043483235e-05,1.176882266998291,0.00021095594274811447,0.031250037252902985
7,32,1825,4.943806925439276e-05,1.1768333911895752,0.00020499856327660382,0.030303066596388817
7,33,1826,4.943745443597436e-05,1.1686303615570068,0.00020844241953454912,0.02941180020570755
7,34,1827,4.943684325553477e-05,1.1609643697738647,0.00021170581749174744,0.028571462258696556
7,35,1828,4.943622843711637e-05,1.164565920829773,0.0002199786831624806,0.027777811512351036
7,36,1829,4.943561361869797e-05,1.1618454456329346,0.00021525047486647964,0.027027059346437454
7,37,1830,4.943499880027957e-05,1.162333369255066,0.0002099757839459926,0.026315821334719658
7,38,1831,4.943438761983998e-05,1.163722276687622,0.00021673929586540908,0.025641055777668953
7,39,1832,4.9433769163442776e-05,1.156945824623108,0.00021918315906077623,0.025000030174851418
7,40,1833,4.943315434502438e-05,1.1577203273773193,0.00021418859250843525,0.024390272796154022
7,41,1834,4.943253952660598e-05,1.1561181545257568,0.00020995350496377796,0.02380955219268799
7,42,1835,4.943192107020877e-05,1.1603353023529053,0.0002051054616458714,0.0232558436691761
7,43,1836,4.9431306251790375e-05,1.1557539701461792,0.00020933838095515966,0.022727303206920624
7,44,1837,4.943068779539317e-05,1.1555143594741821,0.0002161984157282859,0.022222250699996948
7,45,1838,4.943006933899596e-05,1.1570162773132324,0.00021165143698453903,0.021739158779382706
7,46,1839,4.942945088259876e-05,1.1605234146118164,0.00020717474399134517,0.021276626735925674
7,47,1840,4.942883606418036e-05,1.1648354530334473,0.00020286647486500442,0.020833373069763184
7,48,1841,4.9428217607783154e-05,1.1649067401885986,0.00019901906489394605,0.020408201962709427
7,49,1842,4.942759915138595e-05,1.1594045162200928,0.00019916309975087643,0.020000038668513298
7,50,1843,4.9426977057009935e-05,1.162223219871521,0.00019528617849573493,0.01960788294672966
7,51,1844,4.942635860061273e-05,1.1577860116958618,0.0001941296213772148,0.019230809062719345
7,52,1845,4.942573650623672e-05,1.1531864404678345,0.00019336841069161892,0.018867962062358856
7,53,1846,4.942511804983951e-05,1.1488598585128784,0.00019282044377177954,0.018518555909395218
7,54,1847,4.9424499593442306e-05,1.1504416465759277,0.00018944375915452838,0.018181854858994484
7,55,1848,4.9423873861087486e-05,1.1536309719085693,0.00018607405945658684,0.017857182770967484
7,56,1849,4.942325904266909e-05,1.1514228582382202,0.00018392971833236516,0.01754389889538288
7,57,1850,4.9422636948293075e-05,1.1555852890014648,0.00018862623255699873,0.01724141836166382
7,58,1851,4.942201485391706e-05,1.1595126390457153,0.00018542917678132653,0.03389834612607956
7,59,1852,4.942139275954105e-05,1.162626028060913,0.000182364194188267,0.03333337604999542
7,60,1853,4.942077066516504e-05,1.1627321243286133,0.0001796137512428686,0.03278692811727524
7,61,1854,4.9420148570789024e-05,1.1654253005981445,0.00017674133414402604,0.032258111983537674
7,62,1855,4.9419522838434204e-05,1.1612168550491333,0.00017891908646561205,0.03174607828259468
7,63,1856,4.9418897106079385e-05,1.1586498022079468,0.0001774176344042644,0.03125004470348358
7,64,1857,4.941827501170337e-05,1.1591176986694336,0.00017491413746029139,0.03076927550137043
7,65,1858,4.941765291732736e-05,1.158268690109253,0.00017279680469073355,0.030303074046969414
7,66,1859,4.941703082295135e-05,1.1593754291534424,0.00017032343021128327,0.029850788414478302
7,67,1860,4.941640509059653e-05,1.1604682207107544,0.00016792156384326518,0.029411807656288147
7,68,1861,4.941577935824171e-05,1.1576303243637085,0.00016714210505597293,0.02898554876446724
7,69,1862,4.941515362588689e-05,1.1600630283355713,0.00016477613826282322,0.02857147343456745
7,70,1863,4.941452789353207e-05,1.1623239517211914,0.00016959334607236087,0.02816905826330185
7,71,1864,4.941389852319844e-05,1.162489891052246,0.0001674420782364905,0.027777820825576782
7,72,1865,4.941327642882243e-05,1.163529396057129,0.00016524706734344363,0.02739730291068554
7,73,1866,4.94126470584888e-05,1.1656451225280762,0.00016303433221764863,0.0270270723849535
7,74,1867,4.941202132613398e-05,1.1641532182693481,0.0001669095945544541,0.026666712015867233
7,75,1868,4.941139559377916e-05,1.1640281677246094,0.00017110157932620496,0.026315832510590553
7,76,1869,4.9410766223445535e-05,1.1606860160827637,0.00017223831673618406,0.02597406879067421
7,77,1870,4.9410140491090715e-05,1.162894606590271,0.00017004951951093972,0.025641070678830147
7,78,1871,4.940951112075709e-05,1.1636695861816406,0.0001679938577581197,0.025316501036286354
7,79,1872,4.940888175042346e-05,1.1655867099761963,0.00016591293388046324,0.02500004693865776
7,80,1873,4.940825601806864e-05,1.1664669513702393,0.000163948570843786,0.024691404774785042
7,81,1874,4.94076193717774e-05,1.1681848764419556,0.0001678823318798095,0.024390289559960365
7,82,1875,4.940699363942258e-05,1.165238380432129,0.00016740316641516984,0.024096431210637093
7,83,1876,4.9406364269088954e-05,1.167543888092041,0.00017129398474935442,0.02380956895649433
7,84,1877,4.940573489875533e-05,1.1676301956176758,0.00016944576054811478,0.023529456928372383
7,85,1878,4.940510189044289e-05,1.1677711009979248,0.0001676313258940354,0.023255858570337296
7,86,1879,4.9404472520109266e-05,1.1685395240783691,0.00016578924260102212,0.02298855036497116
7,87,1880,4.940383951179683e-05,1.171885371208191,0.00016953414888121188,0.02272731624543667
7,88,1881,4.9403210141463205e-05,1.1725720167160034,0.00016770773800089955,0.022471953183412552
7,89,1882,4.940257713315077e-05,1.1694954633712769,0.00016947313270065933,0.022222263738512993
7,90,1883,4.9401947762817144e-05,1.1707957983016968,0.00017162715084850788,0.021978063508868217
7,91,1884,4.940131475450471e-05,1.170344352722168,0.00017000909429043531,0.02173917181789875
7,92,1885,4.9400681746192276e-05,1.1704047918319702,0.00017310719704255462,0.021505417302250862
7,93,1886,4.940004873787984e-05,1.1738412380218506,0.00017533627396915108,0.02127663604915142
7,94,1887,4.93994120915886e-05,1.1710401773452759,0.00017521345580462366,0.02105267159640789
7,95,1888,4.9398782721254975e-05,1.1732598543167114,0.00017882604151964188,0.020833373069763184
7,96,1889,4.9398146074963734e-05,1.172123670578003,0.00018193491268903017,0.02061859518289566
7,97,1890,4.939750942867249e-05,1.1733183860778809,0.00018523215840104967,0.020408201962709427
7,98,1891,4.939687642036006e-05,1.173914909362793,0.00018343457486480474,0.02020205929875374
7,99,1892,4.9396243412047625e-05,1.1732813119888306,0.00018184231885243207,0.020000038668513298
7,100,1893,4.9395603127777576e-05,1.174763560295105,0.00018435181118547916,0.019802017137408257
7,101,1894,4.939497011946514e-05,1.174513339996338,0.00018268088751938194,0.01960788108408451
7,102,1895,4.93943334731739e-05,1.1760698556900024,0.00018092196842189878,0.01941751502454281
7,103,1896,4.939369682688266e-05,1.1732769012451172,0.00018153621931560338,0.019230809062719345
7,104,1897,4.939306018059142e-05,1.1738433837890625,0.00017987530736718327,0.019047657027840614
7,105,1898,4.939242353430018e-05,1.1757702827453613,0.00017817836487665772,0.028301924467086792
7,106,1899,4.939178688800894e-05,1.1780412197113037,0.00017981226847041398,0.0280374214053154
7,107,1900,4.9391150241717696e-05,1.1758464574813843,0.0001794576528482139,0.027777815237641335
7,108,1901,4.939050995744765e-05,1.1772351264953613,0.00017782502982299775,0.027522975578904152
7,109,1902,4.93898696731776e-05,1.1747961044311523,0.00017752940766513348,0.027272766456007957
7,110,1903,4.938923302688636e-05,1.1747475862503052,0.00017605797620490193,0.027027064934372902
7,111,1904,4.938859638059512e-05,1.175072431564331,0.00017883122200146317,0.026785751804709435
7,112,1905,4.938795609632507e-05,1.175703763961792,0.00018176628509536386,0.026548709720373154
7,113,1906,4.9387312174076214e-05,1.1759021282196045,0.00018432634533382952,0.026315826922655106
7,114,1907,4.9386671889806166e-05,1.176861047744751,0.00018720535445027053,0.026086993515491486
7,115,1908,4.938603160553612e-05,1.17474365234375,0.00018855338566936553,0.025862105190753937
7,116,1909,4.938539132126607e-05,1.1760679483413696,0.0001869547995738685,0.0256410650908947
7,117,1910,4.938475103699602e-05,1.1760953664779663,0.00018548761727288365,0.025423765182495117
7,118,1911,4.9384110752725974e-05,1.1763412952423096,0.00018804887076839805,0.025210119783878326
7,119,1912,4.938346683047712e-05,1.176438570022583,0.00019064973457716405,0.025000035762786865
7,120,1913,4.938283018418588e-05,1.1757228374481201,0.0001928542333189398,0.02479342371225357
7,121,1914,4.938218626193702e-05,1.177755355834961,0.00019422484911046922,0.024590201675891876
7,122,1915,4.938154233968817e-05,1.1760340929031372,0.00019545287068467587,0.02439028024673462
7,123,1916,4.938089841743931e-05,1.177260398864746,0.00019388904911465943,0.02419358491897583
7,124,1917,4.9380254495190457e-05,1.1765010356903076,0.00019264468573965132,0.02400003746151924
7,125,1918,4.93796105729416e-05,1.1743197441101074,0.0001935239852173254,0.023809559643268585
7,126,1919,4.9378966650692746e-05,1.173458456993103,0.00019560990040190518,0.02362208440899849
7,127,1920,4.937832272844389e-05,1.1720292568206787,0.00019474400323815644,0.023437537252902985
7,128,1921,4.9377678806195036e-05,1.171950101852417,0.00019334614626131952,0.0232558511197567
7,129,1922,4.937703124596737e-05,1.1736516952514648,0.00019530838471837342,0.02307695895433426
7,130,1923,4.937638368573971e-05,1.1746699810028076,0.00019748717022594064,0.022900797426700592
7,131,1924,4.9375739763490856e-05,1.174707055091858,0.0001960631925612688,0.022727306932210922
7,132,1925,4.9375095841242e-05,1.1761207580566406,0.00019459472969174385,0.022556427866220474
7,133,1926,4.937444828101434e-05,1.1769413948059082,0.0001970033918041736,0.022388096898794174
7,134,1927,4.9373800720786676e-05,1.1750973463058472,0.00019655688083730638,0.022222258150577545
7,135,1928,4.9373153160559013e-05,1.1750177145004272,0.00019521499052643776,0.02205885946750641
7,136,1929,4.937250923831016e-05,1.1745681762695312,0.00019721357966773212,0.021897844970226288
7,137,1930,4.9371861678082496e-05,1.1725983619689941,0.0001970109879039228,0.021739166229963303
7,138,1931,4.9371210479876027e-05,1.1740752458572388,0.0001955964253284037,0.021582771092653275
7,139,1932,4.937056655762717e-05,1.1723074913024902,0.00019508079276420176,0.021428611129522324
7,140,1933,4.93699153594207e-05,1.1731982231140137,0.000197179353563115,0.02127663418650627
7,141,1934,4.936926416121423e-05,1.1711682081222534,0.0001977604115381837,0.021126799285411835
7,142,1935,4.936862023896538e-05,1.1722317934036255,0.00019638790399767458,0.020979061722755432
7,143,1936,4.936796904075891e-05,1.1737569570541382,0.00019502409850247204,0.027777817100286484
7,144,1937,4.936731784255244e-05,1.17428457736969,0.00019372766837477684,0.02758624590933323
7,145,1938,4.936666300636716e-05,1.1740829944610596,0.00019253323262091726,0.02739729918539524
7,146,1939,4.93660154461395e-05,1.1723804473876953,0.00019351133960299194,0.02721092291176319
7,147,1940,4.936536424793303e-05,1.172567367553711,0.00019225364667363465,0.027027064934372902
7,148,1941,4.936471304972656e-05,1.1707322597503662,0.0001929552381625399,0.026845676824450493
7,149,1942,4.936406185152009e-05,1.1695001125335693,0.000192097679246217,0.026666704565286636
7,150,1943,4.936341065331362e-05,1.1695462465286255,0.00019091766444034874,0.02649010345339775
7,151,1944,4.9362755817128345e-05,1.1689563989639282,0.00019186182180419564,0.026315826922655106
7,152,1945,4.9362104618921876e-05,1.1696712970733643,0.00019348590285517275,0.02614382840692997
7,153,1946,4.93614497827366e-05,1.1701202392578125,0.00019227538723498583,0.025974063202738762
7,154,1947,4.936079858453013e-05,1.1688145399093628,0.00019170412269886583,0.02580648846924305
7,155,1948,4.936014738632366e-05,1.1698293685913086,0.00019359738507773727,0.02564106322824955
7,156,1949,4.9359492550138384e-05,1.1694254875183105,0.00019254256039857864,0.02547774277627468
7,157,1950,4.935883771395311e-05,1.1682677268981934,0.00019191557657904923,0.025316491723060608
7,158,1951,4.935818287776783e-05,1.1665091514587402,0.00019201409304514527,0.025157269090414047
7,159,1952,4.9357528041582555e-05,1.1678001880645752,0.00019081399659626186,0.031250037252902985
7,160,1953,4.935686956741847e-05,1.1692471504211426,0.00018963066395372152,0.031055938452482224
7,161,1954,4.9356214731233194e-05,1.1694620847702026,0.0001913105370476842,0.030864235013723373
7,162,1955,4.935555989504792e-05,1.1707077026367188,0.0001901391224237159,0.0306748878210783
7,163,1956,4.935490505886264e-05,1.1710844039916992,0.00019184272969141603,0.030487844720482826
7,164,1957,4.935424658469856e-05,1.169877529144287,0.00019131528097204864,0.030303070321679115
7,165,1958,4.935359174851328e-05,1.169344186782837,0.00019303688895888627,0.030120521783828735
7,166,1959,4.935292963637039e-05,1.1697428226470947,0.00019192446779925376,0.029940159991383553
7,167,1960,4.9352274800185114e-05,1.1681462526321411,0.00019176118075847626,0.029761943966150284
7,168,1961,4.935161632602103e-05,1.168555736541748,0.00019066958338953555,0.029585838317871094
7,169,1962,4.935095785185695e-05,1.1673977375030518,0.00019160722149536014,0.02941180393099785
7,170,1963,4.935030301567167e-05,1.1678916215896606,0.00019051623530685902,0.029239805415272713
7,171,1964,4.934964454150759e-05,1.1686136722564697,0.0001921959628816694,0.0290698055177927
7,172,1965,4.93489860673435e-05,1.1689729690551758,0.00019112398149445653,0.02890177257359028
7,173,1966,4.934832395520061e-05,1.1674349308013916,0.0001917614135891199,0.028735671192407608
7,174,1967,4.934766548103653e-05,1.168198823928833,0.000190679871593602,0.028571465983986855
7,175,1968,4.934700336889364e-05,1.1684105396270752,0.00018963715410791337,0.02840912900865078
7,176,1969,4.934634125675075e-05,1.168409824371338,0.000188645557500422,0.028248624876141548
7,177,1970,4.934567914460786e-05,1.1668336391448975,0.00018871232168748975,0.02808992564678192
7,178,1971,4.9345017032464966e-05,1.1666252613067627,0.00019040339975617826,0.027932997792959213
7,179,1972,4.934435855830088e-05,1.1662323474884033,0.00019169639563187957,0.027777815237641335
7,180,1973,4.934369644615799e-05,1.1647536754608154,0.00019238365348428488,0.02762434631586075
7,181,1974,4.93430343340151e-05,1.165162444114685,0.0001913639425765723,0.027472564950585365
7,182,1975,4.934237222187221e-05,1.1647276878356934,0.0001928360143210739,0.027322441339492798
7,183,1976,4.934171010972932e-05,1.1650128364562988,0.00019182643154636025,0.027173949405550957
7,184,1977,4.934104435960762e-05,1.1649675369262695,0.00019087818509433419,0.027027063071727753
7,185,1978,4.934038224746473e-05,1.1656055450439453,0.00019241846166551113,0.026881756260991096
7,186,1979,4.933972013532184e-05,1.165090799331665,0.00019345912733115256,0.0267380028963089
7,187,1980,4.933905438520014e-05,1.1636979579925537,0.00019396128482185304,0.02659578062593937
7,188,1981,4.9338388635078445e-05,1.1646488904953003,0.00019293896912131459,0.026455063372850418
7,189,1982,4.933772288495675e-05,1.1649060249328613,0.00019412397523410618,0.026315826922655106
7,190,1983,4.933705713483505e-05,1.1640305519104004,0.00019351266382727772,0.02617804706096649
7,191,1984,4.933639502269216e-05,1.1634488105773926,0.00019478503963910043,0.026041703298687935
7,192,1985,4.933572927257046e-05,1.1643869876861572,0.00019378065189812332,0.025906773284077644
7,193,1986,4.933506352244876e-05,1.165165901184082,0.00019555602921172976,0.02577323280274868
7,194,1987,4.9334397772327065e-05,1.1651415824890137,0.0001946258416865021,0.02564106322824955
7,195,1988,4.9333724746247754e-05,1.1640894412994385,0.0001940500078490004,0.025510240346193314
7,196,1989,4.933306263410486e-05,1.1626873016357422,0.00019408200751058757,0.025380747392773628
7,197,1990,4.933239324600436e-05,1.1629784107208252,0.00019313718075864017,0.025252562016248703
7,198,1991,4.933172749588266e-05,1.164431095123291,0.00019463896751403809,0.025125663727521896
7,199,1992,4.9331058107782155e-05,1.163164734840393,0.0001953093451447785,0.025000035762786865
7,200,1993,4.933039235766046e-05,1.164027452468872,0.0001973472535610199,0.024875657632946968
7,201,1994,4.9329719331581146e-05,1.1637599468231201,0.00019650018657557666,0.024752510711550713
7,202,1995,4.932905358145945e-05,1.1634700298309326,0.0001982421090360731,0.024630576372146606
7,203,1996,4.932838419335894e-05,1.1637778282165527,0.00019729952327907085,0.024509839713573456
7,204,1997,4.932771480525844e-05,1.1629407405853271,0.0001967186399269849,0.02439027838408947
7,205,1998,4.932704541715793e-05,1.1616334915161133,0.00019641529070213437,0.024271879345178604
7,206,1999,4.932637239107862e-05,1.161982774734497,0.00019550183787941933,0.024154623970389366
7,207,2000,4.9325703002978116e-05,1.1621482372283936,0.00019459560280665755,0.024038495495915413
7,208,2001,4.932503361487761e-05,1.1621780395507812,0.00019373107352294028,0.02392347902059555
7,209,2002,4.93243605887983e-05,1.1620938777923584,0.00019287472241558135,0.023809557780623436
7,210,2003,4.932368756271899e-05,1.1617300510406494,0.0001941029040608555,0.023696716874837875
7,211,2004,4.9323014536639675e-05,1.1624820232391357,0.000195345317479223,0.023584939539432526
7,212,2005,4.932234514853917e-05,1.1622800827026367,0.0001964787079486996,0.023474212735891342
7,213,2006,4.932167212245986e-05,1.1629266738891602,0.00019769858045037836,0.023364519700407982
7,214,2007,4.932099909638055e-05,1.1629384756088257,0.0001968463184311986,0.0232558473944664
7,215,2008,4.932032243232243e-05,1.163285732269287,0.00019596662605181336,0.023148180916905403
7,216,2009,4.9319649406243116e-05,1.162553071975708,0.00019700672419276088,0.023041507229208946
7,217,2010,4.9318972742184997e-05,1.1628693342208862,0.00019613504991866648,0.022935813292860985
7,218,2011,4.931830335408449e-05,1.1624629497528076,0.00019541288202162832,0.022831082344055176
7,219,2012,4.931763032800518e-05,1.1612012386322021,0.00019605597481131554,0.022727305069565773
7,220,2013,4.931695366394706e-05,1.162050724029541,0.00019517226610332727,0.022624468430876732
7,221,2014,4.931627699988894e-05,1.1623797416687012,0.00019432525732554495,0.02252255752682686
7,222,2015,4.931560033583082e-05,1.162437915802002,0.00019351771334186196,0.02242155931890011
7,223,2016,4.9314923671772704e-05,1.1634290218353271,0.00019265379523858428,0.026785748079419136
7,224,2017,4.931425064569339e-05,1.1642934083938599,0.00019179756054654717,0.03111114539206028
7,225,2018,4.931357398163527e-05,1.1643048524856567,0.0001910110004246235,0.030973484739661217
7,226,2019,4.9312897317577153e-05,1.164200782775879,0.00019023226923309267,0.030837038531899452
7,227,2020,4.931221701554023e-05,1.1644762754440308,0.00018942341557703912,0.030701788142323494
7,228,2021,4.931154035148211e-05,1.1637070178985596,0.00018896348774433136,0.030567718669772148
7,229,2022,4.931086368742399e-05,1.1637561321258545,0.000188203775906004,0.03043481521308422
7,230,2023,4.931018338538706e-05,1.1641204357147217,0.00018943552277050912,0.03030306287109852
7,231,2024,4.9309506721328944e-05,1.1650450229644775,0.00018861900025513023,0.034482792019844055
7,232,2025,4.930882641929202e-05,1.1641008853912354,0.0001893645094241947,0.03433479741215706
7,233,2026,4.930814611725509e-05,1.1634026765823364,0.0001889150880742818,0.03418806567788124
7,234,2027,4.9307465815218166e-05,1.1643600463867188,0.0001901159412227571,0.034042585641145706
7,235,2028,4.9306789151160046e-05,1.1641019582748413,0.0001894289889605716,0.03389833867549896
7,236,2029,4.930610521114431e-05,1.1634738445281982,0.00019040053302887827,0.03375530615448952
7,237,2030,4.9305428547086194e-05,1.1635327339172363,0.00019163056276738644,0.033613476902246475
7,238,2031,4.930474460707046e-05,1.1634814739227295,0.00019278944819234312,0.03347283601760864
7,239,2032,4.9304064305033535e-05,1.1637976169586182,0.0001920138020068407,0.03333336487412453
7,240,2033,4.930338400299661e-05,1.1644798517227173,0.0001912231819005683,0.03319505229592323
7,241,2034,4.9302700062980875e-05,1.1646902561187744,0.0001904679520521313,0.03305788338184357
7,242,2035,4.930201976094395e-05,1.1637349128723145,0.0001901776558952406,0.032921843230724335
7,243,2036,4.9301335820928216e-05,1.1643762588500977,0.00019136141054332256,0.03278691694140434
7,244,2037,4.930065551889129e-05,1.1644113063812256,0.00019063624495174736,0.032653093338012695
7,245,2038,4.929996794089675e-05,1.1651031970977783,0.00018986710347235203,0.0325203575193882
7,246,2039,4.929928763885982e-05,1.165109634399414,0.0001891571591841057,0.03238869458436966
7,247,2040,4.929860006086528e-05,1.164261817932129,0.00018882696167565882,0.03225809708237648
7,248,2041,4.929791975882836e-05,1.1632260084152222,0.0001892212312668562,0.03212854638695717
7,249,2042,4.9297232180833817e-05,1.1629316806793213,0.00018857911345548928,0.03200003132224083
7,250,2043,4.929655187879689e-05,1.1630802154541016,0.0001878559123724699,0.03187254071235657
7,251,2044,4.929586430080235e-05,1.1630537509918213,0.00018716667545959353,0.03174606338143349
7,252,2045,4.929518036078662e-05,1.1619629859924316,0.0001872268330771476,0.031620584428310394
7,253,2046,4.9294492782792076e-05,1.161242961883545,0.0001867962855612859,0.031496092677116394
7,254,2047,4.9293805204797536e-05,1.1601638793945312,0.00018686376279219985,0.03137258067727089
7,255,2048,4.9293117626802996e-05,1.1601941585540771,0.00018618897593114525,0.03125002980232239
8,0,2049,4.929243368678726e-05,0.962925910949707,0.00010830363316927105,1.405637606310961e-09
8,1,2050,4.929174610879272e-05,0.9247108697891235,0.0001570481399539858,9.712031179276437e-10
8,2,2051,4.929105853079818e-05,1.0539911985397339,0.0002429976884741336,6.495949333995554e-10
8,3,2052,4.929037095280364e-05,1.0124009847640991,0.00023243209579959512,6.213883851913238e-10
8,4,2053,4.92896833748091e-05,1.055504322052002,0.00018739732331596315,5.760268706467286e-09
8,5,2054,4.9288992158835754e-05,1.108337640762329,0.00015616451855748892,0.1666666716337204
8,6,2055,4.928830821882002e-05,1.1484860181808472,0.00018447093316353858,0.1428571492433548
8,7,2056,4.928761700284667e-05,1.1285502910614014,0.00017206986376550049,0.125
8,8,2057,4.9286925786873326e-05,1.1215054988861084,0.00019750266801565886,0.1111111119389534
8,9,2058,4.928623457089998e-05,1.114419937133789,0.00018235191237181425,0.10000000149011612
8,10,2059,4.928554699290544e-05,1.1200897693634033,0.00016706422320567071,0.09090909361839294
8,11,2060,4.928485577693209e-05,1.1083095073699951,0.00016035084263421595,0.0833333358168602
8,12,2061,4.928416456095874e-05,1.0942816734313965,0.0001739771687425673,0.07692307978868484
8,13,2062,4.9283473344985396e-05,1.115524172782898,0.00019473570864647627,0.0714285746216774
8,14,2063,4.928278212901205e-05,1.119242548942566,0.00018273112073075026,0.06666667014360428
8,15,2064,4.92820909130387e-05,1.1061968803405762,0.0001808115339372307,0.0625
8,16,2065,4.9281396059086546e-05,1.1066579818725586,0.00017176006804220378,0.05882352963089943
8,17,2066,4.92807048431132e-05,1.1088427305221558,0.00018995354184880853,0.0555555559694767
8,18,2067,4.928001362713985e-05,1.1146087646484375,0.00018032740626949817,0.05263157933950424
8,19,2068,4.9279322411166504e-05,1.1244478225708008,0.00019444078498054296,0.05000000074505806
8,20,2069,4.927862755721435e-05,1.1288485527038574,0.00018552115943748504,0.0476190485060215
8,21,2070,4.9277932703262195e-05,1.1238781213760376,0.000195315049495548,0.04545454680919647
8,22,2071,4.927723784931004e-05,1.128434419631958,0.00018712581368163228,0.043478261679410934
8,23,2072,4.9276542995357886e-05,1.1205369234085083,0.0001841599732870236,0.0416666679084301
8,24,2073,4.927585177938454e-05,1.1305104494094849,0.00017681121244095266,0.04000001400709152
8,25,2074,4.9275156925432384e-05,1.1374542713165283,0.00018807791639119387,0.038461554795503616
8,26,2075,4.927446207148023e-05,1.137876033782959,0.000194744294276461,0.03703705221414566
8,27,2076,4.927376357954927e-05,1.1333558559417725,0.0002034104836639017,0.035714298486709595
8,28,2077,4.9273065087618306e-05,1.1416890621185303,0.00019639634410850704,0.06896553188562393
8,29,2078,4.927237387164496e-05,1.1455276012420654,0.00020604301244020462,0.06666668504476547
8,30,2079,4.9271679017692804e-05,1.141571044921875,0.00021215094602666795,0.06451614201068878
8,31,2080,4.927098052576184e-05,1.1347553730010986,0.0002162202581530437,0.0625000149011612
8,32,2081,4.927028203383088e-05,1.12715482711792,0.00021639143233187497,0.06060607358813286
8,33,2082,4.9269587179878727e-05,1.1292295455932617,0.00021029362687841058,0.05882354453206062
8,34,2083,4.926888504996896e-05,1.1363869905471802,0.0002042852429440245,0.08571430295705795
8,35,2084,4.9268186558037996e-05,1.1374752521514893,0.00019900500774383545,0.0833333432674408
8,36,2085,4.9267488066107035e-05,1.1357595920562744,0.00020564244186971337,0.0810810923576355
8,37,2086,4.926678957417607e-05,1.136805772781372,0.0002127059269696474,0.07894738018512726
8,38,2087,4.926609108224511e-05,1.1408209800720215,0.00020728952949866652,0.07692309468984604
8,39,2088,4.926538895233534e-05,1.1399931907653809,0.00020270852837711573,0.07500001788139343
8,40,2089,4.926469046040438e-05,1.1405951976776123,0.00019811457605101168,0.0731707513332367
8,41,2090,4.926398833049461e-05,1.1417192220687866,0.0002026862057391554,0.07142858952283859
8,42,2091,4.926328983856365e-05,1.1389615535736084,0.00019898725440725684,0.06976746022701263
8,43,2092,4.926259134663269e-05,1.1376656293869019,0.00020329272956587374,0.0681818351149559
8,44,2093,4.926188921672292e-05,1.1397383213043213,0.00020897126523777843,0.06666668504476547
8,45,2094,4.9261183448834345e-05,1.140474557876587,0.00020474620396271348,0.06521740555763245
8,46,2095,4.926048495690338e-05,1.1446902751922607,0.00020039781520608813,0.06382980942726135
8,47,2096,4.925977918901481e-05,1.1485073566436768,0.00020585785387083888,0.06250002235174179
8,48,2097,4.9259080697083846e-05,1.1500155925750732,0.00021077232668176293,0.06122451275587082
8,49,2098,4.925837856717408e-05,1.1446523666381836,0.00021017665858380497,0.06000002473592758
8,50,2099,4.92576727992855e-05,1.1487514972686768,0.00020606315229088068,0.058823563158512115
8,51,2100,4.9256967031396925e-05,1.152909517288208,0.00020210782531648874,0.05769234895706177
8,52,2101,4.925626490148716e-05,1.1540749073028564,0.00020734700956381857,0.0566038154065609
8,53,2102,4.925556277157739e-05,1.1545090675354004,0.00020373564620967954,0.05555559694766998
8,54,2103,4.925485700368881e-05,1.151700496673584,0.00020852830493822694,0.05454549193382263
8,55,2104,4.9254151235800236e-05,1.1552287340164185,0.00020480461535044014,0.07142860442399979
8,56,2105,4.925344910589047e-05,1.1551414728164673,0.00020956815569661558,0.07017546892166138
8,57,2106,4.9252739700023085e-05,1.158454179763794,0.0002134493552148342,0.06896554678678513
8,58,2107,4.925203393213451e-05,1.1557400226593018,0.0002109643683070317,0.06779664009809494
8,59,2108,4.925132816424593e-05,1.1542911529541016,0.00020819800556637347,0.06666669994592667
8,60,2109,4.925062239635736e-05,1.154857873916626,0.00020494635100476444,0.0655738040804863
8,61,2110,4.924991662846878e-05,1.1559852361679077,0.0002017547085415572,0.06451615691184998
8,62,2111,4.9249210860580206e-05,1.154388189315796,0.0001992447068914771,0.06349209696054459
8,63,2112,4.924850509269163e-05,1.1530077457427979,0.00020223241881467402,0.06250002980232239
8,64,2113,4.924779568682425e-05,1.1530952453613281,0.00019934101146645844,0.061538491398096085
8,65,2114,4.9247086280956864e-05,1.1532102823257446,0.00020287207735236734,0.06060608848929405
8,66,2115,4.924637687508948e-05,1.154221773147583,0.00019995190086774528,0.05970152094960213
8,67,2116,4.92456674692221e-05,1.1508725881576538,0.00019899581093341112,0.05882355570793152
8,68,2117,4.9244958063354716e-05,1.147757887840271,0.0001999709929805249,0.05797104164958
8,69,2118,4.924424865748733e-05,1.148735761642456,0.00019721765420399606,0.05714288353919983
8,70,2119,4.924354288959876e-05,1.1456542015075684,0.0001990639721043408,0.056338053196668625
8,71,2120,4.924282984575257e-05,1.142256259918213,0.0002001762914005667,0.05555558204650879
8,72,2121,4.9242120439885184e-05,1.1423757076263428,0.00019766384502872825,0.0547945462167263
8,73,2122,4.9241407396038994e-05,1.1427279710769653,0.0002013685298152268,0.054054081439971924
8,74,2123,4.924069799017161e-05,1.1424367427825928,0.00019902389612980187,0.053333356976509094
8,75,2124,4.9239981308346614e-05,1.1436690092086792,0.00019649454043246806,0.05263160541653633
8,76,2125,4.923927190247923e-05,1.1466479301452637,0.00019394267292227596,0.06493508815765381
8,77,2126,4.923856249661185e-05,1.149634838104248,0.0001914562308229506,0.07692310214042664
8,78,2127,4.923784945276566e-05,1.1464717388153076,0.00019115256145596504,0.07594939321279526
8,79,2128,4.923713640891947e-05,1.1479144096374512,0.00019335848628543317,0.07500002533197403
8,80,2129,4.923641972709447e-05,1.1481667757034302,0.00019114604219794273,0.07407409697771072
8,81,2130,4.923571032122709e-05,1.14577054977417,0.00019303473527543247,0.0731707513332367
8,82,2131,4.923499363940209e-05,1.1459416151046753,0.00019087610417045653,0.07228917628526688
8,83,2132,4.92342805955559e-05,1.1488205194473267,0.00018860376439988613,0.08333335816860199
8,84,2133,4.923357118968852e-05,1.1478893756866455,0.00019150759908370674,0.08235296607017517
8,85,2134,4.923285450786352e-05,1.1504621505737305,0.00018928523059003055,0.08139538019895554
8,86,2135,4.9232137826038525e-05,1.1523336172103882,0.0001922642986755818,0.08045979589223862
8,87,2136,4.9231424782192335e-05,1.1542854309082031,0.00019009647076018155,0.07954548299312592
8,88,2137,4.923070810036734e-05,1.1567766666412354,0.00018796056974679232,0.08988766372203827
8,89,2138,4.922999141854234e-05,1.1592382192611694,0.00018587210797704756,0.10000002384185791
8,90,2139,4.922927837469615e-05,1.1592090129852295,0.00018897096742875874,0.09890112280845642
8,91,2140,4.9228558054892346e-05,1.1615816354751587,0.0001869169354904443,0.10869567096233368
8,92,2141,4.922784137306735e-05,1.1586664915084839,0.0001880630588857457,0.10752690583467484
8,93,2142,4.922712469124235e-05,1.1611846685409546,0.00019091532158199698,0.10638299584388733
8,94,2143,4.9226408009417355e-05,1.1626561880111694,0.00019445904763415456,0.10526318103075027
8,95,2144,4.922568768961355e-05,1.1642985343933105,0.00019244925351813436,0.10416668653488159
8,96,2145,4.922496736980975e-05,1.1642372608184814,0.00019061047350987792,0.10309280455112457
8,97,2146,4.922425068798475e-05,1.162476897239685,0.000189444690477103,0.1020408347249031
8,98,2147,4.9223530368180946e-05,1.16462242603302,0.00018753111362457275,0.1111111268401146
8,99,2148,4.922281368635595e-05,1.16465163230896,0.000185800512554124,0.11000002175569534
8,100,2149,4.9222093366552144e-05,1.162330150604248,0.00018490623915567994,0.10891091078519821
8,101,2150,4.922137304674834e-05,1.1595852375030518,0.00018564103811513633,0.10784315317869186
8,102,2151,4.9220652726944536e-05,1.1598610877990723,0.00018394054495729506,0.10679613798856735
8,103,2152,4.921993240714073e-05,1.1601974964141846,0.00018223782535642385,0.10576924681663513
8,104,2153,4.921921208733693e-05,1.1621794700622559,0.000180502247530967,0.11428572982549667
8,105,2154,4.9218488129554316e-05,1.1618506908416748,0.00018282016390003264,0.11320756375789642
8,106,2155,4.921777144772932e-05,1.163757085800171,0.00018111508688889444,0.11214955896139145
8,107,2156,4.921704748994671e-05,1.1652963161468506,0.0001794522104319185,0.11111113429069519
8,108,2157,4.9216327170142904e-05,1.1672348976135254,0.000177805864950642,0.119266077876091
8,109,2158,4.921560321236029e-05,1.1691224575042725,0.000176189438207075,0.12727275490760803
8,110,2159,4.9214875616598874e-05,1.1665270328521729,0.0001767126377671957,0.12612615525722504
8,111,2160,4.921415165881626e-05,1.166211724281311,0.00017534173093736172,0.1250000298023224
8,112,2161,4.921343133901246e-05,1.1664562225341797,0.00017385027604177594,0.12389382719993591
8,113,2162,4.921270738122985e-05,1.1680166721343994,0.00017233366088476032,0.12280704081058502
8,114,2163,4.9211983423447236e-05,1.1698390245437622,0.0001708351046545431,0.1304348111152649
8,115,2164,4.9211259465664625e-05,1.1694128513336182,0.00017305226356256753,0.12931036949157715
8,116,2165,4.9210535507882014e-05,1.1710258722305298,0.00017561056301929057,0.12820515036582947
8,117,2166,4.9209807912120596e-05,1.1717866659164429,0.00017762050265446305,0.12711866199970245
8,118,2167,4.9209083954337984e-05,1.171926498413086,0.0001800169120542705,0.1260504424571991
8,119,2168,4.920835999655537e-05,1.1696643829345703,0.00018141689361073077,0.1250000298023224
8,120,2169,4.9207632400793955e-05,1.1679818630218506,0.0001807523367460817,0.12396696209907532
8,121,2170,4.9206908443011343e-05,1.169712781906128,0.000179270762600936,0.1311475783586502
8,122,2171,4.9206180847249925e-05,1.1695548295974731,0.0001779298618203029,0.13008132576942444
8,123,2172,4.920545325148851e-05,1.1697688102722168,0.00018016241665463895,0.12903228402137756
8,124,2173,4.920472201774828e-05,1.1692955493927002,0.00018234786693938076,0.12800003588199615
8,125,2174,4.920399805996567e-05,1.167937159538269,0.00018140656175091863,0.12698416411876678
8,126,2175,4.920327046420425e-05,1.1684372425079346,0.0001800333266146481,0.1259842813014984
8,127,2176,4.9202539230464026e-05,1.169420599937439,0.00018266172264702618,0.1250000298023224
8,128,2177,4.920181163470261e-05,1.1695654392242432,0.00018482652376405895,0.12403103709220886
8,129,2178,4.920108040096238e-05,1.168864130973816,0.00018680311040952802,0.12307695299386978
8,130,2179,4.9200352805200964e-05,1.1704504489898682,0.0001853771391324699,0.12977102398872375
8,131,2180,4.919962157146074e-05,1.1691069602966309,0.000184623000677675,0.12878790497779846
8,132,2181,4.919889033772051e-05,1.1685948371887207,0.00018674209422897547,0.12781958281993866
8,133,2182,4.9198162741959095e-05,1.1678755283355713,0.0001856100425356999,0.1268656998872757
8,134,2183,4.919743514619768e-05,1.1690107583999634,0.00018778603407554328,0.1259259581565857
8,135,2184,4.9196700274478644e-05,1.1701961755752563,0.00018641655333340168,0.1250000298023224
8,136,2185,4.919596904073842e-05,1.170278549194336,0.00018846502644009888,0.1240876168012619
8,137,2186,4.9195241444977e-05,1.170170545578003,0.00018720084335654974,0.12318843603134155
8,138,2187,4.919450293527916e-05,1.1716033220291138,0.00018585407815407962,0.12949642539024353
8,139,2188,4.919377533951774e-05,1.1715539693832397,0.00018463040760252625,0.12857145071029663
8,140,2189,4.919304046779871e-05,1.1704320907592773,0.00018377939704805613,0.1276596039533615
8,141,2190,4.9192309234058484e-05,1.1715508699417114,0.00018249443382956088,0.1267605870962143
8,142,2191,4.919157436233945e-05,1.1704105138778687,0.00018172146519646049,0.12587414681911469
8,143,2192,4.9190843128599226e-05,1.1694469451904297,0.0001808512897696346,0.1250000298023224
8,144,2193,4.919010461890139e-05,1.1676037311553955,0.00018157155136577785,0.12413796037435532
8,145,2194,4.918937338516116e-05,1.1658176183700562,0.00018127795192413032,0.12328770011663437
8,146,2195,4.918863851344213e-05,1.1660245656967163,0.0001832857815315947,0.12244900315999985
8,147,2196,4.9187903641723096e-05,1.1648657321929932,0.00018255808390676975,0.12162164598703384
8,148,2197,4.9187168770004064e-05,1.1662874221801758,0.00018133285630028695,0.12751680612564087
8,149,2198,4.9186430260306224e-05,1.167739748954773,0.00018012398504652083,0.13333335518836975
8,150,2199,4.918569538858719e-05,1.1664173603057861,0.00017949426546692848,0.13245035707950592
8,151,2200,4.918496051686816e-05,1.1668009757995605,0.0001783600600901991,0.1315789669752121
8,152,2201,4.918422200717032e-05,1.1662368774414062,0.00017983817087952048,0.13071897625923157
8,153,2202,4.918348713545129e-05,1.1650166511535645,0.00017906236462295055,0.12987016141414642
8,154,2203,4.9182752263732255e-05,1.165784478187561,0.00018001071293838322,0.12903228402137756
8,155,2204,4.918201011605561e-05,1.165809154510498,0.00017894624033942819,0.12820515036582947
8,156,2205,4.9181275244336575e-05,1.1644240617752075,0.00018031636136583984,0.12738856673240662
8,157,2206,4.9180536734638736e-05,1.1658306121826172,0.00017917511286213994,0.13291141390800476
8,158,2207,4.917979458696209e-05,1.1652779579162598,0.0001804881903808564,0.1320754885673523
8,159,2208,4.9179059715243056e-05,1.1666382551193237,0.00017936014046426862,0.13750001788139343
8,160,2209,4.917831756756641e-05,1.1679325103759766,0.00017824610404204577,0.142857164144516
8,161,2210,4.917757905786857e-05,1.169150710105896,0.00017714817658998072,0.14197532832622528
8,162,2211,4.917684054817073e-05,1.1693336963653564,0.00017892176401801407,0.1411043107509613
8,163,2212,4.9176098400494084e-05,1.1698503494262695,0.0001805294887162745,0.14024393260478973
8,164,2213,4.9175359890796244e-05,1.1709575653076172,0.00018231160356663167,0.13939395546913147
8,165,2214,4.91746177431196e-05,1.172249436378479,0.00018411545897834003,0.13855424523353577
8,166,2215,4.917387923342176e-05,1.173459529876709,0.0001830129767768085,0.1437125951051712
8,167,2216,4.917313708574511e-05,1.1741511821746826,0.00018193217692896724,0.142857164144516
8,168,2217,4.917239130008966e-05,1.1741044521331787,0.00018371499027125537,0.1420118510723114
8,169,2218,4.917165279039182e-05,1.1726021766662598,0.00018462847219780087,0.1411764919757843
8,170,2219,4.917091064271517e-05,1.1727542877197266,0.00018644597730599344,0.14035089313983917
8,171,2220,4.917016485705972e-05,1.1723966598510742,0.00018780023674480617,0.13953490555286407
8,172,2221,4.916942270938307e-05,1.173370122909546,0.00018861572607420385,0.13872835040092468
8,173,2222,4.9168680561706424e-05,1.1729824542999268,0.00018930112128145993,0.13793106377124786
8,174,2223,4.916793477605097e-05,1.1738269329071045,0.0001882280339486897,0.13714288175106049
8,175,2224,4.9167188990395516e-05,1.1727712154388428,0.00018761696992442012,0.1363636553287506
8,176,2225,4.9166450480697677e-05,1.1729329824447632,0.00018940700101666152,0.1355932354927063
8,177,2226,4.916570469504222e-05,1.173044204711914,0.00019079858611803502,0.1348314881324768
8,178,2227,4.916495890938677e-05,1.1716411113739014,0.00019048253307119012,0.1340782344341278
8,179,2228,4.916420948575251e-05,1.1727111339569092,0.00019180812523700297,0.13333335518836975
8,180,2229,4.9163463700097054e-05,1.172938585281372,0.0001907865225803107,0.1325967013835907
8,181,2230,4.916272155242041e-05,1.1732300519943237,0.00018977653235197067,0.1318681538105011
8,182,2231,4.9161975766764954e-05,1.1743240356445312,0.0001887394901132211,0.13661204278469086
8,183,2232,4.91612299811095e-05,1.1744667291641235,0.00019022219930775464,0.1358695924282074
8,184,2233,4.916048055747524e-05,1.1752376556396484,0.0001914760796353221,0.13513515889644623
8,185,2234,4.915973113384098e-05,1.1753969192504883,0.00019318549311719835,0.1344086229801178
8,186,2235,4.9158985348185524e-05,1.176374077796936,0.00019215242355130613,0.13368986546993256
8,187,2236,4.9158235924551263e-05,1.1768063306808472,0.000191152750630863,0.13297873735427856
8,188,2237,4.915749013889581e-05,1.1760377883911133,0.00019035133300349116,0.13227514922618866
8,189,2238,4.915674071526155e-05,1.1770753860473633,0.00018934949184767902,0.13684213161468506
8,190,2239,4.915599129162729e-05,1.176469087600708,0.0001885722449515015,0.13612566888332367
8,191,2240,4.915524186799303e-05,1.1756012439727783,0.00018792715854942799,0.1354166865348816
8,192,2241,4.9154492444358766e-05,1.1758239269256592,0.000186990451766178,0.13471505045890808
8,193,2242,4.91537393827457e-05,1.1767719984054565,0.0001860265911091119,0.13917528092861176
8,194,2243,4.9152993597090244e-05,1.1753485202789307,0.00018658839690033346,0.13846156001091003
8,195,2244,4.9152240535477176e-05,1.173930048942566,0.00018648896366357803,0.1377551257610321
8,196,2245,4.9151491111842915e-05,1.172532081604004,0.00018637158791534603,0.13705585896968842
8,197,2246,4.915073805022985e-05,1.1735764741897583,0.00018543031183071434,0.14141416549682617
8,198,2247,4.9149988626595587e-05,1.172170877456665,0.00018533604452386498,0.14070354402065277
8,199,2248,4.914923556498252e-05,1.172253966331482,0.00018444533634465188,0.14000001549720764
8,200,2249,4.914848250336945e-05,1.1721904277801514,0.00018359869136475027,0.13930350542068481
8,201,2250,4.914773307973519e-05,1.1731706857681274,0.00018268977873958647,0.143564373254776
8,202,2251,4.9146976380143315e-05,1.1724036931991577,0.0001837745658122003,0.142857164144516
8,203,2252,4.914622331853025e-05,1.172802209854126,0.00018521115998737514,0.14215688407421112
8,204,2253,4.914547025691718e-05,1.1737768650054932,0.00018430768977850676,0.1463414877653122
8,205,2254,4.914471719530411e-05,1.1745333671569824,0.00018560377066023648,0.1456310898065567
8,206,2255,4.9143960495712236e-05,1.1731988191604614,0.00018613654538057745,0.14492756128311157
8,207,2256,4.914320743409917e-05,1.1736376285552979,0.00018716088379733264,0.14423078298568726
8,208,2257,4.91424543724861e-05,1.1736836433410645,0.00018631649436429143,0.14354069530963898
8,209,2258,4.9141697672894225e-05,1.1741853952407837,0.00018544297199696302,0.142857164144516
8,210,2259,4.914094097330235e-05,1.1739885807037354,0.0001846433151513338,0.14218011498451233
8,211,2260,4.9140184273710474e-05,1.1727025508880615,0.00018519640434533358,0.14150945842266083
8,212,2261,4.9139431212097406e-05,1.1736478805541992,0.00018432692741043866,0.14553992450237274
8,213,2262,4.913867451250553e-05,1.1738970279693604,0.0001834979630075395,0.14485983550548553
8,214,2263,4.913791417493485e-05,1.1725307703018188,0.00018362468108534813,0.14418606460094452
8,215,2264,4.9137157475342974e-05,1.1734802722930908,0.00018277455819770694,0.14814816415309906
8,216,2265,4.91364007757511e-05,1.1721643209457397,0.00018316623754799366,0.14746545255184174
8,217,2266,4.9135644076159224e-05,1.172010898590088,0.0001843216159613803,0.14678901433944702
8,218,2267,4.913488737656735e-05,1.1708390712738037,0.00018407867173664272,0.14611874520778656
8,219,2268,4.913412703899667e-05,1.1704730987548828,0.00018521877063903958,0.1454545557498932
8,220,2269,4.9133366701425985e-05,1.170623779296875,0.00018638478650245816,0.14479640126228333
8,221,2270,4.913261000183411e-05,1.169973611831665,0.00018717729835771024,0.14414416253566742
8,222,2271,4.913184966426343e-05,1.1709529161453247,0.0001883872610051185,0.1434977799654007
8,223,2272,4.913109296467155e-05,1.170774221420288,0.00018760684179142118,0.142857164144516
8,224,2273,4.913033262710087e-05,1.1696357727050781,0.0001873947330750525,0.14222224056720734
8,225,2274,4.912957228953019e-05,1.1699589490890503,0.0001883480726974085,0.14159293472766876
8,226,2275,4.91288083139807e-05,1.1701555252075195,0.00018755014752969146,0.1409691870212555
8,227,2276,4.9128051614388824e-05,1.1696503162384033,0.0001885995443444699,0.14035089313983917
8,228,2277,4.9127287638839334e-05,1.1687307357788086,0.00018817202362697572,0.13973800837993622
8,229,2278,4.9126523663289845e-05,1.1675200462341309,0.00018802456906996667,0.13913045823574066
8,230,2279,4.912576696369797e-05,1.1683781147003174,0.00018721060769166797,0.142857164144516
8,231,2280,4.912500298814848e-05,1.1692516803741455,0.00018640366033650935,0.14655174314975739
8,232,2281,4.912423901259899e-05,1.1688116788864136,0.0001857530151028186,0.14592276513576508
8,233,2282,4.91234750370495e-05,1.1675995588302612,0.0001860888150986284,0.14529916644096375
8,234,2283,4.912271469947882e-05,1.1667077541351318,0.00018567568622529507,0.14468087255954742
8,235,2284,4.9121947085950524e-05,1.1656774282455444,0.0001854688161984086,0.14406780898571014
8,236,2285,4.9121183110401034e-05,1.1648974418640137,0.00018494368123356253,0.14345993101596832
8,237,2286,4.912042277283035e-05,1.1650128364562988,0.0001858569885371253,0.142857164144516
8,238,2287,4.9119655159302056e-05,1.1658893823623657,0.0001850793487392366,0.14644353091716766
8,239,2288,4.9118891183752567e-05,1.166524052619934,0.00018614516011439264,0.1458333432674408
8,240,2289,4.911812720820308e-05,1.167159914970398,0.00018716120393946767,0.14522823691368103
8,241,2290,4.911735959467478e-05,1.1681188344955444,0.00018817743693944067,0.14462810754776
8,242,2291,4.9116591981146485e-05,1.1680021286010742,0.00018745832494460046,0.14403294026851654
8,243,2292,4.9115828005596995e-05,1.168848991394043,0.0001866900420282036,0.14754100143909454
8,244,2293,4.91150603920687e-05,1.1690772771835327,0.00018595639267005026,0.14693878591060638
8,245,2294,4.911429641651921e-05,1.1697196960449219,0.00018700945656746626,0.146341472864151
8,246,2295,4.9113525165012106e-05,1.1704357862472534,0.00018625233497004956,0.14979758858680725
8,247,2296,4.911276118946262e-05,1.1705067157745361,0.00018707560957409441,0.14919357001781464
8,248,2297,4.9111989937955514e-05,1.1700886487960815,0.00018645910313352942,0.14859439432621002
8,249,2298,4.911122232442722e-05,1.1698312759399414,0.00018581606855150312,0.14800001680850983
8,250,2299,4.911045471089892e-05,1.1706435680389404,0.00018507576896809042,0.15139444172382355
8,251,2300,4.910968345939182e-05,1.1709401607513428,0.00018436092068441212,0.1507936716079712
8,252,2301,4.910891584586352e-05,1.1711132526397705,0.0001836602168623358,0.15019764006137848
8,253,2302,4.9108148232335225e-05,1.171170711517334,0.00018297744099982083,0.14960631728172302
8,254,2303,4.9107373342849314e-05,1.1700878143310547,0.00018347857985645533,0.14901962876319885
8,255,2304,4.910660572932102e-05,1.1700928211212158,0.00018463781452737749,0.1484375149011612
9,0,2305,4.910583811579272e-05,0.8976397514343262,0.00016682076966390014,7.437734872439705e-10
9,1,2306,4.910506322630681e-05,1.0576915740966797,8.694124699104577e-05,1.3529781739407554e-08
9,2,2307,4.910429197479971e-05,1.042599081993103,7.869942055549473e-05,9.815399160117977e-09
9,3,2308,4.910352436127141e-05,1.0482542514801025,0.0001684099406702444,7.371502519504247e-09
9,4,2309,4.910275310976431e-05,1.0819772481918335,0.0001361989852739498,1.0967804442429951e-08
9,5,2310,4.9101981858257204e-05,1.0763442516326904,0.00012020970461890101,9.858281302399519e-09
9,6,2311,4.9101206968771294e-05,1.120518684387207,0.00010303693125024438,0.142857164144516
9,7,2312,4.910043207928538e-05,1.1163636445999146,9.355248766951263e-05,0.125
9,8,2313,4.909966082777828e-05,1.1445724964141846,8.31578072393313e-05,0.2222222238779068
9,9,2314,4.909888593829237e-05,1.1632490158081055,7.491653377655894e-05,0.20000001788139343
9,10,2315,4.909811104880646e-05,1.1821403503417969,6.810598279116675e-05,0.27272728085517883
9,11,2316,4.9097339797299355e-05,1.1669518947601318,6.778790702810511e-05,0.2500000298023224
9,12,2317,4.9096564907813445e-05,1.1580686569213867,9.2450572992675e-05,0.23076924681663513
9,13,2318,4.909578638034873e-05,1.1451621055603027,9.167802636511624e-05,0.2142857313156128
9,14,2319,4.9095015128841624e-05,1.145159125328064,8.654408156871796e-05,0.20000001788139343
9,15,2320,4.9094236601376906e-05,1.1354565620422363,8.5219566244632e-05,0.1875000149011612
9,16,2321,4.90934653498698e-05,1.1351984739303589,8.131841605063528e-05,0.17647060751914978
9,17,2322,4.9092686822405085e-05,1.132075309753418,7.86647287895903e-05,0.1666666865348816
9,18,2323,4.909190829494037e-05,1.1380083560943604,9.131597471423447e-05,0.15789474546909332
9,19,2324,4.909113340545446e-05,1.1421529054641724,8.709478424862027e-05,0.15000000596046448
9,20,2325,4.909036215394735e-05,1.1330554485321045,0.00010060335625894368,0.1428571492433548
9,21,2326,4.9089583626482636e-05,1.143886923789978,9.603049693396315e-05,0.1818181872367859
9,22,2327,4.908880509901792e-05,1.1537809371948242,9.185527596855536e-05,0.21739129722118378
9,23,2328,4.90880265715532e-05,1.1461150646209717,0.00010138717334484681,0.2083333283662796
9,24,2329,4.908724804408848e-05,1.1552338600158691,9.733170736581087e-05,0.23999999463558197
9,25,2330,4.9086469516623765e-05,1.1635489463806152,9.358819806948304e-05,0.26923078298568726
9,26,2331,4.908568735118024e-05,1.1604169607162476,0.00010472092253621668,0.25925925374031067
9,27,2332,4.908490882371552e-05,1.1620471477508545,0.00010123616084456444,0.25
9,28,2333,4.9084130296250805e-05,1.1627774238586426,0.00011303619248792529,0.24137930572032928
9,29,2334,4.908334813080728e-05,1.1583114862442017,0.000122286583064124,0.23333333432674408
9,30,2335,4.908256960334256e-05,1.1603589057922363,0.00011856859782710671,0.22580644488334656
9,31,2336,4.908178743789904e-05,1.1608220338821411,0.00012856545799877495,0.21875
9,32,2337,4.908100891043432e-05,1.1523232460021973,0.0001306392514379695,0.21212121844291687
9,33,2338,4.9080226744990796e-05,1.1557667255401611,0.00013916692114435136,0.20588235557079315
9,34,2339,4.907944821752608e-05,1.1619913578033447,0.00013519074127543718,0.22857142984867096
9,35,2340,4.9078666052082554e-05,1.1616601943969727,0.00014428679423872381,0.2222222238779068
9,36,2341,4.907788388663903e-05,1.1544160842895508,0.00014882636605761945,0.21621622145175934
9,37,2342,4.90770980832167e-05,1.1559162139892578,0.0001451050047762692,0.21052631735801697
9,38,2343,4.907631591777317e-05,1.1597559452056885,0.0001414232247043401,0.20512820780277252
9,39,2344,4.907553375232965e-05,1.154613971710205,0.0001402975176461041,0.20000000298023224
9,40,2345,4.907475158688612e-05,1.1560654640197754,0.00013704466982744634,0.19512194395065308
9,41,2346,4.907396578346379e-05,1.158675193786621,0.00014428954455070198,0.190476194024086
9,42,2347,4.9073183618020266e-05,1.1527056694030762,0.00014388235285878181,0.1860465109348297
9,43,2348,4.9072397814597934e-05,1.1527478694915771,0.00014093739446252584,0.1818181872367859
9,44,2349,4.90716120111756e-05,1.1529061794281006,0.0001381233159918338,0.17777778208255768
9,45,2350,4.907082620775327e-05,1.15746009349823,0.00013512064469978213,0.19565217196941376
9,46,2351,4.907004040433094e-05,1.160609245300293,0.00014203184400685132,0.19148936867713928
9,47,2352,4.9069258238887414e-05,1.1643873453140259,0.00013908851542510092,0.1875
9,48,2353,4.9068468797486275e-05,1.1589899063110352,0.00014231938985176384,0.18367347121238708
9,49,2354,4.9067682994063944e-05,1.1548854112625122,0.00014157884288579226,0.18000000715255737
9,50,2355,4.906689719064161e-05,1.158991813659668,0.0001472952717449516,0.1764705926179886
9,51,2356,4.906611138721928e-05,1.1588506698608398,0.0001447420654585585,0.17307692766189575
9,52,2357,4.906532194581814e-05,1.157285213470459,0.00014256178110372275,0.16981132328510284
9,53,2358,4.906453614239581e-05,1.1550006866455078,0.000140730437124148,0.1666666716337204
9,54,2359,4.906374670099467e-05,1.158165454864502,0.00014539829862769693,0.16363635659217834
9,55,2360,4.906295725959353e-05,1.1566224098205566,0.00014340528286993504,0.1607142835855484
9,56,2361,4.90621714561712e-05,1.1593043804168701,0.0001409156247973442,0.15789473056793213
9,57,2362,4.906138201477006e-05,1.1588795185089111,0.00014621729496866465,0.1551724076271057
9,58,2363,4.906059257336892e-05,1.1600298881530762,0.0001438552135368809,0.1525423675775528
9,59,2364,4.9059799493988976e-05,1.1557425260543823,0.00014641204325016588,0.15000000596046448
9,60,2365,4.905901005258784e-05,1.1513028144836426,0.00014827866107225418,0.14754098653793335
9,61,2366,4.90582206111867e-05,1.1524012088775635,0.00014600029680877924,0.14516128599643707
9,62,2367,4.905743116978556e-05,1.1480494737625122,0.00014751919661648571,0.1428571492433548
9,63,2368,4.905663809040561e-05,1.1446313858032227,0.00015022611478343606,0.140625
9,64,2369,4.9055848649004474e-05,1.143779993057251,0.00014836597256362438,0.13846154510974884
9,65,2370,4.905505556962453e-05,1.1449437141418457,0.0001462172658648342,0.13636364042758942
9,66,2371,4.905426249024458e-05,1.1423447132110596,0.0001449520350433886,0.13432836532592773
9,67,2372,4.9053469410864636e-05,1.1401110887527466,0.00014410464791581035,0.13235294818878174
9,68,2373,4.90526799694635e-05,1.1381211280822754,0.00014319558977149427,0.1304347813129425
9,69,2374,4.905188689008355e-05,1.1366684436798096,0.00014162994921207428,0.12857143580913544
9,70,2375,4.9051093810703605e-05,1.133303165435791,0.0001419956679455936,0.1267605572938919
9,71,2376,4.905029709334485e-05,1.1314098834991455,0.00014097965322434902,0.125
9,72,2377,4.9049504013964906e-05,1.131838083267212,0.00014468355220742524,0.12328767031431198
9,73,2378,4.904871093458496e-05,1.1350878477096558,0.0001427283714292571,0.13513512909412384
9,74,2379,4.904791421722621e-05,1.133378267288208,0.0001416889572283253,0.13333334028720856
9,75,2380,4.904712477582507e-05,1.136664867401123,0.0001451641001040116,0.1315789520740509
9,76,2381,4.9046328058466315e-05,1.1360886096954346,0.0001489126298110932,0.12987013161182404
9,77,2382,4.9045527703128755e-05,1.1332151889801025,0.0001510141446487978,0.12820513546466827
9,78,2383,4.904473462374881e-05,1.134422779083252,0.00014918926171958447,0.1265822798013687
9,79,2384,4.904394154436886e-05,1.1373237371444702,0.0001473244046792388,0.13750000298023224
9,80,2385,4.90431411890313e-05,1.1406700611114502,0.0001503572566434741,0.1358024626970291
9,81,2386,4.904234447167255e-05,1.142993688583374,0.00015382113633677363,0.13414634764194489
9,82,2387,4.9041551392292604e-05,1.140587329864502,0.00015321807586587965,0.1325301229953766
9,83,2388,4.9040747398976237e-05,1.14329993724823,0.00015139403694774956,0.1428571492433548
9,84,2389,4.903995431959629e-05,1.142781376838684,0.00014990466297604144,0.1411764770746231
9,85,2390,4.903915760223754e-05,1.1433194875717163,0.00014824181562289596,0.13953489065170288
9,86,2391,4.903835724689998e-05,1.1431747674942017,0.00014669392840005457,0.13793103396892548
9,87,2392,4.903755689156242e-05,1.1403155326843262,0.00014873311738483608,0.13636364042758942
9,88,2393,4.903675653622486e-05,1.137367606163025,0.0001496780023444444,0.13483145833015442
9,89,2394,4.9035959818866104e-05,1.1375658512115479,0.00015281137893907726,0.13333334028720856
9,90,2395,4.9035159463528544e-05,1.1391503810882568,0.00015114812413230538,0.1318681389093399
9,91,2396,4.903436274616979e-05,1.1413319110870361,0.000149505227454938,0.14130434393882751
9,92,2397,4.903355875285342e-05,1.1434690952301025,0.00014789766282774508,0.13978496193885803
9,93,2398,4.903275839751586e-05,1.1431095600128174,0.00015076689305715263,0.1382978856563568
9,94,2399,4.90319580421783e-05,1.1417851448059082,0.00015318184159696102,0.13684211671352386
9,95,2400,4.903115768684074e-05,1.1441676616668701,0.00015158619498834014,0.1458333432674408
9,96,2401,4.9030353693524376e-05,1.143769383430481,0.00015381339471787214,0.14432990550994873
9,97,2402,4.9029553338186815e-05,1.1433992385864258,0.00015618058387190104,0.1428571492433548
9,98,2403,4.902874934487045e-05,1.1409351825714111,0.00015744024130981416,0.14141415059566498
9,99,2404,4.902794898953289e-05,1.1418161392211914,0.00015593432181049138,0.14000001549720764
9,100,2405,4.902714499621652e-05,1.142122745513916,0.00015451681974809617,0.13861386477947235
9,101,2406,4.9026341002900153e-05,1.144309163093567,0.00015300195082090795,0.14705882966518402
9,102,2407,4.9025537009583786e-05,1.1447192430496216,0.0001560280506964773,0.1456310749053955
9,103,2408,4.9024736654246226e-05,1.146836280822754,0.00015452777734026313,0.1538461595773697
9,104,2409,4.902393266092986e-05,1.144465684890747,0.0001558370131533593,0.15238095819950104
9,105,2410,4.9023125029634684e-05,1.1425819396972656,0.00015535595593973994,0.15094339847564697
9,106,2411,4.902232103631832e-05,1.1411399841308594,0.00015457806875929236,0.14953270554542542
9,107,2412,4.902151340502314e-05,1.143019437789917,0.00015314678603317589,0.15740740299224854
9,108,2413,4.9020709411706775e-05,1.1454005241394043,0.00015560624888166785,0.15596330165863037
9,109,2414,4.901990541839041e-05,1.1430933475494385,0.00015565878129564226,0.15454545617103577
9,110,2415,4.901910142507404e-05,1.145355224609375,0.00015813251957297325,0.15315315127372742
9,111,2416,4.901829015580006e-05,1.1432082653045654,0.00015936754061840475,0.1517857164144516
9,112,2417,4.901748616248369e-05,1.144199013710022,0.00016179963131435215,0.1504424810409546
9,113,2418,4.901667853118852e-05,1.1419577598571777,0.0001627059536986053,0.14912280440330505
9,114,2419,4.9015870899893343e-05,1.1418342590332031,0.00016474348376505077,0.14782609045505524
9,115,2420,4.901505963061936e-05,1.140529751777649,0.00016395762213505805,0.1465517282485962
9,116,2421,4.9014255637302995e-05,1.140573263168335,0.00016268284525722265,0.14529915153980255
9,117,2422,4.901344436802901e-05,1.138786792755127,0.00016236744704656303,0.14406779408454895
9,118,2423,4.901263673673384e-05,1.1377347707748413,0.00016439537284895778,0.1428571492433548
9,119,2424,4.901182546745986e-05,1.1374244689941406,0.00016623114061076194,0.14166666567325592
9,120,2425,4.901101783616468e-05,1.139303207397461,0.00016485732339788228,0.1487603336572647
9,121,2426,4.90102065668907e-05,1.1407982110977173,0.0001669753692112863,0.14754098653793335
9,122,2427,4.900939529761672e-05,1.1414120197296143,0.00016567297279834747,0.1463414579629898
9,123,2428,4.9008587666321546e-05,1.140866756439209,0.0001676499523455277,0.14516128599643707
9,124,2429,4.9007776397047564e-05,1.1398489475250244,0.00016947418043855578,0.14399999380111694
9,125,2430,4.900696512777358e-05,1.1383137702941895,0.00016872226842679083,0.1428571492433548
9,126,2431,4.90061538584996e-05,1.1397366523742676,0.00016739877173677087,0.14173229038715363
9,127,2432,4.900534258922562e-05,1.1417527198791504,0.00016950177086982876,0.140625
9,128,2433,4.900453131995164e-05,1.1427218914031982,0.0001714320242172107,0.13953489065170288
9,129,2434,4.900372005067766e-05,1.1444740295410156,0.00017011331510730088,0.14615385234355927
9,130,2435,4.900290150544606e-05,1.1429022550582886,0.00016964372480288148,0.1450381726026535
9,131,2436,4.900209023617208e-05,1.141050100326538,0.00016941636567935348,0.14393939077854156
9,132,2437,4.90012789668981e-05,1.142244815826416,0.00016815387061797082,0.1428571492433548
9,133,2438,4.90004604216665e-05,1.1439247131347656,0.0001668989862082526,0.1492537260055542
9,134,2439,4.899965279037133e-05,1.1430423259735107,0.00016842514742165804,0.14814814925193787
9,135,2440,4.899883788311854e-05,1.1414740085601807,0.00016794039402157068,0.14705882966518402
9,136,2441,4.8998019337886944e-05,1.1427278518676758,0.00016672606579959393,0.14598539471626282
9,137,2442,4.899720806861296e-05,1.1426891088485718,0.00016564171528443694,0.14492753148078918
9,138,2443,4.899638952338137e-05,1.1443290710449219,0.00016445005894638598,0.14388491213321686
9,139,2444,4.8995578254107386e-05,1.144526481628418,0.00016336265252903104,0.1428571492433548
9,140,2445,4.899475970887579e-05,1.145104169845581,0.0001654131629038602,0.1418439894914627
9,141,2446,4.8993944801623e-05,1.1450674533843994,0.0001643638825044036,0.14084509015083313
9,142,2447,4.8993126256391406e-05,1.1458665132522583,0.00016628802404738963,0.1398601531982422
9,143,2448,4.899230771115981e-05,1.1463439464569092,0.00016518305346835405,0.1388888955116272
9,144,2449,4.899149280390702e-05,1.145371437072754,0.0001645087613724172,0.13793104887008667
9,145,2450,4.8990674258675426e-05,1.1457998752593994,0.00016343288007192314,0.13698631525039673
9,146,2451,4.898985935142264e-05,1.1465208530426025,0.00016537436749786139,0.13605444133281708
9,147,2452,4.8989037168212235e-05,1.146984338760376,0.00016430608229711652,0.13513514399528503
9,148,2453,4.8988222260959446e-05,1.1484034061431885,0.00016320333816111088,0.1409396082162857
9,149,2454,4.8987400077749044e-05,1.148765206336975,0.00016493831935804337,0.14000001549720764
9,150,2455,4.898658153251745e-05,1.1499624252319336,0.0001664173905737698,0.13907286524772644
9,151,2456,4.898576298728585e-05,1.1509262323379517,0.00016816722927615047,0.1381579041481018
9,152,2457,4.898494444205426e-05,1.1508386135101318,0.0001671915379120037,0.13725490868091583
9,153,2458,4.8984122258843854e-05,1.151793360710144,0.00016611581668257713,0.1363636553287506
9,154,2459,4.898330007563345e-05,1.150996208190918,0.00016534177120774984,0.13548387587070465
9,155,2460,4.8982481530401856e-05,1.149489164352417,0.0001650007616262883,0.13461539149284363
9,156,2461,4.898165934719145e-05,1.1498832702636719,0.00016399583546444774,0.13375797867774963
9,157,2462,4.898084080195986e-05,1.1498899459838867,0.00016304905875585973,0.13291139900684357
9,158,2463,4.8980018618749455e-05,1.1492080688476562,0.00016231804329436272,0.1320754885673523
9,159,2464,4.897919643553905e-05,1.1488194465637207,0.0001614309730939567,0.13125000894069672
9,160,2465,4.897837061434984e-05,1.1494805812835693,0.00016294153465423733,0.1304347962141037
9,161,2466,4.8977552069118246e-05,1.1499876976013184,0.00016380044689867646,0.12962964177131653
9,162,2467,4.897672260995023e-05,1.1487596035003662,0.00016340217553079128,0.12883436679840088
9,163,2468,4.8975904064718634e-05,1.1501355171203613,0.000162405805895105,0.13414634764194489
9,164,2469,4.8975078243529424e-05,1.1501164436340332,0.00016347135533578694,0.13333334028720856
9,165,2470,4.897425606031902e-05,1.1498733758926392,0.0001649624900892377,0.13253013789653778
9,166,2471,4.897343023912981e-05,1.1498899459838867,0.00016405990754719824,0.13173653185367584
9,167,2472,4.89726044179406e-05,1.1494464874267578,0.00016328826313838363,0.130952388048172
9,168,2473,4.89717822347302e-05,1.1484122276306152,0.0001640347036300227,0.13017752766609192
9,169,2474,4.897095641354099e-05,1.1487846374511719,0.0001631120831007138,0.12941177189350128
9,170,2475,4.897013059235178e-05,1.1491587162017822,0.0001645208685658872,0.12865498661994934
9,171,2476,4.896930477116257e-05,1.1504119634628296,0.0001635643420740962,0.13372093439102173
9,172,2477,4.896848258795217e-05,1.1510659456253052,0.0001650743797654286,0.13294798135757446
9,173,2478,4.896765312878415e-05,1.151013731956482,0.0001642063434701413,0.13218392431735992
9,174,2479,4.896682730759494e-05,1.151865839958191,0.00016580033116042614,0.1314285844564438
9,175,2480,4.8965994210448116e-05,1.1524906158447266,0.0001673176302574575,0.1306818276643753
9,176,2481,4.8965168389258906e-05,1.1528382301330566,0.00016875083383638412,0.12994351983070374
9,177,2482,4.8964342568069696e-05,1.1526920795440674,0.00016787732602097094,0.12921349704265594
9,178,2483,4.896351310890168e-05,1.1538753509521484,0.00016693948418833315,0.1340782195329666
9,179,2484,4.896268728771247e-05,1.1544175148010254,0.0001686533505562693,0.13333334028720856
9,180,2485,4.8961854190565646e-05,1.155625820159912,0.0001677215623203665,0.13812156021595
9,181,2486,4.896103200735524e-05,1.1558326482772827,0.00016912794671952724,0.13736264407634735
9,182,2487,4.896019891020842e-05,1.1568100452423096,0.00016820375458337367,0.1420765072107315
9,183,2488,4.89593694510404e-05,1.1570192575454712,0.00016951182624325156,0.1413043588399887
9,184,2489,4.8958539991872385e-05,1.157005786895752,0.00016867004160303622,0.14054055511951447
9,185,2490,4.895770689472556e-05,1.1555224657058716,0.0001688585471129045,0.13978496193885803
9,186,2491,4.8956877435557544e-05,1.1566543579101562,0.00016795555711723864,0.14438503980636597
9,187,2492,4.895604433841072e-05,1.1575138568878174,0.0001670703204581514,0.14361703395843506
9,188,2493,4.8955211241263896e-05,1.157217264175415,0.00016633329505566508,0.1428571492433548
9,189,2494,4.895438178209588e-05,1.15787672996521,0.0001678004045970738,0.14210526645183563
9,190,2495,4.8953548684949055e-05,1.1588600873947144,0.00016692187637090683,0.14659686386585236
9,191,2496,4.895271922578104e-05,1.1575201749801636,0.00016753900854382664,0.1458333432674408
9,192,2497,4.8951886128634214e-05,1.1563879251480103,0.00016725872410461307,0.14507773518562317
9,193,2498,4.895105303148739e-05,1.1552810668945312,0.00016701582353562117,0.14432990550994873
9,194,2499,4.8950219934340566e-05,1.1551241874694824,0.00016622831753920764,0.14358974993228912
9,195,2500,4.8949383199214935e-05,1.1557648181915283,0.00016538774070795625,0.1428571492433548
9,196,2501,4.894855374004692e-05,1.155493974685669,0.00016466891975142062,0.1421319842338562
9,197,2502,4.894771336694248e-05,1.1552364826202393,0.00016395986313000321,0.14141415059566498
9,198,2503,4.894688390777446e-05,1.155841588973999,0.0001631435297895223,0.14070352911949158
9,199,2504,4.894604717264883e-05,1.1567021608352661,0.00016233266796916723,0.14000001549720764
9,200,2505,4.8945206799544394e-05,1.155622959136963,0.00016206703730858862,0.13930349051952362
9,201,2506,4.894437734037638e-05,1.1566543579101562,0.00016126471746247262,0.143564373254776
9,202,2507,4.8943540605250746e-05,1.1555001735687256,0.000161057454533875,0.1428571492433548
9,203,2508,4.8942703870125115e-05,1.1570452451705933,0.00016234774375334382,0.14215686917304993
9,204,2509,4.8941867134999484e-05,1.1565475463867188,0.00016171784955076873,0.14146342873573303
9,205,2510,4.894103039987385e-05,1.1553165912628174,0.00016142643289640546,0.14077670872211456
9,206,2511,4.894019366474822e-05,1.1561450958251953,0.00016276909445878118,0.14009663462638855
9,207,2512,4.893935692962259e-05,1.1562163829803467,0.0001620356342755258,0.13942308723926544
9,208,2513,4.893851655651815e-05,1.1565032005310059,0.0001612946216482669,0.13875599205493927
9,209,2514,4.8937676183413714e-05,1.1572825908660889,0.0001625081931706518,0.13809524476528168
9,210,2515,4.893683944828808e-05,1.1572673320770264,0.00016180641250684857,0.1374407708644867
9,211,2516,4.893600271316245e-05,1.157008171081543,0.00016299053095281124,0.13679246604442596
9,212,2517,4.8935162340058014e-05,1.1566948890686035,0.00016235068324021995,0.13615024089813232
9,213,2518,4.8934321966953576e-05,1.1576007604599,0.00016159203369170427,0.14018692076206207
9,214,2519,4.8933485231827945e-05,1.1582684516906738,0.00016281238640658557,0.13953489065170288
9,215,2520,4.89326412207447e-05,1.1582123041152954,0.00016212589980568737,0.1388888955116272
9,216,2521,4.893180448561907e-05,1.157137393951416,0.0001618940441403538,0.13824886083602905
9,217,2522,4.893096411251463e-05,1.1578474044799805,0.00016115853213705122,0.1376146823167801
9,218,2523,4.8930120101431385e-05,1.158113718032837,0.00016045535448938608,0.13698631525039673
9,219,2524,4.892927609034814e-05,1.1585471630096436,0.00016157278150785714,0.13636364042758942
9,220,2525,4.89284357172437e-05,1.1577939987182617,0.0001611331244930625,0.13574661314487457
9,221,2526,4.8927591706160456e-05,1.1569042205810547,0.00016082474030554295,0.13513514399528503
9,222,2527,4.892675133305602e-05,1.1557289361953735,0.0001614788343431428,0.13452915847301483
9,223,2528,4.892590732197277e-05,1.1554439067840576,0.00016086507821455598,0.133928582072258
9,224,2529,4.892506331088953e-05,1.1548881530761719,0.00016187384608201683,0.13333334028720856
9,225,2530,4.892422293778509e-05,1.1556737422943115,0.00016312309890054166,0.13274337351322174
9,226,2531,4.8923378926701844e-05,1.1565706729888916,0.00016240449622273445,0.13656388223171234
9,227,2532,4.89225349156186e-05,1.1565351486206055,0.0001617382513359189,0.13596491515636444
9,228,2533,4.892169090453535e-05,1.155517578125,0.00016160577069967985,0.13537119328975677
9,229,2534,4.89208432554733e-05,1.1551088094711304,0.00016105496615637094,0.134782612323761
9,230,2535,4.892000288236886e-05,1.1557660102844238,0.00016036431770771742,0.1341991424560547
9,231,2536,4.891915523330681e-05,1.1565241813659668,0.00015967308718245476,0.13793103396892548
9,232,2537,4.891830758424476e-05,1.1563152074813843,0.00016068285913206637,0.1373390555381775
9,233,2538,4.891746357316151e-05,1.1553587913513184,0.0001604461285751313,0.1367521435022354
9,234,2539,4.891661592409946e-05,1.1562377214431763,0.00015976338181644678,0.14042553305625916
9,235,2540,4.891576827503741e-05,1.1570696830749512,0.00015908642672002316,0.14406779408454895
9,236,2541,4.891492426395416e-05,1.156069278717041,0.00015891499060671777,0.14345991611480713
9,237,2542,4.891407661489211e-05,1.1557072401046753,0.00015976993017829955,0.1428571492433548
9,238,2543,4.891322896583006e-05,1.1545512676239014,0.00015986987273208797,0.142259418964386
9,239,2544,4.8912381316768005e-05,1.1548868417739868,0.00016096929903142154,0.14166666567325592
9,240,2545,4.8911530029727146e-05,1.1551055908203125,0.00016033079009503126,0.14107884466648102
9,241,2546,4.89106860186439e-05,1.155996322631836,0.00016134930774569511,0.14049586653709412
9,242,2547,4.890983473160304e-05,1.1555507183074951,0.00016223134298343211,0.13991770148277283
9,243,2548,4.890898708254099e-05,1.1550908088684082,0.00016295691602863371,0.13934426009655
9,244,2549,4.890813579550013e-05,1.1549161672592163,0.00016381556633859873,0.1387755125761032
9,245,2550,4.890728814643808e-05,1.1550695896148682,0.00016318651614710689,0.13821138441562653
9,246,2551,4.890643685939722e-05,1.155295491218567,0.0001625538570806384,0.13765181601047516
9,247,2552,4.8905589210335165e-05,1.1554419994354248,0.00016364578914362937,0.13709677755832672
9,248,2553,4.89047342853155e-05,1.155651569366455,0.00016301711730193347,0.13654617965221405
9,249,2554,4.890388299827464e-05,1.1556429862976074,0.00016242251149378717,0.13600000739097595
9,250,2555,4.890303534921259e-05,1.1564679145812988,0.00016177541692741215,0.13944223523139954
9,251,2556,4.890218406217173e-05,1.1570732593536377,0.00016284729645121843,0.1388888955116272
9,252,2557,4.8901325499173254e-05,1.1568646430969238,0.00016379085718654096,0.13833992183208466
9,253,2558,4.8900474212132394e-05,1.1568256616592407,0.00016320266877301037,0.13779526948928833
9,254,2559,4.8899622925091535e-05,1.1559826135635376,0.00016296785906888545,0.13725490868091583
9,255,2560,4.8898771638050675e-05,1.1565723419189453,0.00016395439160987735,0.13671875
10,0,2561,4.889791671303101e-05,1.0487254858016968,4.262318179826252e-05,3.937008052901092e-09
10,1,2562,4.889706178801134e-05,0.9718785285949707,9.561654587741941e-05,2.377334773484563e-09
10,2,2563,4.889621050097048e-05,1.0841524600982666,0.00020807684632018209,1.586865971958673e-09
10,3,2564,4.8895355575950816e-05,1.1368443965911865,0.0001564413250889629,3.244014479264479e-08
10,4,2565,4.889450065093115e-05,1.1751106977462769,0.00012530414096545428,7.595210860245061e-08
10,5,2566,4.889364572591148e-05,1.2046754360198975,0.00010442019265610725,0.16666673123836517
10,6,2567,4.889278716291301e-05,1.161102533340454,0.00012916780542582273,0.14285719394683838
10,7,2568,4.889193587587215e-05,1.1287119388580322,0.00014753475261386484,0.12500004470348358
10,8,2569,4.8891077312873676e-05,1.1355905532836914,0.0001777519064489752,0.11111114919185638
10,9,2570,4.889022238785401e-05,1.1330926418304443,0.0002014423516811803,0.1000000387430191
10,10,2571,4.8889363824855536e-05,1.1346453428268433,0.00018424761947244406,0.09090912342071533
10,11,2572,4.888850526185706e-05,1.156324028968811,0.00020518932433333248,0.08333336561918259
10,12,2573,4.888764669885859e-05,1.1714470386505127,0.00018940557492896914,0.15384618937969208
10,13,2574,4.888679177383892e-05,1.181157112121582,0.00017598358681425452,0.14285719394683838
10,14,2575,4.888593321084045e-05,1.1828722953796387,0.0001647334429435432,0.13333338499069214
10,15,2576,4.8885074647841975e-05,1.1889046430587769,0.00015452809748239815,0.12500005960464478
10,16,2577,4.88842160848435e-05,1.1905124187469482,0.00014585377357434481,0.11764711141586304
10,17,2578,4.8883361159823835e-05,1.1901257038116455,0.00013813462282996625,0.11111116409301758
10,18,2579,4.8882498958846554e-05,1.1827476024627686,0.00013302621664479375,0.10526321083307266
10,19,2580,4.888164039584808e-05,1.181715488433838,0.00012697964848484844,0.1000000461935997
10,20,2581,4.888078183284961e-05,1.1815639734268188,0.00012126949150115252,0.09523814171552658
10,21,2582,4.887992326985113e-05,1.1699628829956055,0.00012075687845936045,0.09090913087129593
10,22,2583,4.887906106887385e-05,1.1699426174163818,0.00013343192404136062,0.08695656061172485
10,23,2584,4.887819886789657e-05,1.1702005863189697,0.00014552890206687152,0.08333337306976318
10,24,2585,4.88773403048981e-05,1.1781435012817383,0.00015736083150841296,0.08000003546476364
10,25,2586,4.887647446594201e-05,1.1780743598937988,0.00015157363668549806,0.07692311704158783
10,26,2587,4.887561590294354e-05,1.1783180236816406,0.00014621042646467686,0.07407411187887192
10,27,2588,4.8874753701966256e-05,1.1697006225585938,0.00014462386025115848,0.07142860442399979
10,28,2589,4.887388786301017e-05,1.1633899211883545,0.00014877697685733438,0.06896554678678513
10,29,2590,4.8873029300011694e-05,1.154754400253296,0.0001481578656239435,0.06666669994592667
10,30,2591,4.8872167099034414e-05,1.150323510169983,0.0001558431249577552,0.06451615691184998
10,31,2592,4.8871301260078326e-05,1.1551053524017334,0.00015102126053534448,0.06250003725290298
10,32,2593,4.887043542112224e-05,1.1479556560516357,0.0001534058537799865,0.06060609593987465
10,33,2594,4.886957322014496e-05,1.141242265701294,0.0001523932151030749,0.058823563158512115
10,34,2595,4.886870738118887e-05,1.1453949213027954,0.00015709684521425515,0.057142890989780426
10,35,2596,4.886784518021159e-05,1.14031982421875,0.00015440101560670882,0.055555589497089386
10,36,2597,4.88669793412555e-05,1.1423745155334473,0.0001617722155060619,0.05405408516526222
10,37,2598,4.886611714027822e-05,1.1437225341796875,0.00016837858129292727,0.05263160914182663
10,38,2599,4.8865247663343325e-05,1.1441172361373901,0.00016428163507953286,0.05128208175301552
10,39,2600,4.8864385462366045e-05,1.149092674255371,0.0001601840485818684,0.05000004172325134
10,40,2601,4.886351234745234e-05,1.153139591217041,0.0001661085116211325,0.04878052696585655
10,41,2602,4.886265014647506e-05,1.1558042764663696,0.00017124433361459523,0.047619085758924484
10,42,2603,4.8861784307518974e-05,1.1493186950683594,0.00017172674415633082,0.04651166498661041
10,43,2604,4.886091483058408e-05,1.1522576808929443,0.00017519950051791966,0.04545458406209946
10,44,2605,4.886004899162799e-05,1.1475764513015747,0.0001736602425808087,0.044444482773542404
10,45,2606,4.8859179514693096e-05,1.147831678390503,0.0001701477449387312,0.04347829893231392
10,46,2607,4.88583100377582e-05,1.1512200832366943,0.00016656002844683826,0.04255323112010956
10,47,2608,4.8857444198802114e-05,1.1544207334518433,0.00016312084335368127,0.04166671261191368
10,48,2609,4.885657472186722e-05,1.1573820114135742,0.00015982291370164603,0.040816374123096466
10,49,2610,4.8855701606953517e-05,1.1519091129302979,0.00015967153012752533,0.04000004753470421
10,50,2611,4.885483576799743e-05,1.1518110036849976,0.00015682217781431973,0.039215732365846634
10,51,2612,4.8853966291062534e-05,1.1558864116668701,0.0001538063515909016,0.057692352682352066
10,52,2613,4.885309681412764e-05,1.15108060836792,0.0001561720564495772,0.056603819131851196
10,53,2614,4.885222369921394e-05,1.1498358249664307,0.00016046171367634088,0.05555560067296028
10,54,2615,4.885135422227904e-05,1.1458475589752197,0.00015927280765026808,0.05454549938440323
10,55,2616,4.885048474534415e-05,1.1424031257629395,0.00016221629630308598,0.05357147008180618
10,56,2617,4.884961526840925e-05,1.1392788887023926,0.0001607824524398893,0.052631620317697525
10,57,2618,4.884874215349555e-05,1.1438230276107788,0.00016497790056746453,0.051724180579185486
10,58,2619,4.884786903858185e-05,1.14412260055542,0.00016238391981460154,0.05084749683737755
10,59,2620,4.8846995923668146e-05,1.1443676948547363,0.00015988474478945136,0.050000037997961044
10,60,2621,4.8846122808754444e-05,1.1463427543640137,0.00016389043594244868,0.04918036609888077
10,61,2622,4.884524969384074e-05,1.1496570110321045,0.0001612470659893006,0.06451616436243057
10,62,2623,4.884437657892704e-05,1.1531057357788086,0.00015868758782744408,0.07936511933803558
10,63,2624,4.884350346401334e-05,1.1566886901855469,0.0001621026312932372,0.07812503725290298
10,64,2625,4.8842630349099636e-05,1.1571431159973145,0.0001597490336280316,0.07692311704158783
10,65,2626,4.884175359620713e-05,1.1530215740203857,0.00015972997061908245,0.07575761526823044
10,66,2627,4.8840880481293425e-05,1.154857873916626,0.00015736749628558755,0.07462690025568008
10,67,2628,4.884000736637972e-05,1.1552025079727173,0.00016112290904857218,0.0735294446349144
10,68,2629,4.883912697550841e-05,1.1533210277557373,0.00016446021618321538,0.07246380299329758
10,69,2630,4.8838253860594705e-05,1.155438780784607,0.0001621322298888117,0.07142860442399979
10,70,2631,4.8837380745681e-05,1.1575946807861328,0.0001598695234861225,0.07042256742715836
10,71,2632,4.8836500354809687e-05,1.1596097946166992,0.00015767026343382895,0.06944447755813599
10,72,2633,4.883562360191718e-05,1.1615186929702759,0.00015553119010291994,0.06849317997694016
10,73,2634,4.8834750487003475e-05,1.157650351524353,0.00015630781126674265,0.0675676017999649
10,74,2635,4.883387009613216e-05,1.1573776006698608,0.00015440929564647377,0.06666669994592667
10,75,2636,4.883299334323965e-05,1.1575708389282227,0.00015753807383589447,0.06578950583934784
10,76,2637,4.883211659034714e-05,1.156913161277771,0.00016052625142037868,0.0649350956082344
10,77,2638,4.883123983745463e-05,1.158829927444458,0.00015848770271986723,0.06410259753465652
10,78,2639,4.8830359446583316e-05,1.1592395305633545,0.00016171674360521138,0.06329116970300674
10,79,2640,4.8829479055712e-05,1.1556909084320068,0.0001620509719941765,0.06250002980232239
10,80,2641,4.882860230281949e-05,1.1563668251037598,0.00016013829736039042,0.061728425323963165
10,81,2642,4.882772554992698e-05,1.156596302986145,0.00015826962771825492,0.060975637286901474
10,82,2643,4.882684152107686e-05,1.158109188079834,0.0001600581017555669,0.06024099141359329
10,83,2644,4.882596476818435e-05,1.1604260206222534,0.0001581526594236493,0.07142859697341919
10,84,2645,4.8825080739334226e-05,1.1621041297912598,0.000156309426529333,0.07058826088905334
10,85,2646,4.882420034846291e-05,1.1618835926055908,0.00015466156764887273,0.06976746767759323
10,86,2647,4.882331995759159e-05,1.161198377609253,0.00015631839050911367,0.06896554678678513
10,87,2648,4.882243956672028e-05,1.161484956741333,0.0001593223714735359,0.0681818425655365
10,88,2649,4.882155917584896e-05,1.1617043018341064,0.00015763845294713974,0.0674157589673996
10,89,2650,4.882067150902003e-05,1.1615302562713623,0.00015603931387886405,0.06666669249534607
10,90,2651,4.8819791118148714e-05,1.1623039245605469,0.00015835650265216827,0.06593409180641174
10,91,2652,4.881890708929859e-05,1.162166714668274,0.00015676702605560422,0.06521742045879364
10,92,2653,4.8818026698427275e-05,1.1592309474945068,0.00015807099407538772,0.06451615691184998
10,93,2654,4.881714630755596e-05,1.1606820821762085,0.0001613124622963369,0.06382980942726135
10,94,2655,4.881625864072703e-05,1.1594977378845215,0.00016003995551727712,0.06315792351961136
10,95,2656,4.8815374611876905e-05,1.1574954986572266,0.0001592558401171118,0.06250002235174179
10,96,2657,4.881449058302678e-05,1.1572468280792236,0.00015776162035763264,0.06185569614171982
10,97,2658,4.881360655417666e-05,1.1583253145217896,0.00016031258564908057,0.06122451275587082
10,98,2659,4.8812722525326535e-05,1.1598424911499023,0.00015870851348154247,0.060606084764003754
10,99,2660,4.881183849647641e-05,1.1585288047790527,0.00015757509390823543,0.06000002473592758
10,100,2661,4.881095082964748e-05,1.1586663722991943,0.0001561052049510181,0.059405963867902756
10,101,2662,4.881006316281855e-05,1.156768798828125,0.00015536822320427746,0.05882355198264122
10,102,2663,4.880917913396843e-05,1.1575453281402588,0.00015783817798364908,0.058252450078725815
10,103,2664,4.8808295105118304e-05,1.155764102935791,0.0001570211024954915,0.057692330330610275
10,104,2665,4.880740380031057e-05,1.154397964477539,0.00015613838331773877,0.05714287981390953
10,105,2666,4.880651613348164e-05,1.1518495082855225,0.00015613558935001493,0.056603796780109406
10,106,2667,4.880563210463151e-05,1.1533268690109253,0.00015866536705289036,0.05607478693127632
10,107,2668,4.8804740799823776e-05,1.152087688446045,0.00015761912800371647,0.05555557832121849
10,108,2669,4.880385677097365e-05,1.153049111366272,0.00015987062943167984,0.05504589527845383
10,109,2670,4.880296910414472e-05,1.1509137153625488,0.00015937729040160775,0.05454547703266144
10,110,2671,4.8802077799336985e-05,1.150442361831665,0.00016142478852998465,0.05405407398939133
10,111,2672,4.8801190132508054e-05,1.152207374572754,0.00015998349408619106,0.06250002235174179
10,112,2673,4.880029882770032e-05,1.1505966186523438,0.00015919769066385925,0.06194692477583885
10,113,2674,4.879940752289258e-05,1.1503121852874756,0.000157917442265898,0.06140352785587311
10,114,2675,4.879851985606365e-05,1.148115873336792,0.00015904632164165378,0.06086958572268486
10,115,2676,4.879762855125591e-05,1.1465258598327637,0.00015819421969354153,0.06034484878182411
10,116,2677,4.8796737246448174e-05,1.1453301906585693,0.00015726411947980523,0.05982907861471176
10,117,2678,4.8795849579619244e-05,1.1431251764297485,0.00015728184371255338,0.0593220554292202
10,118,2679,4.8794958274811506e-05,1.1429871320724487,0.00015848284238018095,0.05882354825735092
10,119,2680,4.879406697000377e-05,1.1442365646362305,0.00015717436326667666,0.05833335220813751
10,120,2681,4.8793172027217224e-05,1.1434115171432495,0.0001590756291989237,0.05785125866532326
10,121,2682,4.879228072240949e-05,1.1420197486877441,0.00015841465210542083,0.05737707018852234
10,122,2683,4.879138577962294e-05,1.1433093547821045,0.00015713911852799356,0.05691058933734894
10,123,2684,4.8790494474815205e-05,1.1434661149978638,0.00015910698857624084,0.05645163357257843
10,124,2685,4.878959953202866e-05,1.1448540687561035,0.0001608111197128892,0.05600002035498619
10,125,2686,4.878870822722092e-05,1.1432030200958252,0.00016198534285649657,0.05555557459592819
10,126,2687,4.878781328443438e-05,1.142830729484558,0.00016088438860606402,0.055118128657341
10,127,2688,4.878692197962664e-05,1.143892765045166,0.00016287530888803303,0.05468751862645149
10,128,2689,4.878602339886129e-05,1.141895055770874,0.00016285298625007272,0.054263584315776825
10,129,2690,4.878513209405355e-05,1.1432373523712158,0.00016469493857584894,0.053846172988414764
10,130,2691,4.87842335132882e-05,1.144420862197876,0.0001634494838071987,0.053435131907463074
10,131,2692,4.8783338570501655e-05,1.1460990905761719,0.0001622112322365865,0.06060607358813286
10,132,2693,4.878244362771511e-05,1.1476964950561523,0.0001609915925655514,0.06766919046640396
10,133,2694,4.878154504694976e-05,1.146956205368042,0.0001600478426553309,0.06716419011354446
10,134,2695,4.8780650104163215e-05,1.147383689880371,0.00015891523798927665,0.06666667759418488
10,135,2696,4.877975516137667e-05,1.14573073387146,0.0001601492695044726,0.06617648154497147
10,136,2697,4.877885658061132e-05,1.1440985202789307,0.00016061606584116817,0.0656934455037117
10,137,2698,4.877795799984597e-05,1.1437809467315674,0.00015961096505634487,0.06521740555763245
10,138,2699,4.8777059419080615e-05,1.1420776844024658,0.00016032761777751148,0.06474821269512177
10,139,2700,4.877616447629407e-05,1.1421728134155273,0.000159245275426656,0.06428572535514832
10,140,2701,4.877526225754991e-05,1.141838550567627,0.00016095786122605205,0.06382980197668076
10,141,2702,4.877436731476337e-05,1.141857385635376,0.00015992496628314257,0.06338029354810715
10,142,2703,4.877346509601921e-05,1.1433615684509277,0.00015880662249401212,0.06993008404970169
10,143,2704,4.877256651525386e-05,1.1445996761322021,0.0001599634124431759,0.0694444552063942
10,144,2705,4.8771667934488505e-05,1.1428245306015015,0.00015971473476383835,0.06896553188562393
10,145,2706,4.8770769353723153e-05,1.1430023908615112,0.00016134034376591444,0.06849316507577896
10,146,2707,4.87698707729578e-05,1.1444618701934814,0.0001602427801117301,0.07482994347810745
10,147,2708,4.8768964916234836e-05,1.1446703672409058,0.00015920565056148916,0.0743243396282196
10,148,2709,4.8768066335469484e-05,1.1445443630218506,0.00016071312711574137,0.07382551580667496
10,149,2710,4.8767164116725326e-05,1.1430317163467407,0.00016043949290178716,0.07333334535360336
10,150,2711,4.876626189798117e-05,1.1431400775909424,0.00015943987818900496,0.07284769415855408
10,151,2712,4.8765363317215815e-05,1.1432735919952393,0.00016091213910840452,0.07236843556165695
10,152,2713,4.8764461098471656e-05,1.1444664001464844,0.00015986044309102,0.0784313827753067
10,153,2714,4.876355524174869e-05,1.1430084705352783,0.0001595369540154934,0.07792209088802338
10,154,2715,4.876265302300453e-05,1.1432981491088867,0.00015856536629144102,0.07741937041282654
10,155,2716,4.876175080426037e-05,1.1443591117858887,0.00015755443018861115,0.07692308723926544
10,156,2717,4.8760848585516214e-05,1.1435894966125488,0.00015890825306996703,0.07643312960863113
10,157,2718,4.8759946366772056e-05,1.1449806690216064,0.00015790251200087368,0.08227849006652832
10,158,2719,4.875904051004909e-05,1.1453046798706055,0.00015935240662656724,0.08176101744174957
10,159,2720,4.8758134653326124e-05,1.1452826261520386,0.000158447161084041,0.08125001192092896
10,160,2721,4.875722879660316e-05,1.1463156938552856,0.0001600413233973086,0.08074535429477692
10,161,2722,4.8756326577859e-05,1.1448209285736084,0.00015984024503268301,0.0802469253540039
10,162,2723,4.8755417083157226e-05,1.1438184976577759,0.00015926509513519704,0.07975461333990097
10,163,2724,4.875451486441307e-05,1.1435678005218506,0.00015842841821722686,0.07926830649375916
10,164,2725,4.87536090076901e-05,1.1431831121444702,0.00015975497080944479,0.0787878930568695
10,165,2726,4.8752703150967136e-05,1.1426150798797607,0.00015902414452284575,0.07831326127052307
10,166,2727,4.875179365626536e-05,1.143897294998169,0.0001580719108460471,0.08383234590291977
10,167,2728,4.87508877995424e-05,1.1448535919189453,0.00015714015171397477,0.0833333432674408
10,168,2729,4.8749978304840624e-05,1.1459468603134155,0.00015621032798662782,0.08875741064548492
10,169,2730,4.874907244811766e-05,1.146916151046753,0.000155299756443128,0.08823530375957489
10,170,2731,4.8748162953415886e-05,1.1454708576202393,0.00015510655066464096,0.08771930634975433
10,171,2732,4.874725709669292e-05,1.144458293914795,0.00015458457346539944,0.0872093141078949
10,172,2733,4.874634760199115e-05,1.1459342241287231,0.00015539489686489105,0.08670521527528763
10,173,2734,4.8745438107289374e-05,1.1459667682647705,0.00015457226254511625,0.08620690554380417
10,174,2735,4.87445286125876e-05,1.1452915668487549,0.0001555710332468152,0.08571429550647736
10,175,2736,4.874361911788583e-05,1.146172285079956,0.00015469585196115077,0.08522728085517883
10,176,2737,4.874270598520525e-05,1.147029161453247,0.00015383042045868933,0.08474577218294144
10,177,2738,4.874180012848228e-05,1.146860957145691,0.00015522487228736281,0.08426967263221741
10,178,2739,4.874089063378051e-05,1.146294355392456,0.00015455334505531937,0.08379889279603958
10,179,2740,4.873997750109993e-05,1.1465184688568115,0.00015374424401670694,0.0833333432674408
10,180,2741,4.873906436841935e-05,1.1472218036651611,0.00015290293958969414,0.08287294209003448
10,181,2742,4.8738154873717576e-05,1.1483838558197021,0.00015206282841973007,0.08791209757328033
10,182,2743,4.8737241741036996e-05,1.1468901634216309,0.00015249525313265622,0.08743170648813248
10,183,2744,4.8736328608356416e-05,1.14786958694458,0.00015403273573610932,0.08695653080940247
10,184,2745,4.873541911365464e-05,1.1490628719329834,0.00015536905266344547,0.08648649603128433
10,185,2746,4.873450598097406e-05,1.1498723030090332,0.00015454177628271282,0.08602151274681091
10,186,2747,4.873359284829348e-05,1.1498887538909912,0.00015377973613794893,0.08556150645017624
10,187,2748,4.87326797156129e-05,1.148564338684082,0.00015363743295893073,0.08510639518499374
10,188,2749,4.8731762944953516e-05,1.1475913524627686,0.00015312244067899883,0.08465609699487686
10,189,2750,4.873085345025174e-05,1.1464612483978271,0.00015285867266356945,0.08421053737401962
10,190,2751,4.8729936679592356e-05,1.1475722789764404,0.00015445638564415276,0.08376964181661606
10,191,2752,4.8729023546911776e-05,1.1481573581695557,0.00015570448886137456,0.0833333432674408
10,192,2753,4.872810677625239e-05,1.1470202207565308,0.00015536887804046273,0.08290156722068787
10,193,2754,4.872719364357181e-05,1.1457154750823975,0.00015593416173942387,0.0824742391705513
10,194,2755,4.872627687291242e-05,1.144416332244873,0.00015648003318347037,0.08205129206180573
10,195,2756,4.8725360102253035e-05,1.1433420181274414,0.00015617808094248176,0.08163266628980637
10,196,2757,4.872444333159365e-05,1.1441786289215088,0.0001572313776705414,0.08121828734874725
10,197,2758,4.872352656093426e-05,1.144166350364685,0.00015650951536372304,0.08080808818340302
10,198,2759,4.872261342825368e-05,1.1442058086395264,0.00015578363672830164,0.08040201663970947
10,199,2760,4.8721693019615486e-05,1.1428523063659668,0.00015593305579386652,0.08000001311302185
10,200,2761,4.87207762489561e-05,1.1429708003997803,0.0001552173198433593,0.07960200309753418
10,201,2762,4.871985947829671e-05,1.1435891389846802,0.00015445641474798322,0.07920792698860168
10,202,2763,4.871893543167971e-05,1.1427531242370605,0.00015405105659738183,0.07881774008274078
10,203,2764,4.871802229899913e-05,1.1428062915802002,0.00015335562056861818,0.0784313827753067
10,204,2765,4.8717105528339744e-05,1.1434104442596436,0.00015449117927346379,0.07804878801107407
10,205,2766,4.871618148172274e-05,1.1440327167510986,0.00015374833310488611,0.0776699110865593
10,206,2767,4.871526107308455e-05,1.1450059413909912,0.00015300558879971504,0.08212561160326004
10,207,2768,4.871434430242516e-05,1.1451423168182373,0.00015412336506415159,0.08173077553510666
10,208,2769,4.871342389378697e-05,1.1446712017059326,0.00015514683036599308,0.08133972436189651
10,209,2770,4.8712499847169966e-05,1.1439082622528076,0.00015471255755983293,0.08095239102840424
10,210,2771,4.871158307651058e-05,1.1444624662399292,0.00015582158812321723,0.08056873083114624
10,211,2772,4.8710662667872384e-05,1.145662546157837,0.00015696347691118717,0.08018869161605835
10,212,2773,4.870973862125538e-05,1.1456403732299805,0.0001562925463076681,0.07981221377849579
10,213,2774,4.870881821261719e-05,1.1461275815963745,0.00015758602239657193,0.07943926006555557
10,214,2775,4.870789416600019e-05,1.1460847854614258,0.0001569193264003843,0.07906977832317352
10,215,2776,4.870697375736199e-05,1.145302653312683,0.00015658297343179584,0.07870370894670486
10,216,2777,4.870604971074499e-05,1.1441967487335205,0.00015628308756276965,0.07834102213382721
10,217,2778,4.870512566412799e-05,1.1436091661453247,0.00015701715892646462,0.07798165827989578
10,218,2779,4.8704205255489796e-05,1.1438093185424805,0.0001563413825351745,0.0776255801320076
10,219,2780,4.870327757089399e-05,1.1447653770446777,0.00015563072520308197,0.08181819319725037
10,220,2781,4.8702357162255794e-05,1.1454143524169922,0.00015493342652916908,0.08144797384738922
10,221,2782,4.870143311563879e-05,1.144359827041626,0.00015473936218768358,0.0810810923576355
10,222,2783,4.8700505431042984e-05,1.1453115940093994,0.0001540454541100189,0.08520179986953735
10,223,2784,4.869958502240479e-05,1.1454477310180664,0.00015339860692620277,0.0848214402794838
10,224,2785,4.869866097578779e-05,1.1454975605010986,0.00015277150669135153,0.08444445580244064
10,225,2786,4.869773329119198e-05,1.145312786102295,0.00015218814951367676,0.08407080173492432
10,226,2787,4.869680560659617e-05,1.144907832145691,0.0001516692282166332,0.08370044827461243
10,227,2788,4.869588155997917e-05,1.1451404094696045,0.0001510357833467424,0.0833333432674408
10,228,2789,4.869495387538336e-05,1.1449005603790283,0.00015048302884679288,0.08296944200992584
10,229,2790,4.8694026190787554e-05,1.1445674896240234,0.00015138916205614805,0.08260870724916458
10,230,2791,4.8693098506191745e-05,1.1453195810317993,0.00015246827388182282,0.08225108683109283
10,231,2792,4.869216718361713e-05,1.144869327545166,0.00015196148888207972,0.08189655840396881
10,232,2793,4.869124313700013e-05,1.1438080072402954,0.00015171407721936703,0.08154506981372833
10,233,2794,4.869031909038313e-05,1.143937110900879,0.00015110481763258576,0.08119659125804901
10,234,2795,4.8689384129829705e-05,1.144822597503662,0.00015046182670630515,0.08510638773441315
10,235,2796,4.8688456445233896e-05,1.1447556018829346,0.00014988677867222577,0.08474577218294144
10,236,2797,4.868752876063809e-05,1.14504873752594,0.0001508545537944883,0.08438819646835327
10,237,2798,4.868660107604228e-05,1.1453558206558228,0.00015172729035839438,0.08403362333774567
10,238,2799,4.868567339144647e-05,1.144218921661377,0.00015184617950581014,0.08368201553821564
10,239,2800,4.868473843089305e-05,1.1434447765350342,0.00015155549044720829,0.0833333432674408
10,240,2801,4.868381074629724e-05,1.14235520362854,0.00015157691086642444,0.08298756182193756
10,241,2802,4.8682879423722625e-05,1.1424548625946045,0.0001509879803052172,0.08264463394880295
10,242,2803,4.868194810114801e-05,1.1434557437896729,0.00015188066754490137,0.08230453729629517
10,243,2804,4.8681016778573394e-05,1.1436879634857178,0.00015128702216316015,0.08196721971035004
10,244,2805,4.868008545599878e-05,1.1441458463668823,0.0001523362734587863,0.08163265883922577
10,245,2806,4.867915413342416e-05,1.143502116203308,0.00015303303371183574,0.08130081743001938
10,246,2807,4.867822281084955e-05,1.1432201862335205,0.000152579479617998,0.08097166568040848
10,247,2808,4.8677287850296125e-05,1.1441107988357544,0.0001519642537459731,0.08467742800712585
10,248,2809,4.867635652772151e-05,1.1432020664215088,0.000151747721247375,0.08433735370635986
10,249,2810,4.867542156716809e-05,1.1438307762145996,0.00015114668349269778,0.08400000631809235
10,250,2811,4.867449024459347e-05,1.1440849304199219,0.00015205747331492603,0.08366534858942032
10,251,2812,4.867355528404005e-05,1.144302487373352,0.00015148238162510097,0.0833333432674408
10,252,2813,4.8672620323486626e-05,1.1449146270751953,0.000150889580254443,0.08300396054983139
10,253,2814,4.8671685362933204e-05,1.1456923484802246,0.00015029552741907537,0.08661418408155441
10,254,2815,4.867075040237978e-05,1.145991325378418,0.00014973165525589138,0.08627451956272125
10,255,2816,4.866981544182636e-05,1.1468052864074707,0.00014914677012711763,0.0898437574505806
11,0,2817,4.8668880481272936e-05,1.1688681840896606,9.27562086872058e-06,2.0408164047580613e-08
11,1,2818,4.866794552071951e-05,1.1852258443832397,8.073453500401229e-06,2.336197724162048e-08
11,2,2819,4.866701056016609e-05,1.1056475639343262,3.4760563721647486e-05,1.6125616397744125e-08
11,3,2820,4.866607196163386e-05,1.119049310684204,2.9152353818062693e-05,1.5882090309560226e-08
11,4,2821,4.866513336310163e-05,1.1235257387161255,2.5759894924703985e-05,1.573597430137852e-08
11,5,2822,4.866419840254821e-05,1.1071851253509521,7.606508006574586e-05,1.3124706654821239e-08
11,6,2823,4.866325980401598e-05,1.1157379150390625,6.617514009121805e-05,1.5009147702471637e-08
11,7,2824,4.866232120548375e-05,1.0947120189666748,6.573792779818177e-05,1.3434936718681456e-08
11,8,2825,4.866138624493033e-05,1.0938479900360107,6.0810099967056885e-05,1.2875872812401212e-08
11,9,2826,4.86604476463981e-05,1.112126111984253,8.933013305068016e-05,1.158914386678589e-08
11,10,2827,4.865950904786587e-05,1.1247622966766357,0.00012243440141901374,1.0536353123313802e-08
11,11,2828,4.865857044933364e-05,1.1167175769805908,0.00014029108569957316,9.663882138966073e-09
11,12,2829,4.86576282128226e-05,1.1201272010803223,0.00013031410344410688,1.0270033712345139e-08
11,13,2830,4.865668961429037e-05,1.1049413681030273,0.00012715384946204722,9.644684162424255e-09
11,14,2831,4.865575101575814e-05,1.098166584968567,0.00012211964349262416,9.213345641967408e-09
11,15,2832,4.865481241722591e-05,1.1112463474273682,0.00011454668128862977,2.1137509520485764e-08
11,16,2833,4.8653870180714875e-05,1.116294026374817,0.0001297621347475797,1.9894981662105238e-08
11,17,2834,4.865292794420384e-05,1.1181440353393555,0.00012322136899456382,1.963145734862337e-08
11,18,2835,4.865198934567161e-05,1.1056954860687256,0.00012478409917093813,1.863729615081411e-08
11,19,2836,4.865104710916057e-05,1.0947935581207275,0.00012563107884489,1.7749620440099534e-08
11,20,2837,4.8650104872649536e-05,1.0995168685913086,0.00011998734407825395,1.815753236655837e-08
11,21,2838,4.86491626361385e-05,1.1114263534545898,0.00011453339539002627,0.045454561710357666
11,22,2839,4.864822039962746e-05,1.1135988235473633,0.00010993475734721869,0.04347827658057213
11,23,2840,4.8647278163116425e-05,1.112046241760254,0.00010648752504494041,0.04166668280959129
11,24,2841,4.864633228862658e-05,1.1142104864120483,0.00010258561815135181,0.04000001400709152
11,25,2842,4.8645390052115545e-05,1.1224889755249023,9.864004096016288e-05,0.07692309468984604
11,26,2843,4.864444781560451e-05,1.130908727645874,9.498672443442047e-05,0.1111111268401146
11,27,2844,4.864350557909347e-05,1.1230249404907227,9.561427577864379e-05,0.107142873108387
11,28,2845,4.864255970460363e-05,1.130422592163086,9.231725562131032e-05,0.13793104887008667
11,29,2846,4.8641610192134976e-05,1.1304287910461426,8.971543866209686e-05,0.13333335518836975
11,30,2847,4.864067159360275e-05,1.1237658262252808,9.00245358934626e-05,0.12903226912021637
11,31,2848,4.8639722081134096e-05,1.1287157535552979,8.725929365027696e-05,0.1250000149011612
11,32,2849,4.863877620664425e-05,1.1335314512252808,8.466001600027084e-05,0.12121213227510452
11,33,2850,4.863783033215441e-05,1.1353836059570312,8.237642759922892e-05,0.11764707416296005
11,34,2851,4.8636884457664564e-05,1.1381702423095703,9.085352212423459e-05,0.11428572982549667
11,35,2852,4.863594222115353e-05,1.1328656673431396,9.453273378312588e-05,0.1111111268401146
11,36,2853,4.863498907070607e-05,1.1361103057861328,0.00010213677160209045,0.10810811817646027
11,37,2854,4.863404683419503e-05,1.141026258468628,9.944898192770779e-05,0.1315789669752121
11,38,2855,4.863309732172638e-05,1.1415295600891113,9.71702320384793e-05,0.12820513546466827
11,39,2856,4.863214780925773e-05,1.142098307609558,9.499958832748234e-05,0.1250000149011612
11,40,2857,4.863120193476789e-05,1.1472162008285522,9.268253052141517e-05,0.146341472864151
11,41,2858,4.8630252422299236e-05,1.1483378410339355,9.06441782717593e-05,0.1428571492433548
11,42,2859,4.8629302909830585e-05,1.1479753255844116,8.88718495843932e-05,0.13953489065170288
11,43,2860,4.862835703534074e-05,1.1483871936798096,8.708697714610025e-05,0.13636364042758942
11,44,2861,4.862740388489328e-05,1.1487407684326172,8.538021211279556e-05,0.13333334028720856
11,45,2862,4.862645437242463e-05,1.1518678665161133,8.355715544894338e-05,0.1304347962141037
11,46,2863,4.862550849793479e-05,1.1547815799713135,8.181174052879214e-05,0.12765958905220032
11,47,2864,4.862455170950852e-05,1.158857822418213,8.010734018171206e-05,0.1458333432674408
11,48,2865,4.862360219703987e-05,1.1628539562225342,7.847250526538119e-05,0.16326530277729034
11,49,2866,4.862265268457122e-05,1.1665608882904053,7.690305938012898e-05,0.18000000715255737
11,50,2867,4.862170317210257e-05,1.1614793539047241,7.76375673012808e-05,0.1764705926179886
11,51,2868,4.8620746383676305e-05,1.165228009223938,7.614454807480797e-05,0.19230769574642181
11,52,2869,4.861980050918646e-05,1.164697527885437,8.189567597582936e-05,0.18867924809455872
11,53,2870,4.8618843720760196e-05,1.1681151390075684,8.03790899226442e-05,0.20370370149612427
11,54,2871,4.8617894208291546e-05,1.1680396795272827,7.90809208410792e-05,0.20000000298023224
11,55,2872,4.861693741986528e-05,1.1674015522003174,7.791926327627152e-05,0.1964285671710968
11,56,2873,4.861598426941782e-05,1.1670652627944946,7.676905079279095e-05,0.19298245012760162
11,57,2874,4.8615031118970364e-05,1.1635135412216187,7.672168430872262e-05,0.18965516984462738
11,58,2875,4.8614081606501713e-05,1.1666302680969238,7.542132516391575e-05,0.20338982343673706
11,59,2876,4.861312481807545e-05,1.1696219444274902,7.416430162265897e-05,0.21666666865348816
11,60,2877,4.861217166762799e-05,1.1712690591812134,7.297239790204912e-05,0.21311475336551666
11,61,2878,4.8611214879201725e-05,1.1741361618041992,7.179543899837881e-05,0.22580644488334656
11,62,2879,4.861025809077546e-05,1.1693906784057617,7.299311982933432e-05,0.2222222238779068
11,63,2880,4.8609304940328e-05,1.1648304462432861,7.40323739591986e-05,0.21875
11,64,2881,4.860834815190174e-05,1.1648277044296265,7.305715553229675e-05,0.2153846174478531
11,65,2882,4.860739136347547e-05,1.1627709865570068,7.587387517560273e-05,0.21212121844291687
11,66,2883,4.860643457504921e-05,1.1643517017364502,7.476311293430626e-05,0.20895522832870483
11,67,2884,4.860547778662294e-05,1.1661744117736816,7.368637307081372e-05,0.20588235557079315
11,68,2885,4.8604520998196676e-05,1.16384756565094,7.332848326768726e-05,0.2028985470533371
11,69,2886,4.860356784774922e-05,1.1623687744140625,7.270117930602282e-05,0.20000000298023224
11,70,2887,4.8602607421344146e-05,1.1586086750030518,7.343851029872894e-05,0.19718310236930847
11,71,2888,4.8601646994939074e-05,1.1601769924163818,7.243927393574268e-05,0.1944444477558136
11,72,2889,4.860069020651281e-05,1.1635847091674805,7.642027048859745e-05,0.19178082048892975
11,73,2890,4.8599729780107737e-05,1.1658961772918701,7.538757927250117e-05,0.20270270109176636
11,74,2891,4.859877299168147e-05,1.1659841537475586,7.450449629686773e-05,0.20000000298023224
11,75,2892,4.85978125652764e-05,1.1654126644134521,7.370742969214916e-05,0.19736842811107635
11,76,2893,4.8596855776850134e-05,1.1653341054916382,7.286807522177696e-05,0.19480518996715546
11,77,2894,4.859589535044506e-05,1.1643316745758057,7.222241401905194e-05,0.19230769574642181
11,78,2895,4.859493492403999e-05,1.1611626148223877,7.253504008986056e-05,0.18987341225147247
11,79,2896,4.859397449763492e-05,1.1615407466888428,7.174294296419248e-05,0.1875
11,80,2897,4.859301043325104e-05,1.1579663753509521,7.31602922314778e-05,0.18518517911434174
11,81,2898,4.859204636886716e-05,1.1572675704956055,7.668952457606792e-05,0.18292683362960815
11,82,2899,4.8591089580440894e-05,1.1587815284729004,7.578494842164218e-05,0.1807228922843933
11,83,2900,4.859012915403582e-05,1.1610236167907715,7.488275150535628e-05,0.190476194024086
11,84,2901,4.858916508965194e-05,1.163278341293335,7.86409800639376e-05,0.1882352977991104
11,85,2902,4.858820466324687e-05,1.1603107452392578,7.903769437689334e-05,0.1860465109348297
11,86,2903,4.858724059886299e-05,1.1605453491210938,8.19703855086118e-05,0.18390804529190063
11,87,2904,4.858627653447911e-05,1.1626520156860352,8.103891013888642e-05,0.1931818127632141
11,88,2905,4.8585308832116425e-05,1.1606510877609253,8.376414916710928e-05,0.1910112351179123
11,89,2906,4.858434840571135e-05,1.1624876260757446,8.649252413306385e-05,0.18888889253139496
11,90,2907,4.8583384341327474e-05,1.1618154048919678,8.569312194595113e-05,0.18681319057941437
11,91,2908,4.8582420276943594e-05,1.1617615222930908,8.487432933179662e-05,0.18478260934352875
11,92,2909,4.858145257458091e-05,1.1630876064300537,8.397816418437287e-05,0.1827957034111023
11,93,2910,4.858048851019703e-05,1.164756417274475,8.308478572871536e-05,0.19148936867713928
11,94,2911,4.857952444581315e-05,1.1666775941848755,8.512852946296334e-05,0.1894736886024475
11,95,2912,4.857856038142927e-05,1.1644115447998047,8.506995072821155e-05,0.1875
11,96,2913,4.8577592679066584e-05,1.1643433570861816,8.42874578665942e-05,0.1855670064687729
11,97,2914,4.85766249767039e-05,1.162003755569458,8.550932398065925e-05,0.18367347121238708
11,98,2915,4.857566091232002e-05,1.1638665199279785,8.464560232823715e-05,0.19191919267177582
11,99,2916,4.857469320995733e-05,1.1656787395477295,8.379915379919112e-05,0.20000000298023224
11,100,2917,4.8573725507594645e-05,1.1662707328796387,8.559689740650356e-05,0.19801980257034302
11,101,2918,4.857275780523196e-05,1.1659331321716309,8.81144660525024e-05,0.19607843458652496
11,102,2919,4.857179010286927e-05,1.167661190032959,8.725900261197239e-05,0.20388349890708923
11,103,2920,4.8570822400506586e-05,1.1692547798156738,8.641998283565044e-05,0.21153846383094788
11,104,2921,4.8569858336122707e-05,1.1709296703338623,8.559694106224924e-05,0.21904762089252472
11,105,2922,4.856888699578121e-05,1.172040581703186,8.480358519591391e-05,0.21698112785816193
11,106,2923,4.856791565543972e-05,1.1731774806976318,8.402348612435162e-05,0.21495327353477478
11,107,2924,4.856694795307703e-05,1.1742892265319824,8.325961243826896e-05,0.21296297013759613
11,108,2925,4.856597661273554e-05,1.1757702827453613,8.249577513197437e-05,0.22018349170684814
11,109,2926,4.8565005272394046e-05,1.1755118370056152,8.182179590221494e-05,0.2181818187236786
11,110,2927,4.856403757003136e-05,1.1751844882965088,8.119443373288959e-05,0.21621622145175934
11,111,2928,4.8563066229689866e-05,1.1761078834533691,8.04830197012052e-05,0.2142857164144516
11,112,2929,4.856209488934837e-05,1.1775641441345215,7.977079076226801e-05,0.22123894095420837
11,113,2930,4.856112354900688e-05,1.1748714447021484,8.019771485123783e-05,0.21929824352264404
11,114,2931,4.856014857068658e-05,1.1745221614837646,7.96034510130994e-05,0.21739129722118378
11,115,2932,4.855918086832389e-05,1.1760615110397339,8.21282301330939e-05,0.21551723778247833
11,116,2933,4.855820589000359e-05,1.1741644144058228,8.388985588680953e-05,0.21367521584033966
11,117,2934,4.855723091168329e-05,1.1761434078216553,8.627651550341398e-05,0.2118644118309021
11,118,2935,4.85562595713418e-05,1.1775481700897217,8.555150998290628e-05,0.21848739683628082
11,119,2936,4.8555288231000304e-05,1.1784307956695557,8.485131547786295e-05,0.21666666865348816
11,120,2937,4.8554313252680004e-05,1.1796666383743286,8.685539069119841e-05,0.21487602591514587
11,121,2938,4.85533382743597e-05,1.1781947612762451,8.88498907443136e-05,0.21311475336551666
11,122,2939,4.855236693401821e-05,1.1783008575439453,8.818430069368333e-05,0.21138212084770203
11,123,2940,4.855139195569791e-05,1.1792395114898682,8.748556138016284e-05,0.20967741310596466
11,124,2941,4.85504133393988e-05,1.1790860891342163,8.686939690960571e-05,0.20800000429153442
11,125,2942,4.854944199905731e-05,1.1772353649139404,8.848728612065315e-05,0.2063492089509964
11,126,2943,4.85484633827582e-05,1.1783480644226074,9.054902329808101e-05,0.20472441613674164
11,127,2944,4.85474884044379e-05,1.1783373355865479,8.989588241092861e-05,0.203125
11,128,2945,4.8546517064096406e-05,1.1796391010284424,8.919902029447258e-05,0.20930232107639313
11,129,2946,4.85455384477973e-05,1.180887222290039,8.851288293953985e-05,0.2153846174478531
11,130,2947,4.854455983149819e-05,1.1821463108062744,8.783721568761393e-05,0.221374049782753
11,131,2948,4.854358485317789e-05,1.182953119277954,8.718319440959021e-05,0.21969696879386902
11,132,2949,4.854260623687878e-05,1.1828315258026123,8.921120752347633e-05,0.21804511547088623
11,133,2950,4.8541627620579675e-05,1.183396577835083,8.855649502947927e-05,0.21641790866851807
11,134,2951,4.854064900428057e-05,1.1841776371002197,8.79115832503885e-05,0.21481481194496155
11,135,2952,4.853967038798146e-05,1.185239315032959,8.726517989998683e-05,0.22058823704719543
11,136,2953,4.853869177168235e-05,1.1859066486358643,8.66392656462267e-05,0.21897810697555542
11,137,2954,4.8537713155383244e-05,1.1870238780975342,8.601145236752927e-05,0.2246376872062683
11,138,2955,4.8536734539084136e-05,1.1868292093276978,8.545865421183407e-05,0.22302158176898956
11,139,2956,4.853575228480622e-05,1.1879405975341797,8.484823774779215e-05,0.22857142984867096
11,140,2957,4.853477730648592e-05,1.1885764598846436,8.425718988291919e-05,0.22695034742355347
11,141,2958,4.8533795052208006e-05,1.189661979675293,8.366383553948253e-05,0.23239436745643616
11,142,2959,4.85328164359089e-05,1.190955638885498,8.559608249925077e-05,0.23076923191547394
11,143,2960,4.853183054365218e-05,1.190694808959961,8.507568418281153e-05,0.2291666716337204
11,144,2961,4.853085192735307e-05,1.1885628700256348,8.542020805180073e-05,0.22758620977401733
11,145,2962,4.8529869673075154e-05,1.1871286630630493,8.686434011906385e-05,0.22602739930152893
11,146,2963,4.852888741879724e-05,1.1860949993133545,8.86796333361417e-05,0.22448979318141937
11,147,2964,4.852790880249813e-05,1.1871206760406494,8.80804582266137e-05,0.22972972691059113
11,148,2965,4.852692291024141e-05,1.188148021697998,8.748931577429175e-05,0.23489932715892792
11,149,2966,4.85259442939423e-05,1.186561107635498,8.74043398653157e-05,0.23333333432674408
11,150,2967,4.852495840168558e-05,1.1844805479049683,8.810848521534353e-05,0.23178808391094208
11,151,2968,4.852397250942886e-05,1.1857085227966309,8.92773168743588e-05,0.23026315867900848
11,152,2969,4.852299389312975e-05,1.1864171028137207,8.870329475030303e-05,0.22875817120075226
11,153,2970,4.852200800087303e-05,1.1874897480010986,8.812730084173381e-05,0.23376622796058655
11,154,2971,4.852102210861631e-05,1.1865582466125488,8.778047049418092e-05,0.23225806653499603
11,155,2972,4.8520036216359586e-05,1.1875805854797363,8.721777703613043e-05,0.2371794879436493
11,156,2973,4.851905396208167e-05,1.1882059574127197,8.667135261930525e-05,0.23566879332065582
11,157,2974,4.851806806982495e-05,1.1891720294952393,8.612281089881435e-05,0.2405063360929489
11,158,2975,4.851707853958942e-05,1.1876815557479858,8.603469177614897e-05,0.23899370431900024
11,159,2976,4.85160926473327e-05,1.1886998414993286,8.549698395654559e-05,0.24375000596046448
11,160,2977,4.851511039305478e-05,1.188589334487915,8.50235519465059e-05,0.24223601818084717
11,161,2978,4.851412450079806e-05,1.1883069276809692,8.457327203359455e-05,0.24074074625968933
11,162,2979,4.851313497056253e-05,1.1868031024932861,8.451416215393692e-05,0.23926380276679993
11,163,2980,4.851214907830581e-05,1.1849048137664795,8.491186599712819e-05,0.23780487477779388
11,164,2981,4.851115954807028e-05,1.1847572326660156,8.445263665635139e-05,0.23636363446712494
11,165,2982,4.851017001783475e-05,1.186633825302124,8.590047946199775e-05,0.23493975400924683
11,166,2983,4.850918412557803e-05,1.1875510215759277,8.538610563846305e-05,0.23952095210552216
11,167,2984,4.85081945953425e-05,1.1884078979492188,8.69879440870136e-05,0.2380952388048172
11,168,2985,4.850720506510697e-05,1.1866164207458496,8.724702638573945e-05,0.23668639361858368
11,169,2986,4.8506215534871444e-05,1.1858570575714111,8.690435788594186e-05,0.23529411852359772
11,170,2987,4.8505226004635915e-05,1.1864418983459473,8.640481973998249e-05,0.23391813039779663
11,171,2988,4.8504236474400386e-05,1.1850574016571045,8.635037374915555e-05,0.23255814611911774
11,172,2989,4.850324694416486e-05,1.185091495513916,8.58914281707257e-05,0.23121386766433716
11,173,2990,4.850225741392933e-05,1.185567855834961,8.540708222426474e-05,0.2298850566148758
11,174,2991,4.85012678836938e-05,1.1860730648040771,8.687687659403309e-05,0.22857142984867096
11,175,2992,4.850027835345827e-05,1.1867945194244385,8.638326107757166e-05,0.23295454680919647
11,176,2993,4.849928882322274e-05,1.1853642463684082,8.637826249469072e-05,0.23163841664791107
11,177,2994,4.8498295655008405e-05,1.1857247352600098,8.767649705987424e-05,0.23033708333969116
11,178,2995,4.849730248679407e-05,1.18561589717865,8.724242798052728e-05,0.22905027866363525
11,179,2996,4.849630931857973e-05,1.186458945274353,8.675775461597368e-05,0.23333333432674408
11,180,2997,4.8495319788344204e-05,1.1873185634613037,8.627843635622412e-05,0.23756906390190125
11,181,2998,4.849432662012987e-05,1.1880955696105957,8.580437861382961e-05,0.24175824224948883
11,182,2999,4.849333345191553e-05,1.1884019374847412,8.71789816301316e-05,0.24043716490268707
11,183,3000,4.849233664572239e-05,1.1891648769378662,8.670517854625359e-05,0.2445652186870575
11,184,3001,4.849134347750805e-05,1.1899100542068481,8.809562859823927e-05,0.2432432472705841
11,185,3002,4.849035030929372e-05,1.1890454292297363,8.932121272664517e-05,0.24193547666072845
11,186,3003,4.8489353503100574e-05,1.1890602111816406,8.888158481568098e-05,0.24064171314239502
11,187,3004,4.848836033488624e-05,1.1885807514190674,8.849694859236479e-05,0.2393617033958435
11,188,3005,4.8487363528693095e-05,1.1869275569915771,8.883165719453245e-05,0.2380952388048172
11,189,3006,4.848637036047876e-05,1.1867549419403076,8.842050738167018e-05,0.2368421107530594
11,190,3007,4.848536991630681e-05,1.1865596771240234,8.801212243270129e-05,0.23560209572315216
11,191,3008,4.848437674809247e-05,1.1872953176498413,8.755372982705012e-05,0.2395833283662796
11,192,3009,4.8483383579878137e-05,1.1882359981536865,8.874597551766783e-05,0.23834197223186493
11,193,3010,4.8482383135706186e-05,1.18751060962677,8.989185153041035e-05,0.23711340129375458
11,194,3011,4.848138632951304e-05,1.188441276550293,9.117847366724163e-05,0.23589743673801422
11,195,3012,4.848038588534109e-05,1.1882116794586182,9.077429422177374e-05,0.23469388484954834
11,196,3013,4.847938907914795e-05,1.1879327297210693,9.037247218657285e-05,0.23350253701210022
11,197,3014,4.847839227295481e-05,1.1883580684661865,8.992376388050616e-05,0.23232322931289673
11,198,3015,4.8477395466761664e-05,1.1888213157653809,8.947952301241457e-05,0.23115578293800354
11,199,3016,4.847639502258971e-05,1.1879189014434814,9.040530130732805e-05,0.23000000417232513
11,200,3017,4.847539821639657e-05,1.188366413116455,8.996391261462122e-05,0.22885571420192719
11,201,3018,4.847440141020343e-05,1.186812162399292,9.054798283614218e-05,0.22772277891635895
11,202,3019,4.847339732805267e-05,1.1874995231628418,9.010193753056228e-05,0.23152709007263184
11,203,3020,4.847240052185953e-05,1.188042163848877,8.966402674559504e-05,0.23039215803146362
11,204,3021,4.847139643970877e-05,1.1887775659561157,8.922663982957602e-05,0.2341463416814804
11,205,3022,4.8470399633515626e-05,1.1894919872283936,8.879350207280368e-05,0.23786407709121704
11,206,3023,4.846939555136487e-05,1.1901640892028809,8.836454071570188e-05,0.2415459007024765
11,207,3024,4.846839510719292e-05,1.1908676624298096,8.793971210252494e-05,0.24519230425357819
11,208,3025,4.846739466302097e-05,1.1915919780731201,8.751894347369671e-05,0.24880382418632507
11,209,3026,4.846639058087021e-05,1.1922755241394043,8.710219117347151e-05,0.25238096714019775
11,210,3027,4.8465386498719454e-05,1.19091796875,8.717172022443265e-05,0.2511848211288452
11,211,3028,4.846438969252631e-05,1.1915678977966309,8.676052675582469e-05,0.25471699237823486
11,212,3029,4.846338561037555e-05,1.1905155181884766,8.670557872392237e-05,0.2535211145877838
11,213,3030,4.84623851662036e-05,1.189372181892395,8.757537580095232e-05,0.25233644247055054
11,214,3031,4.8461381084052846e-05,1.1885390281677246,8.869400335242972e-05,0.2511627972126007
11,215,3032,4.846037336392328e-05,1.1892354488372803,8.828338468447328e-05,0.25462964177131653
11,216,3033,4.8459369281772524e-05,1.1879985332489014,8.82626191014424e-05,0.2534562349319458
11,217,3034,4.845836519962177e-05,1.1889188289642334,8.942148997448385e-05,0.25229358673095703
11,218,3035,4.8457364755449817e-05,1.1878221035003662,8.935158257372677e-05,0.2511415481567383
11,219,3036,4.845635703532025e-05,1.1882336139678955,8.895194332581013e-05,0.25
11,220,3037,4.8455352953169495e-05,1.1886801719665527,8.855640044203028e-05,0.24886877834796906
11,221,3038,4.845434887101874e-05,1.1886553764343262,8.818927744869143e-05,0.2477477490901947
11,222,3039,4.845334115088917e-05,1.189103603363037,8.779803465586156e-05,0.2466367781162262
11,223,3040,4.845233343075961e-05,1.188088297843933,8.768108091317117e-05,0.2455357164144516
11,224,3041,4.845132934860885e-05,1.1886117458343506,8.729139517527074e-05,0.24888889491558075
11,225,3042,4.845031799050048e-05,1.187577486038208,8.723705832380801e-05,0.24778760969638824
11,226,3043,4.844931390834972e-05,1.1879734992980957,8.685945067554712e-05,0.24669604003429413
11,227,3044,4.8448309826198965e-05,1.1883587837219238,8.64851608639583e-05,0.24561403691768646
11,228,3045,4.84473021060694e-05,1.187077283859253,8.648016955703497e-05,0.2445414811372757
11,229,3046,4.844629074796103e-05,1.1861631870269775,8.702893683221191e-05,0.24347825348377228
11,230,3047,4.8445283027831465e-05,1.1860129833221436,8.66914851940237e-05,0.24242424964904785
11,231,3048,4.84442753077019e-05,1.185788869857788,8.637082646600902e-05,0.24137930572032928
11,232,3049,4.844326394959353e-05,1.186432123184204,8.600014552939683e-05,0.2446351945400238
11,233,3050,4.8442256229463965e-05,1.1870737075805664,8.56326223583892e-05,0.24786324799060822
11,234,3051,4.844124487135559e-05,1.1873788833618164,8.527422323822975e-05,0.2468085139989853
11,235,3052,4.844023351324722e-05,1.1870558261871338,8.615959086455405e-05,0.24576270580291748
11,236,3053,4.843922579311766e-05,1.1873373985290527,8.580811118008569e-05,0.24472573399543762
11,237,3054,4.8438214435009286e-05,1.1877055168151855,8.545396849513054e-05,0.24369747936725616
11,238,3055,4.8437203076900914e-05,1.1876637935638428,8.512628846801817e-05,0.24267782270908356
11,239,3056,4.843619171879254e-05,1.1880536079406738,8.61632070154883e-05,0.24166665971279144
11,240,3057,4.843518399866298e-05,1.18833327293396,8.581148722441867e-05,0.24066390097141266
11,241,3058,4.843416536459699e-05,1.187537670135498,8.565803000237793e-05,0.23966942727565765
11,242,3059,4.843315764446743e-05,1.1862733364105225,8.617185812909156e-05,0.23868313431739807
11,243,3060,4.843214628635906e-05,1.1866434812545776,8.582496229792014e-05,0.23770491778850555
11,244,3061,4.843113129027188e-05,1.1870265007019043,8.687999797984958e-05,0.23673468828201294
11,245,3062,4.84301162941847e-05,1.1876418590545654,8.652682299725711e-05,0.2398373931646347
11,246,3063,4.842910493607633e-05,1.1876513957977295,8.620570588391274e-05,0.2388664036989212
11,247,3064,4.842808993998915e-05,1.187003493309021,8.711923874216154e-05,0.23790322244167328
11,248,3065,4.842707858188078e-05,1.1873784065246582,8.67753115016967e-05,0.23694778978824615
11,249,3066,4.84260635857936e-05,1.1877497434616089,8.643434557598084e-05,0.23600000143051147
11,250,3067,4.842504858970642e-05,1.1882414817810059,8.608998905401677e-05,0.23904383182525635
11,251,3068,4.842403359361924e-05,1.186972737312317,8.628165232948959e-05,0.2380952388048172
11,252,3069,4.8423018597532064e-05,1.1870462894439697,8.726659143576398e-05,0.23715415596961975
11,253,3070,4.842199996346608e-05,1.1870198249816895,8.695117139723152e-05,0.23622047901153564
11,254,3071,4.8420988605357707e-05,1.18601393699646,8.690608956385404e-05,0.23529411852359772
11,255,3072,4.841996997129172e-05,1.1855313777923584,8.66703485371545e-05,0.234375
12,0,3073,4.841895497520454e-05,1.33351469039917,5.582916351443146e-10,1.0
12,1,3074,4.8417936341138557e-05,1.1528608798980713,2.3463500838261098e-05,0.5
12,2,3075,4.841692134505138e-05,1.0639785528182983,5.61221968382597e-05,0.3333333432674408
12,3,3076,4.841590271098539e-05,1.0318074226379395,5.674406565958634e-05,0.25
12,4,3077,4.84148804389406e-05,1.0871214866638184,0.00012135850556660444,0.20000000298023224
12,5,3078,4.8413861804874614e-05,1.0905334949493408,0.00014402832312043756,0.1666666716337204
12,6,3079,4.8412846808787435e-05,1.0630427598953247,0.0001385252980981022,0.1428571492433548
12,7,3080,4.841182817472145e-05,1.051232099533081,0.0001292093365918845,0.125
12,8,3081,4.8410809540655464e-05,1.0795929431915283,0.00011485282448120415,0.2222222238779068
12,9,3082,4.840978726861067e-05,1.077545166015625,0.00013122927339281887,0.20000000298023224
12,10,3083,4.8408768634544685e-05,1.063083291053772,0.00012830900959670544,0.1818181872367859
12,11,3084,4.840774636249989e-05,1.0856566429138184,0.00011761665518861264,0.25
12,12,3085,4.840672772843391e-05,1.0989352464675903,0.00010867549281101674,0.23076924681663513
12,13,3086,4.840570909436792e-05,1.116084337234497,0.00010091299191117287,0.2857142984867096
12,14,3087,4.8404690460301936e-05,1.1288056373596191,9.418551053386182e-05,0.3333333432674408
12,15,3088,4.840366818825714e-05,1.1295385360717773,8.89646471478045e-05,0.3125
12,16,3089,4.840264591621235e-05,1.1421236991882324,8.373145828954875e-05,0.3529411852359772
12,17,3090,4.840162364416756e-05,1.1442739963531494,9.848480840446427e-05,0.3333333432674408
12,18,3091,4.8400601372122765e-05,1.1539034843444824,9.330142347607762e-05,0.3684210479259491
12,19,3092,4.839957910007797e-05,1.1538466215133667,8.90865339897573e-05,0.3499999940395355
12,20,3093,4.839855319005437e-05,1.1541061401367188,8.528516627848148e-05,0.3333333432674408
12,21,3094,4.839753091800958e-05,1.1430706977844238,8.539795817341655e-05,0.3181818127632141
12,22,3095,4.8396508645964786e-05,1.1360937356948853,8.378666097996756e-05,0.30434781312942505
12,23,3096,4.8395486373919994e-05,1.141910433769226,8.035913197090849e-05,0.2916666567325592
12,24,3097,4.8394460463896394e-05,1.1310869455337524,8.241143950726837e-05,0.2800000011920929
12,25,3098,4.8393434553872794e-05,1.1310306787490845,7.970844308147207e-05,0.26923078298568726
12,26,3099,4.8392412281828e-05,1.138515591621399,7.675629603909329e-05,0.29629629850387573
12,27,3100,4.83913863718044e-05,1.1514720916748047,8.336520113516599e-05,0.2857142984867096
12,28,3101,4.83903604617808e-05,1.1417670249938965,8.530086051905528e-05,0.27586206793785095
12,29,3102,4.8389330913778394e-05,1.1326406002044678,8.659217564854771e-05,0.2666666805744171
12,30,3103,4.83883086417336e-05,1.1374030113220215,8.384668763028458e-05,0.25806450843811035
12,31,3104,4.838728273171e-05,1.1432071924209595,8.12264988780953e-05,0.28125
12,32,3105,4.83862568216864e-05,1.1468383073806763,7.881378405727446e-05,0.27272728085517883
12,33,3106,4.8385227273683995e-05,1.146683931350708,7.671794446650892e-05,0.2647058963775635
12,34,3107,4.8384201363660395e-05,1.150593876838684,8.39888452901505e-05,0.2571428716182709
12,35,3108,4.8383175453636795e-05,1.1555349826812744,8.165583858499303e-05,0.2777777910232544
12,36,3109,4.838214226765558e-05,1.1492888927459717,8.159852586686611e-05,0.2702702581882477
12,37,3110,4.838111635763198e-05,1.152557134628296,7.949087012093514e-05,0.2631579041481018
12,38,3111,4.838009044760838e-05,1.145445704460144,8.121789142023772e-05,0.25641027092933655
12,39,3112,4.8379060899605975e-05,1.1500903367996216,7.918746268842369e-05,0.2750000059604645
12,40,3113,4.837802771362476e-05,1.143967628479004,7.97919201431796e-05,0.26829269528388977
12,41,3114,4.837700180360116e-05,1.1445016860961914,7.807748625054955e-05,0.261904776096344
12,42,3115,4.8375968617619947e-05,1.1488611698150635,7.626174192409962e-05,0.27906978130340576
12,43,3116,4.837493906961754e-05,1.1516144275665283,7.456319872289896e-05,0.27272728085517883
12,44,3117,4.837390952161513e-05,1.150193452835083,7.32136468286626e-05,0.2666666805744171
12,45,3118,4.8372879973612726e-05,1.1539231538772583,7.162206020439044e-05,0.28260868787765503
12,46,3119,4.837185042561032e-05,1.1525673866271973,7.03890691511333e-05,0.27659574151039124
12,47,3120,4.8370817239629105e-05,1.1485013961791992,7.409405225189403e-05,0.2708333432674408
12,48,3121,4.836978405364789e-05,1.1490321159362793,7.272179936990142e-05,0.26530611515045166
12,49,3122,4.8368754505645484e-05,1.1526505947113037,7.126737909857184e-05,0.2800000011920929
12,50,3123,4.836772131966427e-05,1.1537117958068848,7.630624168086797e-05,0.27450981736183167
12,51,3124,4.8366688133683056e-05,1.1482651233673096,7.866552914492786e-05,0.26923078298568726
12,52,3125,4.836565494770184e-05,1.151500940322876,7.718127744738013e-05,0.2830188572406769
12,53,3126,4.836462176172063e-05,1.154921054840088,7.575200288556516e-05,0.29629629850387573
12,54,3127,4.8363588575739413e-05,1.1555194854736328,7.449951954185963e-05,0.290909081697464
12,55,3128,4.836255175177939e-05,1.1581554412841797,7.316918345168233e-05,0.3035714328289032
12,56,3129,4.8361522203776985e-05,1.1535017490386963,7.381453178822994e-05,0.2982456088066101
12,57,3130,4.8360485379816964e-05,1.1538360118865967,7.266222382895648e-05,0.2931034564971924
12,58,3131,4.835945219383575e-05,1.1497528553009033,7.293972885236144e-05,0.2881355881690979
12,59,3132,4.8358419007854536e-05,1.145404577255249,7.359687879215926e-05,0.28333333134651184
12,60,3133,4.8357382183894515e-05,1.148978590965271,7.739319698885083e-05,0.2786885201931
12,61,3134,4.8356345359934494e-05,1.147457480430603,7.653248030692339e-05,0.27419355511665344
12,62,3135,4.835530853597447e-05,1.1502995491027832,7.531768642365932e-05,0.2857142984867096
12,63,3136,4.8354268074035645e-05,1.1496036052703857,7.43589480407536e-05,0.28125
12,64,3137,4.835323488805443e-05,1.1461684703826904,7.45001234463416e-05,0.2769230902194977
12,65,3138,4.835219806409441e-05,1.1420294046401978,7.555358752142638e-05,0.27272728085517883
12,66,3139,4.835116124013439e-05,1.1385829448699951,7.582741091027856e-05,0.26865673065185547
12,67,3140,4.835012441617437e-05,1.138991355895996,7.482817454729229e-05,0.2647058963775635
12,68,3141,4.8349087592214346e-05,1.1386770009994507,7.394848216790706e-05,0.260869562625885
12,69,3142,4.834804713027552e-05,1.1355726718902588,7.61347619118169e-05,0.2571428716182709
12,70,3143,4.834700666833669e-05,1.1386691331863403,7.951518637128174e-05,0.2535211145877838
12,71,3144,4.834596984437667e-05,1.1398036479949951,8.303012873511761e-05,0.25
12,72,3145,4.834492938243784e-05,1.141599416732788,8.191309461835772e-05,0.24657534062862396
12,73,3146,4.834388892049901e-05,1.1427522897720337,8.521922427462414e-05,0.2432432472705841
12,74,3147,4.8342848458560184e-05,1.143090844154358,8.418835932388902e-05,0.23999999463558197
12,75,3148,4.8341807996621355e-05,1.1431342363357544,8.32180812722072e-05,0.2368421107530594
12,76,3149,4.8340771172661334e-05,1.145503044128418,8.213733235606924e-05,0.2467532455921173
12,77,3150,4.83397270727437e-05,1.1422550678253174,8.243297634180635e-05,0.24358974397182465
12,78,3151,4.833868661080487e-05,1.1389877796173096,8.271803380921483e-05,0.2405063360929489
12,79,3152,4.833764614886604e-05,1.138169765472412,8.196398266591132e-05,0.23749999701976776
12,80,3153,4.8336605686927214e-05,1.1398100852966309,8.097085810732096e-05,0.23456789553165436
12,81,3154,4.8335565224988386e-05,1.1402370929718018,8.007090946193784e-05,0.23170731961727142
12,82,3155,4.833452112507075e-05,1.13698148727417,8.080979023361579e-05,0.22891566157341003
12,83,3156,4.8333477025153115e-05,1.1385947465896606,7.986597483977675e-05,0.2261904776096344
12,84,3157,4.833243292523548e-05,1.1354050636291504,8.096294186543673e-05,0.2235294133424759
12,85,3158,4.8331388825317845e-05,1.1370315551757812,8.003903349163011e-05,0.22093023359775543
12,86,3159,4.8330348363379017e-05,1.1379098892211914,7.915090100141242e-05,0.2183908075094223
12,87,3160,4.832930426346138e-05,1.1353588104248047,7.934199675219133e-05,0.21590909361839294
12,88,3161,4.8328260163543746e-05,1.1367533206939697,7.8467586718034e-05,0.21348313987255096
12,89,3162,4.832721606362611e-05,1.1381866931915283,7.761258166283369e-05,0.21111111342906952
12,90,3163,4.8326171963708475e-05,1.1403388977050781,7.675970846321434e-05,0.21978022158145905
12,91,3164,4.832512786379084e-05,1.1419155597686768,7.593766349600628e-05,0.21739129722118378
12,92,3165,4.83240801258944e-05,1.1421632766723633,7.520579674746841e-05,0.2150537669658661
12,93,3166,4.8323032387997955e-05,1.1432428359985352,7.44212738936767e-05,0.21276596188545227
12,94,3167,4.832198828808032e-05,1.1413054466247559,7.414294668706134e-05,0.21052631735801697
12,95,3168,4.832094055018388e-05,1.141185998916626,7.349471707129851e-05,0.2083333283662796
12,96,3169,4.831989645026624e-05,1.141164779663086,7.589031883981079e-05,0.20618556439876556
12,97,3170,4.831884507439099e-05,1.1425788402557373,7.513124728575349e-05,0.20408163964748383
12,98,3171,4.831779733649455e-05,1.1443712711334229,7.780810119584203e-05,0.20202019810676575
12,99,3172,4.8316753236576915e-05,1.1456303596496582,7.704444578848779e-05,0.20000000298023224
12,100,3173,4.831570549868047e-05,1.14406418800354,7.671015191590413e-05,0.19801980257034302
12,101,3174,4.831465412280522e-05,1.1439800262451172,7.603314588777721e-05,0.19607843458652496
12,102,3175,4.831360638490878e-05,1.1457850933074951,7.529496360803023e-05,0.20388349890708923
12,103,3176,4.831255500903353e-05,1.143322467803955,7.561636448372155e-05,0.20192307233810425
12,104,3177,4.8311510909115896e-05,1.1429533958435059,7.845829532016069e-05,0.20000000298023224
12,105,3178,4.8310459533240646e-05,1.1445794105529785,7.771812670398504e-05,0.2075471729040146
12,106,3179,4.83094081573654e-05,1.1429853439331055,7.748579082544893e-05,0.20560747385025024
12,107,3180,4.8308360419468954e-05,1.1426783800125122,7.689928315812722e-05,0.20370370149612427
12,108,3181,4.8307309043593705e-05,1.1408514976501465,7.67713354434818e-05,0.20183485746383667
12,109,3182,4.8306257667718455e-05,1.1425319910049438,7.607342558912933e-05,0.20909090340137482
12,110,3183,4.8305206291843206e-05,1.140270471572876,7.727034972049296e-05,0.20720720291137695
12,111,3184,4.830415855394676e-05,1.141276240348816,7.660433766432106e-05,0.2053571492433548
12,112,3185,4.830310354009271e-05,1.1429221630096436,7.59264366934076e-05,0.21238937973976135
12,113,3186,4.830204852623865e-05,1.143836259841919,7.527226989623159e-05,0.21052631735801697
12,114,3187,4.8300993512384593e-05,1.1439075469970703,7.469568663509563e-05,0.208695650100708
12,115,3188,4.829994577448815e-05,1.1436792612075806,7.41740659577772e-05,0.2068965584039688
12,116,3189,4.82988943986129e-05,1.1419792175292969,7.574637129437178e-05,0.20512820780277252
12,117,3190,4.8297839384758845e-05,1.141965627670288,7.519446080550551e-05,0.20338982343673706
12,118,3191,4.829678437090479e-05,1.1425960063934326,7.720680150669068e-05,0.20168067514896393
12,119,3192,4.829573299502954e-05,1.1439108848571777,7.656342495465651e-05,0.2083333283662796
12,120,3193,4.829467798117548e-05,1.1453204154968262,7.593067130073905e-05,0.21487602591514587
12,121,3194,4.8293622967321426e-05,1.1434364318847656,7.721356814727187e-05,0.21311475336551666
12,122,3195,4.8292571591446176e-05,1.1435736417770386,7.664907025173306e-05,0.21138212084770203
12,123,3196,4.829151293961331e-05,1.1450467109680176,7.60309339966625e-05,0.2177419364452362
12,124,3197,4.829045428778045e-05,1.1460130214691162,7.543493120465428e-05,0.2160000056028366
12,125,3198,4.82894029119052e-05,1.1461830139160156,7.489765994250774e-05,0.2142857164144516
12,126,3199,4.8288344260072336e-05,1.1476480960845947,7.430791447404772e-05,0.22047244012355804
12,127,3200,4.828728924621828e-05,1.1459858417510986,7.433020800817758e-05,0.21875
12,128,3201,4.828623423236422e-05,1.1442036628723145,7.55951477913186e-05,0.21705426275730133
12,129,3202,4.828517194255255e-05,1.1462434530258179,7.77125678723678e-05,0.2153846174478531
12,130,3203,4.8284116928698495e-05,1.1445667743682861,7.765933696646243e-05,0.21374045312404633
12,131,3204,4.828305827686563e-05,1.145931363105774,7.707101758569479e-05,0.21969696879386902
12,132,3205,4.8282003263011575e-05,1.1458982229232788,7.656000525457785e-05,0.21804511547088623
12,133,3206,4.828094461117871e-05,1.1464805603027344,7.807366637280211e-05,0.21641790866851807
12,134,3207,4.827988595934585e-05,1.1473557949066162,7.750655640847981e-05,0.21481481194496155
12,135,3208,4.8278823669534177e-05,1.1486077308654785,7.693665975239128e-05,0.22058823704719543
12,136,3209,4.827776865568012e-05,1.1494585275650024,7.638629176653922e-05,0.21897810697555542
12,137,3210,4.827670636586845e-05,1.1494115591049194,7.588209700770676e-05,0.21739129722118378
12,138,3211,4.8275647714035586e-05,1.1492280960083008,7.542174716945738e-05,0.2158273309469223
12,139,3212,4.827458906220272e-05,1.1493726968765259,7.493332668673247e-05,0.2142857164144516
12,140,3213,4.827352677239105e-05,1.150444507598877,7.440189074259251e-05,0.21985815465450287
12,141,3214,4.827246084460057e-05,1.1502630710601807,7.39639435778372e-05,0.21830986440181732
12,142,3215,4.8271405830746517e-05,1.1514629125595093,7.344671757891774e-05,0.2237762212753296
12,143,3216,4.827033990295604e-05,1.1527115106582642,7.293667295016348e-05,0.2291666716337204
12,144,3217,4.8269281251123175e-05,1.1528236865997314,7.248243491631001e-05,0.22758620977401733
12,145,3218,4.8268218961311504e-05,1.1526384353637695,7.206812733784318e-05,0.22602739930152893
12,146,3219,4.8267153033521026e-05,1.1524467468261719,7.165997521951795e-05,0.22448979318141937
12,147,3220,4.826609438168816e-05,1.153612494468689,7.117579662008211e-05,0.22972972691059113
12,148,3221,4.8265028453897685e-05,1.1547893285751343,7.069810817483813e-05,0.23489932715892792
12,149,3222,4.8263966164086014e-05,1.1558659076690674,7.022680074442178e-05,0.23999999463558197
12,150,3223,4.826290387427434e-05,1.154080867767334,7.045954407658428e-05,0.2384105920791626
12,151,3224,4.8261837946483865e-05,1.1540281772613525,7.005882798694074e-05,0.2368421107530594
12,152,3225,4.8260775656672195e-05,1.1534490585327148,7.099302456481382e-05,0.23529411852359772
12,153,3226,4.825970972888172e-05,1.1545299291610718,7.20264797564596e-05,0.23376622796058655
12,154,3227,4.825864380109124e-05,1.1552681922912598,7.157157961046323e-05,0.23225806653499603
12,155,3228,4.825757787330076e-05,1.153416395187378,7.188308518379927e-05,0.23076923191547394
12,156,3229,4.825651558348909e-05,1.151993989944458,7.191422628238797e-05,0.2292993664741516
12,157,3230,4.825544965569861e-05,1.1503164768218994,7.212688797153533e-05,0.2278480976819992
12,158,3231,4.825438008992933e-05,1.1490066051483154,7.320752774830908e-05,0.22641509771347046
12,159,3232,4.825331416213885e-05,1.1497280597686768,7.275953976204619e-05,0.22499999403953552
12,160,3233,4.825225187232718e-05,1.1495915651321411,7.238240505103022e-05,0.22360248863697052
12,161,3234,4.8251182306557894e-05,1.1505119800567627,7.193560304585844e-05,0.22839505970478058
12,162,3235,4.825011274078861e-05,1.1504478454589844,7.154927152441815e-05,0.2269938588142395
12,163,3236,4.824904681299813e-05,1.1514371633529663,7.111299782991409e-05,0.23170731961727142
12,164,3237,4.824798088520765e-05,1.149851679801941,7.191915210569277e-05,0.23030303418636322
12,165,3238,4.824691131943837e-05,1.1496260166168213,7.322442979784682e-05,0.22891566157341003
12,166,3239,4.824584175366908e-05,1.1511374711990356,7.452138379449025e-05,0.227544903755188
12,167,3240,4.82447721878998e-05,1.1517739295959473,7.408684905385599e-05,0.2261904776096344
12,168,3241,4.824370262213051e-05,1.1515979766845703,7.372029358521104e-05,0.2248520702123642
12,169,3242,4.824262941838242e-05,1.1499719619750977,7.400135655188933e-05,0.2235294133424759
12,170,3243,4.824156349059194e-05,1.1510612964630127,7.356860442087054e-05,0.22807016968727112
12,171,3244,4.824049028684385e-05,1.1520442962646484,7.314088725252077e-05,0.23255814611911774
12,172,3245,4.823942435905337e-05,1.1530269384384155,7.271811773534864e-05,0.23699422180652618
12,173,3246,4.823835115530528e-05,1.1513781547546387,7.323306635953486e-05,0.23563218116760254
12,174,3247,4.8237281589535996e-05,1.1526038646697998,7.463613292202353e-05,0.23428571224212646
12,175,3248,4.823621202376671e-05,1.153547763824463,7.42120755603537e-05,0.23863635957241058
12,176,3249,4.823513882001862e-05,1.1532065868377686,7.385977369267493e-05,0.23728813230991364
12,177,3250,4.823406561627053e-05,1.153122067451477,7.3484297899995e-05,0.23595505952835083
12,178,3251,4.8232992412522435e-05,1.154121994972229,7.307378109544516e-05,0.2402234673500061
12,179,3252,4.823191920877434e-05,1.1545716524124146,7.418824679916725e-05,0.23888888955116272
12,180,3253,4.823084600502625e-05,1.1537320613861084,7.527867273893207e-05,0.23756906390190125
12,181,3254,4.822977280127816e-05,1.1546461582183838,7.48650636523962e-05,0.24175824224948883
12,182,3255,4.822869959753007e-05,1.1555869579315186,7.445596565958112e-05,0.24590164422988892
12,183,3256,4.8227626393781975e-05,1.155529260635376,7.577129144920036e-05,0.2445652186870575
12,184,3257,4.8226549552055076e-05,1.1539944410324097,7.606210419908166e-05,0.2432432472705841
12,185,3258,4.8225476348306984e-05,1.154871940612793,7.565318082924932e-05,0.24731183052062988
12,186,3259,4.822440314455889e-05,1.1557084321975708,7.52486230339855e-05,0.2513369023799896
12,187,3260,4.8223322664853185e-05,1.1541712284088135,7.567866123281419e-05,0.25
12,188,3261,4.82222530990839e-05,1.1550147533416748,7.527825073339045e-05,0.2539682686328888
12,189,3262,4.8221172619378194e-05,1.1548359394073486,7.494593592127785e-05,0.2526315748691559
12,190,3263,4.82200994156301e-05,1.1533275842666626,7.519526116084307e-05,0.2513088881969452
12,191,3264,4.82190225739032e-05,1.1534085273742676,7.483959780074656e-05,0.25
12,192,3265,4.8217945732176304e-05,1.154000997543335,7.445966184604913e-05,0.24870465695858002
12,193,3266,4.8216868890449405e-05,1.1528024673461914,7.448701217072085e-05,0.24742268025875092
12,194,3267,4.8215792048722506e-05,1.153231143951416,7.411259866785258e-05,0.2461538463830948
12,195,3268,4.82147115690168e-05,1.154038667678833,7.373447442660108e-05,0.25
12,196,3269,4.82136347272899e-05,1.1526998281478882,7.397409353870898e-05,0.24873095750808716
12,197,3270,4.8212557885563e-05,1.1514933109283447,7.477040344383568e-05,0.24747474491596222
12,198,3271,4.8211477405857295e-05,1.151579737663269,7.442999049089849e-05,0.24623115360736847
12,199,3272,4.8210400564130396e-05,1.1521170139312744,7.406440272461623e-05,0.24500000476837158
12,200,3273,4.820931644644588e-05,1.1512447595596313,7.393845589831471e-05,0.24378108978271484
12,201,3274,4.820824324269779e-05,1.1521018743515015,7.35724315745756e-05,0.24752475321292877
12,202,3275,4.8207162762992084e-05,1.1510941982269287,7.352096872637048e-05,0.2463054209947586
12,203,3276,4.820607864530757e-05,1.1502528190612793,7.339661533478647e-05,0.2450980395078659
12,204,3277,4.8204998165601864e-05,1.1490983963012695,7.347049540840089e-05,0.24390244483947754
12,205,3278,4.820391768589616e-05,1.149519443511963,7.31210020603612e-05,0.24271844327449799
12,206,3279,4.820283720619045e-05,1.1500661373138428,7.277505937963724e-05,0.2415459007024765
12,207,3280,4.820175308850594e-05,1.1498677730560303,7.248586189234629e-05,0.24038460850715637
12,208,3281,4.820067624677904e-05,1.149895191192627,7.21760734450072e-05,0.23923444747924805
12,209,3282,4.8199592129094526e-05,1.1507008075714111,7.183238631114364e-05,0.24285714328289032
12,210,3283,4.819850801141001e-05,1.150550127029419,7.154834020184353e-05,0.24170616269111633
12,211,3284,4.8197427531704307e-05,1.1496564149856567,7.235116936499253e-05,0.24056604504585266
12,212,3285,4.8196339776040986e-05,1.1505234241485596,7.201149855973199e-05,0.24413146078586578
12,213,3286,4.819525929633528e-05,1.1492974758148193,7.2136775997933e-05,0.2429906576871872
12,214,3287,4.8194175178650767e-05,1.1499159336090088,7.180481043178588e-05,0.24186046421527863
12,215,3288,4.819309106096625e-05,1.150848388671875,7.299892604351044e-05,0.24074074625968933
12,216,3289,4.819200694328174e-05,1.1507253646850586,7.271688082255423e-05,0.23963133990764618
12,217,3290,4.819092282559723e-05,1.1495132446289062,7.28546001482755e-05,0.23853211104869843
12,218,3291,4.818984234589152e-05,1.1507751941680908,7.386278593912721e-05,0.23744292557239532
12,219,3292,4.81887545902282e-05,1.1504276990890503,7.47776502976194e-05,0.23636363446712494
12,220,3293,4.818767047254369e-05,1.1503907442092896,7.448003452736884e-05,0.23529411852359772
12,221,3294,4.8186582716880366e-05,1.1509041786193848,7.415111758746207e-05,0.23423422873020172
12,222,3295,4.8185494961217046e-05,1.1513240337371826,7.501831714762375e-05,0.2331838607788086
12,223,3296,4.818441084353253e-05,1.1520280838012695,7.46834120946005e-05,0.2366071492433548
12,224,3297,4.818332308786921e-05,1.1512799263000488,7.453718717442825e-05,0.23555555939674377
12,225,3298,4.818223533220589e-05,1.152012825012207,7.420737529173493e-05,0.23893804848194122
12,226,3299,4.818115121452138e-05,1.1518678665161133,7.393438136205077e-05,0.2378854602575302
12,227,3300,4.818005982087925e-05,1.151702880859375,7.366154750343412e-05,0.2368421107530594
12,228,3301,4.817897206521593e-05,1.1515672206878662,7.339123112615198e-05,0.235807865858078
12,229,3302,4.81778806715738e-05,1.1515133380889893,7.310195360332727e-05,0.2347826063632965
12,230,3303,4.817679291591048e-05,1.1522235870361328,7.27855003788136e-05,0.2380952388048172
12,231,3304,4.817570516024716e-05,1.1510077714920044,7.319658470805734e-05,0.23706896603107452
12,232,3305,4.8174613766605034e-05,1.1514689922332764,7.288903725566342e-05,0.2360514998435974
12,233,3306,4.8173526010941714e-05,1.1514763832092285,7.261069549713284e-05,0.2350427359342575
12,234,3307,4.8172438255278394e-05,1.1522022485733032,7.230171468108892e-05,0.23829787969589233
12,235,3308,4.8171346861636266e-05,1.1528871059417725,7.19953459338285e-05,0.24152542650699615
12,236,3309,4.8170259105972946e-05,1.1527248620986938,7.17425427865237e-05,0.2405063360929489
12,237,3310,4.816916407435201e-05,1.1534092426300049,7.144109986256808e-05,0.24369747936725616
12,238,3311,4.816807631868869e-05,1.1535425186157227,7.238658145070076e-05,0.24267782270908356
12,239,3312,4.8166981287067756e-05,1.1531224250793457,7.326264312723652e-05,0.24166665971279144
12,240,3313,4.8165893531404436e-05,1.1527502536773682,7.302410085685551e-05,0.24066390097141266
12,241,3314,4.81647984997835e-05,1.1531974077224731,7.272850052686408e-05,0.23966942727565765
12,242,3315,4.8163707106141374e-05,1.1538361310958862,7.242920401040465e-05,0.2427983582019806
12,243,3316,4.8162615712499246e-05,1.1542630195617676,7.213855133159086e-05,0.24180327355861664
12,244,3317,4.816152068087831e-05,1.1530942916870117,7.224482396850362e-05,0.24081632494926453
12,245,3318,4.816042564925738e-05,1.1537734270095825,7.195114449132234e-05,0.24390244483947754
12,246,3319,4.815933425561525e-05,1.154296636581421,7.255597301991656e-05,0.24291497468948364
12,247,3320,4.815824286197312e-05,1.1531909704208374,7.266081229317933e-05,0.24193547666072845
12,248,3321,4.815714783035219e-05,1.1537375450134277,7.236900273710489e-05,0.24497991800308228
12,249,3322,4.8156049160752445e-05,1.1543984413146973,7.20795287634246e-05,0.24799999594688416
12,250,3323,4.815495412913151e-05,1.1542600393295288,7.18399096513167e-05,0.2470119595527649
12,251,3324,4.815386273548938e-05,1.154613733291626,7.15606875019148e-05,0.2460317462682724
12,252,3325,4.815276770386845e-05,1.154423475265503,7.133408507797867e-05,0.2450592815876007
12,253,3326,4.8151672672247514e-05,1.1548449993133545,7.105915574356914e-05,0.24409449100494385
12,254,3327,4.815057400264777e-05,1.1537830829620361,7.119104702724144e-05,0.24313725531101227
12,255,3328,4.814947897102684e-05,1.1536165475845337,7.095976616255939e-05,0.2421875
