2025-06-24 01:10:27.844961: E external/local_xla/xla/stream_executor/cuda/cuda_dnn.cc:9261] Unable to register cuDNN factory: Attempting to register factory for plugin cuDNN when one has already been registered
2025-06-24 01:10:27.846229: E external/local_xla/xla/stream_executor/cuda/cuda_fft.cc:607] Unable to register cuFFT factory: Attempting to register factory for plugin cuFFT when one has already been registered
2025-06-24 01:10:28.040543: E external/local_xla/xla/stream_executor/cuda/cuda_blas.cc:1515] Unable to register cuBLAS factory: Attempting to register factory for plugin cuBLAS when one has already been registered
2025-06-24 01:10:28.463414: I tensorflow/core/platform/cpu_feature_guard.cc:182] This TensorFlow binary is optimized to use available CPU instructions in performance-critical operations.
To enable the following instructions: AVX2 AVX512F AVX512_VNNI FMA, in other operations, rebuild TensorFlow with the appropriate compiler flags.
2025-06-24 01:10:36.191620: W tensorflow/compiler/tf2tensorrt/utils/py_utils.cc:38] TF-TRT Warning: Could not find TensorRT
2025-06-24 01:11:03.747606: E external/local_xla/xla/stream_executor/cuda/cuda_dnn.cc:9261] Unable to register cuDNN factory: Attempting to register factory for plugin cuDNN when one has already been registered
2025-06-24 01:11:03.748380: E external/local_xla/xla/stream_executor/cuda/cuda_fft.cc:607] Unable to register cuFFT factory: Attempting to register factory for plugin cuFFT when one has already been registered
2025-06-24 01:11:03.942086: E external/local_xla/xla/stream_executor/cuda/cuda_blas.cc:1515] Unable to register cuBLAS factory: Attempting to register factory for plugin cuBLAS when one has already been registered
2025-06-24 01:11:04.349511: I tensorflow/core/platform/cpu_feature_guard.cc:182] This TensorFlow binary is optimized to use available CPU instructions in performance-critical operations.
To enable the following instructions: AVX2 AVX512F AVX512_VNNI FMA, in other operations, rebuild TensorFlow with the appropriate compiler flags.
2025-06-24 01:11:12.847209: W tensorflow/compiler/tf2tensorrt/utils/py_utils.cc:38] TF-TRT Warning: Could not find TensorRT
/mnt/beegfs/hellgate/home/rb194958e/stroke_segmentation_sota/advanced_sota_training.py:17: DeprecationWarning: Please import `map_coordinates` from the `scipy.ndimage` namespace; the `scipy.ndimage.interpolation` namespace is deprecated and will be removed in SciPy 2.0.0.
  from scipy.ndimage.interpolation import map_coordinates
2025-06-24 01:11:31,894 - INFO - 🚀 SINGLE ADVANCED MODEL TRAINING
2025-06-24 01:11:31,895 - INFO - 🚀 ADVANCED SOTA TRAINING
2025-06-24 01:11:31,896 - INFO - ======================================================================
2025-06-24 01:11:31,897 - INFO - Target: 75-80% Dice coefficient
2025-06-24 01:11:31,898 - INFO - Features: Swin Transformers, Advanced Attention, Deep Supervision
2025-06-24 01:11:31,899 - INFO - ======================================================================
INFO:tensorflow:Mixed precision compatibility check (mixed_float16): OK
Your GPU will likely run quickly with dtype policy mixed_float16 as it has compute capability of at least 7.0. Your GPU: NVIDIA RTX 4500 Ada Generation, compute capability 8.9
2025-06-24 01:11:34,152 - INFO - Mixed precision compatibility check (mixed_float16): OK
Your GPU will likely run quickly with dtype policy mixed_float16 as it has compute capability of at least 7.0. Your GPU: NVIDIA RTX 4500 Ada Generation, compute capability 8.9
2025-06-24 01:11:34,164 - INFO - Loading dataset from: /mnt/beegfs/hellgate/home/rb194958e/Atlas_2/Training
2025-06-24 01:11:35,057 - INFO - Loaded 655 image/mask pairs from full dataset
2025-06-24 01:11:35,058 - INFO - Creating stratified train/validation split...
pixdim[0] (qfac) should be 1 (default) or -1; setting qfac to 1
2025-06-24 01:11:35,065 - INFO - pixdim[0] (qfac) should be 1 (default) or -1; setting qfac to 1
pixdim[0] (qfac) should be 1 (default) or -1; setting qfac to 1
2025-06-24 01:11:35,180 - INFO - pixdim[0] (qfac) should be 1 (default) or -1; setting qfac to 1
pixdim[0] (qfac) should be 1 (default) or -1; setting qfac to 1
2025-06-24 01:11:35,302 - INFO - pixdim[0] (qfac) should be 1 (default) or -1; setting qfac to 1
pixdim[0] (qfac) should be 1 (default) or -1; setting qfac to 1
2025-06-24 01:11:35,420 - INFO - pixdim[0] (qfac) should be 1 (default) or -1; setting qfac to 1
pixdim[0] (qfac) should be 1 (default) or -1; setting qfac to 1
2025-06-24 01:11:35,539 - INFO - pixdim[0] (qfac) should be 1 (default) or -1; setting qfac to 1
pixdim[0] (qfac) should be 1 (default) or -1; setting qfac to 1
2025-06-24 01:11:35,656 - INFO - pixdim[0] (qfac) should be 1 (default) or -1; setting qfac to 1
pixdim[0] (qfac) should be 1 (default) or -1; setting qfac to 1
2025-06-24 01:11:35,780 - INFO - pixdim[0] (qfac) should be 1 (default) or -1; setting qfac to 1
pixdim[0] (qfac) should be 1 (default) or -1; setting qfac to 1
2025-06-24 01:11:35,903 - INFO - pixdim[0] (qfac) should be 1 (default) or -1; setting qfac to 1
pixdim[0] (qfac) should be 1 (default) or -1; setting qfac to 1
2025-06-24 01:11:36,024 - INFO - pixdim[0] (qfac) should be 1 (default) or -1; setting qfac to 1
pixdim[0] (qfac) should be 1 (default) or -1; setting qfac to 1
2025-06-24 01:11:36,148 - INFO - pixdim[0] (qfac) should be 1 (default) or -1; setting qfac to 1
pixdim[0] (qfac) should be 1 (default) or -1; setting qfac to 1
2025-06-24 01:11:36,267 - INFO - pixdim[0] (qfac) should be 1 (default) or -1; setting qfac to 1
pixdim[0] (qfac) should be 1 (default) or -1; setting qfac to 1
2025-06-24 01:11:36,389 - INFO - pixdim[0] (qfac) should be 1 (default) or -1; setting qfac to 1
pixdim[0] (qfac) should be 1 (default) or -1; setting qfac to 1
2025-06-24 01:11:36,509 - INFO - pixdim[0] (qfac) should be 1 (default) or -1; setting qfac to 1
pixdim[0] (qfac) should be 1 (default) or -1; setting qfac to 1
2025-06-24 01:11:36,629 - INFO - pixdim[0] (qfac) should be 1 (default) or -1; setting qfac to 1
pixdim[0] (qfac) should be 1 (default) or -1; setting qfac to 1
2025-06-24 01:11:36,749 - INFO - pixdim[0] (qfac) should be 1 (default) or -1; setting qfac to 1
pixdim[0] (qfac) should be 1 (default) or -1; setting qfac to 1
2025-06-24 01:11:36,872 - INFO - pixdim[0] (qfac) should be 1 (default) or -1; setting qfac to 1
pixdim[0] (qfac) should be 1 (default) or -1; setting qfac to 1
2025-06-24 01:11:36,995 - INFO - pixdim[0] (qfac) should be 1 (default) or -1; setting qfac to 1
pixdim[0] (qfac) should be 1 (default) or -1; setting qfac to 1
2025-06-24 01:11:37,117 - INFO - pixdim[0] (qfac) should be 1 (default) or -1; setting qfac to 1
pixdim[0] (qfac) should be 1 (default) or -1; setting qfac to 1
2025-06-24 01:11:37,240 - INFO - pixdim[0] (qfac) should be 1 (default) or -1; setting qfac to 1
pixdim[0] (qfac) should be 1 (default) or -1; setting qfac to 1
2025-06-24 01:11:37,358 - INFO - pixdim[0] (qfac) should be 1 (default) or -1; setting qfac to 1
pixdim[0] (qfac) should be 1 (default) or -1; setting qfac to 1
2025-06-24 01:11:37,478 - INFO - pixdim[0] (qfac) should be 1 (default) or -1; setting qfac to 1
pixdim[0] (qfac) should be 1 (default) or -1; setting qfac to 1
2025-06-24 01:11:37,602 - INFO - pixdim[0] (qfac) should be 1 (default) or -1; setting qfac to 1
pixdim[0] (qfac) should be 1 (default) or -1; setting qfac to 1
2025-06-24 01:11:37,724 - INFO - pixdim[0] (qfac) should be 1 (default) or -1; setting qfac to 1
pixdim[0] (qfac) should be 1 (default) or -1; setting qfac to 1
2025-06-24 01:11:37,848 - INFO - pixdim[0] (qfac) should be 1 (default) or -1; setting qfac to 1
pixdim[0] (qfac) should be 1 (default) or -1; setting qfac to 1
2025-06-24 01:11:37,972 - INFO - pixdim[0] (qfac) should be 1 (default) or -1; setting qfac to 1
pixdim[0] (qfac) should be 1 (default) or -1; setting qfac to 1
2025-06-24 01:11:38,096 - INFO - pixdim[0] (qfac) should be 1 (default) or -1; setting qfac to 1
pixdim[0] (qfac) should be 1 (default) or -1; setting qfac to 1
2025-06-24 01:11:38,218 - INFO - pixdim[0] (qfac) should be 1 (default) or -1; setting qfac to 1
pixdim[0] (qfac) should be 1 (default) or -1; setting qfac to 1
2025-06-24 01:11:38,341 - INFO - pixdim[0] (qfac) should be 1 (default) or -1; setting qfac to 1
pixdim[0] (qfac) should be 1 (default) or -1; setting qfac to 1
2025-06-24 01:11:38,467 - INFO - pixdim[0] (qfac) should be 1 (default) or -1; setting qfac to 1
pixdim[0] (qfac) should be 1 (default) or -1; setting qfac to 1
2025-06-24 01:11:38,589 - INFO - pixdim[0] (qfac) should be 1 (default) or -1; setting qfac to 1
pixdim[0] (qfac) should be 1 (default) or -1; setting qfac to 1
2025-06-24 01:11:38,711 - INFO - pixdim[0] (qfac) should be 1 (default) or -1; setting qfac to 1
pixdim[0] (qfac) should be 1 (default) or -1; setting qfac to 1
2025-06-24 01:11:38,831 - INFO - pixdim[0] (qfac) should be 1 (default) or -1; setting qfac to 1
pixdim[0] (qfac) should be 1 (default) or -1; setting qfac to 1
2025-06-24 01:11:38,955 - INFO - pixdim[0] (qfac) should be 1 (default) or -1; setting qfac to 1
pixdim[0] (qfac) should be 1 (default) or -1; setting qfac to 1
2025-06-24 01:11:39,075 - INFO - pixdim[0] (qfac) should be 1 (default) or -1; setting qfac to 1
pixdim[0] (qfac) should be 1 (default) or -1; setting qfac to 1
2025-06-24 01:11:39,199 - INFO - pixdim[0] (qfac) should be 1 (default) or -1; setting qfac to 1
pixdim[0] (qfac) should be 1 (default) or -1; setting qfac to 1
2025-06-24 01:11:39,322 - INFO - pixdim[0] (qfac) should be 1 (default) or -1; setting qfac to 1
pixdim[0] (qfac) should be 1 (default) or -1; setting qfac to 1
2025-06-24 01:11:39,441 - INFO - pixdim[0] (qfac) should be 1 (default) or -1; setting qfac to 1
pixdim[0] (qfac) should be 1 (default) or -1; setting qfac to 1
2025-06-24 01:11:39,564 - INFO - pixdim[0] (qfac) should be 1 (default) or -1; setting qfac to 1
pixdim[0] (qfac) should be 1 (default) or -1; setting qfac to 1
2025-06-24 01:11:39,688 - INFO - pixdim[0] (qfac) should be 1 (default) or -1; setting qfac to 1
pixdim[0] (qfac) should be 1 (default) or -1; setting qfac to 1
2025-06-24 01:11:39,811 - INFO - pixdim[0] (qfac) should be 1 (default) or -1; setting qfac to 1
pixdim[0] (qfac) should be 1 (default) or -1; setting qfac to 1
2025-06-24 01:11:39,929 - INFO - pixdim[0] (qfac) should be 1 (default) or -1; setting qfac to 1
pixdim[0] (qfac) should be 1 (default) or -1; setting qfac to 1
2025-06-24 01:11:40,052 - INFO - pixdim[0] (qfac) should be 1 (default) or -1; setting qfac to 1
pixdim[0] (qfac) should be 1 (default) or -1; setting qfac to 1
2025-06-24 01:11:40,175 - INFO - pixdim[0] (qfac) should be 1 (default) or -1; setting qfac to 1
pixdim[0] (qfac) should be 1 (default) or -1; setting qfac to 1
2025-06-24 01:11:40,297 - INFO - pixdim[0] (qfac) should be 1 (default) or -1; setting qfac to 1
pixdim[0] (qfac) should be 1 (default) or -1; setting qfac to 1
2025-06-24 01:11:40,417 - INFO - pixdim[0] (qfac) should be 1 (default) or -1; setting qfac to 1
pixdim[0] (qfac) should be 1 (default) or -1; setting qfac to 1
2025-06-24 01:11:40,540 - INFO - pixdim[0] (qfac) should be 1 (default) or -1; setting qfac to 1
pixdim[0] (qfac) should be 1 (default) or -1; setting qfac to 1
2025-06-24 01:11:40,659 - INFO - pixdim[0] (qfac) should be 1 (default) or -1; setting qfac to 1
pixdim[0] (qfac) should be 1 (default) or -1; setting qfac to 1
2025-06-24 01:11:40,776 - INFO - pixdim[0] (qfac) should be 1 (default) or -1; setting qfac to 1
pixdim[0] (qfac) should be 1 (default) or -1; setting qfac to 1
2025-06-24 01:11:40,890 - INFO - pixdim[0] (qfac) should be 1 (default) or -1; setting qfac to 1
pixdim[0] (qfac) should be 1 (default) or -1; setting qfac to 1
2025-06-24 01:11:41,008 - INFO - pixdim[0] (qfac) should be 1 (default) or -1; setting qfac to 1
pixdim[0] (qfac) should be 1 (default) or -1; setting qfac to 1
2025-06-24 01:11:41,124 - INFO - pixdim[0] (qfac) should be 1 (default) or -1; setting qfac to 1
pixdim[0] (qfac) should be 1 (default) or -1; setting qfac to 1
2025-06-24 01:11:41,245 - INFO - pixdim[0] (qfac) should be 1 (default) or -1; setting qfac to 1
pixdim[0] (qfac) should be 1 (default) or -1; setting qfac to 1
2025-06-24 01:11:41,369 - INFO - pixdim[0] (qfac) should be 1 (default) or -1; setting qfac to 1
pixdim[0] (qfac) should be 1 (default) or -1; setting qfac to 1
2025-06-24 01:11:41,483 - INFO - pixdim[0] (qfac) should be 1 (default) or -1; setting qfac to 1
pixdim[0] (qfac) should be 1 (default) or -1; setting qfac to 1
2025-06-24 01:11:41,596 - INFO - pixdim[0] (qfac) should be 1 (default) or -1; setting qfac to 1
pixdim[0] (qfac) should be 1 (default) or -1; setting qfac to 1
2025-06-24 01:11:41,710 - INFO - pixdim[0] (qfac) should be 1 (default) or -1; setting qfac to 1
pixdim[0] (qfac) should be 1 (default) or -1; setting qfac to 1
2025-06-24 01:11:41,834 - INFO - pixdim[0] (qfac) should be 1 (default) or -1; setting qfac to 1
pixdim[0] (qfac) should be 1 (default) or -1; setting qfac to 1
2025-06-24 01:11:41,957 - INFO - pixdim[0] (qfac) should be 1 (default) or -1; setting qfac to 1
pixdim[0] (qfac) should be 1 (default) or -1; setting qfac to 1
2025-06-24 01:11:42,073 - INFO - pixdim[0] (qfac) should be 1 (default) or -1; setting qfac to 1
pixdim[0] (qfac) should be 1 (default) or -1; setting qfac to 1
2025-06-24 01:11:42,190 - INFO - pixdim[0] (qfac) should be 1 (default) or -1; setting qfac to 1
pixdim[0] (qfac) should be 1 (default) or -1; setting qfac to 1
2025-06-24 01:11:42,311 - INFO - pixdim[0] (qfac) should be 1 (default) or -1; setting qfac to 1
pixdim[0] (qfac) should be 1 (default) or -1; setting qfac to 1
2025-06-24 01:11:42,438 - INFO - pixdim[0] (qfac) should be 1 (default) or -1; setting qfac to 1
pixdim[0] (qfac) should be 1 (default) or -1; setting qfac to 1
2025-06-24 01:11:42,563 - INFO - pixdim[0] (qfac) should be 1 (default) or -1; setting qfac to 1
pixdim[0] (qfac) should be 1 (default) or -1; setting qfac to 1
2025-06-24 01:11:42,683 - INFO - pixdim[0] (qfac) should be 1 (default) or -1; setting qfac to 1
pixdim[0] (qfac) should be 1 (default) or -1; setting qfac to 1
2025-06-24 01:11:42,802 - INFO - pixdim[0] (qfac) should be 1 (default) or -1; setting qfac to 1
pixdim[0] (qfac) should be 1 (default) or -1; setting qfac to 1
2025-06-24 01:11:42,922 - INFO - pixdim[0] (qfac) should be 1 (default) or -1; setting qfac to 1
pixdim[0] (qfac) should be 1 (default) or -1; setting qfac to 1
2025-06-24 01:11:43,046 - INFO - pixdim[0] (qfac) should be 1 (default) or -1; setting qfac to 1
pixdim[0] (qfac) should be 1 (default) or -1; setting qfac to 1
2025-06-24 01:11:43,162 - INFO - pixdim[0] (qfac) should be 1 (default) or -1; setting qfac to 1
pixdim[0] (qfac) should be 1 (default) or -1; setting qfac to 1
2025-06-24 01:11:43,279 - INFO - pixdim[0] (qfac) should be 1 (default) or -1; setting qfac to 1
pixdim[0] (qfac) should be 1 (default) or -1; setting qfac to 1
2025-06-24 01:11:43,392 - INFO - pixdim[0] (qfac) should be 1 (default) or -1; setting qfac to 1
pixdim[0] (qfac) should be 1 (default) or -1; setting qfac to 1
2025-06-24 01:11:43,512 - INFO - pixdim[0] (qfac) should be 1 (default) or -1; setting qfac to 1
pixdim[0] (qfac) should be 1 (default) or -1; setting qfac to 1
2025-06-24 01:11:43,653 - INFO - pixdim[0] (qfac) should be 1 (default) or -1; setting qfac to 1
pixdim[0] (qfac) should be 1 (default) or -1; setting qfac to 1
2025-06-24 01:11:43,776 - INFO - pixdim[0] (qfac) should be 1 (default) or -1; setting qfac to 1
pixdim[0] (qfac) should be 1 (default) or -1; setting qfac to 1
2025-06-24 01:11:43,904 - INFO - pixdim[0] (qfac) should be 1 (default) or -1; setting qfac to 1
pixdim[0] (qfac) should be 1 (default) or -1; setting qfac to 1
2025-06-24 01:11:44,025 - INFO - pixdim[0] (qfac) should be 1 (default) or -1; setting qfac to 1
pixdim[0] (qfac) should be 1 (default) or -1; setting qfac to 1
2025-06-24 01:11:44,143 - INFO - pixdim[0] (qfac) should be 1 (default) or -1; setting qfac to 1
pixdim[0] (qfac) should be 1 (default) or -1; setting qfac to 1
2025-06-24 01:11:44,256 - INFO - pixdim[0] (qfac) should be 1 (default) or -1; setting qfac to 1
pixdim[0] (qfac) should be 1 (default) or -1; setting qfac to 1
2025-06-24 01:11:44,375 - INFO - pixdim[0] (qfac) should be 1 (default) or -1; setting qfac to 1
pixdim[0] (qfac) should be 1 (default) or -1; setting qfac to 1
2025-06-24 01:11:44,497 - INFO - pixdim[0] (qfac) should be 1 (default) or -1; setting qfac to 1
pixdim[0] (qfac) should be 1 (default) or -1; setting qfac to 1
2025-06-24 01:11:44,620 - INFO - pixdim[0] (qfac) should be 1 (default) or -1; setting qfac to 1
pixdim[0] (qfac) should be 1 (default) or -1; setting qfac to 1
2025-06-24 01:11:44,741 - INFO - pixdim[0] (qfac) should be 1 (default) or -1; setting qfac to 1
pixdim[0] (qfac) should be 1 (default) or -1; setting qfac to 1
2025-06-24 01:11:44,862 - INFO - pixdim[0] (qfac) should be 1 (default) or -1; setting qfac to 1
pixdim[0] (qfac) should be 1 (default) or -1; setting qfac to 1
2025-06-24 01:11:44,979 - INFO - pixdim[0] (qfac) should be 1 (default) or -1; setting qfac to 1
pixdim[0] (qfac) should be 1 (default) or -1; setting qfac to 1
2025-06-24 01:11:45,095 - INFO - pixdim[0] (qfac) should be 1 (default) or -1; setting qfac to 1
pixdim[0] (qfac) should be 1 (default) or -1; setting qfac to 1
2025-06-24 01:11:45,211 - INFO - pixdim[0] (qfac) should be 1 (default) or -1; setting qfac to 1
pixdim[0] (qfac) should be 1 (default) or -1; setting qfac to 1
2025-06-24 01:11:45,332 - INFO - pixdim[0] (qfac) should be 1 (default) or -1; setting qfac to 1
pixdim[0] (qfac) should be 1 (default) or -1; setting qfac to 1
2025-06-24 01:11:45,453 - INFO - pixdim[0] (qfac) should be 1 (default) or -1; setting qfac to 1
pixdim[0] (qfac) should be 1 (default) or -1; setting qfac to 1
2025-06-24 01:11:45,572 - INFO - pixdim[0] (qfac) should be 1 (default) or -1; setting qfac to 1
pixdim[0] (qfac) should be 1 (default) or -1; setting qfac to 1
2025-06-24 01:11:45,687 - INFO - pixdim[0] (qfac) should be 1 (default) or -1; setting qfac to 1
pixdim[0] (qfac) should be 1 (default) or -1; setting qfac to 1
2025-06-24 01:11:45,802 - INFO - pixdim[0] (qfac) should be 1 (default) or -1; setting qfac to 1
pixdim[0] (qfac) should be 1 (default) or -1; setting qfac to 1
2025-06-24 01:11:45,917 - INFO - pixdim[0] (qfac) should be 1 (default) or -1; setting qfac to 1
pixdim[0] (qfac) should be 1 (default) or -1; setting qfac to 1
2025-06-24 01:11:46,034 - INFO - pixdim[0] (qfac) should be 1 (default) or -1; setting qfac to 1
pixdim[0] (qfac) should be 1 (default) or -1; setting qfac to 1
2025-06-24 01:11:46,146 - INFO - pixdim[0] (qfac) should be 1 (default) or -1; setting qfac to 1
pixdim[0] (qfac) should be 1 (default) or -1; setting qfac to 1
2025-06-24 01:11:46,259 - INFO - pixdim[0] (qfac) should be 1 (default) or -1; setting qfac to 1
pixdim[0] (qfac) should be 1 (default) or -1; setting qfac to 1
2025-06-24 01:11:46,375 - INFO - pixdim[0] (qfac) should be 1 (default) or -1; setting qfac to 1
pixdim[0] (qfac) should be 1 (default) or -1; setting qfac to 1
2025-06-24 01:11:46,496 - INFO - pixdim[0] (qfac) should be 1 (default) or -1; setting qfac to 1
pixdim[0] (qfac) should be 1 (default) or -1; setting qfac to 1
2025-06-24 01:11:46,620 - INFO - pixdim[0] (qfac) should be 1 (default) or -1; setting qfac to 1
pixdim[0] (qfac) should be 1 (default) or -1; setting qfac to 1
2025-06-24 01:11:46,731 - INFO - pixdim[0] (qfac) should be 1 (default) or -1; setting qfac to 1
pixdim[0] (qfac) should be 1 (default) or -1; setting qfac to 1
2025-06-24 01:11:46,839 - INFO - pixdim[0] (qfac) should be 1 (default) or -1; setting qfac to 1
pixdim[0] (qfac) should be 1 (default) or -1; setting qfac to 1
2025-06-24 01:11:46,959 - INFO - pixdim[0] (qfac) should be 1 (default) or -1; setting qfac to 1
pixdim[0] (qfac) should be 1 (default) or -1; setting qfac to 1
2025-06-24 01:11:47,073 - INFO - pixdim[0] (qfac) should be 1 (default) or -1; setting qfac to 1
pixdim[0] (qfac) should be 1 (default) or -1; setting qfac to 1
2025-06-24 01:11:47,192 - INFO - pixdim[0] (qfac) should be 1 (default) or -1; setting qfac to 1
pixdim[0] (qfac) should be 1 (default) or -1; setting qfac to 1
2025-06-24 01:11:47,309 - INFO - pixdim[0] (qfac) should be 1 (default) or -1; setting qfac to 1
pixdim[0] (qfac) should be 1 (default) or -1; setting qfac to 1
2025-06-24 01:11:47,417 - INFO - pixdim[0] (qfac) should be 1 (default) or -1; setting qfac to 1
pixdim[0] (qfac) should be 1 (default) or -1; setting qfac to 1
2025-06-24 01:11:47,544 - INFO - pixdim[0] (qfac) should be 1 (default) or -1; setting qfac to 1
pixdim[0] (qfac) should be 1 (default) or -1; setting qfac to 1
2025-06-24 01:11:47,664 - INFO - pixdim[0] (qfac) should be 1 (default) or -1; setting qfac to 1
pixdim[0] (qfac) should be 1 (default) or -1; setting qfac to 1
2025-06-24 01:11:47,790 - INFO - pixdim[0] (qfac) should be 1 (default) or -1; setting qfac to 1
pixdim[0] (qfac) should be 1 (default) or -1; setting qfac to 1
2025-06-24 01:11:47,903 - INFO - pixdim[0] (qfac) should be 1 (default) or -1; setting qfac to 1
pixdim[0] (qfac) should be 1 (default) or -1; setting qfac to 1
2025-06-24 01:11:48,026 - INFO - pixdim[0] (qfac) should be 1 (default) or -1; setting qfac to 1
pixdim[0] (qfac) should be 1 (default) or -1; setting qfac to 1
2025-06-24 01:11:48,147 - INFO - pixdim[0] (qfac) should be 1 (default) or -1; setting qfac to 1
pixdim[0] (qfac) should be 1 (default) or -1; setting qfac to 1
2025-06-24 01:11:48,264 - INFO - pixdim[0] (qfac) should be 1 (default) or -1; setting qfac to 1
pixdim[0] (qfac) should be 1 (default) or -1; setting qfac to 1
2025-06-24 01:11:48,391 - INFO - pixdim[0] (qfac) should be 1 (default) or -1; setting qfac to 1
pixdim[0] (qfac) should be 1 (default) or -1; setting qfac to 1
2025-06-24 01:11:48,514 - INFO - pixdim[0] (qfac) should be 1 (default) or -1; setting qfac to 1
pixdim[0] (qfac) should be 1 (default) or -1; setting qfac to 1
2025-06-24 01:11:48,639 - INFO - pixdim[0] (qfac) should be 1 (default) or -1; setting qfac to 1
pixdim[0] (qfac) should be 1 (default) or -1; setting qfac to 1
2025-06-24 01:11:48,757 - INFO - pixdim[0] (qfac) should be 1 (default) or -1; setting qfac to 1
pixdim[0] (qfac) should be 1 (default) or -1; setting qfac to 1
2025-06-24 01:11:48,874 - INFO - pixdim[0] (qfac) should be 1 (default) or -1; setting qfac to 1
pixdim[0] (qfac) should be 1 (default) or -1; setting qfac to 1
2025-06-24 01:11:48,986 - INFO - pixdim[0] (qfac) should be 1 (default) or -1; setting qfac to 1
pixdim[0] (qfac) should be 1 (default) or -1; setting qfac to 1
2025-06-24 01:11:49,101 - INFO - pixdim[0] (qfac) should be 1 (default) or -1; setting qfac to 1
pixdim[0] (qfac) should be 1 (default) or -1; setting qfac to 1
2025-06-24 01:11:49,224 - INFO - pixdim[0] (qfac) should be 1 (default) or -1; setting qfac to 1
pixdim[0] (qfac) should be 1 (default) or -1; setting qfac to 1
2025-06-24 01:11:49,342 - INFO - pixdim[0] (qfac) should be 1 (default) or -1; setting qfac to 1
pixdim[0] (qfac) should be 1 (default) or -1; setting qfac to 1
2025-06-24 01:11:49,461 - INFO - pixdim[0] (qfac) should be 1 (default) or -1; setting qfac to 1
pixdim[0] (qfac) should be 1 (default) or -1; setting qfac to 1
2025-06-24 01:11:49,586 - INFO - pixdim[0] (qfac) should be 1 (default) or -1; setting qfac to 1
pixdim[0] (qfac) should be 1 (default) or -1; setting qfac to 1
2025-06-24 01:11:49,707 - INFO - pixdim[0] (qfac) should be 1 (default) or -1; setting qfac to 1
pixdim[0] (qfac) should be 1 (default) or -1; setting qfac to 1
2025-06-24 01:11:49,827 - INFO - pixdim[0] (qfac) should be 1 (default) or -1; setting qfac to 1
pixdim[0] (qfac) should be 1 (default) or -1; setting qfac to 1
2025-06-24 01:11:49,940 - INFO - pixdim[0] (qfac) should be 1 (default) or -1; setting qfac to 1
pixdim[0] (qfac) should be 1 (default) or -1; setting qfac to 1
2025-06-24 01:11:50,062 - INFO - pixdim[0] (qfac) should be 1 (default) or -1; setting qfac to 1
pixdim[0] (qfac) should be 1 (default) or -1; setting qfac to 1
2025-06-24 01:11:50,183 - INFO - pixdim[0] (qfac) should be 1 (default) or -1; setting qfac to 1
pixdim[0] (qfac) should be 1 (default) or -1; setting qfac to 1
2025-06-24 01:11:50,299 - INFO - pixdim[0] (qfac) should be 1 (default) or -1; setting qfac to 1
pixdim[0] (qfac) should be 1 (default) or -1; setting qfac to 1
2025-06-24 01:11:50,419 - INFO - pixdim[0] (qfac) should be 1 (default) or -1; setting qfac to 1
pixdim[0] (qfac) should be 1 (default) or -1; setting qfac to 1
2025-06-24 01:11:50,542 - INFO - pixdim[0] (qfac) should be 1 (default) or -1; setting qfac to 1
pixdim[0] (qfac) should be 1 (default) or -1; setting qfac to 1
2025-06-24 01:11:50,664 - INFO - pixdim[0] (qfac) should be 1 (default) or -1; setting qfac to 1
pixdim[0] (qfac) should be 1 (default) or -1; setting qfac to 1
2025-06-24 01:11:50,788 - INFO - pixdim[0] (qfac) should be 1 (default) or -1; setting qfac to 1
pixdim[0] (qfac) should be 1 (default) or -1; setting qfac to 1
2025-06-24 01:11:50,909 - INFO - pixdim[0] (qfac) should be 1 (default) or -1; setting qfac to 1
pixdim[0] (qfac) should be 1 (default) or -1; setting qfac to 1
2025-06-24 01:11:51,028 - INFO - pixdim[0] (qfac) should be 1 (default) or -1; setting qfac to 1
pixdim[0] (qfac) should be 1 (default) or -1; setting qfac to 1
2025-06-24 01:11:51,148 - INFO - pixdim[0] (qfac) should be 1 (default) or -1; setting qfac to 1
pixdim[0] (qfac) should be 1 (default) or -1; setting qfac to 1
2025-06-24 01:11:51,268 - INFO - pixdim[0] (qfac) should be 1 (default) or -1; setting qfac to 1
pixdim[0] (qfac) should be 1 (default) or -1; setting qfac to 1
2025-06-24 01:11:51,389 - INFO - pixdim[0] (qfac) should be 1 (default) or -1; setting qfac to 1
pixdim[0] (qfac) should be 1 (default) or -1; setting qfac to 1
2025-06-24 01:11:51,514 - INFO - pixdim[0] (qfac) should be 1 (default) or -1; setting qfac to 1
pixdim[0] (qfac) should be 1 (default) or -1; setting qfac to 1
2025-06-24 01:11:51,635 - INFO - pixdim[0] (qfac) should be 1 (default) or -1; setting qfac to 1
pixdim[0] (qfac) should be 1 (default) or -1; setting qfac to 1
2025-06-24 01:11:51,759 - INFO - pixdim[0] (qfac) should be 1 (default) or -1; setting qfac to 1
pixdim[0] (qfac) should be 1 (default) or -1; setting qfac to 1
2025-06-24 01:11:51,884 - INFO - pixdim[0] (qfac) should be 1 (default) or -1; setting qfac to 1
pixdim[0] (qfac) should be 1 (default) or -1; setting qfac to 1
2025-06-24 01:11:52,002 - INFO - pixdim[0] (qfac) should be 1 (default) or -1; setting qfac to 1
pixdim[0] (qfac) should be 1 (default) or -1; setting qfac to 1
2025-06-24 01:11:52,135 - INFO - pixdim[0] (qfac) should be 1 (default) or -1; setting qfac to 1
pixdim[0] (qfac) should be 1 (default) or -1; setting qfac to 1
2025-06-24 01:11:52,256 - INFO - pixdim[0] (qfac) should be 1 (default) or -1; setting qfac to 1
pixdim[0] (qfac) should be 1 (default) or -1; setting qfac to 1
2025-06-24 01:11:52,380 - INFO - pixdim[0] (qfac) should be 1 (default) or -1; setting qfac to 1
pixdim[0] (qfac) should be 1 (default) or -1; setting qfac to 1
2025-06-24 01:11:52,501 - INFO - pixdim[0] (qfac) should be 1 (default) or -1; setting qfac to 1
pixdim[0] (qfac) should be 1 (default) or -1; setting qfac to 1
2025-06-24 01:11:52,622 - INFO - pixdim[0] (qfac) should be 1 (default) or -1; setting qfac to 1
pixdim[0] (qfac) should be 1 (default) or -1; setting qfac to 1
2025-06-24 01:11:52,745 - INFO - pixdim[0] (qfac) should be 1 (default) or -1; setting qfac to 1
pixdim[0] (qfac) should be 1 (default) or -1; setting qfac to 1
2025-06-24 01:11:52,868 - INFO - pixdim[0] (qfac) should be 1 (default) or -1; setting qfac to 1
pixdim[0] (qfac) should be 1 (default) or -1; setting qfac to 1
2025-06-24 01:11:52,985 - INFO - pixdim[0] (qfac) should be 1 (default) or -1; setting qfac to 1
pixdim[0] (qfac) should be 1 (default) or -1; setting qfac to 1
2025-06-24 01:11:53,104 - INFO - pixdim[0] (qfac) should be 1 (default) or -1; setting qfac to 1
pixdim[0] (qfac) should be 1 (default) or -1; setting qfac to 1
2025-06-24 01:11:53,233 - INFO - pixdim[0] (qfac) should be 1 (default) or -1; setting qfac to 1
pixdim[0] (qfac) should be 1 (default) or -1; setting qfac to 1
2025-06-24 01:11:53,356 - INFO - pixdim[0] (qfac) should be 1 (default) or -1; setting qfac to 1
pixdim[0] (qfac) should be 1 (default) or -1; setting qfac to 1
2025-06-24 01:11:53,478 - INFO - pixdim[0] (qfac) should be 1 (default) or -1; setting qfac to 1
pixdim[0] (qfac) should be 1 (default) or -1; setting qfac to 1
2025-06-24 01:11:53,604 - INFO - pixdim[0] (qfac) should be 1 (default) or -1; setting qfac to 1
pixdim[0] (qfac) should be 1 (default) or -1; setting qfac to 1
2025-06-24 01:11:53,725 - INFO - pixdim[0] (qfac) should be 1 (default) or -1; setting qfac to 1
pixdim[0] (qfac) should be 1 (default) or -1; setting qfac to 1
2025-06-24 01:11:53,848 - INFO - pixdim[0] (qfac) should be 1 (default) or -1; setting qfac to 1
pixdim[0] (qfac) should be 1 (default) or -1; setting qfac to 1
2025-06-24 01:11:53,970 - INFO - pixdim[0] (qfac) should be 1 (default) or -1; setting qfac to 1
pixdim[0] (qfac) should be 1 (default) or -1; setting qfac to 1
2025-06-24 01:11:54,089 - INFO - pixdim[0] (qfac) should be 1 (default) or -1; setting qfac to 1
pixdim[0] (qfac) should be 1 (default) or -1; setting qfac to 1
2025-06-24 01:11:54,210 - INFO - pixdim[0] (qfac) should be 1 (default) or -1; setting qfac to 1
pixdim[0] (qfac) should be 1 (default) or -1; setting qfac to 1
2025-06-24 01:11:54,325 - INFO - pixdim[0] (qfac) should be 1 (default) or -1; setting qfac to 1
pixdim[0] (qfac) should be 1 (default) or -1; setting qfac to 1
2025-06-24 01:11:54,452 - INFO - pixdim[0] (qfac) should be 1 (default) or -1; setting qfac to 1
pixdim[0] (qfac) should be 1 (default) or -1; setting qfac to 1
2025-06-24 01:11:54,579 - INFO - pixdim[0] (qfac) should be 1 (default) or -1; setting qfac to 1
pixdim[0] (qfac) should be 1 (default) or -1; setting qfac to 1
2025-06-24 01:11:54,702 - INFO - pixdim[0] (qfac) should be 1 (default) or -1; setting qfac to 1
pixdim[0] (qfac) should be 1 (default) or -1; setting qfac to 1
2025-06-24 01:11:54,824 - INFO - pixdim[0] (qfac) should be 1 (default) or -1; setting qfac to 1
pixdim[0] (qfac) should be 1 (default) or -1; setting qfac to 1
2025-06-24 01:11:54,944 - INFO - pixdim[0] (qfac) should be 1 (default) or -1; setting qfac to 1
pixdim[0] (qfac) should be 1 (default) or -1; setting qfac to 1
2025-06-24 01:11:55,066 - INFO - pixdim[0] (qfac) should be 1 (default) or -1; setting qfac to 1
pixdim[0] (qfac) should be 1 (default) or -1; setting qfac to 1
2025-06-24 01:11:55,186 - INFO - pixdim[0] (qfac) should be 1 (default) or -1; setting qfac to 1
pixdim[0] (qfac) should be 1 (default) or -1; setting qfac to 1
2025-06-24 01:11:55,304 - INFO - pixdim[0] (qfac) should be 1 (default) or -1; setting qfac to 1
pixdim[0] (qfac) should be 1 (default) or -1; setting qfac to 1
2025-06-24 01:11:55,423 - INFO - pixdim[0] (qfac) should be 1 (default) or -1; setting qfac to 1
pixdim[0] (qfac) should be 1 (default) or -1; setting qfac to 1
2025-06-24 01:11:55,542 - INFO - pixdim[0] (qfac) should be 1 (default) or -1; setting qfac to 1
pixdim[0] (qfac) should be 1 (default) or -1; setting qfac to 1
2025-06-24 01:11:55,662 - INFO - pixdim[0] (qfac) should be 1 (default) or -1; setting qfac to 1
pixdim[0] (qfac) should be 1 (default) or -1; setting qfac to 1
2025-06-24 01:11:55,782 - INFO - pixdim[0] (qfac) should be 1 (default) or -1; setting qfac to 1
pixdim[0] (qfac) should be 1 (default) or -1; setting qfac to 1
2025-06-24 01:11:55,905 - INFO - pixdim[0] (qfac) should be 1 (default) or -1; setting qfac to 1
pixdim[0] (qfac) should be 1 (default) or -1; setting qfac to 1
2025-06-24 01:11:56,029 - INFO - pixdim[0] (qfac) should be 1 (default) or -1; setting qfac to 1
pixdim[0] (qfac) should be 1 (default) or -1; setting qfac to 1
2025-06-24 01:11:56,152 - INFO - pixdim[0] (qfac) should be 1 (default) or -1; setting qfac to 1
pixdim[0] (qfac) should be 1 (default) or -1; setting qfac to 1
2025-06-24 01:11:56,277 - INFO - pixdim[0] (qfac) should be 1 (default) or -1; setting qfac to 1
pixdim[0] (qfac) should be 1 (default) or -1; setting qfac to 1
2025-06-24 01:11:56,395 - INFO - pixdim[0] (qfac) should be 1 (default) or -1; setting qfac to 1
pixdim[0] (qfac) should be 1 (default) or -1; setting qfac to 1
2025-06-24 01:11:56,515 - INFO - pixdim[0] (qfac) should be 1 (default) or -1; setting qfac to 1
pixdim[0] (qfac) should be 1 (default) or -1; setting qfac to 1
2025-06-24 01:11:56,638 - INFO - pixdim[0] (qfac) should be 1 (default) or -1; setting qfac to 1
pixdim[0] (qfac) should be 1 (default) or -1; setting qfac to 1
2025-06-24 01:11:56,759 - INFO - pixdim[0] (qfac) should be 1 (default) or -1; setting qfac to 1
pixdim[0] (qfac) should be 1 (default) or -1; setting qfac to 1
2025-06-24 01:11:56,878 - INFO - pixdim[0] (qfac) should be 1 (default) or -1; setting qfac to 1
pixdim[0] (qfac) should be 1 (default) or -1; setting qfac to 1
2025-06-24 01:11:57,004 - INFO - pixdim[0] (qfac) should be 1 (default) or -1; setting qfac to 1
pixdim[0] (qfac) should be 1 (default) or -1; setting qfac to 1
2025-06-24 01:11:57,125 - INFO - pixdim[0] (qfac) should be 1 (default) or -1; setting qfac to 1
pixdim[0] (qfac) should be 1 (default) or -1; setting qfac to 1
2025-06-24 01:11:57,243 - INFO - pixdim[0] (qfac) should be 1 (default) or -1; setting qfac to 1
pixdim[0] (qfac) should be 1 (default) or -1; setting qfac to 1
2025-06-24 01:11:57,363 - INFO - pixdim[0] (qfac) should be 1 (default) or -1; setting qfac to 1
pixdim[0] (qfac) should be 1 (default) or -1; setting qfac to 1
2025-06-24 01:11:57,481 - INFO - pixdim[0] (qfac) should be 1 (default) or -1; setting qfac to 1
pixdim[0] (qfac) should be 1 (default) or -1; setting qfac to 1
2025-06-24 01:11:57,609 - INFO - pixdim[0] (qfac) should be 1 (default) or -1; setting qfac to 1
pixdim[0] (qfac) should be 1 (default) or -1; setting qfac to 1
2025-06-24 01:11:57,729 - INFO - pixdim[0] (qfac) should be 1 (default) or -1; setting qfac to 1
pixdim[0] (qfac) should be 1 (default) or -1; setting qfac to 1
2025-06-24 01:11:57,853 - INFO - pixdim[0] (qfac) should be 1 (default) or -1; setting qfac to 1
pixdim[0] (qfac) should be 1 (default) or -1; setting qfac to 1
2025-06-24 01:11:57,977 - INFO - pixdim[0] (qfac) should be 1 (default) or -1; setting qfac to 1
pixdim[0] (qfac) should be 1 (default) or -1; setting qfac to 1
2025-06-24 01:11:58,099 - INFO - pixdim[0] (qfac) should be 1 (default) or -1; setting qfac to 1
pixdim[0] (qfac) should be 1 (default) or -1; setting qfac to 1
2025-06-24 01:11:58,213 - INFO - pixdim[0] (qfac) should be 1 (default) or -1; setting qfac to 1
pixdim[0] (qfac) should be 1 (default) or -1; setting qfac to 1
2025-06-24 01:11:58,331 - INFO - pixdim[0] (qfac) should be 1 (default) or -1; setting qfac to 1
pixdim[0] (qfac) should be 1 (default) or -1; setting qfac to 1
2025-06-24 01:11:58,451 - INFO - pixdim[0] (qfac) should be 1 (default) or -1; setting qfac to 1
pixdim[0] (qfac) should be 1 (default) or -1; setting qfac to 1
2025-06-24 01:11:58,572 - INFO - pixdim[0] (qfac) should be 1 (default) or -1; setting qfac to 1
pixdim[0] (qfac) should be 1 (default) or -1; setting qfac to 1
2025-06-24 01:11:58,701 - INFO - pixdim[0] (qfac) should be 1 (default) or -1; setting qfac to 1
pixdim[0] (qfac) should be 1 (default) or -1; setting qfac to 1
2025-06-24 01:11:58,818 - INFO - pixdim[0] (qfac) should be 1 (default) or -1; setting qfac to 1
pixdim[0] (qfac) should be 1 (default) or -1; setting qfac to 1
2025-06-24 01:11:58,938 - INFO - pixdim[0] (qfac) should be 1 (default) or -1; setting qfac to 1
pixdim[0] (qfac) should be 1 (default) or -1; setting qfac to 1
2025-06-24 01:11:59,061 - INFO - pixdim[0] (qfac) should be 1 (default) or -1; setting qfac to 1
pixdim[0] (qfac) should be 1 (default) or -1; setting qfac to 1
2025-06-24 01:11:59,185 - INFO - pixdim[0] (qfac) should be 1 (default) or -1; setting qfac to 1
pixdim[0] (qfac) should be 1 (default) or -1; setting qfac to 1
2025-06-24 01:11:59,315 - INFO - pixdim[0] (qfac) should be 1 (default) or -1; setting qfac to 1
pixdim[0] (qfac) should be 1 (default) or -1; setting qfac to 1
2025-06-24 01:11:59,435 - INFO - pixdim[0] (qfac) should be 1 (default) or -1; setting qfac to 1
pixdim[0] (qfac) should be 1 (default) or -1; setting qfac to 1
2025-06-24 01:11:59,562 - INFO - pixdim[0] (qfac) should be 1 (default) or -1; setting qfac to 1
pixdim[0] (qfac) should be 1 (default) or -1; setting qfac to 1
2025-06-24 01:11:59,681 - INFO - pixdim[0] (qfac) should be 1 (default) or -1; setting qfac to 1
pixdim[0] (qfac) should be 1 (default) or -1; setting qfac to 1
2025-06-24 01:11:59,807 - INFO - pixdim[0] (qfac) should be 1 (default) or -1; setting qfac to 1
pixdim[0] (qfac) should be 1 (default) or -1; setting qfac to 1
2025-06-24 01:11:59,925 - INFO - pixdim[0] (qfac) should be 1 (default) or -1; setting qfac to 1
pixdim[0] (qfac) should be 1 (default) or -1; setting qfac to 1
2025-06-24 01:12:00,045 - INFO - pixdim[0] (qfac) should be 1 (default) or -1; setting qfac to 1
pixdim[0] (qfac) should be 1 (default) or -1; setting qfac to 1
2025-06-24 01:12:00,165 - INFO - pixdim[0] (qfac) should be 1 (default) or -1; setting qfac to 1
pixdim[0] (qfac) should be 1 (default) or -1; setting qfac to 1
2025-06-24 01:12:00,284 - INFO - pixdim[0] (qfac) should be 1 (default) or -1; setting qfac to 1
pixdim[0] (qfac) should be 1 (default) or -1; setting qfac to 1
2025-06-24 01:12:00,403 - INFO - pixdim[0] (qfac) should be 1 (default) or -1; setting qfac to 1
pixdim[0] (qfac) should be 1 (default) or -1; setting qfac to 1
2025-06-24 01:12:00,518 - INFO - pixdim[0] (qfac) should be 1 (default) or -1; setting qfac to 1
pixdim[0] (qfac) should be 1 (default) or -1; setting qfac to 1
2025-06-24 01:12:00,635 - INFO - pixdim[0] (qfac) should be 1 (default) or -1; setting qfac to 1
pixdim[0] (qfac) should be 1 (default) or -1; setting qfac to 1
2025-06-24 01:12:00,753 - INFO - pixdim[0] (qfac) should be 1 (default) or -1; setting qfac to 1
pixdim[0] (qfac) should be 1 (default) or -1; setting qfac to 1
2025-06-24 01:12:00,873 - INFO - pixdim[0] (qfac) should be 1 (default) or -1; setting qfac to 1
pixdim[0] (qfac) should be 1 (default) or -1; setting qfac to 1
2025-06-24 01:12:00,990 - INFO - pixdim[0] (qfac) should be 1 (default) or -1; setting qfac to 1
pixdim[0] (qfac) should be 1 (default) or -1; setting qfac to 1
2025-06-24 01:12:01,110 - INFO - pixdim[0] (qfac) should be 1 (default) or -1; setting qfac to 1
pixdim[0] (qfac) should be 1 (default) or -1; setting qfac to 1
2025-06-24 01:12:01,228 - INFO - pixdim[0] (qfac) should be 1 (default) or -1; setting qfac to 1
pixdim[0] (qfac) should be 1 (default) or -1; setting qfac to 1
2025-06-24 01:12:01,347 - INFO - pixdim[0] (qfac) should be 1 (default) or -1; setting qfac to 1
pixdim[0] (qfac) should be 1 (default) or -1; setting qfac to 1
2025-06-24 01:12:01,467 - INFO - pixdim[0] (qfac) should be 1 (default) or -1; setting qfac to 1
pixdim[0] (qfac) should be 1 (default) or -1; setting qfac to 1
2025-06-24 01:12:01,587 - INFO - pixdim[0] (qfac) should be 1 (default) or -1; setting qfac to 1
pixdim[0] (qfac) should be 1 (default) or -1; setting qfac to 1
2025-06-24 01:12:01,705 - INFO - pixdim[0] (qfac) should be 1 (default) or -1; setting qfac to 1
pixdim[0] (qfac) should be 1 (default) or -1; setting qfac to 1
2025-06-24 01:12:01,824 - INFO - pixdim[0] (qfac) should be 1 (default) or -1; setting qfac to 1
pixdim[0] (qfac) should be 1 (default) or -1; setting qfac to 1
2025-06-24 01:12:01,943 - INFO - pixdim[0] (qfac) should be 1 (default) or -1; setting qfac to 1
pixdim[0] (qfac) should be 1 (default) or -1; setting qfac to 1
2025-06-24 01:12:02,061 - INFO - pixdim[0] (qfac) should be 1 (default) or -1; setting qfac to 1
pixdim[0] (qfac) should be 1 (default) or -1; setting qfac to 1
2025-06-24 01:12:02,180 - INFO - pixdim[0] (qfac) should be 1 (default) or -1; setting qfac to 1
pixdim[0] (qfac) should be 1 (default) or -1; setting qfac to 1
2025-06-24 01:12:02,299 - INFO - pixdim[0] (qfac) should be 1 (default) or -1; setting qfac to 1
pixdim[0] (qfac) should be 1 (default) or -1; setting qfac to 1
2025-06-24 01:12:02,418 - INFO - pixdim[0] (qfac) should be 1 (default) or -1; setting qfac to 1
pixdim[0] (qfac) should be 1 (default) or -1; setting qfac to 1
2025-06-24 01:12:02,538 - INFO - pixdim[0] (qfac) should be 1 (default) or -1; setting qfac to 1
pixdim[0] (qfac) should be 1 (default) or -1; setting qfac to 1
2025-06-24 01:12:02,656 - INFO - pixdim[0] (qfac) should be 1 (default) or -1; setting qfac to 1
pixdim[0] (qfac) should be 1 (default) or -1; setting qfac to 1
2025-06-24 01:12:02,775 - INFO - pixdim[0] (qfac) should be 1 (default) or -1; setting qfac to 1
pixdim[0] (qfac) should be 1 (default) or -1; setting qfac to 1
2025-06-24 01:12:02,895 - INFO - pixdim[0] (qfac) should be 1 (default) or -1; setting qfac to 1
pixdim[0] (qfac) should be 1 (default) or -1; setting qfac to 1
2025-06-24 01:12:03,014 - INFO - pixdim[0] (qfac) should be 1 (default) or -1; setting qfac to 1
pixdim[0] (qfac) should be 1 (default) or -1; setting qfac to 1
2025-06-24 01:12:03,134 - INFO - pixdim[0] (qfac) should be 1 (default) or -1; setting qfac to 1
pixdim[0] (qfac) should be 1 (default) or -1; setting qfac to 1
2025-06-24 01:12:03,255 - INFO - pixdim[0] (qfac) should be 1 (default) or -1; setting qfac to 1
pixdim[0] (qfac) should be 1 (default) or -1; setting qfac to 1
2025-06-24 01:12:03,372 - INFO - pixdim[0] (qfac) should be 1 (default) or -1; setting qfac to 1
pixdim[0] (qfac) should be 1 (default) or -1; setting qfac to 1
2025-06-24 01:12:03,490 - INFO - pixdim[0] (qfac) should be 1 (default) or -1; setting qfac to 1
pixdim[0] (qfac) should be 1 (default) or -1; setting qfac to 1
2025-06-24 01:12:03,609 - INFO - pixdim[0] (qfac) should be 1 (default) or -1; setting qfac to 1
pixdim[0] (qfac) should be 1 (default) or -1; setting qfac to 1
2025-06-24 01:12:03,727 - INFO - pixdim[0] (qfac) should be 1 (default) or -1; setting qfac to 1
pixdim[0] (qfac) should be 1 (default) or -1; setting qfac to 1
2025-06-24 01:12:03,846 - INFO - pixdim[0] (qfac) should be 1 (default) or -1; setting qfac to 1
pixdim[0] (qfac) should be 1 (default) or -1; setting qfac to 1
2025-06-24 01:12:03,966 - INFO - pixdim[0] (qfac) should be 1 (default) or -1; setting qfac to 1
pixdim[0] (qfac) should be 1 (default) or -1; setting qfac to 1
2025-06-24 01:12:04,085 - INFO - pixdim[0] (qfac) should be 1 (default) or -1; setting qfac to 1
pixdim[0] (qfac) should be 1 (default) or -1; setting qfac to 1
2025-06-24 01:12:04,203 - INFO - pixdim[0] (qfac) should be 1 (default) or -1; setting qfac to 1
pixdim[0] (qfac) should be 1 (default) or -1; setting qfac to 1
2025-06-24 01:12:04,324 - INFO - pixdim[0] (qfac) should be 1 (default) or -1; setting qfac to 1
pixdim[0] (qfac) should be 1 (default) or -1; setting qfac to 1
2025-06-24 01:12:04,443 - INFO - pixdim[0] (qfac) should be 1 (default) or -1; setting qfac to 1
pixdim[0] (qfac) should be 1 (default) or -1; setting qfac to 1
2025-06-24 01:12:04,562 - INFO - pixdim[0] (qfac) should be 1 (default) or -1; setting qfac to 1
pixdim[0] (qfac) should be 1 (default) or -1; setting qfac to 1
2025-06-24 01:12:04,681 - INFO - pixdim[0] (qfac) should be 1 (default) or -1; setting qfac to 1
pixdim[0] (qfac) should be 1 (default) or -1; setting qfac to 1
2025-06-24 01:12:04,801 - INFO - pixdim[0] (qfac) should be 1 (default) or -1; setting qfac to 1
pixdim[0] (qfac) should be 1 (default) or -1; setting qfac to 1
2025-06-24 01:12:04,920 - INFO - pixdim[0] (qfac) should be 1 (default) or -1; setting qfac to 1
pixdim[0] (qfac) should be 1 (default) or -1; setting qfac to 1
2025-06-24 01:12:05,038 - INFO - pixdim[0] (qfac) should be 1 (default) or -1; setting qfac to 1
pixdim[0] (qfac) should be 1 (default) or -1; setting qfac to 1
2025-06-24 01:12:05,157 - INFO - pixdim[0] (qfac) should be 1 (default) or -1; setting qfac to 1
pixdim[0] (qfac) should be 1 (default) or -1; setting qfac to 1
2025-06-24 01:12:05,275 - INFO - pixdim[0] (qfac) should be 1 (default) or -1; setting qfac to 1
pixdim[0] (qfac) should be 1 (default) or -1; setting qfac to 1
2025-06-24 01:12:05,396 - INFO - pixdim[0] (qfac) should be 1 (default) or -1; setting qfac to 1
pixdim[0] (qfac) should be 1 (default) or -1; setting qfac to 1
2025-06-24 01:12:05,515 - INFO - pixdim[0] (qfac) should be 1 (default) or -1; setting qfac to 1
pixdim[0] (qfac) should be 1 (default) or -1; setting qfac to 1
2025-06-24 01:12:05,635 - INFO - pixdim[0] (qfac) should be 1 (default) or -1; setting qfac to 1
pixdim[0] (qfac) should be 1 (default) or -1; setting qfac to 1
2025-06-24 01:12:05,754 - INFO - pixdim[0] (qfac) should be 1 (default) or -1; setting qfac to 1
pixdim[0] (qfac) should be 1 (default) or -1; setting qfac to 1
2025-06-24 01:12:05,872 - INFO - pixdim[0] (qfac) should be 1 (default) or -1; setting qfac to 1
pixdim[0] (qfac) should be 1 (default) or -1; setting qfac to 1
2025-06-24 01:12:05,992 - INFO - pixdim[0] (qfac) should be 1 (default) or -1; setting qfac to 1
pixdim[0] (qfac) should be 1 (default) or -1; setting qfac to 1
2025-06-24 01:12:06,110 - INFO - pixdim[0] (qfac) should be 1 (default) or -1; setting qfac to 1
pixdim[0] (qfac) should be 1 (default) or -1; setting qfac to 1
2025-06-24 01:12:06,229 - INFO - pixdim[0] (qfac) should be 1 (default) or -1; setting qfac to 1
pixdim[0] (qfac) should be 1 (default) or -1; setting qfac to 1
2025-06-24 01:12:06,348 - INFO - pixdim[0] (qfac) should be 1 (default) or -1; setting qfac to 1
pixdim[0] (qfac) should be 1 (default) or -1; setting qfac to 1
2025-06-24 01:12:06,469 - INFO - pixdim[0] (qfac) should be 1 (default) or -1; setting qfac to 1
pixdim[0] (qfac) should be 1 (default) or -1; setting qfac to 1
2025-06-24 01:12:06,587 - INFO - pixdim[0] (qfac) should be 1 (default) or -1; setting qfac to 1
pixdim[0] (qfac) should be 1 (default) or -1; setting qfac to 1
2025-06-24 01:12:06,705 - INFO - pixdim[0] (qfac) should be 1 (default) or -1; setting qfac to 1
pixdim[0] (qfac) should be 1 (default) or -1; setting qfac to 1
2025-06-24 01:12:06,822 - INFO - pixdim[0] (qfac) should be 1 (default) or -1; setting qfac to 1
pixdim[0] (qfac) should be 1 (default) or -1; setting qfac to 1
2025-06-24 01:12:06,941 - INFO - pixdim[0] (qfac) should be 1 (default) or -1; setting qfac to 1
pixdim[0] (qfac) should be 1 (default) or -1; setting qfac to 1
2025-06-24 01:12:07,059 - INFO - pixdim[0] (qfac) should be 1 (default) or -1; setting qfac to 1
pixdim[0] (qfac) should be 1 (default) or -1; setting qfac to 1
2025-06-24 01:12:07,178 - INFO - pixdim[0] (qfac) should be 1 (default) or -1; setting qfac to 1
pixdim[0] (qfac) should be 1 (default) or -1; setting qfac to 1
2025-06-24 01:12:07,298 - INFO - pixdim[0] (qfac) should be 1 (default) or -1; setting qfac to 1
pixdim[0] (qfac) should be 1 (default) or -1; setting qfac to 1
2025-06-24 01:12:07,417 - INFO - pixdim[0] (qfac) should be 1 (default) or -1; setting qfac to 1
pixdim[0] (qfac) should be 1 (default) or -1; setting qfac to 1
2025-06-24 01:12:07,539 - INFO - pixdim[0] (qfac) should be 1 (default) or -1; setting qfac to 1
pixdim[0] (qfac) should be 1 (default) or -1; setting qfac to 1
2025-06-24 01:12:07,659 - INFO - pixdim[0] (qfac) should be 1 (default) or -1; setting qfac to 1
pixdim[0] (qfac) should be 1 (default) or -1; setting qfac to 1
2025-06-24 01:12:07,779 - INFO - pixdim[0] (qfac) should be 1 (default) or -1; setting qfac to 1
pixdim[0] (qfac) should be 1 (default) or -1; setting qfac to 1
2025-06-24 01:12:07,899 - INFO - pixdim[0] (qfac) should be 1 (default) or -1; setting qfac to 1
pixdim[0] (qfac) should be 1 (default) or -1; setting qfac to 1
2025-06-24 01:12:08,018 - INFO - pixdim[0] (qfac) should be 1 (default) or -1; setting qfac to 1
pixdim[0] (qfac) should be 1 (default) or -1; setting qfac to 1
2025-06-24 01:12:08,137 - INFO - pixdim[0] (qfac) should be 1 (default) or -1; setting qfac to 1
pixdim[0] (qfac) should be 1 (default) or -1; setting qfac to 1
2025-06-24 01:12:08,257 - INFO - pixdim[0] (qfac) should be 1 (default) or -1; setting qfac to 1
pixdim[0] (qfac) should be 1 (default) or -1; setting qfac to 1
2025-06-24 01:12:08,375 - INFO - pixdim[0] (qfac) should be 1 (default) or -1; setting qfac to 1
pixdim[0] (qfac) should be 1 (default) or -1; setting qfac to 1
2025-06-24 01:12:08,494 - INFO - pixdim[0] (qfac) should be 1 (default) or -1; setting qfac to 1
pixdim[0] (qfac) should be 1 (default) or -1; setting qfac to 1
2025-06-24 01:12:08,614 - INFO - pixdim[0] (qfac) should be 1 (default) or -1; setting qfac to 1
pixdim[0] (qfac) should be 1 (default) or -1; setting qfac to 1
2025-06-24 01:12:08,733 - INFO - pixdim[0] (qfac) should be 1 (default) or -1; setting qfac to 1
pixdim[0] (qfac) should be 1 (default) or -1; setting qfac to 1
2025-06-24 01:12:08,852 - INFO - pixdim[0] (qfac) should be 1 (default) or -1; setting qfac to 1
pixdim[0] (qfac) should be 1 (default) or -1; setting qfac to 1
2025-06-24 01:12:08,971 - INFO - pixdim[0] (qfac) should be 1 (default) or -1; setting qfac to 1
pixdim[0] (qfac) should be 1 (default) or -1; setting qfac to 1
2025-06-24 01:12:09,089 - INFO - pixdim[0] (qfac) should be 1 (default) or -1; setting qfac to 1
pixdim[0] (qfac) should be 1 (default) or -1; setting qfac to 1
2025-06-24 01:12:09,208 - INFO - pixdim[0] (qfac) should be 1 (default) or -1; setting qfac to 1
pixdim[0] (qfac) should be 1 (default) or -1; setting qfac to 1
2025-06-24 01:12:09,327 - INFO - pixdim[0] (qfac) should be 1 (default) or -1; setting qfac to 1
pixdim[0] (qfac) should be 1 (default) or -1; setting qfac to 1
2025-06-24 01:12:09,445 - INFO - pixdim[0] (qfac) should be 1 (default) or -1; setting qfac to 1
pixdim[0] (qfac) should be 1 (default) or -1; setting qfac to 1
2025-06-24 01:12:09,563 - INFO - pixdim[0] (qfac) should be 1 (default) or -1; setting qfac to 1
pixdim[0] (qfac) should be 1 (default) or -1; setting qfac to 1
2025-06-24 01:12:09,683 - INFO - pixdim[0] (qfac) should be 1 (default) or -1; setting qfac to 1
pixdim[0] (qfac) should be 1 (default) or -1; setting qfac to 1
2025-06-24 01:12:09,801 - INFO - pixdim[0] (qfac) should be 1 (default) or -1; setting qfac to 1
pixdim[0] (qfac) should be 1 (default) or -1; setting qfac to 1
2025-06-24 01:12:09,919 - INFO - pixdim[0] (qfac) should be 1 (default) or -1; setting qfac to 1
pixdim[0] (qfac) should be 1 (default) or -1; setting qfac to 1
2025-06-24 01:12:10,036 - INFO - pixdim[0] (qfac) should be 1 (default) or -1; setting qfac to 1
pixdim[0] (qfac) should be 1 (default) or -1; setting qfac to 1
2025-06-24 01:12:10,153 - INFO - pixdim[0] (qfac) should be 1 (default) or -1; setting qfac to 1
pixdim[0] (qfac) should be 1 (default) or -1; setting qfac to 1
2025-06-24 01:12:10,271 - INFO - pixdim[0] (qfac) should be 1 (default) or -1; setting qfac to 1
pixdim[0] (qfac) should be 1 (default) or -1; setting qfac to 1
2025-06-24 01:12:10,389 - INFO - pixdim[0] (qfac) should be 1 (default) or -1; setting qfac to 1
pixdim[0] (qfac) should be 1 (default) or -1; setting qfac to 1
2025-06-24 01:12:10,507 - INFO - pixdim[0] (qfac) should be 1 (default) or -1; setting qfac to 1
pixdim[0] (qfac) should be 1 (default) or -1; setting qfac to 1
2025-06-24 01:12:10,622 - INFO - pixdim[0] (qfac) should be 1 (default) or -1; setting qfac to 1
pixdim[0] (qfac) should be 1 (default) or -1; setting qfac to 1
2025-06-24 01:12:10,736 - INFO - pixdim[0] (qfac) should be 1 (default) or -1; setting qfac to 1
pixdim[0] (qfac) should be 1 (default) or -1; setting qfac to 1
2025-06-24 01:12:10,849 - INFO - pixdim[0] (qfac) should be 1 (default) or -1; setting qfac to 1
pixdim[0] (qfac) should be 1 (default) or -1; setting qfac to 1
2025-06-24 01:12:10,966 - INFO - pixdim[0] (qfac) should be 1 (default) or -1; setting qfac to 1
pixdim[0] (qfac) should be 1 (default) or -1; setting qfac to 1
2025-06-24 01:12:11,084 - INFO - pixdim[0] (qfac) should be 1 (default) or -1; setting qfac to 1
pixdim[0] (qfac) should be 1 (default) or -1; setting qfac to 1
2025-06-24 01:12:11,203 - INFO - pixdim[0] (qfac) should be 1 (default) or -1; setting qfac to 1
pixdim[0] (qfac) should be 1 (default) or -1; setting qfac to 1
2025-06-24 01:12:11,321 - INFO - pixdim[0] (qfac) should be 1 (default) or -1; setting qfac to 1
pixdim[0] (qfac) should be 1 (default) or -1; setting qfac to 1
2025-06-24 01:12:11,436 - INFO - pixdim[0] (qfac) should be 1 (default) or -1; setting qfac to 1
pixdim[0] (qfac) should be 1 (default) or -1; setting qfac to 1
2025-06-24 01:12:11,550 - INFO - pixdim[0] (qfac) should be 1 (default) or -1; setting qfac to 1
pixdim[0] (qfac) should be 1 (default) or -1; setting qfac to 1
2025-06-24 01:12:11,668 - INFO - pixdim[0] (qfac) should be 1 (default) or -1; setting qfac to 1
pixdim[0] (qfac) should be 1 (default) or -1; setting qfac to 1
2025-06-24 01:12:11,784 - INFO - pixdim[0] (qfac) should be 1 (default) or -1; setting qfac to 1
pixdim[0] (qfac) should be 1 (default) or -1; setting qfac to 1
2025-06-24 01:12:11,896 - INFO - pixdim[0] (qfac) should be 1 (default) or -1; setting qfac to 1
pixdim[0] (qfac) should be 1 (default) or -1; setting qfac to 1
2025-06-24 01:12:12,012 - INFO - pixdim[0] (qfac) should be 1 (default) or -1; setting qfac to 1
pixdim[0] (qfac) should be 1 (default) or -1; setting qfac to 1
2025-06-24 01:12:12,132 - INFO - pixdim[0] (qfac) should be 1 (default) or -1; setting qfac to 1
pixdim[0] (qfac) should be 1 (default) or -1; setting qfac to 1
2025-06-24 01:12:12,251 - INFO - pixdim[0] (qfac) should be 1 (default) or -1; setting qfac to 1
pixdim[0] (qfac) should be 1 (default) or -1; setting qfac to 1
2025-06-24 01:12:12,369 - INFO - pixdim[0] (qfac) should be 1 (default) or -1; setting qfac to 1
pixdim[0] (qfac) should be 1 (default) or -1; setting qfac to 1
2025-06-24 01:12:12,486 - INFO - pixdim[0] (qfac) should be 1 (default) or -1; setting qfac to 1
pixdim[0] (qfac) should be 1 (default) or -1; setting qfac to 1
2025-06-24 01:12:12,599 - INFO - pixdim[0] (qfac) should be 1 (default) or -1; setting qfac to 1
pixdim[0] (qfac) should be 1 (default) or -1; setting qfac to 1
2025-06-24 01:12:12,711 - INFO - pixdim[0] (qfac) should be 1 (default) or -1; setting qfac to 1
pixdim[0] (qfac) should be 1 (default) or -1; setting qfac to 1
2025-06-24 01:12:12,831 - INFO - pixdim[0] (qfac) should be 1 (default) or -1; setting qfac to 1
pixdim[0] (qfac) should be 1 (default) or -1; setting qfac to 1
2025-06-24 01:12:12,946 - INFO - pixdim[0] (qfac) should be 1 (default) or -1; setting qfac to 1
pixdim[0] (qfac) should be 1 (default) or -1; setting qfac to 1
2025-06-24 01:12:13,059 - INFO - pixdim[0] (qfac) should be 1 (default) or -1; setting qfac to 1
pixdim[0] (qfac) should be 1 (default) or -1; setting qfac to 1
2025-06-24 01:12:13,177 - INFO - pixdim[0] (qfac) should be 1 (default) or -1; setting qfac to 1
pixdim[0] (qfac) should be 1 (default) or -1; setting qfac to 1
2025-06-24 01:12:13,290 - INFO - pixdim[0] (qfac) should be 1 (default) or -1; setting qfac to 1
pixdim[0] (qfac) should be 1 (default) or -1; setting qfac to 1
2025-06-24 01:12:13,406 - INFO - pixdim[0] (qfac) should be 1 (default) or -1; setting qfac to 1
pixdim[0] (qfac) should be 1 (default) or -1; setting qfac to 1
2025-06-24 01:12:13,523 - INFO - pixdim[0] (qfac) should be 1 (default) or -1; setting qfac to 1
pixdim[0] (qfac) should be 1 (default) or -1; setting qfac to 1
2025-06-24 01:12:13,641 - INFO - pixdim[0] (qfac) should be 1 (default) or -1; setting qfac to 1
pixdim[0] (qfac) should be 1 (default) or -1; setting qfac to 1
2025-06-24 01:12:13,759 - INFO - pixdim[0] (qfac) should be 1 (default) or -1; setting qfac to 1
pixdim[0] (qfac) should be 1 (default) or -1; setting qfac to 1
2025-06-24 01:12:13,880 - INFO - pixdim[0] (qfac) should be 1 (default) or -1; setting qfac to 1
pixdim[0] (qfac) should be 1 (default) or -1; setting qfac to 1
2025-06-24 01:12:13,998 - INFO - pixdim[0] (qfac) should be 1 (default) or -1; setting qfac to 1
pixdim[0] (qfac) should be 1 (default) or -1; setting qfac to 1
2025-06-24 01:12:14,113 - INFO - pixdim[0] (qfac) should be 1 (default) or -1; setting qfac to 1
pixdim[0] (qfac) should be 1 (default) or -1; setting qfac to 1
2025-06-24 01:12:14,223 - INFO - pixdim[0] (qfac) should be 1 (default) or -1; setting qfac to 1
pixdim[0] (qfac) should be 1 (default) or -1; setting qfac to 1
2025-06-24 01:12:14,340 - INFO - pixdim[0] (qfac) should be 1 (default) or -1; setting qfac to 1
pixdim[0] (qfac) should be 1 (default) or -1; setting qfac to 1
2025-06-24 01:12:14,451 - INFO - pixdim[0] (qfac) should be 1 (default) or -1; setting qfac to 1
pixdim[0] (qfac) should be 1 (default) or -1; setting qfac to 1
2025-06-24 01:12:14,561 - INFO - pixdim[0] (qfac) should be 1 (default) or -1; setting qfac to 1
pixdim[0] (qfac) should be 1 (default) or -1; setting qfac to 1
2025-06-24 01:12:14,680 - INFO - pixdim[0] (qfac) should be 1 (default) or -1; setting qfac to 1
pixdim[0] (qfac) should be 1 (default) or -1; setting qfac to 1
2025-06-24 01:12:14,794 - INFO - pixdim[0] (qfac) should be 1 (default) or -1; setting qfac to 1
pixdim[0] (qfac) should be 1 (default) or -1; setting qfac to 1
2025-06-24 01:12:14,908 - INFO - pixdim[0] (qfac) should be 1 (default) or -1; setting qfac to 1
pixdim[0] (qfac) should be 1 (default) or -1; setting qfac to 1
2025-06-24 01:12:15,024 - INFO - pixdim[0] (qfac) should be 1 (default) or -1; setting qfac to 1
pixdim[0] (qfac) should be 1 (default) or -1; setting qfac to 1
2025-06-24 01:12:15,140 - INFO - pixdim[0] (qfac) should be 1 (default) or -1; setting qfac to 1
pixdim[0] (qfac) should be 1 (default) or -1; setting qfac to 1
2025-06-24 01:12:15,258 - INFO - pixdim[0] (qfac) should be 1 (default) or -1; setting qfac to 1
pixdim[0] (qfac) should be 1 (default) or -1; setting qfac to 1
2025-06-24 01:12:15,377 - INFO - pixdim[0] (qfac) should be 1 (default) or -1; setting qfac to 1
pixdim[0] (qfac) should be 1 (default) or -1; setting qfac to 1
2025-06-24 01:12:15,495 - INFO - pixdim[0] (qfac) should be 1 (default) or -1; setting qfac to 1
pixdim[0] (qfac) should be 1 (default) or -1; setting qfac to 1
2025-06-24 01:12:15,614 - INFO - pixdim[0] (qfac) should be 1 (default) or -1; setting qfac to 1
pixdim[0] (qfac) should be 1 (default) or -1; setting qfac to 1
2025-06-24 01:12:15,733 - INFO - pixdim[0] (qfac) should be 1 (default) or -1; setting qfac to 1
pixdim[0] (qfac) should be 1 (default) or -1; setting qfac to 1
2025-06-24 01:12:15,848 - INFO - pixdim[0] (qfac) should be 1 (default) or -1; setting qfac to 1
pixdim[0] (qfac) should be 1 (default) or -1; setting qfac to 1
2025-06-24 01:12:15,961 - INFO - pixdim[0] (qfac) should be 1 (default) or -1; setting qfac to 1
pixdim[0] (qfac) should be 1 (default) or -1; setting qfac to 1
2025-06-24 01:12:16,079 - INFO - pixdim[0] (qfac) should be 1 (default) or -1; setting qfac to 1
pixdim[0] (qfac) should be 1 (default) or -1; setting qfac to 1
2025-06-24 01:12:16,198 - INFO - pixdim[0] (qfac) should be 1 (default) or -1; setting qfac to 1
pixdim[0] (qfac) should be 1 (default) or -1; setting qfac to 1
2025-06-24 01:12:16,318 - INFO - pixdim[0] (qfac) should be 1 (default) or -1; setting qfac to 1
pixdim[0] (qfac) should be 1 (default) or -1; setting qfac to 1
2025-06-24 01:12:16,432 - INFO - pixdim[0] (qfac) should be 1 (default) or -1; setting qfac to 1
pixdim[0] (qfac) should be 1 (default) or -1; setting qfac to 1
2025-06-24 01:12:16,550 - INFO - pixdim[0] (qfac) should be 1 (default) or -1; setting qfac to 1
pixdim[0] (qfac) should be 1 (default) or -1; setting qfac to 1
2025-06-24 01:12:16,669 - INFO - pixdim[0] (qfac) should be 1 (default) or -1; setting qfac to 1
pixdim[0] (qfac) should be 1 (default) or -1; setting qfac to 1
2025-06-24 01:12:16,786 - INFO - pixdim[0] (qfac) should be 1 (default) or -1; setting qfac to 1
pixdim[0] (qfac) should be 1 (default) or -1; setting qfac to 1
2025-06-24 01:12:16,901 - INFO - pixdim[0] (qfac) should be 1 (default) or -1; setting qfac to 1
pixdim[0] (qfac) should be 1 (default) or -1; setting qfac to 1
2025-06-24 01:12:17,016 - INFO - pixdim[0] (qfac) should be 1 (default) or -1; setting qfac to 1
pixdim[0] (qfac) should be 1 (default) or -1; setting qfac to 1
2025-06-24 01:12:17,135 - INFO - pixdim[0] (qfac) should be 1 (default) or -1; setting qfac to 1
pixdim[0] (qfac) should be 1 (default) or -1; setting qfac to 1
2025-06-24 01:12:17,252 - INFO - pixdim[0] (qfac) should be 1 (default) or -1; setting qfac to 1
pixdim[0] (qfac) should be 1 (default) or -1; setting qfac to 1
2025-06-24 01:12:17,369 - INFO - pixdim[0] (qfac) should be 1 (default) or -1; setting qfac to 1
pixdim[0] (qfac) should be 1 (default) or -1; setting qfac to 1
2025-06-24 01:12:17,486 - INFO - pixdim[0] (qfac) should be 1 (default) or -1; setting qfac to 1
pixdim[0] (qfac) should be 1 (default) or -1; setting qfac to 1
2025-06-24 01:12:17,603 - INFO - pixdim[0] (qfac) should be 1 (default) or -1; setting qfac to 1
pixdim[0] (qfac) should be 1 (default) or -1; setting qfac to 1
2025-06-24 01:12:17,713 - INFO - pixdim[0] (qfac) should be 1 (default) or -1; setting qfac to 1
pixdim[0] (qfac) should be 1 (default) or -1; setting qfac to 1
2025-06-24 01:12:17,832 - INFO - pixdim[0] (qfac) should be 1 (default) or -1; setting qfac to 1
pixdim[0] (qfac) should be 1 (default) or -1; setting qfac to 1
2025-06-24 01:12:17,949 - INFO - pixdim[0] (qfac) should be 1 (default) or -1; setting qfac to 1
pixdim[0] (qfac) should be 1 (default) or -1; setting qfac to 1
2025-06-24 01:12:18,067 - INFO - pixdim[0] (qfac) should be 1 (default) or -1; setting qfac to 1
pixdim[0] (qfac) should be 1 (default) or -1; setting qfac to 1
2025-06-24 01:12:18,185 - INFO - pixdim[0] (qfac) should be 1 (default) or -1; setting qfac to 1
pixdim[0] (qfac) should be 1 (default) or -1; setting qfac to 1
2025-06-24 01:12:18,303 - INFO - pixdim[0] (qfac) should be 1 (default) or -1; setting qfac to 1
pixdim[0] (qfac) should be 1 (default) or -1; setting qfac to 1
2025-06-24 01:12:18,421 - INFO - pixdim[0] (qfac) should be 1 (default) or -1; setting qfac to 1
pixdim[0] (qfac) should be 1 (default) or -1; setting qfac to 1
2025-06-24 01:12:18,537 - INFO - pixdim[0] (qfac) should be 1 (default) or -1; setting qfac to 1
pixdim[0] (qfac) should be 1 (default) or -1; setting qfac to 1
2025-06-24 01:12:18,654 - INFO - pixdim[0] (qfac) should be 1 (default) or -1; setting qfac to 1
pixdim[0] (qfac) should be 1 (default) or -1; setting qfac to 1
2025-06-24 01:12:18,772 - INFO - pixdim[0] (qfac) should be 1 (default) or -1; setting qfac to 1
pixdim[0] (qfac) should be 1 (default) or -1; setting qfac to 1
2025-06-24 01:12:18,891 - INFO - pixdim[0] (qfac) should be 1 (default) or -1; setting qfac to 1
pixdim[0] (qfac) should be 1 (default) or -1; setting qfac to 1
2025-06-24 01:12:19,009 - INFO - pixdim[0] (qfac) should be 1 (default) or -1; setting qfac to 1
pixdim[0] (qfac) should be 1 (default) or -1; setting qfac to 1
2025-06-24 01:12:19,128 - INFO - pixdim[0] (qfac) should be 1 (default) or -1; setting qfac to 1
pixdim[0] (qfac) should be 1 (default) or -1; setting qfac to 1
2025-06-24 01:12:19,250 - INFO - pixdim[0] (qfac) should be 1 (default) or -1; setting qfac to 1
pixdim[0] (qfac) should be 1 (default) or -1; setting qfac to 1
2025-06-24 01:12:19,366 - INFO - pixdim[0] (qfac) should be 1 (default) or -1; setting qfac to 1
pixdim[0] (qfac) should be 1 (default) or -1; setting qfac to 1
2025-06-24 01:12:19,495 - INFO - pixdim[0] (qfac) should be 1 (default) or -1; setting qfac to 1
pixdim[0] (qfac) should be 1 (default) or -1; setting qfac to 1
2025-06-24 01:12:19,610 - INFO - pixdim[0] (qfac) should be 1 (default) or -1; setting qfac to 1
pixdim[0] (qfac) should be 1 (default) or -1; setting qfac to 1
2025-06-24 01:12:19,727 - INFO - pixdim[0] (qfac) should be 1 (default) or -1; setting qfac to 1
pixdim[0] (qfac) should be 1 (default) or -1; setting qfac to 1
2025-06-24 01:12:19,842 - INFO - pixdim[0] (qfac) should be 1 (default) or -1; setting qfac to 1
pixdim[0] (qfac) should be 1 (default) or -1; setting qfac to 1
2025-06-24 01:12:19,960 - INFO - pixdim[0] (qfac) should be 1 (default) or -1; setting qfac to 1
pixdim[0] (qfac) should be 1 (default) or -1; setting qfac to 1
2025-06-24 01:12:20,078 - INFO - pixdim[0] (qfac) should be 1 (default) or -1; setting qfac to 1
pixdim[0] (qfac) should be 1 (default) or -1; setting qfac to 1
2025-06-24 01:12:20,192 - INFO - pixdim[0] (qfac) should be 1 (default) or -1; setting qfac to 1
pixdim[0] (qfac) should be 1 (default) or -1; setting qfac to 1
2025-06-24 01:12:20,307 - INFO - pixdim[0] (qfac) should be 1 (default) or -1; setting qfac to 1
pixdim[0] (qfac) should be 1 (default) or -1; setting qfac to 1
2025-06-24 01:12:20,422 - INFO - pixdim[0] (qfac) should be 1 (default) or -1; setting qfac to 1
pixdim[0] (qfac) should be 1 (default) or -1; setting qfac to 1
2025-06-24 01:12:20,540 - INFO - pixdim[0] (qfac) should be 1 (default) or -1; setting qfac to 1
pixdim[0] (qfac) should be 1 (default) or -1; setting qfac to 1
2025-06-24 01:12:20,659 - INFO - pixdim[0] (qfac) should be 1 (default) or -1; setting qfac to 1
pixdim[0] (qfac) should be 1 (default) or -1; setting qfac to 1
2025-06-24 01:12:20,772 - INFO - pixdim[0] (qfac) should be 1 (default) or -1; setting qfac to 1
pixdim[0] (qfac) should be 1 (default) or -1; setting qfac to 1
2025-06-24 01:12:20,884 - INFO - pixdim[0] (qfac) should be 1 (default) or -1; setting qfac to 1
pixdim[0] (qfac) should be 1 (default) or -1; setting qfac to 1
2025-06-24 01:12:21,002 - INFO - pixdim[0] (qfac) should be 1 (default) or -1; setting qfac to 1
pixdim[0] (qfac) should be 1 (default) or -1; setting qfac to 1
2025-06-24 01:12:21,116 - INFO - pixdim[0] (qfac) should be 1 (default) or -1; setting qfac to 1
pixdim[0] (qfac) should be 1 (default) or -1; setting qfac to 1
2025-06-24 01:12:21,234 - INFO - pixdim[0] (qfac) should be 1 (default) or -1; setting qfac to 1
pixdim[0] (qfac) should be 1 (default) or -1; setting qfac to 1
2025-06-24 01:12:21,348 - INFO - pixdim[0] (qfac) should be 1 (default) or -1; setting qfac to 1
pixdim[0] (qfac) should be 1 (default) or -1; setting qfac to 1
2025-06-24 01:12:21,467 - INFO - pixdim[0] (qfac) should be 1 (default) or -1; setting qfac to 1
pixdim[0] (qfac) should be 1 (default) or -1; setting qfac to 1
2025-06-24 01:12:21,575 - INFO - pixdim[0] (qfac) should be 1 (default) or -1; setting qfac to 1
pixdim[0] (qfac) should be 1 (default) or -1; setting qfac to 1
2025-06-24 01:12:21,692 - INFO - pixdim[0] (qfac) should be 1 (default) or -1; setting qfac to 1
pixdim[0] (qfac) should be 1 (default) or -1; setting qfac to 1
2025-06-24 01:12:21,809 - INFO - pixdim[0] (qfac) should be 1 (default) or -1; setting qfac to 1
pixdim[0] (qfac) should be 1 (default) or -1; setting qfac to 1
2025-06-24 01:12:21,927 - INFO - pixdim[0] (qfac) should be 1 (default) or -1; setting qfac to 1
pixdim[0] (qfac) should be 1 (default) or -1; setting qfac to 1
2025-06-24 01:12:22,045 - INFO - pixdim[0] (qfac) should be 1 (default) or -1; setting qfac to 1
pixdim[0] (qfac) should be 1 (default) or -1; setting qfac to 1
2025-06-24 01:12:22,162 - INFO - pixdim[0] (qfac) should be 1 (default) or -1; setting qfac to 1
pixdim[0] (qfac) should be 1 (default) or -1; setting qfac to 1
2025-06-24 01:12:22,281 - INFO - pixdim[0] (qfac) should be 1 (default) or -1; setting qfac to 1
pixdim[0] (qfac) should be 1 (default) or -1; setting qfac to 1
2025-06-24 01:12:22,398 - INFO - pixdim[0] (qfac) should be 1 (default) or -1; setting qfac to 1
pixdim[0] (qfac) should be 1 (default) or -1; setting qfac to 1
2025-06-24 01:12:22,516 - INFO - pixdim[0] (qfac) should be 1 (default) or -1; setting qfac to 1
pixdim[0] (qfac) should be 1 (default) or -1; setting qfac to 1
2025-06-24 01:12:22,627 - INFO - pixdim[0] (qfac) should be 1 (default) or -1; setting qfac to 1
pixdim[0] (qfac) should be 1 (default) or -1; setting qfac to 1
2025-06-24 01:12:22,745 - INFO - pixdim[0] (qfac) should be 1 (default) or -1; setting qfac to 1
pixdim[0] (qfac) should be 1 (default) or -1; setting qfac to 1
2025-06-24 01:12:22,862 - INFO - pixdim[0] (qfac) should be 1 (default) or -1; setting qfac to 1
pixdim[0] (qfac) should be 1 (default) or -1; setting qfac to 1
2025-06-24 01:12:22,976 - INFO - pixdim[0] (qfac) should be 1 (default) or -1; setting qfac to 1
pixdim[0] (qfac) should be 1 (default) or -1; setting qfac to 1
2025-06-24 01:12:23,093 - INFO - pixdim[0] (qfac) should be 1 (default) or -1; setting qfac to 1
pixdim[0] (qfac) should be 1 (default) or -1; setting qfac to 1
2025-06-24 01:12:23,213 - INFO - pixdim[0] (qfac) should be 1 (default) or -1; setting qfac to 1
pixdim[0] (qfac) should be 1 (default) or -1; setting qfac to 1
2025-06-24 01:12:23,331 - INFO - pixdim[0] (qfac) should be 1 (default) or -1; setting qfac to 1
pixdim[0] (qfac) should be 1 (default) or -1; setting qfac to 1
2025-06-24 01:12:23,450 - INFO - pixdim[0] (qfac) should be 1 (default) or -1; setting qfac to 1
pixdim[0] (qfac) should be 1 (default) or -1; setting qfac to 1
2025-06-24 01:12:23,567 - INFO - pixdim[0] (qfac) should be 1 (default) or -1; setting qfac to 1
pixdim[0] (qfac) should be 1 (default) or -1; setting qfac to 1
2025-06-24 01:12:23,687 - INFO - pixdim[0] (qfac) should be 1 (default) or -1; setting qfac to 1
pixdim[0] (qfac) should be 1 (default) or -1; setting qfac to 1
2025-06-24 01:12:23,805 - INFO - pixdim[0] (qfac) should be 1 (default) or -1; setting qfac to 1
pixdim[0] (qfac) should be 1 (default) or -1; setting qfac to 1
2025-06-24 01:12:23,923 - INFO - pixdim[0] (qfac) should be 1 (default) or -1; setting qfac to 1
pixdim[0] (qfac) should be 1 (default) or -1; setting qfac to 1
2025-06-24 01:12:24,037 - INFO - pixdim[0] (qfac) should be 1 (default) or -1; setting qfac to 1
pixdim[0] (qfac) should be 1 (default) or -1; setting qfac to 1
2025-06-24 01:12:24,153 - INFO - pixdim[0] (qfac) should be 1 (default) or -1; setting qfac to 1
pixdim[0] (qfac) should be 1 (default) or -1; setting qfac to 1
2025-06-24 01:12:24,271 - INFO - pixdim[0] (qfac) should be 1 (default) or -1; setting qfac to 1
pixdim[0] (qfac) should be 1 (default) or -1; setting qfac to 1
2025-06-24 01:12:24,390 - INFO - pixdim[0] (qfac) should be 1 (default) or -1; setting qfac to 1
pixdim[0] (qfac) should be 1 (default) or -1; setting qfac to 1
2025-06-24 01:12:24,507 - INFO - pixdim[0] (qfac) should be 1 (default) or -1; setting qfac to 1
pixdim[0] (qfac) should be 1 (default) or -1; setting qfac to 1
2025-06-24 01:12:24,625 - INFO - pixdim[0] (qfac) should be 1 (default) or -1; setting qfac to 1
pixdim[0] (qfac) should be 1 (default) or -1; setting qfac to 1
2025-06-24 01:12:24,738 - INFO - pixdim[0] (qfac) should be 1 (default) or -1; setting qfac to 1
pixdim[0] (qfac) should be 1 (default) or -1; setting qfac to 1
2025-06-24 01:12:24,856 - INFO - pixdim[0] (qfac) should be 1 (default) or -1; setting qfac to 1
pixdim[0] (qfac) should be 1 (default) or -1; setting qfac to 1
2025-06-24 01:12:24,973 - INFO - pixdim[0] (qfac) should be 1 (default) or -1; setting qfac to 1
pixdim[0] (qfac) should be 1 (default) or -1; setting qfac to 1
2025-06-24 01:12:25,092 - INFO - pixdim[0] (qfac) should be 1 (default) or -1; setting qfac to 1
pixdim[0] (qfac) should be 1 (default) or -1; setting qfac to 1
2025-06-24 01:12:25,210 - INFO - pixdim[0] (qfac) should be 1 (default) or -1; setting qfac to 1
pixdim[0] (qfac) should be 1 (default) or -1; setting qfac to 1
2025-06-24 01:12:25,328 - INFO - pixdim[0] (qfac) should be 1 (default) or -1; setting qfac to 1
pixdim[0] (qfac) should be 1 (default) or -1; setting qfac to 1
2025-06-24 01:12:25,442 - INFO - pixdim[0] (qfac) should be 1 (default) or -1; setting qfac to 1
pixdim[0] (qfac) should be 1 (default) or -1; setting qfac to 1
2025-06-24 01:12:25,558 - INFO - pixdim[0] (qfac) should be 1 (default) or -1; setting qfac to 1
pixdim[0] (qfac) should be 1 (default) or -1; setting qfac to 1
2025-06-24 01:12:25,675 - INFO - pixdim[0] (qfac) should be 1 (default) or -1; setting qfac to 1
pixdim[0] (qfac) should be 1 (default) or -1; setting qfac to 1
2025-06-24 01:12:25,793 - INFO - pixdim[0] (qfac) should be 1 (default) or -1; setting qfac to 1
pixdim[0] (qfac) should be 1 (default) or -1; setting qfac to 1
2025-06-24 01:12:25,911 - INFO - pixdim[0] (qfac) should be 1 (default) or -1; setting qfac to 1
pixdim[0] (qfac) should be 1 (default) or -1; setting qfac to 1
2025-06-24 01:12:26,031 - INFO - pixdim[0] (qfac) should be 1 (default) or -1; setting qfac to 1
pixdim[0] (qfac) should be 1 (default) or -1; setting qfac to 1
2025-06-24 01:12:26,147 - INFO - pixdim[0] (qfac) should be 1 (default) or -1; setting qfac to 1
pixdim[0] (qfac) should be 1 (default) or -1; setting qfac to 1
2025-06-24 01:12:26,265 - INFO - pixdim[0] (qfac) should be 1 (default) or -1; setting qfac to 1
pixdim[0] (qfac) should be 1 (default) or -1; setting qfac to 1
2025-06-24 01:12:26,384 - INFO - pixdim[0] (qfac) should be 1 (default) or -1; setting qfac to 1
pixdim[0] (qfac) should be 1 (default) or -1; setting qfac to 1
2025-06-24 01:12:26,504 - INFO - pixdim[0] (qfac) should be 1 (default) or -1; setting qfac to 1
pixdim[0] (qfac) should be 1 (default) or -1; setting qfac to 1
2025-06-24 01:12:26,622 - INFO - pixdim[0] (qfac) should be 1 (default) or -1; setting qfac to 1
pixdim[0] (qfac) should be 1 (default) or -1; setting qfac to 1
2025-06-24 01:12:26,737 - INFO - pixdim[0] (qfac) should be 1 (default) or -1; setting qfac to 1
pixdim[0] (qfac) should be 1 (default) or -1; setting qfac to 1
2025-06-24 01:12:26,855 - INFO - pixdim[0] (qfac) should be 1 (default) or -1; setting qfac to 1
pixdim[0] (qfac) should be 1 (default) or -1; setting qfac to 1
2025-06-24 01:12:26,973 - INFO - pixdim[0] (qfac) should be 1 (default) or -1; setting qfac to 1
pixdim[0] (qfac) should be 1 (default) or -1; setting qfac to 1
2025-06-24 01:12:27,092 - INFO - pixdim[0] (qfac) should be 1 (default) or -1; setting qfac to 1
pixdim[0] (qfac) should be 1 (default) or -1; setting qfac to 1
2025-06-24 01:12:27,211 - INFO - pixdim[0] (qfac) should be 1 (default) or -1; setting qfac to 1
pixdim[0] (qfac) should be 1 (default) or -1; setting qfac to 1
2025-06-24 01:12:27,331 - INFO - pixdim[0] (qfac) should be 1 (default) or -1; setting qfac to 1
pixdim[0] (qfac) should be 1 (default) or -1; setting qfac to 1
2025-06-24 01:12:27,449 - INFO - pixdim[0] (qfac) should be 1 (default) or -1; setting qfac to 1
pixdim[0] (qfac) should be 1 (default) or -1; setting qfac to 1
2025-06-24 01:12:27,568 - INFO - pixdim[0] (qfac) should be 1 (default) or -1; setting qfac to 1
pixdim[0] (qfac) should be 1 (default) or -1; setting qfac to 1
2025-06-24 01:12:27,686 - INFO - pixdim[0] (qfac) should be 1 (default) or -1; setting qfac to 1
pixdim[0] (qfac) should be 1 (default) or -1; setting qfac to 1
2025-06-24 01:12:27,804 - INFO - pixdim[0] (qfac) should be 1 (default) or -1; setting qfac to 1
pixdim[0] (qfac) should be 1 (default) or -1; setting qfac to 1
2025-06-24 01:12:27,920 - INFO - pixdim[0] (qfac) should be 1 (default) or -1; setting qfac to 1
pixdim[0] (qfac) should be 1 (default) or -1; setting qfac to 1
2025-06-24 01:12:28,037 - INFO - pixdim[0] (qfac) should be 1 (default) or -1; setting qfac to 1
pixdim[0] (qfac) should be 1 (default) or -1; setting qfac to 1
2025-06-24 01:12:28,153 - INFO - pixdim[0] (qfac) should be 1 (default) or -1; setting qfac to 1
pixdim[0] (qfac) should be 1 (default) or -1; setting qfac to 1
2025-06-24 01:12:28,269 - INFO - pixdim[0] (qfac) should be 1 (default) or -1; setting qfac to 1
pixdim[0] (qfac) should be 1 (default) or -1; setting qfac to 1
2025-06-24 01:12:28,387 - INFO - pixdim[0] (qfac) should be 1 (default) or -1; setting qfac to 1
pixdim[0] (qfac) should be 1 (default) or -1; setting qfac to 1
2025-06-24 01:12:28,506 - INFO - pixdim[0] (qfac) should be 1 (default) or -1; setting qfac to 1
pixdim[0] (qfac) should be 1 (default) or -1; setting qfac to 1
2025-06-24 01:12:28,626 - INFO - pixdim[0] (qfac) should be 1 (default) or -1; setting qfac to 1
pixdim[0] (qfac) should be 1 (default) or -1; setting qfac to 1
2025-06-24 01:12:28,740 - INFO - pixdim[0] (qfac) should be 1 (default) or -1; setting qfac to 1
pixdim[0] (qfac) should be 1 (default) or -1; setting qfac to 1
2025-06-24 01:12:28,859 - INFO - pixdim[0] (qfac) should be 1 (default) or -1; setting qfac to 1
pixdim[0] (qfac) should be 1 (default) or -1; setting qfac to 1
2025-06-24 01:12:28,973 - INFO - pixdim[0] (qfac) should be 1 (default) or -1; setting qfac to 1
pixdim[0] (qfac) should be 1 (default) or -1; setting qfac to 1
2025-06-24 01:12:29,092 - INFO - pixdim[0] (qfac) should be 1 (default) or -1; setting qfac to 1
pixdim[0] (qfac) should be 1 (default) or -1; setting qfac to 1
2025-06-24 01:12:29,211 - INFO - pixdim[0] (qfac) should be 1 (default) or -1; setting qfac to 1
pixdim[0] (qfac) should be 1 (default) or -1; setting qfac to 1
2025-06-24 01:12:29,329 - INFO - pixdim[0] (qfac) should be 1 (default) or -1; setting qfac to 1
pixdim[0] (qfac) should be 1 (default) or -1; setting qfac to 1
2025-06-24 01:12:29,446 - INFO - pixdim[0] (qfac) should be 1 (default) or -1; setting qfac to 1
pixdim[0] (qfac) should be 1 (default) or -1; setting qfac to 1
2025-06-24 01:12:29,563 - INFO - pixdim[0] (qfac) should be 1 (default) or -1; setting qfac to 1
pixdim[0] (qfac) should be 1 (default) or -1; setting qfac to 1
2025-06-24 01:12:29,685 - INFO - pixdim[0] (qfac) should be 1 (default) or -1; setting qfac to 1
pixdim[0] (qfac) should be 1 (default) or -1; setting qfac to 1
2025-06-24 01:12:29,803 - INFO - pixdim[0] (qfac) should be 1 (default) or -1; setting qfac to 1
pixdim[0] (qfac) should be 1 (default) or -1; setting qfac to 1
2025-06-24 01:12:29,921 - INFO - pixdim[0] (qfac) should be 1 (default) or -1; setting qfac to 1
pixdim[0] (qfac) should be 1 (default) or -1; setting qfac to 1
2025-06-24 01:12:30,037 - INFO - pixdim[0] (qfac) should be 1 (default) or -1; setting qfac to 1
pixdim[0] (qfac) should be 1 (default) or -1; setting qfac to 1
2025-06-24 01:12:30,153 - INFO - pixdim[0] (qfac) should be 1 (default) or -1; setting qfac to 1
pixdim[0] (qfac) should be 1 (default) or -1; setting qfac to 1
2025-06-24 01:12:30,270 - INFO - pixdim[0] (qfac) should be 1 (default) or -1; setting qfac to 1
pixdim[0] (qfac) should be 1 (default) or -1; setting qfac to 1
2025-06-24 01:12:30,388 - INFO - pixdim[0] (qfac) should be 1 (default) or -1; setting qfac to 1
pixdim[0] (qfac) should be 1 (default) or -1; setting qfac to 1
2025-06-24 01:12:30,506 - INFO - pixdim[0] (qfac) should be 1 (default) or -1; setting qfac to 1
pixdim[0] (qfac) should be 1 (default) or -1; setting qfac to 1
2025-06-24 01:12:30,623 - INFO - pixdim[0] (qfac) should be 1 (default) or -1; setting qfac to 1
pixdim[0] (qfac) should be 1 (default) or -1; setting qfac to 1
2025-06-24 01:12:30,742 - INFO - pixdim[0] (qfac) should be 1 (default) or -1; setting qfac to 1
pixdim[0] (qfac) should be 1 (default) or -1; setting qfac to 1
2025-06-24 01:12:30,857 - INFO - pixdim[0] (qfac) should be 1 (default) or -1; setting qfac to 1
pixdim[0] (qfac) should be 1 (default) or -1; setting qfac to 1
2025-06-24 01:12:30,972 - INFO - pixdim[0] (qfac) should be 1 (default) or -1; setting qfac to 1
pixdim[0] (qfac) should be 1 (default) or -1; setting qfac to 1
2025-06-24 01:12:31,084 - INFO - pixdim[0] (qfac) should be 1 (default) or -1; setting qfac to 1
pixdim[0] (qfac) should be 1 (default) or -1; setting qfac to 1
2025-06-24 01:12:31,195 - INFO - pixdim[0] (qfac) should be 1 (default) or -1; setting qfac to 1
pixdim[0] (qfac) should be 1 (default) or -1; setting qfac to 1
2025-06-24 01:12:31,312 - INFO - pixdim[0] (qfac) should be 1 (default) or -1; setting qfac to 1
pixdim[0] (qfac) should be 1 (default) or -1; setting qfac to 1
2025-06-24 01:12:31,423 - INFO - pixdim[0] (qfac) should be 1 (default) or -1; setting qfac to 1
pixdim[0] (qfac) should be 1 (default) or -1; setting qfac to 1
2025-06-24 01:12:31,541 - INFO - pixdim[0] (qfac) should be 1 (default) or -1; setting qfac to 1
pixdim[0] (qfac) should be 1 (default) or -1; setting qfac to 1
2025-06-24 01:12:31,662 - INFO - pixdim[0] (qfac) should be 1 (default) or -1; setting qfac to 1
pixdim[0] (qfac) should be 1 (default) or -1; setting qfac to 1
2025-06-24 01:12:31,780 - INFO - pixdim[0] (qfac) should be 1 (default) or -1; setting qfac to 1
pixdim[0] (qfac) should be 1 (default) or -1; setting qfac to 1
2025-06-24 01:12:31,891 - INFO - pixdim[0] (qfac) should be 1 (default) or -1; setting qfac to 1
pixdim[0] (qfac) should be 1 (default) or -1; setting qfac to 1
2025-06-24 01:12:32,009 - INFO - pixdim[0] (qfac) should be 1 (default) or -1; setting qfac to 1
pixdim[0] (qfac) should be 1 (default) or -1; setting qfac to 1
2025-06-24 01:12:32,127 - INFO - pixdim[0] (qfac) should be 1 (default) or -1; setting qfac to 1
pixdim[0] (qfac) should be 1 (default) or -1; setting qfac to 1
2025-06-24 01:12:32,246 - INFO - pixdim[0] (qfac) should be 1 (default) or -1; setting qfac to 1
pixdim[0] (qfac) should be 1 (default) or -1; setting qfac to 1
2025-06-24 01:12:32,365 - INFO - pixdim[0] (qfac) should be 1 (default) or -1; setting qfac to 1
pixdim[0] (qfac) should be 1 (default) or -1; setting qfac to 1
2025-06-24 01:12:32,484 - INFO - pixdim[0] (qfac) should be 1 (default) or -1; setting qfac to 1
pixdim[0] (qfac) should be 1 (default) or -1; setting qfac to 1
2025-06-24 01:12:32,599 - INFO - pixdim[0] (qfac) should be 1 (default) or -1; setting qfac to 1
pixdim[0] (qfac) should be 1 (default) or -1; setting qfac to 1
2025-06-24 01:12:32,718 - INFO - pixdim[0] (qfac) should be 1 (default) or -1; setting qfac to 1
pixdim[0] (qfac) should be 1 (default) or -1; setting qfac to 1
2025-06-24 01:12:32,831 - INFO - pixdim[0] (qfac) should be 1 (default) or -1; setting qfac to 1
pixdim[0] (qfac) should be 1 (default) or -1; setting qfac to 1
2025-06-24 01:12:32,945 - INFO - pixdim[0] (qfac) should be 1 (default) or -1; setting qfac to 1
pixdim[0] (qfac) should be 1 (default) or -1; setting qfac to 1
2025-06-24 01:12:33,063 - INFO - pixdim[0] (qfac) should be 1 (default) or -1; setting qfac to 1
pixdim[0] (qfac) should be 1 (default) or -1; setting qfac to 1
2025-06-24 01:12:33,181 - INFO - pixdim[0] (qfac) should be 1 (default) or -1; setting qfac to 1
pixdim[0] (qfac) should be 1 (default) or -1; setting qfac to 1
2025-06-24 01:12:33,298 - INFO - pixdim[0] (qfac) should be 1 (default) or -1; setting qfac to 1
pixdim[0] (qfac) should be 1 (default) or -1; setting qfac to 1
2025-06-24 01:12:33,416 - INFO - pixdim[0] (qfac) should be 1 (default) or -1; setting qfac to 1
pixdim[0] (qfac) should be 1 (default) or -1; setting qfac to 1
2025-06-24 01:12:33,537 - INFO - pixdim[0] (qfac) should be 1 (default) or -1; setting qfac to 1
pixdim[0] (qfac) should be 1 (default) or -1; setting qfac to 1
2025-06-24 01:12:33,657 - INFO - pixdim[0] (qfac) should be 1 (default) or -1; setting qfac to 1
pixdim[0] (qfac) should be 1 (default) or -1; setting qfac to 1
2025-06-24 01:12:33,776 - INFO - pixdim[0] (qfac) should be 1 (default) or -1; setting qfac to 1
pixdim[0] (qfac) should be 1 (default) or -1; setting qfac to 1
2025-06-24 01:12:33,899 - INFO - pixdim[0] (qfac) should be 1 (default) or -1; setting qfac to 1
pixdim[0] (qfac) should be 1 (default) or -1; setting qfac to 1
2025-06-24 01:12:34,020 - INFO - pixdim[0] (qfac) should be 1 (default) or -1; setting qfac to 1
pixdim[0] (qfac) should be 1 (default) or -1; setting qfac to 1
2025-06-24 01:12:34,140 - INFO - pixdim[0] (qfac) should be 1 (default) or -1; setting qfac to 1
pixdim[0] (qfac) should be 1 (default) or -1; setting qfac to 1
2025-06-24 01:12:34,259 - INFO - pixdim[0] (qfac) should be 1 (default) or -1; setting qfac to 1
pixdim[0] (qfac) should be 1 (default) or -1; setting qfac to 1
2025-06-24 01:12:34,379 - INFO - pixdim[0] (qfac) should be 1 (default) or -1; setting qfac to 1
pixdim[0] (qfac) should be 1 (default) or -1; setting qfac to 1
2025-06-24 01:12:34,499 - INFO - pixdim[0] (qfac) should be 1 (default) or -1; setting qfac to 1
pixdim[0] (qfac) should be 1 (default) or -1; setting qfac to 1
2025-06-24 01:12:34,617 - INFO - pixdim[0] (qfac) should be 1 (default) or -1; setting qfac to 1
pixdim[0] (qfac) should be 1 (default) or -1; setting qfac to 1
2025-06-24 01:12:34,732 - INFO - pixdim[0] (qfac) should be 1 (default) or -1; setting qfac to 1
pixdim[0] (qfac) should be 1 (default) or -1; setting qfac to 1
2025-06-24 01:12:34,849 - INFO - pixdim[0] (qfac) should be 1 (default) or -1; setting qfac to 1
pixdim[0] (qfac) should be 1 (default) or -1; setting qfac to 1
2025-06-24 01:12:34,969 - INFO - pixdim[0] (qfac) should be 1 (default) or -1; setting qfac to 1
pixdim[0] (qfac) should be 1 (default) or -1; setting qfac to 1
2025-06-24 01:12:35,083 - INFO - pixdim[0] (qfac) should be 1 (default) or -1; setting qfac to 1
pixdim[0] (qfac) should be 1 (default) or -1; setting qfac to 1
2025-06-24 01:12:35,197 - INFO - pixdim[0] (qfac) should be 1 (default) or -1; setting qfac to 1
pixdim[0] (qfac) should be 1 (default) or -1; setting qfac to 1
2025-06-24 01:12:35,315 - INFO - pixdim[0] (qfac) should be 1 (default) or -1; setting qfac to 1
pixdim[0] (qfac) should be 1 (default) or -1; setting qfac to 1
2025-06-24 01:12:35,434 - INFO - pixdim[0] (qfac) should be 1 (default) or -1; setting qfac to 1
pixdim[0] (qfac) should be 1 (default) or -1; setting qfac to 1
2025-06-24 01:12:35,552 - INFO - pixdim[0] (qfac) should be 1 (default) or -1; setting qfac to 1
pixdim[0] (qfac) should be 1 (default) or -1; setting qfac to 1
2025-06-24 01:12:35,667 - INFO - pixdim[0] (qfac) should be 1 (default) or -1; setting qfac to 1
pixdim[0] (qfac) should be 1 (default) or -1; setting qfac to 1
2025-06-24 01:12:35,779 - INFO - pixdim[0] (qfac) should be 1 (default) or -1; setting qfac to 1
pixdim[0] (qfac) should be 1 (default) or -1; setting qfac to 1
2025-06-24 01:12:35,891 - INFO - pixdim[0] (qfac) should be 1 (default) or -1; setting qfac to 1
pixdim[0] (qfac) should be 1 (default) or -1; setting qfac to 1
2025-06-24 01:12:36,004 - INFO - pixdim[0] (qfac) should be 1 (default) or -1; setting qfac to 1
pixdim[0] (qfac) should be 1 (default) or -1; setting qfac to 1
2025-06-24 01:12:36,119 - INFO - pixdim[0] (qfac) should be 1 (default) or -1; setting qfac to 1
pixdim[0] (qfac) should be 1 (default) or -1; setting qfac to 1
2025-06-24 01:12:36,232 - INFO - pixdim[0] (qfac) should be 1 (default) or -1; setting qfac to 1
pixdim[0] (qfac) should be 1 (default) or -1; setting qfac to 1
2025-06-24 01:12:36,347 - INFO - pixdim[0] (qfac) should be 1 (default) or -1; setting qfac to 1
pixdim[0] (qfac) should be 1 (default) or -1; setting qfac to 1
2025-06-24 01:12:36,462 - INFO - pixdim[0] (qfac) should be 1 (default) or -1; setting qfac to 1
pixdim[0] (qfac) should be 1 (default) or -1; setting qfac to 1
2025-06-24 01:12:36,581 - INFO - pixdim[0] (qfac) should be 1 (default) or -1; setting qfac to 1
pixdim[0] (qfac) should be 1 (default) or -1; setting qfac to 1
2025-06-24 01:12:36,690 - INFO - pixdim[0] (qfac) should be 1 (default) or -1; setting qfac to 1
pixdim[0] (qfac) should be 1 (default) or -1; setting qfac to 1
2025-06-24 01:12:36,809 - INFO - pixdim[0] (qfac) should be 1 (default) or -1; setting qfac to 1
pixdim[0] (qfac) should be 1 (default) or -1; setting qfac to 1
2025-06-24 01:12:36,928 - INFO - pixdim[0] (qfac) should be 1 (default) or -1; setting qfac to 1
pixdim[0] (qfac) should be 1 (default) or -1; setting qfac to 1
2025-06-24 01:12:37,049 - INFO - pixdim[0] (qfac) should be 1 (default) or -1; setting qfac to 1
pixdim[0] (qfac) should be 1 (default) or -1; setting qfac to 1
2025-06-24 01:12:37,169 - INFO - pixdim[0] (qfac) should be 1 (default) or -1; setting qfac to 1
pixdim[0] (qfac) should be 1 (default) or -1; setting qfac to 1
2025-06-24 01:12:37,288 - INFO - pixdim[0] (qfac) should be 1 (default) or -1; setting qfac to 1
pixdim[0] (qfac) should be 1 (default) or -1; setting qfac to 1
2025-06-24 01:12:37,407 - INFO - pixdim[0] (qfac) should be 1 (default) or -1; setting qfac to 1
pixdim[0] (qfac) should be 1 (default) or -1; setting qfac to 1
2025-06-24 01:12:37,522 - INFO - pixdim[0] (qfac) should be 1 (default) or -1; setting qfac to 1
pixdim[0] (qfac) should be 1 (default) or -1; setting qfac to 1
2025-06-24 01:12:37,641 - INFO - pixdim[0] (qfac) should be 1 (default) or -1; setting qfac to 1
pixdim[0] (qfac) should be 1 (default) or -1; setting qfac to 1
2025-06-24 01:12:37,759 - INFO - pixdim[0] (qfac) should be 1 (default) or -1; setting qfac to 1
pixdim[0] (qfac) should be 1 (default) or -1; setting qfac to 1
2025-06-24 01:12:37,875 - INFO - pixdim[0] (qfac) should be 1 (default) or -1; setting qfac to 1
pixdim[0] (qfac) should be 1 (default) or -1; setting qfac to 1
2025-06-24 01:12:37,994 - INFO - pixdim[0] (qfac) should be 1 (default) or -1; setting qfac to 1
pixdim[0] (qfac) should be 1 (default) or -1; setting qfac to 1
2025-06-24 01:12:38,116 - INFO - pixdim[0] (qfac) should be 1 (default) or -1; setting qfac to 1
pixdim[0] (qfac) should be 1 (default) or -1; setting qfac to 1
2025-06-24 01:12:38,228 - INFO - pixdim[0] (qfac) should be 1 (default) or -1; setting qfac to 1
pixdim[0] (qfac) should be 1 (default) or -1; setting qfac to 1
2025-06-24 01:12:38,343 - INFO - pixdim[0] (qfac) should be 1 (default) or -1; setting qfac to 1
pixdim[0] (qfac) should be 1 (default) or -1; setting qfac to 1
2025-06-24 01:12:38,459 - INFO - pixdim[0] (qfac) should be 1 (default) or -1; setting qfac to 1
pixdim[0] (qfac) should be 1 (default) or -1; setting qfac to 1
2025-06-24 01:12:38,572 - INFO - pixdim[0] (qfac) should be 1 (default) or -1; setting qfac to 1
pixdim[0] (qfac) should be 1 (default) or -1; setting qfac to 1
2025-06-24 01:12:38,688 - INFO - pixdim[0] (qfac) should be 1 (default) or -1; setting qfac to 1
pixdim[0] (qfac) should be 1 (default) or -1; setting qfac to 1
2025-06-24 01:12:38,808 - INFO - pixdim[0] (qfac) should be 1 (default) or -1; setting qfac to 1
pixdim[0] (qfac) should be 1 (default) or -1; setting qfac to 1
2025-06-24 01:12:38,923 - INFO - pixdim[0] (qfac) should be 1 (default) or -1; setting qfac to 1
pixdim[0] (qfac) should be 1 (default) or -1; setting qfac to 1
2025-06-24 01:12:39,035 - INFO - pixdim[0] (qfac) should be 1 (default) or -1; setting qfac to 1
pixdim[0] (qfac) should be 1 (default) or -1; setting qfac to 1
2025-06-24 01:12:39,155 - INFO - pixdim[0] (qfac) should be 1 (default) or -1; setting qfac to 1
pixdim[0] (qfac) should be 1 (default) or -1; setting qfac to 1
2025-06-24 01:12:39,274 - INFO - pixdim[0] (qfac) should be 1 (default) or -1; setting qfac to 1
pixdim[0] (qfac) should be 1 (default) or -1; setting qfac to 1
2025-06-24 01:12:39,385 - INFO - pixdim[0] (qfac) should be 1 (default) or -1; setting qfac to 1
pixdim[0] (qfac) should be 1 (default) or -1; setting qfac to 1
2025-06-24 01:12:39,504 - INFO - pixdim[0] (qfac) should be 1 (default) or -1; setting qfac to 1
pixdim[0] (qfac) should be 1 (default) or -1; setting qfac to 1
2025-06-24 01:12:39,622 - INFO - pixdim[0] (qfac) should be 1 (default) or -1; setting qfac to 1
pixdim[0] (qfac) should be 1 (default) or -1; setting qfac to 1
2025-06-24 01:12:39,741 - INFO - pixdim[0] (qfac) should be 1 (default) or -1; setting qfac to 1
pixdim[0] (qfac) should be 1 (default) or -1; setting qfac to 1
2025-06-24 01:12:39,855 - INFO - pixdim[0] (qfac) should be 1 (default) or -1; setting qfac to 1
pixdim[0] (qfac) should be 1 (default) or -1; setting qfac to 1
2025-06-24 01:12:39,971 - INFO - pixdim[0] (qfac) should be 1 (default) or -1; setting qfac to 1
pixdim[0] (qfac) should be 1 (default) or -1; setting qfac to 1
2025-06-24 01:12:40,090 - INFO - pixdim[0] (qfac) should be 1 (default) or -1; setting qfac to 1
pixdim[0] (qfac) should be 1 (default) or -1; setting qfac to 1
2025-06-24 01:12:40,211 - INFO - pixdim[0] (qfac) should be 1 (default) or -1; setting qfac to 1
pixdim[0] (qfac) should be 1 (default) or -1; setting qfac to 1
2025-06-24 01:12:40,329 - INFO - pixdim[0] (qfac) should be 1 (default) or -1; setting qfac to 1
pixdim[0] (qfac) should be 1 (default) or -1; setting qfac to 1
2025-06-24 01:12:40,438 - INFO - pixdim[0] (qfac) should be 1 (default) or -1; setting qfac to 1
pixdim[0] (qfac) should be 1 (default) or -1; setting qfac to 1
2025-06-24 01:12:40,556 - INFO - pixdim[0] (qfac) should be 1 (default) or -1; setting qfac to 1
pixdim[0] (qfac) should be 1 (default) or -1; setting qfac to 1
2025-06-24 01:12:40,670 - INFO - pixdim[0] (qfac) should be 1 (default) or -1; setting qfac to 1
pixdim[0] (qfac) should be 1 (default) or -1; setting qfac to 1
2025-06-24 01:12:40,778 - INFO - pixdim[0] (qfac) should be 1 (default) or -1; setting qfac to 1
pixdim[0] (qfac) should be 1 (default) or -1; setting qfac to 1
2025-06-24 01:12:40,890 - INFO - pixdim[0] (qfac) should be 1 (default) or -1; setting qfac to 1
pixdim[0] (qfac) should be 1 (default) or -1; setting qfac to 1
2025-06-24 01:12:41,003 - INFO - pixdim[0] (qfac) should be 1 (default) or -1; setting qfac to 1
pixdim[0] (qfac) should be 1 (default) or -1; setting qfac to 1
2025-06-24 01:12:41,121 - INFO - pixdim[0] (qfac) should be 1 (default) or -1; setting qfac to 1
pixdim[0] (qfac) should be 1 (default) or -1; setting qfac to 1
2025-06-24 01:12:41,237 - INFO - pixdim[0] (qfac) should be 1 (default) or -1; setting qfac to 1
pixdim[0] (qfac) should be 1 (default) or -1; setting qfac to 1
2025-06-24 01:12:41,353 - INFO - pixdim[0] (qfac) should be 1 (default) or -1; setting qfac to 1
pixdim[0] (qfac) should be 1 (default) or -1; setting qfac to 1
2025-06-24 01:12:41,473 - INFO - pixdim[0] (qfac) should be 1 (default) or -1; setting qfac to 1
pixdim[0] (qfac) should be 1 (default) or -1; setting qfac to 1
2025-06-24 01:12:41,584 - INFO - pixdim[0] (qfac) should be 1 (default) or -1; setting qfac to 1
pixdim[0] (qfac) should be 1 (default) or -1; setting qfac to 1
2025-06-24 01:12:41,700 - INFO - pixdim[0] (qfac) should be 1 (default) or -1; setting qfac to 1
pixdim[0] (qfac) should be 1 (default) or -1; setting qfac to 1
2025-06-24 01:12:41,820 - INFO - pixdim[0] (qfac) should be 1 (default) or -1; setting qfac to 1
pixdim[0] (qfac) should be 1 (default) or -1; setting qfac to 1
2025-06-24 01:12:41,939 - INFO - pixdim[0] (qfac) should be 1 (default) or -1; setting qfac to 1
pixdim[0] (qfac) should be 1 (default) or -1; setting qfac to 1
2025-06-24 01:12:42,057 - INFO - pixdim[0] (qfac) should be 1 (default) or -1; setting qfac to 1
pixdim[0] (qfac) should be 1 (default) or -1; setting qfac to 1
2025-06-24 01:12:42,168 - INFO - pixdim[0] (qfac) should be 1 (default) or -1; setting qfac to 1
pixdim[0] (qfac) should be 1 (default) or -1; setting qfac to 1
2025-06-24 01:12:42,287 - INFO - pixdim[0] (qfac) should be 1 (default) or -1; setting qfac to 1
pixdim[0] (qfac) should be 1 (default) or -1; setting qfac to 1
2025-06-24 01:12:42,406 - INFO - pixdim[0] (qfac) should be 1 (default) or -1; setting qfac to 1
pixdim[0] (qfac) should be 1 (default) or -1; setting qfac to 1
2025-06-24 01:12:42,525 - INFO - pixdim[0] (qfac) should be 1 (default) or -1; setting qfac to 1
pixdim[0] (qfac) should be 1 (default) or -1; setting qfac to 1
2025-06-24 01:12:42,644 - INFO - pixdim[0] (qfac) should be 1 (default) or -1; setting qfac to 1
pixdim[0] (qfac) should be 1 (default) or -1; setting qfac to 1
2025-06-24 01:12:42,762 - INFO - pixdim[0] (qfac) should be 1 (default) or -1; setting qfac to 1
pixdim[0] (qfac) should be 1 (default) or -1; setting qfac to 1
2025-06-24 01:12:42,876 - INFO - pixdim[0] (qfac) should be 1 (default) or -1; setting qfac to 1
pixdim[0] (qfac) should be 1 (default) or -1; setting qfac to 1
2025-06-24 01:12:42,994 - INFO - pixdim[0] (qfac) should be 1 (default) or -1; setting qfac to 1
pixdim[0] (qfac) should be 1 (default) or -1; setting qfac to 1
2025-06-24 01:12:43,113 - INFO - pixdim[0] (qfac) should be 1 (default) or -1; setting qfac to 1
pixdim[0] (qfac) should be 1 (default) or -1; setting qfac to 1
2025-06-24 01:12:43,227 - INFO - pixdim[0] (qfac) should be 1 (default) or -1; setting qfac to 1
pixdim[0] (qfac) should be 1 (default) or -1; setting qfac to 1
2025-06-24 01:12:43,346 - INFO - pixdim[0] (qfac) should be 1 (default) or -1; setting qfac to 1
pixdim[0] (qfac) should be 1 (default) or -1; setting qfac to 1
2025-06-24 01:12:43,464 - INFO - pixdim[0] (qfac) should be 1 (default) or -1; setting qfac to 1
pixdim[0] (qfac) should be 1 (default) or -1; setting qfac to 1
2025-06-24 01:12:43,584 - INFO - pixdim[0] (qfac) should be 1 (default) or -1; setting qfac to 1
pixdim[0] (qfac) should be 1 (default) or -1; setting qfac to 1
2025-06-24 01:12:43,703 - INFO - pixdim[0] (qfac) should be 1 (default) or -1; setting qfac to 1
pixdim[0] (qfac) should be 1 (default) or -1; setting qfac to 1
2025-06-24 01:12:43,821 - INFO - pixdim[0] (qfac) should be 1 (default) or -1; setting qfac to 1
pixdim[0] (qfac) should be 1 (default) or -1; setting qfac to 1
2025-06-24 01:12:43,938 - INFO - pixdim[0] (qfac) should be 1 (default) or -1; setting qfac to 1
pixdim[0] (qfac) should be 1 (default) or -1; setting qfac to 1
2025-06-24 01:12:44,050 - INFO - pixdim[0] (qfac) should be 1 (default) or -1; setting qfac to 1
pixdim[0] (qfac) should be 1 (default) or -1; setting qfac to 1
2025-06-24 01:12:44,161 - INFO - pixdim[0] (qfac) should be 1 (default) or -1; setting qfac to 1
pixdim[0] (qfac) should be 1 (default) or -1; setting qfac to 1
2025-06-24 01:12:44,276 - INFO - pixdim[0] (qfac) should be 1 (default) or -1; setting qfac to 1
pixdim[0] (qfac) should be 1 (default) or -1; setting qfac to 1
2025-06-24 01:12:44,392 - INFO - pixdim[0] (qfac) should be 1 (default) or -1; setting qfac to 1
pixdim[0] (qfac) should be 1 (default) or -1; setting qfac to 1
2025-06-24 01:12:44,504 - INFO - pixdim[0] (qfac) should be 1 (default) or -1; setting qfac to 1
pixdim[0] (qfac) should be 1 (default) or -1; setting qfac to 1
2025-06-24 01:12:44,623 - INFO - pixdim[0] (qfac) should be 1 (default) or -1; setting qfac to 1
pixdim[0] (qfac) should be 1 (default) or -1; setting qfac to 1
2025-06-24 01:12:44,738 - INFO - pixdim[0] (qfac) should be 1 (default) or -1; setting qfac to 1
pixdim[0] (qfac) should be 1 (default) or -1; setting qfac to 1
2025-06-24 01:12:44,852 - INFO - pixdim[0] (qfac) should be 1 (default) or -1; setting qfac to 1
pixdim[0] (qfac) should be 1 (default) or -1; setting qfac to 1
2025-06-24 01:12:44,970 - INFO - pixdim[0] (qfac) should be 1 (default) or -1; setting qfac to 1
pixdim[0] (qfac) should be 1 (default) or -1; setting qfac to 1
2025-06-24 01:12:45,080 - INFO - pixdim[0] (qfac) should be 1 (default) or -1; setting qfac to 1
pixdim[0] (qfac) should be 1 (default) or -1; setting qfac to 1
2025-06-24 01:12:45,199 - INFO - pixdim[0] (qfac) should be 1 (default) or -1; setting qfac to 1
pixdim[0] (qfac) should be 1 (default) or -1; setting qfac to 1
2025-06-24 01:12:45,316 - INFO - pixdim[0] (qfac) should be 1 (default) or -1; setting qfac to 1
pixdim[0] (qfac) should be 1 (default) or -1; setting qfac to 1
2025-06-24 01:12:45,435 - INFO - pixdim[0] (qfac) should be 1 (default) or -1; setting qfac to 1
pixdim[0] (qfac) should be 1 (default) or -1; setting qfac to 1
2025-06-24 01:12:45,554 - INFO - pixdim[0] (qfac) should be 1 (default) or -1; setting qfac to 1
pixdim[0] (qfac) should be 1 (default) or -1; setting qfac to 1
2025-06-24 01:12:45,673 - INFO - pixdim[0] (qfac) should be 1 (default) or -1; setting qfac to 1
pixdim[0] (qfac) should be 1 (default) or -1; setting qfac to 1
2025-06-24 01:12:45,782 - INFO - pixdim[0] (qfac) should be 1 (default) or -1; setting qfac to 1
pixdim[0] (qfac) should be 1 (default) or -1; setting qfac to 1
2025-06-24 01:12:45,895 - INFO - pixdim[0] (qfac) should be 1 (default) or -1; setting qfac to 1
pixdim[0] (qfac) should be 1 (default) or -1; setting qfac to 1
2025-06-24 01:12:46,011 - INFO - pixdim[0] (qfac) should be 1 (default) or -1; setting qfac to 1
pixdim[0] (qfac) should be 1 (default) or -1; setting qfac to 1
2025-06-24 01:12:46,126 - INFO - pixdim[0] (qfac) should be 1 (default) or -1; setting qfac to 1
pixdim[0] (qfac) should be 1 (default) or -1; setting qfac to 1
2025-06-24 01:12:46,245 - INFO - pixdim[0] (qfac) should be 1 (default) or -1; setting qfac to 1
pixdim[0] (qfac) should be 1 (default) or -1; setting qfac to 1
2025-06-24 01:12:46,364 - INFO - pixdim[0] (qfac) should be 1 (default) or -1; setting qfac to 1
pixdim[0] (qfac) should be 1 (default) or -1; setting qfac to 1
2025-06-24 01:12:46,483 - INFO - pixdim[0] (qfac) should be 1 (default) or -1; setting qfac to 1
pixdim[0] (qfac) should be 1 (default) or -1; setting qfac to 1
2025-06-24 01:12:46,601 - INFO - pixdim[0] (qfac) should be 1 (default) or -1; setting qfac to 1
pixdim[0] (qfac) should be 1 (default) or -1; setting qfac to 1
2025-06-24 01:12:46,711 - INFO - pixdim[0] (qfac) should be 1 (default) or -1; setting qfac to 1
pixdim[0] (qfac) should be 1 (default) or -1; setting qfac to 1
2025-06-24 01:12:46,818 - INFO - pixdim[0] (qfac) should be 1 (default) or -1; setting qfac to 1
pixdim[0] (qfac) should be 1 (default) or -1; setting qfac to 1
2025-06-24 01:12:46,932 - INFO - pixdim[0] (qfac) should be 1 (default) or -1; setting qfac to 1
pixdim[0] (qfac) should be 1 (default) or -1; setting qfac to 1
2025-06-24 01:12:47,047 - INFO - pixdim[0] (qfac) should be 1 (default) or -1; setting qfac to 1
pixdim[0] (qfac) should be 1 (default) or -1; setting qfac to 1
2025-06-24 01:12:47,165 - INFO - pixdim[0] (qfac) should be 1 (default) or -1; setting qfac to 1
pixdim[0] (qfac) should be 1 (default) or -1; setting qfac to 1
2025-06-24 01:12:47,284 - INFO - pixdim[0] (qfac) should be 1 (default) or -1; setting qfac to 1
pixdim[0] (qfac) should be 1 (default) or -1; setting qfac to 1
2025-06-24 01:12:47,403 - INFO - pixdim[0] (qfac) should be 1 (default) or -1; setting qfac to 1
pixdim[0] (qfac) should be 1 (default) or -1; setting qfac to 1
2025-06-24 01:12:47,524 - INFO - pixdim[0] (qfac) should be 1 (default) or -1; setting qfac to 1
pixdim[0] (qfac) should be 1 (default) or -1; setting qfac to 1
2025-06-24 01:12:47,640 - INFO - pixdim[0] (qfac) should be 1 (default) or -1; setting qfac to 1
pixdim[0] (qfac) should be 1 (default) or -1; setting qfac to 1
2025-06-24 01:12:47,759 - INFO - pixdim[0] (qfac) should be 1 (default) or -1; setting qfac to 1
pixdim[0] (qfac) should be 1 (default) or -1; setting qfac to 1
2025-06-24 01:12:47,877 - INFO - pixdim[0] (qfac) should be 1 (default) or -1; setting qfac to 1
pixdim[0] (qfac) should be 1 (default) or -1; setting qfac to 1
2025-06-24 01:12:47,992 - INFO - pixdim[0] (qfac) should be 1 (default) or -1; setting qfac to 1
pixdim[0] (qfac) should be 1 (default) or -1; setting qfac to 1
2025-06-24 01:12:48,111 - INFO - pixdim[0] (qfac) should be 1 (default) or -1; setting qfac to 1
pixdim[0] (qfac) should be 1 (default) or -1; setting qfac to 1
2025-06-24 01:12:48,229 - INFO - pixdim[0] (qfac) should be 1 (default) or -1; setting qfac to 1
pixdim[0] (qfac) should be 1 (default) or -1; setting qfac to 1
2025-06-24 01:12:48,348 - INFO - pixdim[0] (qfac) should be 1 (default) or -1; setting qfac to 1
pixdim[0] (qfac) should be 1 (default) or -1; setting qfac to 1
2025-06-24 01:12:48,467 - INFO - pixdim[0] (qfac) should be 1 (default) or -1; setting qfac to 1
pixdim[0] (qfac) should be 1 (default) or -1; setting qfac to 1
2025-06-24 01:12:48,587 - INFO - pixdim[0] (qfac) should be 1 (default) or -1; setting qfac to 1
pixdim[0] (qfac) should be 1 (default) or -1; setting qfac to 1
2025-06-24 01:12:48,706 - INFO - pixdim[0] (qfac) should be 1 (default) or -1; setting qfac to 1
pixdim[0] (qfac) should be 1 (default) or -1; setting qfac to 1
2025-06-24 01:12:48,826 - INFO - pixdim[0] (qfac) should be 1 (default) or -1; setting qfac to 1
pixdim[0] (qfac) should be 1 (default) or -1; setting qfac to 1
2025-06-24 01:12:48,944 - INFO - pixdim[0] (qfac) should be 1 (default) or -1; setting qfac to 1
pixdim[0] (qfac) should be 1 (default) or -1; setting qfac to 1
2025-06-24 01:12:49,062 - INFO - pixdim[0] (qfac) should be 1 (default) or -1; setting qfac to 1
pixdim[0] (qfac) should be 1 (default) or -1; setting qfac to 1
2025-06-24 01:12:49,181 - INFO - pixdim[0] (qfac) should be 1 (default) or -1; setting qfac to 1
pixdim[0] (qfac) should be 1 (default) or -1; setting qfac to 1
2025-06-24 01:12:49,301 - INFO - pixdim[0] (qfac) should be 1 (default) or -1; setting qfac to 1
pixdim[0] (qfac) should be 1 (default) or -1; setting qfac to 1
2025-06-24 01:12:49,419 - INFO - pixdim[0] (qfac) should be 1 (default) or -1; setting qfac to 1
pixdim[0] (qfac) should be 1 (default) or -1; setting qfac to 1
2025-06-24 01:12:49,541 - INFO - pixdim[0] (qfac) should be 1 (default) or -1; setting qfac to 1
pixdim[0] (qfac) should be 1 (default) or -1; setting qfac to 1
2025-06-24 01:12:49,661 - INFO - pixdim[0] (qfac) should be 1 (default) or -1; setting qfac to 1
pixdim[0] (qfac) should be 1 (default) or -1; setting qfac to 1
2025-06-24 01:12:49,779 - INFO - pixdim[0] (qfac) should be 1 (default) or -1; setting qfac to 1
pixdim[0] (qfac) should be 1 (default) or -1; setting qfac to 1
2025-06-24 01:12:49,898 - INFO - pixdim[0] (qfac) should be 1 (default) or -1; setting qfac to 1
pixdim[0] (qfac) should be 1 (default) or -1; setting qfac to 1
2025-06-24 01:12:50,017 - INFO - pixdim[0] (qfac) should be 1 (default) or -1; setting qfac to 1
pixdim[0] (qfac) should be 1 (default) or -1; setting qfac to 1
2025-06-24 01:12:50,137 - INFO - pixdim[0] (qfac) should be 1 (default) or -1; setting qfac to 1
pixdim[0] (qfac) should be 1 (default) or -1; setting qfac to 1
2025-06-24 01:12:50,257 - INFO - pixdim[0] (qfac) should be 1 (default) or -1; setting qfac to 1
pixdim[0] (qfac) should be 1 (default) or -1; setting qfac to 1
2025-06-24 01:12:50,377 - INFO - pixdim[0] (qfac) should be 1 (default) or -1; setting qfac to 1
pixdim[0] (qfac) should be 1 (default) or -1; setting qfac to 1
2025-06-24 01:12:50,497 - INFO - pixdim[0] (qfac) should be 1 (default) or -1; setting qfac to 1
pixdim[0] (qfac) should be 1 (default) or -1; setting qfac to 1
2025-06-24 01:12:50,615 - INFO - pixdim[0] (qfac) should be 1 (default) or -1; setting qfac to 1
pixdim[0] (qfac) should be 1 (default) or -1; setting qfac to 1
2025-06-24 01:12:50,737 - INFO - pixdim[0] (qfac) should be 1 (default) or -1; setting qfac to 1
pixdim[0] (qfac) should be 1 (default) or -1; setting qfac to 1
2025-06-24 01:12:50,856 - INFO - pixdim[0] (qfac) should be 1 (default) or -1; setting qfac to 1
pixdim[0] (qfac) should be 1 (default) or -1; setting qfac to 1
2025-06-24 01:12:50,975 - INFO - pixdim[0] (qfac) should be 1 (default) or -1; setting qfac to 1
pixdim[0] (qfac) should be 1 (default) or -1; setting qfac to 1
2025-06-24 01:12:51,088 - INFO - pixdim[0] (qfac) should be 1 (default) or -1; setting qfac to 1
pixdim[0] (qfac) should be 1 (default) or -1; setting qfac to 1
2025-06-24 01:12:51,207 - INFO - pixdim[0] (qfac) should be 1 (default) or -1; setting qfac to 1
pixdim[0] (qfac) should be 1 (default) or -1; setting qfac to 1
2025-06-24 01:12:51,323 - INFO - pixdim[0] (qfac) should be 1 (default) or -1; setting qfac to 1
pixdim[0] (qfac) should be 1 (default) or -1; setting qfac to 1
2025-06-24 01:12:51,441 - INFO - pixdim[0] (qfac) should be 1 (default) or -1; setting qfac to 1
pixdim[0] (qfac) should be 1 (default) or -1; setting qfac to 1
2025-06-24 01:12:51,561 - INFO - pixdim[0] (qfac) should be 1 (default) or -1; setting qfac to 1
pixdim[0] (qfac) should be 1 (default) or -1; setting qfac to 1
2025-06-24 01:12:51,678 - INFO - pixdim[0] (qfac) should be 1 (default) or -1; setting qfac to 1
pixdim[0] (qfac) should be 1 (default) or -1; setting qfac to 1
2025-06-24 01:12:51,794 - INFO - pixdim[0] (qfac) should be 1 (default) or -1; setting qfac to 1
pixdim[0] (qfac) should be 1 (default) or -1; setting qfac to 1
2025-06-24 01:12:51,912 - INFO - pixdim[0] (qfac) should be 1 (default) or -1; setting qfac to 1
pixdim[0] (qfac) should be 1 (default) or -1; setting qfac to 1
2025-06-24 01:12:52,030 - INFO - pixdim[0] (qfac) should be 1 (default) or -1; setting qfac to 1
pixdim[0] (qfac) should be 1 (default) or -1; setting qfac to 1
2025-06-24 01:12:52,144 - INFO - pixdim[0] (qfac) should be 1 (default) or -1; setting qfac to 1
pixdim[0] (qfac) should be 1 (default) or -1; setting qfac to 1
2025-06-24 01:12:52,264 - INFO - pixdim[0] (qfac) should be 1 (default) or -1; setting qfac to 1
pixdim[0] (qfac) should be 1 (default) or -1; setting qfac to 1
2025-06-24 01:12:52,384 - INFO - pixdim[0] (qfac) should be 1 (default) or -1; setting qfac to 1
pixdim[0] (qfac) should be 1 (default) or -1; setting qfac to 1
2025-06-24 01:12:52,503 - INFO - pixdim[0] (qfac) should be 1 (default) or -1; setting qfac to 1
2025-06-24 01:12:52,626 - INFO - Stratified split: 556 train, 99 validation
2025-06-24 01:12:52,628 - INFO - Analyzing lesion sizes for stratified augmentation...
pixdim[0] (qfac) should be 1 (default) or -1; setting qfac to 1
2025-06-24 01:12:52,633 - INFO - pixdim[0] (qfac) should be 1 (default) or -1; setting qfac to 1
pixdim[0] (qfac) should be 1 (default) or -1; setting qfac to 1
2025-06-24 01:12:52,750 - INFO - pixdim[0] (qfac) should be 1 (default) or -1; setting qfac to 1
pixdim[0] (qfac) should be 1 (default) or -1; setting qfac to 1
2025-06-24 01:12:52,867 - INFO - pixdim[0] (qfac) should be 1 (default) or -1; setting qfac to 1
pixdim[0] (qfac) should be 1 (default) or -1; setting qfac to 1
2025-06-24 01:12:52,980 - INFO - pixdim[0] (qfac) should be 1 (default) or -1; setting qfac to 1
pixdim[0] (qfac) should be 1 (default) or -1; setting qfac to 1
2025-06-24 01:12:53,097 - INFO - pixdim[0] (qfac) should be 1 (default) or -1; setting qfac to 1
pixdim[0] (qfac) should be 1 (default) or -1; setting qfac to 1
2025-06-24 01:12:53,216 - INFO - pixdim[0] (qfac) should be 1 (default) or -1; setting qfac to 1
pixdim[0] (qfac) should be 1 (default) or -1; setting qfac to 1
2025-06-24 01:12:53,335 - INFO - pixdim[0] (qfac) should be 1 (default) or -1; setting qfac to 1
pixdim[0] (qfac) should be 1 (default) or -1; setting qfac to 1
2025-06-24 01:12:53,453 - INFO - pixdim[0] (qfac) should be 1 (default) or -1; setting qfac to 1
pixdim[0] (qfac) should be 1 (default) or -1; setting qfac to 1
2025-06-24 01:12:53,567 - INFO - pixdim[0] (qfac) should be 1 (default) or -1; setting qfac to 1
pixdim[0] (qfac) should be 1 (default) or -1; setting qfac to 1
2025-06-24 01:12:53,687 - INFO - pixdim[0] (qfac) should be 1 (default) or -1; setting qfac to 1
pixdim[0] (qfac) should be 1 (default) or -1; setting qfac to 1
2025-06-24 01:12:53,801 - INFO - pixdim[0] (qfac) should be 1 (default) or -1; setting qfac to 1
pixdim[0] (qfac) should be 1 (default) or -1; setting qfac to 1
2025-06-24 01:12:53,921 - INFO - pixdim[0] (qfac) should be 1 (default) or -1; setting qfac to 1
pixdim[0] (qfac) should be 1 (default) or -1; setting qfac to 1
2025-06-24 01:12:54,033 - INFO - pixdim[0] (qfac) should be 1 (default) or -1; setting qfac to 1
pixdim[0] (qfac) should be 1 (default) or -1; setting qfac to 1
2025-06-24 01:12:54,152 - INFO - pixdim[0] (qfac) should be 1 (default) or -1; setting qfac to 1
pixdim[0] (qfac) should be 1 (default) or -1; setting qfac to 1
2025-06-24 01:12:54,269 - INFO - pixdim[0] (qfac) should be 1 (default) or -1; setting qfac to 1
pixdim[0] (qfac) should be 1 (default) or -1; setting qfac to 1
2025-06-24 01:12:54,387 - INFO - pixdim[0] (qfac) should be 1 (default) or -1; setting qfac to 1
pixdim[0] (qfac) should be 1 (default) or -1; setting qfac to 1
2025-06-24 01:12:54,504 - INFO - pixdim[0] (qfac) should be 1 (default) or -1; setting qfac to 1
pixdim[0] (qfac) should be 1 (default) or -1; setting qfac to 1
2025-06-24 01:12:54,623 - INFO - pixdim[0] (qfac) should be 1 (default) or -1; setting qfac to 1
pixdim[0] (qfac) should be 1 (default) or -1; setting qfac to 1
2025-06-24 01:12:54,740 - INFO - pixdim[0] (qfac) should be 1 (default) or -1; setting qfac to 1
pixdim[0] (qfac) should be 1 (default) or -1; setting qfac to 1
2025-06-24 01:12:54,859 - INFO - pixdim[0] (qfac) should be 1 (default) or -1; setting qfac to 1
pixdim[0] (qfac) should be 1 (default) or -1; setting qfac to 1
2025-06-24 01:12:54,979 - INFO - pixdim[0] (qfac) should be 1 (default) or -1; setting qfac to 1
pixdim[0] (qfac) should be 1 (default) or -1; setting qfac to 1
2025-06-24 01:12:55,098 - INFO - pixdim[0] (qfac) should be 1 (default) or -1; setting qfac to 1
pixdim[0] (qfac) should be 1 (default) or -1; setting qfac to 1
2025-06-24 01:12:55,208 - INFO - pixdim[0] (qfac) should be 1 (default) or -1; setting qfac to 1
pixdim[0] (qfac) should be 1 (default) or -1; setting qfac to 1
2025-06-24 01:12:55,326 - INFO - pixdim[0] (qfac) should be 1 (default) or -1; setting qfac to 1
pixdim[0] (qfac) should be 1 (default) or -1; setting qfac to 1
2025-06-24 01:12:55,444 - INFO - pixdim[0] (qfac) should be 1 (default) or -1; setting qfac to 1
pixdim[0] (qfac) should be 1 (default) or -1; setting qfac to 1
2025-06-24 01:12:55,564 - INFO - pixdim[0] (qfac) should be 1 (default) or -1; setting qfac to 1
pixdim[0] (qfac) should be 1 (default) or -1; setting qfac to 1
2025-06-24 01:12:55,681 - INFO - pixdim[0] (qfac) should be 1 (default) or -1; setting qfac to 1
pixdim[0] (qfac) should be 1 (default) or -1; setting qfac to 1
2025-06-24 01:12:55,799 - INFO - pixdim[0] (qfac) should be 1 (default) or -1; setting qfac to 1
pixdim[0] (qfac) should be 1 (default) or -1; setting qfac to 1
2025-06-24 01:12:55,917 - INFO - pixdim[0] (qfac) should be 1 (default) or -1; setting qfac to 1
pixdim[0] (qfac) should be 1 (default) or -1; setting qfac to 1
2025-06-24 01:12:56,038 - INFO - pixdim[0] (qfac) should be 1 (default) or -1; setting qfac to 1
pixdim[0] (qfac) should be 1 (default) or -1; setting qfac to 1
2025-06-24 01:12:56,158 - INFO - pixdim[0] (qfac) should be 1 (default) or -1; setting qfac to 1
pixdim[0] (qfac) should be 1 (default) or -1; setting qfac to 1
2025-06-24 01:12:56,279 - INFO - pixdim[0] (qfac) should be 1 (default) or -1; setting qfac to 1
pixdim[0] (qfac) should be 1 (default) or -1; setting qfac to 1
2025-06-24 01:12:56,399 - INFO - pixdim[0] (qfac) should be 1 (default) or -1; setting qfac to 1
pixdim[0] (qfac) should be 1 (default) or -1; setting qfac to 1
2025-06-24 01:12:56,518 - INFO - pixdim[0] (qfac) should be 1 (default) or -1; setting qfac to 1
pixdim[0] (qfac) should be 1 (default) or -1; setting qfac to 1
2025-06-24 01:12:56,640 - INFO - pixdim[0] (qfac) should be 1 (default) or -1; setting qfac to 1
pixdim[0] (qfac) should be 1 (default) or -1; setting qfac to 1
2025-06-24 01:12:56,757 - INFO - pixdim[0] (qfac) should be 1 (default) or -1; setting qfac to 1
pixdim[0] (qfac) should be 1 (default) or -1; setting qfac to 1
2025-06-24 01:12:56,875 - INFO - pixdim[0] (qfac) should be 1 (default) or -1; setting qfac to 1
pixdim[0] (qfac) should be 1 (default) or -1; setting qfac to 1
2025-06-24 01:12:56,993 - INFO - pixdim[0] (qfac) should be 1 (default) or -1; setting qfac to 1
pixdim[0] (qfac) should be 1 (default) or -1; setting qfac to 1
2025-06-24 01:12:57,112 - INFO - pixdim[0] (qfac) should be 1 (default) or -1; setting qfac to 1
pixdim[0] (qfac) should be 1 (default) or -1; setting qfac to 1
2025-06-24 01:12:57,230 - INFO - pixdim[0] (qfac) should be 1 (default) or -1; setting qfac to 1
pixdim[0] (qfac) should be 1 (default) or -1; setting qfac to 1
2025-06-24 01:12:57,345 - INFO - pixdim[0] (qfac) should be 1 (default) or -1; setting qfac to 1
pixdim[0] (qfac) should be 1 (default) or -1; setting qfac to 1
2025-06-24 01:12:57,465 - INFO - pixdim[0] (qfac) should be 1 (default) or -1; setting qfac to 1
pixdim[0] (qfac) should be 1 (default) or -1; setting qfac to 1
2025-06-24 01:12:57,585 - INFO - pixdim[0] (qfac) should be 1 (default) or -1; setting qfac to 1
pixdim[0] (qfac) should be 1 (default) or -1; setting qfac to 1
2025-06-24 01:12:57,704 - INFO - pixdim[0] (qfac) should be 1 (default) or -1; setting qfac to 1
pixdim[0] (qfac) should be 1 (default) or -1; setting qfac to 1
2025-06-24 01:12:57,824 - INFO - pixdim[0] (qfac) should be 1 (default) or -1; setting qfac to 1
pixdim[0] (qfac) should be 1 (default) or -1; setting qfac to 1
2025-06-24 01:12:57,942 - INFO - pixdim[0] (qfac) should be 1 (default) or -1; setting qfac to 1
pixdim[0] (qfac) should be 1 (default) or -1; setting qfac to 1
2025-06-24 01:12:58,061 - INFO - pixdim[0] (qfac) should be 1 (default) or -1; setting qfac to 1
pixdim[0] (qfac) should be 1 (default) or -1; setting qfac to 1
2025-06-24 01:12:58,180 - INFO - pixdim[0] (qfac) should be 1 (default) or -1; setting qfac to 1
pixdim[0] (qfac) should be 1 (default) or -1; setting qfac to 1
2025-06-24 01:12:58,297 - INFO - pixdim[0] (qfac) should be 1 (default) or -1; setting qfac to 1
pixdim[0] (qfac) should be 1 (default) or -1; setting qfac to 1
2025-06-24 01:12:58,416 - INFO - pixdim[0] (qfac) should be 1 (default) or -1; setting qfac to 1
pixdim[0] (qfac) should be 1 (default) or -1; setting qfac to 1
2025-06-24 01:12:58,528 - INFO - pixdim[0] (qfac) should be 1 (default) or -1; setting qfac to 1
2025-06-24 01:12:58,638 - INFO - Lesion size thresholds: small < 1422, large > 8158
2025-06-24 01:12:58,640 - INFO - Analyzing lesion sizes for stratified augmentation...
pixdim[0] (qfac) should be 1 (default) or -1; setting qfac to 1
2025-06-24 01:12:58,645 - INFO - pixdim[0] (qfac) should be 1 (default) or -1; setting qfac to 1
pixdim[0] (qfac) should be 1 (default) or -1; setting qfac to 1
2025-06-24 01:12:58,763 - INFO - pixdim[0] (qfac) should be 1 (default) or -1; setting qfac to 1
pixdim[0] (qfac) should be 1 (default) or -1; setting qfac to 1
2025-06-24 01:12:58,877 - INFO - pixdim[0] (qfac) should be 1 (default) or -1; setting qfac to 1
pixdim[0] (qfac) should be 1 (default) or -1; setting qfac to 1
2025-06-24 01:12:58,997 - INFO - pixdim[0] (qfac) should be 1 (default) or -1; setting qfac to 1
pixdim[0] (qfac) should be 1 (default) or -1; setting qfac to 1
2025-06-24 01:12:59,107 - INFO - pixdim[0] (qfac) should be 1 (default) or -1; setting qfac to 1
pixdim[0] (qfac) should be 1 (default) or -1; setting qfac to 1
2025-06-24 01:12:59,227 - INFO - pixdim[0] (qfac) should be 1 (default) or -1; setting qfac to 1
pixdim[0] (qfac) should be 1 (default) or -1; setting qfac to 1
2025-06-24 01:12:59,344 - INFO - pixdim[0] (qfac) should be 1 (default) or -1; setting qfac to 1
pixdim[0] (qfac) should be 1 (default) or -1; setting qfac to 1
2025-06-24 01:12:59,464 - INFO - pixdim[0] (qfac) should be 1 (default) or -1; setting qfac to 1
pixdim[0] (qfac) should be 1 (default) or -1; setting qfac to 1
2025-06-24 01:12:59,578 - INFO - pixdim[0] (qfac) should be 1 (default) or -1; setting qfac to 1
pixdim[0] (qfac) should be 1 (default) or -1; setting qfac to 1
2025-06-24 01:12:59,696 - INFO - pixdim[0] (qfac) should be 1 (default) or -1; setting qfac to 1
pixdim[0] (qfac) should be 1 (default) or -1; setting qfac to 1
2025-06-24 01:12:59,816 - INFO - pixdim[0] (qfac) should be 1 (default) or -1; setting qfac to 1
pixdim[0] (qfac) should be 1 (default) or -1; setting qfac to 1
2025-06-24 01:12:59,934 - INFO - pixdim[0] (qfac) should be 1 (default) or -1; setting qfac to 1
pixdim[0] (qfac) should be 1 (default) or -1; setting qfac to 1
2025-06-24 01:13:00,055 - INFO - pixdim[0] (qfac) should be 1 (default) or -1; setting qfac to 1
pixdim[0] (qfac) should be 1 (default) or -1; setting qfac to 1
2025-06-24 01:13:00,175 - INFO - pixdim[0] (qfac) should be 1 (default) or -1; setting qfac to 1
pixdim[0] (qfac) should be 1 (default) or -1; setting qfac to 1
2025-06-24 01:13:00,295 - INFO - pixdim[0] (qfac) should be 1 (default) or -1; setting qfac to 1
pixdim[0] (qfac) should be 1 (default) or -1; setting qfac to 1
2025-06-24 01:13:00,414 - INFO - pixdim[0] (qfac) should be 1 (default) or -1; setting qfac to 1
pixdim[0] (qfac) should be 1 (default) or -1; setting qfac to 1
2025-06-24 01:13:00,528 - INFO - pixdim[0] (qfac) should be 1 (default) or -1; setting qfac to 1
pixdim[0] (qfac) should be 1 (default) or -1; setting qfac to 1
2025-06-24 01:13:00,648 - INFO - pixdim[0] (qfac) should be 1 (default) or -1; setting qfac to 1
pixdim[0] (qfac) should be 1 (default) or -1; setting qfac to 1
2025-06-24 01:13:00,765 - INFO - pixdim[0] (qfac) should be 1 (default) or -1; setting qfac to 1
pixdim[0] (qfac) should be 1 (default) or -1; setting qfac to 1
2025-06-24 01:13:00,884 - INFO - pixdim[0] (qfac) should be 1 (default) or -1; setting qfac to 1
pixdim[0] (qfac) should be 1 (default) or -1; setting qfac to 1
2025-06-24 01:13:01,004 - INFO - pixdim[0] (qfac) should be 1 (default) or -1; setting qfac to 1
pixdim[0] (qfac) should be 1 (default) or -1; setting qfac to 1
2025-06-24 01:13:01,123 - INFO - pixdim[0] (qfac) should be 1 (default) or -1; setting qfac to 1
pixdim[0] (qfac) should be 1 (default) or -1; setting qfac to 1
2025-06-24 01:13:01,240 - INFO - pixdim[0] (qfac) should be 1 (default) or -1; setting qfac to 1
pixdim[0] (qfac) should be 1 (default) or -1; setting qfac to 1
2025-06-24 01:13:01,353 - INFO - pixdim[0] (qfac) should be 1 (default) or -1; setting qfac to 1
pixdim[0] (qfac) should be 1 (default) or -1; setting qfac to 1
2025-06-24 01:13:01,473 - INFO - pixdim[0] (qfac) should be 1 (default) or -1; setting qfac to 1
pixdim[0] (qfac) should be 1 (default) or -1; setting qfac to 1
2025-06-24 01:13:01,594 - INFO - pixdim[0] (qfac) should be 1 (default) or -1; setting qfac to 1
pixdim[0] (qfac) should be 1 (default) or -1; setting qfac to 1
2025-06-24 01:13:01,708 - INFO - pixdim[0] (qfac) should be 1 (default) or -1; setting qfac to 1
pixdim[0] (qfac) should be 1 (default) or -1; setting qfac to 1
2025-06-24 01:13:01,826 - INFO - pixdim[0] (qfac) should be 1 (default) or -1; setting qfac to 1
pixdim[0] (qfac) should be 1 (default) or -1; setting qfac to 1
2025-06-24 01:13:01,941 - INFO - pixdim[0] (qfac) should be 1 (default) or -1; setting qfac to 1
pixdim[0] (qfac) should be 1 (default) or -1; setting qfac to 1
2025-06-24 01:13:02,059 - INFO - pixdim[0] (qfac) should be 1 (default) or -1; setting qfac to 1
pixdim[0] (qfac) should be 1 (default) or -1; setting qfac to 1
2025-06-24 01:13:02,178 - INFO - pixdim[0] (qfac) should be 1 (default) or -1; setting qfac to 1
pixdim[0] (qfac) should be 1 (default) or -1; setting qfac to 1
2025-06-24 01:13:02,297 - INFO - pixdim[0] (qfac) should be 1 (default) or -1; setting qfac to 1
pixdim[0] (qfac) should be 1 (default) or -1; setting qfac to 1
2025-06-24 01:13:02,411 - INFO - pixdim[0] (qfac) should be 1 (default) or -1; setting qfac to 1
pixdim[0] (qfac) should be 1 (default) or -1; setting qfac to 1
2025-06-24 01:13:02,526 - INFO - pixdim[0] (qfac) should be 1 (default) or -1; setting qfac to 1
pixdim[0] (qfac) should be 1 (default) or -1; setting qfac to 1
2025-06-24 01:13:02,644 - INFO - pixdim[0] (qfac) should be 1 (default) or -1; setting qfac to 1
pixdim[0] (qfac) should be 1 (default) or -1; setting qfac to 1
2025-06-24 01:13:02,763 - INFO - pixdim[0] (qfac) should be 1 (default) or -1; setting qfac to 1
pixdim[0] (qfac) should be 1 (default) or -1; setting qfac to 1
2025-06-24 01:13:02,882 - INFO - pixdim[0] (qfac) should be 1 (default) or -1; setting qfac to 1
pixdim[0] (qfac) should be 1 (default) or -1; setting qfac to 1
2025-06-24 01:13:03,002 - INFO - pixdim[0] (qfac) should be 1 (default) or -1; setting qfac to 1
pixdim[0] (qfac) should be 1 (default) or -1; setting qfac to 1
2025-06-24 01:13:03,123 - INFO - pixdim[0] (qfac) should be 1 (default) or -1; setting qfac to 1
pixdim[0] (qfac) should be 1 (default) or -1; setting qfac to 1
2025-06-24 01:13:03,241 - INFO - pixdim[0] (qfac) should be 1 (default) or -1; setting qfac to 1
pixdim[0] (qfac) should be 1 (default) or -1; setting qfac to 1
2025-06-24 01:13:03,359 - INFO - pixdim[0] (qfac) should be 1 (default) or -1; setting qfac to 1
pixdim[0] (qfac) should be 1 (default) or -1; setting qfac to 1
2025-06-24 01:13:03,481 - INFO - pixdim[0] (qfac) should be 1 (default) or -1; setting qfac to 1
pixdim[0] (qfac) should be 1 (default) or -1; setting qfac to 1
2025-06-24 01:13:03,601 - INFO - pixdim[0] (qfac) should be 1 (default) or -1; setting qfac to 1
pixdim[0] (qfac) should be 1 (default) or -1; setting qfac to 1
2025-06-24 01:13:03,720 - INFO - pixdim[0] (qfac) should be 1 (default) or -1; setting qfac to 1
pixdim[0] (qfac) should be 1 (default) or -1; setting qfac to 1
2025-06-24 01:13:03,836 - INFO - pixdim[0] (qfac) should be 1 (default) or -1; setting qfac to 1
pixdim[0] (qfac) should be 1 (default) or -1; setting qfac to 1
2025-06-24 01:13:03,956 - INFO - pixdim[0] (qfac) should be 1 (default) or -1; setting qfac to 1
pixdim[0] (qfac) should be 1 (default) or -1; setting qfac to 1
2025-06-24 01:13:04,076 - INFO - pixdim[0] (qfac) should be 1 (default) or -1; setting qfac to 1
pixdim[0] (qfac) should be 1 (default) or -1; setting qfac to 1
2025-06-24 01:13:04,193 - INFO - pixdim[0] (qfac) should be 1 (default) or -1; setting qfac to 1
pixdim[0] (qfac) should be 1 (default) or -1; setting qfac to 1
2025-06-24 01:13:04,312 - INFO - pixdim[0] (qfac) should be 1 (default) or -1; setting qfac to 1
pixdim[0] (qfac) should be 1 (default) or -1; setting qfac to 1
2025-06-24 01:13:04,432 - INFO - pixdim[0] (qfac) should be 1 (default) or -1; setting qfac to 1
pixdim[0] (qfac) should be 1 (default) or -1; setting qfac to 1
2025-06-24 01:13:04,552 - INFO - pixdim[0] (qfac) should be 1 (default) or -1; setting qfac to 1
pixdim[0] (qfac) should be 1 (default) or -1; setting qfac to 1
2025-06-24 01:13:04,670 - INFO - pixdim[0] (qfac) should be 1 (default) or -1; setting qfac to 1
pixdim[0] (qfac) should be 1 (default) or -1; setting qfac to 1
2025-06-24 01:13:04,790 - INFO - pixdim[0] (qfac) should be 1 (default) or -1; setting qfac to 1
pixdim[0] (qfac) should be 1 (default) or -1; setting qfac to 1
2025-06-24 01:13:04,909 - INFO - pixdim[0] (qfac) should be 1 (default) or -1; setting qfac to 1
pixdim[0] (qfac) should be 1 (default) or -1; setting qfac to 1
2025-06-24 01:13:05,029 - INFO - pixdim[0] (qfac) should be 1 (default) or -1; setting qfac to 1
pixdim[0] (qfac) should be 1 (default) or -1; setting qfac to 1
2025-06-24 01:13:05,147 - INFO - pixdim[0] (qfac) should be 1 (default) or -1; setting qfac to 1
pixdim[0] (qfac) should be 1 (default) or -1; setting qfac to 1
2025-06-24 01:13:05,266 - INFO - pixdim[0] (qfac) should be 1 (default) or -1; setting qfac to 1
pixdim[0] (qfac) should be 1 (default) or -1; setting qfac to 1
2025-06-24 01:13:05,385 - INFO - pixdim[0] (qfac) should be 1 (default) or -1; setting qfac to 1
pixdim[0] (qfac) should be 1 (default) or -1; setting qfac to 1
2025-06-24 01:13:05,506 - INFO - pixdim[0] (qfac) should be 1 (default) or -1; setting qfac to 1
pixdim[0] (qfac) should be 1 (default) or -1; setting qfac to 1
2025-06-24 01:13:05,624 - INFO - pixdim[0] (qfac) should be 1 (default) or -1; setting qfac to 1
pixdim[0] (qfac) should be 1 (default) or -1; setting qfac to 1
2025-06-24 01:13:05,742 - INFO - pixdim[0] (qfac) should be 1 (default) or -1; setting qfac to 1
pixdim[0] (qfac) should be 1 (default) or -1; setting qfac to 1
2025-06-24 01:13:05,860 - INFO - pixdim[0] (qfac) should be 1 (default) or -1; setting qfac to 1
pixdim[0] (qfac) should be 1 (default) or -1; setting qfac to 1
2025-06-24 01:13:05,976 - INFO - pixdim[0] (qfac) should be 1 (default) or -1; setting qfac to 1
pixdim[0] (qfac) should be 1 (default) or -1; setting qfac to 1
2025-06-24 01:13:06,094 - INFO - pixdim[0] (qfac) should be 1 (default) or -1; setting qfac to 1
pixdim[0] (qfac) should be 1 (default) or -1; setting qfac to 1
2025-06-24 01:13:06,213 - INFO - pixdim[0] (qfac) should be 1 (default) or -1; setting qfac to 1
pixdim[0] (qfac) should be 1 (default) or -1; setting qfac to 1
2025-06-24 01:13:06,333 - INFO - pixdim[0] (qfac) should be 1 (default) or -1; setting qfac to 1
pixdim[0] (qfac) should be 1 (default) or -1; setting qfac to 1
2025-06-24 01:13:06,453 - INFO - pixdim[0] (qfac) should be 1 (default) or -1; setting qfac to 1
pixdim[0] (qfac) should be 1 (default) or -1; setting qfac to 1
2025-06-24 01:13:06,573 - INFO - pixdim[0] (qfac) should be 1 (default) or -1; setting qfac to 1
pixdim[0] (qfac) should be 1 (default) or -1; setting qfac to 1
2025-06-24 01:13:06,689 - INFO - pixdim[0] (qfac) should be 1 (default) or -1; setting qfac to 1
pixdim[0] (qfac) should be 1 (default) or -1; setting qfac to 1
2025-06-24 01:13:06,808 - INFO - pixdim[0] (qfac) should be 1 (default) or -1; setting qfac to 1
pixdim[0] (qfac) should be 1 (default) or -1; setting qfac to 1
2025-06-24 01:13:06,924 - INFO - pixdim[0] (qfac) should be 1 (default) or -1; setting qfac to 1
pixdim[0] (qfac) should be 1 (default) or -1; setting qfac to 1
2025-06-24 01:13:07,043 - INFO - pixdim[0] (qfac) should be 1 (default) or -1; setting qfac to 1
pixdim[0] (qfac) should be 1 (default) or -1; setting qfac to 1
2025-06-24 01:13:07,163 - INFO - pixdim[0] (qfac) should be 1 (default) or -1; setting qfac to 1
pixdim[0] (qfac) should be 1 (default) or -1; setting qfac to 1
2025-06-24 01:13:07,280 - INFO - pixdim[0] (qfac) should be 1 (default) or -1; setting qfac to 1
pixdim[0] (qfac) should be 1 (default) or -1; setting qfac to 1
2025-06-24 01:13:07,400 - INFO - pixdim[0] (qfac) should be 1 (default) or -1; setting qfac to 1
pixdim[0] (qfac) should be 1 (default) or -1; setting qfac to 1
2025-06-24 01:13:07,519 - INFO - pixdim[0] (qfac) should be 1 (default) or -1; setting qfac to 1
pixdim[0] (qfac) should be 1 (default) or -1; setting qfac to 1
2025-06-24 01:13:07,637 - INFO - pixdim[0] (qfac) should be 1 (default) or -1; setting qfac to 1
pixdim[0] (qfac) should be 1 (default) or -1; setting qfac to 1
2025-06-24 01:13:07,756 - INFO - pixdim[0] (qfac) should be 1 (default) or -1; setting qfac to 1
pixdim[0] (qfac) should be 1 (default) or -1; setting qfac to 1
2025-06-24 01:13:07,872 - INFO - pixdim[0] (qfac) should be 1 (default) or -1; setting qfac to 1
pixdim[0] (qfac) should be 1 (default) or -1; setting qfac to 1
2025-06-24 01:13:07,993 - INFO - pixdim[0] (qfac) should be 1 (default) or -1; setting qfac to 1
pixdim[0] (qfac) should be 1 (default) or -1; setting qfac to 1
2025-06-24 01:13:08,104 - INFO - pixdim[0] (qfac) should be 1 (default) or -1; setting qfac to 1
pixdim[0] (qfac) should be 1 (default) or -1; setting qfac to 1
2025-06-24 01:13:08,218 - INFO - pixdim[0] (qfac) should be 1 (default) or -1; setting qfac to 1
pixdim[0] (qfac) should be 1 (default) or -1; setting qfac to 1
2025-06-24 01:13:08,334 - INFO - pixdim[0] (qfac) should be 1 (default) or -1; setting qfac to 1
pixdim[0] (qfac) should be 1 (default) or -1; setting qfac to 1
2025-06-24 01:13:08,451 - INFO - pixdim[0] (qfac) should be 1 (default) or -1; setting qfac to 1
pixdim[0] (qfac) should be 1 (default) or -1; setting qfac to 1
2025-06-24 01:13:08,566 - INFO - pixdim[0] (qfac) should be 1 (default) or -1; setting qfac to 1
pixdim[0] (qfac) should be 1 (default) or -1; setting qfac to 1
2025-06-24 01:13:08,685 - INFO - pixdim[0] (qfac) should be 1 (default) or -1; setting qfac to 1
pixdim[0] (qfac) should be 1 (default) or -1; setting qfac to 1
2025-06-24 01:13:08,806 - INFO - pixdim[0] (qfac) should be 1 (default) or -1; setting qfac to 1
pixdim[0] (qfac) should be 1 (default) or -1; setting qfac to 1
2025-06-24 01:13:08,924 - INFO - pixdim[0] (qfac) should be 1 (default) or -1; setting qfac to 1
pixdim[0] (qfac) should be 1 (default) or -1; setting qfac to 1
2025-06-24 01:13:09,038 - INFO - pixdim[0] (qfac) should be 1 (default) or -1; setting qfac to 1
pixdim[0] (qfac) should be 1 (default) or -1; setting qfac to 1
2025-06-24 01:13:09,153 - INFO - pixdim[0] (qfac) should be 1 (default) or -1; setting qfac to 1
pixdim[0] (qfac) should be 1 (default) or -1; setting qfac to 1
2025-06-24 01:13:09,268 - INFO - pixdim[0] (qfac) should be 1 (default) or -1; setting qfac to 1
pixdim[0] (qfac) should be 1 (default) or -1; setting qfac to 1
2025-06-24 01:13:09,386 - INFO - pixdim[0] (qfac) should be 1 (default) or -1; setting qfac to 1
pixdim[0] (qfac) should be 1 (default) or -1; setting qfac to 1
2025-06-24 01:13:09,504 - INFO - pixdim[0] (qfac) should be 1 (default) or -1; setting qfac to 1
pixdim[0] (qfac) should be 1 (default) or -1; setting qfac to 1
2025-06-24 01:13:09,617 - INFO - pixdim[0] (qfac) should be 1 (default) or -1; setting qfac to 1
pixdim[0] (qfac) should be 1 (default) or -1; setting qfac to 1
2025-06-24 01:13:09,736 - INFO - pixdim[0] (qfac) should be 1 (default) or -1; setting qfac to 1
pixdim[0] (qfac) should be 1 (default) or -1; setting qfac to 1
2025-06-24 01:13:09,858 - INFO - pixdim[0] (qfac) should be 1 (default) or -1; setting qfac to 1
pixdim[0] (qfac) should be 1 (default) or -1; setting qfac to 1
2025-06-24 01:13:09,972 - INFO - pixdim[0] (qfac) should be 1 (default) or -1; setting qfac to 1
pixdim[0] (qfac) should be 1 (default) or -1; setting qfac to 1
2025-06-24 01:13:10,091 - INFO - pixdim[0] (qfac) should be 1 (default) or -1; setting qfac to 1
pixdim[0] (qfac) should be 1 (default) or -1; setting qfac to 1
2025-06-24 01:13:10,207 - INFO - pixdim[0] (qfac) should be 1 (default) or -1; setting qfac to 1
2025-06-24 01:13:10,323 - INFO - Lesion size thresholds: small < 1826, large > 9603
2025-06-24 01:13:10,325 - INFO - Building advanced SOTA model...
2025-06-24 01:13:10.428423: W tensorflow/core/common_runtime/gpu/gpu_bfc_allocator.cc:47] Overriding orig_value setting because the TF_FORCE_GPU_ALLOW_GROWTH environment variable is set. Original config value was 0.
2025-06-24 01:13:10.429130: I tensorflow/core/common_runtime/gpu/gpu_process_state.cc:236] Using CUDA malloc Async allocator for GPU: 0
2025-06-24 01:13:10.430623: I tensorflow/core/common_runtime/gpu/gpu_device.cc:1929] Created device /job:localhost/replica:0/task:0/device:GPU:0 with 22483 MB memory:  -> device: 0, name: NVIDIA RTX 4500 Ada Generation, pci bus id: 0000:1c:00.0, compute capability: 8.9
2025-06-24 01:13:12,209 - INFO - Model parameters: 27,952,671
2025-06-24 01:13:12,222 - INFO - Starting advanced training...
pixdim[0] (qfac) should be 1 (default) or -1; setting qfac to 1
2025-06-24 01:13:12,395 - INFO - pixdim[0] (qfac) should be 1 (default) or -1; setting qfac to 1
pixdim[0] (qfac) should be 1 (default) or -1; setting qfac to 1
2025-06-24 01:13:14,069 - INFO - pixdim[0] (qfac) should be 1 (default) or -1; setting qfac to 1
pixdim[0] (qfac) should be 1 (default) or -1; setting qfac to 1
2025-06-24 01:13:39,287 - INFO - pixdim[0] (qfac) should be 1 (default) or -1; setting qfac to 1
pixdim[0] (qfac) should be 1 (default) or -1; setting qfac to 1
2025-06-24 01:13:40,485 - INFO - pixdim[0] (qfac) should be 1 (default) or -1; setting qfac to 1
pixdim[0] (qfac) should be 1 (default) or -1; setting qfac to 1
2025-06-24 01:13:42,182 - INFO - pixdim[0] (qfac) should be 1 (default) or -1; setting qfac to 1
2025-06-24 01:13:42.322394: I external/local_xla/xla/stream_executor/cuda/cuda_dnn.cc:454] Loaded cuDNN version 8907
pixdim[0] (qfac) should be 1 (default) or -1; setting qfac to 1
2025-06-24 01:13:42,359 - INFO - pixdim[0] (qfac) should be 1 (default) or -1; setting qfac to 1
pixdim[0] (qfac) should be 1 (default) or -1; setting qfac to 1
2025-06-24 01:13:44,075 - INFO - pixdim[0] (qfac) should be 1 (default) or -1; setting qfac to 1
pixdim[0] (qfac) should be 1 (default) or -1; setting qfac to 1
2025-06-24 01:13:45,331 - INFO - pixdim[0] (qfac) should be 1 (default) or -1; setting qfac to 1
pixdim[0] (qfac) should be 1 (default) or -1; setting qfac to 1
2025-06-24 01:13:48,339 - INFO - pixdim[0] (qfac) should be 1 (default) or -1; setting qfac to 1
2025-06-24 01:13:57.392392: E external/local_xla/xla/stream_executor/gpu/gpu_cudamallocasync_allocator.cc:306] gpu_async_0 cuMemAllocAsync failed to allocate 484442112 bytes: CUDA error: out of memory (CUDA_ERROR_OUT_OF_MEMORY)
 Reported by CUDA: Free memory/Total memory: 293208064/25393496064
2025-06-24 01:13:57.393176: E external/local_xla/xla/stream_executor/gpu/gpu_cudamallocasync_allocator.cc:311] Stats: Limit:                     23575789568
InUse:                     24462744180
MaxInUse:                  24462744180
NumAllocs:                        1848
MaxAllocSize:               1937768448
Reserved:                            0
PeakReserved:                        0
LargestFreeBlock:                    0

2025-06-24 01:13:57.394017: E external/local_xla/xla/stream_executor/gpu/gpu_cudamallocasync_allocator.cc:63] Histogram of current allocation: (allocation_size_in_bytes, nb_allocation_of_that_sizes), ...;
2025-06-24 01:13:57.394717: E external/local_xla/xla/stream_executor/gpu/gpu_cudamallocasync_allocator.cc:66] 1, 6
2025-06-24 01:13:57.395417: E external/local_xla/xla/stream_executor/gpu/gpu_cudamallocasync_allocator.cc:66] 2, 17
2025-06-24 01:13:57.396016: E external/local_xla/xla/stream_executor/gpu/gpu_cudamallocasync_allocator.cc:66] 4, 141
2025-06-24 01:13:57.396611: E external/local_xla/xla/stream_executor/gpu/gpu_cudamallocasync_allocator.cc:66] 8, 24
2025-06-24 01:13:57.397177: E external/local_xla/xla/stream_executor/gpu/gpu_cudamallocasync_allocator.cc:66] 12, 12
2025-06-24 01:13:57.397742: E external/local_xla/xla/stream_executor/gpu/gpu_cudamallocasync_allocator.cc:66] 16, 13
2025-06-24 01:13:57.398352: E external/local_xla/xla/stream_executor/gpu/gpu_cudamallocasync_allocator.cc:66] 20, 1
2025-06-24 01:13:57.398939: E external/local_xla/xla/stream_executor/gpu/gpu_cudamallocasync_allocator.cc:66] 24, 1
2025-06-24 01:13:57.399523: E external/local_xla/xla/stream_executor/gpu/gpu_cudamallocasync_allocator.cc:66] 32, 16
2025-06-24 01:13:57.400145: E external/local_xla/xla/stream_executor/gpu/gpu_cudamallocasync_allocator.cc:66] 64, 28
2025-06-24 01:13:57.400759: E external/local_xla/xla/stream_executor/gpu/gpu_cudamallocasync_allocator.cc:66] 72, 1
2025-06-24 01:13:57.401330: E external/local_xla/xla/stream_executor/gpu/gpu_cudamallocasync_allocator.cc:66] 128, 94
2025-06-24 01:13:57.401895: E external/local_xla/xla/stream_executor/gpu/gpu_cudamallocasync_allocator.cc:66] 256, 113
2025-06-24 01:13:57.402462: E external/local_xla/xla/stream_executor/gpu/gpu_cudamallocasync_allocator.cc:66] 512, 154
2025-06-24 01:13:57.403020: E external/local_xla/xla/stream_executor/gpu/gpu_cudamallocasync_allocator.cc:66] 1024, 147
2025-06-24 01:13:57.403576: E external/local_xla/xla/stream_executor/gpu/gpu_cudamallocasync_allocator.cc:66] 1028, 1
2025-06-24 01:13:57.404160: E external/local_xla/xla/stream_executor/gpu/gpu_cudamallocasync_allocator.cc:66] 2048, 64
2025-06-24 01:13:57.404811: E external/local_xla/xla/stream_executor/gpu/gpu_cudamallocasync_allocator.cc:66] 3456, 3
2025-06-24 01:13:57.405373: E external/local_xla/xla/stream_executor/gpu/gpu_cudamallocasync_allocator.cc:66] 4096, 31
2025-06-24 01:13:57.405966: E external/local_xla/xla/stream_executor/gpu/gpu_cudamallocasync_allocator.cc:66] 8192, 11
2025-06-24 01:13:57.406578: E external/local_xla/xla/stream_executor/gpu/gpu_cudamallocasync_allocator.cc:66] 16384, 24
2025-06-24 01:13:57.407159: E external/local_xla/xla/stream_executor/gpu/gpu_cudamallocasync_allocator.cc:66] 32768, 13
2025-06-24 01:13:57.407742: E external/local_xla/xla/stream_executor/gpu/gpu_cudamallocasync_allocator.cc:66] 55296, 2
2025-06-24 01:13:57.408338: E external/local_xla/xla/stream_executor/gpu/gpu_cudamallocasync_allocator.cc:66] 65536, 39
2025-06-24 01:13:57.408952: E external/local_xla/xla/stream_executor/gpu/gpu_cudamallocasync_allocator.cc:66] 110592, 8
2025-06-24 01:13:57.409536: E external/local_xla/xla/stream_executor/gpu/gpu_cudamallocasync_allocator.cc:66] 131072, 15
2025-06-24 01:13:57.410116: E external/local_xla/xla/stream_executor/gpu/gpu_cudamallocasync_allocator.cc:66] 221184, 8
2025-06-24 01:13:57.410751: E external/local_xla/xla/stream_executor/gpu/gpu_cudamallocasync_allocator.cc:66] 262144, 45
2025-06-24 01:13:57.411330: E external/local_xla/xla/stream_executor/gpu/gpu_cudamallocasync_allocator.cc:66] 442368, 8
2025-06-24 01:13:57.411850: E external/local_xla/xla/stream_executor/gpu/gpu_cudamallocasync_allocator.cc:66] 524288, 9
2025-06-24 01:13:57.412450: E external/local_xla/xla/stream_executor/gpu/gpu_cudamallocasync_allocator.cc:66] 688128, 1
2025-06-24 01:13:57.413032: E external/local_xla/xla/stream_executor/gpu/gpu_cudamallocasync_allocator.cc:66] 884736, 8
2025-06-24 01:13:57.413649: E external/local_xla/xla/stream_executor/gpu/gpu_cudamallocasync_allocator.cc:66] 1048576, 27
2025-06-24 01:13:57.414256: E external/local_xla/xla/stream_executor/gpu/gpu_cudamallocasync_allocator.cc:66] 1769472, 8
2025-06-24 01:13:57.414836: E external/local_xla/xla/stream_executor/gpu/gpu_cudamallocasync_allocator.cc:66] 2097152, 3
2025-06-24 01:13:57.415446: E external/local_xla/xla/stream_executor/gpu/gpu_cudamallocasync_allocator.cc:66] 3538944, 8
2025-06-24 01:13:57.416071: E external/local_xla/xla/stream_executor/gpu/gpu_cudamallocasync_allocator.cc:66] 4194304, 9
2025-06-24 01:13:57.416625: E external/local_xla/xla/stream_executor/gpu/gpu_cudamallocasync_allocator.cc:66] 7077888, 8
2025-06-24 01:13:57.417189: E external/local_xla/xla/stream_executor/gpu/gpu_cudamallocasync_allocator.cc:66] 14155776, 7
2025-06-24 01:13:57.417755: E external/local_xla/xla/stream_executor/gpu/gpu_cudamallocasync_allocator.cc:66] 28311552, 3
2025-06-24 01:13:57.418368: E external/local_xla/xla/stream_executor/gpu/gpu_cudamallocasync_allocator.cc:66] 30277632, 1
2025-06-24 01:13:57.418923: E external/local_xla/xla/stream_executor/gpu/gpu_cudamallocasync_allocator.cc:66] 60555264, 3
2025-06-24 01:13:57.419512: E external/local_xla/xla/stream_executor/gpu/gpu_cudamallocasync_allocator.cc:66] 121110528, 1
2025-06-24 01:13:57.420117: E external/local_xla/xla/stream_executor/gpu/gpu_cudamallocasync_allocator.cc:66] 242221056, 6
2025-06-24 01:13:57.420713: E external/local_xla/xla/stream_executor/gpu/gpu_cudamallocasync_allocator.cc:66] 484442112, 6
2025-06-24 01:13:57.421318: E external/local_xla/xla/stream_executor/gpu/gpu_cudamallocasync_allocator.cc:66] 968884224, 12
2025-06-24 01:13:57.421872: E external/local_xla/xla/stream_executor/gpu/gpu_cudamallocasync_allocator.cc:66] 1937768448, 4
2025-06-24 01:13:57.422502: E external/local_xla/xla/stream_executor/gpu/gpu_cudamallocasync_allocator.cc:97] CU_MEMPOOL_ATTR_RESERVED_MEM_CURRENT: 24863834112
2025-06-24 01:13:57.423135: E external/local_xla/xla/stream_executor/gpu/gpu_cudamallocasync_allocator.cc:99] CU_MEMPOOL_ATTR_USED_MEM_CURRENT: 24462744180
2025-06-24 01:13:57.423705: E external/local_xla/xla/stream_executor/gpu/gpu_cudamallocasync_allocator.cc:100] CU_MEMPOOL_ATTR_RESERVED_MEM_HIGH: 25132269568
2025-06-24 01:13:57.424269: E external/local_xla/xla/stream_executor/gpu/gpu_cudamallocasync_allocator.cc:101] CU_MEMPOOL_ATTR_USED_MEM_HIGH: 24462744180
2025-06-24 01:13:57.424837: W tensorflow/core/framework/op_kernel.cc:1839] OP_REQUIRES failed at reduction_ops_common.h:226 : RESOURCE_EXHAUSTED: OOM when allocating tensor with shape[2,16,946176,4] and type float on /job:localhost/replica:0/task:0/device:GPU:0 by allocator gpu_async_0
2025-06-24 01:13:57,728 - ERROR - Training failed: Graph execution error:

Detected at node Advanced_SOTA_UNet/group_normalization_3/weighted_moments/weighted_input_sum defined at (most recent call last):
  File "/mnt/beegfs/hellgate/home/rb194958e/stroke_segmentation_sota/advanced_sota_training.py", line 876, in <module>

  File "/mnt/beegfs/hellgate/home/rb194958e/stroke_segmentation_sota/advanced_sota_training.py", line 635, in train_advanced_model

  File "/mnt/beegfs/hellgate/home/rb194958e/.conda/envs/tf215_env/lib/python3.11/site-packages/keras/src/utils/traceback_utils.py", line 65, in error_handler

  File "/mnt/beegfs/hellgate/home/rb194958e/.conda/envs/tf215_env/lib/python3.11/site-packages/keras/src/engine/training.py", line 1807, in fit

  File "/mnt/beegfs/hellgate/home/rb194958e/.conda/envs/tf215_env/lib/python3.11/site-packages/keras/src/engine/training.py", line 1401, in train_function

  File "/mnt/beegfs/hellgate/home/rb194958e/.conda/envs/tf215_env/lib/python3.11/site-packages/keras/src/engine/training.py", line 1384, in step_function

  File "/mnt/beegfs/hellgate/home/rb194958e/.conda/envs/tf215_env/lib/python3.11/site-packages/keras/src/engine/training.py", line 1373, in run_step

  File "/mnt/beegfs/hellgate/home/rb194958e/.conda/envs/tf215_env/lib/python3.11/site-packages/keras/src/engine/training.py", line 1150, in train_step

  File "/mnt/beegfs/hellgate/home/rb194958e/.conda/envs/tf215_env/lib/python3.11/site-packages/keras/src/utils/traceback_utils.py", line 65, in error_handler

  File "/mnt/beegfs/hellgate/home/rb194958e/.conda/envs/tf215_env/lib/python3.11/site-packages/keras/src/engine/training.py", line 590, in __call__

  File "/mnt/beegfs/hellgate/home/rb194958e/.conda/envs/tf215_env/lib/python3.11/site-packages/keras/src/utils/traceback_utils.py", line 65, in error_handler

  File "/mnt/beegfs/hellgate/home/rb194958e/.conda/envs/tf215_env/lib/python3.11/site-packages/keras/src/engine/base_layer.py", line 1149, in __call__

  File "/mnt/beegfs/hellgate/home/rb194958e/.conda/envs/tf215_env/lib/python3.11/site-packages/keras/src/utils/traceback_utils.py", line 96, in error_handler

  File "/mnt/beegfs/hellgate/home/rb194958e/.conda/envs/tf215_env/lib/python3.11/site-packages/keras/src/engine/functional.py", line 515, in call

  File "/mnt/beegfs/hellgate/home/rb194958e/.conda/envs/tf215_env/lib/python3.11/site-packages/keras/src/engine/functional.py", line 672, in _run_internal_graph

  File "/mnt/beegfs/hellgate/home/rb194958e/.conda/envs/tf215_env/lib/python3.11/site-packages/keras/src/utils/traceback_utils.py", line 65, in error_handler

  File "/mnt/beegfs/hellgate/home/rb194958e/.conda/envs/tf215_env/lib/python3.11/site-packages/keras/src/engine/base_layer.py", line 1149, in __call__

  File "/mnt/beegfs/hellgate/home/rb194958e/.conda/envs/tf215_env/lib/python3.11/site-packages/keras/src/utils/traceback_utils.py", line 96, in error_handler

  File "/mnt/beegfs/hellgate/home/rb194958e/.conda/envs/tf215_env/lib/python3.11/site-packages/keras/src/layers/normalization/group_normalization.py", line 182, in call

  File "/mnt/beegfs/hellgate/home/rb194958e/.conda/envs/tf215_env/lib/python3.11/site-packages/keras/src/layers/normalization/group_normalization.py", line 214, in _apply_normalization

OOM when allocating tensor with shape[2,16,946176,4] and type float on /job:localhost/replica:0/task:0/device:GPU:0 by allocator gpu_async_0
	 [[{{node Advanced_SOTA_UNet/group_normalization_3/weighted_moments/weighted_input_sum}}]]
Hint: If you want to see a list of allocated tensors when OOM happens, add report_tensor_allocations_upon_oom to RunOptions for current allocation info. This isn't available when running in Eager mode.
 [Op:__inference_train_function_60321]
Traceback (most recent call last):
  File "/mnt/beegfs/hellgate/home/rb194958e/stroke_segmentation_sota/advanced_sota_training.py", line 876, in <module>
    history, model = train_advanced_model()
                     ^^^^^^^^^^^^^^^^^^^^^^
  File "/mnt/beegfs/hellgate/home/rb194958e/stroke_segmentation_sota/advanced_sota_training.py", line 635, in train_advanced_model
    history = model.fit(
              ^^^^^^^^^^
  File "/mnt/beegfs/hellgate/home/rb194958e/.conda/envs/tf215_env/lib/python3.11/site-packages/keras/src/utils/traceback_utils.py", line 70, in error_handler
    raise e.with_traceback(filtered_tb) from None
  File "/mnt/beegfs/hellgate/home/rb194958e/.conda/envs/tf215_env/lib/python3.11/site-packages/tensorflow/python/eager/execute.py", line 59, in quick_execute
    except TypeError as e:
tensorflow.python.framework.errors_impl.ResourceExhaustedError: Graph execution error:

Detected at node Advanced_SOTA_UNet/group_normalization_3/weighted_moments/weighted_input_sum defined at (most recent call last):
  File "/mnt/beegfs/hellgate/home/rb194958e/stroke_segmentation_sota/advanced_sota_training.py", line 876, in <module>

  File "/mnt/beegfs/hellgate/home/rb194958e/stroke_segmentation_sota/advanced_sota_training.py", line 635, in train_advanced_model

  File "/mnt/beegfs/hellgate/home/rb194958e/.conda/envs/tf215_env/lib/python3.11/site-packages/keras/src/utils/traceback_utils.py", line 65, in error_handler

  File "/mnt/beegfs/hellgate/home/rb194958e/.conda/envs/tf215_env/lib/python3.11/site-packages/keras/src/engine/training.py", line 1807, in fit

  File "/mnt/beegfs/hellgate/home/rb194958e/.conda/envs/tf215_env/lib/python3.11/site-packages/keras/src/engine/training.py", line 1401, in train_function

  File "/mnt/beegfs/hellgate/home/rb194958e/.conda/envs/tf215_env/lib/python3.11/site-packages/keras/src/engine/training.py", line 1384, in step_function

  File "/mnt/beegfs/hellgate/home/rb194958e/.conda/envs/tf215_env/lib/python3.11/site-packages/keras/src/engine/training.py", line 1373, in run_step

  File "/mnt/beegfs/hellgate/home/rb194958e/.conda/envs/tf215_env/lib/python3.11/site-packages/keras/src/engine/training.py", line 1150, in train_step

  File "/mnt/beegfs/hellgate/home/rb194958e/.conda/envs/tf215_env/lib/python3.11/site-packages/keras/src/utils/traceback_utils.py", line 65, in error_handler

  File "/mnt/beegfs/hellgate/home/rb194958e/.conda/envs/tf215_env/lib/python3.11/site-packages/keras/src/engine/training.py", line 590, in __call__

  File "/mnt/beegfs/hellgate/home/rb194958e/.conda/envs/tf215_env/lib/python3.11/site-packages/keras/src/utils/traceback_utils.py", line 65, in error_handler

  File "/mnt/beegfs/hellgate/home/rb194958e/.conda/envs/tf215_env/lib/python3.11/site-packages/keras/src/engine/base_layer.py", line 1149, in __call__

  File "/mnt/beegfs/hellgate/home/rb194958e/.conda/envs/tf215_env/lib/python3.11/site-packages/keras/src/utils/traceback_utils.py", line 96, in error_handler

  File "/mnt/beegfs/hellgate/home/rb194958e/.conda/envs/tf215_env/lib/python3.11/site-packages/keras/src/engine/functional.py", line 515, in call

  File "/mnt/beegfs/hellgate/home/rb194958e/.conda/envs/tf215_env/lib/python3.11/site-packages/keras/src/engine/functional.py", line 672, in _run_internal_graph

  File "/mnt/beegfs/hellgate/home/rb194958e/.conda/envs/tf215_env/lib/python3.11/site-packages/keras/src/utils/traceback_utils.py", line 65, in error_handler

  File "/mnt/beegfs/hellgate/home/rb194958e/.conda/envs/tf215_env/lib/python3.11/site-packages/keras/src/engine/base_layer.py", line 1149, in __call__

  File "/mnt/beegfs/hellgate/home/rb194958e/.conda/envs/tf215_env/lib/python3.11/site-packages/keras/src/utils/traceback_utils.py", line 96, in error_handler

  File "/mnt/beegfs/hellgate/home/rb194958e/.conda/envs/tf215_env/lib/python3.11/site-packages/keras/src/layers/normalization/group_normalization.py", line 182, in call

  File "/mnt/beegfs/hellgate/home/rb194958e/.conda/envs/tf215_env/lib/python3.11/site-packages/keras/src/layers/normalization/group_normalization.py", line 214, in _apply_normalization

OOM when allocating tensor with shape[2,16,946176,4] and type float on /job:localhost/replica:0/task:0/device:GPU:0 by allocator gpu_async_0
	 [[{{node Advanced_SOTA_UNet/group_normalization_3/weighted_moments/weighted_input_sum}}]]
Hint: If you want to see a list of allocated tensors when OOM happens, add report_tensor_allocations_upon_oom to RunOptions for current allocation info. This isn't available when running in Eager mode.
 [Op:__inference_train_function_60321]
