2025-06-29 06:17:27.699647: E external/local_xla/xla/stream_executor/cuda/cuda_dnn.cc:9261] Unable to register cuDNN factory: Attempting to register factory for plugin cuDNN when one has already been registered
2025-06-29 06:17:27.700977: E external/local_xla/xla/stream_executor/cuda/cuda_fft.cc:607] Unable to register cuFFT factory: Attempting to register factory for plugin cuFFT when one has already been registered
2025-06-29 06:17:27.911160: E external/local_xla/xla/stream_executor/cuda/cuda_blas.cc:1515] Unable to register cuBLAS factory: Attempting to register factory for plugin cuBLAS when one has already been registered
2025-06-29 06:17:28.370097: I tensorflow/core/platform/cpu_feature_guard.cc:182] This TensorFlow binary is optimized to use available CPU instructions in performance-critical operations.
To enable the following instructions: AVX2 AVX512F AVX512_VNNI FMA, in other operations, rebuild TensorFlow with the appropriate compiler flags.
2025-06-29 06:17:37.311640: W tensorflow/compiler/tf2tensorrt/utils/py_utils.cc:38] TF-TRT Warning: Could not find TensorRT
2025-06-29 06:17:59.663651: E external/local_xla/xla/stream_executor/cuda/cuda_dnn.cc:9261] Unable to register cuDNN factory: Attempting to register factory for plugin cuDNN when one has already been registered
2025-06-29 06:17:59.664580: E external/local_xla/xla/stream_executor/cuda/cuda_fft.cc:607] Unable to register cuFFT factory: Attempting to register factory for plugin cuFFT when one has already been registered
2025-06-29 06:17:59.863877: E external/local_xla/xla/stream_executor/cuda/cuda_blas.cc:1515] Unable to register cuBLAS factory: Attempting to register factory for plugin cuBLAS when one has already been registered
2025-06-29 06:18:00.283446: I tensorflow/core/platform/cpu_feature_guard.cc:182] This TensorFlow binary is optimized to use available CPU instructions in performance-critical operations.
To enable the following instructions: AVX2 AVX512F AVX512_VNNI FMA, in other operations, rebuild TensorFlow with the appropriate compiler flags.
2025-06-29 06:18:09.203905: W tensorflow/compiler/tf2tensorrt/utils/py_utils.cc:38] TF-TRT Warning: Could not find TensorRT
2025-06-29 06:18:28,122 - INFO - 🚀 SIMPLIFIED SOTA TRAINING - STABILITY FOCUS
2025-06-29 06:18:28,125 - INFO - ================================================================================
2025-06-29 06:18:28,126 - INFO - 🔧 CHANGES FOR STABILITY:
2025-06-29 06:18:28,127 - INFO -    ❌ NO mixed precision (using float32)
2025-06-29 06:18:28,128 - INFO -    ❌ NO boundary-aware loss (using dice + focal)
2025-06-29 06:18:28,129 - INFO -    ❌ NO Vision Mamba blocks
2025-06-29 06:18:28,130 - INFO -    ❌ NO SAM2 attention
2025-06-29 06:18:28,131 - INFO -    ❌ NO complex augmentation
2025-06-29 06:18:28,132 - INFO -    ✅ Simple U-Net + SE attention + attention gates
2025-06-29 06:18:28,133 - INFO -    ✅ Stable loss function
2025-06-29 06:18:28,134 - INFO -    ✅ Conservative learning rate
2025-06-29 06:18:28,135 - INFO -    ✅ Reduced batch size
2025-06-29 06:18:28,136 - INFO - 🎯 Target: 65-70% validation Dice with ZERO crashes
2025-06-29 06:18:28,137 - INFO - ================================================================================
2025-06-29 06:18:28,138 - INFO - 🔧 Configuring hardware for stability...
2025-06-29 06:18:28,139 - INFO - ✅ Using float32 (mixed precision DISABLED)
2025-06-29 06:18:30,987 - INFO - Detected GPUs: 1
2025-06-29 06:18:30,988 - INFO - ✅ Memory growth enabled for GPU 0
2025-06-29 06:18:30,993 - INFO - Loading dataset from: /mnt/beegfs/hellgate/home/rb194958e/Atlas_2/Training
2025-06-29 06:18:31,962 - INFO - Loaded 655 image/mask pairs from full dataset
2025-06-29 06:18:31,966 - INFO - Dataset split: 589 train, 66 validation
2025-06-29 06:18:31,967 - INFO - 🏗️ Building simplified SOTA model...
2025-06-29 06:18:32.118081: I tensorflow/core/common_runtime/gpu/gpu_process_state.cc:236] Using CUDA malloc Async allocator for GPU: 0
2025-06-29 06:18:32.119573: I tensorflow/core/common_runtime/gpu/gpu_device.cc:1929] Created device /job:localhost/replica:0/task:0/device:GPU:0 with 22483 MB memory:  -> device: 0, name: NVIDIA RTX 4500 Ada Generation, pci bus id: 0000:1c:00.0, compute capability: 8.9
2025-06-29 06:18:33,059 - INFO - ✅ Model built successfully: 18,793,897 parameters
2025-06-29 06:18:33,063 - INFO - 🔥 Model parameters: 18,793,897
2025-06-29 06:18:33,073 - INFO - 🧪 Testing data generators...
pixdim[0] (qfac) should be 1 (default) or -1; setting qfac to 1
2025-06-29 06:18:33,246 - INFO - pixdim[0] (qfac) should be 1 (default) or -1; setting qfac to 1
pixdim[0] (qfac) should be 1 (default) or -1; setting qfac to 1
2025-06-29 06:18:34,392 - INFO - pixdim[0] (qfac) should be 1 (default) or -1; setting qfac to 1
pixdim[0] (qfac) should be 1 (default) or -1; setting qfac to 1
2025-06-29 06:18:35,499 - INFO - pixdim[0] (qfac) should be 1 (default) or -1; setting qfac to 1
pixdim[0] (qfac) should be 1 (default) or -1; setting qfac to 1
2025-06-29 06:18:36,642 - INFO - pixdim[0] (qfac) should be 1 (default) or -1; setting qfac to 1
2025-06-29 06:18:37,609 - INFO - ✅ Train batch: X=(2, 192, 224, 176, 1), y=(2, 192, 224, 176, 1)
2025-06-29 06:18:37,611 - INFO - ✅ Val batch: X=(2, 192, 224, 176, 1), y=(2, 192, 224, 176, 1)
2025-06-29 06:18:37.764954: I external/local_xla/xla/stream_executor/cuda/cuda_dnn.cc:454] Loaded cuDNN version 8907
2025-06-29 06:19:21,563 - INFO - ✅ Forward pass successful: (1, 192, 224, 176, 1)
2025-06-29 06:19:25,881 - INFO - ✅ Loss computation successful: 0.7375218868255615
2025-06-29 06:19:25,882 - INFO - 🚀 Starting simplified SOTA training...
pixdim[0] (qfac) should be 1 (default) or -1; setting qfac to 1
2025-06-29 06:19:26,034 - INFO - pixdim[0] (qfac) should be 1 (default) or -1; setting qfac to 1
pixdim[0] (qfac) should be 1 (default) or -1; setting qfac to 1
2025-06-29 06:19:27,105 - INFO - pixdim[0] (qfac) should be 1 (default) or -1; setting qfac to 1
pixdim[0] (qfac) should be 1 (default) or -1; setting qfac to 1
2025-06-29 06:19:37,114 - INFO - pixdim[0] (qfac) should be 1 (default) or -1; setting qfac to 1
pixdim[0] (qfac) should be 1 (default) or -1; setting qfac to 1
2025-06-29 06:19:38,246 - INFO - pixdim[0] (qfac) should be 1 (default) or -1; setting qfac to 1
pixdim[0] (qfac) should be 1 (default) or -1; setting qfac to 1
2025-06-29 06:19:39,395 - INFO - pixdim[0] (qfac) should be 1 (default) or -1; setting qfac to 1
pixdim[0] (qfac) should be 1 (default) or -1; setting qfac to 1
2025-06-29 06:19:40,506 - INFO - pixdim[0] (qfac) should be 1 (default) or -1; setting qfac to 1
pixdim[0] (qfac) should be 1 (default) or -1; setting qfac to 1
2025-06-29 06:19:41,704 - INFO - pixdim[0] (qfac) should be 1 (default) or -1; setting qfac to 1
pixdim[0] (qfac) should be 1 (default) or -1; setting qfac to 1
2025-06-29 06:19:42,863 - INFO - pixdim[0] (qfac) should be 1 (default) or -1; setting qfac to 1
2025-06-29 06:19:46.384887: E external/local_xla/xla/stream_executor/gpu/gpu_cudamallocasync_allocator.cc:306] gpu_async_0 cuMemAllocAsync failed to allocate 5831030960 bytes: CUDA error: out of memory (CUDA_ERROR_OUT_OF_MEMORY)
 Reported by CUDA: Free memory/Total memory: 1606025216/25393496064
2025-06-29 06:19:46.385850: E external/local_xla/xla/stream_executor/gpu/gpu_cudamallocasync_allocator.cc:311] Stats: Limit:                     23575789568
InUse:                     16098174122
MaxInUse:                  20327984098
NumAllocs:                        2332
MaxAllocSize:               6799661232
Reserved:                            0
PeakReserved:                        0
LargestFreeBlock:                    0

2025-06-29 06:19:46.386716: E external/local_xla/xla/stream_executor/gpu/gpu_cudamallocasync_allocator.cc:63] Histogram of current allocation: (allocation_size_in_bytes, nb_allocation_of_that_sizes), ...;
2025-06-29 06:19:46.387267: E external/local_xla/xla/stream_executor/gpu/gpu_cudamallocasync_allocator.cc:66] 1, 18
2025-06-29 06:19:46.387787: E external/local_xla/xla/stream_executor/gpu/gpu_cudamallocasync_allocator.cc:66] 4, 107
2025-06-29 06:19:46.388300: E external/local_xla/xla/stream_executor/gpu/gpu_cudamallocasync_allocator.cc:66] 8, 11
2025-06-29 06:19:46.388931: E external/local_xla/xla/stream_executor/gpu/gpu_cudamallocasync_allocator.cc:66] 12, 9
2025-06-29 06:19:46.389539: E external/local_xla/xla/stream_executor/gpu/gpu_cudamallocasync_allocator.cc:66] 16, 7
2025-06-29 06:19:46.390137: E external/local_xla/xla/stream_executor/gpu/gpu_cudamallocasync_allocator.cc:66] 20, 1
2025-06-29 06:19:46.390733: E external/local_xla/xla/stream_executor/gpu/gpu_cudamallocasync_allocator.cc:66] 32, 6
2025-06-29 06:19:46.391330: E external/local_xla/xla/stream_executor/gpu/gpu_cudamallocasync_allocator.cc:66] 64, 15
2025-06-29 06:19:46.391927: E external/local_xla/xla/stream_executor/gpu/gpu_cudamallocasync_allocator.cc:66] 96, 3
2025-06-29 06:19:46.392522: E external/local_xla/xla/stream_executor/gpu/gpu_cudamallocasync_allocator.cc:66] 128, 101
2025-06-29 06:19:46.393074: E external/local_xla/xla/stream_executor/gpu/gpu_cudamallocasync_allocator.cc:66] 256, 102
2025-06-29 06:19:46.393614: E external/local_xla/xla/stream_executor/gpu/gpu_cudamallocasync_allocator.cc:66] 512, 88
2025-06-29 06:19:46.394167: E external/local_xla/xla/stream_executor/gpu/gpu_cudamallocasync_allocator.cc:66] 1024, 91
2025-06-29 06:19:46.394741: E external/local_xla/xla/stream_executor/gpu/gpu_cudamallocasync_allocator.cc:66] 1028, 1
2025-06-29 06:19:46.395264: E external/local_xla/xla/stream_executor/gpu/gpu_cudamallocasync_allocator.cc:66] 1536, 38
2025-06-29 06:19:46.395861: E external/local_xla/xla/stream_executor/gpu/gpu_cudamallocasync_allocator.cc:66] 2048, 7
2025-06-29 06:19:46.396435: E external/local_xla/xla/stream_executor/gpu/gpu_cudamallocasync_allocator.cc:66] 3456, 3
2025-06-29 06:19:46.397019: E external/local_xla/xla/stream_executor/gpu/gpu_cudamallocasync_allocator.cc:66] 4096, 12
2025-06-29 06:19:46.397543: E external/local_xla/xla/stream_executor/gpu/gpu_cudamallocasync_allocator.cc:66] 8192, 14
2025-06-29 06:19:46.398122: E external/local_xla/xla/stream_executor/gpu/gpu_cudamallocasync_allocator.cc:66] 16384, 12
2025-06-29 06:19:46.398746: E external/local_xla/xla/stream_executor/gpu/gpu_cudamallocasync_allocator.cc:66] 32768, 14
2025-06-29 06:19:46.399384: E external/local_xla/xla/stream_executor/gpu/gpu_cudamallocasync_allocator.cc:66] 36864, 6
2025-06-29 06:19:46.399973: E external/local_xla/xla/stream_executor/gpu/gpu_cudamallocasync_allocator.cc:66] 59136, 1
2025-06-29 06:19:46.400567: E external/local_xla/xla/stream_executor/gpu/gpu_cudamallocasync_allocator.cc:66] 65536, 3
2025-06-29 06:19:46.401158: E external/local_xla/xla/stream_executor/gpu/gpu_cudamallocasync_allocator.cc:66] 110592, 6
2025-06-29 06:19:46.401744: E external/local_xla/xla/stream_executor/gpu/gpu_cudamallocasync_allocator.cc:66] 131072, 14
2025-06-29 06:19:46.402344: E external/local_xla/xla/stream_executor/gpu/gpu_cudamallocasync_allocator.cc:66] 221184, 6
2025-06-29 06:19:46.402933: E external/local_xla/xla/stream_executor/gpu/gpu_cudamallocasync_allocator.cc:66] 262144, 3
2025-06-29 06:19:46.403510: E external/local_xla/xla/stream_executor/gpu/gpu_cudamallocasync_allocator.cc:66] 393216, 4
2025-06-29 06:19:46.404111: E external/local_xla/xla/stream_executor/gpu/gpu_cudamallocasync_allocator.cc:66] 442368, 6
2025-06-29 06:19:46.404742: E external/local_xla/xla/stream_executor/gpu/gpu_cudamallocasync_allocator.cc:66] 473088, 1
2025-06-29 06:19:46.405347: E external/local_xla/xla/stream_executor/gpu/gpu_cudamallocasync_allocator.cc:66] 524288, 4
2025-06-29 06:19:46.405917: E external/local_xla/xla/stream_executor/gpu/gpu_cudamallocasync_allocator.cc:66] 884736, 6
2025-06-29 06:19:46.406471: E external/local_xla/xla/stream_executor/gpu/gpu_cudamallocasync_allocator.cc:66] 1048576, 3
2025-06-29 06:19:46.407070: E external/local_xla/xla/stream_executor/gpu/gpu_cudamallocasync_allocator.cc:66] 1769472, 6
2025-06-29 06:19:46.407659: E external/local_xla/xla/stream_executor/gpu/gpu_cudamallocasync_allocator.cc:66] 3145728, 3
2025-06-29 06:19:46.408238: E external/local_xla/xla/stream_executor/gpu/gpu_cudamallocasync_allocator.cc:66] 3538944, 6
2025-06-29 06:19:46.408886: E external/local_xla/xla/stream_executor/gpu/gpu_cudamallocasync_allocator.cc:66] 3784704, 1
2025-06-29 06:19:46.409459: E external/local_xla/xla/stream_executor/gpu/gpu_cudamallocasync_allocator.cc:66] 7077888, 6
2025-06-29 06:19:46.410049: E external/local_xla/xla/stream_executor/gpu/gpu_cudamallocasync_allocator.cc:66] 10616832, 3
2025-06-29 06:19:46.410641: E external/local_xla/xla/stream_executor/gpu/gpu_cudamallocasync_allocator.cc:66] 14155776, 3
2025-06-29 06:19:46.411239: E external/local_xla/xla/stream_executor/gpu/gpu_cudamallocasync_allocator.cc:66] 15138816, 1
2025-06-29 06:19:46.411841: E external/local_xla/xla/stream_executor/gpu/gpu_cudamallocasync_allocator.cc:66] 15925248, 3
2025-06-29 06:19:46.412454: E external/local_xla/xla/stream_executor/gpu/gpu_cudamallocasync_allocator.cc:66] 30277632, 3
2025-06-29 06:19:46.413072: E external/local_xla/xla/stream_executor/gpu/gpu_cudamallocasync_allocator.cc:66] 60555264, 4
2025-06-29 06:19:46.413650: E external/local_xla/xla/stream_executor/gpu/gpu_cudamallocasync_allocator.cc:66] 968884224, 1
2025-06-29 06:19:46.414244: E external/local_xla/xla/stream_executor/gpu/gpu_cudamallocasync_allocator.cc:66] 985661440, 1
2025-06-29 06:19:46.414844: E external/local_xla/xla/stream_executor/gpu/gpu_cudamallocasync_allocator.cc:66] 1937768448, 7
2025-06-29 06:19:46.415420: E external/local_xla/xla/stream_executor/gpu/gpu_cudamallocasync_allocator.cc:97] CU_MEMPOOL_ATTR_RESERVED_MEM_CURRENT: 23555211264
2025-06-29 06:19:46.415978: E external/local_xla/xla/stream_executor/gpu/gpu_cudamallocasync_allocator.cc:99] CU_MEMPOOL_ATTR_USED_MEM_CURRENT: 16098174122
2025-06-29 06:19:46.416535: E external/local_xla/xla/stream_executor/gpu/gpu_cudamallocasync_allocator.cc:100] CU_MEMPOOL_ATTR_RESERVED_MEM_HIGH: 25132269568
2025-06-29 06:19:46.417057: E external/local_xla/xla/stream_executor/gpu/gpu_cudamallocasync_allocator.cc:101] CU_MEMPOOL_ATTR_USED_MEM_HIGH: 20327984098
2025-06-29 06:19:46.906504: E external/local_xla/xla/stream_executor/gpu/gpu_cudamallocasync_allocator.cc:306] gpu_async_0 cuMemAllocAsync failed to allocate 5831030960 bytes: CUDA error: out of memory (CUDA_ERROR_OUT_OF_MEMORY)
 Reported by CUDA: Free memory/Total memory: 1606025216/25393496064
2025-06-29 06:19:46.907450: E external/local_xla/xla/stream_executor/gpu/gpu_cudamallocasync_allocator.cc:311] Stats: Limit:                     23575789568
InUse:                     16098174122
MaxInUse:                  20327984098
NumAllocs:                        2353
MaxAllocSize:               6799661232
Reserved:                            0
PeakReserved:                        0
LargestFreeBlock:                    0

2025-06-29 06:19:46.908317: E external/local_xla/xla/stream_executor/gpu/gpu_cudamallocasync_allocator.cc:63] Histogram of current allocation: (allocation_size_in_bytes, nb_allocation_of_that_sizes), ...;
2025-06-29 06:19:46.908913: E external/local_xla/xla/stream_executor/gpu/gpu_cudamallocasync_allocator.cc:66] 1, 18
2025-06-29 06:19:46.909448: E external/local_xla/xla/stream_executor/gpu/gpu_cudamallocasync_allocator.cc:66] 4, 107
2025-06-29 06:19:46.910047: E external/local_xla/xla/stream_executor/gpu/gpu_cudamallocasync_allocator.cc:66] 8, 11
2025-06-29 06:19:46.910666: E external/local_xla/xla/stream_executor/gpu/gpu_cudamallocasync_allocator.cc:66] 12, 9
2025-06-29 06:19:46.911258: E external/local_xla/xla/stream_executor/gpu/gpu_cudamallocasync_allocator.cc:66] 16, 7
2025-06-29 06:19:46.911856: E external/local_xla/xla/stream_executor/gpu/gpu_cudamallocasync_allocator.cc:66] 20, 1
2025-06-29 06:19:46.912481: E external/local_xla/xla/stream_executor/gpu/gpu_cudamallocasync_allocator.cc:66] 32, 6
2025-06-29 06:19:46.913072: E external/local_xla/xla/stream_executor/gpu/gpu_cudamallocasync_allocator.cc:66] 64, 15
2025-06-29 06:19:46.913672: E external/local_xla/xla/stream_executor/gpu/gpu_cudamallocasync_allocator.cc:66] 96, 3
2025-06-29 06:19:46.914254: E external/local_xla/xla/stream_executor/gpu/gpu_cudamallocasync_allocator.cc:66] 128, 101
2025-06-29 06:19:46.914878: E external/local_xla/xla/stream_executor/gpu/gpu_cudamallocasync_allocator.cc:66] 256, 102
2025-06-29 06:19:46.915472: E external/local_xla/xla/stream_executor/gpu/gpu_cudamallocasync_allocator.cc:66] 512, 88
2025-06-29 06:19:46.916014: E external/local_xla/xla/stream_executor/gpu/gpu_cudamallocasync_allocator.cc:66] 1024, 91
2025-06-29 06:19:46.916608: E external/local_xla/xla/stream_executor/gpu/gpu_cudamallocasync_allocator.cc:66] 1028, 1
2025-06-29 06:19:46.917195: E external/local_xla/xla/stream_executor/gpu/gpu_cudamallocasync_allocator.cc:66] 1536, 38
2025-06-29 06:19:46.917796: E external/local_xla/xla/stream_executor/gpu/gpu_cudamallocasync_allocator.cc:66] 2048, 7
2025-06-29 06:19:46.918379: E external/local_xla/xla/stream_executor/gpu/gpu_cudamallocasync_allocator.cc:66] 3456, 3
2025-06-29 06:19:46.918948: E external/local_xla/xla/stream_executor/gpu/gpu_cudamallocasync_allocator.cc:66] 4096, 12
2025-06-29 06:19:46.919496: E external/local_xla/xla/stream_executor/gpu/gpu_cudamallocasync_allocator.cc:66] 8192, 14
2025-06-29 06:19:46.920063: E external/local_xla/xla/stream_executor/gpu/gpu_cudamallocasync_allocator.cc:66] 16384, 12
2025-06-29 06:19:46.920607: E external/local_xla/xla/stream_executor/gpu/gpu_cudamallocasync_allocator.cc:66] 32768, 14
2025-06-29 06:19:46.921198: E external/local_xla/xla/stream_executor/gpu/gpu_cudamallocasync_allocator.cc:66] 36864, 6
2025-06-29 06:19:46.921780: E external/local_xla/xla/stream_executor/gpu/gpu_cudamallocasync_allocator.cc:66] 59136, 1
2025-06-29 06:19:46.922361: E external/local_xla/xla/stream_executor/gpu/gpu_cudamallocasync_allocator.cc:66] 65536, 3
2025-06-29 06:19:46.922962: E external/local_xla/xla/stream_executor/gpu/gpu_cudamallocasync_allocator.cc:66] 110592, 6
2025-06-29 06:19:46.923538: E external/local_xla/xla/stream_executor/gpu/gpu_cudamallocasync_allocator.cc:66] 131072, 14
2025-06-29 06:19:46.924120: E external/local_xla/xla/stream_executor/gpu/gpu_cudamallocasync_allocator.cc:66] 221184, 6
2025-06-29 06:19:46.924721: E external/local_xla/xla/stream_executor/gpu/gpu_cudamallocasync_allocator.cc:66] 262144, 3
2025-06-29 06:19:46.925319: E external/local_xla/xla/stream_executor/gpu/gpu_cudamallocasync_allocator.cc:66] 393216, 4
2025-06-29 06:19:46.925941: E external/local_xla/xla/stream_executor/gpu/gpu_cudamallocasync_allocator.cc:66] 442368, 6
2025-06-29 06:19:46.926501: E external/local_xla/xla/stream_executor/gpu/gpu_cudamallocasync_allocator.cc:66] 473088, 1
2025-06-29 06:19:46.927098: E external/local_xla/xla/stream_executor/gpu/gpu_cudamallocasync_allocator.cc:66] 524288, 4
2025-06-29 06:19:46.927716: E external/local_xla/xla/stream_executor/gpu/gpu_cudamallocasync_allocator.cc:66] 884736, 6
2025-06-29 06:19:46.928306: E external/local_xla/xla/stream_executor/gpu/gpu_cudamallocasync_allocator.cc:66] 1048576, 3
2025-06-29 06:19:46.928899: E external/local_xla/xla/stream_executor/gpu/gpu_cudamallocasync_allocator.cc:66] 1769472, 6
2025-06-29 06:19:46.929506: E external/local_xla/xla/stream_executor/gpu/gpu_cudamallocasync_allocator.cc:66] 3145728, 3
2025-06-29 06:19:46.930098: E external/local_xla/xla/stream_executor/gpu/gpu_cudamallocasync_allocator.cc:66] 3538944, 6
2025-06-29 06:19:46.930664: E external/local_xla/xla/stream_executor/gpu/gpu_cudamallocasync_allocator.cc:66] 3784704, 1
2025-06-29 06:19:46.931256: E external/local_xla/xla/stream_executor/gpu/gpu_cudamallocasync_allocator.cc:66] 7077888, 6
2025-06-29 06:19:46.931855: E external/local_xla/xla/stream_executor/gpu/gpu_cudamallocasync_allocator.cc:66] 10616832, 3
2025-06-29 06:19:46.932444: E external/local_xla/xla/stream_executor/gpu/gpu_cudamallocasync_allocator.cc:66] 14155776, 3
2025-06-29 06:19:46.933040: E external/local_xla/xla/stream_executor/gpu/gpu_cudamallocasync_allocator.cc:66] 15138816, 1
2025-06-29 06:19:46.933620: E external/local_xla/xla/stream_executor/gpu/gpu_cudamallocasync_allocator.cc:66] 15925248, 3
2025-06-29 06:19:46.934218: E external/local_xla/xla/stream_executor/gpu/gpu_cudamallocasync_allocator.cc:66] 30277632, 3
2025-06-29 06:19:46.934813: E external/local_xla/xla/stream_executor/gpu/gpu_cudamallocasync_allocator.cc:66] 60555264, 4
2025-06-29 06:19:46.935421: E external/local_xla/xla/stream_executor/gpu/gpu_cudamallocasync_allocator.cc:66] 968884224, 1
2025-06-29 06:19:46.936039: E external/local_xla/xla/stream_executor/gpu/gpu_cudamallocasync_allocator.cc:66] 985661440, 1
2025-06-29 06:19:46.936643: E external/local_xla/xla/stream_executor/gpu/gpu_cudamallocasync_allocator.cc:66] 1937768448, 7
2025-06-29 06:19:46.937283: E external/local_xla/xla/stream_executor/gpu/gpu_cudamallocasync_allocator.cc:97] CU_MEMPOOL_ATTR_RESERVED_MEM_CURRENT: 23555211264
2025-06-29 06:19:46.937744: E external/local_xla/xla/stream_executor/gpu/gpu_cudamallocasync_allocator.cc:99] CU_MEMPOOL_ATTR_USED_MEM_CURRENT: 16098174122
2025-06-29 06:19:46.938175: E external/local_xla/xla/stream_executor/gpu/gpu_cudamallocasync_allocator.cc:100] CU_MEMPOOL_ATTR_RESERVED_MEM_HIGH: 25132269568
2025-06-29 06:19:46.938668: E external/local_xla/xla/stream_executor/gpu/gpu_cudamallocasync_allocator.cc:101] CU_MEMPOOL_ATTR_USED_MEM_HIGH: 20327984098
2025-06-29 06:19:54.361699: E external/local_xla/xla/stream_executor/gpu/gpu_cudamallocasync_allocator.cc:306] gpu_async_0 cuMemAllocAsync failed to allocate 622592016 bytes: CUDA error: out of memory (CUDA_ERROR_OUT_OF_MEMORY)
 Reported by CUDA: Free memory/Total memory: 465174528/25393496064
2025-06-29 06:19:54.362731: E external/local_xla/xla/stream_executor/gpu/gpu_cudamallocasync_allocator.cc:311] Stats: Limit:                     23575789568
InUse:                     23714372314
MaxInUse:                  24643317634
NumAllocs:                        3602
MaxAllocSize:               6799661232
Reserved:                            0
PeakReserved:                        0
LargestFreeBlock:                    0

2025-06-29 06:19:54.363754: E external/local_xla/xla/stream_executor/gpu/gpu_cudamallocasync_allocator.cc:63] Histogram of current allocation: (allocation_size_in_bytes, nb_allocation_of_that_sizes), ...;
2025-06-29 06:19:54.364366: E external/local_xla/xla/stream_executor/gpu/gpu_cudamallocasync_allocator.cc:66] 1, 18
2025-06-29 06:19:54.364936: E external/local_xla/xla/stream_executor/gpu/gpu_cudamallocasync_allocator.cc:66] 4, 113
2025-06-29 06:19:54.365524: E external/local_xla/xla/stream_executor/gpu/gpu_cudamallocasync_allocator.cc:66] 8, 11
2025-06-29 06:19:54.366181: E external/local_xla/xla/stream_executor/gpu/gpu_cudamallocasync_allocator.cc:66] 12, 3
2025-06-29 06:19:54.366825: E external/local_xla/xla/stream_executor/gpu/gpu_cudamallocasync_allocator.cc:66] 16, 7
2025-06-29 06:19:54.367479: E external/local_xla/xla/stream_executor/gpu/gpu_cudamallocasync_allocator.cc:66] 20, 1
2025-06-29 06:19:54.368074: E external/local_xla/xla/stream_executor/gpu/gpu_cudamallocasync_allocator.cc:66] 32, 7
2025-06-29 06:19:54.368650: E external/local_xla/xla/stream_executor/gpu/gpu_cudamallocasync_allocator.cc:66] 64, 17
2025-06-29 06:19:54.369261: E external/local_xla/xla/stream_executor/gpu/gpu_cudamallocasync_allocator.cc:66] 96, 3
2025-06-29 06:19:54.369872: E external/local_xla/xla/stream_executor/gpu/gpu_cudamallocasync_allocator.cc:66] 128, 103
2025-06-29 06:19:54.370478: E external/local_xla/xla/stream_executor/gpu/gpu_cudamallocasync_allocator.cc:66] 192, 1
2025-06-29 06:19:54.371067: E external/local_xla/xla/stream_executor/gpu/gpu_cudamallocasync_allocator.cc:66] 256, 108
2025-06-29 06:19:54.371648: E external/local_xla/xla/stream_executor/gpu/gpu_cudamallocasync_allocator.cc:66] 512, 102
2025-06-29 06:19:54.372264: E external/local_xla/xla/stream_executor/gpu/gpu_cudamallocasync_allocator.cc:66] 1024, 107
2025-06-29 06:19:54.372889: E external/local_xla/xla/stream_executor/gpu/gpu_cudamallocasync_allocator.cc:66] 1028, 1
2025-06-29 06:19:54.373479: E external/local_xla/xla/stream_executor/gpu/gpu_cudamallocasync_allocator.cc:66] 1536, 44
2025-06-29 06:19:54.374104: E external/local_xla/xla/stream_executor/gpu/gpu_cudamallocasync_allocator.cc:66] 2048, 10
2025-06-29 06:19:54.374705: E external/local_xla/xla/stream_executor/gpu/gpu_cudamallocasync_allocator.cc:66] 3072, 2
2025-06-29 06:19:54.375343: E external/local_xla/xla/stream_executor/gpu/gpu_cudamallocasync_allocator.cc:66] 3456, 3
2025-06-29 06:19:54.375947: E external/local_xla/xla/stream_executor/gpu/gpu_cudamallocasync_allocator.cc:66] 4096, 12
2025-06-29 06:19:54.376582: E external/local_xla/xla/stream_executor/gpu/gpu_cudamallocasync_allocator.cc:66] 8192, 14
2025-06-29 06:19:54.377197: E external/local_xla/xla/stream_executor/gpu/gpu_cudamallocasync_allocator.cc:66] 16384, 12
2025-06-29 06:19:54.377828: E external/local_xla/xla/stream_executor/gpu/gpu_cudamallocasync_allocator.cc:66] 32768, 14
2025-06-29 06:19:54.378424: E external/local_xla/xla/stream_executor/gpu/gpu_cudamallocasync_allocator.cc:66] 36864, 6
2025-06-29 06:19:54.379022: E external/local_xla/xla/stream_executor/gpu/gpu_cudamallocasync_allocator.cc:66] 59136, 1
2025-06-29 06:19:54.379592: E external/local_xla/xla/stream_executor/gpu/gpu_cudamallocasync_allocator.cc:66] 65536, 3
2025-06-29 06:19:54.380192: E external/local_xla/xla/stream_executor/gpu/gpu_cudamallocasync_allocator.cc:66] 110592, 6
2025-06-29 06:19:54.380772: E external/local_xla/xla/stream_executor/gpu/gpu_cudamallocasync_allocator.cc:66] 118272, 1
2025-06-29 06:19:54.381300: E external/local_xla/xla/stream_executor/gpu/gpu_cudamallocasync_allocator.cc:66] 131072, 14
2025-06-29 06:19:54.381945: E external/local_xla/xla/stream_executor/gpu/gpu_cudamallocasync_allocator.cc:66] 221184, 6
2025-06-29 06:19:54.382519: E external/local_xla/xla/stream_executor/gpu/gpu_cudamallocasync_allocator.cc:66] 262144, 4
2025-06-29 06:19:54.383081: E external/local_xla/xla/stream_executor/gpu/gpu_cudamallocasync_allocator.cc:66] 393216, 4
2025-06-29 06:19:54.383693: E external/local_xla/xla/stream_executor/gpu/gpu_cudamallocasync_allocator.cc:66] 442368, 6
2025-06-29 06:19:54.384267: E external/local_xla/xla/stream_executor/gpu/gpu_cudamallocasync_allocator.cc:66] 473088, 1
2025-06-29 06:19:54.384807: E external/local_xla/xla/stream_executor/gpu/gpu_cudamallocasync_allocator.cc:66] 524288, 4
2025-06-29 06:19:54.385344: E external/local_xla/xla/stream_executor/gpu/gpu_cudamallocasync_allocator.cc:66] 884736, 6
2025-06-29 06:19:54.385909: E external/local_xla/xla/stream_executor/gpu/gpu_cudamallocasync_allocator.cc:66] 946176, 1
2025-06-29 06:19:54.386475: E external/local_xla/xla/stream_executor/gpu/gpu_cudamallocasync_allocator.cc:66] 1048576, 3
2025-06-29 06:19:54.387061: E external/local_xla/xla/stream_executor/gpu/gpu_cudamallocasync_allocator.cc:66] 1769472, 6
2025-06-29 06:19:54.387647: E external/local_xla/xla/stream_executor/gpu/gpu_cudamallocasync_allocator.cc:66] 3145728, 3
2025-06-29 06:19:54.388243: E external/local_xla/xla/stream_executor/gpu/gpu_cudamallocasync_allocator.cc:66] 3538944, 6
2025-06-29 06:19:54.388845: E external/local_xla/xla/stream_executor/gpu/gpu_cudamallocasync_allocator.cc:66] 3784704, 4
2025-06-29 06:19:54.389389: E external/local_xla/xla/stream_executor/gpu/gpu_cudamallocasync_allocator.cc:66] 5677056, 6
2025-06-29 06:19:54.389950: E external/local_xla/xla/stream_executor/gpu/gpu_cudamallocasync_allocator.cc:66] 7077888, 6
2025-06-29 06:19:54.390549: E external/local_xla/xla/stream_executor/gpu/gpu_cudamallocasync_allocator.cc:66] 10616832, 3
2025-06-29 06:19:54.391144: E external/local_xla/xla/stream_executor/gpu/gpu_cudamallocasync_allocator.cc:66] 14155776, 3
2025-06-29 06:19:54.391687: E external/local_xla/xla/stream_executor/gpu/gpu_cudamallocasync_allocator.cc:66] 15138816, 5
2025-06-29 06:19:54.392271: E external/local_xla/xla/stream_executor/gpu/gpu_cudamallocasync_allocator.cc:66] 15925248, 3
2025-06-29 06:19:54.392834: E external/local_xla/xla/stream_executor/gpu/gpu_cudamallocasync_allocator.cc:66] 30277632, 17
2025-06-29 06:19:54.393349: E external/local_xla/xla/stream_executor/gpu/gpu_cudamallocasync_allocator.cc:66] 60555264, 9
2025-06-29 06:19:54.393882: E external/local_xla/xla/stream_executor/gpu/gpu_cudamallocasync_allocator.cc:66] 121110528, 14
2025-06-29 06:19:54.394390: E external/local_xla/xla/stream_executor/gpu/gpu_cudamallocasync_allocator.cc:66] 242221056, 5
2025-06-29 06:19:54.394980: E external/local_xla/xla/stream_executor/gpu/gpu_cudamallocasync_allocator.cc:66] 484442112, 9
2025-06-29 06:19:54.395526: E external/local_xla/xla/stream_executor/gpu/gpu_cudamallocasync_allocator.cc:66] 501219328, 1
2025-06-29 06:19:54.396089: E external/local_xla/xla/stream_executor/gpu/gpu_cudamallocasync_allocator.cc:66] 968884224, 1
2025-06-29 06:19:54.396691: E external/local_xla/xla/stream_executor/gpu/gpu_cudamallocasync_allocator.cc:66] 1937768448, 7
2025-06-29 06:19:54.397306: E external/local_xla/xla/stream_executor/gpu/gpu_cudamallocasync_allocator.cc:97] CU_MEMPOOL_ATTR_RESERVED_MEM_CURRENT: 24696061952
2025-06-29 06:19:54.397813: E external/local_xla/xla/stream_executor/gpu/gpu_cudamallocasync_allocator.cc:99] CU_MEMPOOL_ATTR_USED_MEM_CURRENT: 23714372314
2025-06-29 06:19:54.398325: E external/local_xla/xla/stream_executor/gpu/gpu_cudamallocasync_allocator.cc:100] CU_MEMPOOL_ATTR_RESERVED_MEM_HIGH: 25132269568
2025-06-29 06:19:54.398825: E external/local_xla/xla/stream_executor/gpu/gpu_cudamallocasync_allocator.cc:101] CU_MEMPOOL_ATTR_USED_MEM_HIGH: 24643317634
2025-06-29 06:19:55.399727: E external/local_xla/xla/stream_executor/gpu/gpu_cudamallocasync_allocator.cc:306] gpu_async_0 cuMemAllocAsync failed to allocate 501219328 bytes: CUDA error: out of memory (CUDA_ERROR_OUT_OF_MEMORY)
 Reported by CUDA: Free memory/Total memory: 330956800/25393496064
2025-06-29 06:19:55.400705: E external/local_xla/xla/stream_executor/gpu/gpu_cudamallocasync_allocator.cc:311] Stats: Limit:                     23575789568
InUse:                     24190229210
MaxInUse:                  24643317634
NumAllocs:                        3667
MaxAllocSize:               6799661232
Reserved:                            0
PeakReserved:                        0
LargestFreeBlock:                    0

2025-06-29 06:19:55.401658: E external/local_xla/xla/stream_executor/gpu/gpu_cudamallocasync_allocator.cc:63] Histogram of current allocation: (allocation_size_in_bytes, nb_allocation_of_that_sizes), ...;
2025-06-29 06:19:55.402269: E external/local_xla/xla/stream_executor/gpu/gpu_cudamallocasync_allocator.cc:66] 1, 18
2025-06-29 06:19:55.402793: E external/local_xla/xla/stream_executor/gpu/gpu_cudamallocasync_allocator.cc:66] 4, 113
2025-06-29 06:19:55.403347: E external/local_xla/xla/stream_executor/gpu/gpu_cudamallocasync_allocator.cc:66] 8, 11
2025-06-29 06:19:55.403970: E external/local_xla/xla/stream_executor/gpu/gpu_cudamallocasync_allocator.cc:66] 12, 3
2025-06-29 06:19:55.404640: E external/local_xla/xla/stream_executor/gpu/gpu_cudamallocasync_allocator.cc:66] 16, 7
2025-06-29 06:19:55.405250: E external/local_xla/xla/stream_executor/gpu/gpu_cudamallocasync_allocator.cc:66] 20, 1
2025-06-29 06:19:55.405823: E external/local_xla/xla/stream_executor/gpu/gpu_cudamallocasync_allocator.cc:66] 32, 7
2025-06-29 06:19:55.406429: E external/local_xla/xla/stream_executor/gpu/gpu_cudamallocasync_allocator.cc:66] 64, 17
2025-06-29 06:19:55.407024: E external/local_xla/xla/stream_executor/gpu/gpu_cudamallocasync_allocator.cc:66] 96, 3
2025-06-29 06:19:55.407660: E external/local_xla/xla/stream_executor/gpu/gpu_cudamallocasync_allocator.cc:66] 128, 103
2025-06-29 06:19:55.408220: E external/local_xla/xla/stream_executor/gpu/gpu_cudamallocasync_allocator.cc:66] 192, 1
2025-06-29 06:19:55.408815: E external/local_xla/xla/stream_executor/gpu/gpu_cudamallocasync_allocator.cc:66] 256, 108
2025-06-29 06:19:55.409433: E external/local_xla/xla/stream_executor/gpu/gpu_cudamallocasync_allocator.cc:66] 512, 102
2025-06-29 06:19:55.410035: E external/local_xla/xla/stream_executor/gpu/gpu_cudamallocasync_allocator.cc:66] 1024, 107
2025-06-29 06:19:55.410604: E external/local_xla/xla/stream_executor/gpu/gpu_cudamallocasync_allocator.cc:66] 1028, 1
2025-06-29 06:19:55.411205: E external/local_xla/xla/stream_executor/gpu/gpu_cudamallocasync_allocator.cc:66] 1536, 44
2025-06-29 06:19:55.411793: E external/local_xla/xla/stream_executor/gpu/gpu_cudamallocasync_allocator.cc:66] 2048, 10
2025-06-29 06:19:55.412385: E external/local_xla/xla/stream_executor/gpu/gpu_cudamallocasync_allocator.cc:66] 3072, 2
2025-06-29 06:19:55.412996: E external/local_xla/xla/stream_executor/gpu/gpu_cudamallocasync_allocator.cc:66] 3456, 3
2025-06-29 06:19:55.413596: E external/local_xla/xla/stream_executor/gpu/gpu_cudamallocasync_allocator.cc:66] 4096, 12
2025-06-29 06:19:55.414216: E external/local_xla/xla/stream_executor/gpu/gpu_cudamallocasync_allocator.cc:66] 8192, 14
2025-06-29 06:19:55.414793: E external/local_xla/xla/stream_executor/gpu/gpu_cudamallocasync_allocator.cc:66] 16384, 12
2025-06-29 06:19:55.415324: E external/local_xla/xla/stream_executor/gpu/gpu_cudamallocasync_allocator.cc:66] 32768, 14
2025-06-29 06:19:55.416013: E external/local_xla/xla/stream_executor/gpu/gpu_cudamallocasync_allocator.cc:66] 36864, 6
2025-06-29 06:19:55.416649: E external/local_xla/xla/stream_executor/gpu/gpu_cudamallocasync_allocator.cc:66] 59136, 1
2025-06-29 06:19:55.417166: E external/local_xla/xla/stream_executor/gpu/gpu_cudamallocasync_allocator.cc:66] 65536, 3
2025-06-29 06:19:55.417750: E external/local_xla/xla/stream_executor/gpu/gpu_cudamallocasync_allocator.cc:66] 110592, 6
2025-06-29 06:19:55.418353: E external/local_xla/xla/stream_executor/gpu/gpu_cudamallocasync_allocator.cc:66] 118272, 1
2025-06-29 06:19:55.418926: E external/local_xla/xla/stream_executor/gpu/gpu_cudamallocasync_allocator.cc:66] 131072, 14
2025-06-29 06:19:55.419543: E external/local_xla/xla/stream_executor/gpu/gpu_cudamallocasync_allocator.cc:66] 221184, 6
2025-06-29 06:19:55.420134: E external/local_xla/xla/stream_executor/gpu/gpu_cudamallocasync_allocator.cc:66] 262144, 3
2025-06-29 06:19:55.420685: E external/local_xla/xla/stream_executor/gpu/gpu_cudamallocasync_allocator.cc:66] 393216, 4
2025-06-29 06:19:55.421274: E external/local_xla/xla/stream_executor/gpu/gpu_cudamallocasync_allocator.cc:66] 442368, 6
2025-06-29 06:19:55.421859: E external/local_xla/xla/stream_executor/gpu/gpu_cudamallocasync_allocator.cc:66] 473088, 1
2025-06-29 06:19:55.422403: E external/local_xla/xla/stream_executor/gpu/gpu_cudamallocasync_allocator.cc:66] 524288, 4
2025-06-29 06:19:55.422985: E external/local_xla/xla/stream_executor/gpu/gpu_cudamallocasync_allocator.cc:66] 884736, 7
2025-06-29 06:19:55.423567: E external/local_xla/xla/stream_executor/gpu/gpu_cudamallocasync_allocator.cc:66] 946176, 1
2025-06-29 06:19:55.424157: E external/local_xla/xla/stream_executor/gpu/gpu_cudamallocasync_allocator.cc:66] 1048576, 3
2025-06-29 06:19:55.424772: E external/local_xla/xla/stream_executor/gpu/gpu_cudamallocasync_allocator.cc:66] 1769472, 6
2025-06-29 06:19:55.425354: E external/local_xla/xla/stream_executor/gpu/gpu_cudamallocasync_allocator.cc:66] 3145728, 3
2025-06-29 06:19:55.425926: E external/local_xla/xla/stream_executor/gpu/gpu_cudamallocasync_allocator.cc:66] 3538944, 6
2025-06-29 06:19:55.426506: E external/local_xla/xla/stream_executor/gpu/gpu_cudamallocasync_allocator.cc:66] 3784704, 4
2025-06-29 06:19:55.427094: E external/local_xla/xla/stream_executor/gpu/gpu_cudamallocasync_allocator.cc:66] 5677056, 6
2025-06-29 06:19:55.427674: E external/local_xla/xla/stream_executor/gpu/gpu_cudamallocasync_allocator.cc:66] 7077888, 6
2025-06-29 06:19:55.428270: E external/local_xla/xla/stream_executor/gpu/gpu_cudamallocasync_allocator.cc:66] 7569408, 1
2025-06-29 06:19:55.428830: E external/local_xla/xla/stream_executor/gpu/gpu_cudamallocasync_allocator.cc:66] 10616832, 3
2025-06-29 06:19:55.429403: E external/local_xla/xla/stream_executor/gpu/gpu_cudamallocasync_allocator.cc:66] 14155776, 3
2025-06-29 06:19:55.430006: E external/local_xla/xla/stream_executor/gpu/gpu_cudamallocasync_allocator.cc:66] 15138816, 5
2025-06-29 06:19:55.430591: E external/local_xla/xla/stream_executor/gpu/gpu_cudamallocasync_allocator.cc:66] 15925248, 3
2025-06-29 06:19:55.431176: E external/local_xla/xla/stream_executor/gpu/gpu_cudamallocasync_allocator.cc:66] 30277632, 17
2025-06-29 06:19:55.431804: E external/local_xla/xla/stream_executor/gpu/gpu_cudamallocasync_allocator.cc:66] 60555264, 9
2025-06-29 06:19:55.432356: E external/local_xla/xla/stream_executor/gpu/gpu_cudamallocasync_allocator.cc:66] 121110528, 14
2025-06-29 06:19:55.432967: E external/local_xla/xla/stream_executor/gpu/gpu_cudamallocasync_allocator.cc:66] 242221056, 5
2025-06-29 06:19:55.433545: E external/local_xla/xla/stream_executor/gpu/gpu_cudamallocasync_allocator.cc:66] 484442112, 9
2025-06-29 06:19:55.434107: E external/local_xla/xla/stream_executor/gpu/gpu_cudamallocasync_allocator.cc:66] 968884224, 2
2025-06-29 06:19:55.434718: E external/local_xla/xla/stream_executor/gpu/gpu_cudamallocasync_allocator.cc:66] 1937768448, 7
2025-06-29 06:19:55.435288: E external/local_xla/xla/stream_executor/gpu/gpu_cudamallocasync_allocator.cc:97] CU_MEMPOOL_ATTR_RESERVED_MEM_CURRENT: 24830279680
2025-06-29 06:19:55.435773: E external/local_xla/xla/stream_executor/gpu/gpu_cudamallocasync_allocator.cc:99] CU_MEMPOOL_ATTR_USED_MEM_CURRENT: 24190229210
2025-06-29 06:19:55.436287: E external/local_xla/xla/stream_executor/gpu/gpu_cudamallocasync_allocator.cc:100] CU_MEMPOOL_ATTR_RESERVED_MEM_HIGH: 25132269568
2025-06-29 06:19:55.436771: E external/local_xla/xla/stream_executor/gpu/gpu_cudamallocasync_allocator.cc:101] CU_MEMPOOL_ATTR_USED_MEM_HIGH: 24643317634
2025-06-29 06:19:55.437224: W tensorflow/core/kernels/gpu_utils.cc:54] Failed to allocate memory for convolution redzone checking; skipping this check. This is benign and only means that we won't check cudnn for out-of-bounds reads and writes. This message will only be printed once.
2025-06-29 06:19:55.441798: E external/local_xla/xla/stream_executor/gpu/gpu_cudamallocasync_allocator.cc:306] gpu_async_0 cuMemAllocAsync failed to allocate 986546192 bytes: CUDA error: out of memory (CUDA_ERROR_OUT_OF_MEMORY)
 Reported by CUDA: Free memory/Total memory: 330956800/25393496064
2025-06-29 06:19:55.442444: E external/local_xla/xla/stream_executor/gpu/gpu_cudamallocasync_allocator.cc:311] Stats: Limit:                     23575789568
InUse:                     24190229210
MaxInUse:                  24643317634
NumAllocs:                        3667
MaxAllocSize:               6799661232
Reserved:                            0
PeakReserved:                        0
LargestFreeBlock:                    0

2025-06-29 06:19:55.443093: E external/local_xla/xla/stream_executor/gpu/gpu_cudamallocasync_allocator.cc:63] Histogram of current allocation: (allocation_size_in_bytes, nb_allocation_of_that_sizes), ...;
2025-06-29 06:19:55.443594: E external/local_xla/xla/stream_executor/gpu/gpu_cudamallocasync_allocator.cc:66] 1, 18
2025-06-29 06:19:55.444209: E external/local_xla/xla/stream_executor/gpu/gpu_cudamallocasync_allocator.cc:66] 4, 113
2025-06-29 06:19:55.444798: E external/local_xla/xla/stream_executor/gpu/gpu_cudamallocasync_allocator.cc:66] 8, 11
2025-06-29 06:19:55.445386: E external/local_xla/xla/stream_executor/gpu/gpu_cudamallocasync_allocator.cc:66] 12, 3
2025-06-29 06:19:55.445973: E external/local_xla/xla/stream_executor/gpu/gpu_cudamallocasync_allocator.cc:66] 16, 7
2025-06-29 06:19:55.446557: E external/local_xla/xla/stream_executor/gpu/gpu_cudamallocasync_allocator.cc:66] 20, 1
2025-06-29 06:19:55.447157: E external/local_xla/xla/stream_executor/gpu/gpu_cudamallocasync_allocator.cc:66] 32, 7
2025-06-29 06:19:55.447685: E external/local_xla/xla/stream_executor/gpu/gpu_cudamallocasync_allocator.cc:66] 64, 17
2025-06-29 06:19:55.448282: E external/local_xla/xla/stream_executor/gpu/gpu_cudamallocasync_allocator.cc:66] 96, 3
2025-06-29 06:19:55.448892: E external/local_xla/xla/stream_executor/gpu/gpu_cudamallocasync_allocator.cc:66] 128, 103
2025-06-29 06:19:55.449523: E external/local_xla/xla/stream_executor/gpu/gpu_cudamallocasync_allocator.cc:66] 192, 1
2025-06-29 06:19:55.450125: E external/local_xla/xla/stream_executor/gpu/gpu_cudamallocasync_allocator.cc:66] 256, 108
2025-06-29 06:19:55.450733: E external/local_xla/xla/stream_executor/gpu/gpu_cudamallocasync_allocator.cc:66] 512, 102
2025-06-29 06:19:55.451327: E external/local_xla/xla/stream_executor/gpu/gpu_cudamallocasync_allocator.cc:66] 1024, 107
2025-06-29 06:19:55.451911: E external/local_xla/xla/stream_executor/gpu/gpu_cudamallocasync_allocator.cc:66] 1028, 1
2025-06-29 06:19:55.452409: E external/local_xla/xla/stream_executor/gpu/gpu_cudamallocasync_allocator.cc:66] 1536, 44
2025-06-29 06:19:55.452938: E external/local_xla/xla/stream_executor/gpu/gpu_cudamallocasync_allocator.cc:66] 2048, 10
2025-06-29 06:19:55.453527: E external/local_xla/xla/stream_executor/gpu/gpu_cudamallocasync_allocator.cc:66] 3072, 2
2025-06-29 06:19:55.454114: E external/local_xla/xla/stream_executor/gpu/gpu_cudamallocasync_allocator.cc:66] 3456, 3
2025-06-29 06:19:55.454712: E external/local_xla/xla/stream_executor/gpu/gpu_cudamallocasync_allocator.cc:66] 4096, 12
2025-06-29 06:19:55.455313: E external/local_xla/xla/stream_executor/gpu/gpu_cudamallocasync_allocator.cc:66] 8192, 14
2025-06-29 06:19:55.455889: E external/local_xla/xla/stream_executor/gpu/gpu_cudamallocasync_allocator.cc:66] 16384, 12
2025-06-29 06:19:55.456406: E external/local_xla/xla/stream_executor/gpu/gpu_cudamallocasync_allocator.cc:66] 32768, 14
2025-06-29 06:19:55.456937: E external/local_xla/xla/stream_executor/gpu/gpu_cudamallocasync_allocator.cc:66] 36864, 6
2025-06-29 06:19:55.457530: E external/local_xla/xla/stream_executor/gpu/gpu_cudamallocasync_allocator.cc:66] 59136, 1
2025-06-29 06:19:55.458145: E external/local_xla/xla/stream_executor/gpu/gpu_cudamallocasync_allocator.cc:66] 65536, 3
2025-06-29 06:19:55.458707: E external/local_xla/xla/stream_executor/gpu/gpu_cudamallocasync_allocator.cc:66] 110592, 6
2025-06-29 06:19:55.459311: E external/local_xla/xla/stream_executor/gpu/gpu_cudamallocasync_allocator.cc:66] 118272, 1
2025-06-29 06:19:55.459916: E external/local_xla/xla/stream_executor/gpu/gpu_cudamallocasync_allocator.cc:66] 131072, 14
2025-06-29 06:19:55.460442: E external/local_xla/xla/stream_executor/gpu/gpu_cudamallocasync_allocator.cc:66] 221184, 6
2025-06-29 06:19:55.461017: E external/local_xla/xla/stream_executor/gpu/gpu_cudamallocasync_allocator.cc:66] 262144, 3
2025-06-29 06:19:55.461503: E external/local_xla/xla/stream_executor/gpu/gpu_cudamallocasync_allocator.cc:66] 393216, 4
2025-06-29 06:19:55.462034: E external/local_xla/xla/stream_executor/gpu/gpu_cudamallocasync_allocator.cc:66] 442368, 6
2025-06-29 06:19:55.462603: E external/local_xla/xla/stream_executor/gpu/gpu_cudamallocasync_allocator.cc:66] 473088, 1
2025-06-29 06:19:55.463186: E external/local_xla/xla/stream_executor/gpu/gpu_cudamallocasync_allocator.cc:66] 524288, 4
2025-06-29 06:19:55.463759: E external/local_xla/xla/stream_executor/gpu/gpu_cudamallocasync_allocator.cc:66] 884736, 7
2025-06-29 06:19:55.464348: E external/local_xla/xla/stream_executor/gpu/gpu_cudamallocasync_allocator.cc:66] 946176, 1
2025-06-29 06:19:55.464866: E external/local_xla/xla/stream_executor/gpu/gpu_cudamallocasync_allocator.cc:66] 1048576, 3
2025-06-29 06:19:55.465404: E external/local_xla/xla/stream_executor/gpu/gpu_cudamallocasync_allocator.cc:66] 1769472, 6
2025-06-29 06:19:55.465979: E external/local_xla/xla/stream_executor/gpu/gpu_cudamallocasync_allocator.cc:66] 3145728, 3
2025-06-29 06:19:55.466566: E external/local_xla/xla/stream_executor/gpu/gpu_cudamallocasync_allocator.cc:66] 3538944, 6
2025-06-29 06:19:55.467145: E external/local_xla/xla/stream_executor/gpu/gpu_cudamallocasync_allocator.cc:66] 3784704, 4
2025-06-29 06:19:55.467697: E external/local_xla/xla/stream_executor/gpu/gpu_cudamallocasync_allocator.cc:66] 5677056, 6
2025-06-29 06:19:55.468393: E external/local_xla/xla/stream_executor/gpu/gpu_cudamallocasync_allocator.cc:66] 7077888, 6
2025-06-29 06:19:55.468987: E external/local_xla/xla/stream_executor/gpu/gpu_cudamallocasync_allocator.cc:66] 7569408, 1
2025-06-29 06:19:55.469556: E external/local_xla/xla/stream_executor/gpu/gpu_cudamallocasync_allocator.cc:66] 10616832, 3
2025-06-29 06:19:55.470121: E external/local_xla/xla/stream_executor/gpu/gpu_cudamallocasync_allocator.cc:66] 14155776, 3
2025-06-29 06:19:55.470713: E external/local_xla/xla/stream_executor/gpu/gpu_cudamallocasync_allocator.cc:66] 15138816, 5
2025-06-29 06:19:55.471308: E external/local_xla/xla/stream_executor/gpu/gpu_cudamallocasync_allocator.cc:66] 15925248, 3
2025-06-29 06:19:55.471931: E external/local_xla/xla/stream_executor/gpu/gpu_cudamallocasync_allocator.cc:66] 30277632, 17
2025-06-29 06:19:55.472543: E external/local_xla/xla/stream_executor/gpu/gpu_cudamallocasync_allocator.cc:66] 60555264, 9
2025-06-29 06:19:55.473149: E external/local_xla/xla/stream_executor/gpu/gpu_cudamallocasync_allocator.cc:66] 121110528, 14
2025-06-29 06:19:55.473737: E external/local_xla/xla/stream_executor/gpu/gpu_cudamallocasync_allocator.cc:66] 242221056, 5
2025-06-29 06:19:55.474333: E external/local_xla/xla/stream_executor/gpu/gpu_cudamallocasync_allocator.cc:66] 484442112, 9
2025-06-29 06:19:55.474903: E external/local_xla/xla/stream_executor/gpu/gpu_cudamallocasync_allocator.cc:66] 968884224, 2
2025-06-29 06:19:55.475481: E external/local_xla/xla/stream_executor/gpu/gpu_cudamallocasync_allocator.cc:66] 1937768448, 7
2025-06-29 06:19:55.476068: E external/local_xla/xla/stream_executor/gpu/gpu_cudamallocasync_allocator.cc:97] CU_MEMPOOL_ATTR_RESERVED_MEM_CURRENT: 24830279680
2025-06-29 06:19:55.476511: E external/local_xla/xla/stream_executor/gpu/gpu_cudamallocasync_allocator.cc:99] CU_MEMPOOL_ATTR_USED_MEM_CURRENT: 24190229210
2025-06-29 06:19:55.476938: E external/local_xla/xla/stream_executor/gpu/gpu_cudamallocasync_allocator.cc:100] CU_MEMPOOL_ATTR_RESERVED_MEM_HIGH: 25132269568
2025-06-29 06:19:55.477351: E external/local_xla/xla/stream_executor/gpu/gpu_cudamallocasync_allocator.cc:101] CU_MEMPOOL_ATTR_USED_MEM_HIGH: 24643317634
2025-06-29 06:19:55.478305: E external/local_xla/xla/stream_executor/gpu/gpu_cudamallocasync_allocator.cc:306] gpu_async_0 cuMemAllocAsync failed to allocate 1471106736 bytes: CUDA error: out of memory (CUDA_ERROR_OUT_OF_MEMORY)
 Reported by CUDA: Free memory/Total memory: 330956800/25393496064
2025-06-29 06:19:55.478798: E external/local_xla/xla/stream_executor/gpu/gpu_cudamallocasync_allocator.cc:311] Stats: Limit:                     23575789568
InUse:                     24190229210
MaxInUse:                  24643317634
NumAllocs:                        3667
MaxAllocSize:               6799661232
Reserved:                            0
PeakReserved:                        0
LargestFreeBlock:                    0

2025-06-29 06:19:55.479365: E external/local_xla/xla/stream_executor/gpu/gpu_cudamallocasync_allocator.cc:63] Histogram of current allocation: (allocation_size_in_bytes, nb_allocation_of_that_sizes), ...;
2025-06-29 06:19:55.479885: E external/local_xla/xla/stream_executor/gpu/gpu_cudamallocasync_allocator.cc:66] 1, 18
2025-06-29 06:19:55.480453: E external/local_xla/xla/stream_executor/gpu/gpu_cudamallocasync_allocator.cc:66] 4, 113
2025-06-29 06:19:55.481015: E external/local_xla/xla/stream_executor/gpu/gpu_cudamallocasync_allocator.cc:66] 8, 11
2025-06-29 06:19:55.481580: E external/local_xla/xla/stream_executor/gpu/gpu_cudamallocasync_allocator.cc:66] 12, 3
2025-06-29 06:19:55.482169: E external/local_xla/xla/stream_executor/gpu/gpu_cudamallocasync_allocator.cc:66] 16, 7
2025-06-29 06:19:55.482806: E external/local_xla/xla/stream_executor/gpu/gpu_cudamallocasync_allocator.cc:66] 20, 1
2025-06-29 06:19:55.483390: E external/local_xla/xla/stream_executor/gpu/gpu_cudamallocasync_allocator.cc:66] 32, 7
2025-06-29 06:19:55.483961: E external/local_xla/xla/stream_executor/gpu/gpu_cudamallocasync_allocator.cc:66] 64, 17
2025-06-29 06:19:55.484529: E external/local_xla/xla/stream_executor/gpu/gpu_cudamallocasync_allocator.cc:66] 96, 3
2025-06-29 06:19:55.485134: E external/local_xla/xla/stream_executor/gpu/gpu_cudamallocasync_allocator.cc:66] 128, 103
2025-06-29 06:19:55.485637: E external/local_xla/xla/stream_executor/gpu/gpu_cudamallocasync_allocator.cc:66] 192, 1
2025-06-29 06:19:55.486133: E external/local_xla/xla/stream_executor/gpu/gpu_cudamallocasync_allocator.cc:66] 256, 108
2025-06-29 06:19:55.486725: E external/local_xla/xla/stream_executor/gpu/gpu_cudamallocasync_allocator.cc:66] 512, 102
2025-06-29 06:19:55.487325: E external/local_xla/xla/stream_executor/gpu/gpu_cudamallocasync_allocator.cc:66] 1024, 107
2025-06-29 06:19:55.487996: E external/local_xla/xla/stream_executor/gpu/gpu_cudamallocasync_allocator.cc:66] 1028, 1
2025-06-29 06:19:55.488583: E external/local_xla/xla/stream_executor/gpu/gpu_cudamallocasync_allocator.cc:66] 1536, 44
2025-06-29 06:19:55.489183: E external/local_xla/xla/stream_executor/gpu/gpu_cudamallocasync_allocator.cc:66] 2048, 10
2025-06-29 06:19:55.489725: E external/local_xla/xla/stream_executor/gpu/gpu_cudamallocasync_allocator.cc:66] 3072, 2
2025-06-29 06:19:55.490344: E external/local_xla/xla/stream_executor/gpu/gpu_cudamallocasync_allocator.cc:66] 3456, 3
2025-06-29 06:19:55.490937: E external/local_xla/xla/stream_executor/gpu/gpu_cudamallocasync_allocator.cc:66] 4096, 12
2025-06-29 06:19:55.491517: E external/local_xla/xla/stream_executor/gpu/gpu_cudamallocasync_allocator.cc:66] 8192, 14
2025-06-29 06:19:55.492056: E external/local_xla/xla/stream_executor/gpu/gpu_cudamallocasync_allocator.cc:66] 16384, 12
2025-06-29 06:19:55.492652: E external/local_xla/xla/stream_executor/gpu/gpu_cudamallocasync_allocator.cc:66] 32768, 14
2025-06-29 06:19:55.493222: E external/local_xla/xla/stream_executor/gpu/gpu_cudamallocasync_allocator.cc:66] 36864, 6
2025-06-29 06:19:55.493810: E external/local_xla/xla/stream_executor/gpu/gpu_cudamallocasync_allocator.cc:66] 59136, 1
2025-06-29 06:19:55.494329: E external/local_xla/xla/stream_executor/gpu/gpu_cudamallocasync_allocator.cc:66] 65536, 3
2025-06-29 06:19:55.494896: E external/local_xla/xla/stream_executor/gpu/gpu_cudamallocasync_allocator.cc:66] 110592, 6
2025-06-29 06:19:55.495480: E external/local_xla/xla/stream_executor/gpu/gpu_cudamallocasync_allocator.cc:66] 118272, 1
2025-06-29 06:19:55.496072: E external/local_xla/xla/stream_executor/gpu/gpu_cudamallocasync_allocator.cc:66] 131072, 14
2025-06-29 06:19:55.496641: E external/local_xla/xla/stream_executor/gpu/gpu_cudamallocasync_allocator.cc:66] 221184, 6
2025-06-29 06:19:55.497245: E external/local_xla/xla/stream_executor/gpu/gpu_cudamallocasync_allocator.cc:66] 262144, 3
2025-06-29 06:19:55.497854: E external/local_xla/xla/stream_executor/gpu/gpu_cudamallocasync_allocator.cc:66] 393216, 4
2025-06-29 06:19:55.498386: E external/local_xla/xla/stream_executor/gpu/gpu_cudamallocasync_allocator.cc:66] 442368, 6
2025-06-29 06:19:55.498965: E external/local_xla/xla/stream_executor/gpu/gpu_cudamallocasync_allocator.cc:66] 473088, 1
2025-06-29 06:19:55.499560: E external/local_xla/xla/stream_executor/gpu/gpu_cudamallocasync_allocator.cc:66] 524288, 4
2025-06-29 06:19:55.500159: E external/local_xla/xla/stream_executor/gpu/gpu_cudamallocasync_allocator.cc:66] 884736, 7
2025-06-29 06:19:55.500688: E external/local_xla/xla/stream_executor/gpu/gpu_cudamallocasync_allocator.cc:66] 946176, 1
2025-06-29 06:19:55.501272: E external/local_xla/xla/stream_executor/gpu/gpu_cudamallocasync_allocator.cc:66] 1048576, 3
2025-06-29 06:19:55.501851: E external/local_xla/xla/stream_executor/gpu/gpu_cudamallocasync_allocator.cc:66] 1769472, 6
2025-06-29 06:19:55.502448: E external/local_xla/xla/stream_executor/gpu/gpu_cudamallocasync_allocator.cc:66] 3145728, 3
2025-06-29 06:19:55.503012: E external/local_xla/xla/stream_executor/gpu/gpu_cudamallocasync_allocator.cc:66] 3538944, 6
2025-06-29 06:19:55.503619: E external/local_xla/xla/stream_executor/gpu/gpu_cudamallocasync_allocator.cc:66] 3784704, 4
2025-06-29 06:19:55.504195: E external/local_xla/xla/stream_executor/gpu/gpu_cudamallocasync_allocator.cc:66] 5677056, 6
2025-06-29 06:19:55.504814: E external/local_xla/xla/stream_executor/gpu/gpu_cudamallocasync_allocator.cc:66] 7077888, 6
2025-06-29 06:19:55.505367: E external/local_xla/xla/stream_executor/gpu/gpu_cudamallocasync_allocator.cc:66] 7569408, 1
2025-06-29 06:19:55.505962: E external/local_xla/xla/stream_executor/gpu/gpu_cudamallocasync_allocator.cc:66] 10616832, 3
2025-06-29 06:19:55.506517: E external/local_xla/xla/stream_executor/gpu/gpu_cudamallocasync_allocator.cc:66] 14155776, 3
2025-06-29 06:19:55.507067: E external/local_xla/xla/stream_executor/gpu/gpu_cudamallocasync_allocator.cc:66] 15138816, 5
2025-06-29 06:19:55.507671: E external/local_xla/xla/stream_executor/gpu/gpu_cudamallocasync_allocator.cc:66] 15925248, 3
2025-06-29 06:19:55.508268: E external/local_xla/xla/stream_executor/gpu/gpu_cudamallocasync_allocator.cc:66] 30277632, 17
2025-06-29 06:19:55.508820: E external/local_xla/xla/stream_executor/gpu/gpu_cudamallocasync_allocator.cc:66] 60555264, 9
2025-06-29 06:19:55.509346: E external/local_xla/xla/stream_executor/gpu/gpu_cudamallocasync_allocator.cc:66] 121110528, 14
2025-06-29 06:19:55.509949: E external/local_xla/xla/stream_executor/gpu/gpu_cudamallocasync_allocator.cc:66] 242221056, 5
2025-06-29 06:19:55.510518: E external/local_xla/xla/stream_executor/gpu/gpu_cudamallocasync_allocator.cc:66] 484442112, 9
2025-06-29 06:19:55.511089: E external/local_xla/xla/stream_executor/gpu/gpu_cudamallocasync_allocator.cc:66] 968884224, 2
2025-06-29 06:19:55.511657: E external/local_xla/xla/stream_executor/gpu/gpu_cudamallocasync_allocator.cc:66] 1937768448, 7
2025-06-29 06:19:55.512272: E external/local_xla/xla/stream_executor/gpu/gpu_cudamallocasync_allocator.cc:97] CU_MEMPOOL_ATTR_RESERVED_MEM_CURRENT: 24830279680
2025-06-29 06:19:55.512806: E external/local_xla/xla/stream_executor/gpu/gpu_cudamallocasync_allocator.cc:99] CU_MEMPOOL_ATTR_USED_MEM_CURRENT: 24190229210
2025-06-29 06:19:55.513314: E external/local_xla/xla/stream_executor/gpu/gpu_cudamallocasync_allocator.cc:100] CU_MEMPOOL_ATTR_RESERVED_MEM_HIGH: 25132269568
2025-06-29 06:19:55.513780: E external/local_xla/xla/stream_executor/gpu/gpu_cudamallocasync_allocator.cc:101] CU_MEMPOOL_ATTR_USED_MEM_HIGH: 24643317634
2025-06-29 06:19:55.515388: E external/local_xla/xla/stream_executor/gpu/gpu_cudamallocasync_allocator.cc:306] gpu_async_0 cuMemAllocAsync failed to allocate 1470988304 bytes: CUDA error: out of memory (CUDA_ERROR_OUT_OF_MEMORY)
 Reported by CUDA: Free memory/Total memory: 330956800/25393496064
2025-06-29 06:19:55.515894: E external/local_xla/xla/stream_executor/gpu/gpu_cudamallocasync_allocator.cc:311] Stats: Limit:                     23575789568
InUse:                     24190229210
MaxInUse:                  24643317634
NumAllocs:                        3667
MaxAllocSize:               6799661232
Reserved:                            0
PeakReserved:                        0
LargestFreeBlock:                    0

2025-06-29 06:19:55.516521: E external/local_xla/xla/stream_executor/gpu/gpu_cudamallocasync_allocator.cc:63] Histogram of current allocation: (allocation_size_in_bytes, nb_allocation_of_that_sizes), ...;
2025-06-29 06:19:55.517085: E external/local_xla/xla/stream_executor/gpu/gpu_cudamallocasync_allocator.cc:66] 1, 18
2025-06-29 06:19:55.517667: E external/local_xla/xla/stream_executor/gpu/gpu_cudamallocasync_allocator.cc:66] 4, 113
2025-06-29 06:19:55.518239: E external/local_xla/xla/stream_executor/gpu/gpu_cudamallocasync_allocator.cc:66] 8, 11
2025-06-29 06:19:55.518752: E external/local_xla/xla/stream_executor/gpu/gpu_cudamallocasync_allocator.cc:66] 12, 3
2025-06-29 06:19:55.519349: E external/local_xla/xla/stream_executor/gpu/gpu_cudamallocasync_allocator.cc:66] 16, 7
2025-06-29 06:19:55.519953: E external/local_xla/xla/stream_executor/gpu/gpu_cudamallocasync_allocator.cc:66] 20, 1
2025-06-29 06:19:55.520541: E external/local_xla/xla/stream_executor/gpu/gpu_cudamallocasync_allocator.cc:66] 32, 7
2025-06-29 06:19:55.521130: E external/local_xla/xla/stream_executor/gpu/gpu_cudamallocasync_allocator.cc:66] 64, 17
2025-06-29 06:19:55.521699: E external/local_xla/xla/stream_executor/gpu/gpu_cudamallocasync_allocator.cc:66] 96, 3
2025-06-29 06:19:55.522284: E external/local_xla/xla/stream_executor/gpu/gpu_cudamallocasync_allocator.cc:66] 128, 103
2025-06-29 06:19:55.522898: E external/local_xla/xla/stream_executor/gpu/gpu_cudamallocasync_allocator.cc:66] 192, 1
2025-06-29 06:19:55.523440: E external/local_xla/xla/stream_executor/gpu/gpu_cudamallocasync_allocator.cc:66] 256, 108
2025-06-29 06:19:55.524006: E external/local_xla/xla/stream_executor/gpu/gpu_cudamallocasync_allocator.cc:66] 512, 102
2025-06-29 06:19:55.524601: E external/local_xla/xla/stream_executor/gpu/gpu_cudamallocasync_allocator.cc:66] 1024, 107
2025-06-29 06:19:55.525206: E external/local_xla/xla/stream_executor/gpu/gpu_cudamallocasync_allocator.cc:66] 1028, 1
2025-06-29 06:19:55.525800: E external/local_xla/xla/stream_executor/gpu/gpu_cudamallocasync_allocator.cc:66] 1536, 44
2025-06-29 06:19:55.527544: E external/local_xla/xla/stream_executor/gpu/gpu_cudamallocasync_allocator.cc:66] 2048, 10
2025-06-29 06:19:55.528305: E external/local_xla/xla/stream_executor/gpu/gpu_cudamallocasync_allocator.cc:66] 3072, 2
2025-06-29 06:19:55.529128: E external/local_xla/xla/stream_executor/gpu/gpu_cudamallocasync_allocator.cc:66] 3456, 3
2025-06-29 06:19:55.529820: E external/local_xla/xla/stream_executor/gpu/gpu_cudamallocasync_allocator.cc:66] 4096, 12
2025-06-29 06:19:55.530652: E external/local_xla/xla/stream_executor/gpu/gpu_cudamallocasync_allocator.cc:66] 8192, 14
2025-06-29 06:19:55.531212: E external/local_xla/xla/stream_executor/gpu/gpu_cudamallocasync_allocator.cc:66] 16384, 12
2025-06-29 06:19:55.531813: E external/local_xla/xla/stream_executor/gpu/gpu_cudamallocasync_allocator.cc:66] 32768, 14
2025-06-29 06:19:55.532332: E external/local_xla/xla/stream_executor/gpu/gpu_cudamallocasync_allocator.cc:66] 36864, 6
2025-06-29 06:19:55.533006: E external/local_xla/xla/stream_executor/gpu/gpu_cudamallocasync_allocator.cc:66] 59136, 1
2025-06-29 06:19:55.533861: E external/local_xla/xla/stream_executor/gpu/gpu_cudamallocasync_allocator.cc:66] 65536, 3
2025-06-29 06:19:55.534441: E external/local_xla/xla/stream_executor/gpu/gpu_cudamallocasync_allocator.cc:66] 110592, 6
2025-06-29 06:19:55.535044: E external/local_xla/xla/stream_executor/gpu/gpu_cudamallocasync_allocator.cc:66] 118272, 1
2025-06-29 06:19:55.535518: E external/local_xla/xla/stream_executor/gpu/gpu_cudamallocasync_allocator.cc:66] 131072, 14
2025-06-29 06:19:55.536054: E external/local_xla/xla/stream_executor/gpu/gpu_cudamallocasync_allocator.cc:66] 221184, 6
2025-06-29 06:19:55.536635: E external/local_xla/xla/stream_executor/gpu/gpu_cudamallocasync_allocator.cc:66] 262144, 3
2025-06-29 06:19:55.537177: E external/local_xla/xla/stream_executor/gpu/gpu_cudamallocasync_allocator.cc:66] 393216, 4
2025-06-29 06:19:55.537684: E external/local_xla/xla/stream_executor/gpu/gpu_cudamallocasync_allocator.cc:66] 442368, 6
2025-06-29 06:19:55.538225: E external/local_xla/xla/stream_executor/gpu/gpu_cudamallocasync_allocator.cc:66] 473088, 1
2025-06-29 06:19:55.538756: E external/local_xla/xla/stream_executor/gpu/gpu_cudamallocasync_allocator.cc:66] 524288, 4
2025-06-29 06:19:55.539294: E external/local_xla/xla/stream_executor/gpu/gpu_cudamallocasync_allocator.cc:66] 884736, 7
2025-06-29 06:19:55.539831: E external/local_xla/xla/stream_executor/gpu/gpu_cudamallocasync_allocator.cc:66] 946176, 1
2025-06-29 06:19:55.540347: E external/local_xla/xla/stream_executor/gpu/gpu_cudamallocasync_allocator.cc:66] 1048576, 3
2025-06-29 06:19:55.540834: E external/local_xla/xla/stream_executor/gpu/gpu_cudamallocasync_allocator.cc:66] 1769472, 6
2025-06-29 06:19:55.541384: E external/local_xla/xla/stream_executor/gpu/gpu_cudamallocasync_allocator.cc:66] 3145728, 3
2025-06-29 06:19:55.541947: E external/local_xla/xla/stream_executor/gpu/gpu_cudamallocasync_allocator.cc:66] 3538944, 6
2025-06-29 06:19:55.542481: E external/local_xla/xla/stream_executor/gpu/gpu_cudamallocasync_allocator.cc:66] 3784704, 4
2025-06-29 06:19:55.543018: E external/local_xla/xla/stream_executor/gpu/gpu_cudamallocasync_allocator.cc:66] 5677056, 6
2025-06-29 06:19:55.543563: E external/local_xla/xla/stream_executor/gpu/gpu_cudamallocasync_allocator.cc:66] 7077888, 6
2025-06-29 06:19:55.544086: E external/local_xla/xla/stream_executor/gpu/gpu_cudamallocasync_allocator.cc:66] 7569408, 1
2025-06-29 06:19:55.544624: E external/local_xla/xla/stream_executor/gpu/gpu_cudamallocasync_allocator.cc:66] 10616832, 3
2025-06-29 06:19:55.545171: E external/local_xla/xla/stream_executor/gpu/gpu_cudamallocasync_allocator.cc:66] 14155776, 3
2025-06-29 06:19:55.545747: E external/local_xla/xla/stream_executor/gpu/gpu_cudamallocasync_allocator.cc:66] 15138816, 5
2025-06-29 06:19:55.546312: E external/local_xla/xla/stream_executor/gpu/gpu_cudamallocasync_allocator.cc:66] 15925248, 3
2025-06-29 06:19:55.546884: E external/local_xla/xla/stream_executor/gpu/gpu_cudamallocasync_allocator.cc:66] 30277632, 17
2025-06-29 06:19:55.547447: E external/local_xla/xla/stream_executor/gpu/gpu_cudamallocasync_allocator.cc:66] 60555264, 9
2025-06-29 06:19:55.548035: E external/local_xla/xla/stream_executor/gpu/gpu_cudamallocasync_allocator.cc:66] 121110528, 14
2025-06-29 06:19:55.548637: E external/local_xla/xla/stream_executor/gpu/gpu_cudamallocasync_allocator.cc:66] 242221056, 5
2025-06-29 06:19:55.549221: E external/local_xla/xla/stream_executor/gpu/gpu_cudamallocasync_allocator.cc:66] 484442112, 9
2025-06-29 06:19:55.549700: E external/local_xla/xla/stream_executor/gpu/gpu_cudamallocasync_allocator.cc:66] 968884224, 2
2025-06-29 06:19:55.550216: E external/local_xla/xla/stream_executor/gpu/gpu_cudamallocasync_allocator.cc:66] 1937768448, 7
2025-06-29 06:19:55.550790: E external/local_xla/xla/stream_executor/gpu/gpu_cudamallocasync_allocator.cc:97] CU_MEMPOOL_ATTR_RESERVED_MEM_CURRENT: 24830279680
2025-06-29 06:19:55.551282: E external/local_xla/xla/stream_executor/gpu/gpu_cudamallocasync_allocator.cc:99] CU_MEMPOOL_ATTR_USED_MEM_CURRENT: 24190229210
2025-06-29 06:19:55.551697: E external/local_xla/xla/stream_executor/gpu/gpu_cudamallocasync_allocator.cc:100] CU_MEMPOOL_ATTR_RESERVED_MEM_HIGH: 25132269568
2025-06-29 06:19:55.552101: E external/local_xla/xla/stream_executor/gpu/gpu_cudamallocasync_allocator.cc:101] CU_MEMPOOL_ATTR_USED_MEM_HIGH: 24643317634
2025-06-29 06:19:55.553091: E external/local_xla/xla/stream_executor/gpu/gpu_cudamallocasync_allocator.cc:306] gpu_async_0 cuMemAllocAsync failed to allocate 986546192 bytes: CUDA error: out of memory (CUDA_ERROR_OUT_OF_MEMORY)
 Reported by CUDA: Free memory/Total memory: 330956800/25393496064
2025-06-29 06:19:55.553584: E external/local_xla/xla/stream_executor/gpu/gpu_cudamallocasync_allocator.cc:311] Stats: Limit:                     23575789568
InUse:                     24190229210
MaxInUse:                  24643317634
NumAllocs:                        3667
MaxAllocSize:               6799661232
Reserved:                            0
PeakReserved:                        0
LargestFreeBlock:                    0

2025-06-29 06:19:55.554237: E external/local_xla/xla/stream_executor/gpu/gpu_cudamallocasync_allocator.cc:63] Histogram of current allocation: (allocation_size_in_bytes, nb_allocation_of_that_sizes), ...;
2025-06-29 06:19:55.554799: E external/local_xla/xla/stream_executor/gpu/gpu_cudamallocasync_allocator.cc:66] 1, 18
2025-06-29 06:19:55.555329: E external/local_xla/xla/stream_executor/gpu/gpu_cudamallocasync_allocator.cc:66] 4, 113
2025-06-29 06:19:55.555892: E external/local_xla/xla/stream_executor/gpu/gpu_cudamallocasync_allocator.cc:66] 8, 11
2025-06-29 06:19:55.556457: E external/local_xla/xla/stream_executor/gpu/gpu_cudamallocasync_allocator.cc:66] 12, 3
2025-06-29 06:19:55.557022: E external/local_xla/xla/stream_executor/gpu/gpu_cudamallocasync_allocator.cc:66] 16, 7
2025-06-29 06:19:55.557628: E external/local_xla/xla/stream_executor/gpu/gpu_cudamallocasync_allocator.cc:66] 20, 1
2025-06-29 06:19:55.558230: E external/local_xla/xla/stream_executor/gpu/gpu_cudamallocasync_allocator.cc:66] 32, 7
2025-06-29 06:19:55.558824: E external/local_xla/xla/stream_executor/gpu/gpu_cudamallocasync_allocator.cc:66] 64, 17
2025-06-29 06:19:55.559351: E external/local_xla/xla/stream_executor/gpu/gpu_cudamallocasync_allocator.cc:66] 96, 3
2025-06-29 06:19:55.559931: E external/local_xla/xla/stream_executor/gpu/gpu_cudamallocasync_allocator.cc:66] 128, 103
2025-06-29 06:19:55.560508: E external/local_xla/xla/stream_executor/gpu/gpu_cudamallocasync_allocator.cc:66] 192, 1
2025-06-29 06:19:55.561105: E external/local_xla/xla/stream_executor/gpu/gpu_cudamallocasync_allocator.cc:66] 256, 108
2025-06-29 06:19:55.561684: E external/local_xla/xla/stream_executor/gpu/gpu_cudamallocasync_allocator.cc:66] 512, 102
2025-06-29 06:19:55.562282: E external/local_xla/xla/stream_executor/gpu/gpu_cudamallocasync_allocator.cc:66] 1024, 107
2025-06-29 06:19:55.562893: E external/local_xla/xla/stream_executor/gpu/gpu_cudamallocasync_allocator.cc:66] 1028, 1
2025-06-29 06:19:55.563515: E external/local_xla/xla/stream_executor/gpu/gpu_cudamallocasync_allocator.cc:66] 1536, 44
2025-06-29 06:19:55.564068: E external/local_xla/xla/stream_executor/gpu/gpu_cudamallocasync_allocator.cc:66] 2048, 10
2025-06-29 06:19:55.564647: E external/local_xla/xla/stream_executor/gpu/gpu_cudamallocasync_allocator.cc:66] 3072, 2
2025-06-29 06:19:55.565239: E external/local_xla/xla/stream_executor/gpu/gpu_cudamallocasync_allocator.cc:66] 3456, 3
2025-06-29 06:19:55.565853: E external/local_xla/xla/stream_executor/gpu/gpu_cudamallocasync_allocator.cc:66] 4096, 12
2025-06-29 06:19:55.566416: E external/local_xla/xla/stream_executor/gpu/gpu_cudamallocasync_allocator.cc:66] 8192, 14
2025-06-29 06:19:55.567010: E external/local_xla/xla/stream_executor/gpu/gpu_cudamallocasync_allocator.cc:66] 16384, 12
2025-06-29 06:19:55.567603: E external/local_xla/xla/stream_executor/gpu/gpu_cudamallocasync_allocator.cc:66] 32768, 14
2025-06-29 06:19:55.568168: E external/local_xla/xla/stream_executor/gpu/gpu_cudamallocasync_allocator.cc:66] 36864, 6
2025-06-29 06:19:55.568702: E external/local_xla/xla/stream_executor/gpu/gpu_cudamallocasync_allocator.cc:66] 59136, 1
2025-06-29 06:19:55.569282: E external/local_xla/xla/stream_executor/gpu/gpu_cudamallocasync_allocator.cc:66] 65536, 3
2025-06-29 06:19:55.569858: E external/local_xla/xla/stream_executor/gpu/gpu_cudamallocasync_allocator.cc:66] 110592, 6
2025-06-29 06:19:55.570390: E external/local_xla/xla/stream_executor/gpu/gpu_cudamallocasync_allocator.cc:66] 118272, 1
2025-06-29 06:19:55.570944: E external/local_xla/xla/stream_executor/gpu/gpu_cudamallocasync_allocator.cc:66] 131072, 14
2025-06-29 06:19:55.571534: E external/local_xla/xla/stream_executor/gpu/gpu_cudamallocasync_allocator.cc:66] 221184, 6
2025-06-29 06:19:55.572075: E external/local_xla/xla/stream_executor/gpu/gpu_cudamallocasync_allocator.cc:66] 262144, 3
2025-06-29 06:19:55.572689: E external/local_xla/xla/stream_executor/gpu/gpu_cudamallocasync_allocator.cc:66] 393216, 4
2025-06-29 06:19:55.573300: E external/local_xla/xla/stream_executor/gpu/gpu_cudamallocasync_allocator.cc:66] 442368, 6
2025-06-29 06:19:55.573880: E external/local_xla/xla/stream_executor/gpu/gpu_cudamallocasync_allocator.cc:66] 473088, 1
2025-06-29 06:19:55.574393: E external/local_xla/xla/stream_executor/gpu/gpu_cudamallocasync_allocator.cc:66] 524288, 4
2025-06-29 06:19:55.574982: E external/local_xla/xla/stream_executor/gpu/gpu_cudamallocasync_allocator.cc:66] 884736, 7
2025-06-29 06:19:55.575562: E external/local_xla/xla/stream_executor/gpu/gpu_cudamallocasync_allocator.cc:66] 946176, 1
2025-06-29 06:19:55.576150: E external/local_xla/xla/stream_executor/gpu/gpu_cudamallocasync_allocator.cc:66] 1048576, 3
2025-06-29 06:19:55.576734: E external/local_xla/xla/stream_executor/gpu/gpu_cudamallocasync_allocator.cc:66] 1769472, 6
2025-06-29 06:19:55.577301: E external/local_xla/xla/stream_executor/gpu/gpu_cudamallocasync_allocator.cc:66] 3145728, 3
2025-06-29 06:19:55.577912: E external/local_xla/xla/stream_executor/gpu/gpu_cudamallocasync_allocator.cc:66] 3538944, 6
2025-06-29 06:19:55.578518: E external/local_xla/xla/stream_executor/gpu/gpu_cudamallocasync_allocator.cc:66] 3784704, 4
2025-06-29 06:19:55.579113: E external/local_xla/xla/stream_executor/gpu/gpu_cudamallocasync_allocator.cc:66] 5677056, 6
2025-06-29 06:19:55.579690: E external/local_xla/xla/stream_executor/gpu/gpu_cudamallocasync_allocator.cc:66] 7077888, 6
2025-06-29 06:19:55.580252: E external/local_xla/xla/stream_executor/gpu/gpu_cudamallocasync_allocator.cc:66] 7569408, 1
2025-06-29 06:19:55.580821: E external/local_xla/xla/stream_executor/gpu/gpu_cudamallocasync_allocator.cc:66] 10616832, 3
2025-06-29 06:19:55.581363: E external/local_xla/xla/stream_executor/gpu/gpu_cudamallocasync_allocator.cc:66] 14155776, 3
2025-06-29 06:19:55.581918: E external/local_xla/xla/stream_executor/gpu/gpu_cudamallocasync_allocator.cc:66] 15138816, 5
2025-06-29 06:19:55.582485: E external/local_xla/xla/stream_executor/gpu/gpu_cudamallocasync_allocator.cc:66] 15925248, 3
2025-06-29 06:19:55.583045: E external/local_xla/xla/stream_executor/gpu/gpu_cudamallocasync_allocator.cc:66] 30277632, 17
2025-06-29 06:19:55.583597: E external/local_xla/xla/stream_executor/gpu/gpu_cudamallocasync_allocator.cc:66] 60555264, 9
2025-06-29 06:19:55.584168: E external/local_xla/xla/stream_executor/gpu/gpu_cudamallocasync_allocator.cc:66] 121110528, 14
2025-06-29 06:19:55.584752: E external/local_xla/xla/stream_executor/gpu/gpu_cudamallocasync_allocator.cc:66] 242221056, 5
2025-06-29 06:19:55.585314: E external/local_xla/xla/stream_executor/gpu/gpu_cudamallocasync_allocator.cc:66] 484442112, 9
2025-06-29 06:19:55.585830: E external/local_xla/xla/stream_executor/gpu/gpu_cudamallocasync_allocator.cc:66] 968884224, 2
2025-06-29 06:19:55.586375: E external/local_xla/xla/stream_executor/gpu/gpu_cudamallocasync_allocator.cc:66] 1937768448, 7
2025-06-29 06:19:55.586873: E external/local_xla/xla/stream_executor/gpu/gpu_cudamallocasync_allocator.cc:97] CU_MEMPOOL_ATTR_RESERVED_MEM_CURRENT: 24830279680
2025-06-29 06:19:55.587297: E external/local_xla/xla/stream_executor/gpu/gpu_cudamallocasync_allocator.cc:99] CU_MEMPOOL_ATTR_USED_MEM_CURRENT: 24190229210
2025-06-29 06:19:55.587672: E external/local_xla/xla/stream_executor/gpu/gpu_cudamallocasync_allocator.cc:100] CU_MEMPOOL_ATTR_RESERVED_MEM_HIGH: 25132269568
2025-06-29 06:19:55.588060: E external/local_xla/xla/stream_executor/gpu/gpu_cudamallocasync_allocator.cc:101] CU_MEMPOOL_ATTR_USED_MEM_HIGH: 24643317634
2025-06-29 06:19:55.588906: E external/local_xla/xla/stream_executor/gpu/gpu_cudamallocasync_allocator.cc:306] gpu_async_0 cuMemAllocAsync failed to allocate 986546192 bytes: CUDA error: out of memory (CUDA_ERROR_OUT_OF_MEMORY)
 Reported by CUDA: Free memory/Total memory: 330956800/25393496064
2025-06-29 06:19:55.589299: E external/local_xla/xla/stream_executor/gpu/gpu_cudamallocasync_allocator.cc:311] Stats: Limit:                     23575789568
InUse:                     24190229210
MaxInUse:                  24643317634
NumAllocs:                        3667
MaxAllocSize:               6799661232
Reserved:                            0
PeakReserved:                        0
LargestFreeBlock:                    0

2025-06-29 06:19:55.589686: E external/local_xla/xla/stream_executor/gpu/gpu_cudamallocasync_allocator.cc:63] Histogram of current allocation: (allocation_size_in_bytes, nb_allocation_of_that_sizes), ...;
2025-06-29 06:19:55.590077: E external/local_xla/xla/stream_executor/gpu/gpu_cudamallocasync_allocator.cc:66] 1, 18
2025-06-29 06:19:55.590562: E external/local_xla/xla/stream_executor/gpu/gpu_cudamallocasync_allocator.cc:66] 4, 113
2025-06-29 06:19:55.591086: E external/local_xla/xla/stream_executor/gpu/gpu_cudamallocasync_allocator.cc:66] 8, 11
2025-06-29 06:19:55.591620: E external/local_xla/xla/stream_executor/gpu/gpu_cudamallocasync_allocator.cc:66] 12, 3
2025-06-29 06:19:55.592093: E external/local_xla/xla/stream_executor/gpu/gpu_cudamallocasync_allocator.cc:66] 16, 7
2025-06-29 06:19:55.592648: E external/local_xla/xla/stream_executor/gpu/gpu_cudamallocasync_allocator.cc:66] 20, 1
2025-06-29 06:19:55.593213: E external/local_xla/xla/stream_executor/gpu/gpu_cudamallocasync_allocator.cc:66] 32, 7
2025-06-29 06:19:55.593782: E external/local_xla/xla/stream_executor/gpu/gpu_cudamallocasync_allocator.cc:66] 64, 17
2025-06-29 06:19:55.594323: E external/local_xla/xla/stream_executor/gpu/gpu_cudamallocasync_allocator.cc:66] 96, 3
2025-06-29 06:19:55.594837: E external/local_xla/xla/stream_executor/gpu/gpu_cudamallocasync_allocator.cc:66] 128, 103
2025-06-29 06:19:55.595327: E external/local_xla/xla/stream_executor/gpu/gpu_cudamallocasync_allocator.cc:66] 192, 1
2025-06-29 06:19:55.595868: E external/local_xla/xla/stream_executor/gpu/gpu_cudamallocasync_allocator.cc:66] 256, 108
2025-06-29 06:19:55.596351: E external/local_xla/xla/stream_executor/gpu/gpu_cudamallocasync_allocator.cc:66] 512, 102
2025-06-29 06:19:55.596869: E external/local_xla/xla/stream_executor/gpu/gpu_cudamallocasync_allocator.cc:66] 1024, 107
2025-06-29 06:19:55.597434: E external/local_xla/xla/stream_executor/gpu/gpu_cudamallocasync_allocator.cc:66] 1028, 1
2025-06-29 06:19:55.597968: E external/local_xla/xla/stream_executor/gpu/gpu_cudamallocasync_allocator.cc:66] 1536, 44
2025-06-29 06:19:55.598464: E external/local_xla/xla/stream_executor/gpu/gpu_cudamallocasync_allocator.cc:66] 2048, 10
2025-06-29 06:19:55.598950: E external/local_xla/xla/stream_executor/gpu/gpu_cudamallocasync_allocator.cc:66] 3072, 2
2025-06-29 06:19:55.599493: E external/local_xla/xla/stream_executor/gpu/gpu_cudamallocasync_allocator.cc:66] 3456, 3
2025-06-29 06:19:55.600003: E external/local_xla/xla/stream_executor/gpu/gpu_cudamallocasync_allocator.cc:66] 4096, 12
2025-06-29 06:19:55.600501: E external/local_xla/xla/stream_executor/gpu/gpu_cudamallocasync_allocator.cc:66] 8192, 14
2025-06-29 06:19:55.600981: E external/local_xla/xla/stream_executor/gpu/gpu_cudamallocasync_allocator.cc:66] 16384, 12
2025-06-29 06:19:55.601493: E external/local_xla/xla/stream_executor/gpu/gpu_cudamallocasync_allocator.cc:66] 32768, 14
2025-06-29 06:19:55.602016: E external/local_xla/xla/stream_executor/gpu/gpu_cudamallocasync_allocator.cc:66] 36864, 6
2025-06-29 06:19:55.602508: E external/local_xla/xla/stream_executor/gpu/gpu_cudamallocasync_allocator.cc:66] 59136, 1
2025-06-29 06:19:55.602979: E external/local_xla/xla/stream_executor/gpu/gpu_cudamallocasync_allocator.cc:66] 65536, 3
2025-06-29 06:19:55.603517: E external/local_xla/xla/stream_executor/gpu/gpu_cudamallocasync_allocator.cc:66] 110592, 6
2025-06-29 06:19:55.604022: E external/local_xla/xla/stream_executor/gpu/gpu_cudamallocasync_allocator.cc:66] 118272, 1
2025-06-29 06:19:55.604471: E external/local_xla/xla/stream_executor/gpu/gpu_cudamallocasync_allocator.cc:66] 131072, 14
2025-06-29 06:19:55.604949: E external/local_xla/xla/stream_executor/gpu/gpu_cudamallocasync_allocator.cc:66] 221184, 6
2025-06-29 06:19:55.605459: E external/local_xla/xla/stream_executor/gpu/gpu_cudamallocasync_allocator.cc:66] 262144, 3
2025-06-29 06:19:55.605922: E external/local_xla/xla/stream_executor/gpu/gpu_cudamallocasync_allocator.cc:66] 393216, 4
2025-06-29 06:19:55.606463: E external/local_xla/xla/stream_executor/gpu/gpu_cudamallocasync_allocator.cc:66] 442368, 6
2025-06-29 06:19:55.607006: E external/local_xla/xla/stream_executor/gpu/gpu_cudamallocasync_allocator.cc:66] 473088, 1
2025-06-29 06:19:55.607529: E external/local_xla/xla/stream_executor/gpu/gpu_cudamallocasync_allocator.cc:66] 524288, 4
2025-06-29 06:19:55.608025: E external/local_xla/xla/stream_executor/gpu/gpu_cudamallocasync_allocator.cc:66] 884736, 7
2025-06-29 06:19:55.608528: E external/local_xla/xla/stream_executor/gpu/gpu_cudamallocasync_allocator.cc:66] 946176, 1
2025-06-29 06:19:55.608989: E external/local_xla/xla/stream_executor/gpu/gpu_cudamallocasync_allocator.cc:66] 1048576, 3
2025-06-29 06:19:55.609448: E external/local_xla/xla/stream_executor/gpu/gpu_cudamallocasync_allocator.cc:66] 1769472, 6
2025-06-29 06:19:55.609971: E external/local_xla/xla/stream_executor/gpu/gpu_cudamallocasync_allocator.cc:66] 3145728, 3
2025-06-29 06:19:55.610480: E external/local_xla/xla/stream_executor/gpu/gpu_cudamallocasync_allocator.cc:66] 3538944, 6
2025-06-29 06:19:55.610946: E external/local_xla/xla/stream_executor/gpu/gpu_cudamallocasync_allocator.cc:66] 3784704, 4
2025-06-29 06:19:55.611440: E external/local_xla/xla/stream_executor/gpu/gpu_cudamallocasync_allocator.cc:66] 5677056, 6
2025-06-29 06:19:55.611950: E external/local_xla/xla/stream_executor/gpu/gpu_cudamallocasync_allocator.cc:66] 7077888, 6
2025-06-29 06:19:55.612473: E external/local_xla/xla/stream_executor/gpu/gpu_cudamallocasync_allocator.cc:66] 7569408, 1
2025-06-29 06:19:55.612955: E external/local_xla/xla/stream_executor/gpu/gpu_cudamallocasync_allocator.cc:66] 10616832, 3
2025-06-29 06:19:55.613411: E external/local_xla/xla/stream_executor/gpu/gpu_cudamallocasync_allocator.cc:66] 14155776, 3
2025-06-29 06:19:55.613919: E external/local_xla/xla/stream_executor/gpu/gpu_cudamallocasync_allocator.cc:66] 15138816, 5
2025-06-29 06:19:55.614436: E external/local_xla/xla/stream_executor/gpu/gpu_cudamallocasync_allocator.cc:66] 15925248, 3
2025-06-29 06:19:55.614937: E external/local_xla/xla/stream_executor/gpu/gpu_cudamallocasync_allocator.cc:66] 30277632, 17
2025-06-29 06:19:55.615435: E external/local_xla/xla/stream_executor/gpu/gpu_cudamallocasync_allocator.cc:66] 60555264, 9
2025-06-29 06:19:55.615920: E external/local_xla/xla/stream_executor/gpu/gpu_cudamallocasync_allocator.cc:66] 121110528, 14
2025-06-29 06:19:55.616440: E external/local_xla/xla/stream_executor/gpu/gpu_cudamallocasync_allocator.cc:66] 242221056, 5
2025-06-29 06:19:55.616928: E external/local_xla/xla/stream_executor/gpu/gpu_cudamallocasync_allocator.cc:66] 484442112, 9
2025-06-29 06:19:55.617468: E external/local_xla/xla/stream_executor/gpu/gpu_cudamallocasync_allocator.cc:66] 968884224, 2
2025-06-29 06:19:55.618018: E external/local_xla/xla/stream_executor/gpu/gpu_cudamallocasync_allocator.cc:66] 1937768448, 7
2025-06-29 06:19:55.618521: E external/local_xla/xla/stream_executor/gpu/gpu_cudamallocasync_allocator.cc:97] CU_MEMPOOL_ATTR_RESERVED_MEM_CURRENT: 24830279680
2025-06-29 06:19:55.618987: E external/local_xla/xla/stream_executor/gpu/gpu_cudamallocasync_allocator.cc:99] CU_MEMPOOL_ATTR_USED_MEM_CURRENT: 24190229210
2025-06-29 06:19:55.619433: E external/local_xla/xla/stream_executor/gpu/gpu_cudamallocasync_allocator.cc:100] CU_MEMPOOL_ATTR_RESERVED_MEM_HIGH: 25132269568
2025-06-29 06:19:55.619851: E external/local_xla/xla/stream_executor/gpu/gpu_cudamallocasync_allocator.cc:101] CU_MEMPOOL_ATTR_USED_MEM_HIGH: 24643317634
2025-06-29 06:19:55.620663: E external/local_xla/xla/stream_executor/gpu/gpu_cudamallocasync_allocator.cc:306] gpu_async_0 cuMemAllocAsync failed to allocate 1470988304 bytes: CUDA error: out of memory (CUDA_ERROR_OUT_OF_MEMORY)
 Reported by CUDA: Free memory/Total memory: 330956800/25393496064
2025-06-29 06:19:55.621080: E external/local_xla/xla/stream_executor/gpu/gpu_cudamallocasync_allocator.cc:311] Stats: Limit:                     23575789568
InUse:                     24190229210
MaxInUse:                  24643317634
NumAllocs:                        3667
MaxAllocSize:               6799661232
Reserved:                            0
PeakReserved:                        0
LargestFreeBlock:                    0

2025-06-29 06:19:55.621482: E external/local_xla/xla/stream_executor/gpu/gpu_cudamallocasync_allocator.cc:63] Histogram of current allocation: (allocation_size_in_bytes, nb_allocation_of_that_sizes), ...;
2025-06-29 06:19:55.621852: E external/local_xla/xla/stream_executor/gpu/gpu_cudamallocasync_allocator.cc:66] 1, 18
2025-06-29 06:19:55.622324: E external/local_xla/xla/stream_executor/gpu/gpu_cudamallocasync_allocator.cc:66] 4, 113
2025-06-29 06:19:55.622817: E external/local_xla/xla/stream_executor/gpu/gpu_cudamallocasync_allocator.cc:66] 8, 11
2025-06-29 06:19:55.623343: E external/local_xla/xla/stream_executor/gpu/gpu_cudamallocasync_allocator.cc:66] 12, 3
2025-06-29 06:19:55.623820: E external/local_xla/xla/stream_executor/gpu/gpu_cudamallocasync_allocator.cc:66] 16, 7
2025-06-29 06:19:55.624349: E external/local_xla/xla/stream_executor/gpu/gpu_cudamallocasync_allocator.cc:66] 20, 1
2025-06-29 06:19:55.624814: E external/local_xla/xla/stream_executor/gpu/gpu_cudamallocasync_allocator.cc:66] 32, 7
2025-06-29 06:19:55.625321: E external/local_xla/xla/stream_executor/gpu/gpu_cudamallocasync_allocator.cc:66] 64, 17
2025-06-29 06:19:55.625898: E external/local_xla/xla/stream_executor/gpu/gpu_cudamallocasync_allocator.cc:66] 96, 3
2025-06-29 06:19:55.626428: E external/local_xla/xla/stream_executor/gpu/gpu_cudamallocasync_allocator.cc:66] 128, 103
2025-06-29 06:19:55.626909: E external/local_xla/xla/stream_executor/gpu/gpu_cudamallocasync_allocator.cc:66] 192, 1
2025-06-29 06:19:55.627466: E external/local_xla/xla/stream_executor/gpu/gpu_cudamallocasync_allocator.cc:66] 256, 108
2025-06-29 06:19:55.628003: E external/local_xla/xla/stream_executor/gpu/gpu_cudamallocasync_allocator.cc:66] 512, 102
2025-06-29 06:19:55.628533: E external/local_xla/xla/stream_executor/gpu/gpu_cudamallocasync_allocator.cc:66] 1024, 107
2025-06-29 06:19:55.629059: E external/local_xla/xla/stream_executor/gpu/gpu_cudamallocasync_allocator.cc:66] 1028, 1
2025-06-29 06:19:55.629641: E external/local_xla/xla/stream_executor/gpu/gpu_cudamallocasync_allocator.cc:66] 1536, 44
2025-06-29 06:19:55.630202: E external/local_xla/xla/stream_executor/gpu/gpu_cudamallocasync_allocator.cc:66] 2048, 10
2025-06-29 06:19:55.630766: E external/local_xla/xla/stream_executor/gpu/gpu_cudamallocasync_allocator.cc:66] 3072, 2
2025-06-29 06:19:55.631306: E external/local_xla/xla/stream_executor/gpu/gpu_cudamallocasync_allocator.cc:66] 3456, 3
2025-06-29 06:19:55.631843: E external/local_xla/xla/stream_executor/gpu/gpu_cudamallocasync_allocator.cc:66] 4096, 12
2025-06-29 06:19:55.632359: E external/local_xla/xla/stream_executor/gpu/gpu_cudamallocasync_allocator.cc:66] 8192, 14
2025-06-29 06:19:55.632914: E external/local_xla/xla/stream_executor/gpu/gpu_cudamallocasync_allocator.cc:66] 16384, 12
2025-06-29 06:19:55.633447: E external/local_xla/xla/stream_executor/gpu/gpu_cudamallocasync_allocator.cc:66] 32768, 14
2025-06-29 06:19:55.633954: E external/local_xla/xla/stream_executor/gpu/gpu_cudamallocasync_allocator.cc:66] 36864, 6
2025-06-29 06:19:55.634585: E external/local_xla/xla/stream_executor/gpu/gpu_cudamallocasync_allocator.cc:66] 59136, 1
2025-06-29 06:19:55.635144: E external/local_xla/xla/stream_executor/gpu/gpu_cudamallocasync_allocator.cc:66] 65536, 3
2025-06-29 06:19:55.635622: E external/local_xla/xla/stream_executor/gpu/gpu_cudamallocasync_allocator.cc:66] 110592, 6
2025-06-29 06:19:55.636168: E external/local_xla/xla/stream_executor/gpu/gpu_cudamallocasync_allocator.cc:66] 118272, 1
2025-06-29 06:19:55.636691: E external/local_xla/xla/stream_executor/gpu/gpu_cudamallocasync_allocator.cc:66] 131072, 14
2025-06-29 06:19:55.637274: E external/local_xla/xla/stream_executor/gpu/gpu_cudamallocasync_allocator.cc:66] 221184, 6
2025-06-29 06:19:55.637786: E external/local_xla/xla/stream_executor/gpu/gpu_cudamallocasync_allocator.cc:66] 262144, 3
2025-06-29 06:19:55.638314: E external/local_xla/xla/stream_executor/gpu/gpu_cudamallocasync_allocator.cc:66] 393216, 4
2025-06-29 06:19:55.638824: E external/local_xla/xla/stream_executor/gpu/gpu_cudamallocasync_allocator.cc:66] 442368, 6
2025-06-29 06:19:55.639366: E external/local_xla/xla/stream_executor/gpu/gpu_cudamallocasync_allocator.cc:66] 473088, 1
2025-06-29 06:19:55.639861: E external/local_xla/xla/stream_executor/gpu/gpu_cudamallocasync_allocator.cc:66] 524288, 4
2025-06-29 06:19:55.640352: E external/local_xla/xla/stream_executor/gpu/gpu_cudamallocasync_allocator.cc:66] 884736, 7
2025-06-29 06:19:55.640864: E external/local_xla/xla/stream_executor/gpu/gpu_cudamallocasync_allocator.cc:66] 946176, 1
2025-06-29 06:19:55.641400: E external/local_xla/xla/stream_executor/gpu/gpu_cudamallocasync_allocator.cc:66] 1048576, 3
2025-06-29 06:19:55.641933: E external/local_xla/xla/stream_executor/gpu/gpu_cudamallocasync_allocator.cc:66] 1769472, 6
2025-06-29 06:19:55.642444: E external/local_xla/xla/stream_executor/gpu/gpu_cudamallocasync_allocator.cc:66] 3145728, 3
2025-06-29 06:19:55.642890: E external/local_xla/xla/stream_executor/gpu/gpu_cudamallocasync_allocator.cc:66] 3538944, 6
2025-06-29 06:19:55.643366: E external/local_xla/xla/stream_executor/gpu/gpu_cudamallocasync_allocator.cc:66] 3784704, 4
2025-06-29 06:19:55.643918: E external/local_xla/xla/stream_executor/gpu/gpu_cudamallocasync_allocator.cc:66] 5677056, 6
2025-06-29 06:19:55.644420: E external/local_xla/xla/stream_executor/gpu/gpu_cudamallocasync_allocator.cc:66] 7077888, 6
2025-06-29 06:19:55.644873: E external/local_xla/xla/stream_executor/gpu/gpu_cudamallocasync_allocator.cc:66] 7569408, 1
2025-06-29 06:19:55.645319: E external/local_xla/xla/stream_executor/gpu/gpu_cudamallocasync_allocator.cc:66] 10616832, 3
2025-06-29 06:19:55.645871: E external/local_xla/xla/stream_executor/gpu/gpu_cudamallocasync_allocator.cc:66] 14155776, 3
2025-06-29 06:19:55.646406: E external/local_xla/xla/stream_executor/gpu/gpu_cudamallocasync_allocator.cc:66] 15138816, 5
2025-06-29 06:19:55.646921: E external/local_xla/xla/stream_executor/gpu/gpu_cudamallocasync_allocator.cc:66] 15925248, 3
2025-06-29 06:19:55.647427: E external/local_xla/xla/stream_executor/gpu/gpu_cudamallocasync_allocator.cc:66] 30277632, 17
2025-06-29 06:19:55.647878: E external/local_xla/xla/stream_executor/gpu/gpu_cudamallocasync_allocator.cc:66] 60555264, 9
2025-06-29 06:19:55.648344: E external/local_xla/xla/stream_executor/gpu/gpu_cudamallocasync_allocator.cc:66] 121110528, 14
2025-06-29 06:19:55.648809: E external/local_xla/xla/stream_executor/gpu/gpu_cudamallocasync_allocator.cc:66] 242221056, 5
2025-06-29 06:19:55.649268: E external/local_xla/xla/stream_executor/gpu/gpu_cudamallocasync_allocator.cc:66] 484442112, 9
2025-06-29 06:19:55.649809: E external/local_xla/xla/stream_executor/gpu/gpu_cudamallocasync_allocator.cc:66] 968884224, 2
2025-06-29 06:19:55.650338: E external/local_xla/xla/stream_executor/gpu/gpu_cudamallocasync_allocator.cc:66] 1937768448, 7
2025-06-29 06:19:55.650902: E external/local_xla/xla/stream_executor/gpu/gpu_cudamallocasync_allocator.cc:97] CU_MEMPOOL_ATTR_RESERVED_MEM_CURRENT: 24830279680
2025-06-29 06:19:55.651340: E external/local_xla/xla/stream_executor/gpu/gpu_cudamallocasync_allocator.cc:99] CU_MEMPOOL_ATTR_USED_MEM_CURRENT: 24190229210
2025-06-29 06:19:55.651706: E external/local_xla/xla/stream_executor/gpu/gpu_cudamallocasync_allocator.cc:100] CU_MEMPOOL_ATTR_RESERVED_MEM_HIGH: 25132269568
2025-06-29 06:19:55.652104: E external/local_xla/xla/stream_executor/gpu/gpu_cudamallocasync_allocator.cc:101] CU_MEMPOOL_ATTR_USED_MEM_HIGH: 24643317634
2025-06-29 06:19:55.652890: E external/local_xla/xla/stream_executor/gpu/gpu_cudamallocasync_allocator.cc:306] gpu_async_0 cuMemAllocAsync failed to allocate 1470988304 bytes: CUDA error: out of memory (CUDA_ERROR_OUT_OF_MEMORY)
 Reported by CUDA: Free memory/Total memory: 330956800/25393496064
2025-06-29 06:19:55.653285: E external/local_xla/xla/stream_executor/gpu/gpu_cudamallocasync_allocator.cc:311] Stats: Limit:                     23575789568
InUse:                     24190229210
MaxInUse:                  24643317634
NumAllocs:                        3667
MaxAllocSize:               6799661232
Reserved:                            0
PeakReserved:                        0
LargestFreeBlock:                    0

2025-06-29 06:19:55.653679: E external/local_xla/xla/stream_executor/gpu/gpu_cudamallocasync_allocator.cc:63] Histogram of current allocation: (allocation_size_in_bytes, nb_allocation_of_that_sizes), ...;
2025-06-29 06:19:55.654008: E external/local_xla/xla/stream_executor/gpu/gpu_cudamallocasync_allocator.cc:66] 1, 18
2025-06-29 06:19:55.654445: E external/local_xla/xla/stream_executor/gpu/gpu_cudamallocasync_allocator.cc:66] 4, 113
2025-06-29 06:19:55.654922: E external/local_xla/xla/stream_executor/gpu/gpu_cudamallocasync_allocator.cc:66] 8, 11
2025-06-29 06:19:55.655423: E external/local_xla/xla/stream_executor/gpu/gpu_cudamallocasync_allocator.cc:66] 12, 3
2025-06-29 06:19:55.655866: E external/local_xla/xla/stream_executor/gpu/gpu_cudamallocasync_allocator.cc:66] 16, 7
2025-06-29 06:19:55.656317: E external/local_xla/xla/stream_executor/gpu/gpu_cudamallocasync_allocator.cc:66] 20, 1
2025-06-29 06:19:55.656772: E external/local_xla/xla/stream_executor/gpu/gpu_cudamallocasync_allocator.cc:66] 32, 7
2025-06-29 06:19:55.657237: E external/local_xla/xla/stream_executor/gpu/gpu_cudamallocasync_allocator.cc:66] 64, 17
2025-06-29 06:19:55.657751: E external/local_xla/xla/stream_executor/gpu/gpu_cudamallocasync_allocator.cc:66] 96, 3
2025-06-29 06:19:55.658299: E external/local_xla/xla/stream_executor/gpu/gpu_cudamallocasync_allocator.cc:66] 128, 103
2025-06-29 06:19:55.658816: E external/local_xla/xla/stream_executor/gpu/gpu_cudamallocasync_allocator.cc:66] 192, 1
2025-06-29 06:19:55.659289: E external/local_xla/xla/stream_executor/gpu/gpu_cudamallocasync_allocator.cc:66] 256, 108
2025-06-29 06:19:55.659813: E external/local_xla/xla/stream_executor/gpu/gpu_cudamallocasync_allocator.cc:66] 512, 102
2025-06-29 06:19:55.660310: E external/local_xla/xla/stream_executor/gpu/gpu_cudamallocasync_allocator.cc:66] 1024, 107
2025-06-29 06:19:55.660726: E external/local_xla/xla/stream_executor/gpu/gpu_cudamallocasync_allocator.cc:66] 1028, 1
2025-06-29 06:19:55.661187: E external/local_xla/xla/stream_executor/gpu/gpu_cudamallocasync_allocator.cc:66] 1536, 44
2025-06-29 06:19:55.661692: E external/local_xla/xla/stream_executor/gpu/gpu_cudamallocasync_allocator.cc:66] 2048, 10
2025-06-29 06:19:55.662135: E external/local_xla/xla/stream_executor/gpu/gpu_cudamallocasync_allocator.cc:66] 3072, 2
2025-06-29 06:19:55.662598: E external/local_xla/xla/stream_executor/gpu/gpu_cudamallocasync_allocator.cc:66] 3456, 3
2025-06-29 06:19:55.663143: E external/local_xla/xla/stream_executor/gpu/gpu_cudamallocasync_allocator.cc:66] 4096, 12
2025-06-29 06:19:55.663578: E external/local_xla/xla/stream_executor/gpu/gpu_cudamallocasync_allocator.cc:66] 8192, 14
2025-06-29 06:19:55.664098: E external/local_xla/xla/stream_executor/gpu/gpu_cudamallocasync_allocator.cc:66] 16384, 12
2025-06-29 06:19:55.664624: E external/local_xla/xla/stream_executor/gpu/gpu_cudamallocasync_allocator.cc:66] 32768, 14
2025-06-29 06:19:55.665126: E external/local_xla/xla/stream_executor/gpu/gpu_cudamallocasync_allocator.cc:66] 36864, 6
2025-06-29 06:19:55.665639: E external/local_xla/xla/stream_executor/gpu/gpu_cudamallocasync_allocator.cc:66] 59136, 1
2025-06-29 06:19:55.666163: E external/local_xla/xla/stream_executor/gpu/gpu_cudamallocasync_allocator.cc:66] 65536, 3
2025-06-29 06:19:55.666627: E external/local_xla/xla/stream_executor/gpu/gpu_cudamallocasync_allocator.cc:66] 110592, 6
2025-06-29 06:19:55.667134: E external/local_xla/xla/stream_executor/gpu/gpu_cudamallocasync_allocator.cc:66] 118272, 1
2025-06-29 06:19:55.667628: E external/local_xla/xla/stream_executor/gpu/gpu_cudamallocasync_allocator.cc:66] 131072, 14
2025-06-29 06:19:55.668135: E external/local_xla/xla/stream_executor/gpu/gpu_cudamallocasync_allocator.cc:66] 221184, 6
2025-06-29 06:19:55.668597: E external/local_xla/xla/stream_executor/gpu/gpu_cudamallocasync_allocator.cc:66] 262144, 3
2025-06-29 06:19:55.669108: E external/local_xla/xla/stream_executor/gpu/gpu_cudamallocasync_allocator.cc:66] 393216, 4
2025-06-29 06:19:55.669579: E external/local_xla/xla/stream_executor/gpu/gpu_cudamallocasync_allocator.cc:66] 442368, 6
2025-06-29 06:19:55.670087: E external/local_xla/xla/stream_executor/gpu/gpu_cudamallocasync_allocator.cc:66] 473088, 1
2025-06-29 06:19:55.670635: E external/local_xla/xla/stream_executor/gpu/gpu_cudamallocasync_allocator.cc:66] 524288, 4
2025-06-29 06:19:55.671128: E external/local_xla/xla/stream_executor/gpu/gpu_cudamallocasync_allocator.cc:66] 884736, 7
2025-06-29 06:19:55.671637: E external/local_xla/xla/stream_executor/gpu/gpu_cudamallocasync_allocator.cc:66] 946176, 1
2025-06-29 06:19:55.672114: E external/local_xla/xla/stream_executor/gpu/gpu_cudamallocasync_allocator.cc:66] 1048576, 3
2025-06-29 06:19:55.672645: E external/local_xla/xla/stream_executor/gpu/gpu_cudamallocasync_allocator.cc:66] 1769472, 6
2025-06-29 06:19:55.673170: E external/local_xla/xla/stream_executor/gpu/gpu_cudamallocasync_allocator.cc:66] 3145728, 3
2025-06-29 06:19:55.673613: E external/local_xla/xla/stream_executor/gpu/gpu_cudamallocasync_allocator.cc:66] 3538944, 6
2025-06-29 06:19:55.674154: E external/local_xla/xla/stream_executor/gpu/gpu_cudamallocasync_allocator.cc:66] 3784704, 4
2025-06-29 06:19:55.674664: E external/local_xla/xla/stream_executor/gpu/gpu_cudamallocasync_allocator.cc:66] 5677056, 6
2025-06-29 06:19:55.675170: E external/local_xla/xla/stream_executor/gpu/gpu_cudamallocasync_allocator.cc:66] 7077888, 6
2025-06-29 06:19:55.675704: E external/local_xla/xla/stream_executor/gpu/gpu_cudamallocasync_allocator.cc:66] 7569408, 1
2025-06-29 06:19:55.676243: E external/local_xla/xla/stream_executor/gpu/gpu_cudamallocasync_allocator.cc:66] 10616832, 3
2025-06-29 06:19:55.676755: E external/local_xla/xla/stream_executor/gpu/gpu_cudamallocasync_allocator.cc:66] 14155776, 3
2025-06-29 06:19:55.677292: E external/local_xla/xla/stream_executor/gpu/gpu_cudamallocasync_allocator.cc:66] 15138816, 5
2025-06-29 06:19:55.677798: E external/local_xla/xla/stream_executor/gpu/gpu_cudamallocasync_allocator.cc:66] 15925248, 3
2025-06-29 06:19:55.678329: E external/local_xla/xla/stream_executor/gpu/gpu_cudamallocasync_allocator.cc:66] 30277632, 17
2025-06-29 06:19:55.678793: E external/local_xla/xla/stream_executor/gpu/gpu_cudamallocasync_allocator.cc:66] 60555264, 9
2025-06-29 06:19:55.679296: E external/local_xla/xla/stream_executor/gpu/gpu_cudamallocasync_allocator.cc:66] 121110528, 14
2025-06-29 06:19:55.679826: E external/local_xla/xla/stream_executor/gpu/gpu_cudamallocasync_allocator.cc:66] 242221056, 5
2025-06-29 06:19:55.680355: E external/local_xla/xla/stream_executor/gpu/gpu_cudamallocasync_allocator.cc:66] 484442112, 9
2025-06-29 06:19:55.680888: E external/local_xla/xla/stream_executor/gpu/gpu_cudamallocasync_allocator.cc:66] 968884224, 2
2025-06-29 06:19:55.681406: E external/local_xla/xla/stream_executor/gpu/gpu_cudamallocasync_allocator.cc:66] 1937768448, 7
2025-06-29 06:19:55.681870: E external/local_xla/xla/stream_executor/gpu/gpu_cudamallocasync_allocator.cc:97] CU_MEMPOOL_ATTR_RESERVED_MEM_CURRENT: 24830279680
2025-06-29 06:19:55.682341: E external/local_xla/xla/stream_executor/gpu/gpu_cudamallocasync_allocator.cc:99] CU_MEMPOOL_ATTR_USED_MEM_CURRENT: 24190229210
2025-06-29 06:19:55.682784: E external/local_xla/xla/stream_executor/gpu/gpu_cudamallocasync_allocator.cc:100] CU_MEMPOOL_ATTR_RESERVED_MEM_HIGH: 25132269568
2025-06-29 06:19:55.683221: E external/local_xla/xla/stream_executor/gpu/gpu_cudamallocasync_allocator.cc:101] CU_MEMPOOL_ATTR_USED_MEM_HIGH: 24643317634
2025-06-29 06:19:55.684098: E external/local_xla/xla/stream_executor/gpu/gpu_cudamallocasync_allocator.cc:306] gpu_async_0 cuMemAllocAsync failed to allocate 1955548848 bytes: CUDA error: out of memory (CUDA_ERROR_OUT_OF_MEMORY)
 Reported by CUDA: Free memory/Total memory: 330956800/25393496064
2025-06-29 06:19:55.684587: E external/local_xla/xla/stream_executor/gpu/gpu_cudamallocasync_allocator.cc:311] Stats: Limit:                     23575789568
InUse:                     24190229210
MaxInUse:                  24643317634
NumAllocs:                        3667
MaxAllocSize:               6799661232
Reserved:                            0
PeakReserved:                        0
LargestFreeBlock:                    0

2025-06-29 06:19:55.685126: E external/local_xla/xla/stream_executor/gpu/gpu_cudamallocasync_allocator.cc:63] Histogram of current allocation: (allocation_size_in_bytes, nb_allocation_of_that_sizes), ...;
2025-06-29 06:19:55.685510: E external/local_xla/xla/stream_executor/gpu/gpu_cudamallocasync_allocator.cc:66] 1, 18
2025-06-29 06:19:55.686063: E external/local_xla/xla/stream_executor/gpu/gpu_cudamallocasync_allocator.cc:66] 4, 113
2025-06-29 06:19:55.686604: E external/local_xla/xla/stream_executor/gpu/gpu_cudamallocasync_allocator.cc:66] 8, 11
2025-06-29 06:19:55.687094: E external/local_xla/xla/stream_executor/gpu/gpu_cudamallocasync_allocator.cc:66] 12, 3
2025-06-29 06:19:55.687614: E external/local_xla/xla/stream_executor/gpu/gpu_cudamallocasync_allocator.cc:66] 16, 7
2025-06-29 06:19:55.688123: E external/local_xla/xla/stream_executor/gpu/gpu_cudamallocasync_allocator.cc:66] 20, 1
2025-06-29 06:19:55.688596: E external/local_xla/xla/stream_executor/gpu/gpu_cudamallocasync_allocator.cc:66] 32, 7
2025-06-29 06:19:55.689130: E external/local_xla/xla/stream_executor/gpu/gpu_cudamallocasync_allocator.cc:66] 64, 17
2025-06-29 06:19:55.689632: E external/local_xla/xla/stream_executor/gpu/gpu_cudamallocasync_allocator.cc:66] 96, 3
2025-06-29 06:19:55.690099: E external/local_xla/xla/stream_executor/gpu/gpu_cudamallocasync_allocator.cc:66] 128, 103
2025-06-29 06:19:55.690649: E external/local_xla/xla/stream_executor/gpu/gpu_cudamallocasync_allocator.cc:66] 192, 1
2025-06-29 06:19:55.691197: E external/local_xla/xla/stream_executor/gpu/gpu_cudamallocasync_allocator.cc:66] 256, 108
2025-06-29 06:19:55.691707: E external/local_xla/xla/stream_executor/gpu/gpu_cudamallocasync_allocator.cc:66] 512, 102
2025-06-29 06:19:55.692189: E external/local_xla/xla/stream_executor/gpu/gpu_cudamallocasync_allocator.cc:66] 1024, 107
2025-06-29 06:19:55.692746: E external/local_xla/xla/stream_executor/gpu/gpu_cudamallocasync_allocator.cc:66] 1028, 1
2025-06-29 06:19:55.693240: E external/local_xla/xla/stream_executor/gpu/gpu_cudamallocasync_allocator.cc:66] 1536, 44
2025-06-29 06:19:55.693704: E external/local_xla/xla/stream_executor/gpu/gpu_cudamallocasync_allocator.cc:66] 2048, 10
2025-06-29 06:19:55.694248: E external/local_xla/xla/stream_executor/gpu/gpu_cudamallocasync_allocator.cc:66] 3072, 2
2025-06-29 06:19:55.694799: E external/local_xla/xla/stream_executor/gpu/gpu_cudamallocasync_allocator.cc:66] 3456, 3
2025-06-29 06:19:55.695322: E external/local_xla/xla/stream_executor/gpu/gpu_cudamallocasync_allocator.cc:66] 4096, 12
2025-06-29 06:19:55.695843: E external/local_xla/xla/stream_executor/gpu/gpu_cudamallocasync_allocator.cc:66] 8192, 14
2025-06-29 06:19:55.696332: E external/local_xla/xla/stream_executor/gpu/gpu_cudamallocasync_allocator.cc:66] 16384, 12
2025-06-29 06:19:55.696873: E external/local_xla/xla/stream_executor/gpu/gpu_cudamallocasync_allocator.cc:66] 32768, 14
2025-06-29 06:19:55.697413: E external/local_xla/xla/stream_executor/gpu/gpu_cudamallocasync_allocator.cc:66] 36864, 6
2025-06-29 06:19:55.697967: E external/local_xla/xla/stream_executor/gpu/gpu_cudamallocasync_allocator.cc:66] 59136, 1
2025-06-29 06:19:55.698470: E external/local_xla/xla/stream_executor/gpu/gpu_cudamallocasync_allocator.cc:66] 65536, 3
2025-06-29 06:19:55.698974: E external/local_xla/xla/stream_executor/gpu/gpu_cudamallocasync_allocator.cc:66] 110592, 6
2025-06-29 06:19:55.699549: E external/local_xla/xla/stream_executor/gpu/gpu_cudamallocasync_allocator.cc:66] 118272, 1
2025-06-29 06:19:55.700071: E external/local_xla/xla/stream_executor/gpu/gpu_cudamallocasync_allocator.cc:66] 131072, 14
2025-06-29 06:19:55.700568: E external/local_xla/xla/stream_executor/gpu/gpu_cudamallocasync_allocator.cc:66] 221184, 6
2025-06-29 06:19:55.701083: E external/local_xla/xla/stream_executor/gpu/gpu_cudamallocasync_allocator.cc:66] 262144, 3
2025-06-29 06:19:55.701588: E external/local_xla/xla/stream_executor/gpu/gpu_cudamallocasync_allocator.cc:66] 393216, 4
2025-06-29 06:19:55.702245: E external/local_xla/xla/stream_executor/gpu/gpu_cudamallocasync_allocator.cc:66] 442368, 6
2025-06-29 06:19:55.702768: E external/local_xla/xla/stream_executor/gpu/gpu_cudamallocasync_allocator.cc:66] 473088, 1
2025-06-29 06:19:55.703289: E external/local_xla/xla/stream_executor/gpu/gpu_cudamallocasync_allocator.cc:66] 524288, 4
2025-06-29 06:19:55.703775: E external/local_xla/xla/stream_executor/gpu/gpu_cudamallocasync_allocator.cc:66] 884736, 7
2025-06-29 06:19:55.704265: E external/local_xla/xla/stream_executor/gpu/gpu_cudamallocasync_allocator.cc:66] 946176, 1
2025-06-29 06:19:55.704756: E external/local_xla/xla/stream_executor/gpu/gpu_cudamallocasync_allocator.cc:66] 1048576, 3
2025-06-29 06:19:55.705203: E external/local_xla/xla/stream_executor/gpu/gpu_cudamallocasync_allocator.cc:66] 1769472, 6
2025-06-29 06:19:55.705656: E external/local_xla/xla/stream_executor/gpu/gpu_cudamallocasync_allocator.cc:66] 3145728, 3
2025-06-29 06:19:55.706565: E external/local_xla/xla/stream_executor/gpu/gpu_cudamallocasync_allocator.cc:66] 3538944, 6
2025-06-29 06:19:55.707074: E external/local_xla/xla/stream_executor/gpu/gpu_cudamallocasync_allocator.cc:66] 3784704, 4
2025-06-29 06:19:55.707544: E external/local_xla/xla/stream_executor/gpu/gpu_cudamallocasync_allocator.cc:66] 5677056, 6
2025-06-29 06:19:55.708076: E external/local_xla/xla/stream_executor/gpu/gpu_cudamallocasync_allocator.cc:66] 7077888, 6
2025-06-29 06:19:55.708590: E external/local_xla/xla/stream_executor/gpu/gpu_cudamallocasync_allocator.cc:66] 7569408, 1
2025-06-29 06:19:55.709114: E external/local_xla/xla/stream_executor/gpu/gpu_cudamallocasync_allocator.cc:66] 10616832, 3
2025-06-29 06:19:55.709627: E external/local_xla/xla/stream_executor/gpu/gpu_cudamallocasync_allocator.cc:66] 14155776, 3
2025-06-29 06:19:55.710078: E external/local_xla/xla/stream_executor/gpu/gpu_cudamallocasync_allocator.cc:66] 15138816, 5
2025-06-29 06:19:55.710595: E external/local_xla/xla/stream_executor/gpu/gpu_cudamallocasync_allocator.cc:66] 15925248, 3
2025-06-29 06:19:55.711120: E external/local_xla/xla/stream_executor/gpu/gpu_cudamallocasync_allocator.cc:66] 30277632, 17
2025-06-29 06:19:55.711609: E external/local_xla/xla/stream_executor/gpu/gpu_cudamallocasync_allocator.cc:66] 60555264, 9
2025-06-29 06:19:55.712111: E external/local_xla/xla/stream_executor/gpu/gpu_cudamallocasync_allocator.cc:66] 121110528, 14
2025-06-29 06:19:55.712605: E external/local_xla/xla/stream_executor/gpu/gpu_cudamallocasync_allocator.cc:66] 242221056, 5
2025-06-29 06:19:55.713105: E external/local_xla/xla/stream_executor/gpu/gpu_cudamallocasync_allocator.cc:66] 484442112, 9
2025-06-29 06:19:55.713617: E external/local_xla/xla/stream_executor/gpu/gpu_cudamallocasync_allocator.cc:66] 968884224, 2
2025-06-29 06:19:55.714130: E external/local_xla/xla/stream_executor/gpu/gpu_cudamallocasync_allocator.cc:66] 1937768448, 7
2025-06-29 06:19:55.714710: E external/local_xla/xla/stream_executor/gpu/gpu_cudamallocasync_allocator.cc:97] CU_MEMPOOL_ATTR_RESERVED_MEM_CURRENT: 24830279680
2025-06-29 06:19:55.715109: E external/local_xla/xla/stream_executor/gpu/gpu_cudamallocasync_allocator.cc:99] CU_MEMPOOL_ATTR_USED_MEM_CURRENT: 24190229210
2025-06-29 06:19:55.715465: E external/local_xla/xla/stream_executor/gpu/gpu_cudamallocasync_allocator.cc:100] CU_MEMPOOL_ATTR_RESERVED_MEM_HIGH: 25132269568
2025-06-29 06:19:55.715817: E external/local_xla/xla/stream_executor/gpu/gpu_cudamallocasync_allocator.cc:101] CU_MEMPOOL_ATTR_USED_MEM_HIGH: 24643317634
2025-06-29 06:19:55.716724: E external/local_xla/xla/stream_executor/gpu/gpu_cudamallocasync_allocator.cc:306] gpu_async_0 cuMemAllocAsync failed to allocate 1470988304 bytes: CUDA error: out of memory (CUDA_ERROR_OUT_OF_MEMORY)
 Reported by CUDA: Free memory/Total memory: 330956800/25393496064
2025-06-29 06:19:55.717140: E external/local_xla/xla/stream_executor/gpu/gpu_cudamallocasync_allocator.cc:311] Stats: Limit:                     23575789568
InUse:                     24190229210
MaxInUse:                  24643317634
NumAllocs:                        3667
MaxAllocSize:               6799661232
Reserved:                            0
PeakReserved:                        0
LargestFreeBlock:                    0

2025-06-29 06:19:55.717547: E external/local_xla/xla/stream_executor/gpu/gpu_cudamallocasync_allocator.cc:63] Histogram of current allocation: (allocation_size_in_bytes, nb_allocation_of_that_sizes), ...;
2025-06-29 06:19:55.717900: E external/local_xla/xla/stream_executor/gpu/gpu_cudamallocasync_allocator.cc:66] 1, 18
2025-06-29 06:19:55.718385: E external/local_xla/xla/stream_executor/gpu/gpu_cudamallocasync_allocator.cc:66] 4, 113
2025-06-29 06:19:55.718887: E external/local_xla/xla/stream_executor/gpu/gpu_cudamallocasync_allocator.cc:66] 8, 11
2025-06-29 06:19:55.719411: E external/local_xla/xla/stream_executor/gpu/gpu_cudamallocasync_allocator.cc:66] 12, 3
2025-06-29 06:19:55.719838: E external/local_xla/xla/stream_executor/gpu/gpu_cudamallocasync_allocator.cc:66] 16, 7
2025-06-29 06:19:55.720335: E external/local_xla/xla/stream_executor/gpu/gpu_cudamallocasync_allocator.cc:66] 20, 1
2025-06-29 06:19:55.720855: E external/local_xla/xla/stream_executor/gpu/gpu_cudamallocasync_allocator.cc:66] 32, 7
2025-06-29 06:19:55.721368: E external/local_xla/xla/stream_executor/gpu/gpu_cudamallocasync_allocator.cc:66] 64, 17
2025-06-29 06:19:55.721872: E external/local_xla/xla/stream_executor/gpu/gpu_cudamallocasync_allocator.cc:66] 96, 3
2025-06-29 06:19:55.722387: E external/local_xla/xla/stream_executor/gpu/gpu_cudamallocasync_allocator.cc:66] 128, 103
2025-06-29 06:19:55.722870: E external/local_xla/xla/stream_executor/gpu/gpu_cudamallocasync_allocator.cc:66] 192, 1
2025-06-29 06:19:55.723393: E external/local_xla/xla/stream_executor/gpu/gpu_cudamallocasync_allocator.cc:66] 256, 108
2025-06-29 06:19:55.723939: E external/local_xla/xla/stream_executor/gpu/gpu_cudamallocasync_allocator.cc:66] 512, 102
2025-06-29 06:19:55.724453: E external/local_xla/xla/stream_executor/gpu/gpu_cudamallocasync_allocator.cc:66] 1024, 107
2025-06-29 06:19:55.724950: E external/local_xla/xla/stream_executor/gpu/gpu_cudamallocasync_allocator.cc:66] 1028, 1
2025-06-29 06:19:55.725469: E external/local_xla/xla/stream_executor/gpu/gpu_cudamallocasync_allocator.cc:66] 1536, 44
2025-06-29 06:19:55.725950: E external/local_xla/xla/stream_executor/gpu/gpu_cudamallocasync_allocator.cc:66] 2048, 10
2025-06-29 06:19:55.726475: E external/local_xla/xla/stream_executor/gpu/gpu_cudamallocasync_allocator.cc:66] 3072, 2
2025-06-29 06:19:55.726999: E external/local_xla/xla/stream_executor/gpu/gpu_cudamallocasync_allocator.cc:66] 3456, 3
2025-06-29 06:19:55.727471: E external/local_xla/xla/stream_executor/gpu/gpu_cudamallocasync_allocator.cc:66] 4096, 12
2025-06-29 06:19:55.728007: E external/local_xla/xla/stream_executor/gpu/gpu_cudamallocasync_allocator.cc:66] 8192, 14
2025-06-29 06:19:55.728530: E external/local_xla/xla/stream_executor/gpu/gpu_cudamallocasync_allocator.cc:66] 16384, 12
2025-06-29 06:19:55.729032: E external/local_xla/xla/stream_executor/gpu/gpu_cudamallocasync_allocator.cc:66] 32768, 14
2025-06-29 06:19:55.729579: E external/local_xla/xla/stream_executor/gpu/gpu_cudamallocasync_allocator.cc:66] 36864, 6
2025-06-29 06:19:55.730078: E external/local_xla/xla/stream_executor/gpu/gpu_cudamallocasync_allocator.cc:66] 59136, 1
2025-06-29 06:19:55.730542: E external/local_xla/xla/stream_executor/gpu/gpu_cudamallocasync_allocator.cc:66] 65536, 3
2025-06-29 06:19:55.731063: E external/local_xla/xla/stream_executor/gpu/gpu_cudamallocasync_allocator.cc:66] 110592, 6
2025-06-29 06:19:55.731625: E external/local_xla/xla/stream_executor/gpu/gpu_cudamallocasync_allocator.cc:66] 118272, 1
2025-06-29 06:19:55.732166: E external/local_xla/xla/stream_executor/gpu/gpu_cudamallocasync_allocator.cc:66] 131072, 14
2025-06-29 06:19:55.732688: E external/local_xla/xla/stream_executor/gpu/gpu_cudamallocasync_allocator.cc:66] 221184, 6
2025-06-29 06:19:55.733225: E external/local_xla/xla/stream_executor/gpu/gpu_cudamallocasync_allocator.cc:66] 262144, 3
2025-06-29 06:19:55.733671: E external/local_xla/xla/stream_executor/gpu/gpu_cudamallocasync_allocator.cc:66] 393216, 4
2025-06-29 06:19:55.734181: E external/local_xla/xla/stream_executor/gpu/gpu_cudamallocasync_allocator.cc:66] 442368, 6
2025-06-29 06:19:55.734689: E external/local_xla/xla/stream_executor/gpu/gpu_cudamallocasync_allocator.cc:66] 473088, 1
2025-06-29 06:19:55.735136: E external/local_xla/xla/stream_executor/gpu/gpu_cudamallocasync_allocator.cc:66] 524288, 4
2025-06-29 06:19:55.735655: E external/local_xla/xla/stream_executor/gpu/gpu_cudamallocasync_allocator.cc:66] 884736, 7
2025-06-29 06:19:55.736218: E external/local_xla/xla/stream_executor/gpu/gpu_cudamallocasync_allocator.cc:66] 946176, 1
2025-06-29 06:19:55.736742: E external/local_xla/xla/stream_executor/gpu/gpu_cudamallocasync_allocator.cc:66] 1048576, 3
2025-06-29 06:19:55.737262: E external/local_xla/xla/stream_executor/gpu/gpu_cudamallocasync_allocator.cc:66] 1769472, 6
2025-06-29 06:19:55.737710: E external/local_xla/xla/stream_executor/gpu/gpu_cudamallocasync_allocator.cc:66] 3145728, 3
2025-06-29 06:19:55.738174: E external/local_xla/xla/stream_executor/gpu/gpu_cudamallocasync_allocator.cc:66] 3538944, 6
2025-06-29 06:19:55.738613: E external/local_xla/xla/stream_executor/gpu/gpu_cudamallocasync_allocator.cc:66] 3784704, 4
2025-06-29 06:19:55.739066: E external/local_xla/xla/stream_executor/gpu/gpu_cudamallocasync_allocator.cc:66] 5677056, 6
2025-06-29 06:19:55.739568: E external/local_xla/xla/stream_executor/gpu/gpu_cudamallocasync_allocator.cc:66] 7077888, 6
2025-06-29 06:19:55.740013: E external/local_xla/xla/stream_executor/gpu/gpu_cudamallocasync_allocator.cc:66] 7569408, 1
2025-06-29 06:19:55.740517: E external/local_xla/xla/stream_executor/gpu/gpu_cudamallocasync_allocator.cc:66] 10616832, 3
2025-06-29 06:19:55.741000: E external/local_xla/xla/stream_executor/gpu/gpu_cudamallocasync_allocator.cc:66] 14155776, 3
2025-06-29 06:19:55.741436: E external/local_xla/xla/stream_executor/gpu/gpu_cudamallocasync_allocator.cc:66] 15138816, 5
2025-06-29 06:19:55.741939: E external/local_xla/xla/stream_executor/gpu/gpu_cudamallocasync_allocator.cc:66] 15925248, 3
2025-06-29 06:19:55.742479: E external/local_xla/xla/stream_executor/gpu/gpu_cudamallocasync_allocator.cc:66] 30277632, 17
2025-06-29 06:19:55.742957: E external/local_xla/xla/stream_executor/gpu/gpu_cudamallocasync_allocator.cc:66] 60555264, 9
2025-06-29 06:19:55.743454: E external/local_xla/xla/stream_executor/gpu/gpu_cudamallocasync_allocator.cc:66] 121110528, 14
2025-06-29 06:19:55.743924: E external/local_xla/xla/stream_executor/gpu/gpu_cudamallocasync_allocator.cc:66] 242221056, 5
2025-06-29 06:19:55.744427: E external/local_xla/xla/stream_executor/gpu/gpu_cudamallocasync_allocator.cc:66] 484442112, 9
2025-06-29 06:19:55.744855: E external/local_xla/xla/stream_executor/gpu/gpu_cudamallocasync_allocator.cc:66] 968884224, 2
2025-06-29 06:19:55.745297: E external/local_xla/xla/stream_executor/gpu/gpu_cudamallocasync_allocator.cc:66] 1937768448, 7
2025-06-29 06:19:55.745792: E external/local_xla/xla/stream_executor/gpu/gpu_cudamallocasync_allocator.cc:97] CU_MEMPOOL_ATTR_RESERVED_MEM_CURRENT: 24830279680
2025-06-29 06:19:55.746251: E external/local_xla/xla/stream_executor/gpu/gpu_cudamallocasync_allocator.cc:99] CU_MEMPOOL_ATTR_USED_MEM_CURRENT: 24190229210
2025-06-29 06:19:55.746621: E external/local_xla/xla/stream_executor/gpu/gpu_cudamallocasync_allocator.cc:100] CU_MEMPOOL_ATTR_RESERVED_MEM_HIGH: 25132269568
2025-06-29 06:19:55.746966: E external/local_xla/xla/stream_executor/gpu/gpu_cudamallocasync_allocator.cc:101] CU_MEMPOOL_ATTR_USED_MEM_HIGH: 24643317634
2025-06-29 06:19:55.747842: E external/local_xla/xla/stream_executor/gpu/gpu_cudamallocasync_allocator.cc:306] gpu_async_0 cuMemAllocAsync failed to allocate 986546192 bytes: CUDA error: out of memory (CUDA_ERROR_OUT_OF_MEMORY)
 Reported by CUDA: Free memory/Total memory: 330956800/25393496064
2025-06-29 06:19:55.748264: E external/local_xla/xla/stream_executor/gpu/gpu_cudamallocasync_allocator.cc:311] Stats: Limit:                     23575789568
InUse:                     24190229210
MaxInUse:                  24643317634
NumAllocs:                        3667
MaxAllocSize:               6799661232
Reserved:                            0
PeakReserved:                        0
LargestFreeBlock:                    0

2025-06-29 06:19:55.748799: E external/local_xla/xla/stream_executor/gpu/gpu_cudamallocasync_allocator.cc:63] Histogram of current allocation: (allocation_size_in_bytes, nb_allocation_of_that_sizes), ...;
2025-06-29 06:19:55.749278: E external/local_xla/xla/stream_executor/gpu/gpu_cudamallocasync_allocator.cc:66] 1, 18
2025-06-29 06:19:55.749770: E external/local_xla/xla/stream_executor/gpu/gpu_cudamallocasync_allocator.cc:66] 4, 113
2025-06-29 06:19:55.750215: E external/local_xla/xla/stream_executor/gpu/gpu_cudamallocasync_allocator.cc:66] 8, 11
2025-06-29 06:19:55.750645: E external/local_xla/xla/stream_executor/gpu/gpu_cudamallocasync_allocator.cc:66] 12, 3
2025-06-29 06:19:55.751160: E external/local_xla/xla/stream_executor/gpu/gpu_cudamallocasync_allocator.cc:66] 16, 7
2025-06-29 06:19:55.751641: E external/local_xla/xla/stream_executor/gpu/gpu_cudamallocasync_allocator.cc:66] 20, 1
2025-06-29 06:19:55.752083: E external/local_xla/xla/stream_executor/gpu/gpu_cudamallocasync_allocator.cc:66] 32, 7
2025-06-29 06:19:55.752545: E external/local_xla/xla/stream_executor/gpu/gpu_cudamallocasync_allocator.cc:66] 64, 17
2025-06-29 06:19:55.753025: E external/local_xla/xla/stream_executor/gpu/gpu_cudamallocasync_allocator.cc:66] 96, 3
2025-06-29 06:19:55.753480: E external/local_xla/xla/stream_executor/gpu/gpu_cudamallocasync_allocator.cc:66] 128, 103
2025-06-29 06:19:55.753996: E external/local_xla/xla/stream_executor/gpu/gpu_cudamallocasync_allocator.cc:66] 192, 1
2025-06-29 06:19:55.754522: E external/local_xla/xla/stream_executor/gpu/gpu_cudamallocasync_allocator.cc:66] 256, 108
2025-06-29 06:19:55.755027: E external/local_xla/xla/stream_executor/gpu/gpu_cudamallocasync_allocator.cc:66] 512, 102
2025-06-29 06:19:55.755619: E external/local_xla/xla/stream_executor/gpu/gpu_cudamallocasync_allocator.cc:66] 1024, 107
2025-06-29 06:19:55.756148: E external/local_xla/xla/stream_executor/gpu/gpu_cudamallocasync_allocator.cc:66] 1028, 1
2025-06-29 06:19:55.756641: E external/local_xla/xla/stream_executor/gpu/gpu_cudamallocasync_allocator.cc:66] 1536, 44
2025-06-29 06:19:55.757181: E external/local_xla/xla/stream_executor/gpu/gpu_cudamallocasync_allocator.cc:66] 2048, 10
2025-06-29 06:19:55.757692: E external/local_xla/xla/stream_executor/gpu/gpu_cudamallocasync_allocator.cc:66] 3072, 2
2025-06-29 06:19:55.758259: E external/local_xla/xla/stream_executor/gpu/gpu_cudamallocasync_allocator.cc:66] 3456, 3
2025-06-29 06:19:55.758770: E external/local_xla/xla/stream_executor/gpu/gpu_cudamallocasync_allocator.cc:66] 4096, 12
2025-06-29 06:19:55.759209: E external/local_xla/xla/stream_executor/gpu/gpu_cudamallocasync_allocator.cc:66] 8192, 14
2025-06-29 06:19:55.759674: E external/local_xla/xla/stream_executor/gpu/gpu_cudamallocasync_allocator.cc:66] 16384, 12
2025-06-29 06:19:55.760235: E external/local_xla/xla/stream_executor/gpu/gpu_cudamallocasync_allocator.cc:66] 32768, 14
2025-06-29 06:19:55.760743: E external/local_xla/xla/stream_executor/gpu/gpu_cudamallocasync_allocator.cc:66] 36864, 6
2025-06-29 06:19:55.761244: E external/local_xla/xla/stream_executor/gpu/gpu_cudamallocasync_allocator.cc:66] 59136, 1
2025-06-29 06:19:55.761689: E external/local_xla/xla/stream_executor/gpu/gpu_cudamallocasync_allocator.cc:66] 65536, 3
2025-06-29 06:19:55.762204: E external/local_xla/xla/stream_executor/gpu/gpu_cudamallocasync_allocator.cc:66] 110592, 6
2025-06-29 06:19:55.762681: E external/local_xla/xla/stream_executor/gpu/gpu_cudamallocasync_allocator.cc:66] 118272, 1
2025-06-29 06:19:55.763139: E external/local_xla/xla/stream_executor/gpu/gpu_cudamallocasync_allocator.cc:66] 131072, 14
2025-06-29 06:19:55.763611: E external/local_xla/xla/stream_executor/gpu/gpu_cudamallocasync_allocator.cc:66] 221184, 6
2025-06-29 06:19:55.764154: E external/local_xla/xla/stream_executor/gpu/gpu_cudamallocasync_allocator.cc:66] 262144, 3
2025-06-29 06:19:55.764656: E external/local_xla/xla/stream_executor/gpu/gpu_cudamallocasync_allocator.cc:66] 393216, 4
2025-06-29 06:19:55.765169: E external/local_xla/xla/stream_executor/gpu/gpu_cudamallocasync_allocator.cc:66] 442368, 6
2025-06-29 06:19:55.765659: E external/local_xla/xla/stream_executor/gpu/gpu_cudamallocasync_allocator.cc:66] 473088, 1
2025-06-29 06:19:55.766111: E external/local_xla/xla/stream_executor/gpu/gpu_cudamallocasync_allocator.cc:66] 524288, 4
2025-06-29 06:19:55.766628: E external/local_xla/xla/stream_executor/gpu/gpu_cudamallocasync_allocator.cc:66] 884736, 7
2025-06-29 06:19:55.767109: E external/local_xla/xla/stream_executor/gpu/gpu_cudamallocasync_allocator.cc:66] 946176, 1
2025-06-29 06:19:55.767566: E external/local_xla/xla/stream_executor/gpu/gpu_cudamallocasync_allocator.cc:66] 1048576, 3
2025-06-29 06:19:55.768019: E external/local_xla/xla/stream_executor/gpu/gpu_cudamallocasync_allocator.cc:66] 1769472, 6
2025-06-29 06:19:55.768517: E external/local_xla/xla/stream_executor/gpu/gpu_cudamallocasync_allocator.cc:66] 3145728, 3
2025-06-29 06:19:55.769007: E external/local_xla/xla/stream_executor/gpu/gpu_cudamallocasync_allocator.cc:66] 3538944, 6
2025-06-29 06:19:55.769498: E external/local_xla/xla/stream_executor/gpu/gpu_cudamallocasync_allocator.cc:66] 3784704, 4
2025-06-29 06:19:55.769939: E external/local_xla/xla/stream_executor/gpu/gpu_cudamallocasync_allocator.cc:66] 5677056, 6
2025-06-29 06:19:55.770429: E external/local_xla/xla/stream_executor/gpu/gpu_cudamallocasync_allocator.cc:66] 7077888, 6
2025-06-29 06:19:55.770925: E external/local_xla/xla/stream_executor/gpu/gpu_cudamallocasync_allocator.cc:66] 7569408, 1
2025-06-29 06:19:55.771380: E external/local_xla/xla/stream_executor/gpu/gpu_cudamallocasync_allocator.cc:66] 10616832, 3
2025-06-29 06:19:55.771976: E external/local_xla/xla/stream_executor/gpu/gpu_cudamallocasync_allocator.cc:66] 14155776, 3
2025-06-29 06:19:55.772599: E external/local_xla/xla/stream_executor/gpu/gpu_cudamallocasync_allocator.cc:66] 15138816, 5
2025-06-29 06:19:55.773155: E external/local_xla/xla/stream_executor/gpu/gpu_cudamallocasync_allocator.cc:66] 15925248, 3
2025-06-29 06:19:55.773619: E external/local_xla/xla/stream_executor/gpu/gpu_cudamallocasync_allocator.cc:66] 30277632, 17
2025-06-29 06:19:55.774120: E external/local_xla/xla/stream_executor/gpu/gpu_cudamallocasync_allocator.cc:66] 60555264, 9
2025-06-29 06:19:55.774569: E external/local_xla/xla/stream_executor/gpu/gpu_cudamallocasync_allocator.cc:66] 121110528, 14
2025-06-29 06:19:55.775086: E external/local_xla/xla/stream_executor/gpu/gpu_cudamallocasync_allocator.cc:66] 242221056, 5
2025-06-29 06:19:55.775597: E external/local_xla/xla/stream_executor/gpu/gpu_cudamallocasync_allocator.cc:66] 484442112, 9
2025-06-29 06:19:55.776176: E external/local_xla/xla/stream_executor/gpu/gpu_cudamallocasync_allocator.cc:66] 968884224, 2
2025-06-29 06:19:55.776655: E external/local_xla/xla/stream_executor/gpu/gpu_cudamallocasync_allocator.cc:66] 1937768448, 7
2025-06-29 06:19:55.777139: E external/local_xla/xla/stream_executor/gpu/gpu_cudamallocasync_allocator.cc:97] CU_MEMPOOL_ATTR_RESERVED_MEM_CURRENT: 24830279680
2025-06-29 06:19:55.777587: E external/local_xla/xla/stream_executor/gpu/gpu_cudamallocasync_allocator.cc:99] CU_MEMPOOL_ATTR_USED_MEM_CURRENT: 24190229210
2025-06-29 06:19:55.777964: E external/local_xla/xla/stream_executor/gpu/gpu_cudamallocasync_allocator.cc:100] CU_MEMPOOL_ATTR_RESERVED_MEM_HIGH: 25132269568
2025-06-29 06:19:55.778353: E external/local_xla/xla/stream_executor/gpu/gpu_cudamallocasync_allocator.cc:101] CU_MEMPOOL_ATTR_USED_MEM_HIGH: 24643317634
2025-06-29 06:19:55.779566: E external/local_xla/xla/stream_executor/gpu/gpu_cudamallocasync_allocator.cc:306] gpu_async_0 cuMemAllocAsync failed to allocate 2440109232 bytes: CUDA error: out of memory (CUDA_ERROR_OUT_OF_MEMORY)
 Reported by CUDA: Free memory/Total memory: 330956800/25393496064
2025-06-29 06:19:55.780046: E external/local_xla/xla/stream_executor/gpu/gpu_cudamallocasync_allocator.cc:311] Stats: Limit:                     23575789568
InUse:                     24190229210
MaxInUse:                  24643317634
NumAllocs:                        3667
MaxAllocSize:               6799661232
Reserved:                            0
PeakReserved:                        0
LargestFreeBlock:                    0

2025-06-29 06:19:55.780578: E external/local_xla/xla/stream_executor/gpu/gpu_cudamallocasync_allocator.cc:63] Histogram of current allocation: (allocation_size_in_bytes, nb_allocation_of_that_sizes), ...;
2025-06-29 06:19:55.780961: E external/local_xla/xla/stream_executor/gpu/gpu_cudamallocasync_allocator.cc:66] 1, 18
2025-06-29 06:19:55.781401: E external/local_xla/xla/stream_executor/gpu/gpu_cudamallocasync_allocator.cc:66] 4, 113
2025-06-29 06:19:55.781900: E external/local_xla/xla/stream_executor/gpu/gpu_cudamallocasync_allocator.cc:66] 8, 11
2025-06-29 06:19:55.782392: E external/local_xla/xla/stream_executor/gpu/gpu_cudamallocasync_allocator.cc:66] 12, 3
2025-06-29 06:19:55.782869: E external/local_xla/xla/stream_executor/gpu/gpu_cudamallocasync_allocator.cc:66] 16, 7
2025-06-29 06:19:55.783305: E external/local_xla/xla/stream_executor/gpu/gpu_cudamallocasync_allocator.cc:66] 20, 1
2025-06-29 06:19:55.783738: E external/local_xla/xla/stream_executor/gpu/gpu_cudamallocasync_allocator.cc:66] 32, 7
2025-06-29 06:19:55.784224: E external/local_xla/xla/stream_executor/gpu/gpu_cudamallocasync_allocator.cc:66] 64, 17
2025-06-29 06:19:55.784729: E external/local_xla/xla/stream_executor/gpu/gpu_cudamallocasync_allocator.cc:66] 96, 3
2025-06-29 06:19:55.785195: E external/local_xla/xla/stream_executor/gpu/gpu_cudamallocasync_allocator.cc:66] 128, 103
2025-06-29 06:19:55.785614: E external/local_xla/xla/stream_executor/gpu/gpu_cudamallocasync_allocator.cc:66] 192, 1
2025-06-29 06:19:55.786056: E external/local_xla/xla/stream_executor/gpu/gpu_cudamallocasync_allocator.cc:66] 256, 108
2025-06-29 06:19:55.786574: E external/local_xla/xla/stream_executor/gpu/gpu_cudamallocasync_allocator.cc:66] 512, 102
2025-06-29 06:19:55.787151: E external/local_xla/xla/stream_executor/gpu/gpu_cudamallocasync_allocator.cc:66] 1024, 107
2025-06-29 06:19:55.787671: E external/local_xla/xla/stream_executor/gpu/gpu_cudamallocasync_allocator.cc:66] 1028, 1
2025-06-29 06:19:55.788183: E external/local_xla/xla/stream_executor/gpu/gpu_cudamallocasync_allocator.cc:66] 1536, 44
2025-06-29 06:19:55.788610: E external/local_xla/xla/stream_executor/gpu/gpu_cudamallocasync_allocator.cc:66] 2048, 10
2025-06-29 06:19:55.789137: E external/local_xla/xla/stream_executor/gpu/gpu_cudamallocasync_allocator.cc:66] 3072, 2
2025-06-29 06:19:55.789650: E external/local_xla/xla/stream_executor/gpu/gpu_cudamallocasync_allocator.cc:66] 3456, 3
2025-06-29 06:19:55.790135: E external/local_xla/xla/stream_executor/gpu/gpu_cudamallocasync_allocator.cc:66] 4096, 12
2025-06-29 06:19:55.790625: E external/local_xla/xla/stream_executor/gpu/gpu_cudamallocasync_allocator.cc:66] 8192, 14
2025-06-29 06:19:55.791123: E external/local_xla/xla/stream_executor/gpu/gpu_cudamallocasync_allocator.cc:66] 16384, 12
2025-06-29 06:19:55.791685: E external/local_xla/xla/stream_executor/gpu/gpu_cudamallocasync_allocator.cc:66] 32768, 14
2025-06-29 06:19:55.792167: E external/local_xla/xla/stream_executor/gpu/gpu_cudamallocasync_allocator.cc:66] 36864, 6
2025-06-29 06:19:55.792604: E external/local_xla/xla/stream_executor/gpu/gpu_cudamallocasync_allocator.cc:66] 59136, 1
2025-06-29 06:19:55.793088: E external/local_xla/xla/stream_executor/gpu/gpu_cudamallocasync_allocator.cc:66] 65536, 3
2025-06-29 06:19:55.793659: E external/local_xla/xla/stream_executor/gpu/gpu_cudamallocasync_allocator.cc:66] 110592, 6
2025-06-29 06:19:55.794177: E external/local_xla/xla/stream_executor/gpu/gpu_cudamallocasync_allocator.cc:66] 118272, 1
2025-06-29 06:19:55.794626: E external/local_xla/xla/stream_executor/gpu/gpu_cudamallocasync_allocator.cc:66] 131072, 14
2025-06-29 06:19:55.795142: E external/local_xla/xla/stream_executor/gpu/gpu_cudamallocasync_allocator.cc:66] 221184, 6
2025-06-29 06:19:55.795683: E external/local_xla/xla/stream_executor/gpu/gpu_cudamallocasync_allocator.cc:66] 262144, 3
2025-06-29 06:19:55.796190: E external/local_xla/xla/stream_executor/gpu/gpu_cudamallocasync_allocator.cc:66] 393216, 4
2025-06-29 06:19:55.796699: E external/local_xla/xla/stream_executor/gpu/gpu_cudamallocasync_allocator.cc:66] 442368, 6
2025-06-29 06:19:55.797169: E external/local_xla/xla/stream_executor/gpu/gpu_cudamallocasync_allocator.cc:66] 473088, 1
2025-06-29 06:19:55.797693: E external/local_xla/xla/stream_executor/gpu/gpu_cudamallocasync_allocator.cc:66] 524288, 4
2025-06-29 06:19:55.798167: E external/local_xla/xla/stream_executor/gpu/gpu_cudamallocasync_allocator.cc:66] 884736, 7
2025-06-29 06:19:55.798599: E external/local_xla/xla/stream_executor/gpu/gpu_cudamallocasync_allocator.cc:66] 946176, 1
2025-06-29 06:19:55.799049: E external/local_xla/xla/stream_executor/gpu/gpu_cudamallocasync_allocator.cc:66] 1048576, 3
2025-06-29 06:19:55.799616: E external/local_xla/xla/stream_executor/gpu/gpu_cudamallocasync_allocator.cc:66] 1769472, 6
2025-06-29 06:19:55.800151: E external/local_xla/xla/stream_executor/gpu/gpu_cudamallocasync_allocator.cc:66] 3145728, 3
2025-06-29 06:19:55.800649: E external/local_xla/xla/stream_executor/gpu/gpu_cudamallocasync_allocator.cc:66] 3538944, 6
2025-06-29 06:19:55.801098: E external/local_xla/xla/stream_executor/gpu/gpu_cudamallocasync_allocator.cc:66] 3784704, 4
2025-06-29 06:19:55.801607: E external/local_xla/xla/stream_executor/gpu/gpu_cudamallocasync_allocator.cc:66] 5677056, 6
2025-06-29 06:19:55.802105: E external/local_xla/xla/stream_executor/gpu/gpu_cudamallocasync_allocator.cc:66] 7077888, 6
2025-06-29 06:19:55.802625: E external/local_xla/xla/stream_executor/gpu/gpu_cudamallocasync_allocator.cc:66] 7569408, 1
2025-06-29 06:19:55.803124: E external/local_xla/xla/stream_executor/gpu/gpu_cudamallocasync_allocator.cc:66] 10616832, 3
2025-06-29 06:19:55.803568: E external/local_xla/xla/stream_executor/gpu/gpu_cudamallocasync_allocator.cc:66] 14155776, 3
2025-06-29 06:19:55.804082: E external/local_xla/xla/stream_executor/gpu/gpu_cudamallocasync_allocator.cc:66] 15138816, 5
2025-06-29 06:19:55.804592: E external/local_xla/xla/stream_executor/gpu/gpu_cudamallocasync_allocator.cc:66] 15925248, 3
2025-06-29 06:19:55.805114: E external/local_xla/xla/stream_executor/gpu/gpu_cudamallocasync_allocator.cc:66] 30277632, 17
2025-06-29 06:19:55.805589: E external/local_xla/xla/stream_executor/gpu/gpu_cudamallocasync_allocator.cc:66] 60555264, 9
2025-06-29 06:19:55.806095: E external/local_xla/xla/stream_executor/gpu/gpu_cudamallocasync_allocator.cc:66] 121110528, 14
2025-06-29 06:19:55.806535: E external/local_xla/xla/stream_executor/gpu/gpu_cudamallocasync_allocator.cc:66] 242221056, 5
2025-06-29 06:19:55.807010: E external/local_xla/xla/stream_executor/gpu/gpu_cudamallocasync_allocator.cc:66] 484442112, 9
2025-06-29 06:19:55.807535: E external/local_xla/xla/stream_executor/gpu/gpu_cudamallocasync_allocator.cc:66] 968884224, 2
2025-06-29 06:19:55.808049: E external/local_xla/xla/stream_executor/gpu/gpu_cudamallocasync_allocator.cc:66] 1937768448, 7
2025-06-29 06:19:55.808504: E external/local_xla/xla/stream_executor/gpu/gpu_cudamallocasync_allocator.cc:97] CU_MEMPOOL_ATTR_RESERVED_MEM_CURRENT: 24830279680
2025-06-29 06:19:55.808881: E external/local_xla/xla/stream_executor/gpu/gpu_cudamallocasync_allocator.cc:99] CU_MEMPOOL_ATTR_USED_MEM_CURRENT: 24190229210
2025-06-29 06:19:55.809244: E external/local_xla/xla/stream_executor/gpu/gpu_cudamallocasync_allocator.cc:100] CU_MEMPOOL_ATTR_RESERVED_MEM_HIGH: 25132269568
2025-06-29 06:19:55.809634: E external/local_xla/xla/stream_executor/gpu/gpu_cudamallocasync_allocator.cc:101] CU_MEMPOOL_ATTR_USED_MEM_HIGH: 24643317634
2025-06-29 06:19:55.810518: E external/local_xla/xla/stream_executor/gpu/gpu_cudamallocasync_allocator.cc:306] gpu_async_0 cuMemAllocAsync failed to allocate 1470988304 bytes: CUDA error: out of memory (CUDA_ERROR_OUT_OF_MEMORY)
 Reported by CUDA: Free memory/Total memory: 330956800/25393496064
2025-06-29 06:19:55.810947: E external/local_xla/xla/stream_executor/gpu/gpu_cudamallocasync_allocator.cc:311] Stats: Limit:                     23575789568
InUse:                     24190229210
MaxInUse:                  24643317634
NumAllocs:                        3667
MaxAllocSize:               6799661232
Reserved:                            0
PeakReserved:                        0
LargestFreeBlock:                    0

2025-06-29 06:19:55.811445: E external/local_xla/xla/stream_executor/gpu/gpu_cudamallocasync_allocator.cc:63] Histogram of current allocation: (allocation_size_in_bytes, nb_allocation_of_that_sizes), ...;
2025-06-29 06:19:55.811911: E external/local_xla/xla/stream_executor/gpu/gpu_cudamallocasync_allocator.cc:66] 1, 18
2025-06-29 06:19:55.812400: E external/local_xla/xla/stream_executor/gpu/gpu_cudamallocasync_allocator.cc:66] 4, 113
2025-06-29 06:19:55.812878: E external/local_xla/xla/stream_executor/gpu/gpu_cudamallocasync_allocator.cc:66] 8, 11
2025-06-29 06:19:55.813438: E external/local_xla/xla/stream_executor/gpu/gpu_cudamallocasync_allocator.cc:66] 12, 3
2025-06-29 06:19:55.813931: E external/local_xla/xla/stream_executor/gpu/gpu_cudamallocasync_allocator.cc:66] 16, 7
2025-06-29 06:19:55.814390: E external/local_xla/xla/stream_executor/gpu/gpu_cudamallocasync_allocator.cc:66] 20, 1
2025-06-29 06:19:55.814850: E external/local_xla/xla/stream_executor/gpu/gpu_cudamallocasync_allocator.cc:66] 32, 7
2025-06-29 06:19:55.815314: E external/local_xla/xla/stream_executor/gpu/gpu_cudamallocasync_allocator.cc:66] 64, 17
2025-06-29 06:19:55.815860: E external/local_xla/xla/stream_executor/gpu/gpu_cudamallocasync_allocator.cc:66] 96, 3
2025-06-29 06:19:55.816342: E external/local_xla/xla/stream_executor/gpu/gpu_cudamallocasync_allocator.cc:66] 128, 103
2025-06-29 06:19:55.816758: E external/local_xla/xla/stream_executor/gpu/gpu_cudamallocasync_allocator.cc:66] 192, 1
2025-06-29 06:19:55.817170: E external/local_xla/xla/stream_executor/gpu/gpu_cudamallocasync_allocator.cc:66] 256, 108
2025-06-29 06:19:55.817685: E external/local_xla/xla/stream_executor/gpu/gpu_cudamallocasync_allocator.cc:66] 512, 102
2025-06-29 06:19:55.818221: E external/local_xla/xla/stream_executor/gpu/gpu_cudamallocasync_allocator.cc:66] 1024, 107
2025-06-29 06:19:55.818775: E external/local_xla/xla/stream_executor/gpu/gpu_cudamallocasync_allocator.cc:66] 1028, 1
2025-06-29 06:19:55.819322: E external/local_xla/xla/stream_executor/gpu/gpu_cudamallocasync_allocator.cc:66] 1536, 44
2025-06-29 06:19:55.819865: E external/local_xla/xla/stream_executor/gpu/gpu_cudamallocasync_allocator.cc:66] 2048, 10
2025-06-29 06:19:55.820348: E external/local_xla/xla/stream_executor/gpu/gpu_cudamallocasync_allocator.cc:66] 3072, 2
2025-06-29 06:19:55.820826: E external/local_xla/xla/stream_executor/gpu/gpu_cudamallocasync_allocator.cc:66] 3456, 3
2025-06-29 06:19:55.821337: E external/local_xla/xla/stream_executor/gpu/gpu_cudamallocasync_allocator.cc:66] 4096, 12
2025-06-29 06:19:55.821749: E external/local_xla/xla/stream_executor/gpu/gpu_cudamallocasync_allocator.cc:66] 8192, 14
2025-06-29 06:19:55.822232: E external/local_xla/xla/stream_executor/gpu/gpu_cudamallocasync_allocator.cc:66] 16384, 12
2025-06-29 06:19:55.822744: E external/local_xla/xla/stream_executor/gpu/gpu_cudamallocasync_allocator.cc:66] 32768, 14
2025-06-29 06:19:55.823242: E external/local_xla/xla/stream_executor/gpu/gpu_cudamallocasync_allocator.cc:66] 36864, 6
2025-06-29 06:19:55.823728: E external/local_xla/xla/stream_executor/gpu/gpu_cudamallocasync_allocator.cc:66] 59136, 1
2025-06-29 06:19:55.824235: E external/local_xla/xla/stream_executor/gpu/gpu_cudamallocasync_allocator.cc:66] 65536, 3
2025-06-29 06:19:55.824690: E external/local_xla/xla/stream_executor/gpu/gpu_cudamallocasync_allocator.cc:66] 110592, 6
2025-06-29 06:19:55.825189: E external/local_xla/xla/stream_executor/gpu/gpu_cudamallocasync_allocator.cc:66] 118272, 1
2025-06-29 06:19:55.825663: E external/local_xla/xla/stream_executor/gpu/gpu_cudamallocasync_allocator.cc:66] 131072, 14
2025-06-29 06:19:55.826195: E external/local_xla/xla/stream_executor/gpu/gpu_cudamallocasync_allocator.cc:66] 221184, 6
2025-06-29 06:19:55.826628: E external/local_xla/xla/stream_executor/gpu/gpu_cudamallocasync_allocator.cc:66] 262144, 3
2025-06-29 06:19:55.827083: E external/local_xla/xla/stream_executor/gpu/gpu_cudamallocasync_allocator.cc:66] 393216, 4
2025-06-29 06:19:55.827582: E external/local_xla/xla/stream_executor/gpu/gpu_cudamallocasync_allocator.cc:66] 442368, 6
2025-06-29 06:19:55.828074: E external/local_xla/xla/stream_executor/gpu/gpu_cudamallocasync_allocator.cc:66] 473088, 1
2025-06-29 06:19:55.828515: E external/local_xla/xla/stream_executor/gpu/gpu_cudamallocasync_allocator.cc:66] 524288, 4
2025-06-29 06:19:55.828987: E external/local_xla/xla/stream_executor/gpu/gpu_cudamallocasync_allocator.cc:66] 884736, 7
2025-06-29 06:19:55.829515: E external/local_xla/xla/stream_executor/gpu/gpu_cudamallocasync_allocator.cc:66] 946176, 1
2025-06-29 06:19:55.830020: E external/local_xla/xla/stream_executor/gpu/gpu_cudamallocasync_allocator.cc:66] 1048576, 3
2025-06-29 06:19:55.830519: E external/local_xla/xla/stream_executor/gpu/gpu_cudamallocasync_allocator.cc:66] 1769472, 6
2025-06-29 06:19:55.830988: E external/local_xla/xla/stream_executor/gpu/gpu_cudamallocasync_allocator.cc:66] 3145728, 3
2025-06-29 06:19:55.831446: E external/local_xla/xla/stream_executor/gpu/gpu_cudamallocasync_allocator.cc:66] 3538944, 6
2025-06-29 06:19:55.831909: E external/local_xla/xla/stream_executor/gpu/gpu_cudamallocasync_allocator.cc:66] 3784704, 4
2025-06-29 06:19:55.832432: E external/local_xla/xla/stream_executor/gpu/gpu_cudamallocasync_allocator.cc:66] 5677056, 6
2025-06-29 06:19:55.832934: E external/local_xla/xla/stream_executor/gpu/gpu_cudamallocasync_allocator.cc:66] 7077888, 6
2025-06-29 06:19:55.833430: E external/local_xla/xla/stream_executor/gpu/gpu_cudamallocasync_allocator.cc:66] 7569408, 1
2025-06-29 06:19:55.833866: E external/local_xla/xla/stream_executor/gpu/gpu_cudamallocasync_allocator.cc:66] 10616832, 3
2025-06-29 06:19:55.834359: E external/local_xla/xla/stream_executor/gpu/gpu_cudamallocasync_allocator.cc:66] 14155776, 3
2025-06-29 06:19:55.834875: E external/local_xla/xla/stream_executor/gpu/gpu_cudamallocasync_allocator.cc:66] 15138816, 5
2025-06-29 06:19:55.835335: E external/local_xla/xla/stream_executor/gpu/gpu_cudamallocasync_allocator.cc:66] 15925248, 3
2025-06-29 06:19:55.835781: E external/local_xla/xla/stream_executor/gpu/gpu_cudamallocasync_allocator.cc:66] 30277632, 17
2025-06-29 06:19:55.836345: E external/local_xla/xla/stream_executor/gpu/gpu_cudamallocasync_allocator.cc:66] 60555264, 9
2025-06-29 06:19:55.836866: E external/local_xla/xla/stream_executor/gpu/gpu_cudamallocasync_allocator.cc:66] 121110528, 14
2025-06-29 06:19:55.837352: E external/local_xla/xla/stream_executor/gpu/gpu_cudamallocasync_allocator.cc:66] 242221056, 5
2025-06-29 06:19:55.837779: E external/local_xla/xla/stream_executor/gpu/gpu_cudamallocasync_allocator.cc:66] 484442112, 9
2025-06-29 06:19:55.838206: E external/local_xla/xla/stream_executor/gpu/gpu_cudamallocasync_allocator.cc:66] 968884224, 2
2025-06-29 06:19:55.838658: E external/local_xla/xla/stream_executor/gpu/gpu_cudamallocasync_allocator.cc:66] 1937768448, 7
2025-06-29 06:19:55.839165: E external/local_xla/xla/stream_executor/gpu/gpu_cudamallocasync_allocator.cc:97] CU_MEMPOOL_ATTR_RESERVED_MEM_CURRENT: 24830279680
2025-06-29 06:19:55.839503: E external/local_xla/xla/stream_executor/gpu/gpu_cudamallocasync_allocator.cc:99] CU_MEMPOOL_ATTR_USED_MEM_CURRENT: 24190229210
2025-06-29 06:19:55.839881: E external/local_xla/xla/stream_executor/gpu/gpu_cudamallocasync_allocator.cc:100] CU_MEMPOOL_ATTR_RESERVED_MEM_HIGH: 25132269568
2025-06-29 06:19:55.840249: E external/local_xla/xla/stream_executor/gpu/gpu_cudamallocasync_allocator.cc:101] CU_MEMPOOL_ATTR_USED_MEM_HIGH: 24643317634
2025-06-29 06:19:55.841081: E external/local_xla/xla/stream_executor/gpu/gpu_cudamallocasync_allocator.cc:306] gpu_async_0 cuMemAllocAsync failed to allocate 1470988304 bytes: CUDA error: out of memory (CUDA_ERROR_OUT_OF_MEMORY)
 Reported by CUDA: Free memory/Total memory: 330956800/25393496064
2025-06-29 06:19:55.841461: E external/local_xla/xla/stream_executor/gpu/gpu_cudamallocasync_allocator.cc:311] Stats: Limit:                     23575789568
InUse:                     24190229210
MaxInUse:                  24643317634
NumAllocs:                        3667
MaxAllocSize:               6799661232
Reserved:                            0
PeakReserved:                        0
LargestFreeBlock:                    0

2025-06-29 06:19:55.841836: E external/local_xla/xla/stream_executor/gpu/gpu_cudamallocasync_allocator.cc:63] Histogram of current allocation: (allocation_size_in_bytes, nb_allocation_of_that_sizes), ...;
2025-06-29 06:19:55.842164: E external/local_xla/xla/stream_executor/gpu/gpu_cudamallocasync_allocator.cc:66] 1, 18
2025-06-29 06:19:55.842613: E external/local_xla/xla/stream_executor/gpu/gpu_cudamallocasync_allocator.cc:66] 4, 113
2025-06-29 06:19:55.843076: E external/local_xla/xla/stream_executor/gpu/gpu_cudamallocasync_allocator.cc:66] 8, 11
2025-06-29 06:19:55.843614: E external/local_xla/xla/stream_executor/gpu/gpu_cudamallocasync_allocator.cc:66] 12, 3
2025-06-29 06:19:55.844122: E external/local_xla/xla/stream_executor/gpu/gpu_cudamallocasync_allocator.cc:66] 16, 7
2025-06-29 06:19:55.844602: E external/local_xla/xla/stream_executor/gpu/gpu_cudamallocasync_allocator.cc:66] 20, 1
2025-06-29 06:19:55.845111: E external/local_xla/xla/stream_executor/gpu/gpu_cudamallocasync_allocator.cc:66] 32, 7
2025-06-29 06:19:55.845644: E external/local_xla/xla/stream_executor/gpu/gpu_cudamallocasync_allocator.cc:66] 64, 17
2025-06-29 06:19:55.846106: E external/local_xla/xla/stream_executor/gpu/gpu_cudamallocasync_allocator.cc:66] 96, 3
2025-06-29 06:19:55.846606: E external/local_xla/xla/stream_executor/gpu/gpu_cudamallocasync_allocator.cc:66] 128, 103
2025-06-29 06:19:55.847025: E external/local_xla/xla/stream_executor/gpu/gpu_cudamallocasync_allocator.cc:66] 192, 1
2025-06-29 06:19:55.847450: E external/local_xla/xla/stream_executor/gpu/gpu_cudamallocasync_allocator.cc:66] 256, 108
2025-06-29 06:19:55.847868: E external/local_xla/xla/stream_executor/gpu/gpu_cudamallocasync_allocator.cc:66] 512, 102
2025-06-29 06:19:55.848309: E external/local_xla/xla/stream_executor/gpu/gpu_cudamallocasync_allocator.cc:66] 1024, 107
2025-06-29 06:19:55.848769: E external/local_xla/xla/stream_executor/gpu/gpu_cudamallocasync_allocator.cc:66] 1028, 1
2025-06-29 06:19:55.849249: E external/local_xla/xla/stream_executor/gpu/gpu_cudamallocasync_allocator.cc:66] 1536, 44
2025-06-29 06:19:55.849808: E external/local_xla/xla/stream_executor/gpu/gpu_cudamallocasync_allocator.cc:66] 2048, 10
2025-06-29 06:19:55.850313: E external/local_xla/xla/stream_executor/gpu/gpu_cudamallocasync_allocator.cc:66] 3072, 2
2025-06-29 06:19:55.850747: E external/local_xla/xla/stream_executor/gpu/gpu_cudamallocasync_allocator.cc:66] 3456, 3
2025-06-29 06:19:55.851244: E external/local_xla/xla/stream_executor/gpu/gpu_cudamallocasync_allocator.cc:66] 4096, 12
2025-06-29 06:19:55.851813: E external/local_xla/xla/stream_executor/gpu/gpu_cudamallocasync_allocator.cc:66] 8192, 14
2025-06-29 06:19:55.852323: E external/local_xla/xla/stream_executor/gpu/gpu_cudamallocasync_allocator.cc:66] 16384, 12
2025-06-29 06:19:55.852782: E external/local_xla/xla/stream_executor/gpu/gpu_cudamallocasync_allocator.cc:66] 32768, 14
2025-06-29 06:19:55.853223: E external/local_xla/xla/stream_executor/gpu/gpu_cudamallocasync_allocator.cc:66] 36864, 6
2025-06-29 06:19:55.853778: E external/local_xla/xla/stream_executor/gpu/gpu_cudamallocasync_allocator.cc:66] 59136, 1
2025-06-29 06:19:55.854286: E external/local_xla/xla/stream_executor/gpu/gpu_cudamallocasync_allocator.cc:66] 65536, 3
2025-06-29 06:19:55.854764: E external/local_xla/xla/stream_executor/gpu/gpu_cudamallocasync_allocator.cc:66] 110592, 6
2025-06-29 06:19:55.855182: E external/local_xla/xla/stream_executor/gpu/gpu_cudamallocasync_allocator.cc:66] 118272, 1
2025-06-29 06:19:55.855630: E external/local_xla/xla/stream_executor/gpu/gpu_cudamallocasync_allocator.cc:66] 131072, 14
2025-06-29 06:19:55.856152: E external/local_xla/xla/stream_executor/gpu/gpu_cudamallocasync_allocator.cc:66] 221184, 6
2025-06-29 06:19:55.856706: E external/local_xla/xla/stream_executor/gpu/gpu_cudamallocasync_allocator.cc:66] 262144, 3
2025-06-29 06:19:55.857206: E external/local_xla/xla/stream_executor/gpu/gpu_cudamallocasync_allocator.cc:66] 393216, 4
2025-06-29 06:19:55.857647: E external/local_xla/xla/stream_executor/gpu/gpu_cudamallocasync_allocator.cc:66] 442368, 6
2025-06-29 06:19:55.858193: E external/local_xla/xla/stream_executor/gpu/gpu_cudamallocasync_allocator.cc:66] 473088, 1
2025-06-29 06:19:55.858688: E external/local_xla/xla/stream_executor/gpu/gpu_cudamallocasync_allocator.cc:66] 524288, 4
2025-06-29 06:19:55.859113: E external/local_xla/xla/stream_executor/gpu/gpu_cudamallocasync_allocator.cc:66] 884736, 7
2025-06-29 06:19:55.859582: E external/local_xla/xla/stream_executor/gpu/gpu_cudamallocasync_allocator.cc:66] 946176, 1
2025-06-29 06:19:55.860063: E external/local_xla/xla/stream_executor/gpu/gpu_cudamallocasync_allocator.cc:66] 1048576, 3
2025-06-29 06:19:55.860510: E external/local_xla/xla/stream_executor/gpu/gpu_cudamallocasync_allocator.cc:66] 1769472, 6
2025-06-29 06:19:55.860955: E external/local_xla/xla/stream_executor/gpu/gpu_cudamallocasync_allocator.cc:66] 3145728, 3
2025-06-29 06:19:55.861500: E external/local_xla/xla/stream_executor/gpu/gpu_cudamallocasync_allocator.cc:66] 3538944, 6
2025-06-29 06:19:55.862028: E external/local_xla/xla/stream_executor/gpu/gpu_cudamallocasync_allocator.cc:66] 3784704, 4
2025-06-29 06:19:55.862529: E external/local_xla/xla/stream_executor/gpu/gpu_cudamallocasync_allocator.cc:66] 5677056, 6
2025-06-29 06:19:55.862949: E external/local_xla/xla/stream_executor/gpu/gpu_cudamallocasync_allocator.cc:66] 7077888, 6
2025-06-29 06:19:55.863395: E external/local_xla/xla/stream_executor/gpu/gpu_cudamallocasync_allocator.cc:66] 7569408, 1
2025-06-29 06:19:55.863882: E external/local_xla/xla/stream_executor/gpu/gpu_cudamallocasync_allocator.cc:66] 10616832, 3
2025-06-29 06:19:55.864423: E external/local_xla/xla/stream_executor/gpu/gpu_cudamallocasync_allocator.cc:66] 14155776, 3
2025-06-29 06:19:55.864924: E external/local_xla/xla/stream_executor/gpu/gpu_cudamallocasync_allocator.cc:66] 15138816, 5
2025-06-29 06:19:55.865411: E external/local_xla/xla/stream_executor/gpu/gpu_cudamallocasync_allocator.cc:66] 15925248, 3
2025-06-29 06:19:55.865869: E external/local_xla/xla/stream_executor/gpu/gpu_cudamallocasync_allocator.cc:66] 30277632, 17
2025-06-29 06:19:55.866365: E external/local_xla/xla/stream_executor/gpu/gpu_cudamallocasync_allocator.cc:66] 60555264, 9
2025-06-29 06:19:55.866870: E external/local_xla/xla/stream_executor/gpu/gpu_cudamallocasync_allocator.cc:66] 121110528, 14
2025-06-29 06:19:55.867283: E external/local_xla/xla/stream_executor/gpu/gpu_cudamallocasync_allocator.cc:66] 242221056, 5
2025-06-29 06:19:55.867729: E external/local_xla/xla/stream_executor/gpu/gpu_cudamallocasync_allocator.cc:66] 484442112, 9
2025-06-29 06:19:55.868206: E external/local_xla/xla/stream_executor/gpu/gpu_cudamallocasync_allocator.cc:66] 968884224, 2
2025-06-29 06:19:55.868701: E external/local_xla/xla/stream_executor/gpu/gpu_cudamallocasync_allocator.cc:66] 1937768448, 7
2025-06-29 06:19:55.869236: E external/local_xla/xla/stream_executor/gpu/gpu_cudamallocasync_allocator.cc:97] CU_MEMPOOL_ATTR_RESERVED_MEM_CURRENT: 24830279680
2025-06-29 06:19:55.869637: E external/local_xla/xla/stream_executor/gpu/gpu_cudamallocasync_allocator.cc:99] CU_MEMPOOL_ATTR_USED_MEM_CURRENT: 24190229210
2025-06-29 06:19:55.870138: E external/local_xla/xla/stream_executor/gpu/gpu_cudamallocasync_allocator.cc:100] CU_MEMPOOL_ATTR_RESERVED_MEM_HIGH: 25132269568
2025-06-29 06:19:55.870599: E external/local_xla/xla/stream_executor/gpu/gpu_cudamallocasync_allocator.cc:101] CU_MEMPOOL_ATTR_USED_MEM_HIGH: 24643317634
2025-06-29 06:19:55.871490: E external/local_xla/xla/stream_executor/gpu/gpu_cudamallocasync_allocator.cc:306] gpu_async_0 cuMemAllocAsync failed to allocate 1470988304 bytes: CUDA error: out of memory (CUDA_ERROR_OUT_OF_MEMORY)
 Reported by CUDA: Free memory/Total memory: 330956800/25393496064
2025-06-29 06:19:55.871951: E external/local_xla/xla/stream_executor/gpu/gpu_cudamallocasync_allocator.cc:311] Stats: Limit:                     23575789568
InUse:                     24190229210
MaxInUse:                  24643317634
NumAllocs:                        3667
MaxAllocSize:               6799661232
Reserved:                            0
PeakReserved:                        0
LargestFreeBlock:                    0

2025-06-29 06:19:55.872434: E external/local_xla/xla/stream_executor/gpu/gpu_cudamallocasync_allocator.cc:63] Histogram of current allocation: (allocation_size_in_bytes, nb_allocation_of_that_sizes), ...;
2025-06-29 06:19:55.872840: E external/local_xla/xla/stream_executor/gpu/gpu_cudamallocasync_allocator.cc:66] 1, 18
2025-06-29 06:19:55.873278: E external/local_xla/xla/stream_executor/gpu/gpu_cudamallocasync_allocator.cc:66] 4, 113
2025-06-29 06:19:55.873784: E external/local_xla/xla/stream_executor/gpu/gpu_cudamallocasync_allocator.cc:66] 8, 11
2025-06-29 06:19:55.874318: E external/local_xla/xla/stream_executor/gpu/gpu_cudamallocasync_allocator.cc:66] 12, 3
2025-06-29 06:19:55.874837: E external/local_xla/xla/stream_executor/gpu/gpu_cudamallocasync_allocator.cc:66] 16, 7
2025-06-29 06:19:55.875333: E external/local_xla/xla/stream_executor/gpu/gpu_cudamallocasync_allocator.cc:66] 20, 1
2025-06-29 06:19:55.875804: E external/local_xla/xla/stream_executor/gpu/gpu_cudamallocasync_allocator.cc:66] 32, 7
2025-06-29 06:19:55.876279: E external/local_xla/xla/stream_executor/gpu/gpu_cudamallocasync_allocator.cc:66] 64, 17
2025-06-29 06:19:55.876742: E external/local_xla/xla/stream_executor/gpu/gpu_cudamallocasync_allocator.cc:66] 96, 3
2025-06-29 06:19:55.877196: E external/local_xla/xla/stream_executor/gpu/gpu_cudamallocasync_allocator.cc:66] 128, 103
2025-06-29 06:19:55.877695: E external/local_xla/xla/stream_executor/gpu/gpu_cudamallocasync_allocator.cc:66] 192, 1
2025-06-29 06:19:55.878244: E external/local_xla/xla/stream_executor/gpu/gpu_cudamallocasync_allocator.cc:66] 256, 108
2025-06-29 06:19:55.878693: E external/local_xla/xla/stream_executor/gpu/gpu_cudamallocasync_allocator.cc:66] 512, 102
2025-06-29 06:19:55.879185: E external/local_xla/xla/stream_executor/gpu/gpu_cudamallocasync_allocator.cc:66] 1024, 107
2025-06-29 06:19:55.879678: E external/local_xla/xla/stream_executor/gpu/gpu_cudamallocasync_allocator.cc:66] 1028, 1
2025-06-29 06:19:55.880163: E external/local_xla/xla/stream_executor/gpu/gpu_cudamallocasync_allocator.cc:66] 1536, 44
2025-06-29 06:19:55.880673: E external/local_xla/xla/stream_executor/gpu/gpu_cudamallocasync_allocator.cc:66] 2048, 10
2025-06-29 06:19:55.881227: E external/local_xla/xla/stream_executor/gpu/gpu_cudamallocasync_allocator.cc:66] 3072, 2
2025-06-29 06:19:55.882041: E external/local_xla/xla/stream_executor/gpu/gpu_cudamallocasync_allocator.cc:66] 3456, 3
2025-06-29 06:19:55.883011: E external/local_xla/xla/stream_executor/gpu/gpu_cudamallocasync_allocator.cc:66] 4096, 12
2025-06-29 06:19:55.883596: E external/local_xla/xla/stream_executor/gpu/gpu_cudamallocasync_allocator.cc:66] 8192, 14
2025-06-29 06:19:55.884141: E external/local_xla/xla/stream_executor/gpu/gpu_cudamallocasync_allocator.cc:66] 16384, 12
2025-06-29 06:19:55.884662: E external/local_xla/xla/stream_executor/gpu/gpu_cudamallocasync_allocator.cc:66] 32768, 14
2025-06-29 06:19:55.885200: E external/local_xla/xla/stream_executor/gpu/gpu_cudamallocasync_allocator.cc:66] 36864, 6
2025-06-29 06:19:55.885771: E external/local_xla/xla/stream_executor/gpu/gpu_cudamallocasync_allocator.cc:66] 59136, 1
2025-06-29 06:19:55.886549: E external/local_xla/xla/stream_executor/gpu/gpu_cudamallocasync_allocator.cc:66] 65536, 3
2025-06-29 06:19:55.886996: E external/local_xla/xla/stream_executor/gpu/gpu_cudamallocasync_allocator.cc:66] 110592, 6
2025-06-29 06:19:55.887548: E external/local_xla/xla/stream_executor/gpu/gpu_cudamallocasync_allocator.cc:66] 118272, 1
2025-06-29 06:19:55.888081: E external/local_xla/xla/stream_executor/gpu/gpu_cudamallocasync_allocator.cc:66] 131072, 14
2025-06-29 06:19:55.888587: E external/local_xla/xla/stream_executor/gpu/gpu_cudamallocasync_allocator.cc:66] 221184, 6
2025-06-29 06:19:55.889111: E external/local_xla/xla/stream_executor/gpu/gpu_cudamallocasync_allocator.cc:66] 262144, 3
2025-06-29 06:19:55.889604: E external/local_xla/xla/stream_executor/gpu/gpu_cudamallocasync_allocator.cc:66] 393216, 4
2025-06-29 06:19:55.890103: E external/local_xla/xla/stream_executor/gpu/gpu_cudamallocasync_allocator.cc:66] 442368, 6
2025-06-29 06:19:55.890613: E external/local_xla/xla/stream_executor/gpu/gpu_cudamallocasync_allocator.cc:66] 473088, 1
2025-06-29 06:19:55.891114: E external/local_xla/xla/stream_executor/gpu/gpu_cudamallocasync_allocator.cc:66] 524288, 4
2025-06-29 06:19:55.891552: E external/local_xla/xla/stream_executor/gpu/gpu_cudamallocasync_allocator.cc:66] 884736, 7
2025-06-29 06:19:55.891986: E external/local_xla/xla/stream_executor/gpu/gpu_cudamallocasync_allocator.cc:66] 946176, 1
2025-06-29 06:19:55.892432: E external/local_xla/xla/stream_executor/gpu/gpu_cudamallocasync_allocator.cc:66] 1048576, 3
2025-06-29 06:19:55.892865: E external/local_xla/xla/stream_executor/gpu/gpu_cudamallocasync_allocator.cc:66] 1769472, 6
2025-06-29 06:19:55.893339: E external/local_xla/xla/stream_executor/gpu/gpu_cudamallocasync_allocator.cc:66] 3145728, 3
2025-06-29 06:19:55.893853: E external/local_xla/xla/stream_executor/gpu/gpu_cudamallocasync_allocator.cc:66] 3538944, 6
2025-06-29 06:19:55.894387: E external/local_xla/xla/stream_executor/gpu/gpu_cudamallocasync_allocator.cc:66] 3784704, 4
2025-06-29 06:19:55.894899: E external/local_xla/xla/stream_executor/gpu/gpu_cudamallocasync_allocator.cc:66] 5677056, 6
2025-06-29 06:19:55.895417: E external/local_xla/xla/stream_executor/gpu/gpu_cudamallocasync_allocator.cc:66] 7077888, 6
2025-06-29 06:19:55.895944: E external/local_xla/xla/stream_executor/gpu/gpu_cudamallocasync_allocator.cc:66] 7569408, 1
2025-06-29 06:19:55.896483: E external/local_xla/xla/stream_executor/gpu/gpu_cudamallocasync_allocator.cc:66] 10616832, 3
2025-06-29 06:19:55.896967: E external/local_xla/xla/stream_executor/gpu/gpu_cudamallocasync_allocator.cc:66] 14155776, 3
2025-06-29 06:19:55.897452: E external/local_xla/xla/stream_executor/gpu/gpu_cudamallocasync_allocator.cc:66] 15138816, 5
2025-06-29 06:19:55.897881: E external/local_xla/xla/stream_executor/gpu/gpu_cudamallocasync_allocator.cc:66] 15925248, 3
2025-06-29 06:19:55.898396: E external/local_xla/xla/stream_executor/gpu/gpu_cudamallocasync_allocator.cc:66] 30277632, 17
2025-06-29 06:19:55.898903: E external/local_xla/xla/stream_executor/gpu/gpu_cudamallocasync_allocator.cc:66] 60555264, 9
2025-06-29 06:19:55.899433: E external/local_xla/xla/stream_executor/gpu/gpu_cudamallocasync_allocator.cc:66] 121110528, 14
2025-06-29 06:19:55.899941: E external/local_xla/xla/stream_executor/gpu/gpu_cudamallocasync_allocator.cc:66] 242221056, 5
2025-06-29 06:19:55.900418: E external/local_xla/xla/stream_executor/gpu/gpu_cudamallocasync_allocator.cc:66] 484442112, 9
2025-06-29 06:19:55.900944: E external/local_xla/xla/stream_executor/gpu/gpu_cudamallocasync_allocator.cc:66] 968884224, 2
2025-06-29 06:19:55.901408: E external/local_xla/xla/stream_executor/gpu/gpu_cudamallocasync_allocator.cc:66] 1937768448, 7
2025-06-29 06:19:55.901873: E external/local_xla/xla/stream_executor/gpu/gpu_cudamallocasync_allocator.cc:97] CU_MEMPOOL_ATTR_RESERVED_MEM_CURRENT: 24830279680
2025-06-29 06:19:55.902329: E external/local_xla/xla/stream_executor/gpu/gpu_cudamallocasync_allocator.cc:99] CU_MEMPOOL_ATTR_USED_MEM_CURRENT: 24190229210
2025-06-29 06:19:55.902693: E external/local_xla/xla/stream_executor/gpu/gpu_cudamallocasync_allocator.cc:100] CU_MEMPOOL_ATTR_RESERVED_MEM_HIGH: 25132269568
2025-06-29 06:19:55.903045: E external/local_xla/xla/stream_executor/gpu/gpu_cudamallocasync_allocator.cc:101] CU_MEMPOOL_ATTR_USED_MEM_HIGH: 24643317634
2025-06-29 06:19:56.093083: E external/local_xla/xla/stream_executor/gpu/gpu_cudamallocasync_allocator.cc:306] gpu_async_0 cuMemAllocAsync failed to allocate 1470988304 bytes: CUDA error: out of memory (CUDA_ERROR_OUT_OF_MEMORY)
 Reported by CUDA: Free memory/Total memory: 364511232/25393496064
2025-06-29 06:19:56.094173: E external/local_xla/xla/stream_executor/gpu/gpu_cudamallocasync_allocator.cc:311] Stats: Limit:                     23575789568
InUse:                     24190229210
MaxInUse:                  24643317634
NumAllocs:                        3669
MaxAllocSize:               6799661232
Reserved:                            0
PeakReserved:                        0
LargestFreeBlock:                    0

2025-06-29 06:19:56.095128: E external/local_xla/xla/stream_executor/gpu/gpu_cudamallocasync_allocator.cc:63] Histogram of current allocation: (allocation_size_in_bytes, nb_allocation_of_that_sizes), ...;
2025-06-29 06:19:56.095730: E external/local_xla/xla/stream_executor/gpu/gpu_cudamallocasync_allocator.cc:66] 1, 18
2025-06-29 06:19:56.096389: E external/local_xla/xla/stream_executor/gpu/gpu_cudamallocasync_allocator.cc:66] 4, 113
2025-06-29 06:19:56.096963: E external/local_xla/xla/stream_executor/gpu/gpu_cudamallocasync_allocator.cc:66] 8, 11
2025-06-29 06:19:56.097465: E external/local_xla/xla/stream_executor/gpu/gpu_cudamallocasync_allocator.cc:66] 12, 3
2025-06-29 06:19:56.097949: E external/local_xla/xla/stream_executor/gpu/gpu_cudamallocasync_allocator.cc:66] 16, 7
2025-06-29 06:19:56.098477: E external/local_xla/xla/stream_executor/gpu/gpu_cudamallocasync_allocator.cc:66] 20, 1
2025-06-29 06:19:56.098995: E external/local_xla/xla/stream_executor/gpu/gpu_cudamallocasync_allocator.cc:66] 32, 7
2025-06-29 06:19:56.099504: E external/local_xla/xla/stream_executor/gpu/gpu_cudamallocasync_allocator.cc:66] 64, 17
2025-06-29 06:19:56.099973: E external/local_xla/xla/stream_executor/gpu/gpu_cudamallocasync_allocator.cc:66] 96, 3
2025-06-29 06:19:56.100410: E external/local_xla/xla/stream_executor/gpu/gpu_cudamallocasync_allocator.cc:66] 128, 103
2025-06-29 06:19:56.100884: E external/local_xla/xla/stream_executor/gpu/gpu_cudamallocasync_allocator.cc:66] 192, 1
2025-06-29 06:19:56.101412: E external/local_xla/xla/stream_executor/gpu/gpu_cudamallocasync_allocator.cc:66] 256, 108
2025-06-29 06:19:56.101928: E external/local_xla/xla/stream_executor/gpu/gpu_cudamallocasync_allocator.cc:66] 512, 102
2025-06-29 06:19:56.102416: E external/local_xla/xla/stream_executor/gpu/gpu_cudamallocasync_allocator.cc:66] 1024, 107
2025-06-29 06:19:56.102956: E external/local_xla/xla/stream_executor/gpu/gpu_cudamallocasync_allocator.cc:66] 1028, 1
2025-06-29 06:19:56.103485: E external/local_xla/xla/stream_executor/gpu/gpu_cudamallocasync_allocator.cc:66] 1536, 44
2025-06-29 06:19:56.103924: E external/local_xla/xla/stream_executor/gpu/gpu_cudamallocasync_allocator.cc:66] 2048, 10
2025-06-29 06:19:56.104414: E external/local_xla/xla/stream_executor/gpu/gpu_cudamallocasync_allocator.cc:66] 3072, 2
2025-06-29 06:19:56.104951: E external/local_xla/xla/stream_executor/gpu/gpu_cudamallocasync_allocator.cc:66] 3456, 3
2025-06-29 06:19:56.105485: E external/local_xla/xla/stream_executor/gpu/gpu_cudamallocasync_allocator.cc:66] 4096, 12
2025-06-29 06:19:56.105991: E external/local_xla/xla/stream_executor/gpu/gpu_cudamallocasync_allocator.cc:66] 8192, 14
2025-06-29 06:19:56.106500: E external/local_xla/xla/stream_executor/gpu/gpu_cudamallocasync_allocator.cc:66] 16384, 12
2025-06-29 06:19:56.107038: E external/local_xla/xla/stream_executor/gpu/gpu_cudamallocasync_allocator.cc:66] 32768, 14
2025-06-29 06:19:56.107565: E external/local_xla/xla/stream_executor/gpu/gpu_cudamallocasync_allocator.cc:66] 36864, 6
2025-06-29 06:19:56.108077: E external/local_xla/xla/stream_executor/gpu/gpu_cudamallocasync_allocator.cc:66] 59136, 1
2025-06-29 06:19:56.108574: E external/local_xla/xla/stream_executor/gpu/gpu_cudamallocasync_allocator.cc:66] 65536, 3
2025-06-29 06:19:56.109080: E external/local_xla/xla/stream_executor/gpu/gpu_cudamallocasync_allocator.cc:66] 110592, 6
2025-06-29 06:19:56.109596: E external/local_xla/xla/stream_executor/gpu/gpu_cudamallocasync_allocator.cc:66] 118272, 1
2025-06-29 06:19:56.110042: E external/local_xla/xla/stream_executor/gpu/gpu_cudamallocasync_allocator.cc:66] 131072, 14
2025-06-29 06:19:56.110516: E external/local_xla/xla/stream_executor/gpu/gpu_cudamallocasync_allocator.cc:66] 221184, 6
2025-06-29 06:19:56.110966: E external/local_xla/xla/stream_executor/gpu/gpu_cudamallocasync_allocator.cc:66] 262144, 3
2025-06-29 06:19:56.111443: E external/local_xla/xla/stream_executor/gpu/gpu_cudamallocasync_allocator.cc:66] 393216, 4
2025-06-29 06:19:56.111957: E external/local_xla/xla/stream_executor/gpu/gpu_cudamallocasync_allocator.cc:66] 442368, 6
2025-06-29 06:19:56.112467: E external/local_xla/xla/stream_executor/gpu/gpu_cudamallocasync_allocator.cc:66] 473088, 1
2025-06-29 06:19:56.112971: E external/local_xla/xla/stream_executor/gpu/gpu_cudamallocasync_allocator.cc:66] 524288, 4
2025-06-29 06:19:56.113451: E external/local_xla/xla/stream_executor/gpu/gpu_cudamallocasync_allocator.cc:66] 884736, 7
2025-06-29 06:19:56.113997: E external/local_xla/xla/stream_executor/gpu/gpu_cudamallocasync_allocator.cc:66] 946176, 1
2025-06-29 06:19:56.114523: E external/local_xla/xla/stream_executor/gpu/gpu_cudamallocasync_allocator.cc:66] 1048576, 3
2025-06-29 06:19:56.115082: E external/local_xla/xla/stream_executor/gpu/gpu_cudamallocasync_allocator.cc:66] 1769472, 6
2025-06-29 06:19:56.115651: E external/local_xla/xla/stream_executor/gpu/gpu_cudamallocasync_allocator.cc:66] 3145728, 3
2025-06-29 06:19:56.116226: E external/local_xla/xla/stream_executor/gpu/gpu_cudamallocasync_allocator.cc:66] 3538944, 6
2025-06-29 06:19:56.116729: E external/local_xla/xla/stream_executor/gpu/gpu_cudamallocasync_allocator.cc:66] 3784704, 4
2025-06-29 06:19:56.117231: E external/local_xla/xla/stream_executor/gpu/gpu_cudamallocasync_allocator.cc:66] 5677056, 6
2025-06-29 06:19:56.117680: E external/local_xla/xla/stream_executor/gpu/gpu_cudamallocasync_allocator.cc:66] 7077888, 6
2025-06-29 06:19:56.118177: E external/local_xla/xla/stream_executor/gpu/gpu_cudamallocasync_allocator.cc:66] 7569408, 1
2025-06-29 06:19:56.118648: E external/local_xla/xla/stream_executor/gpu/gpu_cudamallocasync_allocator.cc:66] 10616832, 3
2025-06-29 06:19:56.119083: E external/local_xla/xla/stream_executor/gpu/gpu_cudamallocasync_allocator.cc:66] 14155776, 3
2025-06-29 06:19:56.119529: E external/local_xla/xla/stream_executor/gpu/gpu_cudamallocasync_allocator.cc:66] 15138816, 5
2025-06-29 06:19:56.119991: E external/local_xla/xla/stream_executor/gpu/gpu_cudamallocasync_allocator.cc:66] 15925248, 3
2025-06-29 06:19:56.120545: E external/local_xla/xla/stream_executor/gpu/gpu_cudamallocasync_allocator.cc:66] 30277632, 17
2025-06-29 06:19:56.121035: E external/local_xla/xla/stream_executor/gpu/gpu_cudamallocasync_allocator.cc:66] 60555264, 9
2025-06-29 06:19:56.121487: E external/local_xla/xla/stream_executor/gpu/gpu_cudamallocasync_allocator.cc:66] 121110528, 14
2025-06-29 06:19:56.121947: E external/local_xla/xla/stream_executor/gpu/gpu_cudamallocasync_allocator.cc:66] 242221056, 5
2025-06-29 06:19:56.122502: E external/local_xla/xla/stream_executor/gpu/gpu_cudamallocasync_allocator.cc:66] 484442112, 9
2025-06-29 06:19:56.123017: E external/local_xla/xla/stream_executor/gpu/gpu_cudamallocasync_allocator.cc:66] 968884224, 2
2025-06-29 06:19:56.123462: E external/local_xla/xla/stream_executor/gpu/gpu_cudamallocasync_allocator.cc:66] 1937768448, 7
2025-06-29 06:19:56.123928: E external/local_xla/xla/stream_executor/gpu/gpu_cudamallocasync_allocator.cc:97] CU_MEMPOOL_ATTR_RESERVED_MEM_CURRENT: 24796725248
2025-06-29 06:19:56.124449: E external/local_xla/xla/stream_executor/gpu/gpu_cudamallocasync_allocator.cc:99] CU_MEMPOOL_ATTR_USED_MEM_CURRENT: 24190229210
2025-06-29 06:19:56.124912: E external/local_xla/xla/stream_executor/gpu/gpu_cudamallocasync_allocator.cc:100] CU_MEMPOOL_ATTR_RESERVED_MEM_HIGH: 25132269568
2025-06-29 06:19:56.125372: E external/local_xla/xla/stream_executor/gpu/gpu_cudamallocasync_allocator.cc:101] CU_MEMPOOL_ATTR_USED_MEM_HIGH: 24643317634
2025-06-29 06:19:57.151302: E external/local_xla/xla/stream_executor/gpu/gpu_cudamallocasync_allocator.cc:306] gpu_async_0 cuMemAllocAsync failed to allocate 986546192 bytes: CUDA error: out of memory (CUDA_ERROR_OUT_OF_MEMORY)
 Reported by CUDA: Free memory/Total memory: 364511232/25393496064
2025-06-29 06:19:57.152275: E external/local_xla/xla/stream_executor/gpu/gpu_cudamallocasync_allocator.cc:311] Stats: Limit:                     23575789568
InUse:                     24190229210
MaxInUse:                  24643317634
NumAllocs:                        3672
MaxAllocSize:               6799661232
Reserved:                            0
PeakReserved:                        0
LargestFreeBlock:                    0

2025-06-29 06:19:57.153309: E external/local_xla/xla/stream_executor/gpu/gpu_cudamallocasync_allocator.cc:63] Histogram of current allocation: (allocation_size_in_bytes, nb_allocation_of_that_sizes), ...;
2025-06-29 06:19:57.153935: E external/local_xla/xla/stream_executor/gpu/gpu_cudamallocasync_allocator.cc:66] 1, 18
2025-06-29 06:19:57.154416: E external/local_xla/xla/stream_executor/gpu/gpu_cudamallocasync_allocator.cc:66] 4, 113
2025-06-29 06:19:57.154848: E external/local_xla/xla/stream_executor/gpu/gpu_cudamallocasync_allocator.cc:66] 8, 11
2025-06-29 06:19:57.155310: E external/local_xla/xla/stream_executor/gpu/gpu_cudamallocasync_allocator.cc:66] 12, 3
2025-06-29 06:19:57.155669: E external/local_xla/xla/stream_executor/gpu/gpu_cudamallocasync_allocator.cc:66] 16, 7
2025-06-29 06:19:57.156086: E external/local_xla/xla/stream_executor/gpu/gpu_cudamallocasync_allocator.cc:66] 20, 1
2025-06-29 06:19:57.156454: E external/local_xla/xla/stream_executor/gpu/gpu_cudamallocasync_allocator.cc:66] 32, 7
2025-06-29 06:19:57.156831: E external/local_xla/xla/stream_executor/gpu/gpu_cudamallocasync_allocator.cc:66] 64, 17
2025-06-29 06:19:57.157172: E external/local_xla/xla/stream_executor/gpu/gpu_cudamallocasync_allocator.cc:66] 96, 3
2025-06-29 06:19:57.157594: E external/local_xla/xla/stream_executor/gpu/gpu_cudamallocasync_allocator.cc:66] 128, 103
2025-06-29 06:19:57.157976: E external/local_xla/xla/stream_executor/gpu/gpu_cudamallocasync_allocator.cc:66] 192, 1
2025-06-29 06:19:57.158339: E external/local_xla/xla/stream_executor/gpu/gpu_cudamallocasync_allocator.cc:66] 256, 108
2025-06-29 06:19:57.158716: E external/local_xla/xla/stream_executor/gpu/gpu_cudamallocasync_allocator.cc:66] 512, 102
2025-06-29 06:19:57.159167: E external/local_xla/xla/stream_executor/gpu/gpu_cudamallocasync_allocator.cc:66] 1024, 107
2025-06-29 06:19:57.159702: E external/local_xla/xla/stream_executor/gpu/gpu_cudamallocasync_allocator.cc:66] 1028, 1
2025-06-29 06:19:57.160090: E external/local_xla/xla/stream_executor/gpu/gpu_cudamallocasync_allocator.cc:66] 1536, 44
2025-06-29 06:19:57.160454: E external/local_xla/xla/stream_executor/gpu/gpu_cudamallocasync_allocator.cc:66] 2048, 10
2025-06-29 06:19:57.160817: E external/local_xla/xla/stream_executor/gpu/gpu_cudamallocasync_allocator.cc:66] 3072, 2
2025-06-29 06:19:57.161246: E external/local_xla/xla/stream_executor/gpu/gpu_cudamallocasync_allocator.cc:66] 3456, 3
2025-06-29 06:19:57.161598: E external/local_xla/xla/stream_executor/gpu/gpu_cudamallocasync_allocator.cc:66] 4096, 12
2025-06-29 06:19:57.161949: E external/local_xla/xla/stream_executor/gpu/gpu_cudamallocasync_allocator.cc:66] 8192, 14
2025-06-29 06:19:57.162317: E external/local_xla/xla/stream_executor/gpu/gpu_cudamallocasync_allocator.cc:66] 16384, 12
2025-06-29 06:19:57.162679: E external/local_xla/xla/stream_executor/gpu/gpu_cudamallocasync_allocator.cc:66] 32768, 14
2025-06-29 06:19:57.163039: E external/local_xla/xla/stream_executor/gpu/gpu_cudamallocasync_allocator.cc:66] 36864, 6
2025-06-29 06:19:57.163382: E external/local_xla/xla/stream_executor/gpu/gpu_cudamallocasync_allocator.cc:66] 59136, 1
2025-06-29 06:19:57.163738: E external/local_xla/xla/stream_executor/gpu/gpu_cudamallocasync_allocator.cc:66] 65536, 3
2025-06-29 06:19:57.164092: E external/local_xla/xla/stream_executor/gpu/gpu_cudamallocasync_allocator.cc:66] 110592, 6
2025-06-29 06:19:57.164504: E external/local_xla/xla/stream_executor/gpu/gpu_cudamallocasync_allocator.cc:66] 118272, 1
2025-06-29 06:19:57.164841: E external/local_xla/xla/stream_executor/gpu/gpu_cudamallocasync_allocator.cc:66] 131072, 14
2025-06-29 06:19:57.165198: E external/local_xla/xla/stream_executor/gpu/gpu_cudamallocasync_allocator.cc:66] 221184, 6
2025-06-29 06:19:57.165546: E external/local_xla/xla/stream_executor/gpu/gpu_cudamallocasync_allocator.cc:66] 262144, 3
2025-06-29 06:19:57.166006: E external/local_xla/xla/stream_executor/gpu/gpu_cudamallocasync_allocator.cc:66] 393216, 4
2025-06-29 06:19:57.166458: E external/local_xla/xla/stream_executor/gpu/gpu_cudamallocasync_allocator.cc:66] 442368, 6
2025-06-29 06:19:57.166905: E external/local_xla/xla/stream_executor/gpu/gpu_cudamallocasync_allocator.cc:66] 473088, 1
2025-06-29 06:19:57.167305: E external/local_xla/xla/stream_executor/gpu/gpu_cudamallocasync_allocator.cc:66] 524288, 4
2025-06-29 06:19:57.167722: E external/local_xla/xla/stream_executor/gpu/gpu_cudamallocasync_allocator.cc:66] 884736, 7
2025-06-29 06:19:57.168118: E external/local_xla/xla/stream_executor/gpu/gpu_cudamallocasync_allocator.cc:66] 946176, 1
2025-06-29 06:19:57.168524: E external/local_xla/xla/stream_executor/gpu/gpu_cudamallocasync_allocator.cc:66] 1048576, 3
2025-06-29 06:19:57.168929: E external/local_xla/xla/stream_executor/gpu/gpu_cudamallocasync_allocator.cc:66] 1769472, 6
2025-06-29 06:19:57.169337: E external/local_xla/xla/stream_executor/gpu/gpu_cudamallocasync_allocator.cc:66] 3145728, 3
2025-06-29 06:19:57.169700: E external/local_xla/xla/stream_executor/gpu/gpu_cudamallocasync_allocator.cc:66] 3538944, 6
2025-06-29 06:19:57.170069: E external/local_xla/xla/stream_executor/gpu/gpu_cudamallocasync_allocator.cc:66] 3784704, 4
2025-06-29 06:19:57.170452: E external/local_xla/xla/stream_executor/gpu/gpu_cudamallocasync_allocator.cc:66] 5677056, 6
2025-06-29 06:19:57.170816: E external/local_xla/xla/stream_executor/gpu/gpu_cudamallocasync_allocator.cc:66] 7077888, 6
2025-06-29 06:19:57.171205: E external/local_xla/xla/stream_executor/gpu/gpu_cudamallocasync_allocator.cc:66] 7569408, 1
2025-06-29 06:19:57.171560: E external/local_xla/xla/stream_executor/gpu/gpu_cudamallocasync_allocator.cc:66] 10616832, 3
2025-06-29 06:19:57.171929: E external/local_xla/xla/stream_executor/gpu/gpu_cudamallocasync_allocator.cc:66] 14155776, 3
2025-06-29 06:19:57.172304: E external/local_xla/xla/stream_executor/gpu/gpu_cudamallocasync_allocator.cc:66] 15138816, 5
2025-06-29 06:19:57.172768: E external/local_xla/xla/stream_executor/gpu/gpu_cudamallocasync_allocator.cc:66] 15925248, 3
2025-06-29 06:19:57.173194: E external/local_xla/xla/stream_executor/gpu/gpu_cudamallocasync_allocator.cc:66] 30277632, 17
2025-06-29 06:19:57.173601: E external/local_xla/xla/stream_executor/gpu/gpu_cudamallocasync_allocator.cc:66] 60555264, 9
2025-06-29 06:19:57.174040: E external/local_xla/xla/stream_executor/gpu/gpu_cudamallocasync_allocator.cc:66] 121110528, 14
2025-06-29 06:19:57.174491: E external/local_xla/xla/stream_executor/gpu/gpu_cudamallocasync_allocator.cc:66] 242221056, 5
2025-06-29 06:19:57.175001: E external/local_xla/xla/stream_executor/gpu/gpu_cudamallocasync_allocator.cc:66] 484442112, 9
2025-06-29 06:19:57.175461: E external/local_xla/xla/stream_executor/gpu/gpu_cudamallocasync_allocator.cc:66] 968884224, 2
2025-06-29 06:19:57.175929: E external/local_xla/xla/stream_executor/gpu/gpu_cudamallocasync_allocator.cc:66] 1937768448, 7
2025-06-29 06:19:57.176464: E external/local_xla/xla/stream_executor/gpu/gpu_cudamallocasync_allocator.cc:97] CU_MEMPOOL_ATTR_RESERVED_MEM_CURRENT: 24796725248
2025-06-29 06:19:57.177022: E external/local_xla/xla/stream_executor/gpu/gpu_cudamallocasync_allocator.cc:99] CU_MEMPOOL_ATTR_USED_MEM_CURRENT: 24190229210
2025-06-29 06:19:57.177569: E external/local_xla/xla/stream_executor/gpu/gpu_cudamallocasync_allocator.cc:100] CU_MEMPOOL_ATTR_RESERVED_MEM_HIGH: 25132269568
2025-06-29 06:19:57.178085: E external/local_xla/xla/stream_executor/gpu/gpu_cudamallocasync_allocator.cc:101] CU_MEMPOOL_ATTR_USED_MEM_HIGH: 24643317634
2025-06-29 06:19:57.179163: E external/local_xla/xla/stream_executor/gpu/gpu_cudamallocasync_allocator.cc:306] gpu_async_0 cuMemAllocAsync failed to allocate 1471106736 bytes: CUDA error: out of memory (CUDA_ERROR_OUT_OF_MEMORY)
 Reported by CUDA: Free memory/Total memory: 364511232/25393496064
2025-06-29 06:19:57.179763: E external/local_xla/xla/stream_executor/gpu/gpu_cudamallocasync_allocator.cc:311] Stats: Limit:                     23575789568
InUse:                     24190229210
MaxInUse:                  24643317634
NumAllocs:                        3672
MaxAllocSize:               6799661232
Reserved:                            0
PeakReserved:                        0
LargestFreeBlock:                    0

2025-06-29 06:19:57.180323: E external/local_xla/xla/stream_executor/gpu/gpu_cudamallocasync_allocator.cc:63] Histogram of current allocation: (allocation_size_in_bytes, nb_allocation_of_that_sizes), ...;
2025-06-29 06:19:57.180797: E external/local_xla/xla/stream_executor/gpu/gpu_cudamallocasync_allocator.cc:66] 1, 18
2025-06-29 06:19:57.181301: E external/local_xla/xla/stream_executor/gpu/gpu_cudamallocasync_allocator.cc:66] 4, 113
2025-06-29 06:19:57.181808: E external/local_xla/xla/stream_executor/gpu/gpu_cudamallocasync_allocator.cc:66] 8, 11
2025-06-29 06:19:57.182286: E external/local_xla/xla/stream_executor/gpu/gpu_cudamallocasync_allocator.cc:66] 12, 3
2025-06-29 06:19:57.182736: E external/local_xla/xla/stream_executor/gpu/gpu_cudamallocasync_allocator.cc:66] 16, 7
2025-06-29 06:19:57.183186: E external/local_xla/xla/stream_executor/gpu/gpu_cudamallocasync_allocator.cc:66] 20, 1
2025-06-29 06:19:57.183677: E external/local_xla/xla/stream_executor/gpu/gpu_cudamallocasync_allocator.cc:66] 32, 7
2025-06-29 06:19:57.184111: E external/local_xla/xla/stream_executor/gpu/gpu_cudamallocasync_allocator.cc:66] 64, 17
2025-06-29 06:19:57.184548: E external/local_xla/xla/stream_executor/gpu/gpu_cudamallocasync_allocator.cc:66] 96, 3
2025-06-29 06:19:57.185026: E external/local_xla/xla/stream_executor/gpu/gpu_cudamallocasync_allocator.cc:66] 128, 103
2025-06-29 06:19:57.185589: E external/local_xla/xla/stream_executor/gpu/gpu_cudamallocasync_allocator.cc:66] 192, 1
2025-06-29 06:19:57.186100: E external/local_xla/xla/stream_executor/gpu/gpu_cudamallocasync_allocator.cc:66] 256, 108
2025-06-29 06:19:57.186539: E external/local_xla/xla/stream_executor/gpu/gpu_cudamallocasync_allocator.cc:66] 512, 102
2025-06-29 06:19:57.187044: E external/local_xla/xla/stream_executor/gpu/gpu_cudamallocasync_allocator.cc:66] 1024, 107
2025-06-29 06:19:57.187538: E external/local_xla/xla/stream_executor/gpu/gpu_cudamallocasync_allocator.cc:66] 1028, 1
2025-06-29 06:19:57.188016: E external/local_xla/xla/stream_executor/gpu/gpu_cudamallocasync_allocator.cc:66] 1536, 44
2025-06-29 06:19:57.188489: E external/local_xla/xla/stream_executor/gpu/gpu_cudamallocasync_allocator.cc:66] 2048, 10
2025-06-29 06:19:57.188991: E external/local_xla/xla/stream_executor/gpu/gpu_cudamallocasync_allocator.cc:66] 3072, 2
2025-06-29 06:19:57.189495: E external/local_xla/xla/stream_executor/gpu/gpu_cudamallocasync_allocator.cc:66] 3456, 3
2025-06-29 06:19:57.189996: E external/local_xla/xla/stream_executor/gpu/gpu_cudamallocasync_allocator.cc:66] 4096, 12
2025-06-29 06:19:57.190469: E external/local_xla/xla/stream_executor/gpu/gpu_cudamallocasync_allocator.cc:66] 8192, 14
2025-06-29 06:19:57.190944: E external/local_xla/xla/stream_executor/gpu/gpu_cudamallocasync_allocator.cc:66] 16384, 12
2025-06-29 06:19:57.191460: E external/local_xla/xla/stream_executor/gpu/gpu_cudamallocasync_allocator.cc:66] 32768, 14
2025-06-29 06:19:57.191954: E external/local_xla/xla/stream_executor/gpu/gpu_cudamallocasync_allocator.cc:66] 36864, 6
2025-06-29 06:19:57.192397: E external/local_xla/xla/stream_executor/gpu/gpu_cudamallocasync_allocator.cc:66] 59136, 1
2025-06-29 06:19:57.192873: E external/local_xla/xla/stream_executor/gpu/gpu_cudamallocasync_allocator.cc:66] 65536, 3
2025-06-29 06:19:57.193448: E external/local_xla/xla/stream_executor/gpu/gpu_cudamallocasync_allocator.cc:66] 110592, 6
2025-06-29 06:19:57.193939: E external/local_xla/xla/stream_executor/gpu/gpu_cudamallocasync_allocator.cc:66] 118272, 1
2025-06-29 06:19:57.194384: E external/local_xla/xla/stream_executor/gpu/gpu_cudamallocasync_allocator.cc:66] 131072, 14
2025-06-29 06:19:57.194830: E external/local_xla/xla/stream_executor/gpu/gpu_cudamallocasync_allocator.cc:66] 221184, 6
2025-06-29 06:19:57.195403: E external/local_xla/xla/stream_executor/gpu/gpu_cudamallocasync_allocator.cc:66] 262144, 3
2025-06-29 06:19:57.195953: E external/local_xla/xla/stream_executor/gpu/gpu_cudamallocasync_allocator.cc:66] 393216, 4
2025-06-29 06:19:57.196459: E external/local_xla/xla/stream_executor/gpu/gpu_cudamallocasync_allocator.cc:66] 442368, 6
2025-06-29 06:19:57.196983: E external/local_xla/xla/stream_executor/gpu/gpu_cudamallocasync_allocator.cc:66] 473088, 1
2025-06-29 06:19:57.197449: E external/local_xla/xla/stream_executor/gpu/gpu_cudamallocasync_allocator.cc:66] 524288, 4
2025-06-29 06:19:57.198020: E external/local_xla/xla/stream_executor/gpu/gpu_cudamallocasync_allocator.cc:66] 884736, 7
2025-06-29 06:19:57.198565: E external/local_xla/xla/stream_executor/gpu/gpu_cudamallocasync_allocator.cc:66] 946176, 1
2025-06-29 06:19:57.199115: E external/local_xla/xla/stream_executor/gpu/gpu_cudamallocasync_allocator.cc:66] 1048576, 3
2025-06-29 06:19:57.199634: E external/local_xla/xla/stream_executor/gpu/gpu_cudamallocasync_allocator.cc:66] 1769472, 6
2025-06-29 06:19:57.200221: E external/local_xla/xla/stream_executor/gpu/gpu_cudamallocasync_allocator.cc:66] 3145728, 3
2025-06-29 06:19:57.200745: E external/local_xla/xla/stream_executor/gpu/gpu_cudamallocasync_allocator.cc:66] 3538944, 6
2025-06-29 06:19:57.201224: E external/local_xla/xla/stream_executor/gpu/gpu_cudamallocasync_allocator.cc:66] 3784704, 4
2025-06-29 06:19:57.201718: E external/local_xla/xla/stream_executor/gpu/gpu_cudamallocasync_allocator.cc:66] 5677056, 6
2025-06-29 06:19:57.202258: E external/local_xla/xla/stream_executor/gpu/gpu_cudamallocasync_allocator.cc:66] 7077888, 6
2025-06-29 06:19:57.202736: E external/local_xla/xla/stream_executor/gpu/gpu_cudamallocasync_allocator.cc:66] 7569408, 1
2025-06-29 06:19:57.203184: E external/local_xla/xla/stream_executor/gpu/gpu_cudamallocasync_allocator.cc:66] 10616832, 3
2025-06-29 06:19:57.203689: E external/local_xla/xla/stream_executor/gpu/gpu_cudamallocasync_allocator.cc:66] 14155776, 3
2025-06-29 06:19:57.204233: E external/local_xla/xla/stream_executor/gpu/gpu_cudamallocasync_allocator.cc:66] 15138816, 5
2025-06-29 06:19:57.204734: E external/local_xla/xla/stream_executor/gpu/gpu_cudamallocasync_allocator.cc:66] 15925248, 3
2025-06-29 06:19:57.205191: E external/local_xla/xla/stream_executor/gpu/gpu_cudamallocasync_allocator.cc:66] 30277632, 17
2025-06-29 06:19:57.205628: E external/local_xla/xla/stream_executor/gpu/gpu_cudamallocasync_allocator.cc:66] 60555264, 9
2025-06-29 06:19:57.206116: E external/local_xla/xla/stream_executor/gpu/gpu_cudamallocasync_allocator.cc:66] 121110528, 14
2025-06-29 06:19:57.206695: E external/local_xla/xla/stream_executor/gpu/gpu_cudamallocasync_allocator.cc:66] 242221056, 5
2025-06-29 06:19:57.207203: E external/local_xla/xla/stream_executor/gpu/gpu_cudamallocasync_allocator.cc:66] 484442112, 9
2025-06-29 06:19:57.207669: E external/local_xla/xla/stream_executor/gpu/gpu_cudamallocasync_allocator.cc:66] 968884224, 2
2025-06-29 06:19:57.208177: E external/local_xla/xla/stream_executor/gpu/gpu_cudamallocasync_allocator.cc:66] 1937768448, 7
2025-06-29 06:19:57.208715: E external/local_xla/xla/stream_executor/gpu/gpu_cudamallocasync_allocator.cc:97] CU_MEMPOOL_ATTR_RESERVED_MEM_CURRENT: 24796725248
2025-06-29 06:19:57.209091: E external/local_xla/xla/stream_executor/gpu/gpu_cudamallocasync_allocator.cc:99] CU_MEMPOOL_ATTR_USED_MEM_CURRENT: 24190229210
2025-06-29 06:19:57.209469: E external/local_xla/xla/stream_executor/gpu/gpu_cudamallocasync_allocator.cc:100] CU_MEMPOOL_ATTR_RESERVED_MEM_HIGH: 25132269568
2025-06-29 06:19:57.209964: E external/local_xla/xla/stream_executor/gpu/gpu_cudamallocasync_allocator.cc:101] CU_MEMPOOL_ATTR_USED_MEM_HIGH: 24643317634
2025-06-29 06:19:57.210935: E external/local_xla/xla/stream_executor/gpu/gpu_cudamallocasync_allocator.cc:306] gpu_async_0 cuMemAllocAsync failed to allocate 1470988304 bytes: CUDA error: out of memory (CUDA_ERROR_OUT_OF_MEMORY)
 Reported by CUDA: Free memory/Total memory: 364511232/25393496064
2025-06-29 06:19:57.211417: E external/local_xla/xla/stream_executor/gpu/gpu_cudamallocasync_allocator.cc:311] Stats: Limit:                     23575789568
InUse:                     24190229210
MaxInUse:                  24643317634
NumAllocs:                        3672
MaxAllocSize:               6799661232
Reserved:                            0
PeakReserved:                        0
LargestFreeBlock:                    0

2025-06-29 06:19:57.211877: E external/local_xla/xla/stream_executor/gpu/gpu_cudamallocasync_allocator.cc:63] Histogram of current allocation: (allocation_size_in_bytes, nb_allocation_of_that_sizes), ...;
2025-06-29 06:19:57.212302: E external/local_xla/xla/stream_executor/gpu/gpu_cudamallocasync_allocator.cc:66] 1, 18
2025-06-29 06:19:57.212777: E external/local_xla/xla/stream_executor/gpu/gpu_cudamallocasync_allocator.cc:66] 4, 113
2025-06-29 06:19:57.213285: E external/local_xla/xla/stream_executor/gpu/gpu_cudamallocasync_allocator.cc:66] 8, 11
2025-06-29 06:19:57.213795: E external/local_xla/xla/stream_executor/gpu/gpu_cudamallocasync_allocator.cc:66] 12, 3
2025-06-29 06:19:57.214368: E external/local_xla/xla/stream_executor/gpu/gpu_cudamallocasync_allocator.cc:66] 16, 7
2025-06-29 06:19:57.214890: E external/local_xla/xla/stream_executor/gpu/gpu_cudamallocasync_allocator.cc:66] 20, 1
2025-06-29 06:19:57.215326: E external/local_xla/xla/stream_executor/gpu/gpu_cudamallocasync_allocator.cc:66] 32, 7
2025-06-29 06:19:57.215758: E external/local_xla/xla/stream_executor/gpu/gpu_cudamallocasync_allocator.cc:66] 64, 17
2025-06-29 06:19:57.216288: E external/local_xla/xla/stream_executor/gpu/gpu_cudamallocasync_allocator.cc:66] 96, 3
2025-06-29 06:19:57.216814: E external/local_xla/xla/stream_executor/gpu/gpu_cudamallocasync_allocator.cc:66] 128, 103
2025-06-29 06:19:57.217338: E external/local_xla/xla/stream_executor/gpu/gpu_cudamallocasync_allocator.cc:66] 192, 1
2025-06-29 06:19:57.217844: E external/local_xla/xla/stream_executor/gpu/gpu_cudamallocasync_allocator.cc:66] 256, 108
2025-06-29 06:19:57.218325: E external/local_xla/xla/stream_executor/gpu/gpu_cudamallocasync_allocator.cc:66] 512, 102
2025-06-29 06:19:57.218835: E external/local_xla/xla/stream_executor/gpu/gpu_cudamallocasync_allocator.cc:66] 1024, 107
2025-06-29 06:19:57.219286: E external/local_xla/xla/stream_executor/gpu/gpu_cudamallocasync_allocator.cc:66] 1028, 1
2025-06-29 06:19:57.219760: E external/local_xla/xla/stream_executor/gpu/gpu_cudamallocasync_allocator.cc:66] 1536, 44
2025-06-29 06:19:57.220226: E external/local_xla/xla/stream_executor/gpu/gpu_cudamallocasync_allocator.cc:66] 2048, 10
2025-06-29 06:19:57.220863: E external/local_xla/xla/stream_executor/gpu/gpu_cudamallocasync_allocator.cc:66] 3072, 2
2025-06-29 06:19:57.221390: E external/local_xla/xla/stream_executor/gpu/gpu_cudamallocasync_allocator.cc:66] 3456, 3
2025-06-29 06:19:57.221916: E external/local_xla/xla/stream_executor/gpu/gpu_cudamallocasync_allocator.cc:66] 4096, 12
2025-06-29 06:19:57.222369: E external/local_xla/xla/stream_executor/gpu/gpu_cudamallocasync_allocator.cc:66] 8192, 14
2025-06-29 06:19:57.222982: E external/local_xla/xla/stream_executor/gpu/gpu_cudamallocasync_allocator.cc:66] 16384, 12
2025-06-29 06:19:57.223497: E external/local_xla/xla/stream_executor/gpu/gpu_cudamallocasync_allocator.cc:66] 32768, 14
2025-06-29 06:19:57.223951: E external/local_xla/xla/stream_executor/gpu/gpu_cudamallocasync_allocator.cc:66] 36864, 6
2025-06-29 06:19:57.224406: E external/local_xla/xla/stream_executor/gpu/gpu_cudamallocasync_allocator.cc:66] 59136, 1
2025-06-29 06:19:57.224924: E external/local_xla/xla/stream_executor/gpu/gpu_cudamallocasync_allocator.cc:66] 65536, 3
2025-06-29 06:19:57.225462: E external/local_xla/xla/stream_executor/gpu/gpu_cudamallocasync_allocator.cc:66] 110592, 6
2025-06-29 06:19:57.225947: E external/local_xla/xla/stream_executor/gpu/gpu_cudamallocasync_allocator.cc:66] 118272, 1
2025-06-29 06:19:57.226382: E external/local_xla/xla/stream_executor/gpu/gpu_cudamallocasync_allocator.cc:66] 131072, 14
2025-06-29 06:19:57.226845: E external/local_xla/xla/stream_executor/gpu/gpu_cudamallocasync_allocator.cc:66] 221184, 6
2025-06-29 06:19:57.227402: E external/local_xla/xla/stream_executor/gpu/gpu_cudamallocasync_allocator.cc:66] 262144, 3
2025-06-29 06:19:57.227929: E external/local_xla/xla/stream_executor/gpu/gpu_cudamallocasync_allocator.cc:66] 393216, 4
2025-06-29 06:19:57.228446: E external/local_xla/xla/stream_executor/gpu/gpu_cudamallocasync_allocator.cc:66] 442368, 6
2025-06-29 06:19:57.228939: E external/local_xla/xla/stream_executor/gpu/gpu_cudamallocasync_allocator.cc:66] 473088, 1
2025-06-29 06:19:57.229425: E external/local_xla/xla/stream_executor/gpu/gpu_cudamallocasync_allocator.cc:66] 524288, 4
2025-06-29 06:19:57.229923: E external/local_xla/xla/stream_executor/gpu/gpu_cudamallocasync_allocator.cc:66] 884736, 7
2025-06-29 06:19:57.230361: E external/local_xla/xla/stream_executor/gpu/gpu_cudamallocasync_allocator.cc:66] 946176, 1
2025-06-29 06:19:57.230878: E external/local_xla/xla/stream_executor/gpu/gpu_cudamallocasync_allocator.cc:66] 1048576, 3
2025-06-29 06:19:57.231446: E external/local_xla/xla/stream_executor/gpu/gpu_cudamallocasync_allocator.cc:66] 1769472, 6
2025-06-29 06:19:57.231941: E external/local_xla/xla/stream_executor/gpu/gpu_cudamallocasync_allocator.cc:66] 3145728, 3
2025-06-29 06:19:57.232376: E external/local_xla/xla/stream_executor/gpu/gpu_cudamallocasync_allocator.cc:66] 3538944, 6
2025-06-29 06:19:57.232844: E external/local_xla/xla/stream_executor/gpu/gpu_cudamallocasync_allocator.cc:66] 3784704, 4
2025-06-29 06:19:57.233322: E external/local_xla/xla/stream_executor/gpu/gpu_cudamallocasync_allocator.cc:66] 5677056, 6
2025-06-29 06:19:57.233829: E external/local_xla/xla/stream_executor/gpu/gpu_cudamallocasync_allocator.cc:66] 7077888, 6
2025-06-29 06:19:57.234250: E external/local_xla/xla/stream_executor/gpu/gpu_cudamallocasync_allocator.cc:66] 7569408, 1
2025-06-29 06:19:57.234701: E external/local_xla/xla/stream_executor/gpu/gpu_cudamallocasync_allocator.cc:66] 10616832, 3
2025-06-29 06:19:57.235186: E external/local_xla/xla/stream_executor/gpu/gpu_cudamallocasync_allocator.cc:66] 14155776, 3
2025-06-29 06:19:57.235671: E external/local_xla/xla/stream_executor/gpu/gpu_cudamallocasync_allocator.cc:66] 15138816, 5
2025-06-29 06:19:57.236220: E external/local_xla/xla/stream_executor/gpu/gpu_cudamallocasync_allocator.cc:66] 15925248, 3
2025-06-29 06:19:57.236700: E external/local_xla/xla/stream_executor/gpu/gpu_cudamallocasync_allocator.cc:66] 30277632, 17
2025-06-29 06:19:57.237152: E external/local_xla/xla/stream_executor/gpu/gpu_cudamallocasync_allocator.cc:66] 60555264, 9
2025-06-29 06:19:57.237709: E external/local_xla/xla/stream_executor/gpu/gpu_cudamallocasync_allocator.cc:66] 121110528, 14
2025-06-29 06:19:57.238237: E external/local_xla/xla/stream_executor/gpu/gpu_cudamallocasync_allocator.cc:66] 242221056, 5
2025-06-29 06:19:57.238723: E external/local_xla/xla/stream_executor/gpu/gpu_cudamallocasync_allocator.cc:66] 484442112, 9
2025-06-29 06:19:57.239175: E external/local_xla/xla/stream_executor/gpu/gpu_cudamallocasync_allocator.cc:66] 968884224, 2
2025-06-29 06:19:57.239680: E external/local_xla/xla/stream_executor/gpu/gpu_cudamallocasync_allocator.cc:66] 1937768448, 7
2025-06-29 06:19:57.240168: E external/local_xla/xla/stream_executor/gpu/gpu_cudamallocasync_allocator.cc:97] CU_MEMPOOL_ATTR_RESERVED_MEM_CURRENT: 24796725248
2025-06-29 06:19:57.240632: E external/local_xla/xla/stream_executor/gpu/gpu_cudamallocasync_allocator.cc:99] CU_MEMPOOL_ATTR_USED_MEM_CURRENT: 24190229210
2025-06-29 06:19:57.241080: E external/local_xla/xla/stream_executor/gpu/gpu_cudamallocasync_allocator.cc:100] CU_MEMPOOL_ATTR_RESERVED_MEM_HIGH: 25132269568
2025-06-29 06:19:57.241496: E external/local_xla/xla/stream_executor/gpu/gpu_cudamallocasync_allocator.cc:101] CU_MEMPOOL_ATTR_USED_MEM_HIGH: 24643317634
2025-06-29 06:19:57.242339: E external/local_xla/xla/stream_executor/gpu/gpu_cudamallocasync_allocator.cc:306] gpu_async_0 cuMemAllocAsync failed to allocate 986546192 bytes: CUDA error: out of memory (CUDA_ERROR_OUT_OF_MEMORY)
 Reported by CUDA: Free memory/Total memory: 364511232/25393496064
2025-06-29 06:19:57.242804: E external/local_xla/xla/stream_executor/gpu/gpu_cudamallocasync_allocator.cc:311] Stats: Limit:                     23575789568
InUse:                     24190229210
MaxInUse:                  24643317634
NumAllocs:                        3672
MaxAllocSize:               6799661232
Reserved:                            0
PeakReserved:                        0
LargestFreeBlock:                    0

2025-06-29 06:19:57.243192: E external/local_xla/xla/stream_executor/gpu/gpu_cudamallocasync_allocator.cc:63] Histogram of current allocation: (allocation_size_in_bytes, nb_allocation_of_that_sizes), ...;
2025-06-29 06:19:57.243594: E external/local_xla/xla/stream_executor/gpu/gpu_cudamallocasync_allocator.cc:66] 1, 18
2025-06-29 06:19:57.244126: E external/local_xla/xla/stream_executor/gpu/gpu_cudamallocasync_allocator.cc:66] 4, 113
2025-06-29 06:19:57.244595: E external/local_xla/xla/stream_executor/gpu/gpu_cudamallocasync_allocator.cc:66] 8, 11
2025-06-29 06:19:57.245101: E external/local_xla/xla/stream_executor/gpu/gpu_cudamallocasync_allocator.cc:66] 12, 3
2025-06-29 06:19:57.245612: E external/local_xla/xla/stream_executor/gpu/gpu_cudamallocasync_allocator.cc:66] 16, 7
2025-06-29 06:19:57.246148: E external/local_xla/xla/stream_executor/gpu/gpu_cudamallocasync_allocator.cc:66] 20, 1
2025-06-29 06:19:57.246646: E external/local_xla/xla/stream_executor/gpu/gpu_cudamallocasync_allocator.cc:66] 32, 7
2025-06-29 06:19:57.247067: E external/local_xla/xla/stream_executor/gpu/gpu_cudamallocasync_allocator.cc:66] 64, 17
2025-06-29 06:19:57.247536: E external/local_xla/xla/stream_executor/gpu/gpu_cudamallocasync_allocator.cc:66] 96, 3
2025-06-29 06:19:57.248063: E external/local_xla/xla/stream_executor/gpu/gpu_cudamallocasync_allocator.cc:66] 128, 103
2025-06-29 06:19:57.248518: E external/local_xla/xla/stream_executor/gpu/gpu_cudamallocasync_allocator.cc:66] 192, 1
2025-06-29 06:19:57.248998: E external/local_xla/xla/stream_executor/gpu/gpu_cudamallocasync_allocator.cc:66] 256, 108
2025-06-29 06:19:57.249524: E external/local_xla/xla/stream_executor/gpu/gpu_cudamallocasync_allocator.cc:66] 512, 102
2025-06-29 06:19:57.250033: E external/local_xla/xla/stream_executor/gpu/gpu_cudamallocasync_allocator.cc:66] 1024, 107
2025-06-29 06:19:57.250504: E external/local_xla/xla/stream_executor/gpu/gpu_cudamallocasync_allocator.cc:66] 1028, 1
2025-06-29 06:19:57.251068: E external/local_xla/xla/stream_executor/gpu/gpu_cudamallocasync_allocator.cc:66] 1536, 44
2025-06-29 06:19:57.251598: E external/local_xla/xla/stream_executor/gpu/gpu_cudamallocasync_allocator.cc:66] 2048, 10
2025-06-29 06:19:57.252091: E external/local_xla/xla/stream_executor/gpu/gpu_cudamallocasync_allocator.cc:66] 3072, 2
2025-06-29 06:19:57.252599: E external/local_xla/xla/stream_executor/gpu/gpu_cudamallocasync_allocator.cc:66] 3456, 3
2025-06-29 06:19:57.253046: E external/local_xla/xla/stream_executor/gpu/gpu_cudamallocasync_allocator.cc:66] 4096, 12
2025-06-29 06:19:57.253534: E external/local_xla/xla/stream_executor/gpu/gpu_cudamallocasync_allocator.cc:66] 8192, 14
2025-06-29 06:19:57.254104: E external/local_xla/xla/stream_executor/gpu/gpu_cudamallocasync_allocator.cc:66] 16384, 12
2025-06-29 06:19:57.254635: E external/local_xla/xla/stream_executor/gpu/gpu_cudamallocasync_allocator.cc:66] 32768, 14
2025-06-29 06:19:57.255168: E external/local_xla/xla/stream_executor/gpu/gpu_cudamallocasync_allocator.cc:66] 36864, 6
2025-06-29 06:19:57.255696: E external/local_xla/xla/stream_executor/gpu/gpu_cudamallocasync_allocator.cc:66] 59136, 1
2025-06-29 06:19:57.256190: E external/local_xla/xla/stream_executor/gpu/gpu_cudamallocasync_allocator.cc:66] 65536, 3
2025-06-29 06:19:57.256738: E external/local_xla/xla/stream_executor/gpu/gpu_cudamallocasync_allocator.cc:66] 110592, 6
2025-06-29 06:19:57.257252: E external/local_xla/xla/stream_executor/gpu/gpu_cudamallocasync_allocator.cc:66] 118272, 1
2025-06-29 06:19:57.257720: E external/local_xla/xla/stream_executor/gpu/gpu_cudamallocasync_allocator.cc:66] 131072, 14
2025-06-29 06:19:57.258391: E external/local_xla/xla/stream_executor/gpu/gpu_cudamallocasync_allocator.cc:66] 221184, 6
2025-06-29 06:19:57.258931: E external/local_xla/xla/stream_executor/gpu/gpu_cudamallocasync_allocator.cc:66] 262144, 3
2025-06-29 06:19:57.259464: E external/local_xla/xla/stream_executor/gpu/gpu_cudamallocasync_allocator.cc:66] 393216, 4
2025-06-29 06:19:57.259985: E external/local_xla/xla/stream_executor/gpu/gpu_cudamallocasync_allocator.cc:66] 442368, 6
2025-06-29 06:19:57.260633: E external/local_xla/xla/stream_executor/gpu/gpu_cudamallocasync_allocator.cc:66] 473088, 1
2025-06-29 06:19:57.261165: E external/local_xla/xla/stream_executor/gpu/gpu_cudamallocasync_allocator.cc:66] 524288, 4
2025-06-29 06:19:57.261624: E external/local_xla/xla/stream_executor/gpu/gpu_cudamallocasync_allocator.cc:66] 884736, 7
2025-06-29 06:19:57.262153: E external/local_xla/xla/stream_executor/gpu/gpu_cudamallocasync_allocator.cc:66] 946176, 1
2025-06-29 06:19:57.262669: E external/local_xla/xla/stream_executor/gpu/gpu_cudamallocasync_allocator.cc:66] 1048576, 3
2025-06-29 06:19:57.263208: E external/local_xla/xla/stream_executor/gpu/gpu_cudamallocasync_allocator.cc:66] 1769472, 6
2025-06-29 06:19:57.263740: E external/local_xla/xla/stream_executor/gpu/gpu_cudamallocasync_allocator.cc:66] 3145728, 3
2025-06-29 06:19:57.264195: E external/local_xla/xla/stream_executor/gpu/gpu_cudamallocasync_allocator.cc:66] 3538944, 6
2025-06-29 06:19:57.264699: E external/local_xla/xla/stream_executor/gpu/gpu_cudamallocasync_allocator.cc:66] 3784704, 4
2025-06-29 06:19:57.265224: E external/local_xla/xla/stream_executor/gpu/gpu_cudamallocasync_allocator.cc:66] 5677056, 6
2025-06-29 06:19:57.265700: E external/local_xla/xla/stream_executor/gpu/gpu_cudamallocasync_allocator.cc:66] 7077888, 6
2025-06-29 06:19:57.266254: E external/local_xla/xla/stream_executor/gpu/gpu_cudamallocasync_allocator.cc:66] 7569408, 1
2025-06-29 06:19:57.266766: E external/local_xla/xla/stream_executor/gpu/gpu_cudamallocasync_allocator.cc:66] 10616832, 3
2025-06-29 06:19:57.267357: E external/local_xla/xla/stream_executor/gpu/gpu_cudamallocasync_allocator.cc:66] 14155776, 3
2025-06-29 06:19:57.267854: E external/local_xla/xla/stream_executor/gpu/gpu_cudamallocasync_allocator.cc:66] 15138816, 5
2025-06-29 06:19:57.268303: E external/local_xla/xla/stream_executor/gpu/gpu_cudamallocasync_allocator.cc:66] 15925248, 3
2025-06-29 06:19:57.268770: E external/local_xla/xla/stream_executor/gpu/gpu_cudamallocasync_allocator.cc:66] 30277632, 17
2025-06-29 06:19:57.269268: E external/local_xla/xla/stream_executor/gpu/gpu_cudamallocasync_allocator.cc:66] 60555264, 9
2025-06-29 06:19:57.269757: E external/local_xla/xla/stream_executor/gpu/gpu_cudamallocasync_allocator.cc:66] 121110528, 14
2025-06-29 06:19:57.270225: E external/local_xla/xla/stream_executor/gpu/gpu_cudamallocasync_allocator.cc:66] 242221056, 5
2025-06-29 06:19:57.270741: E external/local_xla/xla/stream_executor/gpu/gpu_cudamallocasync_allocator.cc:66] 484442112, 9
2025-06-29 06:19:57.271304: E external/local_xla/xla/stream_executor/gpu/gpu_cudamallocasync_allocator.cc:66] 968884224, 2
2025-06-29 06:19:57.271808: E external/local_xla/xla/stream_executor/gpu/gpu_cudamallocasync_allocator.cc:66] 1937768448, 7
2025-06-29 06:19:57.272294: E external/local_xla/xla/stream_executor/gpu/gpu_cudamallocasync_allocator.cc:97] CU_MEMPOOL_ATTR_RESERVED_MEM_CURRENT: 24796725248
2025-06-29 06:19:57.272707: E external/local_xla/xla/stream_executor/gpu/gpu_cudamallocasync_allocator.cc:99] CU_MEMPOOL_ATTR_USED_MEM_CURRENT: 24190229210
2025-06-29 06:19:57.273119: E external/local_xla/xla/stream_executor/gpu/gpu_cudamallocasync_allocator.cc:100] CU_MEMPOOL_ATTR_RESERVED_MEM_HIGH: 25132269568
2025-06-29 06:19:57.273468: E external/local_xla/xla/stream_executor/gpu/gpu_cudamallocasync_allocator.cc:101] CU_MEMPOOL_ATTR_USED_MEM_HIGH: 24643317634
2025-06-29 06:19:57.274409: E external/local_xla/xla/stream_executor/gpu/gpu_cudamallocasync_allocator.cc:306] gpu_async_0 cuMemAllocAsync failed to allocate 986546192 bytes: CUDA error: out of memory (CUDA_ERROR_OUT_OF_MEMORY)
 Reported by CUDA: Free memory/Total memory: 364511232/25393496064
2025-06-29 06:19:57.274877: E external/local_xla/xla/stream_executor/gpu/gpu_cudamallocasync_allocator.cc:311] Stats: Limit:                     23575789568
InUse:                     24190229210
MaxInUse:                  24643317634
NumAllocs:                        3672
MaxAllocSize:               6799661232
Reserved:                            0
PeakReserved:                        0
LargestFreeBlock:                    0

2025-06-29 06:19:57.275328: E external/local_xla/xla/stream_executor/gpu/gpu_cudamallocasync_allocator.cc:63] Histogram of current allocation: (allocation_size_in_bytes, nb_allocation_of_that_sizes), ...;
2025-06-29 06:19:57.275740: E external/local_xla/xla/stream_executor/gpu/gpu_cudamallocasync_allocator.cc:66] 1, 18
2025-06-29 06:19:57.276252: E external/local_xla/xla/stream_executor/gpu/gpu_cudamallocasync_allocator.cc:66] 4, 113
2025-06-29 06:19:57.276710: E external/local_xla/xla/stream_executor/gpu/gpu_cudamallocasync_allocator.cc:66] 8, 11
2025-06-29 06:19:57.277214: E external/local_xla/xla/stream_executor/gpu/gpu_cudamallocasync_allocator.cc:66] 12, 3
2025-06-29 06:19:57.277721: E external/local_xla/xla/stream_executor/gpu/gpu_cudamallocasync_allocator.cc:66] 16, 7
2025-06-29 06:19:57.278179: E external/local_xla/xla/stream_executor/gpu/gpu_cudamallocasync_allocator.cc:66] 20, 1
2025-06-29 06:19:57.278632: E external/local_xla/xla/stream_executor/gpu/gpu_cudamallocasync_allocator.cc:66] 32, 7
2025-06-29 06:19:57.279235: E external/local_xla/xla/stream_executor/gpu/gpu_cudamallocasync_allocator.cc:66] 64, 17
2025-06-29 06:19:57.279696: E external/local_xla/xla/stream_executor/gpu/gpu_cudamallocasync_allocator.cc:66] 96, 3
2025-06-29 06:19:57.280132: E external/local_xla/xla/stream_executor/gpu/gpu_cudamallocasync_allocator.cc:66] 128, 103
2025-06-29 06:19:57.280629: E external/local_xla/xla/stream_executor/gpu/gpu_cudamallocasync_allocator.cc:66] 192, 1
2025-06-29 06:19:57.281250: E external/local_xla/xla/stream_executor/gpu/gpu_cudamallocasync_allocator.cc:66] 256, 108
2025-06-29 06:19:57.281759: E external/local_xla/xla/stream_executor/gpu/gpu_cudamallocasync_allocator.cc:66] 512, 102
2025-06-29 06:19:57.282223: E external/local_xla/xla/stream_executor/gpu/gpu_cudamallocasync_allocator.cc:66] 1024, 107
2025-06-29 06:19:57.282664: E external/local_xla/xla/stream_executor/gpu/gpu_cudamallocasync_allocator.cc:66] 1028, 1
2025-06-29 06:19:57.283105: E external/local_xla/xla/stream_executor/gpu/gpu_cudamallocasync_allocator.cc:66] 1536, 44
2025-06-29 06:19:57.283633: E external/local_xla/xla/stream_executor/gpu/gpu_cudamallocasync_allocator.cc:66] 2048, 10
2025-06-29 06:19:57.284145: E external/local_xla/xla/stream_executor/gpu/gpu_cudamallocasync_allocator.cc:66] 3072, 2
2025-06-29 06:19:57.284581: E external/local_xla/xla/stream_executor/gpu/gpu_cudamallocasync_allocator.cc:66] 3456, 3
2025-06-29 06:19:57.285048: E external/local_xla/xla/stream_executor/gpu/gpu_cudamallocasync_allocator.cc:66] 4096, 12
2025-06-29 06:19:57.285617: E external/local_xla/xla/stream_executor/gpu/gpu_cudamallocasync_allocator.cc:66] 8192, 14
2025-06-29 06:19:57.286139: E external/local_xla/xla/stream_executor/gpu/gpu_cudamallocasync_allocator.cc:66] 16384, 12
2025-06-29 06:19:57.286683: E external/local_xla/xla/stream_executor/gpu/gpu_cudamallocasync_allocator.cc:66] 32768, 14
2025-06-29 06:19:57.287190: E external/local_xla/xla/stream_executor/gpu/gpu_cudamallocasync_allocator.cc:66] 36864, 6
2025-06-29 06:19:57.287737: E external/local_xla/xla/stream_executor/gpu/gpu_cudamallocasync_allocator.cc:66] 59136, 1
2025-06-29 06:19:57.288257: E external/local_xla/xla/stream_executor/gpu/gpu_cudamallocasync_allocator.cc:66] 65536, 3
2025-06-29 06:19:57.288763: E external/local_xla/xla/stream_executor/gpu/gpu_cudamallocasync_allocator.cc:66] 110592, 6
2025-06-29 06:19:57.289199: E external/local_xla/xla/stream_executor/gpu/gpu_cudamallocasync_allocator.cc:66] 118272, 1
2025-06-29 06:19:57.289652: E external/local_xla/xla/stream_executor/gpu/gpu_cudamallocasync_allocator.cc:66] 131072, 14
2025-06-29 06:19:57.290194: E external/local_xla/xla/stream_executor/gpu/gpu_cudamallocasync_allocator.cc:66] 221184, 6
2025-06-29 06:19:57.290698: E external/local_xla/xla/stream_executor/gpu/gpu_cudamallocasync_allocator.cc:66] 262144, 3
2025-06-29 06:19:57.291146: E external/local_xla/xla/stream_executor/gpu/gpu_cudamallocasync_allocator.cc:66] 393216, 4
2025-06-29 06:19:57.291621: E external/local_xla/xla/stream_executor/gpu/gpu_cudamallocasync_allocator.cc:66] 442368, 6
2025-06-29 06:19:57.292236: E external/local_xla/xla/stream_executor/gpu/gpu_cudamallocasync_allocator.cc:66] 473088, 1
2025-06-29 06:19:57.292784: E external/local_xla/xla/stream_executor/gpu/gpu_cudamallocasync_allocator.cc:66] 524288, 4
2025-06-29 06:19:57.293305: E external/local_xla/xla/stream_executor/gpu/gpu_cudamallocasync_allocator.cc:66] 884736, 7
2025-06-29 06:19:57.293812: E external/local_xla/xla/stream_executor/gpu/gpu_cudamallocasync_allocator.cc:66] 946176, 1
2025-06-29 06:19:57.294322: E external/local_xla/xla/stream_executor/gpu/gpu_cudamallocasync_allocator.cc:66] 1048576, 3
2025-06-29 06:19:57.294815: E external/local_xla/xla/stream_executor/gpu/gpu_cudamallocasync_allocator.cc:66] 1769472, 6
2025-06-29 06:19:57.295250: E external/local_xla/xla/stream_executor/gpu/gpu_cudamallocasync_allocator.cc:66] 3145728, 3
2025-06-29 06:19:57.295683: E external/local_xla/xla/stream_executor/gpu/gpu_cudamallocasync_allocator.cc:66] 3538944, 6
2025-06-29 06:19:57.296168: E external/local_xla/xla/stream_executor/gpu/gpu_cudamallocasync_allocator.cc:66] 3784704, 4
2025-06-29 06:19:57.296608: E external/local_xla/xla/stream_executor/gpu/gpu_cudamallocasync_allocator.cc:66] 5677056, 6
2025-06-29 06:19:57.297100: E external/local_xla/xla/stream_executor/gpu/gpu_cudamallocasync_allocator.cc:66] 7077888, 6
2025-06-29 06:19:57.297610: E external/local_xla/xla/stream_executor/gpu/gpu_cudamallocasync_allocator.cc:66] 7569408, 1
2025-06-29 06:19:57.298106: E external/local_xla/xla/stream_executor/gpu/gpu_cudamallocasync_allocator.cc:66] 10616832, 3
2025-06-29 06:19:57.298750: E external/local_xla/xla/stream_executor/gpu/gpu_cudamallocasync_allocator.cc:66] 14155776, 3
2025-06-29 06:19:57.299303: E external/local_xla/xla/stream_executor/gpu/gpu_cudamallocasync_allocator.cc:66] 15138816, 5
2025-06-29 06:19:57.299810: E external/local_xla/xla/stream_executor/gpu/gpu_cudamallocasync_allocator.cc:66] 15925248, 3
2025-06-29 06:19:57.300354: E external/local_xla/xla/stream_executor/gpu/gpu_cudamallocasync_allocator.cc:66] 30277632, 17
2025-06-29 06:19:57.300983: E external/local_xla/xla/stream_executor/gpu/gpu_cudamallocasync_allocator.cc:66] 60555264, 9
2025-06-29 06:19:57.301483: E external/local_xla/xla/stream_executor/gpu/gpu_cudamallocasync_allocator.cc:66] 121110528, 14
2025-06-29 06:19:57.301985: E external/local_xla/xla/stream_executor/gpu/gpu_cudamallocasync_allocator.cc:66] 242221056, 5
2025-06-29 06:19:57.302440: E external/local_xla/xla/stream_executor/gpu/gpu_cudamallocasync_allocator.cc:66] 484442112, 9
2025-06-29 06:19:57.302965: E external/local_xla/xla/stream_executor/gpu/gpu_cudamallocasync_allocator.cc:66] 968884224, 2
2025-06-29 06:19:57.303471: E external/local_xla/xla/stream_executor/gpu/gpu_cudamallocasync_allocator.cc:66] 1937768448, 7
2025-06-29 06:19:57.303894: E external/local_xla/xla/stream_executor/gpu/gpu_cudamallocasync_allocator.cc:97] CU_MEMPOOL_ATTR_RESERVED_MEM_CURRENT: 24796725248
2025-06-29 06:19:57.304251: E external/local_xla/xla/stream_executor/gpu/gpu_cudamallocasync_allocator.cc:99] CU_MEMPOOL_ATTR_USED_MEM_CURRENT: 24190229210
2025-06-29 06:19:57.304691: E external/local_xla/xla/stream_executor/gpu/gpu_cudamallocasync_allocator.cc:100] CU_MEMPOOL_ATTR_RESERVED_MEM_HIGH: 25132269568
2025-06-29 06:19:57.305034: E external/local_xla/xla/stream_executor/gpu/gpu_cudamallocasync_allocator.cc:101] CU_MEMPOOL_ATTR_USED_MEM_HIGH: 24643317634
2025-06-29 06:19:57.305926: E external/local_xla/xla/stream_executor/gpu/gpu_cudamallocasync_allocator.cc:306] gpu_async_0 cuMemAllocAsync failed to allocate 1470988304 bytes: CUDA error: out of memory (CUDA_ERROR_OUT_OF_MEMORY)
 Reported by CUDA: Free memory/Total memory: 364511232/25393496064
2025-06-29 06:19:57.306418: E external/local_xla/xla/stream_executor/gpu/gpu_cudamallocasync_allocator.cc:311] Stats: Limit:                     23575789568
InUse:                     24190229210
MaxInUse:                  24643317634
NumAllocs:                        3672
MaxAllocSize:               6799661232
Reserved:                            0
PeakReserved:                        0
LargestFreeBlock:                    0

2025-06-29 06:19:57.306788: E external/local_xla/xla/stream_executor/gpu/gpu_cudamallocasync_allocator.cc:63] Histogram of current allocation: (allocation_size_in_bytes, nb_allocation_of_that_sizes), ...;
2025-06-29 06:19:57.307166: E external/local_xla/xla/stream_executor/gpu/gpu_cudamallocasync_allocator.cc:66] 1, 18
2025-06-29 06:19:57.307628: E external/local_xla/xla/stream_executor/gpu/gpu_cudamallocasync_allocator.cc:66] 4, 113
2025-06-29 06:19:57.308163: E external/local_xla/xla/stream_executor/gpu/gpu_cudamallocasync_allocator.cc:66] 8, 11
2025-06-29 06:19:57.308688: E external/local_xla/xla/stream_executor/gpu/gpu_cudamallocasync_allocator.cc:66] 12, 3
2025-06-29 06:19:57.309206: E external/local_xla/xla/stream_executor/gpu/gpu_cudamallocasync_allocator.cc:66] 16, 7
2025-06-29 06:19:57.309700: E external/local_xla/xla/stream_executor/gpu/gpu_cudamallocasync_allocator.cc:66] 20, 1
2025-06-29 06:19:57.310250: E external/local_xla/xla/stream_executor/gpu/gpu_cudamallocasync_allocator.cc:66] 32, 7
2025-06-29 06:19:57.310716: E external/local_xla/xla/stream_executor/gpu/gpu_cudamallocasync_allocator.cc:66] 64, 17
2025-06-29 06:19:57.311165: E external/local_xla/xla/stream_executor/gpu/gpu_cudamallocasync_allocator.cc:66] 96, 3
2025-06-29 06:19:57.311607: E external/local_xla/xla/stream_executor/gpu/gpu_cudamallocasync_allocator.cc:66] 128, 103
2025-06-29 06:19:57.312117: E external/local_xla/xla/stream_executor/gpu/gpu_cudamallocasync_allocator.cc:66] 192, 1
2025-06-29 06:19:57.312597: E external/local_xla/xla/stream_executor/gpu/gpu_cudamallocasync_allocator.cc:66] 256, 108
2025-06-29 06:19:57.313108: E external/local_xla/xla/stream_executor/gpu/gpu_cudamallocasync_allocator.cc:66] 512, 102
2025-06-29 06:19:57.313603: E external/local_xla/xla/stream_executor/gpu/gpu_cudamallocasync_allocator.cc:66] 1024, 107
2025-06-29 06:19:57.314071: E external/local_xla/xla/stream_executor/gpu/gpu_cudamallocasync_allocator.cc:66] 1028, 1
2025-06-29 06:19:57.314661: E external/local_xla/xla/stream_executor/gpu/gpu_cudamallocasync_allocator.cc:66] 1536, 44
2025-06-29 06:19:57.315189: E external/local_xla/xla/stream_executor/gpu/gpu_cudamallocasync_allocator.cc:66] 2048, 10
2025-06-29 06:19:57.315654: E external/local_xla/xla/stream_executor/gpu/gpu_cudamallocasync_allocator.cc:66] 3072, 2
2025-06-29 06:19:57.316161: E external/local_xla/xla/stream_executor/gpu/gpu_cudamallocasync_allocator.cc:66] 3456, 3
2025-06-29 06:19:57.316688: E external/local_xla/xla/stream_executor/gpu/gpu_cudamallocasync_allocator.cc:66] 4096, 12
2025-06-29 06:19:57.317185: E external/local_xla/xla/stream_executor/gpu/gpu_cudamallocasync_allocator.cc:66] 8192, 14
2025-06-29 06:19:57.317694: E external/local_xla/xla/stream_executor/gpu/gpu_cudamallocasync_allocator.cc:66] 16384, 12
2025-06-29 06:19:57.318142: E external/local_xla/xla/stream_executor/gpu/gpu_cudamallocasync_allocator.cc:66] 32768, 14
2025-06-29 06:19:57.318642: E external/local_xla/xla/stream_executor/gpu/gpu_cudamallocasync_allocator.cc:66] 36864, 6
2025-06-29 06:19:57.319205: E external/local_xla/xla/stream_executor/gpu/gpu_cudamallocasync_allocator.cc:66] 59136, 1
2025-06-29 06:19:57.319702: E external/local_xla/xla/stream_executor/gpu/gpu_cudamallocasync_allocator.cc:66] 65536, 3
2025-06-29 06:19:57.320175: E external/local_xla/xla/stream_executor/gpu/gpu_cudamallocasync_allocator.cc:66] 110592, 6
2025-06-29 06:19:57.320695: E external/local_xla/xla/stream_executor/gpu/gpu_cudamallocasync_allocator.cc:66] 118272, 1
2025-06-29 06:19:57.321256: E external/local_xla/xla/stream_executor/gpu/gpu_cudamallocasync_allocator.cc:66] 131072, 14
2025-06-29 06:19:57.321700: E external/local_xla/xla/stream_executor/gpu/gpu_cudamallocasync_allocator.cc:66] 221184, 6
2025-06-29 06:19:57.322124: E external/local_xla/xla/stream_executor/gpu/gpu_cudamallocasync_allocator.cc:66] 262144, 3
2025-06-29 06:19:57.322597: E external/local_xla/xla/stream_executor/gpu/gpu_cudamallocasync_allocator.cc:66] 393216, 4
2025-06-29 06:19:57.323153: E external/local_xla/xla/stream_executor/gpu/gpu_cudamallocasync_allocator.cc:66] 442368, 6
2025-06-29 06:19:57.323627: E external/local_xla/xla/stream_executor/gpu/gpu_cudamallocasync_allocator.cc:66] 473088, 1
2025-06-29 06:19:57.324170: E external/local_xla/xla/stream_executor/gpu/gpu_cudamallocasync_allocator.cc:66] 524288, 4
2025-06-29 06:19:57.324671: E external/local_xla/xla/stream_executor/gpu/gpu_cudamallocasync_allocator.cc:66] 884736, 7
2025-06-29 06:19:57.325132: E external/local_xla/xla/stream_executor/gpu/gpu_cudamallocasync_allocator.cc:66] 946176, 1
2025-06-29 06:19:57.325579: E external/local_xla/xla/stream_executor/gpu/gpu_cudamallocasync_allocator.cc:66] 1048576, 3
2025-06-29 06:19:57.326075: E external/local_xla/xla/stream_executor/gpu/gpu_cudamallocasync_allocator.cc:66] 1769472, 6
2025-06-29 06:19:57.326599: E external/local_xla/xla/stream_executor/gpu/gpu_cudamallocasync_allocator.cc:66] 3145728, 3
2025-06-29 06:19:57.327095: E external/local_xla/xla/stream_executor/gpu/gpu_cudamallocasync_allocator.cc:66] 3538944, 6
2025-06-29 06:19:57.327588: E external/local_xla/xla/stream_executor/gpu/gpu_cudamallocasync_allocator.cc:66] 3784704, 4
2025-06-29 06:19:57.328104: E external/local_xla/xla/stream_executor/gpu/gpu_cudamallocasync_allocator.cc:66] 5677056, 6
2025-06-29 06:19:57.328598: E external/local_xla/xla/stream_executor/gpu/gpu_cudamallocasync_allocator.cc:66] 7077888, 6
2025-06-29 06:19:57.329061: E external/local_xla/xla/stream_executor/gpu/gpu_cudamallocasync_allocator.cc:66] 7569408, 1
2025-06-29 06:19:57.329567: E external/local_xla/xla/stream_executor/gpu/gpu_cudamallocasync_allocator.cc:66] 10616832, 3
2025-06-29 06:19:57.330080: E external/local_xla/xla/stream_executor/gpu/gpu_cudamallocasync_allocator.cc:66] 14155776, 3
2025-06-29 06:19:57.330531: E external/local_xla/xla/stream_executor/gpu/gpu_cudamallocasync_allocator.cc:66] 15138816, 5
2025-06-29 06:19:57.331029: E external/local_xla/xla/stream_executor/gpu/gpu_cudamallocasync_allocator.cc:66] 15925248, 3
2025-06-29 06:19:57.331648: E external/local_xla/xla/stream_executor/gpu/gpu_cudamallocasync_allocator.cc:66] 30277632, 17
2025-06-29 06:19:57.332171: E external/local_xla/xla/stream_executor/gpu/gpu_cudamallocasync_allocator.cc:66] 60555264, 9
2025-06-29 06:19:57.332662: E external/local_xla/xla/stream_executor/gpu/gpu_cudamallocasync_allocator.cc:66] 121110528, 14
2025-06-29 06:19:57.333101: E external/local_xla/xla/stream_executor/gpu/gpu_cudamallocasync_allocator.cc:66] 242221056, 5
2025-06-29 06:19:57.333607: E external/local_xla/xla/stream_executor/gpu/gpu_cudamallocasync_allocator.cc:66] 484442112, 9
2025-06-29 06:19:57.334060: E external/local_xla/xla/stream_executor/gpu/gpu_cudamallocasync_allocator.cc:66] 968884224, 2
2025-06-29 06:19:57.334557: E external/local_xla/xla/stream_executor/gpu/gpu_cudamallocasync_allocator.cc:66] 1937768448, 7
2025-06-29 06:19:57.335039: E external/local_xla/xla/stream_executor/gpu/gpu_cudamallocasync_allocator.cc:97] CU_MEMPOOL_ATTR_RESERVED_MEM_CURRENT: 24796725248
2025-06-29 06:19:57.335483: E external/local_xla/xla/stream_executor/gpu/gpu_cudamallocasync_allocator.cc:99] CU_MEMPOOL_ATTR_USED_MEM_CURRENT: 24190229210
2025-06-29 06:19:57.335895: E external/local_xla/xla/stream_executor/gpu/gpu_cudamallocasync_allocator.cc:100] CU_MEMPOOL_ATTR_RESERVED_MEM_HIGH: 25132269568
2025-06-29 06:19:57.336253: E external/local_xla/xla/stream_executor/gpu/gpu_cudamallocasync_allocator.cc:101] CU_MEMPOOL_ATTR_USED_MEM_HIGH: 24643317634
2025-06-29 06:19:57.337176: E external/local_xla/xla/stream_executor/gpu/gpu_cudamallocasync_allocator.cc:306] gpu_async_0 cuMemAllocAsync failed to allocate 1470988304 bytes: CUDA error: out of memory (CUDA_ERROR_OUT_OF_MEMORY)
 Reported by CUDA: Free memory/Total memory: 364511232/25393496064
2025-06-29 06:19:57.337663: E external/local_xla/xla/stream_executor/gpu/gpu_cudamallocasync_allocator.cc:311] Stats: Limit:                     23575789568
InUse:                     24190229210
MaxInUse:                  24643317634
NumAllocs:                        3672
MaxAllocSize:               6799661232
Reserved:                            0
PeakReserved:                        0
LargestFreeBlock:                    0

2025-06-29 06:19:57.338121: E external/local_xla/xla/stream_executor/gpu/gpu_cudamallocasync_allocator.cc:63] Histogram of current allocation: (allocation_size_in_bytes, nb_allocation_of_that_sizes), ...;
2025-06-29 06:19:57.338525: E external/local_xla/xla/stream_executor/gpu/gpu_cudamallocasync_allocator.cc:66] 1, 18
2025-06-29 06:19:57.339028: E external/local_xla/xla/stream_executor/gpu/gpu_cudamallocasync_allocator.cc:66] 4, 113
2025-06-29 06:19:57.339529: E external/local_xla/xla/stream_executor/gpu/gpu_cudamallocasync_allocator.cc:66] 8, 11
2025-06-29 06:19:57.339963: E external/local_xla/xla/stream_executor/gpu/gpu_cudamallocasync_allocator.cc:66] 12, 3
2025-06-29 06:19:57.340405: E external/local_xla/xla/stream_executor/gpu/gpu_cudamallocasync_allocator.cc:66] 16, 7
2025-06-29 06:19:57.340858: E external/local_xla/xla/stream_executor/gpu/gpu_cudamallocasync_allocator.cc:66] 20, 1
2025-06-29 06:19:57.341396: E external/local_xla/xla/stream_executor/gpu/gpu_cudamallocasync_allocator.cc:66] 32, 7
2025-06-29 06:19:57.341889: E external/local_xla/xla/stream_executor/gpu/gpu_cudamallocasync_allocator.cc:66] 64, 17
2025-06-29 06:19:57.342319: E external/local_xla/xla/stream_executor/gpu/gpu_cudamallocasync_allocator.cc:66] 96, 3
2025-06-29 06:19:57.342760: E external/local_xla/xla/stream_executor/gpu/gpu_cudamallocasync_allocator.cc:66] 128, 103
2025-06-29 06:19:57.343219: E external/local_xla/xla/stream_executor/gpu/gpu_cudamallocasync_allocator.cc:66] 192, 1
2025-06-29 06:19:57.343700: E external/local_xla/xla/stream_executor/gpu/gpu_cudamallocasync_allocator.cc:66] 256, 108
2025-06-29 06:19:57.344213: E external/local_xla/xla/stream_executor/gpu/gpu_cudamallocasync_allocator.cc:66] 512, 102
2025-06-29 06:19:57.344715: E external/local_xla/xla/stream_executor/gpu/gpu_cudamallocasync_allocator.cc:66] 1024, 107
2025-06-29 06:19:57.345231: E external/local_xla/xla/stream_executor/gpu/gpu_cudamallocasync_allocator.cc:66] 1028, 1
2025-06-29 06:19:57.345724: E external/local_xla/xla/stream_executor/gpu/gpu_cudamallocasync_allocator.cc:66] 1536, 44
2025-06-29 06:19:57.346172: E external/local_xla/xla/stream_executor/gpu/gpu_cudamallocasync_allocator.cc:66] 2048, 10
2025-06-29 06:19:57.346695: E external/local_xla/xla/stream_executor/gpu/gpu_cudamallocasync_allocator.cc:66] 3072, 2
2025-06-29 06:19:57.347143: E external/local_xla/xla/stream_executor/gpu/gpu_cudamallocasync_allocator.cc:66] 3456, 3
2025-06-29 06:19:57.347645: E external/local_xla/xla/stream_executor/gpu/gpu_cudamallocasync_allocator.cc:66] 4096, 12
2025-06-29 06:19:57.348143: E external/local_xla/xla/stream_executor/gpu/gpu_cudamallocasync_allocator.cc:66] 8192, 14
2025-06-29 06:19:57.348585: E external/local_xla/xla/stream_executor/gpu/gpu_cudamallocasync_allocator.cc:66] 16384, 12
2025-06-29 06:19:57.349038: E external/local_xla/xla/stream_executor/gpu/gpu_cudamallocasync_allocator.cc:66] 32768, 14
2025-06-29 06:19:57.349611: E external/local_xla/xla/stream_executor/gpu/gpu_cudamallocasync_allocator.cc:66] 36864, 6
2025-06-29 06:19:57.350141: E external/local_xla/xla/stream_executor/gpu/gpu_cudamallocasync_allocator.cc:66] 59136, 1
2025-06-29 06:19:57.350665: E external/local_xla/xla/stream_executor/gpu/gpu_cudamallocasync_allocator.cc:66] 65536, 3
2025-06-29 06:19:57.351150: E external/local_xla/xla/stream_executor/gpu/gpu_cudamallocasync_allocator.cc:66] 110592, 6
2025-06-29 06:19:57.351652: E external/local_xla/xla/stream_executor/gpu/gpu_cudamallocasync_allocator.cc:66] 118272, 1
2025-06-29 06:19:57.352093: E external/local_xla/xla/stream_executor/gpu/gpu_cudamallocasync_allocator.cc:66] 131072, 14
2025-06-29 06:19:57.352523: E external/local_xla/xla/stream_executor/gpu/gpu_cudamallocasync_allocator.cc:66] 221184, 6
2025-06-29 06:19:57.352972: E external/local_xla/xla/stream_executor/gpu/gpu_cudamallocasync_allocator.cc:66] 262144, 3
2025-06-29 06:19:57.353453: E external/local_xla/xla/stream_executor/gpu/gpu_cudamallocasync_allocator.cc:66] 393216, 4
2025-06-29 06:19:57.354015: E external/local_xla/xla/stream_executor/gpu/gpu_cudamallocasync_allocator.cc:66] 442368, 6
2025-06-29 06:19:57.354530: E external/local_xla/xla/stream_executor/gpu/gpu_cudamallocasync_allocator.cc:66] 473088, 1
2025-06-29 06:19:57.354980: E external/local_xla/xla/stream_executor/gpu/gpu_cudamallocasync_allocator.cc:66] 524288, 4
2025-06-29 06:19:57.355452: E external/local_xla/xla/stream_executor/gpu/gpu_cudamallocasync_allocator.cc:66] 884736, 7
2025-06-29 06:19:57.356024: E external/local_xla/xla/stream_executor/gpu/gpu_cudamallocasync_allocator.cc:66] 946176, 1
2025-06-29 06:19:57.356548: E external/local_xla/xla/stream_executor/gpu/gpu_cudamallocasync_allocator.cc:66] 1048576, 3
2025-06-29 06:19:57.357052: E external/local_xla/xla/stream_executor/gpu/gpu_cudamallocasync_allocator.cc:66] 1769472, 6
2025-06-29 06:19:57.357487: E external/local_xla/xla/stream_executor/gpu/gpu_cudamallocasync_allocator.cc:66] 3145728, 3
2025-06-29 06:19:57.358013: E external/local_xla/xla/stream_executor/gpu/gpu_cudamallocasync_allocator.cc:66] 3538944, 6
2025-06-29 06:19:57.358516: E external/local_xla/xla/stream_executor/gpu/gpu_cudamallocasync_allocator.cc:66] 3784704, 4
2025-06-29 06:19:57.358993: E external/local_xla/xla/stream_executor/gpu/gpu_cudamallocasync_allocator.cc:66] 5677056, 6
2025-06-29 06:19:57.359438: E external/local_xla/xla/stream_executor/gpu/gpu_cudamallocasync_allocator.cc:66] 7077888, 6
2025-06-29 06:19:57.359999: E external/local_xla/xla/stream_executor/gpu/gpu_cudamallocasync_allocator.cc:66] 7569408, 1
2025-06-29 06:19:57.360414: E external/local_xla/xla/stream_executor/gpu/gpu_cudamallocasync_allocator.cc:66] 10616832, 3
2025-06-29 06:19:57.360832: E external/local_xla/xla/stream_executor/gpu/gpu_cudamallocasync_allocator.cc:66] 14155776, 3
2025-06-29 06:19:57.361342: E external/local_xla/xla/stream_executor/gpu/gpu_cudamallocasync_allocator.cc:66] 15138816, 5
2025-06-29 06:19:57.361825: E external/local_xla/xla/stream_executor/gpu/gpu_cudamallocasync_allocator.cc:66] 15925248, 3
2025-06-29 06:19:57.362433: E external/local_xla/xla/stream_executor/gpu/gpu_cudamallocasync_allocator.cc:66] 30277632, 17
2025-06-29 06:19:57.362972: E external/local_xla/xla/stream_executor/gpu/gpu_cudamallocasync_allocator.cc:66] 60555264, 9
2025-06-29 06:19:57.363450: E external/local_xla/xla/stream_executor/gpu/gpu_cudamallocasync_allocator.cc:66] 121110528, 14
2025-06-29 06:19:57.363865: E external/local_xla/xla/stream_executor/gpu/gpu_cudamallocasync_allocator.cc:66] 242221056, 5
2025-06-29 06:19:57.364404: E external/local_xla/xla/stream_executor/gpu/gpu_cudamallocasync_allocator.cc:66] 484442112, 9
2025-06-29 06:19:57.364835: E external/local_xla/xla/stream_executor/gpu/gpu_cudamallocasync_allocator.cc:66] 968884224, 2
2025-06-29 06:19:57.365269: E external/local_xla/xla/stream_executor/gpu/gpu_cudamallocasync_allocator.cc:66] 1937768448, 7
2025-06-29 06:19:57.365707: E external/local_xla/xla/stream_executor/gpu/gpu_cudamallocasync_allocator.cc:97] CU_MEMPOOL_ATTR_RESERVED_MEM_CURRENT: 24796725248
2025-06-29 06:19:57.366276: E external/local_xla/xla/stream_executor/gpu/gpu_cudamallocasync_allocator.cc:99] CU_MEMPOOL_ATTR_USED_MEM_CURRENT: 24190229210
2025-06-29 06:19:57.366730: E external/local_xla/xla/stream_executor/gpu/gpu_cudamallocasync_allocator.cc:100] CU_MEMPOOL_ATTR_RESERVED_MEM_HIGH: 25132269568
2025-06-29 06:19:57.367172: E external/local_xla/xla/stream_executor/gpu/gpu_cudamallocasync_allocator.cc:101] CU_MEMPOOL_ATTR_USED_MEM_HIGH: 24643317634
2025-06-29 06:19:57.368169: E external/local_xla/xla/stream_executor/gpu/gpu_cudamallocasync_allocator.cc:306] gpu_async_0 cuMemAllocAsync failed to allocate 1955548848 bytes: CUDA error: out of memory (CUDA_ERROR_OUT_OF_MEMORY)
 Reported by CUDA: Free memory/Total memory: 364511232/25393496064
2025-06-29 06:19:57.368610: E external/local_xla/xla/stream_executor/gpu/gpu_cudamallocasync_allocator.cc:311] Stats: Limit:                     23575789568
InUse:                     24190229210
MaxInUse:                  24643317634
NumAllocs:                        3672
MaxAllocSize:               6799661232
Reserved:                            0
PeakReserved:                        0
LargestFreeBlock:                    0

2025-06-29 06:19:57.369095: E external/local_xla/xla/stream_executor/gpu/gpu_cudamallocasync_allocator.cc:63] Histogram of current allocation: (allocation_size_in_bytes, nb_allocation_of_that_sizes), ...;
2025-06-29 06:19:57.369471: E external/local_xla/xla/stream_executor/gpu/gpu_cudamallocasync_allocator.cc:66] 1, 18
2025-06-29 06:19:57.370031: E external/local_xla/xla/stream_executor/gpu/gpu_cudamallocasync_allocator.cc:66] 4, 113
2025-06-29 06:19:57.370508: E external/local_xla/xla/stream_executor/gpu/gpu_cudamallocasync_allocator.cc:66] 8, 11
2025-06-29 06:19:57.370965: E external/local_xla/xla/stream_executor/gpu/gpu_cudamallocasync_allocator.cc:66] 12, 3
2025-06-29 06:19:57.371385: E external/local_xla/xla/stream_executor/gpu/gpu_cudamallocasync_allocator.cc:66] 16, 7
2025-06-29 06:19:57.371920: E external/local_xla/xla/stream_executor/gpu/gpu_cudamallocasync_allocator.cc:66] 20, 1
2025-06-29 06:19:57.372427: E external/local_xla/xla/stream_executor/gpu/gpu_cudamallocasync_allocator.cc:66] 32, 7
2025-06-29 06:19:57.372916: E external/local_xla/xla/stream_executor/gpu/gpu_cudamallocasync_allocator.cc:66] 64, 17
2025-06-29 06:19:57.373364: E external/local_xla/xla/stream_executor/gpu/gpu_cudamallocasync_allocator.cc:66] 96, 3
2025-06-29 06:19:57.373852: E external/local_xla/xla/stream_executor/gpu/gpu_cudamallocasync_allocator.cc:66] 128, 103
2025-06-29 06:19:57.374344: E external/local_xla/xla/stream_executor/gpu/gpu_cudamallocasync_allocator.cc:66] 192, 1
2025-06-29 06:19:57.374833: E external/local_xla/xla/stream_executor/gpu/gpu_cudamallocasync_allocator.cc:66] 256, 108
2025-06-29 06:19:57.375259: E external/local_xla/xla/stream_executor/gpu/gpu_cudamallocasync_allocator.cc:66] 512, 102
2025-06-29 06:19:57.375713: E external/local_xla/xla/stream_executor/gpu/gpu_cudamallocasync_allocator.cc:66] 1024, 107
2025-06-29 06:19:57.376232: E external/local_xla/xla/stream_executor/gpu/gpu_cudamallocasync_allocator.cc:66] 1028, 1
2025-06-29 06:19:57.376741: E external/local_xla/xla/stream_executor/gpu/gpu_cudamallocasync_allocator.cc:66] 1536, 44
2025-06-29 06:19:57.377187: E external/local_xla/xla/stream_executor/gpu/gpu_cudamallocasync_allocator.cc:66] 2048, 10
2025-06-29 06:19:57.377633: E external/local_xla/xla/stream_executor/gpu/gpu_cudamallocasync_allocator.cc:66] 3072, 2
2025-06-29 06:19:57.378177: E external/local_xla/xla/stream_executor/gpu/gpu_cudamallocasync_allocator.cc:66] 3456, 3
2025-06-29 06:19:57.378679: E external/local_xla/xla/stream_executor/gpu/gpu_cudamallocasync_allocator.cc:66] 4096, 12
2025-06-29 06:19:57.379103: E external/local_xla/xla/stream_executor/gpu/gpu_cudamallocasync_allocator.cc:66] 8192, 14
2025-06-29 06:19:57.379583: E external/local_xla/xla/stream_executor/gpu/gpu_cudamallocasync_allocator.cc:66] 16384, 12
2025-06-29 06:19:57.380113: E external/local_xla/xla/stream_executor/gpu/gpu_cudamallocasync_allocator.cc:66] 32768, 14
2025-06-29 06:19:57.380568: E external/local_xla/xla/stream_executor/gpu/gpu_cudamallocasync_allocator.cc:66] 36864, 6
2025-06-29 06:19:57.381041: E external/local_xla/xla/stream_executor/gpu/gpu_cudamallocasync_allocator.cc:66] 59136, 1
2025-06-29 06:19:57.381532: E external/local_xla/xla/stream_executor/gpu/gpu_cudamallocasync_allocator.cc:66] 65536, 3
2025-06-29 06:19:57.382004: E external/local_xla/xla/stream_executor/gpu/gpu_cudamallocasync_allocator.cc:66] 110592, 6
2025-06-29 06:19:57.382507: E external/local_xla/xla/stream_executor/gpu/gpu_cudamallocasync_allocator.cc:66] 118272, 1
2025-06-29 06:19:57.383072: E external/local_xla/xla/stream_executor/gpu/gpu_cudamallocasync_allocator.cc:66] 131072, 14
2025-06-29 06:19:57.383581: E external/local_xla/xla/stream_executor/gpu/gpu_cudamallocasync_allocator.cc:66] 221184, 6
2025-06-29 06:19:57.384042: E external/local_xla/xla/stream_executor/gpu/gpu_cudamallocasync_allocator.cc:66] 262144, 3
2025-06-29 06:19:57.384565: E external/local_xla/xla/stream_executor/gpu/gpu_cudamallocasync_allocator.cc:66] 393216, 4
2025-06-29 06:19:57.385103: E external/local_xla/xla/stream_executor/gpu/gpu_cudamallocasync_allocator.cc:66] 442368, 6
2025-06-29 06:19:57.385614: E external/local_xla/xla/stream_executor/gpu/gpu_cudamallocasync_allocator.cc:66] 473088, 1
2025-06-29 06:19:57.386122: E external/local_xla/xla/stream_executor/gpu/gpu_cudamallocasync_allocator.cc:66] 524288, 4
2025-06-29 06:19:57.386610: E external/local_xla/xla/stream_executor/gpu/gpu_cudamallocasync_allocator.cc:66] 884736, 7
2025-06-29 06:19:57.387124: E external/local_xla/xla/stream_executor/gpu/gpu_cudamallocasync_allocator.cc:66] 946176, 1
2025-06-29 06:19:57.387615: E external/local_xla/xla/stream_executor/gpu/gpu_cudamallocasync_allocator.cc:66] 1048576, 3
2025-06-29 06:19:57.388046: E external/local_xla/xla/stream_executor/gpu/gpu_cudamallocasync_allocator.cc:66] 1769472, 6
2025-06-29 06:19:57.388599: E external/local_xla/xla/stream_executor/gpu/gpu_cudamallocasync_allocator.cc:66] 3145728, 3
2025-06-29 06:19:57.389112: E external/local_xla/xla/stream_executor/gpu/gpu_cudamallocasync_allocator.cc:66] 3538944, 6
2025-06-29 06:19:57.389531: E external/local_xla/xla/stream_executor/gpu/gpu_cudamallocasync_allocator.cc:66] 3784704, 4
2025-06-29 06:19:57.389992: E external/local_xla/xla/stream_executor/gpu/gpu_cudamallocasync_allocator.cc:66] 5677056, 6
2025-06-29 06:19:57.390422: E external/local_xla/xla/stream_executor/gpu/gpu_cudamallocasync_allocator.cc:66] 7077888, 6
2025-06-29 06:19:57.390913: E external/local_xla/xla/stream_executor/gpu/gpu_cudamallocasync_allocator.cc:66] 7569408, 1
2025-06-29 06:19:57.391391: E external/local_xla/xla/stream_executor/gpu/gpu_cudamallocasync_allocator.cc:66] 10616832, 3
2025-06-29 06:19:57.391834: E external/local_xla/xla/stream_executor/gpu/gpu_cudamallocasync_allocator.cc:66] 14155776, 3
2025-06-29 06:19:57.392283: E external/local_xla/xla/stream_executor/gpu/gpu_cudamallocasync_allocator.cc:66] 15138816, 5
2025-06-29 06:19:57.392781: E external/local_xla/xla/stream_executor/gpu/gpu_cudamallocasync_allocator.cc:66] 15925248, 3
2025-06-29 06:19:57.393309: E external/local_xla/xla/stream_executor/gpu/gpu_cudamallocasync_allocator.cc:66] 30277632, 17
2025-06-29 06:19:57.393844: E external/local_xla/xla/stream_executor/gpu/gpu_cudamallocasync_allocator.cc:66] 60555264, 9
2025-06-29 06:19:57.394352: E external/local_xla/xla/stream_executor/gpu/gpu_cudamallocasync_allocator.cc:66] 121110528, 14
2025-06-29 06:19:57.394959: E external/local_xla/xla/stream_executor/gpu/gpu_cudamallocasync_allocator.cc:66] 242221056, 5
2025-06-29 06:19:57.395498: E external/local_xla/xla/stream_executor/gpu/gpu_cudamallocasync_allocator.cc:66] 484442112, 9
2025-06-29 06:19:57.396023: E external/local_xla/xla/stream_executor/gpu/gpu_cudamallocasync_allocator.cc:66] 968884224, 2
2025-06-29 06:19:57.396539: E external/local_xla/xla/stream_executor/gpu/gpu_cudamallocasync_allocator.cc:66] 1937768448, 7
2025-06-29 06:19:57.397068: E external/local_xla/xla/stream_executor/gpu/gpu_cudamallocasync_allocator.cc:97] CU_MEMPOOL_ATTR_RESERVED_MEM_CURRENT: 24796725248
2025-06-29 06:19:57.397407: E external/local_xla/xla/stream_executor/gpu/gpu_cudamallocasync_allocator.cc:99] CU_MEMPOOL_ATTR_USED_MEM_CURRENT: 24190229210
2025-06-29 06:19:57.397773: E external/local_xla/xla/stream_executor/gpu/gpu_cudamallocasync_allocator.cc:100] CU_MEMPOOL_ATTR_RESERVED_MEM_HIGH: 25132269568
2025-06-29 06:19:57.398149: E external/local_xla/xla/stream_executor/gpu/gpu_cudamallocasync_allocator.cc:101] CU_MEMPOOL_ATTR_USED_MEM_HIGH: 24643317634
2025-06-29 06:19:57.399081: E external/local_xla/xla/stream_executor/gpu/gpu_cudamallocasync_allocator.cc:306] gpu_async_0 cuMemAllocAsync failed to allocate 1470988304 bytes: CUDA error: out of memory (CUDA_ERROR_OUT_OF_MEMORY)
 Reported by CUDA: Free memory/Total memory: 364511232/25393496064
2025-06-29 06:19:57.399559: E external/local_xla/xla/stream_executor/gpu/gpu_cudamallocasync_allocator.cc:311] Stats: Limit:                     23575789568
InUse:                     24190229210
MaxInUse:                  24643317634
NumAllocs:                        3672
MaxAllocSize:               6799661232
Reserved:                            0
PeakReserved:                        0
LargestFreeBlock:                    0

2025-06-29 06:19:57.400063: E external/local_xla/xla/stream_executor/gpu/gpu_cudamallocasync_allocator.cc:63] Histogram of current allocation: (allocation_size_in_bytes, nb_allocation_of_that_sizes), ...;
2025-06-29 06:19:57.400494: E external/local_xla/xla/stream_executor/gpu/gpu_cudamallocasync_allocator.cc:66] 1, 18
2025-06-29 06:19:57.400945: E external/local_xla/xla/stream_executor/gpu/gpu_cudamallocasync_allocator.cc:66] 4, 113
2025-06-29 06:19:57.401438: E external/local_xla/xla/stream_executor/gpu/gpu_cudamallocasync_allocator.cc:66] 8, 11
2025-06-29 06:19:57.401919: E external/local_xla/xla/stream_executor/gpu/gpu_cudamallocasync_allocator.cc:66] 12, 3
2025-06-29 06:19:57.402435: E external/local_xla/xla/stream_executor/gpu/gpu_cudamallocasync_allocator.cc:66] 16, 7
2025-06-29 06:19:57.402940: E external/local_xla/xla/stream_executor/gpu/gpu_cudamallocasync_allocator.cc:66] 20, 1
2025-06-29 06:19:57.403467: E external/local_xla/xla/stream_executor/gpu/gpu_cudamallocasync_allocator.cc:66] 32, 7
2025-06-29 06:19:57.404010: E external/local_xla/xla/stream_executor/gpu/gpu_cudamallocasync_allocator.cc:66] 64, 17
2025-06-29 06:19:57.404511: E external/local_xla/xla/stream_executor/gpu/gpu_cudamallocasync_allocator.cc:66] 96, 3
2025-06-29 06:19:57.405059: E external/local_xla/xla/stream_executor/gpu/gpu_cudamallocasync_allocator.cc:66] 128, 103
2025-06-29 06:19:57.405608: E external/local_xla/xla/stream_executor/gpu/gpu_cudamallocasync_allocator.cc:66] 192, 1
2025-06-29 06:19:57.406154: E external/local_xla/xla/stream_executor/gpu/gpu_cudamallocasync_allocator.cc:66] 256, 108
2025-06-29 06:19:57.406690: E external/local_xla/xla/stream_executor/gpu/gpu_cudamallocasync_allocator.cc:66] 512, 102
2025-06-29 06:19:57.407300: E external/local_xla/xla/stream_executor/gpu/gpu_cudamallocasync_allocator.cc:66] 1024, 107
2025-06-29 06:19:57.407811: E external/local_xla/xla/stream_executor/gpu/gpu_cudamallocasync_allocator.cc:66] 1028, 1
2025-06-29 06:19:57.408269: E external/local_xla/xla/stream_executor/gpu/gpu_cudamallocasync_allocator.cc:66] 1536, 44
2025-06-29 06:19:57.408749: E external/local_xla/xla/stream_executor/gpu/gpu_cudamallocasync_allocator.cc:66] 2048, 10
2025-06-29 06:19:57.409306: E external/local_xla/xla/stream_executor/gpu/gpu_cudamallocasync_allocator.cc:66] 3072, 2
2025-06-29 06:19:57.409749: E external/local_xla/xla/stream_executor/gpu/gpu_cudamallocasync_allocator.cc:66] 3456, 3
2025-06-29 06:19:57.410244: E external/local_xla/xla/stream_executor/gpu/gpu_cudamallocasync_allocator.cc:66] 4096, 12
2025-06-29 06:19:57.410762: E external/local_xla/xla/stream_executor/gpu/gpu_cudamallocasync_allocator.cc:66] 8192, 14
2025-06-29 06:19:57.411222: E external/local_xla/xla/stream_executor/gpu/gpu_cudamallocasync_allocator.cc:66] 16384, 12
2025-06-29 06:19:57.411857: E external/local_xla/xla/stream_executor/gpu/gpu_cudamallocasync_allocator.cc:66] 32768, 14
2025-06-29 06:19:57.412368: E external/local_xla/xla/stream_executor/gpu/gpu_cudamallocasync_allocator.cc:66] 36864, 6
2025-06-29 06:19:57.412875: E external/local_xla/xla/stream_executor/gpu/gpu_cudamallocasync_allocator.cc:66] 59136, 1
2025-06-29 06:19:57.413388: E external/local_xla/xla/stream_executor/gpu/gpu_cudamallocasync_allocator.cc:66] 65536, 3
2025-06-29 06:19:57.414036: E external/local_xla/xla/stream_executor/gpu/gpu_cudamallocasync_allocator.cc:66] 110592, 6
2025-06-29 06:19:57.414546: E external/local_xla/xla/stream_executor/gpu/gpu_cudamallocasync_allocator.cc:66] 118272, 1
2025-06-29 06:19:57.415042: E external/local_xla/xla/stream_executor/gpu/gpu_cudamallocasync_allocator.cc:66] 131072, 14
2025-06-29 06:19:57.415560: E external/local_xla/xla/stream_executor/gpu/gpu_cudamallocasync_allocator.cc:66] 221184, 6
2025-06-29 06:19:57.416077: E external/local_xla/xla/stream_executor/gpu/gpu_cudamallocasync_allocator.cc:66] 262144, 3
2025-06-29 06:19:57.416589: E external/local_xla/xla/stream_executor/gpu/gpu_cudamallocasync_allocator.cc:66] 393216, 4
2025-06-29 06:19:57.417088: E external/local_xla/xla/stream_executor/gpu/gpu_cudamallocasync_allocator.cc:66] 442368, 6
2025-06-29 06:19:57.417628: E external/local_xla/xla/stream_executor/gpu/gpu_cudamallocasync_allocator.cc:66] 473088, 1
2025-06-29 06:19:57.418152: E external/local_xla/xla/stream_executor/gpu/gpu_cudamallocasync_allocator.cc:66] 524288, 4
2025-06-29 06:19:57.418798: E external/local_xla/xla/stream_executor/gpu/gpu_cudamallocasync_allocator.cc:66] 884736, 7
2025-06-29 06:19:57.419289: E external/local_xla/xla/stream_executor/gpu/gpu_cudamallocasync_allocator.cc:66] 946176, 1
2025-06-29 06:19:57.419776: E external/local_xla/xla/stream_executor/gpu/gpu_cudamallocasync_allocator.cc:66] 1048576, 3
2025-06-29 06:19:57.420290: E external/local_xla/xla/stream_executor/gpu/gpu_cudamallocasync_allocator.cc:66] 1769472, 6
2025-06-29 06:19:57.420826: E external/local_xla/xla/stream_executor/gpu/gpu_cudamallocasync_allocator.cc:66] 3145728, 3
2025-06-29 06:19:57.421267: E external/local_xla/xla/stream_executor/gpu/gpu_cudamallocasync_allocator.cc:66] 3538944, 6
2025-06-29 06:19:57.421716: E external/local_xla/xla/stream_executor/gpu/gpu_cudamallocasync_allocator.cc:66] 3784704, 4
2025-06-29 06:19:57.422263: E external/local_xla/xla/stream_executor/gpu/gpu_cudamallocasync_allocator.cc:66] 5677056, 6
2025-06-29 06:19:57.422915: E external/local_xla/xla/stream_executor/gpu/gpu_cudamallocasync_allocator.cc:66] 7077888, 6
2025-06-29 06:19:57.423435: E external/local_xla/xla/stream_executor/gpu/gpu_cudamallocasync_allocator.cc:66] 7569408, 1
2025-06-29 06:19:57.423938: E external/local_xla/xla/stream_executor/gpu/gpu_cudamallocasync_allocator.cc:66] 10616832, 3
2025-06-29 06:19:57.424372: E external/local_xla/xla/stream_executor/gpu/gpu_cudamallocasync_allocator.cc:66] 14155776, 3
2025-06-29 06:19:57.424945: E external/local_xla/xla/stream_executor/gpu/gpu_cudamallocasync_allocator.cc:66] 15138816, 5
2025-06-29 06:19:57.425477: E external/local_xla/xla/stream_executor/gpu/gpu_cudamallocasync_allocator.cc:66] 15925248, 3
2025-06-29 06:19:57.425912: E external/local_xla/xla/stream_executor/gpu/gpu_cudamallocasync_allocator.cc:66] 30277632, 17
2025-06-29 06:19:57.426417: E external/local_xla/xla/stream_executor/gpu/gpu_cudamallocasync_allocator.cc:66] 60555264, 9
2025-06-29 06:19:57.426994: E external/local_xla/xla/stream_executor/gpu/gpu_cudamallocasync_allocator.cc:66] 121110528, 14
2025-06-29 06:19:57.427509: E external/local_xla/xla/stream_executor/gpu/gpu_cudamallocasync_allocator.cc:66] 242221056, 5
2025-06-29 06:19:57.427968: E external/local_xla/xla/stream_executor/gpu/gpu_cudamallocasync_allocator.cc:66] 484442112, 9
2025-06-29 06:19:57.428462: E external/local_xla/xla/stream_executor/gpu/gpu_cudamallocasync_allocator.cc:66] 968884224, 2
2025-06-29 06:19:57.428920: E external/local_xla/xla/stream_executor/gpu/gpu_cudamallocasync_allocator.cc:66] 1937768448, 7
2025-06-29 06:19:57.429413: E external/local_xla/xla/stream_executor/gpu/gpu_cudamallocasync_allocator.cc:97] CU_MEMPOOL_ATTR_RESERVED_MEM_CURRENT: 24796725248
2025-06-29 06:19:57.429831: E external/local_xla/xla/stream_executor/gpu/gpu_cudamallocasync_allocator.cc:99] CU_MEMPOOL_ATTR_USED_MEM_CURRENT: 24190229210
2025-06-29 06:19:57.430283: E external/local_xla/xla/stream_executor/gpu/gpu_cudamallocasync_allocator.cc:100] CU_MEMPOOL_ATTR_RESERVED_MEM_HIGH: 25132269568
2025-06-29 06:19:57.430759: E external/local_xla/xla/stream_executor/gpu/gpu_cudamallocasync_allocator.cc:101] CU_MEMPOOL_ATTR_USED_MEM_HIGH: 24643317634
2025-06-29 06:19:57.431667: E external/local_xla/xla/stream_executor/gpu/gpu_cudamallocasync_allocator.cc:306] gpu_async_0 cuMemAllocAsync failed to allocate 986546192 bytes: CUDA error: out of memory (CUDA_ERROR_OUT_OF_MEMORY)
 Reported by CUDA: Free memory/Total memory: 364511232/25393496064
2025-06-29 06:19:57.432227: E external/local_xla/xla/stream_executor/gpu/gpu_cudamallocasync_allocator.cc:311] Stats: Limit:                     23575789568
InUse:                     24190229210
MaxInUse:                  24643317634
NumAllocs:                        3672
MaxAllocSize:               6799661232
Reserved:                            0
PeakReserved:                        0
LargestFreeBlock:                    0

2025-06-29 06:19:57.432677: E external/local_xla/xla/stream_executor/gpu/gpu_cudamallocasync_allocator.cc:63] Histogram of current allocation: (allocation_size_in_bytes, nb_allocation_of_that_sizes), ...;
2025-06-29 06:19:57.433107: E external/local_xla/xla/stream_executor/gpu/gpu_cudamallocasync_allocator.cc:66] 1, 18
2025-06-29 06:19:57.433582: E external/local_xla/xla/stream_executor/gpu/gpu_cudamallocasync_allocator.cc:66] 4, 113
2025-06-29 06:19:57.434110: E external/local_xla/xla/stream_executor/gpu/gpu_cudamallocasync_allocator.cc:66] 8, 11
2025-06-29 06:19:57.434632: E external/local_xla/xla/stream_executor/gpu/gpu_cudamallocasync_allocator.cc:66] 12, 3
2025-06-29 06:19:57.435142: E external/local_xla/xla/stream_executor/gpu/gpu_cudamallocasync_allocator.cc:66] 16, 7
2025-06-29 06:19:57.435622: E external/local_xla/xla/stream_executor/gpu/gpu_cudamallocasync_allocator.cc:66] 20, 1
2025-06-29 06:19:57.436046: E external/local_xla/xla/stream_executor/gpu/gpu_cudamallocasync_allocator.cc:66] 32, 7
2025-06-29 06:19:57.436524: E external/local_xla/xla/stream_executor/gpu/gpu_cudamallocasync_allocator.cc:66] 64, 17
2025-06-29 06:19:57.437021: E external/local_xla/xla/stream_executor/gpu/gpu_cudamallocasync_allocator.cc:66] 96, 3
2025-06-29 06:19:57.437454: E external/local_xla/xla/stream_executor/gpu/gpu_cudamallocasync_allocator.cc:66] 128, 103
2025-06-29 06:19:57.437909: E external/local_xla/xla/stream_executor/gpu/gpu_cudamallocasync_allocator.cc:66] 192, 1
2025-06-29 06:19:57.438366: E external/local_xla/xla/stream_executor/gpu/gpu_cudamallocasync_allocator.cc:66] 256, 108
2025-06-29 06:19:57.438856: E external/local_xla/xla/stream_executor/gpu/gpu_cudamallocasync_allocator.cc:66] 512, 102
2025-06-29 06:19:57.439421: E external/local_xla/xla/stream_executor/gpu/gpu_cudamallocasync_allocator.cc:66] 1024, 107
2025-06-29 06:19:57.439856: E external/local_xla/xla/stream_executor/gpu/gpu_cudamallocasync_allocator.cc:66] 1028, 1
2025-06-29 06:19:57.440326: E external/local_xla/xla/stream_executor/gpu/gpu_cudamallocasync_allocator.cc:66] 1536, 44
2025-06-29 06:19:57.440773: E external/local_xla/xla/stream_executor/gpu/gpu_cudamallocasync_allocator.cc:66] 2048, 10
2025-06-29 06:19:57.441349: E external/local_xla/xla/stream_executor/gpu/gpu_cudamallocasync_allocator.cc:66] 3072, 2
2025-06-29 06:19:57.441851: E external/local_xla/xla/stream_executor/gpu/gpu_cudamallocasync_allocator.cc:66] 3456, 3
2025-06-29 06:19:57.442341: E external/local_xla/xla/stream_executor/gpu/gpu_cudamallocasync_allocator.cc:66] 4096, 12
2025-06-29 06:19:57.442751: E external/local_xla/xla/stream_executor/gpu/gpu_cudamallocasync_allocator.cc:66] 8192, 14
2025-06-29 06:19:57.443268: E external/local_xla/xla/stream_executor/gpu/gpu_cudamallocasync_allocator.cc:66] 16384, 12
2025-06-29 06:19:57.443759: E external/local_xla/xla/stream_executor/gpu/gpu_cudamallocasync_allocator.cc:66] 32768, 14
2025-06-29 06:19:57.444200: E external/local_xla/xla/stream_executor/gpu/gpu_cudamallocasync_allocator.cc:66] 36864, 6
2025-06-29 06:19:57.444673: E external/local_xla/xla/stream_executor/gpu/gpu_cudamallocasync_allocator.cc:66] 59136, 1
2025-06-29 06:19:57.445146: E external/local_xla/xla/stream_executor/gpu/gpu_cudamallocasync_allocator.cc:66] 65536, 3
2025-06-29 06:19:57.445616: E external/local_xla/xla/stream_executor/gpu/gpu_cudamallocasync_allocator.cc:66] 110592, 6
2025-06-29 06:19:57.446116: E external/local_xla/xla/stream_executor/gpu/gpu_cudamallocasync_allocator.cc:66] 118272, 1
2025-06-29 06:19:57.446559: E external/local_xla/xla/stream_executor/gpu/gpu_cudamallocasync_allocator.cc:66] 131072, 14
2025-06-29 06:19:57.447029: E external/local_xla/xla/stream_executor/gpu/gpu_cudamallocasync_allocator.cc:66] 221184, 6
2025-06-29 06:19:57.447588: E external/local_xla/xla/stream_executor/gpu/gpu_cudamallocasync_allocator.cc:66] 262144, 3
2025-06-29 06:19:57.448076: E external/local_xla/xla/stream_executor/gpu/gpu_cudamallocasync_allocator.cc:66] 393216, 4
2025-06-29 06:19:57.448591: E external/local_xla/xla/stream_executor/gpu/gpu_cudamallocasync_allocator.cc:66] 442368, 6
2025-06-29 06:19:57.449026: E external/local_xla/xla/stream_executor/gpu/gpu_cudamallocasync_allocator.cc:66] 473088, 1
2025-06-29 06:19:57.449506: E external/local_xla/xla/stream_executor/gpu/gpu_cudamallocasync_allocator.cc:66] 524288, 4
2025-06-29 06:19:57.449991: E external/local_xla/xla/stream_executor/gpu/gpu_cudamallocasync_allocator.cc:66] 884736, 7
2025-06-29 06:19:57.450426: E external/local_xla/xla/stream_executor/gpu/gpu_cudamallocasync_allocator.cc:66] 946176, 1
2025-06-29 06:19:57.450846: E external/local_xla/xla/stream_executor/gpu/gpu_cudamallocasync_allocator.cc:66] 1048576, 3
2025-06-29 06:19:57.451393: E external/local_xla/xla/stream_executor/gpu/gpu_cudamallocasync_allocator.cc:66] 1769472, 6
2025-06-29 06:19:57.451918: E external/local_xla/xla/stream_executor/gpu/gpu_cudamallocasync_allocator.cc:66] 3145728, 3
2025-06-29 06:19:57.452369: E external/local_xla/xla/stream_executor/gpu/gpu_cudamallocasync_allocator.cc:66] 3538944, 6
2025-06-29 06:19:57.452800: E external/local_xla/xla/stream_executor/gpu/gpu_cudamallocasync_allocator.cc:66] 3784704, 4
2025-06-29 06:19:57.453343: E external/local_xla/xla/stream_executor/gpu/gpu_cudamallocasync_allocator.cc:66] 5677056, 6
2025-06-29 06:19:57.453814: E external/local_xla/xla/stream_executor/gpu/gpu_cudamallocasync_allocator.cc:66] 7077888, 6
2025-06-29 06:19:57.454255: E external/local_xla/xla/stream_executor/gpu/gpu_cudamallocasync_allocator.cc:66] 7569408, 1
2025-06-29 06:19:57.454782: E external/local_xla/xla/stream_executor/gpu/gpu_cudamallocasync_allocator.cc:66] 10616832, 3
2025-06-29 06:19:57.455211: E external/local_xla/xla/stream_executor/gpu/gpu_cudamallocasync_allocator.cc:66] 14155776, 3
2025-06-29 06:19:57.455774: E external/local_xla/xla/stream_executor/gpu/gpu_cudamallocasync_allocator.cc:66] 15138816, 5
2025-06-29 06:19:57.456261: E external/local_xla/xla/stream_executor/gpu/gpu_cudamallocasync_allocator.cc:66] 15925248, 3
2025-06-29 06:19:57.456770: E external/local_xla/xla/stream_executor/gpu/gpu_cudamallocasync_allocator.cc:66] 30277632, 17
2025-06-29 06:19:57.457209: E external/local_xla/xla/stream_executor/gpu/gpu_cudamallocasync_allocator.cc:66] 60555264, 9
2025-06-29 06:19:57.457745: E external/local_xla/xla/stream_executor/gpu/gpu_cudamallocasync_allocator.cc:66] 121110528, 14
2025-06-29 06:19:57.458255: E external/local_xla/xla/stream_executor/gpu/gpu_cudamallocasync_allocator.cc:66] 242221056, 5
2025-06-29 06:19:57.458739: E external/local_xla/xla/stream_executor/gpu/gpu_cudamallocasync_allocator.cc:66] 484442112, 9
2025-06-29 06:19:57.459186: E external/local_xla/xla/stream_executor/gpu/gpu_cudamallocasync_allocator.cc:66] 968884224, 2
2025-06-29 06:19:57.459727: E external/local_xla/xla/stream_executor/gpu/gpu_cudamallocasync_allocator.cc:66] 1937768448, 7
2025-06-29 06:19:57.460245: E external/local_xla/xla/stream_executor/gpu/gpu_cudamallocasync_allocator.cc:97] CU_MEMPOOL_ATTR_RESERVED_MEM_CURRENT: 24796725248
2025-06-29 06:19:57.460606: E external/local_xla/xla/stream_executor/gpu/gpu_cudamallocasync_allocator.cc:99] CU_MEMPOOL_ATTR_USED_MEM_CURRENT: 24190229210
2025-06-29 06:19:57.460925: E external/local_xla/xla/stream_executor/gpu/gpu_cudamallocasync_allocator.cc:100] CU_MEMPOOL_ATTR_RESERVED_MEM_HIGH: 25132269568
2025-06-29 06:19:57.461280: E external/local_xla/xla/stream_executor/gpu/gpu_cudamallocasync_allocator.cc:101] CU_MEMPOOL_ATTR_USED_MEM_HIGH: 24643317634
2025-06-29 06:19:57.462204: E external/local_xla/xla/stream_executor/gpu/gpu_cudamallocasync_allocator.cc:306] gpu_async_0 cuMemAllocAsync failed to allocate 2440109232 bytes: CUDA error: out of memory (CUDA_ERROR_OUT_OF_MEMORY)
 Reported by CUDA: Free memory/Total memory: 364511232/25393496064
2025-06-29 06:19:57.462651: E external/local_xla/xla/stream_executor/gpu/gpu_cudamallocasync_allocator.cc:311] Stats: Limit:                     23575789568
InUse:                     24190229210
MaxInUse:                  24643317634
NumAllocs:                        3672
MaxAllocSize:               6799661232
Reserved:                            0
PeakReserved:                        0
LargestFreeBlock:                    0

2025-06-29 06:19:57.463140: E external/local_xla/xla/stream_executor/gpu/gpu_cudamallocasync_allocator.cc:63] Histogram of current allocation: (allocation_size_in_bytes, nb_allocation_of_that_sizes), ...;
2025-06-29 06:19:57.463607: E external/local_xla/xla/stream_executor/gpu/gpu_cudamallocasync_allocator.cc:66] 1, 18
2025-06-29 06:19:57.464102: E external/local_xla/xla/stream_executor/gpu/gpu_cudamallocasync_allocator.cc:66] 4, 113
2025-06-29 06:19:57.464537: E external/local_xla/xla/stream_executor/gpu/gpu_cudamallocasync_allocator.cc:66] 8, 11
2025-06-29 06:19:57.465015: E external/local_xla/xla/stream_executor/gpu/gpu_cudamallocasync_allocator.cc:66] 12, 3
2025-06-29 06:19:57.465525: E external/local_xla/xla/stream_executor/gpu/gpu_cudamallocasync_allocator.cc:66] 16, 7
2025-06-29 06:19:57.465976: E external/local_xla/xla/stream_executor/gpu/gpu_cudamallocasync_allocator.cc:66] 20, 1
2025-06-29 06:19:57.466456: E external/local_xla/xla/stream_executor/gpu/gpu_cudamallocasync_allocator.cc:66] 32, 7
2025-06-29 06:19:57.466987: E external/local_xla/xla/stream_executor/gpu/gpu_cudamallocasync_allocator.cc:66] 64, 17
2025-06-29 06:19:57.467555: E external/local_xla/xla/stream_executor/gpu/gpu_cudamallocasync_allocator.cc:66] 96, 3
2025-06-29 06:19:57.468035: E external/local_xla/xla/stream_executor/gpu/gpu_cudamallocasync_allocator.cc:66] 128, 103
2025-06-29 06:19:57.468458: E external/local_xla/xla/stream_executor/gpu/gpu_cudamallocasync_allocator.cc:66] 192, 1
2025-06-29 06:19:57.468911: E external/local_xla/xla/stream_executor/gpu/gpu_cudamallocasync_allocator.cc:66] 256, 108
2025-06-29 06:19:57.469436: E external/local_xla/xla/stream_executor/gpu/gpu_cudamallocasync_allocator.cc:66] 512, 102
2025-06-29 06:19:57.469956: E external/local_xla/xla/stream_executor/gpu/gpu_cudamallocasync_allocator.cc:66] 1024, 107
2025-06-29 06:19:57.470443: E external/local_xla/xla/stream_executor/gpu/gpu_cudamallocasync_allocator.cc:66] 1028, 1
2025-06-29 06:19:57.470930: E external/local_xla/xla/stream_executor/gpu/gpu_cudamallocasync_allocator.cc:66] 1536, 44
2025-06-29 06:19:57.471495: E external/local_xla/xla/stream_executor/gpu/gpu_cudamallocasync_allocator.cc:66] 2048, 10
2025-06-29 06:19:57.471970: E external/local_xla/xla/stream_executor/gpu/gpu_cudamallocasync_allocator.cc:66] 3072, 2
2025-06-29 06:19:57.472439: E external/local_xla/xla/stream_executor/gpu/gpu_cudamallocasync_allocator.cc:66] 3456, 3
2025-06-29 06:19:57.472908: E external/local_xla/xla/stream_executor/gpu/gpu_cudamallocasync_allocator.cc:66] 4096, 12
2025-06-29 06:19:57.473364: E external/local_xla/xla/stream_executor/gpu/gpu_cudamallocasync_allocator.cc:66] 8192, 14
2025-06-29 06:19:57.473900: E external/local_xla/xla/stream_executor/gpu/gpu_cudamallocasync_allocator.cc:66] 16384, 12
2025-06-29 06:19:57.474388: E external/local_xla/xla/stream_executor/gpu/gpu_cudamallocasync_allocator.cc:66] 32768, 14
2025-06-29 06:19:57.474851: E external/local_xla/xla/stream_executor/gpu/gpu_cudamallocasync_allocator.cc:66] 36864, 6
2025-06-29 06:19:57.475303: E external/local_xla/xla/stream_executor/gpu/gpu_cudamallocasync_allocator.cc:66] 59136, 1
2025-06-29 06:19:57.475880: E external/local_xla/xla/stream_executor/gpu/gpu_cudamallocasync_allocator.cc:66] 65536, 3
2025-06-29 06:19:57.476390: E external/local_xla/xla/stream_executor/gpu/gpu_cudamallocasync_allocator.cc:66] 110592, 6
2025-06-29 06:19:57.476909: E external/local_xla/xla/stream_executor/gpu/gpu_cudamallocasync_allocator.cc:66] 118272, 1
2025-06-29 06:19:57.477362: E external/local_xla/xla/stream_executor/gpu/gpu_cudamallocasync_allocator.cc:66] 131072, 14
2025-06-29 06:19:57.477957: E external/local_xla/xla/stream_executor/gpu/gpu_cudamallocasync_allocator.cc:66] 221184, 6
2025-06-29 06:19:57.478460: E external/local_xla/xla/stream_executor/gpu/gpu_cudamallocasync_allocator.cc:66] 262144, 3
2025-06-29 06:19:57.478912: E external/local_xla/xla/stream_executor/gpu/gpu_cudamallocasync_allocator.cc:66] 393216, 4
2025-06-29 06:19:57.479335: E external/local_xla/xla/stream_executor/gpu/gpu_cudamallocasync_allocator.cc:66] 442368, 6
2025-06-29 06:19:57.479802: E external/local_xla/xla/stream_executor/gpu/gpu_cudamallocasync_allocator.cc:66] 473088, 1
2025-06-29 06:19:57.480316: E external/local_xla/xla/stream_executor/gpu/gpu_cudamallocasync_allocator.cc:66] 524288, 4
2025-06-29 06:19:57.480800: E external/local_xla/xla/stream_executor/gpu/gpu_cudamallocasync_allocator.cc:66] 884736, 7
2025-06-29 06:19:57.481214: E external/local_xla/xla/stream_executor/gpu/gpu_cudamallocasync_allocator.cc:66] 946176, 1
2025-06-29 06:19:57.481634: E external/local_xla/xla/stream_executor/gpu/gpu_cudamallocasync_allocator.cc:66] 1048576, 3
2025-06-29 06:19:57.482118: E external/local_xla/xla/stream_executor/gpu/gpu_cudamallocasync_allocator.cc:66] 1769472, 6
2025-06-29 06:19:57.482614: E external/local_xla/xla/stream_executor/gpu/gpu_cudamallocasync_allocator.cc:66] 3145728, 3
2025-06-29 06:19:57.483099: E external/local_xla/xla/stream_executor/gpu/gpu_cudamallocasync_allocator.cc:66] 3538944, 6
2025-06-29 06:19:57.483504: E external/local_xla/xla/stream_executor/gpu/gpu_cudamallocasync_allocator.cc:66] 3784704, 4
2025-06-29 06:19:57.484056: E external/local_xla/xla/stream_executor/gpu/gpu_cudamallocasync_allocator.cc:66] 5677056, 6
2025-06-29 06:19:57.484568: E external/local_xla/xla/stream_executor/gpu/gpu_cudamallocasync_allocator.cc:66] 7077888, 6
2025-06-29 06:19:57.485049: E external/local_xla/xla/stream_executor/gpu/gpu_cudamallocasync_allocator.cc:66] 7569408, 1
2025-06-29 06:19:57.485515: E external/local_xla/xla/stream_executor/gpu/gpu_cudamallocasync_allocator.cc:66] 10616832, 3
2025-06-29 06:19:57.485960: E external/local_xla/xla/stream_executor/gpu/gpu_cudamallocasync_allocator.cc:66] 14155776, 3
2025-06-29 06:19:57.486462: E external/local_xla/xla/stream_executor/gpu/gpu_cudamallocasync_allocator.cc:66] 15138816, 5
2025-06-29 06:19:57.486975: E external/local_xla/xla/stream_executor/gpu/gpu_cudamallocasync_allocator.cc:66] 15925248, 3
2025-06-29 06:19:57.487487: E external/local_xla/xla/stream_executor/gpu/gpu_cudamallocasync_allocator.cc:66] 30277632, 17
2025-06-29 06:19:57.488101: E external/local_xla/xla/stream_executor/gpu/gpu_cudamallocasync_allocator.cc:66] 60555264, 9
2025-06-29 06:19:57.488596: E external/local_xla/xla/stream_executor/gpu/gpu_cudamallocasync_allocator.cc:66] 121110528, 14
2025-06-29 06:19:57.489060: E external/local_xla/xla/stream_executor/gpu/gpu_cudamallocasync_allocator.cc:66] 242221056, 5
2025-06-29 06:19:57.489539: E external/local_xla/xla/stream_executor/gpu/gpu_cudamallocasync_allocator.cc:66] 484442112, 9
2025-06-29 06:19:57.490014: E external/local_xla/xla/stream_executor/gpu/gpu_cudamallocasync_allocator.cc:66] 968884224, 2
2025-06-29 06:19:57.490501: E external/local_xla/xla/stream_executor/gpu/gpu_cudamallocasync_allocator.cc:66] 1937768448, 7
2025-06-29 06:19:57.490987: E external/local_xla/xla/stream_executor/gpu/gpu_cudamallocasync_allocator.cc:97] CU_MEMPOOL_ATTR_RESERVED_MEM_CURRENT: 24796725248
2025-06-29 06:19:57.491321: E external/local_xla/xla/stream_executor/gpu/gpu_cudamallocasync_allocator.cc:99] CU_MEMPOOL_ATTR_USED_MEM_CURRENT: 24190229210
2025-06-29 06:19:57.491779: E external/local_xla/xla/stream_executor/gpu/gpu_cudamallocasync_allocator.cc:100] CU_MEMPOOL_ATTR_RESERVED_MEM_HIGH: 25132269568
2025-06-29 06:19:57.492137: E external/local_xla/xla/stream_executor/gpu/gpu_cudamallocasync_allocator.cc:101] CU_MEMPOOL_ATTR_USED_MEM_HIGH: 24643317634
2025-06-29 06:19:57.493048: E external/local_xla/xla/stream_executor/gpu/gpu_cudamallocasync_allocator.cc:306] gpu_async_0 cuMemAllocAsync failed to allocate 1470988304 bytes: CUDA error: out of memory (CUDA_ERROR_OUT_OF_MEMORY)
 Reported by CUDA: Free memory/Total memory: 364511232/25393496064
2025-06-29 06:19:57.493550: E external/local_xla/xla/stream_executor/gpu/gpu_cudamallocasync_allocator.cc:311] Stats: Limit:                     23575789568
InUse:                     24190229210
MaxInUse:                  24643317634
NumAllocs:                        3672
MaxAllocSize:               6799661232
Reserved:                            0
PeakReserved:                        0
LargestFreeBlock:                    0

2025-06-29 06:19:57.493934: E external/local_xla/xla/stream_executor/gpu/gpu_cudamallocasync_allocator.cc:63] Histogram of current allocation: (allocation_size_in_bytes, nb_allocation_of_that_sizes), ...;
2025-06-29 06:19:57.494289: E external/local_xla/xla/stream_executor/gpu/gpu_cudamallocasync_allocator.cc:66] 1, 18
2025-06-29 06:19:57.494739: E external/local_xla/xla/stream_executor/gpu/gpu_cudamallocasync_allocator.cc:66] 4, 113
2025-06-29 06:19:57.495249: E external/local_xla/xla/stream_executor/gpu/gpu_cudamallocasync_allocator.cc:66] 8, 11
2025-06-29 06:19:57.495917: E external/local_xla/xla/stream_executor/gpu/gpu_cudamallocasync_allocator.cc:66] 12, 3
2025-06-29 06:19:57.496422: E external/local_xla/xla/stream_executor/gpu/gpu_cudamallocasync_allocator.cc:66] 16, 7
2025-06-29 06:19:57.496892: E external/local_xla/xla/stream_executor/gpu/gpu_cudamallocasync_allocator.cc:66] 20, 1
2025-06-29 06:19:57.497308: E external/local_xla/xla/stream_executor/gpu/gpu_cudamallocasync_allocator.cc:66] 32, 7
2025-06-29 06:19:57.497780: E external/local_xla/xla/stream_executor/gpu/gpu_cudamallocasync_allocator.cc:66] 64, 17
2025-06-29 06:19:57.498290: E external/local_xla/xla/stream_executor/gpu/gpu_cudamallocasync_allocator.cc:66] 96, 3
2025-06-29 06:19:57.498804: E external/local_xla/xla/stream_executor/gpu/gpu_cudamallocasync_allocator.cc:66] 128, 103
2025-06-29 06:19:57.499324: E external/local_xla/xla/stream_executor/gpu/gpu_cudamallocasync_allocator.cc:66] 192, 1
2025-06-29 06:19:57.499834: E external/local_xla/xla/stream_executor/gpu/gpu_cudamallocasync_allocator.cc:66] 256, 108
2025-06-29 06:19:57.500268: E external/local_xla/xla/stream_executor/gpu/gpu_cudamallocasync_allocator.cc:66] 512, 102
2025-06-29 06:19:57.500750: E external/local_xla/xla/stream_executor/gpu/gpu_cudamallocasync_allocator.cc:66] 1024, 107
2025-06-29 06:19:57.501247: E external/local_xla/xla/stream_executor/gpu/gpu_cudamallocasync_allocator.cc:66] 1028, 1
2025-06-29 06:19:57.501754: E external/local_xla/xla/stream_executor/gpu/gpu_cudamallocasync_allocator.cc:66] 1536, 44
2025-06-29 06:19:57.502286: E external/local_xla/xla/stream_executor/gpu/gpu_cudamallocasync_allocator.cc:66] 2048, 10
2025-06-29 06:19:57.502784: E external/local_xla/xla/stream_executor/gpu/gpu_cudamallocasync_allocator.cc:66] 3072, 2
2025-06-29 06:19:57.503248: E external/local_xla/xla/stream_executor/gpu/gpu_cudamallocasync_allocator.cc:66] 3456, 3
2025-06-29 06:19:57.503718: E external/local_xla/xla/stream_executor/gpu/gpu_cudamallocasync_allocator.cc:66] 4096, 12
2025-06-29 06:19:57.504171: E external/local_xla/xla/stream_executor/gpu/gpu_cudamallocasync_allocator.cc:66] 8192, 14
2025-06-29 06:19:57.504659: E external/local_xla/xla/stream_executor/gpu/gpu_cudamallocasync_allocator.cc:66] 16384, 12
2025-06-29 06:19:57.505109: E external/local_xla/xla/stream_executor/gpu/gpu_cudamallocasync_allocator.cc:66] 32768, 14
2025-06-29 06:19:57.505599: E external/local_xla/xla/stream_executor/gpu/gpu_cudamallocasync_allocator.cc:66] 36864, 6
2025-06-29 06:19:57.506228: E external/local_xla/xla/stream_executor/gpu/gpu_cudamallocasync_allocator.cc:66] 59136, 1
2025-06-29 06:19:57.506719: E external/local_xla/xla/stream_executor/gpu/gpu_cudamallocasync_allocator.cc:66] 65536, 3
2025-06-29 06:19:57.507155: E external/local_xla/xla/stream_executor/gpu/gpu_cudamallocasync_allocator.cc:66] 110592, 6
2025-06-29 06:19:57.507649: E external/local_xla/xla/stream_executor/gpu/gpu_cudamallocasync_allocator.cc:66] 118272, 1
2025-06-29 06:19:57.508174: E external/local_xla/xla/stream_executor/gpu/gpu_cudamallocasync_allocator.cc:66] 131072, 14
2025-06-29 06:19:57.508701: E external/local_xla/xla/stream_executor/gpu/gpu_cudamallocasync_allocator.cc:66] 221184, 6
2025-06-29 06:19:57.509161: E external/local_xla/xla/stream_executor/gpu/gpu_cudamallocasync_allocator.cc:66] 262144, 3
2025-06-29 06:19:57.509672: E external/local_xla/xla/stream_executor/gpu/gpu_cudamallocasync_allocator.cc:66] 393216, 4
2025-06-29 06:19:57.510187: E external/local_xla/xla/stream_executor/gpu/gpu_cudamallocasync_allocator.cc:66] 442368, 6
2025-06-29 06:19:57.510669: E external/local_xla/xla/stream_executor/gpu/gpu_cudamallocasync_allocator.cc:66] 473088, 1
2025-06-29 06:19:57.511230: E external/local_xla/xla/stream_executor/gpu/gpu_cudamallocasync_allocator.cc:66] 524288, 4
2025-06-29 06:19:57.511747: E external/local_xla/xla/stream_executor/gpu/gpu_cudamallocasync_allocator.cc:66] 884736, 7
2025-06-29 06:19:57.512197: E external/local_xla/xla/stream_executor/gpu/gpu_cudamallocasync_allocator.cc:66] 946176, 1
2025-06-29 06:19:57.512694: E external/local_xla/xla/stream_executor/gpu/gpu_cudamallocasync_allocator.cc:66] 1048576, 3
2025-06-29 06:19:57.513213: E external/local_xla/xla/stream_executor/gpu/gpu_cudamallocasync_allocator.cc:66] 1769472, 6
2025-06-29 06:19:57.513697: E external/local_xla/xla/stream_executor/gpu/gpu_cudamallocasync_allocator.cc:66] 3145728, 3
2025-06-29 06:19:57.514180: E external/local_xla/xla/stream_executor/gpu/gpu_cudamallocasync_allocator.cc:66] 3538944, 6
2025-06-29 06:19:57.514777: E external/local_xla/xla/stream_executor/gpu/gpu_cudamallocasync_allocator.cc:66] 3784704, 4
2025-06-29 06:19:57.515296: E external/local_xla/xla/stream_executor/gpu/gpu_cudamallocasync_allocator.cc:66] 5677056, 6
2025-06-29 06:19:57.515804: E external/local_xla/xla/stream_executor/gpu/gpu_cudamallocasync_allocator.cc:66] 7077888, 6
2025-06-29 06:19:57.516311: E external/local_xla/xla/stream_executor/gpu/gpu_cudamallocasync_allocator.cc:66] 7569408, 1
2025-06-29 06:19:57.516894: E external/local_xla/xla/stream_executor/gpu/gpu_cudamallocasync_allocator.cc:66] 10616832, 3
2025-06-29 06:19:57.517426: E external/local_xla/xla/stream_executor/gpu/gpu_cudamallocasync_allocator.cc:66] 14155776, 3
2025-06-29 06:19:57.517918: E external/local_xla/xla/stream_executor/gpu/gpu_cudamallocasync_allocator.cc:66] 15138816, 5
2025-06-29 06:19:57.518362: E external/local_xla/xla/stream_executor/gpu/gpu_cudamallocasync_allocator.cc:66] 15925248, 3
2025-06-29 06:19:57.518888: E external/local_xla/xla/stream_executor/gpu/gpu_cudamallocasync_allocator.cc:66] 30277632, 17
2025-06-29 06:19:57.519446: E external/local_xla/xla/stream_executor/gpu/gpu_cudamallocasync_allocator.cc:66] 60555264, 9
2025-06-29 06:19:57.519966: E external/local_xla/xla/stream_executor/gpu/gpu_cudamallocasync_allocator.cc:66] 121110528, 14
2025-06-29 06:19:57.520431: E external/local_xla/xla/stream_executor/gpu/gpu_cudamallocasync_allocator.cc:66] 242221056, 5
2025-06-29 06:19:57.520944: E external/local_xla/xla/stream_executor/gpu/gpu_cudamallocasync_allocator.cc:66] 484442112, 9
2025-06-29 06:19:57.521466: E external/local_xla/xla/stream_executor/gpu/gpu_cudamallocasync_allocator.cc:66] 968884224, 2
2025-06-29 06:19:57.521991: E external/local_xla/xla/stream_executor/gpu/gpu_cudamallocasync_allocator.cc:66] 1937768448, 7
2025-06-29 06:19:57.522466: E external/local_xla/xla/stream_executor/gpu/gpu_cudamallocasync_allocator.cc:97] CU_MEMPOOL_ATTR_RESERVED_MEM_CURRENT: 24796725248
2025-06-29 06:19:57.522822: E external/local_xla/xla/stream_executor/gpu/gpu_cudamallocasync_allocator.cc:99] CU_MEMPOOL_ATTR_USED_MEM_CURRENT: 24190229210
2025-06-29 06:19:57.523274: E external/local_xla/xla/stream_executor/gpu/gpu_cudamallocasync_allocator.cc:100] CU_MEMPOOL_ATTR_RESERVED_MEM_HIGH: 25132269568
2025-06-29 06:19:57.523692: E external/local_xla/xla/stream_executor/gpu/gpu_cudamallocasync_allocator.cc:101] CU_MEMPOOL_ATTR_USED_MEM_HIGH: 24643317634
2025-06-29 06:19:57.524554: E external/local_xla/xla/stream_executor/gpu/gpu_cudamallocasync_allocator.cc:306] gpu_async_0 cuMemAllocAsync failed to allocate 1470988304 bytes: CUDA error: out of memory (CUDA_ERROR_OUT_OF_MEMORY)
 Reported by CUDA: Free memory/Total memory: 364511232/25393496064
2025-06-29 06:19:57.525037: E external/local_xla/xla/stream_executor/gpu/gpu_cudamallocasync_allocator.cc:311] Stats: Limit:                     23575789568
InUse:                     24190229210
MaxInUse:                  24643317634
NumAllocs:                        3672
MaxAllocSize:               6799661232
Reserved:                            0
PeakReserved:                        0
LargestFreeBlock:                    0

2025-06-29 06:19:57.525487: E external/local_xla/xla/stream_executor/gpu/gpu_cudamallocasync_allocator.cc:63] Histogram of current allocation: (allocation_size_in_bytes, nb_allocation_of_that_sizes), ...;
2025-06-29 06:19:57.525864: E external/local_xla/xla/stream_executor/gpu/gpu_cudamallocasync_allocator.cc:66] 1, 18
2025-06-29 06:19:57.526336: E external/local_xla/xla/stream_executor/gpu/gpu_cudamallocasync_allocator.cc:66] 4, 113
2025-06-29 06:19:57.526880: E external/local_xla/xla/stream_executor/gpu/gpu_cudamallocasync_allocator.cc:66] 8, 11
2025-06-29 06:19:57.527335: E external/local_xla/xla/stream_executor/gpu/gpu_cudamallocasync_allocator.cc:66] 12, 3
2025-06-29 06:19:57.527780: E external/local_xla/xla/stream_executor/gpu/gpu_cudamallocasync_allocator.cc:66] 16, 7
2025-06-29 06:19:57.528208: E external/local_xla/xla/stream_executor/gpu/gpu_cudamallocasync_allocator.cc:66] 20, 1
2025-06-29 06:19:57.528828: E external/local_xla/xla/stream_executor/gpu/gpu_cudamallocasync_allocator.cc:66] 32, 7
2025-06-29 06:19:57.529360: E external/local_xla/xla/stream_executor/gpu/gpu_cudamallocasync_allocator.cc:66] 64, 17
2025-06-29 06:19:57.529866: E external/local_xla/xla/stream_executor/gpu/gpu_cudamallocasync_allocator.cc:66] 96, 3
2025-06-29 06:19:57.530338: E external/local_xla/xla/stream_executor/gpu/gpu_cudamallocasync_allocator.cc:66] 128, 103
2025-06-29 06:19:57.530778: E external/local_xla/xla/stream_executor/gpu/gpu_cudamallocasync_allocator.cc:66] 192, 1
2025-06-29 06:19:57.531378: E external/local_xla/xla/stream_executor/gpu/gpu_cudamallocasync_allocator.cc:66] 256, 108
2025-06-29 06:19:57.531859: E external/local_xla/xla/stream_executor/gpu/gpu_cudamallocasync_allocator.cc:66] 512, 102
2025-06-29 06:19:57.532282: E external/local_xla/xla/stream_executor/gpu/gpu_cudamallocasync_allocator.cc:66] 1024, 107
2025-06-29 06:19:57.532708: E external/local_xla/xla/stream_executor/gpu/gpu_cudamallocasync_allocator.cc:66] 1028, 1
2025-06-29 06:19:57.533185: E external/local_xla/xla/stream_executor/gpu/gpu_cudamallocasync_allocator.cc:66] 1536, 44
2025-06-29 06:19:57.533694: E external/local_xla/xla/stream_executor/gpu/gpu_cudamallocasync_allocator.cc:66] 2048, 10
2025-06-29 06:19:57.534179: E external/local_xla/xla/stream_executor/gpu/gpu_cudamallocasync_allocator.cc:66] 3072, 2
2025-06-29 06:19:57.534672: E external/local_xla/xla/stream_executor/gpu/gpu_cudamallocasync_allocator.cc:66] 3456, 3
2025-06-29 06:19:57.535256: E external/local_xla/xla/stream_executor/gpu/gpu_cudamallocasync_allocator.cc:66] 4096, 12
2025-06-29 06:19:57.535736: E external/local_xla/xla/stream_executor/gpu/gpu_cudamallocasync_allocator.cc:66] 8192, 14
2025-06-29 06:19:57.536153: E external/local_xla/xla/stream_executor/gpu/gpu_cudamallocasync_allocator.cc:66] 16384, 12
2025-06-29 06:19:57.536597: E external/local_xla/xla/stream_executor/gpu/gpu_cudamallocasync_allocator.cc:66] 32768, 14
2025-06-29 06:19:57.537056: E external/local_xla/xla/stream_executor/gpu/gpu_cudamallocasync_allocator.cc:66] 36864, 6
2025-06-29 06:19:57.537730: E external/local_xla/xla/stream_executor/gpu/gpu_cudamallocasync_allocator.cc:66] 59136, 1
2025-06-29 06:19:57.538248: E external/local_xla/xla/stream_executor/gpu/gpu_cudamallocasync_allocator.cc:66] 65536, 3
2025-06-29 06:19:57.538742: E external/local_xla/xla/stream_executor/gpu/gpu_cudamallocasync_allocator.cc:66] 110592, 6
2025-06-29 06:19:57.539221: E external/local_xla/xla/stream_executor/gpu/gpu_cudamallocasync_allocator.cc:66] 118272, 1
2025-06-29 06:19:57.539701: E external/local_xla/xla/stream_executor/gpu/gpu_cudamallocasync_allocator.cc:66] 131072, 14
2025-06-29 06:19:57.540220: E external/local_xla/xla/stream_executor/gpu/gpu_cudamallocasync_allocator.cc:66] 221184, 6
2025-06-29 06:19:57.540722: E external/local_xla/xla/stream_executor/gpu/gpu_cudamallocasync_allocator.cc:66] 262144, 3
2025-06-29 06:19:57.541165: E external/local_xla/xla/stream_executor/gpu/gpu_cudamallocasync_allocator.cc:66] 393216, 4
2025-06-29 06:19:57.541750: E external/local_xla/xla/stream_executor/gpu/gpu_cudamallocasync_allocator.cc:66] 442368, 6
2025-06-29 06:19:57.542256: E external/local_xla/xla/stream_executor/gpu/gpu_cudamallocasync_allocator.cc:66] 473088, 1
2025-06-29 06:19:57.542763: E external/local_xla/xla/stream_executor/gpu/gpu_cudamallocasync_allocator.cc:66] 524288, 4
2025-06-29 06:19:57.543270: E external/local_xla/xla/stream_executor/gpu/gpu_cudamallocasync_allocator.cc:66] 884736, 7
2025-06-29 06:19:57.543807: E external/local_xla/xla/stream_executor/gpu/gpu_cudamallocasync_allocator.cc:66] 946176, 1
2025-06-29 06:19:57.544314: E external/local_xla/xla/stream_executor/gpu/gpu_cudamallocasync_allocator.cc:66] 1048576, 3
2025-06-29 06:19:57.544767: E external/local_xla/xla/stream_executor/gpu/gpu_cudamallocasync_allocator.cc:66] 1769472, 6
2025-06-29 06:19:57.545210: E external/local_xla/xla/stream_executor/gpu/gpu_cudamallocasync_allocator.cc:66] 3145728, 3
2025-06-29 06:19:57.545696: E external/local_xla/xla/stream_executor/gpu/gpu_cudamallocasync_allocator.cc:66] 3538944, 6
2025-06-29 06:19:57.546231: E external/local_xla/xla/stream_executor/gpu/gpu_cudamallocasync_allocator.cc:66] 3784704, 4
2025-06-29 06:19:57.546721: E external/local_xla/xla/stream_executor/gpu/gpu_cudamallocasync_allocator.cc:66] 5677056, 6
2025-06-29 06:19:57.547218: E external/local_xla/xla/stream_executor/gpu/gpu_cudamallocasync_allocator.cc:66] 7077888, 6
2025-06-29 06:19:57.547672: E external/local_xla/xla/stream_executor/gpu/gpu_cudamallocasync_allocator.cc:66] 7569408, 1
2025-06-29 06:19:57.548183: E external/local_xla/xla/stream_executor/gpu/gpu_cudamallocasync_allocator.cc:66] 10616832, 3
2025-06-29 06:19:57.548652: E external/local_xla/xla/stream_executor/gpu/gpu_cudamallocasync_allocator.cc:66] 14155776, 3
2025-06-29 06:19:57.549098: E external/local_xla/xla/stream_executor/gpu/gpu_cudamallocasync_allocator.cc:66] 15138816, 5
2025-06-29 06:19:57.549538: E external/local_xla/xla/stream_executor/gpu/gpu_cudamallocasync_allocator.cc:66] 15925248, 3
2025-06-29 06:19:57.550163: E external/local_xla/xla/stream_executor/gpu/gpu_cudamallocasync_allocator.cc:66] 30277632, 17
2025-06-29 06:19:57.550699: E external/local_xla/xla/stream_executor/gpu/gpu_cudamallocasync_allocator.cc:66] 60555264, 9
2025-06-29 06:19:57.551235: E external/local_xla/xla/stream_executor/gpu/gpu_cudamallocasync_allocator.cc:66] 121110528, 14
2025-06-29 06:19:57.551736: E external/local_xla/xla/stream_executor/gpu/gpu_cudamallocasync_allocator.cc:66] 242221056, 5
2025-06-29 06:19:57.552223: E external/local_xla/xla/stream_executor/gpu/gpu_cudamallocasync_allocator.cc:66] 484442112, 9
2025-06-29 06:19:57.552711: E external/local_xla/xla/stream_executor/gpu/gpu_cudamallocasync_allocator.cc:66] 968884224, 2
2025-06-29 06:19:57.553157: E external/local_xla/xla/stream_executor/gpu/gpu_cudamallocasync_allocator.cc:66] 1937768448, 7
2025-06-29 06:19:57.553646: E external/local_xla/xla/stream_executor/gpu/gpu_cudamallocasync_allocator.cc:97] CU_MEMPOOL_ATTR_RESERVED_MEM_CURRENT: 24796725248
2025-06-29 06:19:57.554243: E external/local_xla/xla/stream_executor/gpu/gpu_cudamallocasync_allocator.cc:99] CU_MEMPOOL_ATTR_USED_MEM_CURRENT: 24190229210
2025-06-29 06:19:57.554687: E external/local_xla/xla/stream_executor/gpu/gpu_cudamallocasync_allocator.cc:100] CU_MEMPOOL_ATTR_RESERVED_MEM_HIGH: 25132269568
2025-06-29 06:19:57.555050: E external/local_xla/xla/stream_executor/gpu/gpu_cudamallocasync_allocator.cc:101] CU_MEMPOOL_ATTR_USED_MEM_HIGH: 24643317634
2025-06-29 06:19:57.556071: E external/local_xla/xla/stream_executor/gpu/gpu_cudamallocasync_allocator.cc:306] gpu_async_0 cuMemAllocAsync failed to allocate 1470988304 bytes: CUDA error: out of memory (CUDA_ERROR_OUT_OF_MEMORY)
 Reported by CUDA: Free memory/Total memory: 364511232/25393496064
2025-06-29 06:19:57.556537: E external/local_xla/xla/stream_executor/gpu/gpu_cudamallocasync_allocator.cc:311] Stats: Limit:                     23575789568
InUse:                     24190229210
MaxInUse:                  24643317634
NumAllocs:                        3672
MaxAllocSize:               6799661232
Reserved:                            0
PeakReserved:                        0
LargestFreeBlock:                    0

2025-06-29 06:19:57.557232: E external/local_xla/xla/stream_executor/gpu/gpu_cudamallocasync_allocator.cc:63] Histogram of current allocation: (allocation_size_in_bytes, nb_allocation_of_that_sizes), ...;
2025-06-29 06:19:57.557687: E external/local_xla/xla/stream_executor/gpu/gpu_cudamallocasync_allocator.cc:66] 1, 18
2025-06-29 06:19:57.558198: E external/local_xla/xla/stream_executor/gpu/gpu_cudamallocasync_allocator.cc:66] 4, 113
2025-06-29 06:19:57.558664: E external/local_xla/xla/stream_executor/gpu/gpu_cudamallocasync_allocator.cc:66] 8, 11
2025-06-29 06:19:57.559181: E external/local_xla/xla/stream_executor/gpu/gpu_cudamallocasync_allocator.cc:66] 12, 3
2025-06-29 06:19:57.559663: E external/local_xla/xla/stream_executor/gpu/gpu_cudamallocasync_allocator.cc:66] 16, 7
2025-06-29 06:19:57.560079: E external/local_xla/xla/stream_executor/gpu/gpu_cudamallocasync_allocator.cc:66] 20, 1
2025-06-29 06:19:57.560608: E external/local_xla/xla/stream_executor/gpu/gpu_cudamallocasync_allocator.cc:66] 32, 7
2025-06-29 06:19:57.561128: E external/local_xla/xla/stream_executor/gpu/gpu_cudamallocasync_allocator.cc:66] 64, 17
2025-06-29 06:19:57.561629: E external/local_xla/xla/stream_executor/gpu/gpu_cudamallocasync_allocator.cc:66] 96, 3
2025-06-29 06:19:57.562093: E external/local_xla/xla/stream_executor/gpu/gpu_cudamallocasync_allocator.cc:66] 128, 103
2025-06-29 06:19:57.562663: E external/local_xla/xla/stream_executor/gpu/gpu_cudamallocasync_allocator.cc:66] 192, 1
2025-06-29 06:19:57.563173: E external/local_xla/xla/stream_executor/gpu/gpu_cudamallocasync_allocator.cc:66] 256, 108
2025-06-29 06:19:57.563668: E external/local_xla/xla/stream_executor/gpu/gpu_cudamallocasync_allocator.cc:66] 512, 102
2025-06-29 06:19:57.564116: E external/local_xla/xla/stream_executor/gpu/gpu_cudamallocasync_allocator.cc:66] 1024, 107
2025-06-29 06:19:57.564717: E external/local_xla/xla/stream_executor/gpu/gpu_cudamallocasync_allocator.cc:66] 1028, 1
2025-06-29 06:19:57.565211: E external/local_xla/xla/stream_executor/gpu/gpu_cudamallocasync_allocator.cc:66] 1536, 44
2025-06-29 06:19:57.565713: E external/local_xla/xla/stream_executor/gpu/gpu_cudamallocasync_allocator.cc:66] 2048, 10
2025-06-29 06:19:57.566171: E external/local_xla/xla/stream_executor/gpu/gpu_cudamallocasync_allocator.cc:66] 3072, 2
2025-06-29 06:19:57.566696: E external/local_xla/xla/stream_executor/gpu/gpu_cudamallocasync_allocator.cc:66] 3456, 3
2025-06-29 06:19:57.567281: E external/local_xla/xla/stream_executor/gpu/gpu_cudamallocasync_allocator.cc:66] 4096, 12
2025-06-29 06:19:57.567778: E external/local_xla/xla/stream_executor/gpu/gpu_cudamallocasync_allocator.cc:66] 8192, 14
2025-06-29 06:19:57.568279: E external/local_xla/xla/stream_executor/gpu/gpu_cudamallocasync_allocator.cc:66] 16384, 12
2025-06-29 06:19:57.568720: E external/local_xla/xla/stream_executor/gpu/gpu_cudamallocasync_allocator.cc:66] 32768, 14
2025-06-29 06:19:57.569256: E external/local_xla/xla/stream_executor/gpu/gpu_cudamallocasync_allocator.cc:66] 36864, 6
2025-06-29 06:19:57.569730: E external/local_xla/xla/stream_executor/gpu/gpu_cudamallocasync_allocator.cc:66] 59136, 1
2025-06-29 06:19:57.570175: E external/local_xla/xla/stream_executor/gpu/gpu_cudamallocasync_allocator.cc:66] 65536, 3
2025-06-29 06:19:57.570663: E external/local_xla/xla/stream_executor/gpu/gpu_cudamallocasync_allocator.cc:66] 110592, 6
2025-06-29 06:19:57.571247: E external/local_xla/xla/stream_executor/gpu/gpu_cudamallocasync_allocator.cc:66] 118272, 1
2025-06-29 06:19:57.571721: E external/local_xla/xla/stream_executor/gpu/gpu_cudamallocasync_allocator.cc:66] 131072, 14
2025-06-29 06:19:57.572160: E external/local_xla/xla/stream_executor/gpu/gpu_cudamallocasync_allocator.cc:66] 221184, 6
2025-06-29 06:19:57.572644: E external/local_xla/xla/stream_executor/gpu/gpu_cudamallocasync_allocator.cc:66] 262144, 3
2025-06-29 06:19:57.573110: E external/local_xla/xla/stream_executor/gpu/gpu_cudamallocasync_allocator.cc:66] 393216, 4
2025-06-29 06:19:57.573654: E external/local_xla/xla/stream_executor/gpu/gpu_cudamallocasync_allocator.cc:66] 442368, 6
2025-06-29 06:19:57.574178: E external/local_xla/xla/stream_executor/gpu/gpu_cudamallocasync_allocator.cc:66] 473088, 1
2025-06-29 06:19:57.574696: E external/local_xla/xla/stream_executor/gpu/gpu_cudamallocasync_allocator.cc:66] 524288, 4
2025-06-29 06:19:57.575131: E external/local_xla/xla/stream_executor/gpu/gpu_cudamallocasync_allocator.cc:66] 884736, 7
2025-06-29 06:19:57.575651: E external/local_xla/xla/stream_executor/gpu/gpu_cudamallocasync_allocator.cc:66] 946176, 1
2025-06-29 06:19:57.576154: E external/local_xla/xla/stream_executor/gpu/gpu_cudamallocasync_allocator.cc:66] 1048576, 3
2025-06-29 06:19:57.576596: E external/local_xla/xla/stream_executor/gpu/gpu_cudamallocasync_allocator.cc:66] 1769472, 6
2025-06-29 06:19:57.577105: E external/local_xla/xla/stream_executor/gpu/gpu_cudamallocasync_allocator.cc:66] 3145728, 3
2025-06-29 06:19:57.577713: E external/local_xla/xla/stream_executor/gpu/gpu_cudamallocasync_allocator.cc:66] 3538944, 6
2025-06-29 06:19:57.578230: E external/local_xla/xla/stream_executor/gpu/gpu_cudamallocasync_allocator.cc:66] 3784704, 4
2025-06-29 06:19:57.578723: E external/local_xla/xla/stream_executor/gpu/gpu_cudamallocasync_allocator.cc:66] 5677056, 6
2025-06-29 06:19:57.579207: E external/local_xla/xla/stream_executor/gpu/gpu_cudamallocasync_allocator.cc:66] 7077888, 6
2025-06-29 06:19:57.579792: E external/local_xla/xla/stream_executor/gpu/gpu_cudamallocasync_allocator.cc:66] 7569408, 1
2025-06-29 06:19:57.580297: E external/local_xla/xla/stream_executor/gpu/gpu_cudamallocasync_allocator.cc:66] 10616832, 3
2025-06-29 06:19:57.580772: E external/local_xla/xla/stream_executor/gpu/gpu_cudamallocasync_allocator.cc:66] 14155776, 3
2025-06-29 06:19:57.581198: E external/local_xla/xla/stream_executor/gpu/gpu_cudamallocasync_allocator.cc:66] 15138816, 5
2025-06-29 06:19:57.581638: E external/local_xla/xla/stream_executor/gpu/gpu_cudamallocasync_allocator.cc:66] 15925248, 3
2025-06-29 06:19:57.582126: E external/local_xla/xla/stream_executor/gpu/gpu_cudamallocasync_allocator.cc:66] 30277632, 17
2025-06-29 06:19:57.582643: E external/local_xla/xla/stream_executor/gpu/gpu_cudamallocasync_allocator.cc:66] 60555264, 9
2025-06-29 06:19:57.583156: E external/local_xla/xla/stream_executor/gpu/gpu_cudamallocasync_allocator.cc:66] 121110528, 14
2025-06-29 06:19:57.583591: E external/local_xla/xla/stream_executor/gpu/gpu_cudamallocasync_allocator.cc:66] 242221056, 5
2025-06-29 06:19:57.584168: E external/local_xla/xla/stream_executor/gpu/gpu_cudamallocasync_allocator.cc:66] 484442112, 9
2025-06-29 06:19:57.584659: E external/local_xla/xla/stream_executor/gpu/gpu_cudamallocasync_allocator.cc:66] 968884224, 2
2025-06-29 06:19:57.585097: E external/local_xla/xla/stream_executor/gpu/gpu_cudamallocasync_allocator.cc:66] 1937768448, 7
2025-06-29 06:19:57.585589: E external/local_xla/xla/stream_executor/gpu/gpu_cudamallocasync_allocator.cc:97] CU_MEMPOOL_ATTR_RESERVED_MEM_CURRENT: 24796725248
2025-06-29 06:19:57.586139: E external/local_xla/xla/stream_executor/gpu/gpu_cudamallocasync_allocator.cc:99] CU_MEMPOOL_ATTR_USED_MEM_CURRENT: 24190229210
2025-06-29 06:19:57.586548: E external/local_xla/xla/stream_executor/gpu/gpu_cudamallocasync_allocator.cc:100] CU_MEMPOOL_ATTR_RESERVED_MEM_HIGH: 25132269568
2025-06-29 06:19:57.586927: E external/local_xla/xla/stream_executor/gpu/gpu_cudamallocasync_allocator.cc:101] CU_MEMPOOL_ATTR_USED_MEM_HIGH: 24643317634
2025-06-29 06:19:57.776594: E external/local_xla/xla/stream_executor/gpu/gpu_cudamallocasync_allocator.cc:306] gpu_async_0 cuMemAllocAsync failed to allocate 1470988304 bytes: CUDA error: out of memory (CUDA_ERROR_OUT_OF_MEMORY)
 Reported by CUDA: Free memory/Total memory: 364511232/25393496064
2025-06-29 06:19:57.777638: E external/local_xla/xla/stream_executor/gpu/gpu_cudamallocasync_allocator.cc:311] Stats: Limit:                     23575789568
InUse:                     24190229210
MaxInUse:                  24643317634
NumAllocs:                        3674
MaxAllocSize:               6799661232
Reserved:                            0
PeakReserved:                        0
LargestFreeBlock:                    0

2025-06-29 06:19:57.778713: E external/local_xla/xla/stream_executor/gpu/gpu_cudamallocasync_allocator.cc:63] Histogram of current allocation: (allocation_size_in_bytes, nb_allocation_of_that_sizes), ...;
2025-06-29 06:19:57.779279: E external/local_xla/xla/stream_executor/gpu/gpu_cudamallocasync_allocator.cc:66] 1, 18
2025-06-29 06:19:57.779842: E external/local_xla/xla/stream_executor/gpu/gpu_cudamallocasync_allocator.cc:66] 4, 113
2025-06-29 06:19:57.780355: E external/local_xla/xla/stream_executor/gpu/gpu_cudamallocasync_allocator.cc:66] 8, 11
2025-06-29 06:19:57.780866: E external/local_xla/xla/stream_executor/gpu/gpu_cudamallocasync_allocator.cc:66] 12, 3
2025-06-29 06:19:57.781297: E external/local_xla/xla/stream_executor/gpu/gpu_cudamallocasync_allocator.cc:66] 16, 7
2025-06-29 06:19:57.781794: E external/local_xla/xla/stream_executor/gpu/gpu_cudamallocasync_allocator.cc:66] 20, 1
2025-06-29 06:19:57.782313: E external/local_xla/xla/stream_executor/gpu/gpu_cudamallocasync_allocator.cc:66] 32, 7
2025-06-29 06:19:57.782816: E external/local_xla/xla/stream_executor/gpu/gpu_cudamallocasync_allocator.cc:66] 64, 17
2025-06-29 06:19:57.783328: E external/local_xla/xla/stream_executor/gpu/gpu_cudamallocasync_allocator.cc:66] 96, 3
2025-06-29 06:19:57.783870: E external/local_xla/xla/stream_executor/gpu/gpu_cudamallocasync_allocator.cc:66] 128, 103
2025-06-29 06:19:57.784314: E external/local_xla/xla/stream_executor/gpu/gpu_cudamallocasync_allocator.cc:66] 192, 1
2025-06-29 06:19:57.784800: E external/local_xla/xla/stream_executor/gpu/gpu_cudamallocasync_allocator.cc:66] 256, 108
2025-06-29 06:19:57.785328: E external/local_xla/xla/stream_executor/gpu/gpu_cudamallocasync_allocator.cc:66] 512, 102
2025-06-29 06:19:57.785810: E external/local_xla/xla/stream_executor/gpu/gpu_cudamallocasync_allocator.cc:66] 1024, 107
2025-06-29 06:19:57.786279: E external/local_xla/xla/stream_executor/gpu/gpu_cudamallocasync_allocator.cc:66] 1028, 1
2025-06-29 06:19:57.786749: E external/local_xla/xla/stream_executor/gpu/gpu_cudamallocasync_allocator.cc:66] 1536, 44
2025-06-29 06:19:57.787202: E external/local_xla/xla/stream_executor/gpu/gpu_cudamallocasync_allocator.cc:66] 2048, 10
2025-06-29 06:19:57.787706: E external/local_xla/xla/stream_executor/gpu/gpu_cudamallocasync_allocator.cc:66] 3072, 2
2025-06-29 06:19:57.788235: E external/local_xla/xla/stream_executor/gpu/gpu_cudamallocasync_allocator.cc:66] 3456, 3
2025-06-29 06:19:57.788686: E external/local_xla/xla/stream_executor/gpu/gpu_cudamallocasync_allocator.cc:66] 4096, 12
2025-06-29 06:19:57.789181: E external/local_xla/xla/stream_executor/gpu/gpu_cudamallocasync_allocator.cc:66] 8192, 14
2025-06-29 06:19:57.789646: E external/local_xla/xla/stream_executor/gpu/gpu_cudamallocasync_allocator.cc:66] 16384, 12
2025-06-29 06:19:57.790297: E external/local_xla/xla/stream_executor/gpu/gpu_cudamallocasync_allocator.cc:66] 32768, 14
2025-06-29 06:19:57.790801: E external/local_xla/xla/stream_executor/gpu/gpu_cudamallocasync_allocator.cc:66] 36864, 6
2025-06-29 06:19:57.791245: E external/local_xla/xla/stream_executor/gpu/gpu_cudamallocasync_allocator.cc:66] 59136, 1
2025-06-29 06:19:57.791726: E external/local_xla/xla/stream_executor/gpu/gpu_cudamallocasync_allocator.cc:66] 65536, 3
2025-06-29 06:19:57.792241: E external/local_xla/xla/stream_executor/gpu/gpu_cudamallocasync_allocator.cc:66] 110592, 6
2025-06-29 06:19:57.792866: E external/local_xla/xla/stream_executor/gpu/gpu_cudamallocasync_allocator.cc:66] 118272, 1
2025-06-29 06:19:57.793342: E external/local_xla/xla/stream_executor/gpu/gpu_cudamallocasync_allocator.cc:66] 131072, 14
2025-06-29 06:19:57.793816: E external/local_xla/xla/stream_executor/gpu/gpu_cudamallocasync_allocator.cc:66] 221184, 6
2025-06-29 06:19:57.794250: E external/local_xla/xla/stream_executor/gpu/gpu_cudamallocasync_allocator.cc:66] 262144, 3
2025-06-29 06:19:57.794816: E external/local_xla/xla/stream_executor/gpu/gpu_cudamallocasync_allocator.cc:66] 393216, 4
2025-06-29 06:19:57.795309: E external/local_xla/xla/stream_executor/gpu/gpu_cudamallocasync_allocator.cc:66] 442368, 6
2025-06-29 06:19:57.795766: E external/local_xla/xla/stream_executor/gpu/gpu_cudamallocasync_allocator.cc:66] 473088, 1
2025-06-29 06:19:57.796254: E external/local_xla/xla/stream_executor/gpu/gpu_cudamallocasync_allocator.cc:66] 524288, 4
2025-06-29 06:19:57.796753: E external/local_xla/xla/stream_executor/gpu/gpu_cudamallocasync_allocator.cc:66] 884736, 7
2025-06-29 06:19:57.797190: E external/local_xla/xla/stream_executor/gpu/gpu_cudamallocasync_allocator.cc:66] 946176, 1
2025-06-29 06:19:57.797656: E external/local_xla/xla/stream_executor/gpu/gpu_cudamallocasync_allocator.cc:66] 1048576, 3
2025-06-29 06:19:57.798170: E external/local_xla/xla/stream_executor/gpu/gpu_cudamallocasync_allocator.cc:66] 1769472, 6
2025-06-29 06:19:57.798740: E external/local_xla/xla/stream_executor/gpu/gpu_cudamallocasync_allocator.cc:66] 3145728, 3
2025-06-29 06:19:57.799245: E external/local_xla/xla/stream_executor/gpu/gpu_cudamallocasync_allocator.cc:66] 3538944, 6
2025-06-29 06:19:57.799754: E external/local_xla/xla/stream_executor/gpu/gpu_cudamallocasync_allocator.cc:66] 3784704, 4
2025-06-29 06:19:57.800249: E external/local_xla/xla/stream_executor/gpu/gpu_cudamallocasync_allocator.cc:66] 5677056, 6
2025-06-29 06:19:57.800709: E external/local_xla/xla/stream_executor/gpu/gpu_cudamallocasync_allocator.cc:66] 7077888, 6
2025-06-29 06:19:57.801313: E external/local_xla/xla/stream_executor/gpu/gpu_cudamallocasync_allocator.cc:66] 7569408, 1
2025-06-29 06:19:57.801823: E external/local_xla/xla/stream_executor/gpu/gpu_cudamallocasync_allocator.cc:66] 10616832, 3
2025-06-29 06:19:57.802301: E external/local_xla/xla/stream_executor/gpu/gpu_cudamallocasync_allocator.cc:66] 14155776, 3
2025-06-29 06:19:57.802753: E external/local_xla/xla/stream_executor/gpu/gpu_cudamallocasync_allocator.cc:66] 15138816, 5
2025-06-29 06:19:57.803210: E external/local_xla/xla/stream_executor/gpu/gpu_cudamallocasync_allocator.cc:66] 15925248, 3
2025-06-29 06:19:57.803728: E external/local_xla/xla/stream_executor/gpu/gpu_cudamallocasync_allocator.cc:66] 30277632, 17
2025-06-29 06:19:57.804250: E external/local_xla/xla/stream_executor/gpu/gpu_cudamallocasync_allocator.cc:66] 60555264, 9
2025-06-29 06:19:57.804699: E external/local_xla/xla/stream_executor/gpu/gpu_cudamallocasync_allocator.cc:66] 121110528, 14
2025-06-29 06:19:57.805176: E external/local_xla/xla/stream_executor/gpu/gpu_cudamallocasync_allocator.cc:66] 242221056, 5
2025-06-29 06:19:57.805696: E external/local_xla/xla/stream_executor/gpu/gpu_cudamallocasync_allocator.cc:66] 484442112, 9
2025-06-29 06:19:57.806231: E external/local_xla/xla/stream_executor/gpu/gpu_cudamallocasync_allocator.cc:66] 968884224, 2
2025-06-29 06:19:57.806748: E external/local_xla/xla/stream_executor/gpu/gpu_cudamallocasync_allocator.cc:66] 1937768448, 7
2025-06-29 06:19:57.807382: E external/local_xla/xla/stream_executor/gpu/gpu_cudamallocasync_allocator.cc:97] CU_MEMPOOL_ATTR_RESERVED_MEM_CURRENT: 24796725248
2025-06-29 06:19:57.807840: E external/local_xla/xla/stream_executor/gpu/gpu_cudamallocasync_allocator.cc:99] CU_MEMPOOL_ATTR_USED_MEM_CURRENT: 24190229210
2025-06-29 06:19:57.808221: E external/local_xla/xla/stream_executor/gpu/gpu_cudamallocasync_allocator.cc:100] CU_MEMPOOL_ATTR_RESERVED_MEM_HIGH: 25132269568
2025-06-29 06:19:57.808592: E external/local_xla/xla/stream_executor/gpu/gpu_cudamallocasync_allocator.cc:101] CU_MEMPOOL_ATTR_USED_MEM_HIGH: 24643317634
2025-06-29 06:19:58.838542: E external/local_xla/xla/stream_executor/gpu/gpu_cudamallocasync_allocator.cc:306] gpu_async_0 cuMemAllocAsync failed to allocate 484442112 bytes: CUDA error: out of memory (CUDA_ERROR_OUT_OF_MEMORY)
 Reported by CUDA: Free memory/Total memory: 364511232/25393496064
2025-06-29 06:19:58.839479: E external/local_xla/xla/stream_executor/gpu/gpu_cudamallocasync_allocator.cc:311] Stats: Limit:                     23575789568
InUse:                     24189344474
MaxInUse:                  24643317634
NumAllocs:                        3677
MaxAllocSize:               6799661232
Reserved:                            0
PeakReserved:                        0
LargestFreeBlock:                    0

2025-06-29 06:19:58.840157: E external/local_xla/xla/stream_executor/gpu/gpu_cudamallocasync_allocator.cc:63] Histogram of current allocation: (allocation_size_in_bytes, nb_allocation_of_that_sizes), ...;
2025-06-29 06:19:58.840629: E external/local_xla/xla/stream_executor/gpu/gpu_cudamallocasync_allocator.cc:66] 1, 18
2025-06-29 06:19:58.841233: E external/local_xla/xla/stream_executor/gpu/gpu_cudamallocasync_allocator.cc:66] 4, 113
2025-06-29 06:19:58.841785: E external/local_xla/xla/stream_executor/gpu/gpu_cudamallocasync_allocator.cc:66] 8, 11
2025-06-29 06:19:58.842319: E external/local_xla/xla/stream_executor/gpu/gpu_cudamallocasync_allocator.cc:66] 12, 3
2025-06-29 06:19:58.842893: E external/local_xla/xla/stream_executor/gpu/gpu_cudamallocasync_allocator.cc:66] 16, 7
2025-06-29 06:19:58.843420: E external/local_xla/xla/stream_executor/gpu/gpu_cudamallocasync_allocator.cc:66] 20, 1
2025-06-29 06:19:58.843883: E external/local_xla/xla/stream_executor/gpu/gpu_cudamallocasync_allocator.cc:66] 32, 7
2025-06-29 06:19:58.844366: E external/local_xla/xla/stream_executor/gpu/gpu_cudamallocasync_allocator.cc:66] 64, 17
2025-06-29 06:19:58.844801: E external/local_xla/xla/stream_executor/gpu/gpu_cudamallocasync_allocator.cc:66] 96, 3
2025-06-29 06:19:58.845295: E external/local_xla/xla/stream_executor/gpu/gpu_cudamallocasync_allocator.cc:66] 128, 103
2025-06-29 06:19:58.845787: E external/local_xla/xla/stream_executor/gpu/gpu_cudamallocasync_allocator.cc:66] 192, 1
2025-06-29 06:19:58.846209: E external/local_xla/xla/stream_executor/gpu/gpu_cudamallocasync_allocator.cc:66] 256, 108
2025-06-29 06:19:58.846695: E external/local_xla/xla/stream_executor/gpu/gpu_cudamallocasync_allocator.cc:66] 512, 102
2025-06-29 06:19:58.847317: E external/local_xla/xla/stream_executor/gpu/gpu_cudamallocasync_allocator.cc:66] 1024, 107
2025-06-29 06:19:58.847835: E external/local_xla/xla/stream_executor/gpu/gpu_cudamallocasync_allocator.cc:66] 1028, 1
2025-06-29 06:19:58.848354: E external/local_xla/xla/stream_executor/gpu/gpu_cudamallocasync_allocator.cc:66] 1536, 44
2025-06-29 06:19:58.848795: E external/local_xla/xla/stream_executor/gpu/gpu_cudamallocasync_allocator.cc:66] 2048, 10
2025-06-29 06:19:58.849391: E external/local_xla/xla/stream_executor/gpu/gpu_cudamallocasync_allocator.cc:66] 3072, 2
2025-06-29 06:19:58.849935: E external/local_xla/xla/stream_executor/gpu/gpu_cudamallocasync_allocator.cc:66] 3456, 3
2025-06-29 06:19:58.850450: E external/local_xla/xla/stream_executor/gpu/gpu_cudamallocasync_allocator.cc:66] 4096, 12
2025-06-29 06:19:58.850907: E external/local_xla/xla/stream_executor/gpu/gpu_cudamallocasync_allocator.cc:66] 8192, 14
2025-06-29 06:19:58.851386: E external/local_xla/xla/stream_executor/gpu/gpu_cudamallocasync_allocator.cc:66] 16384, 12
2025-06-29 06:19:58.851893: E external/local_xla/xla/stream_executor/gpu/gpu_cudamallocasync_allocator.cc:66] 32768, 14
2025-06-29 06:19:58.852411: E external/local_xla/xla/stream_executor/gpu/gpu_cudamallocasync_allocator.cc:66] 36864, 6
2025-06-29 06:19:58.852880: E external/local_xla/xla/stream_executor/gpu/gpu_cudamallocasync_allocator.cc:66] 59136, 1
2025-06-29 06:19:58.853370: E external/local_xla/xla/stream_executor/gpu/gpu_cudamallocasync_allocator.cc:66] 65536, 3
2025-06-29 06:19:58.853881: E external/local_xla/xla/stream_executor/gpu/gpu_cudamallocasync_allocator.cc:66] 110592, 6
2025-06-29 06:19:58.854346: E external/local_xla/xla/stream_executor/gpu/gpu_cudamallocasync_allocator.cc:66] 118272, 1
2025-06-29 06:19:58.854809: E external/local_xla/xla/stream_executor/gpu/gpu_cudamallocasync_allocator.cc:66] 131072, 14
2025-06-29 06:19:58.855233: E external/local_xla/xla/stream_executor/gpu/gpu_cudamallocasync_allocator.cc:66] 221184, 6
2025-06-29 06:19:58.855786: E external/local_xla/xla/stream_executor/gpu/gpu_cudamallocasync_allocator.cc:66] 262144, 3
2025-06-29 06:19:58.856247: E external/local_xla/xla/stream_executor/gpu/gpu_cudamallocasync_allocator.cc:66] 393216, 4
2025-06-29 06:19:58.856727: E external/local_xla/xla/stream_executor/gpu/gpu_cudamallocasync_allocator.cc:66] 442368, 6
2025-06-29 06:19:58.857189: E external/local_xla/xla/stream_executor/gpu/gpu_cudamallocasync_allocator.cc:66] 473088, 1
2025-06-29 06:19:58.859491: E external/local_xla/xla/stream_executor/gpu/gpu_cudamallocasync_allocator.cc:66] 524288, 4
2025-06-29 06:19:58.860104: E external/local_xla/xla/stream_executor/gpu/gpu_cudamallocasync_allocator.cc:66] 884736, 6
2025-06-29 06:19:58.860710: E external/local_xla/xla/stream_executor/gpu/gpu_cudamallocasync_allocator.cc:66] 946176, 1
2025-06-29 06:19:58.861299: E external/local_xla/xla/stream_executor/gpu/gpu_cudamallocasync_allocator.cc:66] 1048576, 3
2025-06-29 06:19:58.861826: E external/local_xla/xla/stream_executor/gpu/gpu_cudamallocasync_allocator.cc:66] 1769472, 6
2025-06-29 06:19:58.862328: E external/local_xla/xla/stream_executor/gpu/gpu_cudamallocasync_allocator.cc:66] 3145728, 3
2025-06-29 06:19:58.862859: E external/local_xla/xla/stream_executor/gpu/gpu_cudamallocasync_allocator.cc:66] 3538944, 6
2025-06-29 06:19:58.863371: E external/local_xla/xla/stream_executor/gpu/gpu_cudamallocasync_allocator.cc:66] 3784704, 4
2025-06-29 06:19:58.863814: E external/local_xla/xla/stream_executor/gpu/gpu_cudamallocasync_allocator.cc:66] 5677056, 6
2025-06-29 06:19:58.864475: E external/local_xla/xla/stream_executor/gpu/gpu_cudamallocasync_allocator.cc:66] 7077888, 6
2025-06-29 06:19:58.864943: E external/local_xla/xla/stream_executor/gpu/gpu_cudamallocasync_allocator.cc:66] 7569408, 1
2025-06-29 06:19:58.865366: E external/local_xla/xla/stream_executor/gpu/gpu_cudamallocasync_allocator.cc:66] 10616832, 3
2025-06-29 06:19:58.865838: E external/local_xla/xla/stream_executor/gpu/gpu_cudamallocasync_allocator.cc:66] 14155776, 3
2025-06-29 06:19:58.866472: E external/local_xla/xla/stream_executor/gpu/gpu_cudamallocasync_allocator.cc:66] 15138816, 5
2025-06-29 06:19:58.867019: E external/local_xla/xla/stream_executor/gpu/gpu_cudamallocasync_allocator.cc:66] 15925248, 3
2025-06-29 06:19:58.867582: E external/local_xla/xla/stream_executor/gpu/gpu_cudamallocasync_allocator.cc:66] 30277632, 17
2025-06-29 06:19:58.868110: E external/local_xla/xla/stream_executor/gpu/gpu_cudamallocasync_allocator.cc:66] 60555264, 9
2025-06-29 06:19:58.868624: E external/local_xla/xla/stream_executor/gpu/gpu_cudamallocasync_allocator.cc:66] 121110528, 14
2025-06-29 06:19:58.869182: E external/local_xla/xla/stream_executor/gpu/gpu_cudamallocasync_allocator.cc:66] 242221056, 5
2025-06-29 06:19:58.869691: E external/local_xla/xla/stream_executor/gpu/gpu_cudamallocasync_allocator.cc:66] 484442112, 9
2025-06-29 06:19:58.870184: E external/local_xla/xla/stream_executor/gpu/gpu_cudamallocasync_allocator.cc:66] 968884224, 2
2025-06-29 06:19:58.870687: E external/local_xla/xla/stream_executor/gpu/gpu_cudamallocasync_allocator.cc:66] 1937768448, 7
2025-06-29 06:19:58.871331: E external/local_xla/xla/stream_executor/gpu/gpu_cudamallocasync_allocator.cc:97] CU_MEMPOOL_ATTR_RESERVED_MEM_CURRENT: 24796725248
2025-06-29 06:19:58.871784: E external/local_xla/xla/stream_executor/gpu/gpu_cudamallocasync_allocator.cc:99] CU_MEMPOOL_ATTR_USED_MEM_CURRENT: 24189344474
2025-06-29 06:19:58.872249: E external/local_xla/xla/stream_executor/gpu/gpu_cudamallocasync_allocator.cc:100] CU_MEMPOOL_ATTR_RESERVED_MEM_HIGH: 25132269568
2025-06-29 06:19:58.872706: E external/local_xla/xla/stream_executor/gpu/gpu_cudamallocasync_allocator.cc:101] CU_MEMPOOL_ATTR_USED_MEM_HIGH: 24643317634
2025-06-29 06:19:58.873178: W tensorflow/core/framework/op_kernel.cc:1839] OP_REQUIRES failed at fused_batch_norm_op.cc:1565 : RESOURCE_EXHAUSTED: OOM when allocating tensor with shape[2,64,96,9856] and type float on /job:localhost/replica:0/task:0/device:GPU:0 by allocator gpu_async_0
2025-06-29 06:19:58,968 - ERROR - ❌ Training failed: Graph execution error:

Detected at node SimplifiedSOTA/decode7/decode7_bn1/FusedBatchNormV3 defined at (most recent call last):
  File "/mnt/beegfs/hellgate/home/rb194958e/stroke_segmentation_sota/simplified_sota_fallback.py", line 485, in <module>

  File "/mnt/beegfs/hellgate/home/rb194958e/stroke_segmentation_sota/simplified_sota_fallback.py", line 429, in train_simplified_sota

  File "/mnt/beegfs/hellgate/home/rb194958e/.conda/envs/tf215_env/lib/python3.11/site-packages/keras/src/utils/traceback_utils.py", line 65, in error_handler

  File "/mnt/beegfs/hellgate/home/rb194958e/.conda/envs/tf215_env/lib/python3.11/site-packages/keras/src/engine/training.py", line 1807, in fit

  File "/mnt/beegfs/hellgate/home/rb194958e/.conda/envs/tf215_env/lib/python3.11/site-packages/keras/src/engine/training.py", line 1401, in train_function

  File "/mnt/beegfs/hellgate/home/rb194958e/.conda/envs/tf215_env/lib/python3.11/site-packages/keras/src/engine/training.py", line 1384, in step_function

  File "/mnt/beegfs/hellgate/home/rb194958e/.conda/envs/tf215_env/lib/python3.11/site-packages/keras/src/engine/training.py", line 1373, in run_step

  File "/mnt/beegfs/hellgate/home/rb194958e/.conda/envs/tf215_env/lib/python3.11/site-packages/keras/src/engine/training.py", line 1150, in train_step

  File "/mnt/beegfs/hellgate/home/rb194958e/.conda/envs/tf215_env/lib/python3.11/site-packages/keras/src/utils/traceback_utils.py", line 65, in error_handler

  File "/mnt/beegfs/hellgate/home/rb194958e/.conda/envs/tf215_env/lib/python3.11/site-packages/keras/src/engine/training.py", line 590, in __call__

  File "/mnt/beegfs/hellgate/home/rb194958e/.conda/envs/tf215_env/lib/python3.11/site-packages/keras/src/utils/traceback_utils.py", line 65, in error_handler

  File "/mnt/beegfs/hellgate/home/rb194958e/.conda/envs/tf215_env/lib/python3.11/site-packages/keras/src/engine/base_layer.py", line 1149, in __call__

  File "/mnt/beegfs/hellgate/home/rb194958e/.conda/envs/tf215_env/lib/python3.11/site-packages/keras/src/utils/traceback_utils.py", line 96, in error_handler

  File "/mnt/beegfs/hellgate/home/rb194958e/.conda/envs/tf215_env/lib/python3.11/site-packages/keras/src/engine/functional.py", line 515, in call

  File "/mnt/beegfs/hellgate/home/rb194958e/.conda/envs/tf215_env/lib/python3.11/site-packages/keras/src/engine/functional.py", line 672, in _run_internal_graph

  File "/mnt/beegfs/hellgate/home/rb194958e/.conda/envs/tf215_env/lib/python3.11/site-packages/keras/src/utils/traceback_utils.py", line 65, in error_handler

  File "/mnt/beegfs/hellgate/home/rb194958e/.conda/envs/tf215_env/lib/python3.11/site-packages/keras/src/engine/base_layer.py", line 1149, in __call__

  File "/mnt/beegfs/hellgate/home/rb194958e/.conda/envs/tf215_env/lib/python3.11/site-packages/keras/src/utils/traceback_utils.py", line 96, in error_handler

  File "/mnt/beegfs/hellgate/home/rb194958e/stroke_segmentation_sota/simplified_sota_fallback.py", line 93, in call

  File "/mnt/beegfs/hellgate/home/rb194958e/.conda/envs/tf215_env/lib/python3.11/site-packages/keras/src/utils/traceback_utils.py", line 65, in error_handler

  File "/mnt/beegfs/hellgate/home/rb194958e/.conda/envs/tf215_env/lib/python3.11/site-packages/keras/src/engine/base_layer.py", line 1149, in __call__

  File "/mnt/beegfs/hellgate/home/rb194958e/.conda/envs/tf215_env/lib/python3.11/site-packages/keras/src/utils/traceback_utils.py", line 96, in error_handler

  File "/mnt/beegfs/hellgate/home/rb194958e/.conda/envs/tf215_env/lib/python3.11/site-packages/keras/src/layers/normalization/batch_normalization.py", line 597, in call

  File "/mnt/beegfs/hellgate/home/rb194958e/.conda/envs/tf215_env/lib/python3.11/site-packages/keras/src/layers/normalization/batch_normalization.py", line 990, in _fused_batch_norm

  File "/mnt/beegfs/hellgate/home/rb194958e/.conda/envs/tf215_env/lib/python3.11/site-packages/keras/src/utils/control_flow_util.py", line 108, in smart_cond

  File "/mnt/beegfs/hellgate/home/rb194958e/.conda/envs/tf215_env/lib/python3.11/site-packages/keras/src/layers/normalization/batch_normalization.py", line 964, in _fused_batch_norm_training

OOM when allocating tensor with shape[2,64,96,9856] and type float on /job:localhost/replica:0/task:0/device:GPU:0 by allocator gpu_async_0
	 [[{{node SimplifiedSOTA/decode7/decode7_bn1/FusedBatchNormV3}}]]
Hint: If you want to see a list of allocated tensors when OOM happens, add report_tensor_allocations_upon_oom to RunOptions for current allocation info. This isn't available when running in Eager mode.
 [Op:__inference_train_function_23393]
Traceback (most recent call last):
  File "/mnt/beegfs/hellgate/home/rb194958e/stroke_segmentation_sota/simplified_sota_fallback.py", line 429, in train_simplified_sota
    history = model.fit(
              ^^^^^^^^^^
  File "/mnt/beegfs/hellgate/home/rb194958e/.conda/envs/tf215_env/lib/python3.11/site-packages/keras/src/utils/traceback_utils.py", line 70, in error_handler
    raise e.with_traceback(filtered_tb) from None
  File "/mnt/beegfs/hellgate/home/rb194958e/.conda/envs/tf215_env/lib/python3.11/site-packages/tensorflow/python/eager/execute.py", line 59, in quick_execute
    except TypeError as e:
tensorflow.python.framework.errors_impl.ResourceExhaustedError: Graph execution error:

Detected at node SimplifiedSOTA/decode7/decode7_bn1/FusedBatchNormV3 defined at (most recent call last):
  File "/mnt/beegfs/hellgate/home/rb194958e/stroke_segmentation_sota/simplified_sota_fallback.py", line 485, in <module>

  File "/mnt/beegfs/hellgate/home/rb194958e/stroke_segmentation_sota/simplified_sota_fallback.py", line 429, in train_simplified_sota

  File "/mnt/beegfs/hellgate/home/rb194958e/.conda/envs/tf215_env/lib/python3.11/site-packages/keras/src/utils/traceback_utils.py", line 65, in error_handler

  File "/mnt/beegfs/hellgate/home/rb194958e/.conda/envs/tf215_env/lib/python3.11/site-packages/keras/src/engine/training.py", line 1807, in fit

  File "/mnt/beegfs/hellgate/home/rb194958e/.conda/envs/tf215_env/lib/python3.11/site-packages/keras/src/engine/training.py", line 1401, in train_function

  File "/mnt/beegfs/hellgate/home/rb194958e/.conda/envs/tf215_env/lib/python3.11/site-packages/keras/src/engine/training.py", line 1384, in step_function

  File "/mnt/beegfs/hellgate/home/rb194958e/.conda/envs/tf215_env/lib/python3.11/site-packages/keras/src/engine/training.py", line 1373, in run_step

  File "/mnt/beegfs/hellgate/home/rb194958e/.conda/envs/tf215_env/lib/python3.11/site-packages/keras/src/engine/training.py", line 1150, in train_step

  File "/mnt/beegfs/hellgate/home/rb194958e/.conda/envs/tf215_env/lib/python3.11/site-packages/keras/src/utils/traceback_utils.py", line 65, in error_handler

  File "/mnt/beegfs/hellgate/home/rb194958e/.conda/envs/tf215_env/lib/python3.11/site-packages/keras/src/engine/training.py", line 590, in __call__

  File "/mnt/beegfs/hellgate/home/rb194958e/.conda/envs/tf215_env/lib/python3.11/site-packages/keras/src/utils/traceback_utils.py", line 65, in error_handler

  File "/mnt/beegfs/hellgate/home/rb194958e/.conda/envs/tf215_env/lib/python3.11/site-packages/keras/src/engine/base_layer.py", line 1149, in __call__

  File "/mnt/beegfs/hellgate/home/rb194958e/.conda/envs/tf215_env/lib/python3.11/site-packages/keras/src/utils/traceback_utils.py", line 96, in error_handler

  File "/mnt/beegfs/hellgate/home/rb194958e/.conda/envs/tf215_env/lib/python3.11/site-packages/keras/src/engine/functional.py", line 515, in call

  File "/mnt/beegfs/hellgate/home/rb194958e/.conda/envs/tf215_env/lib/python3.11/site-packages/keras/src/engine/functional.py", line 672, in _run_internal_graph

  File "/mnt/beegfs/hellgate/home/rb194958e/.conda/envs/tf215_env/lib/python3.11/site-packages/keras/src/utils/traceback_utils.py", line 65, in error_handler

  File "/mnt/beegfs/hellgate/home/rb194958e/.conda/envs/tf215_env/lib/python3.11/site-packages/keras/src/engine/base_layer.py", line 1149, in __call__

  File "/mnt/beegfs/hellgate/home/rb194958e/.conda/envs/tf215_env/lib/python3.11/site-packages/keras/src/utils/traceback_utils.py", line 96, in error_handler

  File "/mnt/beegfs/hellgate/home/rb194958e/stroke_segmentation_sota/simplified_sota_fallback.py", line 93, in call

  File "/mnt/beegfs/hellgate/home/rb194958e/.conda/envs/tf215_env/lib/python3.11/site-packages/keras/src/utils/traceback_utils.py", line 65, in error_handler

  File "/mnt/beegfs/hellgate/home/rb194958e/.conda/envs/tf215_env/lib/python3.11/site-packages/keras/src/engine/base_layer.py", line 1149, in __call__

  File "/mnt/beegfs/hellgate/home/rb194958e/.conda/envs/tf215_env/lib/python3.11/site-packages/keras/src/utils/traceback_utils.py", line 96, in error_handler

  File "/mnt/beegfs/hellgate/home/rb194958e/.conda/envs/tf215_env/lib/python3.11/site-packages/keras/src/layers/normalization/batch_normalization.py", line 597, in call

  File "/mnt/beegfs/hellgate/home/rb194958e/.conda/envs/tf215_env/lib/python3.11/site-packages/keras/src/layers/normalization/batch_normalization.py", line 990, in _fused_batch_norm

  File "/mnt/beegfs/hellgate/home/rb194958e/.conda/envs/tf215_env/lib/python3.11/site-packages/keras/src/utils/control_flow_util.py", line 108, in smart_cond

  File "/mnt/beegfs/hellgate/home/rb194958e/.conda/envs/tf215_env/lib/python3.11/site-packages/keras/src/layers/normalization/batch_normalization.py", line 964, in _fused_batch_norm_training

OOM when allocating tensor with shape[2,64,96,9856] and type float on /job:localhost/replica:0/task:0/device:GPU:0 by allocator gpu_async_0
	 [[{{node SimplifiedSOTA/decode7/decode7_bn1/FusedBatchNormV3}}]]
Hint: If you want to see a list of allocated tensors when OOM happens, add report_tensor_allocations_upon_oom to RunOptions for current allocation info. This isn't available when running in Eager mode.
 [Op:__inference_train_function_23393]
2025-06-29 06:19:58,991 - ERROR - ❌ Even simplified training failed - deeper investigation needed
