2025-06-28 20:35:34.782700: E external/local_xla/xla/stream_executor/cuda/cuda_dnn.cc:9261] Unable to register cuDNN factory: Attempting to register factory for plugin cuDNN when one has already been registered
2025-06-28 20:35:34.783862: E external/local_xla/xla/stream_executor/cuda/cuda_fft.cc:607] Unable to register cuFFT factory: Attempting to register factory for plugin cuFFT when one has already been registered
2025-06-28 20:35:34.897618: E external/local_xla/xla/stream_executor/cuda/cuda_blas.cc:1515] Unable to register cuBLAS factory: Attempting to register factory for plugin cuBLAS when one has already been registered
2025-06-28 20:35:35.135962: I tensorflow/core/platform/cpu_feature_guard.cc:182] This TensorFlow binary is optimized to use available CPU instructions in performance-critical operations.
To enable the following instructions: AVX2 AVX512F AVX512_VNNI FMA, in other operations, rebuild TensorFlow with the appropriate compiler flags.
2025-06-28 20:35:41.610422: W tensorflow/compiler/tf2tensorrt/utils/py_utils.cc:38] TF-TRT Warning: Could not find TensorRT
2025-06-28 20:35:58.360222: E external/local_xla/xla/stream_executor/cuda/cuda_dnn.cc:9261] Unable to register cuDNN factory: Attempting to register factory for plugin cuDNN when one has already been registered
2025-06-28 20:35:58.360916: E external/local_xla/xla/stream_executor/cuda/cuda_fft.cc:607] Unable to register cuFFT factory: Attempting to register factory for plugin cuFFT when one has already been registered
2025-06-28 20:35:58.475189: E external/local_xla/xla/stream_executor/cuda/cuda_blas.cc:1515] Unable to register cuBLAS factory: Attempting to register factory for plugin cuBLAS when one has already been registered
2025-06-28 20:35:58.715773: I tensorflow/core/platform/cpu_feature_guard.cc:182] This TensorFlow binary is optimized to use available CPU instructions in performance-critical operations.
To enable the following instructions: AVX2 AVX512F AVX512_VNNI FMA, in other operations, rebuild TensorFlow with the appropriate compiler flags.
2025-06-28 20:36:05.167367: W tensorflow/compiler/tf2tensorrt/utils/py_utils.cc:38] TF-TRT Warning: Could not find TensorRT
2025-06-28 20:36:18,891 - INFO - 🚀 SIMPLIFIED SOTA TRAINING - STABILITY FOCUS
2025-06-28 20:36:18,892 - INFO - ================================================================================
2025-06-28 20:36:18,893 - INFO - 🔧 CHANGES FOR STABILITY:
2025-06-28 20:36:18,894 - INFO -    ❌ NO mixed precision (using float32)
2025-06-28 20:36:18,895 - INFO -    ❌ NO boundary-aware loss (using dice + focal)
2025-06-28 20:36:18,896 - INFO -    ❌ NO Vision Mamba blocks
2025-06-28 20:36:18,897 - INFO -    ❌ NO SAM2 attention
2025-06-28 20:36:18,897 - INFO -    ❌ NO complex augmentation
2025-06-28 20:36:18,898 - INFO -    ✅ Simple U-Net + SE attention + attention gates
2025-06-28 20:36:18,899 - INFO -    ✅ Stable loss function
2025-06-28 20:36:18,900 - INFO -    ✅ Conservative learning rate
2025-06-28 20:36:18,901 - INFO -    ✅ Reduced batch size
2025-06-28 20:36:18,902 - INFO - 🎯 Target: 65-70% validation Dice with ZERO crashes
2025-06-28 20:36:18,903 - INFO - ================================================================================
2025-06-28 20:36:18,904 - INFO - 🔧 Configuring hardware for stability...
2025-06-28 20:36:18,905 - INFO - ✅ Using float32 (mixed precision DISABLED)
2025-06-28 20:36:20,853 - INFO - Detected GPUs: 1
2025-06-28 20:36:20,854 - INFO - ✅ Memory growth enabled for GPU 0
2025-06-28 20:36:20,856 - INFO - Loading dataset from: /mnt/beegfs/hellgate/home/rb194958e/Atlas_2/Training
2025-06-28 20:36:21,585 - INFO - Loaded 655 image/mask pairs from full dataset
2025-06-28 20:36:21,587 - INFO - Dataset split: 589 train, 66 validation
2025-06-28 20:36:21,588 - INFO - 🏗️ Building simplified SOTA model...
2025-06-28 20:36:21.728150: I tensorflow/core/common_runtime/gpu/gpu_process_state.cc:236] Using CUDA malloc Async allocator for GPU: 0
2025-06-28 20:36:21.729023: I tensorflow/core/common_runtime/gpu/gpu_device.cc:1929] Created device /job:localhost/replica:0/task:0/device:GPU:0 with 22483 MB memory:  -> device: 0, name: NVIDIA RTX 4500 Ada Generation, pci bus id: 0000:1c:00.0, compute capability: 8.9
2025-06-28 20:36:22,621 - INFO - ✅ Model built successfully: 18,793,897 parameters
2025-06-28 20:36:22,624 - INFO - 🔥 Model parameters: 18,793,897
2025-06-28 20:36:22,634 - INFO - 🧪 Testing data generators...
pixdim[0] (qfac) should be 1 (default) or -1; setting qfac to 1
2025-06-28 20:36:22,781 - INFO - pixdim[0] (qfac) should be 1 (default) or -1; setting qfac to 1
pixdim[0] (qfac) should be 1 (default) or -1; setting qfac to 1
2025-06-28 20:36:23,980 - INFO - pixdim[0] (qfac) should be 1 (default) or -1; setting qfac to 1
pixdim[0] (qfac) should be 1 (default) or -1; setting qfac to 1
2025-06-28 20:36:25,093 - INFO - pixdim[0] (qfac) should be 1 (default) or -1; setting qfac to 1
pixdim[0] (qfac) should be 1 (default) or -1; setting qfac to 1
2025-06-28 20:36:26,200 - INFO - pixdim[0] (qfac) should be 1 (default) or -1; setting qfac to 1
2025-06-28 20:36:27,154 - INFO - ✅ Train batch: X=(2, 192, 224, 176, 1), y=(2, 192, 224, 176, 1)
2025-06-28 20:36:27,156 - INFO - ✅ Val batch: X=(2, 192, 224, 176, 1), y=(2, 192, 224, 176, 1)
2025-06-28 20:36:27.242005: I external/local_xla/xla/stream_executor/cuda/cuda_dnn.cc:454] Loaded cuDNN version 8907
2025-06-28 20:37:10,273 - INFO - ✅ Forward pass successful: (1, 192, 224, 176, 1)
2025-06-28 20:37:13,778 - INFO - ✅ Loss computation successful: 0.7360329031944275
2025-06-28 20:37:13,779 - INFO - 🚀 Starting simplified SOTA training...
pixdim[0] (qfac) should be 1 (default) or -1; setting qfac to 1
2025-06-28 20:37:13,924 - INFO - pixdim[0] (qfac) should be 1 (default) or -1; setting qfac to 1
pixdim[0] (qfac) should be 1 (default) or -1; setting qfac to 1
2025-06-28 20:37:15,086 - INFO - pixdim[0] (qfac) should be 1 (default) or -1; setting qfac to 1
pixdim[0] (qfac) should be 1 (default) or -1; setting qfac to 1
2025-06-28 20:37:24,859 - INFO - pixdim[0] (qfac) should be 1 (default) or -1; setting qfac to 1
pixdim[0] (qfac) should be 1 (default) or -1; setting qfac to 1
2025-06-28 20:37:25,966 - INFO - pixdim[0] (qfac) should be 1 (default) or -1; setting qfac to 1
pixdim[0] (qfac) should be 1 (default) or -1; setting qfac to 1
2025-06-28 20:37:27,112 - INFO - pixdim[0] (qfac) should be 1 (default) or -1; setting qfac to 1
pixdim[0] (qfac) should be 1 (default) or -1; setting qfac to 1
2025-06-28 20:37:28,225 - INFO - pixdim[0] (qfac) should be 1 (default) or -1; setting qfac to 1
pixdim[0] (qfac) should be 1 (default) or -1; setting qfac to 1
2025-06-28 20:37:29,368 - INFO - pixdim[0] (qfac) should be 1 (default) or -1; setting qfac to 1
pixdim[0] (qfac) should be 1 (default) or -1; setting qfac to 1
2025-06-28 20:37:30,489 - INFO - pixdim[0] (qfac) should be 1 (default) or -1; setting qfac to 1
2025-06-28 20:37:34.077832: E external/local_xla/xla/stream_executor/gpu/gpu_cudamallocasync_allocator.cc:306] gpu_async_0 cuMemAllocAsync failed to allocate 5831030960 bytes: CUDA error: out of memory (CUDA_ERROR_OUT_OF_MEMORY)
 Reported by CUDA: Free memory/Total memory: 1606025216/25393496064
2025-06-28 20:37:34.078725: E external/local_xla/xla/stream_executor/gpu/gpu_cudamallocasync_allocator.cc:311] Stats: Limit:                     23575789568
InUse:                     16098174122
MaxInUse:                  20327984098
NumAllocs:                        2332
MaxAllocSize:               6799661232
Reserved:                            0
PeakReserved:                        0
LargestFreeBlock:                    0

2025-06-28 20:37:34.079470: E external/local_xla/xla/stream_executor/gpu/gpu_cudamallocasync_allocator.cc:63] Histogram of current allocation: (allocation_size_in_bytes, nb_allocation_of_that_sizes), ...;
2025-06-28 20:37:34.080007: E external/local_xla/xla/stream_executor/gpu/gpu_cudamallocasync_allocator.cc:66] 1, 18
2025-06-28 20:37:34.080449: E external/local_xla/xla/stream_executor/gpu/gpu_cudamallocasync_allocator.cc:66] 4, 107
2025-06-28 20:37:34.080884: E external/local_xla/xla/stream_executor/gpu/gpu_cudamallocasync_allocator.cc:66] 8, 11
2025-06-28 20:37:34.081292: E external/local_xla/xla/stream_executor/gpu/gpu_cudamallocasync_allocator.cc:66] 12, 9
2025-06-28 20:37:34.081679: E external/local_xla/xla/stream_executor/gpu/gpu_cudamallocasync_allocator.cc:66] 16, 7
2025-06-28 20:37:34.082079: E external/local_xla/xla/stream_executor/gpu/gpu_cudamallocasync_allocator.cc:66] 20, 1
2025-06-28 20:37:34.082478: E external/local_xla/xla/stream_executor/gpu/gpu_cudamallocasync_allocator.cc:66] 32, 6
2025-06-28 20:37:34.082874: E external/local_xla/xla/stream_executor/gpu/gpu_cudamallocasync_allocator.cc:66] 64, 15
2025-06-28 20:37:34.083238: E external/local_xla/xla/stream_executor/gpu/gpu_cudamallocasync_allocator.cc:66] 96, 3
2025-06-28 20:37:34.083701: E external/local_xla/xla/stream_executor/gpu/gpu_cudamallocasync_allocator.cc:66] 128, 101
2025-06-28 20:37:34.084145: E external/local_xla/xla/stream_executor/gpu/gpu_cudamallocasync_allocator.cc:66] 256, 102
2025-06-28 20:37:34.084652: E external/local_xla/xla/stream_executor/gpu/gpu_cudamallocasync_allocator.cc:66] 512, 88
2025-06-28 20:37:34.085118: E external/local_xla/xla/stream_executor/gpu/gpu_cudamallocasync_allocator.cc:66] 1024, 91
2025-06-28 20:37:34.085577: E external/local_xla/xla/stream_executor/gpu/gpu_cudamallocasync_allocator.cc:66] 1028, 1
2025-06-28 20:37:34.086033: E external/local_xla/xla/stream_executor/gpu/gpu_cudamallocasync_allocator.cc:66] 1536, 38
2025-06-28 20:37:34.086477: E external/local_xla/xla/stream_executor/gpu/gpu_cudamallocasync_allocator.cc:66] 2048, 7
2025-06-28 20:37:34.086958: E external/local_xla/xla/stream_executor/gpu/gpu_cudamallocasync_allocator.cc:66] 3456, 3
2025-06-28 20:37:34.087397: E external/local_xla/xla/stream_executor/gpu/gpu_cudamallocasync_allocator.cc:66] 4096, 12
2025-06-28 20:37:34.087847: E external/local_xla/xla/stream_executor/gpu/gpu_cudamallocasync_allocator.cc:66] 8192, 14
2025-06-28 20:37:34.088264: E external/local_xla/xla/stream_executor/gpu/gpu_cudamallocasync_allocator.cc:66] 16384, 12
2025-06-28 20:37:34.088708: E external/local_xla/xla/stream_executor/gpu/gpu_cudamallocasync_allocator.cc:66] 32768, 14
2025-06-28 20:37:34.089187: E external/local_xla/xla/stream_executor/gpu/gpu_cudamallocasync_allocator.cc:66] 36864, 6
2025-06-28 20:37:34.089651: E external/local_xla/xla/stream_executor/gpu/gpu_cudamallocasync_allocator.cc:66] 59136, 1
2025-06-28 20:37:34.090115: E external/local_xla/xla/stream_executor/gpu/gpu_cudamallocasync_allocator.cc:66] 65536, 3
2025-06-28 20:37:34.090551: E external/local_xla/xla/stream_executor/gpu/gpu_cudamallocasync_allocator.cc:66] 110592, 6
2025-06-28 20:37:34.091049: E external/local_xla/xla/stream_executor/gpu/gpu_cudamallocasync_allocator.cc:66] 131072, 14
2025-06-28 20:37:34.091486: E external/local_xla/xla/stream_executor/gpu/gpu_cudamallocasync_allocator.cc:66] 221184, 6
2025-06-28 20:37:34.091918: E external/local_xla/xla/stream_executor/gpu/gpu_cudamallocasync_allocator.cc:66] 262144, 3
2025-06-28 20:37:34.092342: E external/local_xla/xla/stream_executor/gpu/gpu_cudamallocasync_allocator.cc:66] 393216, 4
2025-06-28 20:37:34.092866: E external/local_xla/xla/stream_executor/gpu/gpu_cudamallocasync_allocator.cc:66] 442368, 6
2025-06-28 20:37:34.093328: E external/local_xla/xla/stream_executor/gpu/gpu_cudamallocasync_allocator.cc:66] 473088, 1
2025-06-28 20:37:34.093797: E external/local_xla/xla/stream_executor/gpu/gpu_cudamallocasync_allocator.cc:66] 524288, 4
2025-06-28 20:37:34.094227: E external/local_xla/xla/stream_executor/gpu/gpu_cudamallocasync_allocator.cc:66] 884736, 6
2025-06-28 20:37:34.094687: E external/local_xla/xla/stream_executor/gpu/gpu_cudamallocasync_allocator.cc:66] 1048576, 3
2025-06-28 20:37:34.095147: E external/local_xla/xla/stream_executor/gpu/gpu_cudamallocasync_allocator.cc:66] 1769472, 6
2025-06-28 20:37:34.095579: E external/local_xla/xla/stream_executor/gpu/gpu_cudamallocasync_allocator.cc:66] 3145728, 3
2025-06-28 20:37:34.096020: E external/local_xla/xla/stream_executor/gpu/gpu_cudamallocasync_allocator.cc:66] 3538944, 6
2025-06-28 20:37:34.096474: E external/local_xla/xla/stream_executor/gpu/gpu_cudamallocasync_allocator.cc:66] 3784704, 1
2025-06-28 20:37:34.096923: E external/local_xla/xla/stream_executor/gpu/gpu_cudamallocasync_allocator.cc:66] 7077888, 6
2025-06-28 20:37:34.097365: E external/local_xla/xla/stream_executor/gpu/gpu_cudamallocasync_allocator.cc:66] 10616832, 3
2025-06-28 20:37:34.097793: E external/local_xla/xla/stream_executor/gpu/gpu_cudamallocasync_allocator.cc:66] 14155776, 3
2025-06-28 20:37:34.098248: E external/local_xla/xla/stream_executor/gpu/gpu_cudamallocasync_allocator.cc:66] 15138816, 1
2025-06-28 20:37:34.098729: E external/local_xla/xla/stream_executor/gpu/gpu_cudamallocasync_allocator.cc:66] 15925248, 3
2025-06-28 20:37:34.099201: E external/local_xla/xla/stream_executor/gpu/gpu_cudamallocasync_allocator.cc:66] 30277632, 3
2025-06-28 20:37:34.099641: E external/local_xla/xla/stream_executor/gpu/gpu_cudamallocasync_allocator.cc:66] 60555264, 4
2025-06-28 20:37:34.100068: E external/local_xla/xla/stream_executor/gpu/gpu_cudamallocasync_allocator.cc:66] 968884224, 1
2025-06-28 20:37:34.100510: E external/local_xla/xla/stream_executor/gpu/gpu_cudamallocasync_allocator.cc:66] 985661440, 1
2025-06-28 20:37:34.100957: E external/local_xla/xla/stream_executor/gpu/gpu_cudamallocasync_allocator.cc:66] 1937768448, 7
2025-06-28 20:37:34.101408: E external/local_xla/xla/stream_executor/gpu/gpu_cudamallocasync_allocator.cc:97] CU_MEMPOOL_ATTR_RESERVED_MEM_CURRENT: 23555211264
2025-06-28 20:37:34.101780: E external/local_xla/xla/stream_executor/gpu/gpu_cudamallocasync_allocator.cc:99] CU_MEMPOOL_ATTR_USED_MEM_CURRENT: 16098174122
2025-06-28 20:37:34.102180: E external/local_xla/xla/stream_executor/gpu/gpu_cudamallocasync_allocator.cc:100] CU_MEMPOOL_ATTR_RESERVED_MEM_HIGH: 25132269568
2025-06-28 20:37:34.102577: E external/local_xla/xla/stream_executor/gpu/gpu_cudamallocasync_allocator.cc:101] CU_MEMPOOL_ATTR_USED_MEM_HIGH: 20327984098
2025-06-28 20:37:34.593180: E external/local_xla/xla/stream_executor/gpu/gpu_cudamallocasync_allocator.cc:306] gpu_async_0 cuMemAllocAsync failed to allocate 5831030960 bytes: CUDA error: out of memory (CUDA_ERROR_OUT_OF_MEMORY)
 Reported by CUDA: Free memory/Total memory: 1606025216/25393496064
2025-06-28 20:37:34.593924: E external/local_xla/xla/stream_executor/gpu/gpu_cudamallocasync_allocator.cc:311] Stats: Limit:                     23575789568
InUse:                     16098174122
MaxInUse:                  20327984098
NumAllocs:                        2353
MaxAllocSize:               6799661232
Reserved:                            0
PeakReserved:                        0
LargestFreeBlock:                    0

2025-06-28 20:37:34.594636: E external/local_xla/xla/stream_executor/gpu/gpu_cudamallocasync_allocator.cc:63] Histogram of current allocation: (allocation_size_in_bytes, nb_allocation_of_that_sizes), ...;
2025-06-28 20:37:34.595110: E external/local_xla/xla/stream_executor/gpu/gpu_cudamallocasync_allocator.cc:66] 1, 18
2025-06-28 20:37:34.595576: E external/local_xla/xla/stream_executor/gpu/gpu_cudamallocasync_allocator.cc:66] 4, 107
2025-06-28 20:37:34.596049: E external/local_xla/xla/stream_executor/gpu/gpu_cudamallocasync_allocator.cc:66] 8, 11
2025-06-28 20:37:34.596498: E external/local_xla/xla/stream_executor/gpu/gpu_cudamallocasync_allocator.cc:66] 12, 9
2025-06-28 20:37:34.596936: E external/local_xla/xla/stream_executor/gpu/gpu_cudamallocasync_allocator.cc:66] 16, 7
2025-06-28 20:37:34.597365: E external/local_xla/xla/stream_executor/gpu/gpu_cudamallocasync_allocator.cc:66] 20, 1
2025-06-28 20:37:34.597852: E external/local_xla/xla/stream_executor/gpu/gpu_cudamallocasync_allocator.cc:66] 32, 6
2025-06-28 20:37:34.598308: E external/local_xla/xla/stream_executor/gpu/gpu_cudamallocasync_allocator.cc:66] 64, 15
2025-06-28 20:37:34.598747: E external/local_xla/xla/stream_executor/gpu/gpu_cudamallocasync_allocator.cc:66] 96, 3
2025-06-28 20:37:34.599193: E external/local_xla/xla/stream_executor/gpu/gpu_cudamallocasync_allocator.cc:66] 128, 101
2025-06-28 20:37:34.599641: E external/local_xla/xla/stream_executor/gpu/gpu_cudamallocasync_allocator.cc:66] 256, 102
2025-06-28 20:37:34.600088: E external/local_xla/xla/stream_executor/gpu/gpu_cudamallocasync_allocator.cc:66] 512, 88
2025-06-28 20:37:34.600514: E external/local_xla/xla/stream_executor/gpu/gpu_cudamallocasync_allocator.cc:66] 1024, 91
2025-06-28 20:37:34.600946: E external/local_xla/xla/stream_executor/gpu/gpu_cudamallocasync_allocator.cc:66] 1028, 1
2025-06-28 20:37:34.601425: E external/local_xla/xla/stream_executor/gpu/gpu_cudamallocasync_allocator.cc:66] 1536, 38
2025-06-28 20:37:34.601897: E external/local_xla/xla/stream_executor/gpu/gpu_cudamallocasync_allocator.cc:66] 2048, 7
2025-06-28 20:37:34.602367: E external/local_xla/xla/stream_executor/gpu/gpu_cudamallocasync_allocator.cc:66] 3456, 3
2025-06-28 20:37:34.602812: E external/local_xla/xla/stream_executor/gpu/gpu_cudamallocasync_allocator.cc:66] 4096, 12
2025-06-28 20:37:34.603244: E external/local_xla/xla/stream_executor/gpu/gpu_cudamallocasync_allocator.cc:66] 8192, 14
2025-06-28 20:37:34.603750: E external/local_xla/xla/stream_executor/gpu/gpu_cudamallocasync_allocator.cc:66] 16384, 12
2025-06-28 20:37:34.604194: E external/local_xla/xla/stream_executor/gpu/gpu_cudamallocasync_allocator.cc:66] 32768, 14
2025-06-28 20:37:34.604647: E external/local_xla/xla/stream_executor/gpu/gpu_cudamallocasync_allocator.cc:66] 36864, 6
2025-06-28 20:37:34.605103: E external/local_xla/xla/stream_executor/gpu/gpu_cudamallocasync_allocator.cc:66] 59136, 1
2025-06-28 20:37:34.605548: E external/local_xla/xla/stream_executor/gpu/gpu_cudamallocasync_allocator.cc:66] 65536, 3
2025-06-28 20:37:34.606050: E external/local_xla/xla/stream_executor/gpu/gpu_cudamallocasync_allocator.cc:66] 110592, 6
2025-06-28 20:37:34.606482: E external/local_xla/xla/stream_executor/gpu/gpu_cudamallocasync_allocator.cc:66] 131072, 14
2025-06-28 20:37:34.606934: E external/local_xla/xla/stream_executor/gpu/gpu_cudamallocasync_allocator.cc:66] 221184, 6
2025-06-28 20:37:34.607386: E external/local_xla/xla/stream_executor/gpu/gpu_cudamallocasync_allocator.cc:66] 262144, 3
2025-06-28 20:37:34.607867: E external/local_xla/xla/stream_executor/gpu/gpu_cudamallocasync_allocator.cc:66] 393216, 4
2025-06-28 20:37:34.608305: E external/local_xla/xla/stream_executor/gpu/gpu_cudamallocasync_allocator.cc:66] 442368, 6
2025-06-28 20:37:34.608728: E external/local_xla/xla/stream_executor/gpu/gpu_cudamallocasync_allocator.cc:66] 473088, 1
2025-06-28 20:37:34.609143: E external/local_xla/xla/stream_executor/gpu/gpu_cudamallocasync_allocator.cc:66] 524288, 4
2025-06-28 20:37:34.609579: E external/local_xla/xla/stream_executor/gpu/gpu_cudamallocasync_allocator.cc:66] 884736, 6
2025-06-28 20:37:34.610042: E external/local_xla/xla/stream_executor/gpu/gpu_cudamallocasync_allocator.cc:66] 1048576, 3
2025-06-28 20:37:34.610475: E external/local_xla/xla/stream_executor/gpu/gpu_cudamallocasync_allocator.cc:66] 1769472, 6
2025-06-28 20:37:34.610933: E external/local_xla/xla/stream_executor/gpu/gpu_cudamallocasync_allocator.cc:66] 3145728, 3
2025-06-28 20:37:34.611419: E external/local_xla/xla/stream_executor/gpu/gpu_cudamallocasync_allocator.cc:66] 3538944, 6
2025-06-28 20:37:34.611915: E external/local_xla/xla/stream_executor/gpu/gpu_cudamallocasync_allocator.cc:66] 3784704, 1
2025-06-28 20:37:34.612370: E external/local_xla/xla/stream_executor/gpu/gpu_cudamallocasync_allocator.cc:66] 7077888, 6
2025-06-28 20:37:34.612844: E external/local_xla/xla/stream_executor/gpu/gpu_cudamallocasync_allocator.cc:66] 10616832, 3
2025-06-28 20:37:34.613309: E external/local_xla/xla/stream_executor/gpu/gpu_cudamallocasync_allocator.cc:66] 14155776, 3
2025-06-28 20:37:34.613798: E external/local_xla/xla/stream_executor/gpu/gpu_cudamallocasync_allocator.cc:66] 15138816, 1
2025-06-28 20:37:34.614230: E external/local_xla/xla/stream_executor/gpu/gpu_cudamallocasync_allocator.cc:66] 15925248, 3
2025-06-28 20:37:34.614658: E external/local_xla/xla/stream_executor/gpu/gpu_cudamallocasync_allocator.cc:66] 30277632, 3
2025-06-28 20:37:34.615111: E external/local_xla/xla/stream_executor/gpu/gpu_cudamallocasync_allocator.cc:66] 60555264, 4
2025-06-28 20:37:34.615575: E external/local_xla/xla/stream_executor/gpu/gpu_cudamallocasync_allocator.cc:66] 968884224, 1
2025-06-28 20:37:34.616004: E external/local_xla/xla/stream_executor/gpu/gpu_cudamallocasync_allocator.cc:66] 985661440, 1
2025-06-28 20:37:34.616450: E external/local_xla/xla/stream_executor/gpu/gpu_cudamallocasync_allocator.cc:66] 1937768448, 7
2025-06-28 20:37:34.616961: E external/local_xla/xla/stream_executor/gpu/gpu_cudamallocasync_allocator.cc:97] CU_MEMPOOL_ATTR_RESERVED_MEM_CURRENT: 23555211264
2025-06-28 20:37:34.617377: E external/local_xla/xla/stream_executor/gpu/gpu_cudamallocasync_allocator.cc:99] CU_MEMPOOL_ATTR_USED_MEM_CURRENT: 16098174122
2025-06-28 20:37:34.617808: E external/local_xla/xla/stream_executor/gpu/gpu_cudamallocasync_allocator.cc:100] CU_MEMPOOL_ATTR_RESERVED_MEM_HIGH: 25132269568
2025-06-28 20:37:34.618202: E external/local_xla/xla/stream_executor/gpu/gpu_cudamallocasync_allocator.cc:101] CU_MEMPOOL_ATTR_USED_MEM_HIGH: 20327984098
2025-06-28 20:37:42.063225: E external/local_xla/xla/stream_executor/gpu/gpu_cudamallocasync_allocator.cc:306] gpu_async_0 cuMemAllocAsync failed to allocate 622592016 bytes: CUDA error: out of memory (CUDA_ERROR_OUT_OF_MEMORY)
 Reported by CUDA: Free memory/Total memory: 465174528/25393496064
2025-06-28 20:37:42.064183: E external/local_xla/xla/stream_executor/gpu/gpu_cudamallocasync_allocator.cc:311] Stats: Limit:                     23575789568
InUse:                     23714372314
MaxInUse:                  24643317634
NumAllocs:                        3602
MaxAllocSize:               6799661232
Reserved:                            0
PeakReserved:                        0
LargestFreeBlock:                    0

2025-06-28 20:37:42.064985: E external/local_xla/xla/stream_executor/gpu/gpu_cudamallocasync_allocator.cc:63] Histogram of current allocation: (allocation_size_in_bytes, nb_allocation_of_that_sizes), ...;
2025-06-28 20:37:42.065445: E external/local_xla/xla/stream_executor/gpu/gpu_cudamallocasync_allocator.cc:66] 1, 18
2025-06-28 20:37:42.065975: E external/local_xla/xla/stream_executor/gpu/gpu_cudamallocasync_allocator.cc:66] 4, 113
2025-06-28 20:37:42.066466: E external/local_xla/xla/stream_executor/gpu/gpu_cudamallocasync_allocator.cc:66] 8, 11
2025-06-28 20:37:42.066934: E external/local_xla/xla/stream_executor/gpu/gpu_cudamallocasync_allocator.cc:66] 12, 3
2025-06-28 20:37:42.067362: E external/local_xla/xla/stream_executor/gpu/gpu_cudamallocasync_allocator.cc:66] 16, 7
2025-06-28 20:37:42.067820: E external/local_xla/xla/stream_executor/gpu/gpu_cudamallocasync_allocator.cc:66] 20, 1
2025-06-28 20:37:42.068263: E external/local_xla/xla/stream_executor/gpu/gpu_cudamallocasync_allocator.cc:66] 32, 7
2025-06-28 20:37:42.068780: E external/local_xla/xla/stream_executor/gpu/gpu_cudamallocasync_allocator.cc:66] 64, 17
2025-06-28 20:37:42.069243: E external/local_xla/xla/stream_executor/gpu/gpu_cudamallocasync_allocator.cc:66] 96, 3
2025-06-28 20:37:42.069734: E external/local_xla/xla/stream_executor/gpu/gpu_cudamallocasync_allocator.cc:66] 128, 103
2025-06-28 20:37:42.070283: E external/local_xla/xla/stream_executor/gpu/gpu_cudamallocasync_allocator.cc:66] 192, 1
2025-06-28 20:37:42.070747: E external/local_xla/xla/stream_executor/gpu/gpu_cudamallocasync_allocator.cc:66] 256, 108
2025-06-28 20:37:42.071229: E external/local_xla/xla/stream_executor/gpu/gpu_cudamallocasync_allocator.cc:66] 512, 102
2025-06-28 20:37:42.071702: E external/local_xla/xla/stream_executor/gpu/gpu_cudamallocasync_allocator.cc:66] 1024, 107
2025-06-28 20:37:42.072192: E external/local_xla/xla/stream_executor/gpu/gpu_cudamallocasync_allocator.cc:66] 1028, 1
2025-06-28 20:37:42.072677: E external/local_xla/xla/stream_executor/gpu/gpu_cudamallocasync_allocator.cc:66] 1536, 44
2025-06-28 20:37:42.073140: E external/local_xla/xla/stream_executor/gpu/gpu_cudamallocasync_allocator.cc:66] 2048, 10
2025-06-28 20:37:42.073583: E external/local_xla/xla/stream_executor/gpu/gpu_cudamallocasync_allocator.cc:66] 3072, 2
2025-06-28 20:37:42.074072: E external/local_xla/xla/stream_executor/gpu/gpu_cudamallocasync_allocator.cc:66] 3456, 3
2025-06-28 20:37:42.074519: E external/local_xla/xla/stream_executor/gpu/gpu_cudamallocasync_allocator.cc:66] 4096, 12
2025-06-28 20:37:42.074960: E external/local_xla/xla/stream_executor/gpu/gpu_cudamallocasync_allocator.cc:66] 8192, 14
2025-06-28 20:37:42.075438: E external/local_xla/xla/stream_executor/gpu/gpu_cudamallocasync_allocator.cc:66] 16384, 12
2025-06-28 20:37:42.075936: E external/local_xla/xla/stream_executor/gpu/gpu_cudamallocasync_allocator.cc:66] 32768, 14
2025-06-28 20:37:42.076407: E external/local_xla/xla/stream_executor/gpu/gpu_cudamallocasync_allocator.cc:66] 36864, 6
2025-06-28 20:37:42.076920: E external/local_xla/xla/stream_executor/gpu/gpu_cudamallocasync_allocator.cc:66] 59136, 1
2025-06-28 20:37:42.077375: E external/local_xla/xla/stream_executor/gpu/gpu_cudamallocasync_allocator.cc:66] 65536, 3
2025-06-28 20:37:42.077836: E external/local_xla/xla/stream_executor/gpu/gpu_cudamallocasync_allocator.cc:66] 110592, 6
2025-06-28 20:37:42.078285: E external/local_xla/xla/stream_executor/gpu/gpu_cudamallocasync_allocator.cc:66] 118272, 1
2025-06-28 20:37:42.078741: E external/local_xla/xla/stream_executor/gpu/gpu_cudamallocasync_allocator.cc:66] 131072, 14
2025-06-28 20:37:42.079176: E external/local_xla/xla/stream_executor/gpu/gpu_cudamallocasync_allocator.cc:66] 221184, 6
2025-06-28 20:37:42.079622: E external/local_xla/xla/stream_executor/gpu/gpu_cudamallocasync_allocator.cc:66] 262144, 4
2025-06-28 20:37:42.080106: E external/local_xla/xla/stream_executor/gpu/gpu_cudamallocasync_allocator.cc:66] 393216, 4
2025-06-28 20:37:42.080545: E external/local_xla/xla/stream_executor/gpu/gpu_cudamallocasync_allocator.cc:66] 442368, 6
2025-06-28 20:37:42.081033: E external/local_xla/xla/stream_executor/gpu/gpu_cudamallocasync_allocator.cc:66] 473088, 1
2025-06-28 20:37:42.081496: E external/local_xla/xla/stream_executor/gpu/gpu_cudamallocasync_allocator.cc:66] 524288, 4
2025-06-28 20:37:42.081979: E external/local_xla/xla/stream_executor/gpu/gpu_cudamallocasync_allocator.cc:66] 884736, 6
2025-06-28 20:37:42.082445: E external/local_xla/xla/stream_executor/gpu/gpu_cudamallocasync_allocator.cc:66] 946176, 1
2025-06-28 20:37:42.082914: E external/local_xla/xla/stream_executor/gpu/gpu_cudamallocasync_allocator.cc:66] 1048576, 3
2025-06-28 20:37:42.083351: E external/local_xla/xla/stream_executor/gpu/gpu_cudamallocasync_allocator.cc:66] 1769472, 6
2025-06-28 20:37:42.083800: E external/local_xla/xla/stream_executor/gpu/gpu_cudamallocasync_allocator.cc:66] 3145728, 3
2025-06-28 20:37:42.084267: E external/local_xla/xla/stream_executor/gpu/gpu_cudamallocasync_allocator.cc:66] 3538944, 6
2025-06-28 20:37:42.084731: E external/local_xla/xla/stream_executor/gpu/gpu_cudamallocasync_allocator.cc:66] 3784704, 4
2025-06-28 20:37:42.085205: E external/local_xla/xla/stream_executor/gpu/gpu_cudamallocasync_allocator.cc:66] 5677056, 6
2025-06-28 20:37:42.085661: E external/local_xla/xla/stream_executor/gpu/gpu_cudamallocasync_allocator.cc:66] 7077888, 6
2025-06-28 20:37:42.086156: E external/local_xla/xla/stream_executor/gpu/gpu_cudamallocasync_allocator.cc:66] 10616832, 3
2025-06-28 20:37:42.086645: E external/local_xla/xla/stream_executor/gpu/gpu_cudamallocasync_allocator.cc:66] 14155776, 3
2025-06-28 20:37:42.087134: E external/local_xla/xla/stream_executor/gpu/gpu_cudamallocasync_allocator.cc:66] 15138816, 5
2025-06-28 20:37:42.087617: E external/local_xla/xla/stream_executor/gpu/gpu_cudamallocasync_allocator.cc:66] 15925248, 3
2025-06-28 20:37:42.088109: E external/local_xla/xla/stream_executor/gpu/gpu_cudamallocasync_allocator.cc:66] 30277632, 17
2025-06-28 20:37:42.088577: E external/local_xla/xla/stream_executor/gpu/gpu_cudamallocasync_allocator.cc:66] 60555264, 9
2025-06-28 20:37:42.089042: E external/local_xla/xla/stream_executor/gpu/gpu_cudamallocasync_allocator.cc:66] 121110528, 14
2025-06-28 20:37:42.089522: E external/local_xla/xla/stream_executor/gpu/gpu_cudamallocasync_allocator.cc:66] 242221056, 5
2025-06-28 20:37:42.090017: E external/local_xla/xla/stream_executor/gpu/gpu_cudamallocasync_allocator.cc:66] 484442112, 9
2025-06-28 20:37:42.090505: E external/local_xla/xla/stream_executor/gpu/gpu_cudamallocasync_allocator.cc:66] 501219328, 1
2025-06-28 20:37:42.091006: E external/local_xla/xla/stream_executor/gpu/gpu_cudamallocasync_allocator.cc:66] 968884224, 1
2025-06-28 20:37:42.091489: E external/local_xla/xla/stream_executor/gpu/gpu_cudamallocasync_allocator.cc:66] 1937768448, 7
2025-06-28 20:37:42.091965: E external/local_xla/xla/stream_executor/gpu/gpu_cudamallocasync_allocator.cc:97] CU_MEMPOOL_ATTR_RESERVED_MEM_CURRENT: 24696061952
2025-06-28 20:37:42.092359: E external/local_xla/xla/stream_executor/gpu/gpu_cudamallocasync_allocator.cc:99] CU_MEMPOOL_ATTR_USED_MEM_CURRENT: 23714372314
2025-06-28 20:37:42.092764: E external/local_xla/xla/stream_executor/gpu/gpu_cudamallocasync_allocator.cc:100] CU_MEMPOOL_ATTR_RESERVED_MEM_HIGH: 25132269568
2025-06-28 20:37:42.093179: E external/local_xla/xla/stream_executor/gpu/gpu_cudamallocasync_allocator.cc:101] CU_MEMPOOL_ATTR_USED_MEM_HIGH: 24643317634
2025-06-28 20:37:43.092907: E external/local_xla/xla/stream_executor/gpu/gpu_cudamallocasync_allocator.cc:306] gpu_async_0 cuMemAllocAsync failed to allocate 501219328 bytes: CUDA error: out of memory (CUDA_ERROR_OUT_OF_MEMORY)
 Reported by CUDA: Free memory/Total memory: 364511232/25393496064
2025-06-28 20:37:43.093818: E external/local_xla/xla/stream_executor/gpu/gpu_cudamallocasync_allocator.cc:311] Stats: Limit:                     23575789568
InUse:                     24190229210
MaxInUse:                  24643317634
NumAllocs:                        3667
MaxAllocSize:               6799661232
Reserved:                            0
PeakReserved:                        0
LargestFreeBlock:                    0

2025-06-28 20:37:43.094664: E external/local_xla/xla/stream_executor/gpu/gpu_cudamallocasync_allocator.cc:63] Histogram of current allocation: (allocation_size_in_bytes, nb_allocation_of_that_sizes), ...;
2025-06-28 20:37:43.095237: E external/local_xla/xla/stream_executor/gpu/gpu_cudamallocasync_allocator.cc:66] 1, 18
2025-06-28 20:37:43.095836: E external/local_xla/xla/stream_executor/gpu/gpu_cudamallocasync_allocator.cc:66] 4, 113
2025-06-28 20:37:43.096345: E external/local_xla/xla/stream_executor/gpu/gpu_cudamallocasync_allocator.cc:66] 8, 11
2025-06-28 20:37:43.096815: E external/local_xla/xla/stream_executor/gpu/gpu_cudamallocasync_allocator.cc:66] 12, 3
2025-06-28 20:37:43.097283: E external/local_xla/xla/stream_executor/gpu/gpu_cudamallocasync_allocator.cc:66] 16, 7
2025-06-28 20:37:43.097723: E external/local_xla/xla/stream_executor/gpu/gpu_cudamallocasync_allocator.cc:66] 20, 1
2025-06-28 20:37:43.098195: E external/local_xla/xla/stream_executor/gpu/gpu_cudamallocasync_allocator.cc:66] 32, 7
2025-06-28 20:37:43.098648: E external/local_xla/xla/stream_executor/gpu/gpu_cudamallocasync_allocator.cc:66] 64, 17
2025-06-28 20:37:43.099119: E external/local_xla/xla/stream_executor/gpu/gpu_cudamallocasync_allocator.cc:66] 96, 3
2025-06-28 20:37:43.099628: E external/local_xla/xla/stream_executor/gpu/gpu_cudamallocasync_allocator.cc:66] 128, 103
2025-06-28 20:37:43.100091: E external/local_xla/xla/stream_executor/gpu/gpu_cudamallocasync_allocator.cc:66] 192, 1
2025-06-28 20:37:43.100557: E external/local_xla/xla/stream_executor/gpu/gpu_cudamallocasync_allocator.cc:66] 256, 108
2025-06-28 20:37:43.101042: E external/local_xla/xla/stream_executor/gpu/gpu_cudamallocasync_allocator.cc:66] 512, 102
2025-06-28 20:37:43.101524: E external/local_xla/xla/stream_executor/gpu/gpu_cudamallocasync_allocator.cc:66] 1024, 107
2025-06-28 20:37:43.101977: E external/local_xla/xla/stream_executor/gpu/gpu_cudamallocasync_allocator.cc:66] 1028, 1
2025-06-28 20:37:43.102436: E external/local_xla/xla/stream_executor/gpu/gpu_cudamallocasync_allocator.cc:66] 1536, 44
2025-06-28 20:37:43.102894: E external/local_xla/xla/stream_executor/gpu/gpu_cudamallocasync_allocator.cc:66] 2048, 10
2025-06-28 20:37:43.103340: E external/local_xla/xla/stream_executor/gpu/gpu_cudamallocasync_allocator.cc:66] 3072, 2
2025-06-28 20:37:43.103806: E external/local_xla/xla/stream_executor/gpu/gpu_cudamallocasync_allocator.cc:66] 3456, 3
2025-06-28 20:37:43.104272: E external/local_xla/xla/stream_executor/gpu/gpu_cudamallocasync_allocator.cc:66] 4096, 12
2025-06-28 20:37:43.104717: E external/local_xla/xla/stream_executor/gpu/gpu_cudamallocasync_allocator.cc:66] 8192, 14
2025-06-28 20:37:43.105162: E external/local_xla/xla/stream_executor/gpu/gpu_cudamallocasync_allocator.cc:66] 16384, 12
2025-06-28 20:37:43.105669: E external/local_xla/xla/stream_executor/gpu/gpu_cudamallocasync_allocator.cc:66] 32768, 14
2025-06-28 20:37:43.106141: E external/local_xla/xla/stream_executor/gpu/gpu_cudamallocasync_allocator.cc:66] 36864, 6
2025-06-28 20:37:43.106589: E external/local_xla/xla/stream_executor/gpu/gpu_cudamallocasync_allocator.cc:66] 59136, 1
2025-06-28 20:37:43.107069: E external/local_xla/xla/stream_executor/gpu/gpu_cudamallocasync_allocator.cc:66] 65536, 3
2025-06-28 20:37:43.107529: E external/local_xla/xla/stream_executor/gpu/gpu_cudamallocasync_allocator.cc:66] 110592, 6
2025-06-28 20:37:43.108052: E external/local_xla/xla/stream_executor/gpu/gpu_cudamallocasync_allocator.cc:66] 118272, 1
2025-06-28 20:37:43.108517: E external/local_xla/xla/stream_executor/gpu/gpu_cudamallocasync_allocator.cc:66] 131072, 14
2025-06-28 20:37:43.108985: E external/local_xla/xla/stream_executor/gpu/gpu_cudamallocasync_allocator.cc:66] 221184, 6
2025-06-28 20:37:43.109419: E external/local_xla/xla/stream_executor/gpu/gpu_cudamallocasync_allocator.cc:66] 262144, 3
2025-06-28 20:37:43.109846: E external/local_xla/xla/stream_executor/gpu/gpu_cudamallocasync_allocator.cc:66] 393216, 4
2025-06-28 20:37:43.110303: E external/local_xla/xla/stream_executor/gpu/gpu_cudamallocasync_allocator.cc:66] 442368, 6
2025-06-28 20:37:43.110740: E external/local_xla/xla/stream_executor/gpu/gpu_cudamallocasync_allocator.cc:66] 473088, 1
2025-06-28 20:37:43.111209: E external/local_xla/xla/stream_executor/gpu/gpu_cudamallocasync_allocator.cc:66] 524288, 4
2025-06-28 20:37:43.111696: E external/local_xla/xla/stream_executor/gpu/gpu_cudamallocasync_allocator.cc:66] 884736, 7
2025-06-28 20:37:43.112132: E external/local_xla/xla/stream_executor/gpu/gpu_cudamallocasync_allocator.cc:66] 946176, 1
2025-06-28 20:37:43.112569: E external/local_xla/xla/stream_executor/gpu/gpu_cudamallocasync_allocator.cc:66] 1048576, 3
2025-06-28 20:37:43.113047: E external/local_xla/xla/stream_executor/gpu/gpu_cudamallocasync_allocator.cc:66] 1769472, 6
2025-06-28 20:37:43.113523: E external/local_xla/xla/stream_executor/gpu/gpu_cudamallocasync_allocator.cc:66] 3145728, 3
2025-06-28 20:37:43.114009: E external/local_xla/xla/stream_executor/gpu/gpu_cudamallocasync_allocator.cc:66] 3538944, 6
2025-06-28 20:37:43.114455: E external/local_xla/xla/stream_executor/gpu/gpu_cudamallocasync_allocator.cc:66] 3784704, 4
2025-06-28 20:37:43.114901: E external/local_xla/xla/stream_executor/gpu/gpu_cudamallocasync_allocator.cc:66] 5677056, 6
2025-06-28 20:37:43.115350: E external/local_xla/xla/stream_executor/gpu/gpu_cudamallocasync_allocator.cc:66] 7077888, 6
2025-06-28 20:37:43.115770: E external/local_xla/xla/stream_executor/gpu/gpu_cudamallocasync_allocator.cc:66] 7569408, 1
2025-06-28 20:37:43.116194: E external/local_xla/xla/stream_executor/gpu/gpu_cudamallocasync_allocator.cc:66] 10616832, 3
2025-06-28 20:37:43.116668: E external/local_xla/xla/stream_executor/gpu/gpu_cudamallocasync_allocator.cc:66] 14155776, 3
2025-06-28 20:37:43.117127: E external/local_xla/xla/stream_executor/gpu/gpu_cudamallocasync_allocator.cc:66] 15138816, 5
2025-06-28 20:37:43.117577: E external/local_xla/xla/stream_executor/gpu/gpu_cudamallocasync_allocator.cc:66] 15925248, 3
2025-06-28 20:37:43.118103: E external/local_xla/xla/stream_executor/gpu/gpu_cudamallocasync_allocator.cc:66] 30277632, 17
2025-06-28 20:37:43.118599: E external/local_xla/xla/stream_executor/gpu/gpu_cudamallocasync_allocator.cc:66] 60555264, 9
2025-06-28 20:37:43.119080: E external/local_xla/xla/stream_executor/gpu/gpu_cudamallocasync_allocator.cc:66] 121110528, 14
2025-06-28 20:37:43.119567: E external/local_xla/xla/stream_executor/gpu/gpu_cudamallocasync_allocator.cc:66] 242221056, 5
2025-06-28 20:37:43.120020: E external/local_xla/xla/stream_executor/gpu/gpu_cudamallocasync_allocator.cc:66] 484442112, 9
2025-06-28 20:37:43.120481: E external/local_xla/xla/stream_executor/gpu/gpu_cudamallocasync_allocator.cc:66] 968884224, 2
2025-06-28 20:37:43.120915: E external/local_xla/xla/stream_executor/gpu/gpu_cudamallocasync_allocator.cc:66] 1937768448, 7
2025-06-28 20:37:43.121402: E external/local_xla/xla/stream_executor/gpu/gpu_cudamallocasync_allocator.cc:97] CU_MEMPOOL_ATTR_RESERVED_MEM_CURRENT: 24796725248
2025-06-28 20:37:43.121782: E external/local_xla/xla/stream_executor/gpu/gpu_cudamallocasync_allocator.cc:99] CU_MEMPOOL_ATTR_USED_MEM_CURRENT: 24190229210
2025-06-28 20:37:43.122160: E external/local_xla/xla/stream_executor/gpu/gpu_cudamallocasync_allocator.cc:100] CU_MEMPOOL_ATTR_RESERVED_MEM_HIGH: 25132269568
2025-06-28 20:37:43.122560: E external/local_xla/xla/stream_executor/gpu/gpu_cudamallocasync_allocator.cc:101] CU_MEMPOOL_ATTR_USED_MEM_HIGH: 24643317634
2025-06-28 20:37:43.122943: W tensorflow/core/kernels/gpu_utils.cc:54] Failed to allocate memory for convolution redzone checking; skipping this check. This is benign and only means that we won't check cudnn for out-of-bounds reads and writes. This message will only be printed once.
2025-06-28 20:37:43.126987: E external/local_xla/xla/stream_executor/gpu/gpu_cudamallocasync_allocator.cc:306] gpu_async_0 cuMemAllocAsync failed to allocate 986546192 bytes: CUDA error: out of memory (CUDA_ERROR_OUT_OF_MEMORY)
 Reported by CUDA: Free memory/Total memory: 364511232/25393496064
2025-06-28 20:37:43.127577: E external/local_xla/xla/stream_executor/gpu/gpu_cudamallocasync_allocator.cc:311] Stats: Limit:                     23575789568
InUse:                     24190229210
MaxInUse:                  24643317634
NumAllocs:                        3667
MaxAllocSize:               6799661232
Reserved:                            0
PeakReserved:                        0
LargestFreeBlock:                    0

2025-06-28 20:37:43.128173: E external/local_xla/xla/stream_executor/gpu/gpu_cudamallocasync_allocator.cc:63] Histogram of current allocation: (allocation_size_in_bytes, nb_allocation_of_that_sizes), ...;
2025-06-28 20:37:43.128672: E external/local_xla/xla/stream_executor/gpu/gpu_cudamallocasync_allocator.cc:66] 1, 18
2025-06-28 20:37:43.129173: E external/local_xla/xla/stream_executor/gpu/gpu_cudamallocasync_allocator.cc:66] 4, 113
2025-06-28 20:37:43.129638: E external/local_xla/xla/stream_executor/gpu/gpu_cudamallocasync_allocator.cc:66] 8, 11
2025-06-28 20:37:43.130089: E external/local_xla/xla/stream_executor/gpu/gpu_cudamallocasync_allocator.cc:66] 12, 3
2025-06-28 20:37:43.130519: E external/local_xla/xla/stream_executor/gpu/gpu_cudamallocasync_allocator.cc:66] 16, 7
2025-06-28 20:37:43.130961: E external/local_xla/xla/stream_executor/gpu/gpu_cudamallocasync_allocator.cc:66] 20, 1
2025-06-28 20:37:43.131440: E external/local_xla/xla/stream_executor/gpu/gpu_cudamallocasync_allocator.cc:66] 32, 7
2025-06-28 20:37:43.131910: E external/local_xla/xla/stream_executor/gpu/gpu_cudamallocasync_allocator.cc:66] 64, 17
2025-06-28 20:37:43.132386: E external/local_xla/xla/stream_executor/gpu/gpu_cudamallocasync_allocator.cc:66] 96, 3
2025-06-28 20:37:43.132840: E external/local_xla/xla/stream_executor/gpu/gpu_cudamallocasync_allocator.cc:66] 128, 103
2025-06-28 20:37:43.133321: E external/local_xla/xla/stream_executor/gpu/gpu_cudamallocasync_allocator.cc:66] 192, 1
2025-06-28 20:37:43.133773: E external/local_xla/xla/stream_executor/gpu/gpu_cudamallocasync_allocator.cc:66] 256, 108
2025-06-28 20:37:43.134222: E external/local_xla/xla/stream_executor/gpu/gpu_cudamallocasync_allocator.cc:66] 512, 102
2025-06-28 20:37:43.134661: E external/local_xla/xla/stream_executor/gpu/gpu_cudamallocasync_allocator.cc:66] 1024, 107
2025-06-28 20:37:43.135146: E external/local_xla/xla/stream_executor/gpu/gpu_cudamallocasync_allocator.cc:66] 1028, 1
2025-06-28 20:37:43.135583: E external/local_xla/xla/stream_executor/gpu/gpu_cudamallocasync_allocator.cc:66] 1536, 44
2025-06-28 20:37:43.136014: E external/local_xla/xla/stream_executor/gpu/gpu_cudamallocasync_allocator.cc:66] 2048, 10
2025-06-28 20:37:43.136445: E external/local_xla/xla/stream_executor/gpu/gpu_cudamallocasync_allocator.cc:66] 3072, 2
2025-06-28 20:37:43.136906: E external/local_xla/xla/stream_executor/gpu/gpu_cudamallocasync_allocator.cc:66] 3456, 3
2025-06-28 20:37:43.137372: E external/local_xla/xla/stream_executor/gpu/gpu_cudamallocasync_allocator.cc:66] 4096, 12
2025-06-28 20:37:43.137808: E external/local_xla/xla/stream_executor/gpu/gpu_cudamallocasync_allocator.cc:66] 8192, 14
2025-06-28 20:37:43.138266: E external/local_xla/xla/stream_executor/gpu/gpu_cudamallocasync_allocator.cc:66] 16384, 12
2025-06-28 20:37:43.138717: E external/local_xla/xla/stream_executor/gpu/gpu_cudamallocasync_allocator.cc:66] 32768, 14
2025-06-28 20:37:43.139203: E external/local_xla/xla/stream_executor/gpu/gpu_cudamallocasync_allocator.cc:66] 36864, 6
2025-06-28 20:37:43.139626: E external/local_xla/xla/stream_executor/gpu/gpu_cudamallocasync_allocator.cc:66] 59136, 1
2025-06-28 20:37:43.140069: E external/local_xla/xla/stream_executor/gpu/gpu_cudamallocasync_allocator.cc:66] 65536, 3
2025-06-28 20:37:43.140543: E external/local_xla/xla/stream_executor/gpu/gpu_cudamallocasync_allocator.cc:66] 110592, 6
2025-06-28 20:37:43.141036: E external/local_xla/xla/stream_executor/gpu/gpu_cudamallocasync_allocator.cc:66] 118272, 1
2025-06-28 20:37:43.141491: E external/local_xla/xla/stream_executor/gpu/gpu_cudamallocasync_allocator.cc:66] 131072, 14
2025-06-28 20:37:43.141930: E external/local_xla/xla/stream_executor/gpu/gpu_cudamallocasync_allocator.cc:66] 221184, 6
2025-06-28 20:37:43.142361: E external/local_xla/xla/stream_executor/gpu/gpu_cudamallocasync_allocator.cc:66] 262144, 3
2025-06-28 20:37:43.142815: E external/local_xla/xla/stream_executor/gpu/gpu_cudamallocasync_allocator.cc:66] 393216, 4
2025-06-28 20:37:43.143271: E external/local_xla/xla/stream_executor/gpu/gpu_cudamallocasync_allocator.cc:66] 442368, 6
2025-06-28 20:37:43.143723: E external/local_xla/xla/stream_executor/gpu/gpu_cudamallocasync_allocator.cc:66] 473088, 1
2025-06-28 20:37:43.144212: E external/local_xla/xla/stream_executor/gpu/gpu_cudamallocasync_allocator.cc:66] 524288, 4
2025-06-28 20:37:43.144658: E external/local_xla/xla/stream_executor/gpu/gpu_cudamallocasync_allocator.cc:66] 884736, 7
2025-06-28 20:37:43.145115: E external/local_xla/xla/stream_executor/gpu/gpu_cudamallocasync_allocator.cc:66] 946176, 1
2025-06-28 20:37:43.145564: E external/local_xla/xla/stream_executor/gpu/gpu_cudamallocasync_allocator.cc:66] 1048576, 3
2025-06-28 20:37:43.146067: E external/local_xla/xla/stream_executor/gpu/gpu_cudamallocasync_allocator.cc:66] 1769472, 6
2025-06-28 20:37:43.146617: E external/local_xla/xla/stream_executor/gpu/gpu_cudamallocasync_allocator.cc:66] 3145728, 3
2025-06-28 20:37:43.147147: E external/local_xla/xla/stream_executor/gpu/gpu_cudamallocasync_allocator.cc:66] 3538944, 6
2025-06-28 20:37:43.147584: E external/local_xla/xla/stream_executor/gpu/gpu_cudamallocasync_allocator.cc:66] 3784704, 4
2025-06-28 20:37:43.148016: E external/local_xla/xla/stream_executor/gpu/gpu_cudamallocasync_allocator.cc:66] 5677056, 6
2025-06-28 20:37:43.148438: E external/local_xla/xla/stream_executor/gpu/gpu_cudamallocasync_allocator.cc:66] 7077888, 6
2025-06-28 20:37:43.148894: E external/local_xla/xla/stream_executor/gpu/gpu_cudamallocasync_allocator.cc:66] 7569408, 1
2025-06-28 20:37:43.149339: E external/local_xla/xla/stream_executor/gpu/gpu_cudamallocasync_allocator.cc:66] 10616832, 3
2025-06-28 20:37:43.149782: E external/local_xla/xla/stream_executor/gpu/gpu_cudamallocasync_allocator.cc:66] 14155776, 3
2025-06-28 20:37:43.150230: E external/local_xla/xla/stream_executor/gpu/gpu_cudamallocasync_allocator.cc:66] 15138816, 5
2025-06-28 20:37:43.150687: E external/local_xla/xla/stream_executor/gpu/gpu_cudamallocasync_allocator.cc:66] 15925248, 3
2025-06-28 20:37:43.151172: E external/local_xla/xla/stream_executor/gpu/gpu_cudamallocasync_allocator.cc:66] 30277632, 17
2025-06-28 20:37:43.151643: E external/local_xla/xla/stream_executor/gpu/gpu_cudamallocasync_allocator.cc:66] 60555264, 9
2025-06-28 20:37:43.152098: E external/local_xla/xla/stream_executor/gpu/gpu_cudamallocasync_allocator.cc:66] 121110528, 14
2025-06-28 20:37:43.152530: E external/local_xla/xla/stream_executor/gpu/gpu_cudamallocasync_allocator.cc:66] 242221056, 5
2025-06-28 20:37:43.153021: E external/local_xla/xla/stream_executor/gpu/gpu_cudamallocasync_allocator.cc:66] 484442112, 9
2025-06-28 20:37:43.153459: E external/local_xla/xla/stream_executor/gpu/gpu_cudamallocasync_allocator.cc:66] 968884224, 2
2025-06-28 20:37:43.153881: E external/local_xla/xla/stream_executor/gpu/gpu_cudamallocasync_allocator.cc:66] 1937768448, 7
2025-06-28 20:37:43.154328: E external/local_xla/xla/stream_executor/gpu/gpu_cudamallocasync_allocator.cc:97] CU_MEMPOOL_ATTR_RESERVED_MEM_CURRENT: 24796725248
2025-06-28 20:37:43.154704: E external/local_xla/xla/stream_executor/gpu/gpu_cudamallocasync_allocator.cc:99] CU_MEMPOOL_ATTR_USED_MEM_CURRENT: 24190229210
2025-06-28 20:37:43.155049: E external/local_xla/xla/stream_executor/gpu/gpu_cudamallocasync_allocator.cc:100] CU_MEMPOOL_ATTR_RESERVED_MEM_HIGH: 25132269568
2025-06-28 20:37:43.155408: E external/local_xla/xla/stream_executor/gpu/gpu_cudamallocasync_allocator.cc:101] CU_MEMPOOL_ATTR_USED_MEM_HIGH: 24643317634
2025-06-28 20:37:43.156234: E external/local_xla/xla/stream_executor/gpu/gpu_cudamallocasync_allocator.cc:306] gpu_async_0 cuMemAllocAsync failed to allocate 1471106736 bytes: CUDA error: out of memory (CUDA_ERROR_OUT_OF_MEMORY)
 Reported by CUDA: Free memory/Total memory: 364511232/25393496064
2025-06-28 20:37:43.156624: E external/local_xla/xla/stream_executor/gpu/gpu_cudamallocasync_allocator.cc:311] Stats: Limit:                     23575789568
InUse:                     24190229210
MaxInUse:                  24643317634
NumAllocs:                        3667
MaxAllocSize:               6799661232
Reserved:                            0
PeakReserved:                        0
LargestFreeBlock:                    0

2025-06-28 20:37:43.157074: E external/local_xla/xla/stream_executor/gpu/gpu_cudamallocasync_allocator.cc:63] Histogram of current allocation: (allocation_size_in_bytes, nb_allocation_of_that_sizes), ...;
2025-06-28 20:37:43.157439: E external/local_xla/xla/stream_executor/gpu/gpu_cudamallocasync_allocator.cc:66] 1, 18
2025-06-28 20:37:43.157941: E external/local_xla/xla/stream_executor/gpu/gpu_cudamallocasync_allocator.cc:66] 4, 113
2025-06-28 20:37:43.158384: E external/local_xla/xla/stream_executor/gpu/gpu_cudamallocasync_allocator.cc:66] 8, 11
2025-06-28 20:37:43.158837: E external/local_xla/xla/stream_executor/gpu/gpu_cudamallocasync_allocator.cc:66] 12, 3
2025-06-28 20:37:43.159263: E external/local_xla/xla/stream_executor/gpu/gpu_cudamallocasync_allocator.cc:66] 16, 7
2025-06-28 20:37:43.159710: E external/local_xla/xla/stream_executor/gpu/gpu_cudamallocasync_allocator.cc:66] 20, 1
2025-06-28 20:37:43.160168: E external/local_xla/xla/stream_executor/gpu/gpu_cudamallocasync_allocator.cc:66] 32, 7
2025-06-28 20:37:43.160615: E external/local_xla/xla/stream_executor/gpu/gpu_cudamallocasync_allocator.cc:66] 64, 17
2025-06-28 20:37:43.161083: E external/local_xla/xla/stream_executor/gpu/gpu_cudamallocasync_allocator.cc:66] 96, 3
2025-06-28 20:37:43.161553: E external/local_xla/xla/stream_executor/gpu/gpu_cudamallocasync_allocator.cc:66] 128, 103
2025-06-28 20:37:43.162017: E external/local_xla/xla/stream_executor/gpu/gpu_cudamallocasync_allocator.cc:66] 192, 1
2025-06-28 20:37:43.162477: E external/local_xla/xla/stream_executor/gpu/gpu_cudamallocasync_allocator.cc:66] 256, 108
2025-06-28 20:37:43.162928: E external/local_xla/xla/stream_executor/gpu/gpu_cudamallocasync_allocator.cc:66] 512, 102
2025-06-28 20:37:43.163371: E external/local_xla/xla/stream_executor/gpu/gpu_cudamallocasync_allocator.cc:66] 1024, 107
2025-06-28 20:37:43.163848: E external/local_xla/xla/stream_executor/gpu/gpu_cudamallocasync_allocator.cc:66] 1028, 1
2025-06-28 20:37:43.164293: E external/local_xla/xla/stream_executor/gpu/gpu_cudamallocasync_allocator.cc:66] 1536, 44
2025-06-28 20:37:43.164723: E external/local_xla/xla/stream_executor/gpu/gpu_cudamallocasync_allocator.cc:66] 2048, 10
2025-06-28 20:37:43.165146: E external/local_xla/xla/stream_executor/gpu/gpu_cudamallocasync_allocator.cc:66] 3072, 2
2025-06-28 20:37:43.165610: E external/local_xla/xla/stream_executor/gpu/gpu_cudamallocasync_allocator.cc:66] 3456, 3
2025-06-28 20:37:43.166070: E external/local_xla/xla/stream_executor/gpu/gpu_cudamallocasync_allocator.cc:66] 4096, 12
2025-06-28 20:37:43.166508: E external/local_xla/xla/stream_executor/gpu/gpu_cudamallocasync_allocator.cc:66] 8192, 14
2025-06-28 20:37:43.166938: E external/local_xla/xla/stream_executor/gpu/gpu_cudamallocasync_allocator.cc:66] 16384, 12
2025-06-28 20:37:43.167422: E external/local_xla/xla/stream_executor/gpu/gpu_cudamallocasync_allocator.cc:66] 32768, 14
2025-06-28 20:37:43.167893: E external/local_xla/xla/stream_executor/gpu/gpu_cudamallocasync_allocator.cc:66] 36864, 6
2025-06-28 20:37:43.168328: E external/local_xla/xla/stream_executor/gpu/gpu_cudamallocasync_allocator.cc:66] 59136, 1
2025-06-28 20:37:43.168756: E external/local_xla/xla/stream_executor/gpu/gpu_cudamallocasync_allocator.cc:66] 65536, 3
2025-06-28 20:37:43.169196: E external/local_xla/xla/stream_executor/gpu/gpu_cudamallocasync_allocator.cc:66] 110592, 6
2025-06-28 20:37:43.169699: E external/local_xla/xla/stream_executor/gpu/gpu_cudamallocasync_allocator.cc:66] 118272, 1
2025-06-28 20:37:43.170158: E external/local_xla/xla/stream_executor/gpu/gpu_cudamallocasync_allocator.cc:66] 131072, 14
2025-06-28 20:37:43.170609: E external/local_xla/xla/stream_executor/gpu/gpu_cudamallocasync_allocator.cc:66] 221184, 6
2025-06-28 20:37:43.171044: E external/local_xla/xla/stream_executor/gpu/gpu_cudamallocasync_allocator.cc:66] 262144, 3
2025-06-28 20:37:43.171481: E external/local_xla/xla/stream_executor/gpu/gpu_cudamallocasync_allocator.cc:66] 393216, 4
2025-06-28 20:37:43.171930: E external/local_xla/xla/stream_executor/gpu/gpu_cudamallocasync_allocator.cc:66] 442368, 6
2025-06-28 20:37:43.172362: E external/local_xla/xla/stream_executor/gpu/gpu_cudamallocasync_allocator.cc:66] 473088, 1
2025-06-28 20:37:43.172835: E external/local_xla/xla/stream_executor/gpu/gpu_cudamallocasync_allocator.cc:66] 524288, 4
2025-06-28 20:37:43.173314: E external/local_xla/xla/stream_executor/gpu/gpu_cudamallocasync_allocator.cc:66] 884736, 7
2025-06-28 20:37:43.173750: E external/local_xla/xla/stream_executor/gpu/gpu_cudamallocasync_allocator.cc:66] 946176, 1
2025-06-28 20:37:43.174187: E external/local_xla/xla/stream_executor/gpu/gpu_cudamallocasync_allocator.cc:66] 1048576, 3
2025-06-28 20:37:43.174658: E external/local_xla/xla/stream_executor/gpu/gpu_cudamallocasync_allocator.cc:66] 1769472, 6
2025-06-28 20:37:43.175097: E external/local_xla/xla/stream_executor/gpu/gpu_cudamallocasync_allocator.cc:66] 3145728, 3
2025-06-28 20:37:43.175676: E external/local_xla/xla/stream_executor/gpu/gpu_cudamallocasync_allocator.cc:66] 3538944, 6
2025-06-28 20:37:43.176153: E external/local_xla/xla/stream_executor/gpu/gpu_cudamallocasync_allocator.cc:66] 3784704, 4
2025-06-28 20:37:43.176591: E external/local_xla/xla/stream_executor/gpu/gpu_cudamallocasync_allocator.cc:66] 5677056, 6
2025-06-28 20:37:43.177023: E external/local_xla/xla/stream_executor/gpu/gpu_cudamallocasync_allocator.cc:66] 7077888, 6
2025-06-28 20:37:43.177481: E external/local_xla/xla/stream_executor/gpu/gpu_cudamallocasync_allocator.cc:66] 7569408, 1
2025-06-28 20:37:43.177904: E external/local_xla/xla/stream_executor/gpu/gpu_cudamallocasync_allocator.cc:66] 10616832, 3
2025-06-28 20:37:43.178368: E external/local_xla/xla/stream_executor/gpu/gpu_cudamallocasync_allocator.cc:66] 14155776, 3
2025-06-28 20:37:43.178871: E external/local_xla/xla/stream_executor/gpu/gpu_cudamallocasync_allocator.cc:66] 15138816, 5
2025-06-28 20:37:43.179357: E external/local_xla/xla/stream_executor/gpu/gpu_cudamallocasync_allocator.cc:66] 15925248, 3
2025-06-28 20:37:43.179892: E external/local_xla/xla/stream_executor/gpu/gpu_cudamallocasync_allocator.cc:66] 30277632, 17
2025-06-28 20:37:43.180365: E external/local_xla/xla/stream_executor/gpu/gpu_cudamallocasync_allocator.cc:66] 60555264, 9
2025-06-28 20:37:43.180823: E external/local_xla/xla/stream_executor/gpu/gpu_cudamallocasync_allocator.cc:66] 121110528, 14
2025-06-28 20:37:43.181313: E external/local_xla/xla/stream_executor/gpu/gpu_cudamallocasync_allocator.cc:66] 242221056, 5
2025-06-28 20:37:43.181739: E external/local_xla/xla/stream_executor/gpu/gpu_cudamallocasync_allocator.cc:66] 484442112, 9
2025-06-28 20:37:43.182190: E external/local_xla/xla/stream_executor/gpu/gpu_cudamallocasync_allocator.cc:66] 968884224, 2
2025-06-28 20:37:43.182633: E external/local_xla/xla/stream_executor/gpu/gpu_cudamallocasync_allocator.cc:66] 1937768448, 7
2025-06-28 20:37:43.183100: E external/local_xla/xla/stream_executor/gpu/gpu_cudamallocasync_allocator.cc:97] CU_MEMPOOL_ATTR_RESERVED_MEM_CURRENT: 24796725248
2025-06-28 20:37:43.183455: E external/local_xla/xla/stream_executor/gpu/gpu_cudamallocasync_allocator.cc:99] CU_MEMPOOL_ATTR_USED_MEM_CURRENT: 24190229210
2025-06-28 20:37:43.183810: E external/local_xla/xla/stream_executor/gpu/gpu_cudamallocasync_allocator.cc:100] CU_MEMPOOL_ATTR_RESERVED_MEM_HIGH: 25132269568
2025-06-28 20:37:43.184145: E external/local_xla/xla/stream_executor/gpu/gpu_cudamallocasync_allocator.cc:101] CU_MEMPOOL_ATTR_USED_MEM_HIGH: 24643317634
2025-06-28 20:37:43.184977: E external/local_xla/xla/stream_executor/gpu/gpu_cudamallocasync_allocator.cc:306] gpu_async_0 cuMemAllocAsync failed to allocate 1470988304 bytes: CUDA error: out of memory (CUDA_ERROR_OUT_OF_MEMORY)
 Reported by CUDA: Free memory/Total memory: 364511232/25393496064
2025-06-28 20:37:43.185351: E external/local_xla/xla/stream_executor/gpu/gpu_cudamallocasync_allocator.cc:311] Stats: Limit:                     23575789568
InUse:                     24190229210
MaxInUse:                  24643317634
NumAllocs:                        3667
MaxAllocSize:               6799661232
Reserved:                            0
PeakReserved:                        0
LargestFreeBlock:                    0

2025-06-28 20:37:43.185762: E external/local_xla/xla/stream_executor/gpu/gpu_cudamallocasync_allocator.cc:63] Histogram of current allocation: (allocation_size_in_bytes, nb_allocation_of_that_sizes), ...;
2025-06-28 20:37:43.186156: E external/local_xla/xla/stream_executor/gpu/gpu_cudamallocasync_allocator.cc:66] 1, 18
2025-06-28 20:37:43.186608: E external/local_xla/xla/stream_executor/gpu/gpu_cudamallocasync_allocator.cc:66] 4, 113
2025-06-28 20:37:43.187071: E external/local_xla/xla/stream_executor/gpu/gpu_cudamallocasync_allocator.cc:66] 8, 11
2025-06-28 20:37:43.187508: E external/local_xla/xla/stream_executor/gpu/gpu_cudamallocasync_allocator.cc:66] 12, 3
2025-06-28 20:37:43.187965: E external/local_xla/xla/stream_executor/gpu/gpu_cudamallocasync_allocator.cc:66] 16, 7
2025-06-28 20:37:43.188446: E external/local_xla/xla/stream_executor/gpu/gpu_cudamallocasync_allocator.cc:66] 20, 1
2025-06-28 20:37:43.188899: E external/local_xla/xla/stream_executor/gpu/gpu_cudamallocasync_allocator.cc:66] 32, 7
2025-06-28 20:37:43.189342: E external/local_xla/xla/stream_executor/gpu/gpu_cudamallocasync_allocator.cc:66] 64, 17
2025-06-28 20:37:43.189786: E external/local_xla/xla/stream_executor/gpu/gpu_cudamallocasync_allocator.cc:66] 96, 3
2025-06-28 20:37:43.190260: E external/local_xla/xla/stream_executor/gpu/gpu_cudamallocasync_allocator.cc:66] 128, 103
2025-06-28 20:37:43.190718: E external/local_xla/xla/stream_executor/gpu/gpu_cudamallocasync_allocator.cc:66] 192, 1
2025-06-28 20:37:43.191161: E external/local_xla/xla/stream_executor/gpu/gpu_cudamallocasync_allocator.cc:66] 256, 108
2025-06-28 20:37:43.191611: E external/local_xla/xla/stream_executor/gpu/gpu_cudamallocasync_allocator.cc:66] 512, 102
2025-06-28 20:37:43.192098: E external/local_xla/xla/stream_executor/gpu/gpu_cudamallocasync_allocator.cc:66] 1024, 107
2025-06-28 20:37:43.192541: E external/local_xla/xla/stream_executor/gpu/gpu_cudamallocasync_allocator.cc:66] 1028, 1
2025-06-28 20:37:43.192982: E external/local_xla/xla/stream_executor/gpu/gpu_cudamallocasync_allocator.cc:66] 1536, 44
2025-06-28 20:37:43.193429: E external/local_xla/xla/stream_executor/gpu/gpu_cudamallocasync_allocator.cc:66] 2048, 10
2025-06-28 20:37:43.193863: E external/local_xla/xla/stream_executor/gpu/gpu_cudamallocasync_allocator.cc:66] 3072, 2
2025-06-28 20:37:43.194312: E external/local_xla/xla/stream_executor/gpu/gpu_cudamallocasync_allocator.cc:66] 3456, 3
2025-06-28 20:37:43.194767: E external/local_xla/xla/stream_executor/gpu/gpu_cudamallocasync_allocator.cc:66] 4096, 12
2025-06-28 20:37:43.195230: E external/local_xla/xla/stream_executor/gpu/gpu_cudamallocasync_allocator.cc:66] 8192, 14
2025-06-28 20:37:43.195666: E external/local_xla/xla/stream_executor/gpu/gpu_cudamallocasync_allocator.cc:66] 16384, 12
2025-06-28 20:37:43.196145: E external/local_xla/xla/stream_executor/gpu/gpu_cudamallocasync_allocator.cc:66] 32768, 14
2025-06-28 20:37:43.196597: E external/local_xla/xla/stream_executor/gpu/gpu_cudamallocasync_allocator.cc:66] 36864, 6
2025-06-28 20:37:43.197048: E external/local_xla/xla/stream_executor/gpu/gpu_cudamallocasync_allocator.cc:66] 59136, 1
2025-06-28 20:37:43.197467: E external/local_xla/xla/stream_executor/gpu/gpu_cudamallocasync_allocator.cc:66] 65536, 3
2025-06-28 20:37:43.197929: E external/local_xla/xla/stream_executor/gpu/gpu_cudamallocasync_allocator.cc:66] 110592, 6
2025-06-28 20:37:43.198346: E external/local_xla/xla/stream_executor/gpu/gpu_cudamallocasync_allocator.cc:66] 118272, 1
2025-06-28 20:37:43.198845: E external/local_xla/xla/stream_executor/gpu/gpu_cudamallocasync_allocator.cc:66] 131072, 14
2025-06-28 20:37:43.199297: E external/local_xla/xla/stream_executor/gpu/gpu_cudamallocasync_allocator.cc:66] 221184, 6
2025-06-28 20:37:43.199794: E external/local_xla/xla/stream_executor/gpu/gpu_cudamallocasync_allocator.cc:66] 262144, 3
2025-06-28 20:37:43.200222: E external/local_xla/xla/stream_executor/gpu/gpu_cudamallocasync_allocator.cc:66] 393216, 4
2025-06-28 20:37:43.200637: E external/local_xla/xla/stream_executor/gpu/gpu_cudamallocasync_allocator.cc:66] 442368, 6
2025-06-28 20:37:43.201082: E external/local_xla/xla/stream_executor/gpu/gpu_cudamallocasync_allocator.cc:66] 473088, 1
2025-06-28 20:37:43.201507: E external/local_xla/xla/stream_executor/gpu/gpu_cudamallocasync_allocator.cc:66] 524288, 4
2025-06-28 20:37:43.201988: E external/local_xla/xla/stream_executor/gpu/gpu_cudamallocasync_allocator.cc:66] 884736, 7
2025-06-28 20:37:43.202463: E external/local_xla/xla/stream_executor/gpu/gpu_cudamallocasync_allocator.cc:66] 946176, 1
2025-06-28 20:37:43.202898: E external/local_xla/xla/stream_executor/gpu/gpu_cudamallocasync_allocator.cc:66] 1048576, 3
2025-06-28 20:37:43.203334: E external/local_xla/xla/stream_executor/gpu/gpu_cudamallocasync_allocator.cc:66] 1769472, 6
2025-06-28 20:37:43.203813: E external/local_xla/xla/stream_executor/gpu/gpu_cudamallocasync_allocator.cc:66] 3145728, 3
2025-06-28 20:37:43.204248: E external/local_xla/xla/stream_executor/gpu/gpu_cudamallocasync_allocator.cc:66] 3538944, 6
2025-06-28 20:37:43.204717: E external/local_xla/xla/stream_executor/gpu/gpu_cudamallocasync_allocator.cc:66] 3784704, 4
2025-06-28 20:37:43.205165: E external/local_xla/xla/stream_executor/gpu/gpu_cudamallocasync_allocator.cc:66] 5677056, 6
2025-06-28 20:37:43.205644: E external/local_xla/xla/stream_executor/gpu/gpu_cudamallocasync_allocator.cc:66] 7077888, 6
2025-06-28 20:37:43.206076: E external/local_xla/xla/stream_executor/gpu/gpu_cudamallocasync_allocator.cc:66] 7569408, 1
2025-06-28 20:37:43.206486: E external/local_xla/xla/stream_executor/gpu/gpu_cudamallocasync_allocator.cc:66] 10616832, 3
2025-06-28 20:37:43.206906: E external/local_xla/xla/stream_executor/gpu/gpu_cudamallocasync_allocator.cc:66] 14155776, 3
2025-06-28 20:37:43.207403: E external/local_xla/xla/stream_executor/gpu/gpu_cudamallocasync_allocator.cc:66] 15138816, 5
2025-06-28 20:37:43.207844: E external/local_xla/xla/stream_executor/gpu/gpu_cudamallocasync_allocator.cc:66] 15925248, 3
2025-06-28 20:37:43.208296: E external/local_xla/xla/stream_executor/gpu/gpu_cudamallocasync_allocator.cc:66] 30277632, 17
2025-06-28 20:37:43.208750: E external/local_xla/xla/stream_executor/gpu/gpu_cudamallocasync_allocator.cc:66] 60555264, 9
2025-06-28 20:37:43.209189: E external/local_xla/xla/stream_executor/gpu/gpu_cudamallocasync_allocator.cc:66] 121110528, 14
2025-06-28 20:37:43.209680: E external/local_xla/xla/stream_executor/gpu/gpu_cudamallocasync_allocator.cc:66] 242221056, 5
2025-06-28 20:37:43.210128: E external/local_xla/xla/stream_executor/gpu/gpu_cudamallocasync_allocator.cc:66] 484442112, 9
2025-06-28 20:37:43.210554: E external/local_xla/xla/stream_executor/gpu/gpu_cudamallocasync_allocator.cc:66] 968884224, 2
2025-06-28 20:37:43.210995: E external/local_xla/xla/stream_executor/gpu/gpu_cudamallocasync_allocator.cc:66] 1937768448, 7
2025-06-28 20:37:43.211471: E external/local_xla/xla/stream_executor/gpu/gpu_cudamallocasync_allocator.cc:97] CU_MEMPOOL_ATTR_RESERVED_MEM_CURRENT: 24796725248
2025-06-28 20:37:43.211816: E external/local_xla/xla/stream_executor/gpu/gpu_cudamallocasync_allocator.cc:99] CU_MEMPOOL_ATTR_USED_MEM_CURRENT: 24190229210
2025-06-28 20:37:43.212171: E external/local_xla/xla/stream_executor/gpu/gpu_cudamallocasync_allocator.cc:100] CU_MEMPOOL_ATTR_RESERVED_MEM_HIGH: 25132269568
2025-06-28 20:37:43.212558: E external/local_xla/xla/stream_executor/gpu/gpu_cudamallocasync_allocator.cc:101] CU_MEMPOOL_ATTR_USED_MEM_HIGH: 24643317634
2025-06-28 20:37:43.213327: E external/local_xla/xla/stream_executor/gpu/gpu_cudamallocasync_allocator.cc:306] gpu_async_0 cuMemAllocAsync failed to allocate 986546192 bytes: CUDA error: out of memory (CUDA_ERROR_OUT_OF_MEMORY)
 Reported by CUDA: Free memory/Total memory: 364511232/25393496064
2025-06-28 20:37:43.213705: E external/local_xla/xla/stream_executor/gpu/gpu_cudamallocasync_allocator.cc:311] Stats: Limit:                     23575789568
InUse:                     24190229210
MaxInUse:                  24643317634
NumAllocs:                        3667
MaxAllocSize:               6799661232
Reserved:                            0
PeakReserved:                        0
LargestFreeBlock:                    0

2025-06-28 20:37:43.214111: E external/local_xla/xla/stream_executor/gpu/gpu_cudamallocasync_allocator.cc:63] Histogram of current allocation: (allocation_size_in_bytes, nb_allocation_of_that_sizes), ...;
2025-06-28 20:37:43.214510: E external/local_xla/xla/stream_executor/gpu/gpu_cudamallocasync_allocator.cc:66] 1, 18
2025-06-28 20:37:43.214971: E external/local_xla/xla/stream_executor/gpu/gpu_cudamallocasync_allocator.cc:66] 4, 113
2025-06-28 20:37:43.215429: E external/local_xla/xla/stream_executor/gpu/gpu_cudamallocasync_allocator.cc:66] 8, 11
2025-06-28 20:37:43.215860: E external/local_xla/xla/stream_executor/gpu/gpu_cudamallocasync_allocator.cc:66] 12, 3
2025-06-28 20:37:43.216324: E external/local_xla/xla/stream_executor/gpu/gpu_cudamallocasync_allocator.cc:66] 16, 7
2025-06-28 20:37:43.216783: E external/local_xla/xla/stream_executor/gpu/gpu_cudamallocasync_allocator.cc:66] 20, 1
2025-06-28 20:37:43.217226: E external/local_xla/xla/stream_executor/gpu/gpu_cudamallocasync_allocator.cc:66] 32, 7
2025-06-28 20:37:43.217649: E external/local_xla/xla/stream_executor/gpu/gpu_cudamallocasync_allocator.cc:66] 64, 17
2025-06-28 20:37:43.218118: E external/local_xla/xla/stream_executor/gpu/gpu_cudamallocasync_allocator.cc:66] 96, 3
2025-06-28 20:37:43.218557: E external/local_xla/xla/stream_executor/gpu/gpu_cudamallocasync_allocator.cc:66] 128, 103
2025-06-28 20:37:43.218997: E external/local_xla/xla/stream_executor/gpu/gpu_cudamallocasync_allocator.cc:66] 192, 1
2025-06-28 20:37:43.219473: E external/local_xla/xla/stream_executor/gpu/gpu_cudamallocasync_allocator.cc:66] 256, 108
2025-06-28 20:37:43.219910: E external/local_xla/xla/stream_executor/gpu/gpu_cudamallocasync_allocator.cc:66] 512, 102
2025-06-28 20:37:43.220390: E external/local_xla/xla/stream_executor/gpu/gpu_cudamallocasync_allocator.cc:66] 1024, 107
2025-06-28 20:37:43.220822: E external/local_xla/xla/stream_executor/gpu/gpu_cudamallocasync_allocator.cc:66] 1028, 1
2025-06-28 20:37:43.221248: E external/local_xla/xla/stream_executor/gpu/gpu_cudamallocasync_allocator.cc:66] 1536, 44
2025-06-28 20:37:43.221674: E external/local_xla/xla/stream_executor/gpu/gpu_cudamallocasync_allocator.cc:66] 2048, 10
2025-06-28 20:37:43.222148: E external/local_xla/xla/stream_executor/gpu/gpu_cudamallocasync_allocator.cc:66] 3072, 2
2025-06-28 20:37:43.222576: E external/local_xla/xla/stream_executor/gpu/gpu_cudamallocasync_allocator.cc:66] 3456, 3
2025-06-28 20:37:43.222991: E external/local_xla/xla/stream_executor/gpu/gpu_cudamallocasync_allocator.cc:66] 4096, 12
2025-06-28 20:37:43.223412: E external/local_xla/xla/stream_executor/gpu/gpu_cudamallocasync_allocator.cc:66] 8192, 14
2025-06-28 20:37:43.223911: E external/local_xla/xla/stream_executor/gpu/gpu_cudamallocasync_allocator.cc:66] 16384, 12
2025-06-28 20:37:43.224364: E external/local_xla/xla/stream_executor/gpu/gpu_cudamallocasync_allocator.cc:66] 32768, 14
2025-06-28 20:37:43.224793: E external/local_xla/xla/stream_executor/gpu/gpu_cudamallocasync_allocator.cc:66] 36864, 6
2025-06-28 20:37:43.225237: E external/local_xla/xla/stream_executor/gpu/gpu_cudamallocasync_allocator.cc:66] 59136, 1
2025-06-28 20:37:43.225679: E external/local_xla/xla/stream_executor/gpu/gpu_cudamallocasync_allocator.cc:66] 65536, 3
2025-06-28 20:37:43.226159: E external/local_xla/xla/stream_executor/gpu/gpu_cudamallocasync_allocator.cc:66] 110592, 6
2025-06-28 20:37:43.226577: E external/local_xla/xla/stream_executor/gpu/gpu_cudamallocasync_allocator.cc:66] 118272, 1
2025-06-28 20:37:43.227019: E external/local_xla/xla/stream_executor/gpu/gpu_cudamallocasync_allocator.cc:66] 131072, 14
2025-06-28 20:37:43.227471: E external/local_xla/xla/stream_executor/gpu/gpu_cudamallocasync_allocator.cc:66] 221184, 6
2025-06-28 20:37:43.227966: E external/local_xla/xla/stream_executor/gpu/gpu_cudamallocasync_allocator.cc:66] 262144, 3
2025-06-28 20:37:43.228416: E external/local_xla/xla/stream_executor/gpu/gpu_cudamallocasync_allocator.cc:66] 393216, 4
2025-06-28 20:37:43.228850: E external/local_xla/xla/stream_executor/gpu/gpu_cudamallocasync_allocator.cc:66] 442368, 6
2025-06-28 20:37:43.229281: E external/local_xla/xla/stream_executor/gpu/gpu_cudamallocasync_allocator.cc:66] 473088, 1
2025-06-28 20:37:43.229761: E external/local_xla/xla/stream_executor/gpu/gpu_cudamallocasync_allocator.cc:66] 524288, 4
2025-06-28 20:37:43.230189: E external/local_xla/xla/stream_executor/gpu/gpu_cudamallocasync_allocator.cc:66] 884736, 7
2025-06-28 20:37:43.230637: E external/local_xla/xla/stream_executor/gpu/gpu_cudamallocasync_allocator.cc:66] 946176, 1
2025-06-28 20:37:43.231081: E external/local_xla/xla/stream_executor/gpu/gpu_cudamallocasync_allocator.cc:66] 1048576, 3
2025-06-28 20:37:43.231558: E external/local_xla/xla/stream_executor/gpu/gpu_cudamallocasync_allocator.cc:66] 1769472, 6
2025-06-28 20:37:43.232018: E external/local_xla/xla/stream_executor/gpu/gpu_cudamallocasync_allocator.cc:66] 3145728, 3
2025-06-28 20:37:43.232473: E external/local_xla/xla/stream_executor/gpu/gpu_cudamallocasync_allocator.cc:66] 3538944, 6
2025-06-28 20:37:43.232910: E external/local_xla/xla/stream_executor/gpu/gpu_cudamallocasync_allocator.cc:66] 3784704, 4
2025-06-28 20:37:43.233381: E external/local_xla/xla/stream_executor/gpu/gpu_cudamallocasync_allocator.cc:66] 5677056, 6
2025-06-28 20:37:43.233846: E external/local_xla/xla/stream_executor/gpu/gpu_cudamallocasync_allocator.cc:66] 7077888, 6
2025-06-28 20:37:43.234286: E external/local_xla/xla/stream_executor/gpu/gpu_cudamallocasync_allocator.cc:66] 7569408, 1
2025-06-28 20:37:43.234714: E external/local_xla/xla/stream_executor/gpu/gpu_cudamallocasync_allocator.cc:66] 10616832, 3
2025-06-28 20:37:43.235145: E external/local_xla/xla/stream_executor/gpu/gpu_cudamallocasync_allocator.cc:66] 14155776, 3
2025-06-28 20:37:43.235608: E external/local_xla/xla/stream_executor/gpu/gpu_cudamallocasync_allocator.cc:66] 15138816, 5
2025-06-28 20:37:43.236052: E external/local_xla/xla/stream_executor/gpu/gpu_cudamallocasync_allocator.cc:66] 15925248, 3
2025-06-28 20:37:43.236490: E external/local_xla/xla/stream_executor/gpu/gpu_cudamallocasync_allocator.cc:66] 30277632, 17
2025-06-28 20:37:43.236941: E external/local_xla/xla/stream_executor/gpu/gpu_cudamallocasync_allocator.cc:66] 60555264, 9
2025-06-28 20:37:43.237441: E external/local_xla/xla/stream_executor/gpu/gpu_cudamallocasync_allocator.cc:66] 121110528, 14
2025-06-28 20:37:43.237895: E external/local_xla/xla/stream_executor/gpu/gpu_cudamallocasync_allocator.cc:66] 242221056, 5
2025-06-28 20:37:43.238350: E external/local_xla/xla/stream_executor/gpu/gpu_cudamallocasync_allocator.cc:66] 484442112, 9
2025-06-28 20:37:43.238789: E external/local_xla/xla/stream_executor/gpu/gpu_cudamallocasync_allocator.cc:66] 968884224, 2
2025-06-28 20:37:43.239277: E external/local_xla/xla/stream_executor/gpu/gpu_cudamallocasync_allocator.cc:66] 1937768448, 7
2025-06-28 20:37:43.239718: E external/local_xla/xla/stream_executor/gpu/gpu_cudamallocasync_allocator.cc:97] CU_MEMPOOL_ATTR_RESERVED_MEM_CURRENT: 24796725248
2025-06-28 20:37:43.240075: E external/local_xla/xla/stream_executor/gpu/gpu_cudamallocasync_allocator.cc:99] CU_MEMPOOL_ATTR_USED_MEM_CURRENT: 24190229210
2025-06-28 20:37:43.240408: E external/local_xla/xla/stream_executor/gpu/gpu_cudamallocasync_allocator.cc:100] CU_MEMPOOL_ATTR_RESERVED_MEM_HIGH: 25132269568
2025-06-28 20:37:43.240846: E external/local_xla/xla/stream_executor/gpu/gpu_cudamallocasync_allocator.cc:101] CU_MEMPOOL_ATTR_USED_MEM_HIGH: 24643317634
2025-06-28 20:37:43.241606: E external/local_xla/xla/stream_executor/gpu/gpu_cudamallocasync_allocator.cc:306] gpu_async_0 cuMemAllocAsync failed to allocate 986546192 bytes: CUDA error: out of memory (CUDA_ERROR_OUT_OF_MEMORY)
 Reported by CUDA: Free memory/Total memory: 364511232/25393496064
2025-06-28 20:37:43.242000: E external/local_xla/xla/stream_executor/gpu/gpu_cudamallocasync_allocator.cc:311] Stats: Limit:                     23575789568
InUse:                     24190229210
MaxInUse:                  24643317634
NumAllocs:                        3667
MaxAllocSize:               6799661232
Reserved:                            0
PeakReserved:                        0
LargestFreeBlock:                    0

2025-06-28 20:37:43.242398: E external/local_xla/xla/stream_executor/gpu/gpu_cudamallocasync_allocator.cc:63] Histogram of current allocation: (allocation_size_in_bytes, nb_allocation_of_that_sizes), ...;
2025-06-28 20:37:43.242799: E external/local_xla/xla/stream_executor/gpu/gpu_cudamallocasync_allocator.cc:66] 1, 18
2025-06-28 20:37:43.243258: E external/local_xla/xla/stream_executor/gpu/gpu_cudamallocasync_allocator.cc:66] 4, 113
2025-06-28 20:37:43.243716: E external/local_xla/xla/stream_executor/gpu/gpu_cudamallocasync_allocator.cc:66] 8, 11
2025-06-28 20:37:43.244201: E external/local_xla/xla/stream_executor/gpu/gpu_cudamallocasync_allocator.cc:66] 12, 3
2025-06-28 20:37:43.244635: E external/local_xla/xla/stream_executor/gpu/gpu_cudamallocasync_allocator.cc:66] 16, 7
2025-06-28 20:37:43.245077: E external/local_xla/xla/stream_executor/gpu/gpu_cudamallocasync_allocator.cc:66] 20, 1
2025-06-28 20:37:43.245534: E external/local_xla/xla/stream_executor/gpu/gpu_cudamallocasync_allocator.cc:66] 32, 7
2025-06-28 20:37:43.245970: E external/local_xla/xla/stream_executor/gpu/gpu_cudamallocasync_allocator.cc:66] 64, 17
2025-06-28 20:37:43.246440: E external/local_xla/xla/stream_executor/gpu/gpu_cudamallocasync_allocator.cc:66] 96, 3
2025-06-28 20:37:43.246890: E external/local_xla/xla/stream_executor/gpu/gpu_cudamallocasync_allocator.cc:66] 128, 103
2025-06-28 20:37:43.247319: E external/local_xla/xla/stream_executor/gpu/gpu_cudamallocasync_allocator.cc:66] 192, 1
2025-06-28 20:37:43.247759: E external/local_xla/xla/stream_executor/gpu/gpu_cudamallocasync_allocator.cc:66] 256, 108
2025-06-28 20:37:43.248250: E external/local_xla/xla/stream_executor/gpu/gpu_cudamallocasync_allocator.cc:66] 512, 102
2025-06-28 20:37:43.248682: E external/local_xla/xla/stream_executor/gpu/gpu_cudamallocasync_allocator.cc:66] 1024, 107
2025-06-28 20:37:43.249148: E external/local_xla/xla/stream_executor/gpu/gpu_cudamallocasync_allocator.cc:66] 1028, 1
2025-06-28 20:37:43.249585: E external/local_xla/xla/stream_executor/gpu/gpu_cudamallocasync_allocator.cc:66] 1536, 44
2025-06-28 20:37:43.250080: E external/local_xla/xla/stream_executor/gpu/gpu_cudamallocasync_allocator.cc:66] 2048, 10
2025-06-28 20:37:43.250517: E external/local_xla/xla/stream_executor/gpu/gpu_cudamallocasync_allocator.cc:66] 3072, 2
2025-06-28 20:37:43.250972: E external/local_xla/xla/stream_executor/gpu/gpu_cudamallocasync_allocator.cc:66] 3456, 3
2025-06-28 20:37:43.251397: E external/local_xla/xla/stream_executor/gpu/gpu_cudamallocasync_allocator.cc:66] 4096, 12
2025-06-28 20:37:43.251816: E external/local_xla/xla/stream_executor/gpu/gpu_cudamallocasync_allocator.cc:66] 8192, 14
2025-06-28 20:37:43.252277: E external/local_xla/xla/stream_executor/gpu/gpu_cudamallocasync_allocator.cc:66] 16384, 12
2025-06-28 20:37:43.252732: E external/local_xla/xla/stream_executor/gpu/gpu_cudamallocasync_allocator.cc:66] 32768, 14
2025-06-28 20:37:43.253178: E external/local_xla/xla/stream_executor/gpu/gpu_cudamallocasync_allocator.cc:66] 36864, 6
2025-06-28 20:37:43.253603: E external/local_xla/xla/stream_executor/gpu/gpu_cudamallocasync_allocator.cc:66] 59136, 1
2025-06-28 20:37:43.254078: E external/local_xla/xla/stream_executor/gpu/gpu_cudamallocasync_allocator.cc:66] 65536, 3
2025-06-28 20:37:43.254517: E external/local_xla/xla/stream_executor/gpu/gpu_cudamallocasync_allocator.cc:66] 110592, 6
2025-06-28 20:37:43.254942: E external/local_xla/xla/stream_executor/gpu/gpu_cudamallocasync_allocator.cc:66] 118272, 1
2025-06-28 20:37:43.255356: E external/local_xla/xla/stream_executor/gpu/gpu_cudamallocasync_allocator.cc:66] 131072, 14
2025-06-28 20:37:43.255840: E external/local_xla/xla/stream_executor/gpu/gpu_cudamallocasync_allocator.cc:66] 221184, 6
2025-06-28 20:37:43.256322: E external/local_xla/xla/stream_executor/gpu/gpu_cudamallocasync_allocator.cc:66] 262144, 3
2025-06-28 20:37:43.256783: E external/local_xla/xla/stream_executor/gpu/gpu_cudamallocasync_allocator.cc:66] 393216, 4
2025-06-28 20:37:43.257241: E external/local_xla/xla/stream_executor/gpu/gpu_cudamallocasync_allocator.cc:66] 442368, 6
2025-06-28 20:37:43.257719: E external/local_xla/xla/stream_executor/gpu/gpu_cudamallocasync_allocator.cc:66] 473088, 1
2025-06-28 20:37:43.258156: E external/local_xla/xla/stream_executor/gpu/gpu_cudamallocasync_allocator.cc:66] 524288, 4
2025-06-28 20:37:43.258604: E external/local_xla/xla/stream_executor/gpu/gpu_cudamallocasync_allocator.cc:66] 884736, 7
2025-06-28 20:37:43.259047: E external/local_xla/xla/stream_executor/gpu/gpu_cudamallocasync_allocator.cc:66] 946176, 1
2025-06-28 20:37:43.259505: E external/local_xla/xla/stream_executor/gpu/gpu_cudamallocasync_allocator.cc:66] 1048576, 3
2025-06-28 20:37:43.260003: E external/local_xla/xla/stream_executor/gpu/gpu_cudamallocasync_allocator.cc:66] 1769472, 6
2025-06-28 20:37:43.260437: E external/local_xla/xla/stream_executor/gpu/gpu_cudamallocasync_allocator.cc:66] 3145728, 3
2025-06-28 20:37:43.260874: E external/local_xla/xla/stream_executor/gpu/gpu_cudamallocasync_allocator.cc:66] 3538944, 6
2025-06-28 20:37:43.261323: E external/local_xla/xla/stream_executor/gpu/gpu_cudamallocasync_allocator.cc:66] 3784704, 4
2025-06-28 20:37:43.261860: E external/local_xla/xla/stream_executor/gpu/gpu_cudamallocasync_allocator.cc:66] 5677056, 6
2025-06-28 20:37:43.262322: E external/local_xla/xla/stream_executor/gpu/gpu_cudamallocasync_allocator.cc:66] 7077888, 6
2025-06-28 20:37:43.262773: E external/local_xla/xla/stream_executor/gpu/gpu_cudamallocasync_allocator.cc:66] 7569408, 1
2025-06-28 20:37:43.263213: E external/local_xla/xla/stream_executor/gpu/gpu_cudamallocasync_allocator.cc:66] 10616832, 3
2025-06-28 20:37:43.263715: E external/local_xla/xla/stream_executor/gpu/gpu_cudamallocasync_allocator.cc:66] 14155776, 3
2025-06-28 20:37:43.264161: E external/local_xla/xla/stream_executor/gpu/gpu_cudamallocasync_allocator.cc:66] 15138816, 5
2025-06-28 20:37:43.264583: E external/local_xla/xla/stream_executor/gpu/gpu_cudamallocasync_allocator.cc:66] 15925248, 3
2025-06-28 20:37:43.265045: E external/local_xla/xla/stream_executor/gpu/gpu_cudamallocasync_allocator.cc:66] 30277632, 17
2025-06-28 20:37:43.265552: E external/local_xla/xla/stream_executor/gpu/gpu_cudamallocasync_allocator.cc:66] 60555264, 9
2025-06-28 20:37:43.266006: E external/local_xla/xla/stream_executor/gpu/gpu_cudamallocasync_allocator.cc:66] 121110528, 14
2025-06-28 20:37:43.266448: E external/local_xla/xla/stream_executor/gpu/gpu_cudamallocasync_allocator.cc:66] 242221056, 5
2025-06-28 20:37:43.266889: E external/local_xla/xla/stream_executor/gpu/gpu_cudamallocasync_allocator.cc:66] 484442112, 9
2025-06-28 20:37:43.267310: E external/local_xla/xla/stream_executor/gpu/gpu_cudamallocasync_allocator.cc:66] 968884224, 2
2025-06-28 20:37:43.267768: E external/local_xla/xla/stream_executor/gpu/gpu_cudamallocasync_allocator.cc:66] 1937768448, 7
2025-06-28 20:37:43.268194: E external/local_xla/xla/stream_executor/gpu/gpu_cudamallocasync_allocator.cc:97] CU_MEMPOOL_ATTR_RESERVED_MEM_CURRENT: 24796725248
2025-06-28 20:37:43.268532: E external/local_xla/xla/stream_executor/gpu/gpu_cudamallocasync_allocator.cc:99] CU_MEMPOOL_ATTR_USED_MEM_CURRENT: 24190229210
2025-06-28 20:37:43.268960: E external/local_xla/xla/stream_executor/gpu/gpu_cudamallocasync_allocator.cc:100] CU_MEMPOOL_ATTR_RESERVED_MEM_HIGH: 25132269568
2025-06-28 20:37:43.269312: E external/local_xla/xla/stream_executor/gpu/gpu_cudamallocasync_allocator.cc:101] CU_MEMPOOL_ATTR_USED_MEM_HIGH: 24643317634
2025-06-28 20:37:43.270085: E external/local_xla/xla/stream_executor/gpu/gpu_cudamallocasync_allocator.cc:306] gpu_async_0 cuMemAllocAsync failed to allocate 1470988304 bytes: CUDA error: out of memory (CUDA_ERROR_OUT_OF_MEMORY)
 Reported by CUDA: Free memory/Total memory: 364511232/25393496064
2025-06-28 20:37:43.270545: E external/local_xla/xla/stream_executor/gpu/gpu_cudamallocasync_allocator.cc:311] Stats: Limit:                     23575789568
InUse:                     24190229210
MaxInUse:                  24643317634
NumAllocs:                        3667
MaxAllocSize:               6799661232
Reserved:                            0
PeakReserved:                        0
LargestFreeBlock:                    0

2025-06-28 20:37:43.270980: E external/local_xla/xla/stream_executor/gpu/gpu_cudamallocasync_allocator.cc:63] Histogram of current allocation: (allocation_size_in_bytes, nb_allocation_of_that_sizes), ...;
2025-06-28 20:37:43.271339: E external/local_xla/xla/stream_executor/gpu/gpu_cudamallocasync_allocator.cc:66] 1, 18
2025-06-28 20:37:43.271775: E external/local_xla/xla/stream_executor/gpu/gpu_cudamallocasync_allocator.cc:66] 4, 113
2025-06-28 20:37:43.272235: E external/local_xla/xla/stream_executor/gpu/gpu_cudamallocasync_allocator.cc:66] 8, 11
2025-06-28 20:37:43.272719: E external/local_xla/xla/stream_executor/gpu/gpu_cudamallocasync_allocator.cc:66] 12, 3
2025-06-28 20:37:43.273157: E external/local_xla/xla/stream_executor/gpu/gpu_cudamallocasync_allocator.cc:66] 16, 7
2025-06-28 20:37:43.273596: E external/local_xla/xla/stream_executor/gpu/gpu_cudamallocasync_allocator.cc:66] 20, 1
2025-06-28 20:37:43.274028: E external/local_xla/xla/stream_executor/gpu/gpu_cudamallocasync_allocator.cc:66] 32, 7
2025-06-28 20:37:43.274489: E external/local_xla/xla/stream_executor/gpu/gpu_cudamallocasync_allocator.cc:66] 64, 17
2025-06-28 20:37:43.274966: E external/local_xla/xla/stream_executor/gpu/gpu_cudamallocasync_allocator.cc:66] 96, 3
2025-06-28 20:37:43.275382: E external/local_xla/xla/stream_executor/gpu/gpu_cudamallocasync_allocator.cc:66] 128, 103
2025-06-28 20:37:43.275833: E external/local_xla/xla/stream_executor/gpu/gpu_cudamallocasync_allocator.cc:66] 192, 1
2025-06-28 20:37:43.276312: E external/local_xla/xla/stream_executor/gpu/gpu_cudamallocasync_allocator.cc:66] 256, 108
2025-06-28 20:37:43.276748: E external/local_xla/xla/stream_executor/gpu/gpu_cudamallocasync_allocator.cc:66] 512, 102
2025-06-28 20:37:43.277192: E external/local_xla/xla/stream_executor/gpu/gpu_cudamallocasync_allocator.cc:66] 1024, 107
2025-06-28 20:37:43.277632: E external/local_xla/xla/stream_executor/gpu/gpu_cudamallocasync_allocator.cc:66] 1028, 1
2025-06-28 20:37:43.278081: E external/local_xla/xla/stream_executor/gpu/gpu_cudamallocasync_allocator.cc:66] 1536, 44
2025-06-28 20:37:43.278538: E external/local_xla/xla/stream_executor/gpu/gpu_cudamallocasync_allocator.cc:66] 2048, 10
2025-06-28 20:37:43.278962: E external/local_xla/xla/stream_executor/gpu/gpu_cudamallocasync_allocator.cc:66] 3072, 2
2025-06-28 20:37:43.279420: E external/local_xla/xla/stream_executor/gpu/gpu_cudamallocasync_allocator.cc:66] 3456, 3
2025-06-28 20:37:43.279870: E external/local_xla/xla/stream_executor/gpu/gpu_cudamallocasync_allocator.cc:66] 4096, 12
2025-06-28 20:37:43.280350: E external/local_xla/xla/stream_executor/gpu/gpu_cudamallocasync_allocator.cc:66] 8192, 14
2025-06-28 20:37:43.280790: E external/local_xla/xla/stream_executor/gpu/gpu_cudamallocasync_allocator.cc:66] 16384, 12
2025-06-28 20:37:43.281236: E external/local_xla/xla/stream_executor/gpu/gpu_cudamallocasync_allocator.cc:66] 32768, 14
2025-06-28 20:37:43.281664: E external/local_xla/xla/stream_executor/gpu/gpu_cudamallocasync_allocator.cc:66] 36864, 6
2025-06-28 20:37:43.282110: E external/local_xla/xla/stream_executor/gpu/gpu_cudamallocasync_allocator.cc:66] 59136, 1
2025-06-28 20:37:43.282531: E external/local_xla/xla/stream_executor/gpu/gpu_cudamallocasync_allocator.cc:66] 65536, 3
2025-06-28 20:37:43.283021: E external/local_xla/xla/stream_executor/gpu/gpu_cudamallocasync_allocator.cc:66] 110592, 6
2025-06-28 20:37:43.283527: E external/local_xla/xla/stream_executor/gpu/gpu_cudamallocasync_allocator.cc:66] 118272, 1
2025-06-28 20:37:43.283992: E external/local_xla/xla/stream_executor/gpu/gpu_cudamallocasync_allocator.cc:66] 131072, 14
2025-06-28 20:37:43.284497: E external/local_xla/xla/stream_executor/gpu/gpu_cudamallocasync_allocator.cc:66] 221184, 6
2025-06-28 20:37:43.284958: E external/local_xla/xla/stream_executor/gpu/gpu_cudamallocasync_allocator.cc:66] 262144, 3
2025-06-28 20:37:43.285407: E external/local_xla/xla/stream_executor/gpu/gpu_cudamallocasync_allocator.cc:66] 393216, 4
2025-06-28 20:37:43.285831: E external/local_xla/xla/stream_executor/gpu/gpu_cudamallocasync_allocator.cc:66] 442368, 6
2025-06-28 20:37:43.286326: E external/local_xla/xla/stream_executor/gpu/gpu_cudamallocasync_allocator.cc:66] 473088, 1
2025-06-28 20:37:43.286769: E external/local_xla/xla/stream_executor/gpu/gpu_cudamallocasync_allocator.cc:66] 524288, 4
2025-06-28 20:37:43.287198: E external/local_xla/xla/stream_executor/gpu/gpu_cudamallocasync_allocator.cc:66] 884736, 7
2025-06-28 20:37:43.287636: E external/local_xla/xla/stream_executor/gpu/gpu_cudamallocasync_allocator.cc:66] 946176, 1
2025-06-28 20:37:43.288132: E external/local_xla/xla/stream_executor/gpu/gpu_cudamallocasync_allocator.cc:66] 1048576, 3
2025-06-28 20:37:43.288567: E external/local_xla/xla/stream_executor/gpu/gpu_cudamallocasync_allocator.cc:66] 1769472, 6
2025-06-28 20:37:43.289013: E external/local_xla/xla/stream_executor/gpu/gpu_cudamallocasync_allocator.cc:66] 3145728, 3
2025-06-28 20:37:43.289421: E external/local_xla/xla/stream_executor/gpu/gpu_cudamallocasync_allocator.cc:66] 3538944, 6
2025-06-28 20:37:43.289922: E external/local_xla/xla/stream_executor/gpu/gpu_cudamallocasync_allocator.cc:66] 3784704, 4
2025-06-28 20:37:43.290357: E external/local_xla/xla/stream_executor/gpu/gpu_cudamallocasync_allocator.cc:66] 5677056, 6
2025-06-28 20:37:43.290792: E external/local_xla/xla/stream_executor/gpu/gpu_cudamallocasync_allocator.cc:66] 7077888, 6
2025-06-28 20:37:43.291215: E external/local_xla/xla/stream_executor/gpu/gpu_cudamallocasync_allocator.cc:66] 7569408, 1
2025-06-28 20:37:43.291658: E external/local_xla/xla/stream_executor/gpu/gpu_cudamallocasync_allocator.cc:66] 10616832, 3
2025-06-28 20:37:43.292153: E external/local_xla/xla/stream_executor/gpu/gpu_cudamallocasync_allocator.cc:66] 14155776, 3
2025-06-28 20:37:43.292610: E external/local_xla/xla/stream_executor/gpu/gpu_cudamallocasync_allocator.cc:66] 15138816, 5
2025-06-28 20:37:43.293066: E external/local_xla/xla/stream_executor/gpu/gpu_cudamallocasync_allocator.cc:66] 15925248, 3
2025-06-28 20:37:43.293487: E external/local_xla/xla/stream_executor/gpu/gpu_cudamallocasync_allocator.cc:66] 30277632, 17
2025-06-28 20:37:43.293975: E external/local_xla/xla/stream_executor/gpu/gpu_cudamallocasync_allocator.cc:66] 60555264, 9
2025-06-28 20:37:43.294427: E external/local_xla/xla/stream_executor/gpu/gpu_cudamallocasync_allocator.cc:66] 121110528, 14
2025-06-28 20:37:43.294870: E external/local_xla/xla/stream_executor/gpu/gpu_cudamallocasync_allocator.cc:66] 242221056, 5
2025-06-28 20:37:43.295315: E external/local_xla/xla/stream_executor/gpu/gpu_cudamallocasync_allocator.cc:66] 484442112, 9
2025-06-28 20:37:43.295774: E external/local_xla/xla/stream_executor/gpu/gpu_cudamallocasync_allocator.cc:66] 968884224, 2
2025-06-28 20:37:43.296194: E external/local_xla/xla/stream_executor/gpu/gpu_cudamallocasync_allocator.cc:66] 1937768448, 7
2025-06-28 20:37:43.296642: E external/local_xla/xla/stream_executor/gpu/gpu_cudamallocasync_allocator.cc:97] CU_MEMPOOL_ATTR_RESERVED_MEM_CURRENT: 24796725248
2025-06-28 20:37:43.297005: E external/local_xla/xla/stream_executor/gpu/gpu_cudamallocasync_allocator.cc:99] CU_MEMPOOL_ATTR_USED_MEM_CURRENT: 24190229210
2025-06-28 20:37:43.297371: E external/local_xla/xla/stream_executor/gpu/gpu_cudamallocasync_allocator.cc:100] CU_MEMPOOL_ATTR_RESERVED_MEM_HIGH: 25132269568
2025-06-28 20:37:43.297762: E external/local_xla/xla/stream_executor/gpu/gpu_cudamallocasync_allocator.cc:101] CU_MEMPOOL_ATTR_USED_MEM_HIGH: 24643317634
2025-06-28 20:37:43.298532: E external/local_xla/xla/stream_executor/gpu/gpu_cudamallocasync_allocator.cc:306] gpu_async_0 cuMemAllocAsync failed to allocate 1470988304 bytes: CUDA error: out of memory (CUDA_ERROR_OUT_OF_MEMORY)
 Reported by CUDA: Free memory/Total memory: 364511232/25393496064
2025-06-28 20:37:43.298979: E external/local_xla/xla/stream_executor/gpu/gpu_cudamallocasync_allocator.cc:311] Stats: Limit:                     23575789568
InUse:                     24190229210
MaxInUse:                  24643317634
NumAllocs:                        3667
MaxAllocSize:               6799661232
Reserved:                            0
PeakReserved:                        0
LargestFreeBlock:                    0

2025-06-28 20:37:43.299432: E external/local_xla/xla/stream_executor/gpu/gpu_cudamallocasync_allocator.cc:63] Histogram of current allocation: (allocation_size_in_bytes, nb_allocation_of_that_sizes), ...;
2025-06-28 20:37:43.299813: E external/local_xla/xla/stream_executor/gpu/gpu_cudamallocasync_allocator.cc:66] 1, 18
2025-06-28 20:37:43.300262: E external/local_xla/xla/stream_executor/gpu/gpu_cudamallocasync_allocator.cc:66] 4, 113
2025-06-28 20:37:43.300771: E external/local_xla/xla/stream_executor/gpu/gpu_cudamallocasync_allocator.cc:66] 8, 11
2025-06-28 20:37:43.301222: E external/local_xla/xla/stream_executor/gpu/gpu_cudamallocasync_allocator.cc:66] 12, 3
2025-06-28 20:37:43.301652: E external/local_xla/xla/stream_executor/gpu/gpu_cudamallocasync_allocator.cc:66] 16, 7
2025-06-28 20:37:43.302088: E external/local_xla/xla/stream_executor/gpu/gpu_cudamallocasync_allocator.cc:66] 20, 1
2025-06-28 20:37:43.302557: E external/local_xla/xla/stream_executor/gpu/gpu_cudamallocasync_allocator.cc:66] 32, 7
2025-06-28 20:37:43.302996: E external/local_xla/xla/stream_executor/gpu/gpu_cudamallocasync_allocator.cc:66] 64, 17
2025-06-28 20:37:43.303436: E external/local_xla/xla/stream_executor/gpu/gpu_cudamallocasync_allocator.cc:66] 96, 3
2025-06-28 20:37:43.303887: E external/local_xla/xla/stream_executor/gpu/gpu_cudamallocasync_allocator.cc:66] 128, 103
2025-06-28 20:37:43.304311: E external/local_xla/xla/stream_executor/gpu/gpu_cudamallocasync_allocator.cc:66] 192, 1
2025-06-28 20:37:43.304817: E external/local_xla/xla/stream_executor/gpu/gpu_cudamallocasync_allocator.cc:66] 256, 108
2025-06-28 20:37:43.305276: E external/local_xla/xla/stream_executor/gpu/gpu_cudamallocasync_allocator.cc:66] 512, 102
2025-06-28 20:37:43.305712: E external/local_xla/xla/stream_executor/gpu/gpu_cudamallocasync_allocator.cc:66] 1024, 107
2025-06-28 20:37:43.306156: E external/local_xla/xla/stream_executor/gpu/gpu_cudamallocasync_allocator.cc:66] 1028, 1
2025-06-28 20:37:43.306646: E external/local_xla/xla/stream_executor/gpu/gpu_cudamallocasync_allocator.cc:66] 1536, 44
2025-06-28 20:37:43.307095: E external/local_xla/xla/stream_executor/gpu/gpu_cudamallocasync_allocator.cc:66] 2048, 10
2025-06-28 20:37:43.307504: E external/local_xla/xla/stream_executor/gpu/gpu_cudamallocasync_allocator.cc:66] 3072, 2
2025-06-28 20:37:43.307921: E external/local_xla/xla/stream_executor/gpu/gpu_cudamallocasync_allocator.cc:66] 3456, 3
2025-06-28 20:37:43.308412: E external/local_xla/xla/stream_executor/gpu/gpu_cudamallocasync_allocator.cc:66] 4096, 12
2025-06-28 20:37:43.308856: E external/local_xla/xla/stream_executor/gpu/gpu_cudamallocasync_allocator.cc:66] 8192, 14
2025-06-28 20:37:43.309282: E external/local_xla/xla/stream_executor/gpu/gpu_cudamallocasync_allocator.cc:66] 16384, 12
2025-06-28 20:37:43.309715: E external/local_xla/xla/stream_executor/gpu/gpu_cudamallocasync_allocator.cc:66] 32768, 14
2025-06-28 20:37:43.310159: E external/local_xla/xla/stream_executor/gpu/gpu_cudamallocasync_allocator.cc:66] 36864, 6
2025-06-28 20:37:43.310631: E external/local_xla/xla/stream_executor/gpu/gpu_cudamallocasync_allocator.cc:66] 59136, 1
2025-06-28 20:37:43.311047: E external/local_xla/xla/stream_executor/gpu/gpu_cudamallocasync_allocator.cc:66] 65536, 3
2025-06-28 20:37:43.311464: E external/local_xla/xla/stream_executor/gpu/gpu_cudamallocasync_allocator.cc:66] 110592, 6
2025-06-28 20:37:43.311945: E external/local_xla/xla/stream_executor/gpu/gpu_cudamallocasync_allocator.cc:66] 118272, 1
2025-06-28 20:37:43.312466: E external/local_xla/xla/stream_executor/gpu/gpu_cudamallocasync_allocator.cc:66] 131072, 14
2025-06-28 20:37:43.312921: E external/local_xla/xla/stream_executor/gpu/gpu_cudamallocasync_allocator.cc:66] 221184, 6
2025-06-28 20:37:43.313351: E external/local_xla/xla/stream_executor/gpu/gpu_cudamallocasync_allocator.cc:66] 262144, 3
2025-06-28 20:37:43.313778: E external/local_xla/xla/stream_executor/gpu/gpu_cudamallocasync_allocator.cc:66] 393216, 4
2025-06-28 20:37:43.314289: E external/local_xla/xla/stream_executor/gpu/gpu_cudamallocasync_allocator.cc:66] 442368, 6
2025-06-28 20:37:43.314710: E external/local_xla/xla/stream_executor/gpu/gpu_cudamallocasync_allocator.cc:66] 473088, 1
2025-06-28 20:37:43.315164: E external/local_xla/xla/stream_executor/gpu/gpu_cudamallocasync_allocator.cc:66] 524288, 4
2025-06-28 20:37:43.315615: E external/local_xla/xla/stream_executor/gpu/gpu_cudamallocasync_allocator.cc:66] 884736, 7
2025-06-28 20:37:43.316106: E external/local_xla/xla/stream_executor/gpu/gpu_cudamallocasync_allocator.cc:66] 946176, 1
2025-06-28 20:37:43.316648: E external/local_xla/xla/stream_executor/gpu/gpu_cudamallocasync_allocator.cc:66] 1048576, 3
2025-06-28 20:37:43.317104: E external/local_xla/xla/stream_executor/gpu/gpu_cudamallocasync_allocator.cc:66] 1769472, 6
2025-06-28 20:37:43.317585: E external/local_xla/xla/stream_executor/gpu/gpu_cudamallocasync_allocator.cc:66] 3145728, 3
2025-06-28 20:37:43.318037: E external/local_xla/xla/stream_executor/gpu/gpu_cudamallocasync_allocator.cc:66] 3538944, 6
2025-06-28 20:37:43.318482: E external/local_xla/xla/stream_executor/gpu/gpu_cudamallocasync_allocator.cc:66] 3784704, 4
2025-06-28 20:37:43.318932: E external/local_xla/xla/stream_executor/gpu/gpu_cudamallocasync_allocator.cc:66] 5677056, 6
2025-06-28 20:37:43.319379: E external/local_xla/xla/stream_executor/gpu/gpu_cudamallocasync_allocator.cc:66] 7077888, 6
2025-06-28 20:37:43.319825: E external/local_xla/xla/stream_executor/gpu/gpu_cudamallocasync_allocator.cc:66] 7569408, 1
2025-06-28 20:37:43.320272: E external/local_xla/xla/stream_executor/gpu/gpu_cudamallocasync_allocator.cc:66] 10616832, 3
2025-06-28 20:37:43.320712: E external/local_xla/xla/stream_executor/gpu/gpu_cudamallocasync_allocator.cc:66] 14155776, 3
2025-06-28 20:37:43.321164: E external/local_xla/xla/stream_executor/gpu/gpu_cudamallocasync_allocator.cc:66] 15138816, 5
2025-06-28 20:37:43.321623: E external/local_xla/xla/stream_executor/gpu/gpu_cudamallocasync_allocator.cc:66] 15925248, 3
2025-06-28 20:37:43.322098: E external/local_xla/xla/stream_executor/gpu/gpu_cudamallocasync_allocator.cc:66] 30277632, 17
2025-06-28 20:37:43.322521: E external/local_xla/xla/stream_executor/gpu/gpu_cudamallocasync_allocator.cc:66] 60555264, 9
2025-06-28 20:37:43.322969: E external/local_xla/xla/stream_executor/gpu/gpu_cudamallocasync_allocator.cc:66] 121110528, 14
2025-06-28 20:37:43.323410: E external/local_xla/xla/stream_executor/gpu/gpu_cudamallocasync_allocator.cc:66] 242221056, 5
2025-06-28 20:37:43.323864: E external/local_xla/xla/stream_executor/gpu/gpu_cudamallocasync_allocator.cc:66] 484442112, 9
2025-06-28 20:37:43.324301: E external/local_xla/xla/stream_executor/gpu/gpu_cudamallocasync_allocator.cc:66] 968884224, 2
2025-06-28 20:37:43.324735: E external/local_xla/xla/stream_executor/gpu/gpu_cudamallocasync_allocator.cc:66] 1937768448, 7
2025-06-28 20:37:43.325218: E external/local_xla/xla/stream_executor/gpu/gpu_cudamallocasync_allocator.cc:97] CU_MEMPOOL_ATTR_RESERVED_MEM_CURRENT: 24796725248
2025-06-28 20:37:43.325642: E external/local_xla/xla/stream_executor/gpu/gpu_cudamallocasync_allocator.cc:99] CU_MEMPOOL_ATTR_USED_MEM_CURRENT: 24190229210
2025-06-28 20:37:43.326023: E external/local_xla/xla/stream_executor/gpu/gpu_cudamallocasync_allocator.cc:100] CU_MEMPOOL_ATTR_RESERVED_MEM_HIGH: 25132269568
2025-06-28 20:37:43.326388: E external/local_xla/xla/stream_executor/gpu/gpu_cudamallocasync_allocator.cc:101] CU_MEMPOOL_ATTR_USED_MEM_HIGH: 24643317634
2025-06-28 20:37:43.327206: E external/local_xla/xla/stream_executor/gpu/gpu_cudamallocasync_allocator.cc:306] gpu_async_0 cuMemAllocAsync failed to allocate 1955548848 bytes: CUDA error: out of memory (CUDA_ERROR_OUT_OF_MEMORY)
 Reported by CUDA: Free memory/Total memory: 364511232/25393496064
2025-06-28 20:37:43.327691: E external/local_xla/xla/stream_executor/gpu/gpu_cudamallocasync_allocator.cc:311] Stats: Limit:                     23575789568
InUse:                     24190229210
MaxInUse:                  24643317634
NumAllocs:                        3667
MaxAllocSize:               6799661232
Reserved:                            0
PeakReserved:                        0
LargestFreeBlock:                    0

2025-06-28 20:37:43.328147: E external/local_xla/xla/stream_executor/gpu/gpu_cudamallocasync_allocator.cc:63] Histogram of current allocation: (allocation_size_in_bytes, nb_allocation_of_that_sizes), ...;
2025-06-28 20:37:43.328508: E external/local_xla/xla/stream_executor/gpu/gpu_cudamallocasync_allocator.cc:66] 1, 18
2025-06-28 20:37:43.329024: E external/local_xla/xla/stream_executor/gpu/gpu_cudamallocasync_allocator.cc:66] 4, 113
2025-06-28 20:37:43.329471: E external/local_xla/xla/stream_executor/gpu/gpu_cudamallocasync_allocator.cc:66] 8, 11
2025-06-28 20:37:43.329903: E external/local_xla/xla/stream_executor/gpu/gpu_cudamallocasync_allocator.cc:66] 12, 3
2025-06-28 20:37:43.330350: E external/local_xla/xla/stream_executor/gpu/gpu_cudamallocasync_allocator.cc:66] 16, 7
2025-06-28 20:37:43.330804: E external/local_xla/xla/stream_executor/gpu/gpu_cudamallocasync_allocator.cc:66] 20, 1
2025-06-28 20:37:43.331272: E external/local_xla/xla/stream_executor/gpu/gpu_cudamallocasync_allocator.cc:66] 32, 7
2025-06-28 20:37:43.331711: E external/local_xla/xla/stream_executor/gpu/gpu_cudamallocasync_allocator.cc:66] 64, 17
2025-06-28 20:37:43.332168: E external/local_xla/xla/stream_executor/gpu/gpu_cudamallocasync_allocator.cc:66] 96, 3
2025-06-28 20:37:43.332614: E external/local_xla/xla/stream_executor/gpu/gpu_cudamallocasync_allocator.cc:66] 128, 103
2025-06-28 20:37:43.333129: E external/local_xla/xla/stream_executor/gpu/gpu_cudamallocasync_allocator.cc:66] 192, 1
2025-06-28 20:37:43.333551: E external/local_xla/xla/stream_executor/gpu/gpu_cudamallocasync_allocator.cc:66] 256, 108
2025-06-28 20:37:43.334026: E external/local_xla/xla/stream_executor/gpu/gpu_cudamallocasync_allocator.cc:66] 512, 102
2025-06-28 20:37:43.334478: E external/local_xla/xla/stream_executor/gpu/gpu_cudamallocasync_allocator.cc:66] 1024, 107
2025-06-28 20:37:43.334975: E external/local_xla/xla/stream_executor/gpu/gpu_cudamallocasync_allocator.cc:66] 1028, 1
2025-06-28 20:37:43.335423: E external/local_xla/xla/stream_executor/gpu/gpu_cudamallocasync_allocator.cc:66] 1536, 44
2025-06-28 20:37:43.335877: E external/local_xla/xla/stream_executor/gpu/gpu_cudamallocasync_allocator.cc:66] 2048, 10
2025-06-28 20:37:43.336320: E external/local_xla/xla/stream_executor/gpu/gpu_cudamallocasync_allocator.cc:66] 3072, 2
2025-06-28 20:37:43.336736: E external/local_xla/xla/stream_executor/gpu/gpu_cudamallocasync_allocator.cc:66] 3456, 3
2025-06-28 20:37:43.337199: E external/local_xla/xla/stream_executor/gpu/gpu_cudamallocasync_allocator.cc:66] 4096, 12
2025-06-28 20:37:43.337660: E external/local_xla/xla/stream_executor/gpu/gpu_cudamallocasync_allocator.cc:66] 8192, 14
2025-06-28 20:37:43.338109: E external/local_xla/xla/stream_executor/gpu/gpu_cudamallocasync_allocator.cc:66] 16384, 12
2025-06-28 20:37:43.338536: E external/local_xla/xla/stream_executor/gpu/gpu_cudamallocasync_allocator.cc:66] 32768, 14
2025-06-28 20:37:43.339052: E external/local_xla/xla/stream_executor/gpu/gpu_cudamallocasync_allocator.cc:66] 36864, 6
2025-06-28 20:37:43.339489: E external/local_xla/xla/stream_executor/gpu/gpu_cudamallocasync_allocator.cc:66] 59136, 1
2025-06-28 20:37:43.339928: E external/local_xla/xla/stream_executor/gpu/gpu_cudamallocasync_allocator.cc:66] 65536, 3
2025-06-28 20:37:43.340346: E external/local_xla/xla/stream_executor/gpu/gpu_cudamallocasync_allocator.cc:66] 110592, 6
2025-06-28 20:37:43.340804: E external/local_xla/xla/stream_executor/gpu/gpu_cudamallocasync_allocator.cc:66] 118272, 1
2025-06-28 20:37:43.341302: E external/local_xla/xla/stream_executor/gpu/gpu_cudamallocasync_allocator.cc:66] 131072, 14
2025-06-28 20:37:43.341819: E external/local_xla/xla/stream_executor/gpu/gpu_cudamallocasync_allocator.cc:66] 221184, 6
2025-06-28 20:37:43.342286: E external/local_xla/xla/stream_executor/gpu/gpu_cudamallocasync_allocator.cc:66] 262144, 3
2025-06-28 20:37:43.342713: E external/local_xla/xla/stream_executor/gpu/gpu_cudamallocasync_allocator.cc:66] 393216, 4
2025-06-28 20:37:43.343181: E external/local_xla/xla/stream_executor/gpu/gpu_cudamallocasync_allocator.cc:66] 442368, 6
2025-06-28 20:37:43.343628: E external/local_xla/xla/stream_executor/gpu/gpu_cudamallocasync_allocator.cc:66] 473088, 1
2025-06-28 20:37:43.344062: E external/local_xla/xla/stream_executor/gpu/gpu_cudamallocasync_allocator.cc:66] 524288, 4
2025-06-28 20:37:43.344514: E external/local_xla/xla/stream_executor/gpu/gpu_cudamallocasync_allocator.cc:66] 884736, 7
2025-06-28 20:37:43.345025: E external/local_xla/xla/stream_executor/gpu/gpu_cudamallocasync_allocator.cc:66] 946176, 1
2025-06-28 20:37:43.345469: E external/local_xla/xla/stream_executor/gpu/gpu_cudamallocasync_allocator.cc:66] 1048576, 3
2025-06-28 20:37:43.345917: E external/local_xla/xla/stream_executor/gpu/gpu_cudamallocasync_allocator.cc:66] 1769472, 6
2025-06-28 20:37:43.346370: E external/local_xla/xla/stream_executor/gpu/gpu_cudamallocasync_allocator.cc:66] 3145728, 3
2025-06-28 20:37:43.346898: E external/local_xla/xla/stream_executor/gpu/gpu_cudamallocasync_allocator.cc:66] 3538944, 6
2025-06-28 20:37:43.347332: E external/local_xla/xla/stream_executor/gpu/gpu_cudamallocasync_allocator.cc:66] 3784704, 4
2025-06-28 20:37:43.347803: E external/local_xla/xla/stream_executor/gpu/gpu_cudamallocasync_allocator.cc:66] 5677056, 6
2025-06-28 20:37:43.348251: E external/local_xla/xla/stream_executor/gpu/gpu_cudamallocasync_allocator.cc:66] 7077888, 6
2025-06-28 20:37:43.348752: E external/local_xla/xla/stream_executor/gpu/gpu_cudamallocasync_allocator.cc:66] 7569408, 1
2025-06-28 20:37:43.349238: E external/local_xla/xla/stream_executor/gpu/gpu_cudamallocasync_allocator.cc:66] 10616832, 3
2025-06-28 20:37:43.349690: E external/local_xla/xla/stream_executor/gpu/gpu_cudamallocasync_allocator.cc:66] 14155776, 3
2025-06-28 20:37:43.350142: E external/local_xla/xla/stream_executor/gpu/gpu_cudamallocasync_allocator.cc:66] 15138816, 5
2025-06-28 20:37:43.350590: E external/local_xla/xla/stream_executor/gpu/gpu_cudamallocasync_allocator.cc:66] 15925248, 3
2025-06-28 20:37:43.351115: E external/local_xla/xla/stream_executor/gpu/gpu_cudamallocasync_allocator.cc:66] 30277632, 17
2025-06-28 20:37:43.351612: E external/local_xla/xla/stream_executor/gpu/gpu_cudamallocasync_allocator.cc:66] 60555264, 9
2025-06-28 20:37:43.352071: E external/local_xla/xla/stream_executor/gpu/gpu_cudamallocasync_allocator.cc:66] 121110528, 14
2025-06-28 20:37:43.352529: E external/local_xla/xla/stream_executor/gpu/gpu_cudamallocasync_allocator.cc:66] 242221056, 5
2025-06-28 20:37:43.353058: E external/local_xla/xla/stream_executor/gpu/gpu_cudamallocasync_allocator.cc:66] 484442112, 9
2025-06-28 20:37:43.353495: E external/local_xla/xla/stream_executor/gpu/gpu_cudamallocasync_allocator.cc:66] 968884224, 2
2025-06-28 20:37:43.353952: E external/local_xla/xla/stream_executor/gpu/gpu_cudamallocasync_allocator.cc:66] 1937768448, 7
2025-06-28 20:37:43.354393: E external/local_xla/xla/stream_executor/gpu/gpu_cudamallocasync_allocator.cc:97] CU_MEMPOOL_ATTR_RESERVED_MEM_CURRENT: 24796725248
2025-06-28 20:37:43.354827: E external/local_xla/xla/stream_executor/gpu/gpu_cudamallocasync_allocator.cc:99] CU_MEMPOOL_ATTR_USED_MEM_CURRENT: 24190229210
2025-06-28 20:37:43.355251: E external/local_xla/xla/stream_executor/gpu/gpu_cudamallocasync_allocator.cc:100] CU_MEMPOOL_ATTR_RESERVED_MEM_HIGH: 25132269568
2025-06-28 20:37:43.355606: E external/local_xla/xla/stream_executor/gpu/gpu_cudamallocasync_allocator.cc:101] CU_MEMPOOL_ATTR_USED_MEM_HIGH: 24643317634
2025-06-28 20:37:43.356445: E external/local_xla/xla/stream_executor/gpu/gpu_cudamallocasync_allocator.cc:306] gpu_async_0 cuMemAllocAsync failed to allocate 1470988304 bytes: CUDA error: out of memory (CUDA_ERROR_OUT_OF_MEMORY)
 Reported by CUDA: Free memory/Total memory: 364511232/25393496064
2025-06-28 20:37:43.356833: E external/local_xla/xla/stream_executor/gpu/gpu_cudamallocasync_allocator.cc:311] Stats: Limit:                     23575789568
InUse:                     24190229210
MaxInUse:                  24643317634
NumAllocs:                        3667
MaxAllocSize:               6799661232
Reserved:                            0
PeakReserved:                        0
LargestFreeBlock:                    0

2025-06-28 20:37:43.357252: E external/local_xla/xla/stream_executor/gpu/gpu_cudamallocasync_allocator.cc:63] Histogram of current allocation: (allocation_size_in_bytes, nb_allocation_of_that_sizes), ...;
2025-06-28 20:37:43.357620: E external/local_xla/xla/stream_executor/gpu/gpu_cudamallocasync_allocator.cc:66] 1, 18
2025-06-28 20:37:43.358120: E external/local_xla/xla/stream_executor/gpu/gpu_cudamallocasync_allocator.cc:66] 4, 113
2025-06-28 20:37:43.358590: E external/local_xla/xla/stream_executor/gpu/gpu_cudamallocasync_allocator.cc:66] 8, 11
2025-06-28 20:37:43.359061: E external/local_xla/xla/stream_executor/gpu/gpu_cudamallocasync_allocator.cc:66] 12, 3
2025-06-28 20:37:43.359509: E external/local_xla/xla/stream_executor/gpu/gpu_cudamallocasync_allocator.cc:66] 16, 7
2025-06-28 20:37:43.360039: E external/local_xla/xla/stream_executor/gpu/gpu_cudamallocasync_allocator.cc:66] 20, 1
2025-06-28 20:37:43.360482: E external/local_xla/xla/stream_executor/gpu/gpu_cudamallocasync_allocator.cc:66] 32, 7
2025-06-28 20:37:43.360929: E external/local_xla/xla/stream_executor/gpu/gpu_cudamallocasync_allocator.cc:66] 64, 17
2025-06-28 20:37:43.361371: E external/local_xla/xla/stream_executor/gpu/gpu_cudamallocasync_allocator.cc:66] 96, 3
2025-06-28 20:37:43.361806: E external/local_xla/xla/stream_executor/gpu/gpu_cudamallocasync_allocator.cc:66] 128, 103
2025-06-28 20:37:43.362302: E external/local_xla/xla/stream_executor/gpu/gpu_cudamallocasync_allocator.cc:66] 192, 1
2025-06-28 20:37:43.362759: E external/local_xla/xla/stream_executor/gpu/gpu_cudamallocasync_allocator.cc:66] 256, 108
2025-06-28 20:37:43.363191: E external/local_xla/xla/stream_executor/gpu/gpu_cudamallocasync_allocator.cc:66] 512, 102
2025-06-28 20:37:43.363647: E external/local_xla/xla/stream_executor/gpu/gpu_cudamallocasync_allocator.cc:66] 1024, 107
2025-06-28 20:37:43.364142: E external/local_xla/xla/stream_executor/gpu/gpu_cudamallocasync_allocator.cc:66] 1028, 1
2025-06-28 20:37:43.364564: E external/local_xla/xla/stream_executor/gpu/gpu_cudamallocasync_allocator.cc:66] 1536, 44
2025-06-28 20:37:43.365019: E external/local_xla/xla/stream_executor/gpu/gpu_cudamallocasync_allocator.cc:66] 2048, 10
2025-06-28 20:37:43.365471: E external/local_xla/xla/stream_executor/gpu/gpu_cudamallocasync_allocator.cc:66] 3072, 2
2025-06-28 20:37:43.365972: E external/local_xla/xla/stream_executor/gpu/gpu_cudamallocasync_allocator.cc:66] 3456, 3
2025-06-28 20:37:43.366392: E external/local_xla/xla/stream_executor/gpu/gpu_cudamallocasync_allocator.cc:66] 4096, 12
2025-06-28 20:37:43.366816: E external/local_xla/xla/stream_executor/gpu/gpu_cudamallocasync_allocator.cc:66] 8192, 14
2025-06-28 20:37:43.367297: E external/local_xla/xla/stream_executor/gpu/gpu_cudamallocasync_allocator.cc:66] 16384, 12
2025-06-28 20:37:43.367806: E external/local_xla/xla/stream_executor/gpu/gpu_cudamallocasync_allocator.cc:66] 32768, 14
2025-06-28 20:37:43.368251: E external/local_xla/xla/stream_executor/gpu/gpu_cudamallocasync_allocator.cc:66] 36864, 6
2025-06-28 20:37:43.368692: E external/local_xla/xla/stream_executor/gpu/gpu_cudamallocasync_allocator.cc:66] 59136, 1
2025-06-28 20:37:43.369151: E external/local_xla/xla/stream_executor/gpu/gpu_cudamallocasync_allocator.cc:66] 65536, 3
2025-06-28 20:37:43.369578: E external/local_xla/xla/stream_executor/gpu/gpu_cudamallocasync_allocator.cc:66] 110592, 6
2025-06-28 20:37:43.370063: E external/local_xla/xla/stream_executor/gpu/gpu_cudamallocasync_allocator.cc:66] 118272, 1
2025-06-28 20:37:43.370488: E external/local_xla/xla/stream_executor/gpu/gpu_cudamallocasync_allocator.cc:66] 131072, 14
2025-06-28 20:37:43.370968: E external/local_xla/xla/stream_executor/gpu/gpu_cudamallocasync_allocator.cc:66] 221184, 6
2025-06-28 20:37:43.371430: E external/local_xla/xla/stream_executor/gpu/gpu_cudamallocasync_allocator.cc:66] 262144, 3
2025-06-28 20:37:43.371927: E external/local_xla/xla/stream_executor/gpu/gpu_cudamallocasync_allocator.cc:66] 393216, 4
2025-06-28 20:37:43.372360: E external/local_xla/xla/stream_executor/gpu/gpu_cudamallocasync_allocator.cc:66] 442368, 6
2025-06-28 20:37:43.372791: E external/local_xla/xla/stream_executor/gpu/gpu_cudamallocasync_allocator.cc:66] 473088, 1
2025-06-28 20:37:43.373259: E external/local_xla/xla/stream_executor/gpu/gpu_cudamallocasync_allocator.cc:66] 524288, 4
2025-06-28 20:37:43.373741: E external/local_xla/xla/stream_executor/gpu/gpu_cudamallocasync_allocator.cc:66] 884736, 7
2025-06-28 20:37:43.374194: E external/local_xla/xla/stream_executor/gpu/gpu_cudamallocasync_allocator.cc:66] 946176, 1
2025-06-28 20:37:43.374628: E external/local_xla/xla/stream_executor/gpu/gpu_cudamallocasync_allocator.cc:66] 1048576, 3
2025-06-28 20:37:43.375083: E external/local_xla/xla/stream_executor/gpu/gpu_cudamallocasync_allocator.cc:66] 1769472, 6
2025-06-28 20:37:43.375533: E external/local_xla/xla/stream_executor/gpu/gpu_cudamallocasync_allocator.cc:66] 3145728, 3
2025-06-28 20:37:43.376015: E external/local_xla/xla/stream_executor/gpu/gpu_cudamallocasync_allocator.cc:66] 3538944, 6
2025-06-28 20:37:43.376505: E external/local_xla/xla/stream_executor/gpu/gpu_cudamallocasync_allocator.cc:66] 3784704, 4
2025-06-28 20:37:43.377029: E external/local_xla/xla/stream_executor/gpu/gpu_cudamallocasync_allocator.cc:66] 5677056, 6
2025-06-28 20:37:43.377438: E external/local_xla/xla/stream_executor/gpu/gpu_cudamallocasync_allocator.cc:66] 7077888, 6
2025-06-28 20:37:43.377917: E external/local_xla/xla/stream_executor/gpu/gpu_cudamallocasync_allocator.cc:66] 7569408, 1
2025-06-28 20:37:43.378359: E external/local_xla/xla/stream_executor/gpu/gpu_cudamallocasync_allocator.cc:66] 10616832, 3
2025-06-28 20:37:43.378789: E external/local_xla/xla/stream_executor/gpu/gpu_cudamallocasync_allocator.cc:66] 14155776, 3
2025-06-28 20:37:43.379206: E external/local_xla/xla/stream_executor/gpu/gpu_cudamallocasync_allocator.cc:66] 15138816, 5
2025-06-28 20:37:43.379710: E external/local_xla/xla/stream_executor/gpu/gpu_cudamallocasync_allocator.cc:66] 15925248, 3
2025-06-28 20:37:43.380150: E external/local_xla/xla/stream_executor/gpu/gpu_cudamallocasync_allocator.cc:66] 30277632, 17
2025-06-28 20:37:43.380614: E external/local_xla/xla/stream_executor/gpu/gpu_cudamallocasync_allocator.cc:66] 60555264, 9
2025-06-28 20:37:43.381050: E external/local_xla/xla/stream_executor/gpu/gpu_cudamallocasync_allocator.cc:66] 121110528, 14
2025-06-28 20:37:43.381532: E external/local_xla/xla/stream_executor/gpu/gpu_cudamallocasync_allocator.cc:66] 242221056, 5
2025-06-28 20:37:43.381987: E external/local_xla/xla/stream_executor/gpu/gpu_cudamallocasync_allocator.cc:66] 484442112, 9
2025-06-28 20:37:43.382429: E external/local_xla/xla/stream_executor/gpu/gpu_cudamallocasync_allocator.cc:66] 968884224, 2
2025-06-28 20:37:43.382866: E external/local_xla/xla/stream_executor/gpu/gpu_cudamallocasync_allocator.cc:66] 1937768448, 7
2025-06-28 20:37:43.383342: E external/local_xla/xla/stream_executor/gpu/gpu_cudamallocasync_allocator.cc:97] CU_MEMPOOL_ATTR_RESERVED_MEM_CURRENT: 24796725248
2025-06-28 20:37:43.383692: E external/local_xla/xla/stream_executor/gpu/gpu_cudamallocasync_allocator.cc:99] CU_MEMPOOL_ATTR_USED_MEM_CURRENT: 24190229210
2025-06-28 20:37:43.384040: E external/local_xla/xla/stream_executor/gpu/gpu_cudamallocasync_allocator.cc:100] CU_MEMPOOL_ATTR_RESERVED_MEM_HIGH: 25132269568
2025-06-28 20:37:43.384390: E external/local_xla/xla/stream_executor/gpu/gpu_cudamallocasync_allocator.cc:101] CU_MEMPOOL_ATTR_USED_MEM_HIGH: 24643317634
2025-06-28 20:37:43.385217: E external/local_xla/xla/stream_executor/gpu/gpu_cudamallocasync_allocator.cc:306] gpu_async_0 cuMemAllocAsync failed to allocate 986546192 bytes: CUDA error: out of memory (CUDA_ERROR_OUT_OF_MEMORY)
 Reported by CUDA: Free memory/Total memory: 364511232/25393496064
2025-06-28 20:37:43.385583: E external/local_xla/xla/stream_executor/gpu/gpu_cudamallocasync_allocator.cc:311] Stats: Limit:                     23575789568
InUse:                     24190229210
MaxInUse:                  24643317634
NumAllocs:                        3667
MaxAllocSize:               6799661232
Reserved:                            0
PeakReserved:                        0
LargestFreeBlock:                    0

2025-06-28 20:37:43.386079: E external/local_xla/xla/stream_executor/gpu/gpu_cudamallocasync_allocator.cc:63] Histogram of current allocation: (allocation_size_in_bytes, nb_allocation_of_that_sizes), ...;
2025-06-28 20:37:43.386506: E external/local_xla/xla/stream_executor/gpu/gpu_cudamallocasync_allocator.cc:66] 1, 18
2025-06-28 20:37:43.386958: E external/local_xla/xla/stream_executor/gpu/gpu_cudamallocasync_allocator.cc:66] 4, 113
2025-06-28 20:37:43.387418: E external/local_xla/xla/stream_executor/gpu/gpu_cudamallocasync_allocator.cc:66] 8, 11
2025-06-28 20:37:43.387872: E external/local_xla/xla/stream_executor/gpu/gpu_cudamallocasync_allocator.cc:66] 12, 3
2025-06-28 20:37:43.388380: E external/local_xla/xla/stream_executor/gpu/gpu_cudamallocasync_allocator.cc:66] 16, 7
2025-06-28 20:37:43.388819: E external/local_xla/xla/stream_executor/gpu/gpu_cudamallocasync_allocator.cc:66] 20, 1
2025-06-28 20:37:43.389266: E external/local_xla/xla/stream_executor/gpu/gpu_cudamallocasync_allocator.cc:66] 32, 7
2025-06-28 20:37:43.389706: E external/local_xla/xla/stream_executor/gpu/gpu_cudamallocasync_allocator.cc:66] 64, 17
2025-06-28 20:37:43.390157: E external/local_xla/xla/stream_executor/gpu/gpu_cudamallocasync_allocator.cc:66] 96, 3
2025-06-28 20:37:43.390656: E external/local_xla/xla/stream_executor/gpu/gpu_cudamallocasync_allocator.cc:66] 128, 103
2025-06-28 20:37:43.391101: E external/local_xla/xla/stream_executor/gpu/gpu_cudamallocasync_allocator.cc:66] 192, 1
2025-06-28 20:37:43.391555: E external/local_xla/xla/stream_executor/gpu/gpu_cudamallocasync_allocator.cc:66] 256, 108
2025-06-28 20:37:43.392035: E external/local_xla/xla/stream_executor/gpu/gpu_cudamallocasync_allocator.cc:66] 512, 102
2025-06-28 20:37:43.392523: E external/local_xla/xla/stream_executor/gpu/gpu_cudamallocasync_allocator.cc:66] 1024, 107
2025-06-28 20:37:43.392990: E external/local_xla/xla/stream_executor/gpu/gpu_cudamallocasync_allocator.cc:66] 1028, 1
2025-06-28 20:37:43.393471: E external/local_xla/xla/stream_executor/gpu/gpu_cudamallocasync_allocator.cc:66] 1536, 44
2025-06-28 20:37:43.393919: E external/local_xla/xla/stream_executor/gpu/gpu_cudamallocasync_allocator.cc:66] 2048, 10
2025-06-28 20:37:43.394361: E external/local_xla/xla/stream_executor/gpu/gpu_cudamallocasync_allocator.cc:66] 3072, 2
2025-06-28 20:37:43.394897: E external/local_xla/xla/stream_executor/gpu/gpu_cudamallocasync_allocator.cc:66] 3456, 3
2025-06-28 20:37:43.395376: E external/local_xla/xla/stream_executor/gpu/gpu_cudamallocasync_allocator.cc:66] 4096, 12
2025-06-28 20:37:43.395788: E external/local_xla/xla/stream_executor/gpu/gpu_cudamallocasync_allocator.cc:66] 8192, 14
2025-06-28 20:37:43.396236: E external/local_xla/xla/stream_executor/gpu/gpu_cudamallocasync_allocator.cc:66] 16384, 12
2025-06-28 20:37:43.396802: E external/local_xla/xla/stream_executor/gpu/gpu_cudamallocasync_allocator.cc:66] 32768, 14
2025-06-28 20:37:43.397247: E external/local_xla/xla/stream_executor/gpu/gpu_cudamallocasync_allocator.cc:66] 36864, 6
2025-06-28 20:37:43.397690: E external/local_xla/xla/stream_executor/gpu/gpu_cudamallocasync_allocator.cc:66] 59136, 1
2025-06-28 20:37:43.398129: E external/local_xla/xla/stream_executor/gpu/gpu_cudamallocasync_allocator.cc:66] 65536, 3
2025-06-28 20:37:43.398630: E external/local_xla/xla/stream_executor/gpu/gpu_cudamallocasync_allocator.cc:66] 110592, 6
2025-06-28 20:37:43.399066: E external/local_xla/xla/stream_executor/gpu/gpu_cudamallocasync_allocator.cc:66] 118272, 1
2025-06-28 20:37:43.399475: E external/local_xla/xla/stream_executor/gpu/gpu_cudamallocasync_allocator.cc:66] 131072, 14
2025-06-28 20:37:43.399895: E external/local_xla/xla/stream_executor/gpu/gpu_cudamallocasync_allocator.cc:66] 221184, 6
2025-06-28 20:37:43.400393: E external/local_xla/xla/stream_executor/gpu/gpu_cudamallocasync_allocator.cc:66] 262144, 3
2025-06-28 20:37:43.400856: E external/local_xla/xla/stream_executor/gpu/gpu_cudamallocasync_allocator.cc:66] 393216, 4
2025-06-28 20:37:43.401324: E external/local_xla/xla/stream_executor/gpu/gpu_cudamallocasync_allocator.cc:66] 442368, 6
2025-06-28 20:37:43.401762: E external/local_xla/xla/stream_executor/gpu/gpu_cudamallocasync_allocator.cc:66] 473088, 1
2025-06-28 20:37:43.402196: E external/local_xla/xla/stream_executor/gpu/gpu_cudamallocasync_allocator.cc:66] 524288, 4
2025-06-28 20:37:43.402685: E external/local_xla/xla/stream_executor/gpu/gpu_cudamallocasync_allocator.cc:66] 884736, 7
2025-06-28 20:37:43.403112: E external/local_xla/xla/stream_executor/gpu/gpu_cudamallocasync_allocator.cc:66] 946176, 1
2025-06-28 20:37:43.403570: E external/local_xla/xla/stream_executor/gpu/gpu_cudamallocasync_allocator.cc:66] 1048576, 3
2025-06-28 20:37:43.404033: E external/local_xla/xla/stream_executor/gpu/gpu_cudamallocasync_allocator.cc:66] 1769472, 6
2025-06-28 20:37:43.404546: E external/local_xla/xla/stream_executor/gpu/gpu_cudamallocasync_allocator.cc:66] 3145728, 3
2025-06-28 20:37:43.405015: E external/local_xla/xla/stream_executor/gpu/gpu_cudamallocasync_allocator.cc:66] 3538944, 6
2025-06-28 20:37:43.405450: E external/local_xla/xla/stream_executor/gpu/gpu_cudamallocasync_allocator.cc:66] 3784704, 4
2025-06-28 20:37:43.405886: E external/local_xla/xla/stream_executor/gpu/gpu_cudamallocasync_allocator.cc:66] 5677056, 6
2025-06-28 20:37:43.406421: E external/local_xla/xla/stream_executor/gpu/gpu_cudamallocasync_allocator.cc:66] 7077888, 6
2025-06-28 20:37:43.406860: E external/local_xla/xla/stream_executor/gpu/gpu_cudamallocasync_allocator.cc:66] 7569408, 1
2025-06-28 20:37:43.407287: E external/local_xla/xla/stream_executor/gpu/gpu_cudamallocasync_allocator.cc:66] 10616832, 3
2025-06-28 20:37:43.407700: E external/local_xla/xla/stream_executor/gpu/gpu_cudamallocasync_allocator.cc:66] 14155776, 3
2025-06-28 20:37:43.408188: E external/local_xla/xla/stream_executor/gpu/gpu_cudamallocasync_allocator.cc:66] 15138816, 5
2025-06-28 20:37:43.408622: E external/local_xla/xla/stream_executor/gpu/gpu_cudamallocasync_allocator.cc:66] 15925248, 3
2025-06-28 20:37:43.409084: E external/local_xla/xla/stream_executor/gpu/gpu_cudamallocasync_allocator.cc:66] 30277632, 17
2025-06-28 20:37:43.409567: E external/local_xla/xla/stream_executor/gpu/gpu_cudamallocasync_allocator.cc:66] 60555264, 9
2025-06-28 20:37:43.409984: E external/local_xla/xla/stream_executor/gpu/gpu_cudamallocasync_allocator.cc:66] 121110528, 14
2025-06-28 20:37:43.410470: E external/local_xla/xla/stream_executor/gpu/gpu_cudamallocasync_allocator.cc:66] 242221056, 5
2025-06-28 20:37:43.410914: E external/local_xla/xla/stream_executor/gpu/gpu_cudamallocasync_allocator.cc:66] 484442112, 9
2025-06-28 20:37:43.411355: E external/local_xla/xla/stream_executor/gpu/gpu_cudamallocasync_allocator.cc:66] 968884224, 2
2025-06-28 20:37:43.411799: E external/local_xla/xla/stream_executor/gpu/gpu_cudamallocasync_allocator.cc:66] 1937768448, 7
2025-06-28 20:37:43.412305: E external/local_xla/xla/stream_executor/gpu/gpu_cudamallocasync_allocator.cc:97] CU_MEMPOOL_ATTR_RESERVED_MEM_CURRENT: 24796725248
2025-06-28 20:37:43.412639: E external/local_xla/xla/stream_executor/gpu/gpu_cudamallocasync_allocator.cc:99] CU_MEMPOOL_ATTR_USED_MEM_CURRENT: 24190229210
2025-06-28 20:37:43.413004: E external/local_xla/xla/stream_executor/gpu/gpu_cudamallocasync_allocator.cc:100] CU_MEMPOOL_ATTR_RESERVED_MEM_HIGH: 25132269568
2025-06-28 20:37:43.413395: E external/local_xla/xla/stream_executor/gpu/gpu_cudamallocasync_allocator.cc:101] CU_MEMPOOL_ATTR_USED_MEM_HIGH: 24643317634
2025-06-28 20:37:43.414152: E external/local_xla/xla/stream_executor/gpu/gpu_cudamallocasync_allocator.cc:306] gpu_async_0 cuMemAllocAsync failed to allocate 2440109232 bytes: CUDA error: out of memory (CUDA_ERROR_OUT_OF_MEMORY)
 Reported by CUDA: Free memory/Total memory: 364511232/25393496064
2025-06-28 20:37:43.414553: E external/local_xla/xla/stream_executor/gpu/gpu_cudamallocasync_allocator.cc:311] Stats: Limit:                     23575789568
InUse:                     24190229210
MaxInUse:                  24643317634
NumAllocs:                        3667
MaxAllocSize:               6799661232
Reserved:                            0
PeakReserved:                        0
LargestFreeBlock:                    0

2025-06-28 20:37:43.414935: E external/local_xla/xla/stream_executor/gpu/gpu_cudamallocasync_allocator.cc:63] Histogram of current allocation: (allocation_size_in_bytes, nb_allocation_of_that_sizes), ...;
2025-06-28 20:37:43.415398: E external/local_xla/xla/stream_executor/gpu/gpu_cudamallocasync_allocator.cc:66] 1, 18
2025-06-28 20:37:43.415888: E external/local_xla/xla/stream_executor/gpu/gpu_cudamallocasync_allocator.cc:66] 4, 113
2025-06-28 20:37:43.416341: E external/local_xla/xla/stream_executor/gpu/gpu_cudamallocasync_allocator.cc:66] 8, 11
2025-06-28 20:37:43.416795: E external/local_xla/xla/stream_executor/gpu/gpu_cudamallocasync_allocator.cc:66] 12, 3
2025-06-28 20:37:43.417299: E external/local_xla/xla/stream_executor/gpu/gpu_cudamallocasync_allocator.cc:66] 16, 7
2025-06-28 20:37:43.417736: E external/local_xla/xla/stream_executor/gpu/gpu_cudamallocasync_allocator.cc:66] 20, 1
2025-06-28 20:37:43.418194: E external/local_xla/xla/stream_executor/gpu/gpu_cudamallocasync_allocator.cc:66] 32, 7
2025-06-28 20:37:43.418644: E external/local_xla/xla/stream_executor/gpu/gpu_cudamallocasync_allocator.cc:66] 64, 17
2025-06-28 20:37:43.419136: E external/local_xla/xla/stream_executor/gpu/gpu_cudamallocasync_allocator.cc:66] 96, 3
2025-06-28 20:37:43.419581: E external/local_xla/xla/stream_executor/gpu/gpu_cudamallocasync_allocator.cc:66] 128, 103
2025-06-28 20:37:43.420033: E external/local_xla/xla/stream_executor/gpu/gpu_cudamallocasync_allocator.cc:66] 192, 1
2025-06-28 20:37:43.420494: E external/local_xla/xla/stream_executor/gpu/gpu_cudamallocasync_allocator.cc:66] 256, 108
2025-06-28 20:37:43.420957: E external/local_xla/xla/stream_executor/gpu/gpu_cudamallocasync_allocator.cc:66] 512, 102
2025-06-28 20:37:43.421498: E external/local_xla/xla/stream_executor/gpu/gpu_cudamallocasync_allocator.cc:66] 1024, 107
2025-06-28 20:37:43.421970: E external/local_xla/xla/stream_executor/gpu/gpu_cudamallocasync_allocator.cc:66] 1028, 1
2025-06-28 20:37:43.422425: E external/local_xla/xla/stream_executor/gpu/gpu_cudamallocasync_allocator.cc:66] 1536, 44
2025-06-28 20:37:43.422875: E external/local_xla/xla/stream_executor/gpu/gpu_cudamallocasync_allocator.cc:66] 2048, 10
2025-06-28 20:37:43.423357: E external/local_xla/xla/stream_executor/gpu/gpu_cudamallocasync_allocator.cc:66] 3072, 2
2025-06-28 20:37:43.423786: E external/local_xla/xla/stream_executor/gpu/gpu_cudamallocasync_allocator.cc:66] 3456, 3
2025-06-28 20:37:43.424220: E external/local_xla/xla/stream_executor/gpu/gpu_cudamallocasync_allocator.cc:66] 4096, 12
2025-06-28 20:37:43.424632: E external/local_xla/xla/stream_executor/gpu/gpu_cudamallocasync_allocator.cc:66] 8192, 14
2025-06-28 20:37:43.425134: E external/local_xla/xla/stream_executor/gpu/gpu_cudamallocasync_allocator.cc:66] 16384, 12
2025-06-28 20:37:43.425570: E external/local_xla/xla/stream_executor/gpu/gpu_cudamallocasync_allocator.cc:66] 32768, 14
2025-06-28 20:37:43.426022: E external/local_xla/xla/stream_executor/gpu/gpu_cudamallocasync_allocator.cc:66] 36864, 6
2025-06-28 20:37:43.426441: E external/local_xla/xla/stream_executor/gpu/gpu_cudamallocasync_allocator.cc:66] 59136, 1
2025-06-28 20:37:43.426884: E external/local_xla/xla/stream_executor/gpu/gpu_cudamallocasync_allocator.cc:66] 65536, 3
2025-06-28 20:37:43.427373: E external/local_xla/xla/stream_executor/gpu/gpu_cudamallocasync_allocator.cc:66] 110592, 6
2025-06-28 20:37:43.427795: E external/local_xla/xla/stream_executor/gpu/gpu_cudamallocasync_allocator.cc:66] 118272, 1
2025-06-28 20:37:43.428219: E external/local_xla/xla/stream_executor/gpu/gpu_cudamallocasync_allocator.cc:66] 131072, 14
2025-06-28 20:37:43.428709: E external/local_xla/xla/stream_executor/gpu/gpu_cudamallocasync_allocator.cc:66] 221184, 6
2025-06-28 20:37:43.429305: E external/local_xla/xla/stream_executor/gpu/gpu_cudamallocasync_allocator.cc:66] 262144, 3
2025-06-28 20:37:43.429777: E external/local_xla/xla/stream_executor/gpu/gpu_cudamallocasync_allocator.cc:66] 393216, 4
2025-06-28 20:37:43.430218: E external/local_xla/xla/stream_executor/gpu/gpu_cudamallocasync_allocator.cc:66] 442368, 6
2025-06-28 20:37:43.430628: E external/local_xla/xla/stream_executor/gpu/gpu_cudamallocasync_allocator.cc:66] 473088, 1
2025-06-28 20:37:43.431169: E external/local_xla/xla/stream_executor/gpu/gpu_cudamallocasync_allocator.cc:66] 524288, 4
2025-06-28 20:37:43.431607: E external/local_xla/xla/stream_executor/gpu/gpu_cudamallocasync_allocator.cc:66] 884736, 7
2025-06-28 20:37:43.432065: E external/local_xla/xla/stream_executor/gpu/gpu_cudamallocasync_allocator.cc:66] 946176, 1
2025-06-28 20:37:43.432534: E external/local_xla/xla/stream_executor/gpu/gpu_cudamallocasync_allocator.cc:66] 1048576, 3
2025-06-28 20:37:43.433036: E external/local_xla/xla/stream_executor/gpu/gpu_cudamallocasync_allocator.cc:66] 1769472, 6
2025-06-28 20:37:43.433518: E external/local_xla/xla/stream_executor/gpu/gpu_cudamallocasync_allocator.cc:66] 3145728, 3
2025-06-28 20:37:43.433974: E external/local_xla/xla/stream_executor/gpu/gpu_cudamallocasync_allocator.cc:66] 3538944, 6
2025-06-28 20:37:43.434469: E external/local_xla/xla/stream_executor/gpu/gpu_cudamallocasync_allocator.cc:66] 3784704, 4
2025-06-28 20:37:43.434994: E external/local_xla/xla/stream_executor/gpu/gpu_cudamallocasync_allocator.cc:66] 5677056, 6
2025-06-28 20:37:43.435540: E external/local_xla/xla/stream_executor/gpu/gpu_cudamallocasync_allocator.cc:66] 7077888, 6
2025-06-28 20:37:43.436003: E external/local_xla/xla/stream_executor/gpu/gpu_cudamallocasync_allocator.cc:66] 7569408, 1
2025-06-28 20:37:43.436430: E external/local_xla/xla/stream_executor/gpu/gpu_cudamallocasync_allocator.cc:66] 10616832, 3
2025-06-28 20:37:43.436879: E external/local_xla/xla/stream_executor/gpu/gpu_cudamallocasync_allocator.cc:66] 14155776, 3
2025-06-28 20:37:43.437352: E external/local_xla/xla/stream_executor/gpu/gpu_cudamallocasync_allocator.cc:66] 15138816, 5
2025-06-28 20:37:43.437827: E external/local_xla/xla/stream_executor/gpu/gpu_cudamallocasync_allocator.cc:66] 15925248, 3
2025-06-28 20:37:43.438259: E external/local_xla/xla/stream_executor/gpu/gpu_cudamallocasync_allocator.cc:66] 30277632, 17
2025-06-28 20:37:43.438711: E external/local_xla/xla/stream_executor/gpu/gpu_cudamallocasync_allocator.cc:66] 60555264, 9
2025-06-28 20:37:43.439218: E external/local_xla/xla/stream_executor/gpu/gpu_cudamallocasync_allocator.cc:66] 121110528, 14
2025-06-28 20:37:43.439647: E external/local_xla/xla/stream_executor/gpu/gpu_cudamallocasync_allocator.cc:66] 242221056, 5
2025-06-28 20:37:43.440124: E external/local_xla/xla/stream_executor/gpu/gpu_cudamallocasync_allocator.cc:66] 484442112, 9
2025-06-28 20:37:43.440571: E external/local_xla/xla/stream_executor/gpu/gpu_cudamallocasync_allocator.cc:66] 968884224, 2
2025-06-28 20:37:43.441093: E external/local_xla/xla/stream_executor/gpu/gpu_cudamallocasync_allocator.cc:66] 1937768448, 7
2025-06-28 20:37:43.441530: E external/local_xla/xla/stream_executor/gpu/gpu_cudamallocasync_allocator.cc:97] CU_MEMPOOL_ATTR_RESERVED_MEM_CURRENT: 24796725248
2025-06-28 20:37:43.441888: E external/local_xla/xla/stream_executor/gpu/gpu_cudamallocasync_allocator.cc:99] CU_MEMPOOL_ATTR_USED_MEM_CURRENT: 24190229210
2025-06-28 20:37:43.442215: E external/local_xla/xla/stream_executor/gpu/gpu_cudamallocasync_allocator.cc:100] CU_MEMPOOL_ATTR_RESERVED_MEM_HIGH: 25132269568
2025-06-28 20:37:43.442633: E external/local_xla/xla/stream_executor/gpu/gpu_cudamallocasync_allocator.cc:101] CU_MEMPOOL_ATTR_USED_MEM_HIGH: 24643317634
2025-06-28 20:37:43.443400: E external/local_xla/xla/stream_executor/gpu/gpu_cudamallocasync_allocator.cc:306] gpu_async_0 cuMemAllocAsync failed to allocate 1470988304 bytes: CUDA error: out of memory (CUDA_ERROR_OUT_OF_MEMORY)
 Reported by CUDA: Free memory/Total memory: 364511232/25393496064
2025-06-28 20:37:43.443789: E external/local_xla/xla/stream_executor/gpu/gpu_cudamallocasync_allocator.cc:311] Stats: Limit:                     23575789568
InUse:                     24190229210
MaxInUse:                  24643317634
NumAllocs:                        3667
MaxAllocSize:               6799661232
Reserved:                            0
PeakReserved:                        0
LargestFreeBlock:                    0

2025-06-28 20:37:43.444193: E external/local_xla/xla/stream_executor/gpu/gpu_cudamallocasync_allocator.cc:63] Histogram of current allocation: (allocation_size_in_bytes, nb_allocation_of_that_sizes), ...;
2025-06-28 20:37:43.444620: E external/local_xla/xla/stream_executor/gpu/gpu_cudamallocasync_allocator.cc:66] 1, 18
2025-06-28 20:37:43.445075: E external/local_xla/xla/stream_executor/gpu/gpu_cudamallocasync_allocator.cc:66] 4, 113
2025-06-28 20:37:43.445537: E external/local_xla/xla/stream_executor/gpu/gpu_cudamallocasync_allocator.cc:66] 8, 11
2025-06-28 20:37:43.446096: E external/local_xla/xla/stream_executor/gpu/gpu_cudamallocasync_allocator.cc:66] 12, 3
2025-06-28 20:37:43.446546: E external/local_xla/xla/stream_executor/gpu/gpu_cudamallocasync_allocator.cc:66] 16, 7
2025-06-28 20:37:43.446971: E external/local_xla/xla/stream_executor/gpu/gpu_cudamallocasync_allocator.cc:66] 20, 1
2025-06-28 20:37:43.447416: E external/local_xla/xla/stream_executor/gpu/gpu_cudamallocasync_allocator.cc:66] 32, 7
2025-06-28 20:37:43.447867: E external/local_xla/xla/stream_executor/gpu/gpu_cudamallocasync_allocator.cc:66] 64, 17
2025-06-28 20:37:43.448410: E external/local_xla/xla/stream_executor/gpu/gpu_cudamallocasync_allocator.cc:66] 96, 3
2025-06-28 20:37:43.448845: E external/local_xla/xla/stream_executor/gpu/gpu_cudamallocasync_allocator.cc:66] 128, 103
2025-06-28 20:37:43.449275: E external/local_xla/xla/stream_executor/gpu/gpu_cudamallocasync_allocator.cc:66] 192, 1
2025-06-28 20:37:43.449714: E external/local_xla/xla/stream_executor/gpu/gpu_cudamallocasync_allocator.cc:66] 256, 108
2025-06-28 20:37:43.450266: E external/local_xla/xla/stream_executor/gpu/gpu_cudamallocasync_allocator.cc:66] 512, 102
2025-06-28 20:37:43.450685: E external/local_xla/xla/stream_executor/gpu/gpu_cudamallocasync_allocator.cc:66] 1024, 107
2025-06-28 20:37:43.451139: E external/local_xla/xla/stream_executor/gpu/gpu_cudamallocasync_allocator.cc:66] 1028, 1
2025-06-28 20:37:43.451632: E external/local_xla/xla/stream_executor/gpu/gpu_cudamallocasync_allocator.cc:66] 1536, 44
2025-06-28 20:37:43.452176: E external/local_xla/xla/stream_executor/gpu/gpu_cudamallocasync_allocator.cc:66] 2048, 10
2025-06-28 20:37:43.452634: E external/local_xla/xla/stream_executor/gpu/gpu_cudamallocasync_allocator.cc:66] 3072, 2
2025-06-28 20:37:43.453081: E external/local_xla/xla/stream_executor/gpu/gpu_cudamallocasync_allocator.cc:66] 3456, 3
2025-06-28 20:37:43.453515: E external/local_xla/xla/stream_executor/gpu/gpu_cudamallocasync_allocator.cc:66] 4096, 12
2025-06-28 20:37:43.453949: E external/local_xla/xla/stream_executor/gpu/gpu_cudamallocasync_allocator.cc:66] 8192, 14
2025-06-28 20:37:43.454453: E external/local_xla/xla/stream_executor/gpu/gpu_cudamallocasync_allocator.cc:66] 16384, 12
2025-06-28 20:37:43.454910: E external/local_xla/xla/stream_executor/gpu/gpu_cudamallocasync_allocator.cc:66] 32768, 14
2025-06-28 20:37:43.455360: E external/local_xla/xla/stream_executor/gpu/gpu_cudamallocasync_allocator.cc:66] 36864, 6
2025-06-28 20:37:43.455808: E external/local_xla/xla/stream_executor/gpu/gpu_cudamallocasync_allocator.cc:66] 59136, 1
2025-06-28 20:37:43.456319: E external/local_xla/xla/stream_executor/gpu/gpu_cudamallocasync_allocator.cc:66] 65536, 3
2025-06-28 20:37:43.456765: E external/local_xla/xla/stream_executor/gpu/gpu_cudamallocasync_allocator.cc:66] 110592, 6
2025-06-28 20:37:43.457193: E external/local_xla/xla/stream_executor/gpu/gpu_cudamallocasync_allocator.cc:66] 118272, 1
2025-06-28 20:37:43.457624: E external/local_xla/xla/stream_executor/gpu/gpu_cudamallocasync_allocator.cc:66] 131072, 14
2025-06-28 20:37:43.458164: E external/local_xla/xla/stream_executor/gpu/gpu_cudamallocasync_allocator.cc:66] 221184, 6
2025-06-28 20:37:43.458633: E external/local_xla/xla/stream_executor/gpu/gpu_cudamallocasync_allocator.cc:66] 262144, 3
2025-06-28 20:37:43.459106: E external/local_xla/xla/stream_executor/gpu/gpu_cudamallocasync_allocator.cc:66] 393216, 4
2025-06-28 20:37:43.459578: E external/local_xla/xla/stream_executor/gpu/gpu_cudamallocasync_allocator.cc:66] 442368, 6
2025-06-28 20:37:43.460131: E external/local_xla/xla/stream_executor/gpu/gpu_cudamallocasync_allocator.cc:66] 473088, 1
2025-06-28 20:37:43.460562: E external/local_xla/xla/stream_executor/gpu/gpu_cudamallocasync_allocator.cc:66] 524288, 4
2025-06-28 20:37:43.461016: E external/local_xla/xla/stream_executor/gpu/gpu_cudamallocasync_allocator.cc:66] 884736, 7
2025-06-28 20:37:43.461467: E external/local_xla/xla/stream_executor/gpu/gpu_cudamallocasync_allocator.cc:66] 946176, 1
2025-06-28 20:37:43.461915: E external/local_xla/xla/stream_executor/gpu/gpu_cudamallocasync_allocator.cc:66] 1048576, 3
2025-06-28 20:37:43.462385: E external/local_xla/xla/stream_executor/gpu/gpu_cudamallocasync_allocator.cc:66] 1769472, 6
2025-06-28 20:37:43.462833: E external/local_xla/xla/stream_executor/gpu/gpu_cudamallocasync_allocator.cc:66] 3145728, 3
2025-06-28 20:37:43.463272: E external/local_xla/xla/stream_executor/gpu/gpu_cudamallocasync_allocator.cc:66] 3538944, 6
2025-06-28 20:37:43.463781: E external/local_xla/xla/stream_executor/gpu/gpu_cudamallocasync_allocator.cc:66] 3784704, 4
2025-06-28 20:37:43.464380: E external/local_xla/xla/stream_executor/gpu/gpu_cudamallocasync_allocator.cc:66] 5677056, 6
2025-06-28 20:37:43.464817: E external/local_xla/xla/stream_executor/gpu/gpu_cudamallocasync_allocator.cc:66] 7077888, 6
2025-06-28 20:37:43.465247: E external/local_xla/xla/stream_executor/gpu/gpu_cudamallocasync_allocator.cc:66] 7569408, 1
2025-06-28 20:37:43.465696: E external/local_xla/xla/stream_executor/gpu/gpu_cudamallocasync_allocator.cc:66] 10616832, 3
2025-06-28 20:37:43.466216: E external/local_xla/xla/stream_executor/gpu/gpu_cudamallocasync_allocator.cc:66] 14155776, 3
2025-06-28 20:37:43.466644: E external/local_xla/xla/stream_executor/gpu/gpu_cudamallocasync_allocator.cc:66] 15138816, 5
2025-06-28 20:37:43.467089: E external/local_xla/xla/stream_executor/gpu/gpu_cudamallocasync_allocator.cc:66] 15925248, 3
2025-06-28 20:37:43.467545: E external/local_xla/xla/stream_executor/gpu/gpu_cudamallocasync_allocator.cc:66] 30277632, 17
2025-06-28 20:37:43.468018: E external/local_xla/xla/stream_executor/gpu/gpu_cudamallocasync_allocator.cc:66] 60555264, 9
2025-06-28 20:37:43.468476: E external/local_xla/xla/stream_executor/gpu/gpu_cudamallocasync_allocator.cc:66] 121110528, 14
2025-06-28 20:37:43.468955: E external/local_xla/xla/stream_executor/gpu/gpu_cudamallocasync_allocator.cc:66] 242221056, 5
2025-06-28 20:37:43.469402: E external/local_xla/xla/stream_executor/gpu/gpu_cudamallocasync_allocator.cc:66] 484442112, 9
2025-06-28 20:37:43.469853: E external/local_xla/xla/stream_executor/gpu/gpu_cudamallocasync_allocator.cc:66] 968884224, 2
2025-06-28 20:37:43.470347: E external/local_xla/xla/stream_executor/gpu/gpu_cudamallocasync_allocator.cc:66] 1937768448, 7
2025-06-28 20:37:43.470801: E external/local_xla/xla/stream_executor/gpu/gpu_cudamallocasync_allocator.cc:97] CU_MEMPOOL_ATTR_RESERVED_MEM_CURRENT: 24796725248
2025-06-28 20:37:43.471166: E external/local_xla/xla/stream_executor/gpu/gpu_cudamallocasync_allocator.cc:99] CU_MEMPOOL_ATTR_USED_MEM_CURRENT: 24190229210
2025-06-28 20:37:43.471612: E external/local_xla/xla/stream_executor/gpu/gpu_cudamallocasync_allocator.cc:100] CU_MEMPOOL_ATTR_RESERVED_MEM_HIGH: 25132269568
2025-06-28 20:37:43.471937: E external/local_xla/xla/stream_executor/gpu/gpu_cudamallocasync_allocator.cc:101] CU_MEMPOOL_ATTR_USED_MEM_HIGH: 24643317634
2025-06-28 20:37:43.472710: E external/local_xla/xla/stream_executor/gpu/gpu_cudamallocasync_allocator.cc:306] gpu_async_0 cuMemAllocAsync failed to allocate 1470988304 bytes: CUDA error: out of memory (CUDA_ERROR_OUT_OF_MEMORY)
 Reported by CUDA: Free memory/Total memory: 364511232/25393496064
2025-06-28 20:37:43.473147: E external/local_xla/xla/stream_executor/gpu/gpu_cudamallocasync_allocator.cc:311] Stats: Limit:                     23575789568
InUse:                     24190229210
MaxInUse:                  24643317634
NumAllocs:                        3667
MaxAllocSize:               6799661232
Reserved:                            0
PeakReserved:                        0
LargestFreeBlock:                    0

2025-06-28 20:37:43.473584: E external/local_xla/xla/stream_executor/gpu/gpu_cudamallocasync_allocator.cc:63] Histogram of current allocation: (allocation_size_in_bytes, nb_allocation_of_that_sizes), ...;
2025-06-28 20:37:43.473974: E external/local_xla/xla/stream_executor/gpu/gpu_cudamallocasync_allocator.cc:66] 1, 18
2025-06-28 20:37:43.474431: E external/local_xla/xla/stream_executor/gpu/gpu_cudamallocasync_allocator.cc:66] 4, 113
2025-06-28 20:37:43.474936: E external/local_xla/xla/stream_executor/gpu/gpu_cudamallocasync_allocator.cc:66] 8, 11
2025-06-28 20:37:43.475431: E external/local_xla/xla/stream_executor/gpu/gpu_cudamallocasync_allocator.cc:66] 12, 3
2025-06-28 20:37:43.475889: E external/local_xla/xla/stream_executor/gpu/gpu_cudamallocasync_allocator.cc:66] 16, 7
2025-06-28 20:37:43.476345: E external/local_xla/xla/stream_executor/gpu/gpu_cudamallocasync_allocator.cc:66] 20, 1
2025-06-28 20:37:43.476767: E external/local_xla/xla/stream_executor/gpu/gpu_cudamallocasync_allocator.cc:66] 32, 7
2025-06-28 20:37:43.477251: E external/local_xla/xla/stream_executor/gpu/gpu_cudamallocasync_allocator.cc:66] 64, 17
2025-06-28 20:37:43.477688: E external/local_xla/xla/stream_executor/gpu/gpu_cudamallocasync_allocator.cc:66] 96, 3
2025-06-28 20:37:43.478141: E external/local_xla/xla/stream_executor/gpu/gpu_cudamallocasync_allocator.cc:66] 128, 103
2025-06-28 20:37:43.478572: E external/local_xla/xla/stream_executor/gpu/gpu_cudamallocasync_allocator.cc:66] 192, 1
2025-06-28 20:37:43.479039: E external/local_xla/xla/stream_executor/gpu/gpu_cudamallocasync_allocator.cc:66] 256, 108
2025-06-28 20:37:43.479480: E external/local_xla/xla/stream_executor/gpu/gpu_cudamallocasync_allocator.cc:66] 512, 102
2025-06-28 20:37:43.479968: E external/local_xla/xla/stream_executor/gpu/gpu_cudamallocasync_allocator.cc:66] 1024, 107
2025-06-28 20:37:43.480393: E external/local_xla/xla/stream_executor/gpu/gpu_cudamallocasync_allocator.cc:66] 1028, 1
2025-06-28 20:37:43.480844: E external/local_xla/xla/stream_executor/gpu/gpu_cudamallocasync_allocator.cc:66] 1536, 44
2025-06-28 20:37:43.481310: E external/local_xla/xla/stream_executor/gpu/gpu_cudamallocasync_allocator.cc:66] 2048, 10
2025-06-28 20:37:43.481752: E external/local_xla/xla/stream_executor/gpu/gpu_cudamallocasync_allocator.cc:66] 3072, 2
2025-06-28 20:37:43.482227: E external/local_xla/xla/stream_executor/gpu/gpu_cudamallocasync_allocator.cc:66] 3456, 3
2025-06-28 20:37:43.482722: E external/local_xla/xla/stream_executor/gpu/gpu_cudamallocasync_allocator.cc:66] 4096, 12
2025-06-28 20:37:43.483203: E external/local_xla/xla/stream_executor/gpu/gpu_cudamallocasync_allocator.cc:66] 8192, 14
2025-06-28 20:37:43.483629: E external/local_xla/xla/stream_executor/gpu/gpu_cudamallocasync_allocator.cc:66] 16384, 12
2025-06-28 20:37:43.484045: E external/local_xla/xla/stream_executor/gpu/gpu_cudamallocasync_allocator.cc:66] 32768, 14
2025-06-28 20:37:43.484486: E external/local_xla/xla/stream_executor/gpu/gpu_cudamallocasync_allocator.cc:66] 36864, 6
2025-06-28 20:37:43.484947: E external/local_xla/xla/stream_executor/gpu/gpu_cudamallocasync_allocator.cc:66] 59136, 1
2025-06-28 20:37:43.485399: E external/local_xla/xla/stream_executor/gpu/gpu_cudamallocasync_allocator.cc:66] 65536, 3
2025-06-28 20:37:43.485861: E external/local_xla/xla/stream_executor/gpu/gpu_cudamallocasync_allocator.cc:66] 110592, 6
2025-06-28 20:37:43.486307: E external/local_xla/xla/stream_executor/gpu/gpu_cudamallocasync_allocator.cc:66] 118272, 1
2025-06-28 20:37:43.486726: E external/local_xla/xla/stream_executor/gpu/gpu_cudamallocasync_allocator.cc:66] 131072, 14
2025-06-28 20:37:43.487210: E external/local_xla/xla/stream_executor/gpu/gpu_cudamallocasync_allocator.cc:66] 221184, 6
2025-06-28 20:37:43.487635: E external/local_xla/xla/stream_executor/gpu/gpu_cudamallocasync_allocator.cc:66] 262144, 3
2025-06-28 20:37:43.488105: E external/local_xla/xla/stream_executor/gpu/gpu_cudamallocasync_allocator.cc:66] 393216, 4
2025-06-28 20:37:43.488561: E external/local_xla/xla/stream_executor/gpu/gpu_cudamallocasync_allocator.cc:66] 442368, 6
2025-06-28 20:37:43.489104: E external/local_xla/xla/stream_executor/gpu/gpu_cudamallocasync_allocator.cc:66] 473088, 1
2025-06-28 20:37:43.489624: E external/local_xla/xla/stream_executor/gpu/gpu_cudamallocasync_allocator.cc:66] 524288, 4
2025-06-28 20:37:43.490111: E external/local_xla/xla/stream_executor/gpu/gpu_cudamallocasync_allocator.cc:66] 884736, 7
2025-06-28 20:37:43.490552: E external/local_xla/xla/stream_executor/gpu/gpu_cudamallocasync_allocator.cc:66] 946176, 1
2025-06-28 20:37:43.491104: E external/local_xla/xla/stream_executor/gpu/gpu_cudamallocasync_allocator.cc:66] 1048576, 3
2025-06-28 20:37:43.491545: E external/local_xla/xla/stream_executor/gpu/gpu_cudamallocasync_allocator.cc:66] 1769472, 6
2025-06-28 20:37:43.491977: E external/local_xla/xla/stream_executor/gpu/gpu_cudamallocasync_allocator.cc:66] 3145728, 3
2025-06-28 20:37:43.492414: E external/local_xla/xla/stream_executor/gpu/gpu_cudamallocasync_allocator.cc:66] 3538944, 6
2025-06-28 20:37:43.492952: E external/local_xla/xla/stream_executor/gpu/gpu_cudamallocasync_allocator.cc:66] 3784704, 4
2025-06-28 20:37:43.493408: E external/local_xla/xla/stream_executor/gpu/gpu_cudamallocasync_allocator.cc:66] 5677056, 6
2025-06-28 20:37:43.493893: E external/local_xla/xla/stream_executor/gpu/gpu_cudamallocasync_allocator.cc:66] 7077888, 6
2025-06-28 20:37:43.494322: E external/local_xla/xla/stream_executor/gpu/gpu_cudamallocasync_allocator.cc:66] 7569408, 1
2025-06-28 20:37:43.494748: E external/local_xla/xla/stream_executor/gpu/gpu_cudamallocasync_allocator.cc:66] 10616832, 3
2025-06-28 20:37:43.495272: E external/local_xla/xla/stream_executor/gpu/gpu_cudamallocasync_allocator.cc:66] 14155776, 3
2025-06-28 20:37:43.495705: E external/local_xla/xla/stream_executor/gpu/gpu_cudamallocasync_allocator.cc:66] 15138816, 5
2025-06-28 20:37:43.496135: E external/local_xla/xla/stream_executor/gpu/gpu_cudamallocasync_allocator.cc:66] 15925248, 3
2025-06-28 20:37:43.496568: E external/local_xla/xla/stream_executor/gpu/gpu_cudamallocasync_allocator.cc:66] 30277632, 17
2025-06-28 20:37:43.497151: E external/local_xla/xla/stream_executor/gpu/gpu_cudamallocasync_allocator.cc:66] 60555264, 9
2025-06-28 20:37:43.497583: E external/local_xla/xla/stream_executor/gpu/gpu_cudamallocasync_allocator.cc:66] 121110528, 14
2025-06-28 20:37:43.498041: E external/local_xla/xla/stream_executor/gpu/gpu_cudamallocasync_allocator.cc:66] 242221056, 5
2025-06-28 20:37:43.498527: E external/local_xla/xla/stream_executor/gpu/gpu_cudamallocasync_allocator.cc:66] 484442112, 9
2025-06-28 20:37:43.499060: E external/local_xla/xla/stream_executor/gpu/gpu_cudamallocasync_allocator.cc:66] 968884224, 2
2025-06-28 20:37:43.499534: E external/local_xla/xla/stream_executor/gpu/gpu_cudamallocasync_allocator.cc:66] 1937768448, 7
2025-06-28 20:37:43.499987: E external/local_xla/xla/stream_executor/gpu/gpu_cudamallocasync_allocator.cc:97] CU_MEMPOOL_ATTR_RESERVED_MEM_CURRENT: 24796725248
2025-06-28 20:37:43.500381: E external/local_xla/xla/stream_executor/gpu/gpu_cudamallocasync_allocator.cc:99] CU_MEMPOOL_ATTR_USED_MEM_CURRENT: 24190229210
2025-06-28 20:37:43.500780: E external/local_xla/xla/stream_executor/gpu/gpu_cudamallocasync_allocator.cc:100] CU_MEMPOOL_ATTR_RESERVED_MEM_HIGH: 25132269568
2025-06-28 20:37:43.501137: E external/local_xla/xla/stream_executor/gpu/gpu_cudamallocasync_allocator.cc:101] CU_MEMPOOL_ATTR_USED_MEM_HIGH: 24643317634
2025-06-28 20:37:43.501880: E external/local_xla/xla/stream_executor/gpu/gpu_cudamallocasync_allocator.cc:306] gpu_async_0 cuMemAllocAsync failed to allocate 1470988304 bytes: CUDA error: out of memory (CUDA_ERROR_OUT_OF_MEMORY)
 Reported by CUDA: Free memory/Total memory: 364511232/25393496064
2025-06-28 20:37:43.502315: E external/local_xla/xla/stream_executor/gpu/gpu_cudamallocasync_allocator.cc:311] Stats: Limit:                     23575789568
InUse:                     24190229210
MaxInUse:                  24643317634
NumAllocs:                        3667
MaxAllocSize:               6799661232
Reserved:                            0
PeakReserved:                        0
LargestFreeBlock:                    0

2025-06-28 20:37:43.503111: E external/local_xla/xla/stream_executor/gpu/gpu_cudamallocasync_allocator.cc:63] Histogram of current allocation: (allocation_size_in_bytes, nb_allocation_of_that_sizes), ...;
2025-06-28 20:37:43.503457: E external/local_xla/xla/stream_executor/gpu/gpu_cudamallocasync_allocator.cc:66] 1, 18
2025-06-28 20:37:43.503927: E external/local_xla/xla/stream_executor/gpu/gpu_cudamallocasync_allocator.cc:66] 4, 113
2025-06-28 20:37:43.504411: E external/local_xla/xla/stream_executor/gpu/gpu_cudamallocasync_allocator.cc:66] 8, 11
2025-06-28 20:37:43.504867: E external/local_xla/xla/stream_executor/gpu/gpu_cudamallocasync_allocator.cc:66] 12, 3
2025-06-28 20:37:43.505347: E external/local_xla/xla/stream_executor/gpu/gpu_cudamallocasync_allocator.cc:66] 16, 7
2025-06-28 20:37:43.505803: E external/local_xla/xla/stream_executor/gpu/gpu_cudamallocasync_allocator.cc:66] 20, 1
2025-06-28 20:37:43.506307: E external/local_xla/xla/stream_executor/gpu/gpu_cudamallocasync_allocator.cc:66] 32, 7
2025-06-28 20:37:43.506733: E external/local_xla/xla/stream_executor/gpu/gpu_cudamallocasync_allocator.cc:66] 64, 17
2025-06-28 20:37:43.507182: E external/local_xla/xla/stream_executor/gpu/gpu_cudamallocasync_allocator.cc:66] 96, 3
2025-06-28 20:37:43.507625: E external/local_xla/xla/stream_executor/gpu/gpu_cudamallocasync_allocator.cc:66] 128, 103
2025-06-28 20:37:43.508087: E external/local_xla/xla/stream_executor/gpu/gpu_cudamallocasync_allocator.cc:66] 192, 1
2025-06-28 20:37:43.508623: E external/local_xla/xla/stream_executor/gpu/gpu_cudamallocasync_allocator.cc:66] 256, 108
2025-06-28 20:37:43.509073: E external/local_xla/xla/stream_executor/gpu/gpu_cudamallocasync_allocator.cc:66] 512, 102
2025-06-28 20:37:43.509522: E external/local_xla/xla/stream_executor/gpu/gpu_cudamallocasync_allocator.cc:66] 1024, 107
2025-06-28 20:37:43.509984: E external/local_xla/xla/stream_executor/gpu/gpu_cudamallocasync_allocator.cc:66] 1028, 1
2025-06-28 20:37:43.510504: E external/local_xla/xla/stream_executor/gpu/gpu_cudamallocasync_allocator.cc:66] 1536, 44
2025-06-28 20:37:43.510968: E external/local_xla/xla/stream_executor/gpu/gpu_cudamallocasync_allocator.cc:66] 2048, 10
2025-06-28 20:37:43.511437: E external/local_xla/xla/stream_executor/gpu/gpu_cudamallocasync_allocator.cc:66] 3072, 2
2025-06-28 20:37:43.511881: E external/local_xla/xla/stream_executor/gpu/gpu_cudamallocasync_allocator.cc:66] 3456, 3
2025-06-28 20:37:43.512394: E external/local_xla/xla/stream_executor/gpu/gpu_cudamallocasync_allocator.cc:66] 4096, 12
2025-06-28 20:37:43.512846: E external/local_xla/xla/stream_executor/gpu/gpu_cudamallocasync_allocator.cc:66] 8192, 14
2025-06-28 20:37:43.513276: E external/local_xla/xla/stream_executor/gpu/gpu_cudamallocasync_allocator.cc:66] 16384, 12
2025-06-28 20:37:43.513712: E external/local_xla/xla/stream_executor/gpu/gpu_cudamallocasync_allocator.cc:66] 32768, 14
2025-06-28 20:37:43.514128: E external/local_xla/xla/stream_executor/gpu/gpu_cudamallocasync_allocator.cc:66] 36864, 6
2025-06-28 20:37:43.514669: E external/local_xla/xla/stream_executor/gpu/gpu_cudamallocasync_allocator.cc:66] 59136, 1
2025-06-28 20:37:43.515115: E external/local_xla/xla/stream_executor/gpu/gpu_cudamallocasync_allocator.cc:66] 65536, 3
2025-06-28 20:37:43.515578: E external/local_xla/xla/stream_executor/gpu/gpu_cudamallocasync_allocator.cc:66] 110592, 6
2025-06-28 20:37:43.516032: E external/local_xla/xla/stream_executor/gpu/gpu_cudamallocasync_allocator.cc:66] 118272, 1
2025-06-28 20:37:43.516578: E external/local_xla/xla/stream_executor/gpu/gpu_cudamallocasync_allocator.cc:66] 131072, 14
2025-06-28 20:37:43.517053: E external/local_xla/xla/stream_executor/gpu/gpu_cudamallocasync_allocator.cc:66] 221184, 6
2025-06-28 20:37:43.517512: E external/local_xla/xla/stream_executor/gpu/gpu_cudamallocasync_allocator.cc:66] 262144, 3
2025-06-28 20:37:43.517946: E external/local_xla/xla/stream_executor/gpu/gpu_cudamallocasync_allocator.cc:66] 393216, 4
2025-06-28 20:37:43.518509: E external/local_xla/xla/stream_executor/gpu/gpu_cudamallocasync_allocator.cc:66] 442368, 6
2025-06-28 20:37:43.518965: E external/local_xla/xla/stream_executor/gpu/gpu_cudamallocasync_allocator.cc:66] 473088, 1
2025-06-28 20:37:43.519428: E external/local_xla/xla/stream_executor/gpu/gpu_cudamallocasync_allocator.cc:66] 524288, 4
2025-06-28 20:37:43.519866: E external/local_xla/xla/stream_executor/gpu/gpu_cudamallocasync_allocator.cc:66] 884736, 7
2025-06-28 20:37:43.520319: E external/local_xla/xla/stream_executor/gpu/gpu_cudamallocasync_allocator.cc:66] 946176, 1
2025-06-28 20:37:43.520779: E external/local_xla/xla/stream_executor/gpu/gpu_cudamallocasync_allocator.cc:66] 1048576, 3
2025-06-28 20:37:43.521216: E external/local_xla/xla/stream_executor/gpu/gpu_cudamallocasync_allocator.cc:66] 1769472, 6
2025-06-28 20:37:43.521660: E external/local_xla/xla/stream_executor/gpu/gpu_cudamallocasync_allocator.cc:66] 3145728, 3
2025-06-28 20:37:43.522092: E external/local_xla/xla/stream_executor/gpu/gpu_cudamallocasync_allocator.cc:66] 3538944, 6
2025-06-28 20:37:43.522597: E external/local_xla/xla/stream_executor/gpu/gpu_cudamallocasync_allocator.cc:66] 3784704, 4
2025-06-28 20:37:43.523063: E external/local_xla/xla/stream_executor/gpu/gpu_cudamallocasync_allocator.cc:66] 5677056, 6
2025-06-28 20:37:43.523518: E external/local_xla/xla/stream_executor/gpu/gpu_cudamallocasync_allocator.cc:66] 7077888, 6
2025-06-28 20:37:43.523989: E external/local_xla/xla/stream_executor/gpu/gpu_cudamallocasync_allocator.cc:66] 7569408, 1
2025-06-28 20:37:43.524480: E external/local_xla/xla/stream_executor/gpu/gpu_cudamallocasync_allocator.cc:66] 10616832, 3
2025-06-28 20:37:43.524905: E external/local_xla/xla/stream_executor/gpu/gpu_cudamallocasync_allocator.cc:66] 14155776, 3
2025-06-28 20:37:43.525362: E external/local_xla/xla/stream_executor/gpu/gpu_cudamallocasync_allocator.cc:66] 15138816, 5
2025-06-28 20:37:43.525792: E external/local_xla/xla/stream_executor/gpu/gpu_cudamallocasync_allocator.cc:66] 15925248, 3
2025-06-28 20:37:43.526329: E external/local_xla/xla/stream_executor/gpu/gpu_cudamallocasync_allocator.cc:66] 30277632, 17
2025-06-28 20:37:43.526778: E external/local_xla/xla/stream_executor/gpu/gpu_cudamallocasync_allocator.cc:66] 60555264, 9
2025-06-28 20:37:43.527230: E external/local_xla/xla/stream_executor/gpu/gpu_cudamallocasync_allocator.cc:66] 121110528, 14
2025-06-28 20:37:43.527663: E external/local_xla/xla/stream_executor/gpu/gpu_cudamallocasync_allocator.cc:66] 242221056, 5
2025-06-28 20:37:43.528180: E external/local_xla/xla/stream_executor/gpu/gpu_cudamallocasync_allocator.cc:66] 484442112, 9
2025-06-28 20:37:43.528660: E external/local_xla/xla/stream_executor/gpu/gpu_cudamallocasync_allocator.cc:66] 968884224, 2
2025-06-28 20:37:43.529097: E external/local_xla/xla/stream_executor/gpu/gpu_cudamallocasync_allocator.cc:66] 1937768448, 7
2025-06-28 20:37:43.529568: E external/local_xla/xla/stream_executor/gpu/gpu_cudamallocasync_allocator.cc:97] CU_MEMPOOL_ATTR_RESERVED_MEM_CURRENT: 24796725248
2025-06-28 20:37:43.530034: E external/local_xla/xla/stream_executor/gpu/gpu_cudamallocasync_allocator.cc:99] CU_MEMPOOL_ATTR_USED_MEM_CURRENT: 24190229210
2025-06-28 20:37:43.530396: E external/local_xla/xla/stream_executor/gpu/gpu_cudamallocasync_allocator.cc:100] CU_MEMPOOL_ATTR_RESERVED_MEM_HIGH: 25132269568
2025-06-28 20:37:43.530758: E external/local_xla/xla/stream_executor/gpu/gpu_cudamallocasync_allocator.cc:101] CU_MEMPOOL_ATTR_USED_MEM_HIGH: 24643317634
2025-06-28 20:37:43.720332: E external/local_xla/xla/stream_executor/gpu/gpu_cudamallocasync_allocator.cc:306] gpu_async_0 cuMemAllocAsync failed to allocate 1470988304 bytes: CUDA error: out of memory (CUDA_ERROR_OUT_OF_MEMORY)
 Reported by CUDA: Free memory/Total memory: 398065664/25393496064
2025-06-28 20:37:43.721130: E external/local_xla/xla/stream_executor/gpu/gpu_cudamallocasync_allocator.cc:311] Stats: Limit:                     23575789568
InUse:                     24190229210
MaxInUse:                  24643317634
NumAllocs:                        3669
MaxAllocSize:               6799661232
Reserved:                            0
PeakReserved:                        0
LargestFreeBlock:                    0

2025-06-28 20:37:43.721794: E external/local_xla/xla/stream_executor/gpu/gpu_cudamallocasync_allocator.cc:63] Histogram of current allocation: (allocation_size_in_bytes, nb_allocation_of_that_sizes), ...;
2025-06-28 20:37:43.722220: E external/local_xla/xla/stream_executor/gpu/gpu_cudamallocasync_allocator.cc:66] 1, 18
2025-06-28 20:37:43.722761: E external/local_xla/xla/stream_executor/gpu/gpu_cudamallocasync_allocator.cc:66] 4, 113
2025-06-28 20:37:43.723234: E external/local_xla/xla/stream_executor/gpu/gpu_cudamallocasync_allocator.cc:66] 8, 11
2025-06-28 20:37:43.723697: E external/local_xla/xla/stream_executor/gpu/gpu_cudamallocasync_allocator.cc:66] 12, 3
2025-06-28 20:37:43.724136: E external/local_xla/xla/stream_executor/gpu/gpu_cudamallocasync_allocator.cc:66] 16, 7
2025-06-28 20:37:43.724571: E external/local_xla/xla/stream_executor/gpu/gpu_cudamallocasync_allocator.cc:66] 20, 1
2025-06-28 20:37:43.725084: E external/local_xla/xla/stream_executor/gpu/gpu_cudamallocasync_allocator.cc:66] 32, 7
2025-06-28 20:37:43.725556: E external/local_xla/xla/stream_executor/gpu/gpu_cudamallocasync_allocator.cc:66] 64, 17
2025-06-28 20:37:43.726001: E external/local_xla/xla/stream_executor/gpu/gpu_cudamallocasync_allocator.cc:66] 96, 3
2025-06-28 20:37:43.726433: E external/local_xla/xla/stream_executor/gpu/gpu_cudamallocasync_allocator.cc:66] 128, 103
2025-06-28 20:37:43.726905: E external/local_xla/xla/stream_executor/gpu/gpu_cudamallocasync_allocator.cc:66] 192, 1
2025-06-28 20:37:43.727362: E external/local_xla/xla/stream_executor/gpu/gpu_cudamallocasync_allocator.cc:66] 256, 108
2025-06-28 20:37:43.727807: E external/local_xla/xla/stream_executor/gpu/gpu_cudamallocasync_allocator.cc:66] 512, 102
2025-06-28 20:37:43.728234: E external/local_xla/xla/stream_executor/gpu/gpu_cudamallocasync_allocator.cc:66] 1024, 107
2025-06-28 20:37:43.728704: E external/local_xla/xla/stream_executor/gpu/gpu_cudamallocasync_allocator.cc:66] 1028, 1
2025-06-28 20:37:43.729211: E external/local_xla/xla/stream_executor/gpu/gpu_cudamallocasync_allocator.cc:66] 1536, 44
2025-06-28 20:37:43.729663: E external/local_xla/xla/stream_executor/gpu/gpu_cudamallocasync_allocator.cc:66] 2048, 10
2025-06-28 20:37:43.730136: E external/local_xla/xla/stream_executor/gpu/gpu_cudamallocasync_allocator.cc:66] 3072, 2
2025-06-28 20:37:43.730568: E external/local_xla/xla/stream_executor/gpu/gpu_cudamallocasync_allocator.cc:66] 3456, 3
2025-06-28 20:37:43.731093: E external/local_xla/xla/stream_executor/gpu/gpu_cudamallocasync_allocator.cc:66] 4096, 12
2025-06-28 20:37:43.731546: E external/local_xla/xla/stream_executor/gpu/gpu_cudamallocasync_allocator.cc:66] 8192, 14
2025-06-28 20:37:43.731978: E external/local_xla/xla/stream_executor/gpu/gpu_cudamallocasync_allocator.cc:66] 16384, 12
2025-06-28 20:37:43.732418: E external/local_xla/xla/stream_executor/gpu/gpu_cudamallocasync_allocator.cc:66] 32768, 14
2025-06-28 20:37:43.732924: E external/local_xla/xla/stream_executor/gpu/gpu_cudamallocasync_allocator.cc:66] 36864, 6
2025-06-28 20:37:43.733370: E external/local_xla/xla/stream_executor/gpu/gpu_cudamallocasync_allocator.cc:66] 59136, 1
2025-06-28 20:37:43.733815: E external/local_xla/xla/stream_executor/gpu/gpu_cudamallocasync_allocator.cc:66] 65536, 3
2025-06-28 20:37:43.734281: E external/local_xla/xla/stream_executor/gpu/gpu_cudamallocasync_allocator.cc:66] 110592, 6
2025-06-28 20:37:43.734843: E external/local_xla/xla/stream_executor/gpu/gpu_cudamallocasync_allocator.cc:66] 118272, 1
2025-06-28 20:37:43.735285: E external/local_xla/xla/stream_executor/gpu/gpu_cudamallocasync_allocator.cc:66] 131072, 14
2025-06-28 20:37:43.735706: E external/local_xla/xla/stream_executor/gpu/gpu_cudamallocasync_allocator.cc:66] 221184, 6
2025-06-28 20:37:43.736160: E external/local_xla/xla/stream_executor/gpu/gpu_cudamallocasync_allocator.cc:66] 262144, 3
2025-06-28 20:37:43.736606: E external/local_xla/xla/stream_executor/gpu/gpu_cudamallocasync_allocator.cc:66] 393216, 4
2025-06-28 20:37:43.737108: E external/local_xla/xla/stream_executor/gpu/gpu_cudamallocasync_allocator.cc:66] 442368, 6
2025-06-28 20:37:43.737536: E external/local_xla/xla/stream_executor/gpu/gpu_cudamallocasync_allocator.cc:66] 473088, 1
2025-06-28 20:37:43.737987: E external/local_xla/xla/stream_executor/gpu/gpu_cudamallocasync_allocator.cc:66] 524288, 4
2025-06-28 20:37:43.738432: E external/local_xla/xla/stream_executor/gpu/gpu_cudamallocasync_allocator.cc:66] 884736, 7
2025-06-28 20:37:43.738962: E external/local_xla/xla/stream_executor/gpu/gpu_cudamallocasync_allocator.cc:66] 946176, 1
2025-06-28 20:37:43.739438: E external/local_xla/xla/stream_executor/gpu/gpu_cudamallocasync_allocator.cc:66] 1048576, 3
2025-06-28 20:37:43.739874: E external/local_xla/xla/stream_executor/gpu/gpu_cudamallocasync_allocator.cc:66] 1769472, 6
2025-06-28 20:37:43.740339: E external/local_xla/xla/stream_executor/gpu/gpu_cudamallocasync_allocator.cc:66] 3145728, 3
2025-06-28 20:37:43.740831: E external/local_xla/xla/stream_executor/gpu/gpu_cudamallocasync_allocator.cc:66] 3538944, 6
2025-06-28 20:37:43.741287: E external/local_xla/xla/stream_executor/gpu/gpu_cudamallocasync_allocator.cc:66] 3784704, 4
2025-06-28 20:37:43.741733: E external/local_xla/xla/stream_executor/gpu/gpu_cudamallocasync_allocator.cc:66] 5677056, 6
2025-06-28 20:37:43.742190: E external/local_xla/xla/stream_executor/gpu/gpu_cudamallocasync_allocator.cc:66] 7077888, 6
2025-06-28 20:37:43.742625: E external/local_xla/xla/stream_executor/gpu/gpu_cudamallocasync_allocator.cc:66] 7569408, 1
2025-06-28 20:37:43.743072: E external/local_xla/xla/stream_executor/gpu/gpu_cudamallocasync_allocator.cc:66] 10616832, 3
2025-06-28 20:37:43.743508: E external/local_xla/xla/stream_executor/gpu/gpu_cudamallocasync_allocator.cc:66] 14155776, 3
2025-06-28 20:37:43.743952: E external/local_xla/xla/stream_executor/gpu/gpu_cudamallocasync_allocator.cc:66] 15138816, 5
2025-06-28 20:37:43.744432: E external/local_xla/xla/stream_executor/gpu/gpu_cudamallocasync_allocator.cc:66] 15925248, 3
2025-06-28 20:37:43.745006: E external/local_xla/xla/stream_executor/gpu/gpu_cudamallocasync_allocator.cc:66] 30277632, 17
2025-06-28 20:37:43.745506: E external/local_xla/xla/stream_executor/gpu/gpu_cudamallocasync_allocator.cc:66] 60555264, 9
2025-06-28 20:37:43.745998: E external/local_xla/xla/stream_executor/gpu/gpu_cudamallocasync_allocator.cc:66] 121110528, 14
2025-06-28 20:37:43.746450: E external/local_xla/xla/stream_executor/gpu/gpu_cudamallocasync_allocator.cc:66] 242221056, 5
2025-06-28 20:37:43.746947: E external/local_xla/xla/stream_executor/gpu/gpu_cudamallocasync_allocator.cc:66] 484442112, 9
2025-06-28 20:37:43.747376: E external/local_xla/xla/stream_executor/gpu/gpu_cudamallocasync_allocator.cc:66] 968884224, 2
2025-06-28 20:37:43.747847: E external/local_xla/xla/stream_executor/gpu/gpu_cudamallocasync_allocator.cc:66] 1937768448, 7
2025-06-28 20:37:43.748280: E external/local_xla/xla/stream_executor/gpu/gpu_cudamallocasync_allocator.cc:97] CU_MEMPOOL_ATTR_RESERVED_MEM_CURRENT: 24763170816
2025-06-28 20:37:43.748692: E external/local_xla/xla/stream_executor/gpu/gpu_cudamallocasync_allocator.cc:99] CU_MEMPOOL_ATTR_USED_MEM_CURRENT: 24190229210
2025-06-28 20:37:43.749056: E external/local_xla/xla/stream_executor/gpu/gpu_cudamallocasync_allocator.cc:100] CU_MEMPOOL_ATTR_RESERVED_MEM_HIGH: 25132269568
2025-06-28 20:37:43.749387: E external/local_xla/xla/stream_executor/gpu/gpu_cudamallocasync_allocator.cc:101] CU_MEMPOOL_ATTR_USED_MEM_HIGH: 24643317634
2025-06-28 20:37:44.776489: E external/local_xla/xla/stream_executor/gpu/gpu_cudamallocasync_allocator.cc:306] gpu_async_0 cuMemAllocAsync failed to allocate 986546192 bytes: CUDA error: out of memory (CUDA_ERROR_OUT_OF_MEMORY)
 Reported by CUDA: Free memory/Total memory: 398065664/25393496064
2025-06-28 20:37:44.777257: E external/local_xla/xla/stream_executor/gpu/gpu_cudamallocasync_allocator.cc:311] Stats: Limit:                     23575789568
InUse:                     24190229210
MaxInUse:                  24643317634
NumAllocs:                        3672
MaxAllocSize:               6799661232
Reserved:                            0
PeakReserved:                        0
LargestFreeBlock:                    0

2025-06-28 20:37:44.778061: E external/local_xla/xla/stream_executor/gpu/gpu_cudamallocasync_allocator.cc:63] Histogram of current allocation: (allocation_size_in_bytes, nb_allocation_of_that_sizes), ...;
2025-06-28 20:37:44.778619: E external/local_xla/xla/stream_executor/gpu/gpu_cudamallocasync_allocator.cc:66] 1, 18
2025-06-28 20:37:44.779182: E external/local_xla/xla/stream_executor/gpu/gpu_cudamallocasync_allocator.cc:66] 4, 113
2025-06-28 20:37:44.779613: E external/local_xla/xla/stream_executor/gpu/gpu_cudamallocasync_allocator.cc:66] 8, 11
2025-06-28 20:37:44.780154: E external/local_xla/xla/stream_executor/gpu/gpu_cudamallocasync_allocator.cc:66] 12, 3
2025-06-28 20:37:44.780605: E external/local_xla/xla/stream_executor/gpu/gpu_cudamallocasync_allocator.cc:66] 16, 7
2025-06-28 20:37:44.781172: E external/local_xla/xla/stream_executor/gpu/gpu_cudamallocasync_allocator.cc:66] 20, 1
2025-06-28 20:37:44.781656: E external/local_xla/xla/stream_executor/gpu/gpu_cudamallocasync_allocator.cc:66] 32, 7
2025-06-28 20:37:44.782127: E external/local_xla/xla/stream_executor/gpu/gpu_cudamallocasync_allocator.cc:66] 64, 17
2025-06-28 20:37:44.782590: E external/local_xla/xla/stream_executor/gpu/gpu_cudamallocasync_allocator.cc:66] 96, 3
2025-06-28 20:37:44.783132: E external/local_xla/xla/stream_executor/gpu/gpu_cudamallocasync_allocator.cc:66] 128, 103
2025-06-28 20:37:44.783587: E external/local_xla/xla/stream_executor/gpu/gpu_cudamallocasync_allocator.cc:66] 192, 1
2025-06-28 20:37:44.784035: E external/local_xla/xla/stream_executor/gpu/gpu_cudamallocasync_allocator.cc:66] 256, 108
2025-06-28 20:37:44.784483: E external/local_xla/xla/stream_executor/gpu/gpu_cudamallocasync_allocator.cc:66] 512, 102
2025-06-28 20:37:44.784905: E external/local_xla/xla/stream_executor/gpu/gpu_cudamallocasync_allocator.cc:66] 1024, 107
2025-06-28 20:37:44.785409: E external/local_xla/xla/stream_executor/gpu/gpu_cudamallocasync_allocator.cc:66] 1028, 1
2025-06-28 20:37:44.785858: E external/local_xla/xla/stream_executor/gpu/gpu_cudamallocasync_allocator.cc:66] 1536, 44
2025-06-28 20:37:44.786297: E external/local_xla/xla/stream_executor/gpu/gpu_cudamallocasync_allocator.cc:66] 2048, 10
2025-06-28 20:37:44.786769: E external/local_xla/xla/stream_executor/gpu/gpu_cudamallocasync_allocator.cc:66] 3072, 2
2025-06-28 20:37:44.787331: E external/local_xla/xla/stream_executor/gpu/gpu_cudamallocasync_allocator.cc:66] 3456, 3
2025-06-28 20:37:44.787771: E external/local_xla/xla/stream_executor/gpu/gpu_cudamallocasync_allocator.cc:66] 4096, 12
2025-06-28 20:37:44.788275: E external/local_xla/xla/stream_executor/gpu/gpu_cudamallocasync_allocator.cc:66] 8192, 14
2025-06-28 20:37:44.788817: E external/local_xla/xla/stream_executor/gpu/gpu_cudamallocasync_allocator.cc:66] 16384, 12
2025-06-28 20:37:44.789423: E external/local_xla/xla/stream_executor/gpu/gpu_cudamallocasync_allocator.cc:66] 32768, 14
2025-06-28 20:37:44.789885: E external/local_xla/xla/stream_executor/gpu/gpu_cudamallocasync_allocator.cc:66] 36864, 6
2025-06-28 20:37:44.790337: E external/local_xla/xla/stream_executor/gpu/gpu_cudamallocasync_allocator.cc:66] 59136, 1
2025-06-28 20:37:44.790792: E external/local_xla/xla/stream_executor/gpu/gpu_cudamallocasync_allocator.cc:66] 65536, 3
2025-06-28 20:37:44.791244: E external/local_xla/xla/stream_executor/gpu/gpu_cudamallocasync_allocator.cc:66] 110592, 6
2025-06-28 20:37:44.791788: E external/local_xla/xla/stream_executor/gpu/gpu_cudamallocasync_allocator.cc:66] 118272, 1
2025-06-28 20:37:44.792223: E external/local_xla/xla/stream_executor/gpu/gpu_cudamallocasync_allocator.cc:66] 131072, 14
2025-06-28 20:37:44.792717: E external/local_xla/xla/stream_executor/gpu/gpu_cudamallocasync_allocator.cc:66] 221184, 6
2025-06-28 20:37:44.793198: E external/local_xla/xla/stream_executor/gpu/gpu_cudamallocasync_allocator.cc:66] 262144, 3
2025-06-28 20:37:44.793887: E external/local_xla/xla/stream_executor/gpu/gpu_cudamallocasync_allocator.cc:66] 393216, 4
2025-06-28 20:37:44.794473: E external/local_xla/xla/stream_executor/gpu/gpu_cudamallocasync_allocator.cc:66] 442368, 6
2025-06-28 20:37:44.794948: E external/local_xla/xla/stream_executor/gpu/gpu_cudamallocasync_allocator.cc:66] 473088, 1
2025-06-28 20:37:44.795391: E external/local_xla/xla/stream_executor/gpu/gpu_cudamallocasync_allocator.cc:66] 524288, 4
2025-06-28 20:37:44.795935: E external/local_xla/xla/stream_executor/gpu/gpu_cudamallocasync_allocator.cc:66] 884736, 7
2025-06-28 20:37:44.796377: E external/local_xla/xla/stream_executor/gpu/gpu_cudamallocasync_allocator.cc:66] 946176, 1
2025-06-28 20:37:44.796817: E external/local_xla/xla/stream_executor/gpu/gpu_cudamallocasync_allocator.cc:66] 1048576, 3
2025-06-28 20:37:44.797252: E external/local_xla/xla/stream_executor/gpu/gpu_cudamallocasync_allocator.cc:66] 1769472, 6
2025-06-28 20:37:44.797788: E external/local_xla/xla/stream_executor/gpu/gpu_cudamallocasync_allocator.cc:66] 3145728, 3
2025-06-28 20:37:44.798250: E external/local_xla/xla/stream_executor/gpu/gpu_cudamallocasync_allocator.cc:66] 3538944, 6
2025-06-28 20:37:44.798699: E external/local_xla/xla/stream_executor/gpu/gpu_cudamallocasync_allocator.cc:66] 3784704, 4
2025-06-28 20:37:44.799144: E external/local_xla/xla/stream_executor/gpu/gpu_cudamallocasync_allocator.cc:66] 5677056, 6
2025-06-28 20:37:44.799588: E external/local_xla/xla/stream_executor/gpu/gpu_cudamallocasync_allocator.cc:66] 7077888, 6
2025-06-28 20:37:44.800125: E external/local_xla/xla/stream_executor/gpu/gpu_cudamallocasync_allocator.cc:66] 7569408, 1
2025-06-28 20:37:44.800557: E external/local_xla/xla/stream_executor/gpu/gpu_cudamallocasync_allocator.cc:66] 10616832, 3
2025-06-28 20:37:44.800990: E external/local_xla/xla/stream_executor/gpu/gpu_cudamallocasync_allocator.cc:66] 14155776, 3
2025-06-28 20:37:44.801426: E external/local_xla/xla/stream_executor/gpu/gpu_cudamallocasync_allocator.cc:66] 15138816, 5
2025-06-28 20:37:44.801977: E external/local_xla/xla/stream_executor/gpu/gpu_cudamallocasync_allocator.cc:66] 15925248, 3
2025-06-28 20:37:44.802425: E external/local_xla/xla/stream_executor/gpu/gpu_cudamallocasync_allocator.cc:66] 30277632, 17
2025-06-28 20:37:44.802886: E external/local_xla/xla/stream_executor/gpu/gpu_cudamallocasync_allocator.cc:66] 60555264, 9
2025-06-28 20:37:44.803318: E external/local_xla/xla/stream_executor/gpu/gpu_cudamallocasync_allocator.cc:66] 121110528, 14
2025-06-28 20:37:44.803803: E external/local_xla/xla/stream_executor/gpu/gpu_cudamallocasync_allocator.cc:66] 242221056, 5
2025-06-28 20:37:44.804266: E external/local_xla/xla/stream_executor/gpu/gpu_cudamallocasync_allocator.cc:66] 484442112, 9
2025-06-28 20:37:44.804693: E external/local_xla/xla/stream_executor/gpu/gpu_cudamallocasync_allocator.cc:66] 968884224, 2
2025-06-28 20:37:44.805157: E external/local_xla/xla/stream_executor/gpu/gpu_cudamallocasync_allocator.cc:66] 1937768448, 7
2025-06-28 20:37:44.805657: E external/local_xla/xla/stream_executor/gpu/gpu_cudamallocasync_allocator.cc:97] CU_MEMPOOL_ATTR_RESERVED_MEM_CURRENT: 24763170816
2025-06-28 20:37:44.806048: E external/local_xla/xla/stream_executor/gpu/gpu_cudamallocasync_allocator.cc:99] CU_MEMPOOL_ATTR_USED_MEM_CURRENT: 24190229210
2025-06-28 20:37:44.806419: E external/local_xla/xla/stream_executor/gpu/gpu_cudamallocasync_allocator.cc:100] CU_MEMPOOL_ATTR_RESERVED_MEM_HIGH: 25132269568
2025-06-28 20:37:44.806806: E external/local_xla/xla/stream_executor/gpu/gpu_cudamallocasync_allocator.cc:101] CU_MEMPOOL_ATTR_USED_MEM_HIGH: 24643317634
2025-06-28 20:37:44.807791: E external/local_xla/xla/stream_executor/gpu/gpu_cudamallocasync_allocator.cc:306] gpu_async_0 cuMemAllocAsync failed to allocate 1471106736 bytes: CUDA error: out of memory (CUDA_ERROR_OUT_OF_MEMORY)
 Reported by CUDA: Free memory/Total memory: 398065664/25393496064
2025-06-28 20:37:44.808187: E external/local_xla/xla/stream_executor/gpu/gpu_cudamallocasync_allocator.cc:311] Stats: Limit:                     23575789568
InUse:                     24190229210
MaxInUse:                  24643317634
NumAllocs:                        3672
MaxAllocSize:               6799661232
Reserved:                            0
PeakReserved:                        0
LargestFreeBlock:                    0

2025-06-28 20:37:44.808706: E external/local_xla/xla/stream_executor/gpu/gpu_cudamallocasync_allocator.cc:63] Histogram of current allocation: (allocation_size_in_bytes, nb_allocation_of_that_sizes), ...;
2025-06-28 20:37:44.809200: E external/local_xla/xla/stream_executor/gpu/gpu_cudamallocasync_allocator.cc:66] 1, 18
2025-06-28 20:37:44.809629: E external/local_xla/xla/stream_executor/gpu/gpu_cudamallocasync_allocator.cc:66] 4, 113
2025-06-28 20:37:44.810052: E external/local_xla/xla/stream_executor/gpu/gpu_cudamallocasync_allocator.cc:66] 8, 11
2025-06-28 20:37:44.810480: E external/local_xla/xla/stream_executor/gpu/gpu_cudamallocasync_allocator.cc:66] 12, 3
2025-06-28 20:37:44.811054: E external/local_xla/xla/stream_executor/gpu/gpu_cudamallocasync_allocator.cc:66] 16, 7
2025-06-28 20:37:44.811488: E external/local_xla/xla/stream_executor/gpu/gpu_cudamallocasync_allocator.cc:66] 20, 1
2025-06-28 20:37:44.811940: E external/local_xla/xla/stream_executor/gpu/gpu_cudamallocasync_allocator.cc:66] 32, 7
2025-06-28 20:37:44.812435: E external/local_xla/xla/stream_executor/gpu/gpu_cudamallocasync_allocator.cc:66] 64, 17
2025-06-28 20:37:44.812887: E external/local_xla/xla/stream_executor/gpu/gpu_cudamallocasync_allocator.cc:66] 96, 3
2025-06-28 20:37:44.813449: E external/local_xla/xla/stream_executor/gpu/gpu_cudamallocasync_allocator.cc:66] 128, 103
2025-06-28 20:37:44.813893: E external/local_xla/xla/stream_executor/gpu/gpu_cudamallocasync_allocator.cc:66] 192, 1
2025-06-28 20:37:44.814366: E external/local_xla/xla/stream_executor/gpu/gpu_cudamallocasync_allocator.cc:66] 256, 108
2025-06-28 20:37:44.814799: E external/local_xla/xla/stream_executor/gpu/gpu_cudamallocasync_allocator.cc:66] 512, 102
2025-06-28 20:37:44.815330: E external/local_xla/xla/stream_executor/gpu/gpu_cudamallocasync_allocator.cc:66] 1024, 107
2025-06-28 20:37:44.815739: E external/local_xla/xla/stream_executor/gpu/gpu_cudamallocasync_allocator.cc:66] 1028, 1
2025-06-28 20:37:44.816190: E external/local_xla/xla/stream_executor/gpu/gpu_cudamallocasync_allocator.cc:66] 1536, 44
2025-06-28 20:37:44.816624: E external/local_xla/xla/stream_executor/gpu/gpu_cudamallocasync_allocator.cc:66] 2048, 10
2025-06-28 20:37:44.817072: E external/local_xla/xla/stream_executor/gpu/gpu_cudamallocasync_allocator.cc:66] 3072, 2
2025-06-28 20:37:44.817524: E external/local_xla/xla/stream_executor/gpu/gpu_cudamallocasync_allocator.cc:66] 3456, 3
2025-06-28 20:37:44.817972: E external/local_xla/xla/stream_executor/gpu/gpu_cudamallocasync_allocator.cc:66] 4096, 12
2025-06-28 20:37:44.818417: E external/local_xla/xla/stream_executor/gpu/gpu_cudamallocasync_allocator.cc:66] 8192, 14
2025-06-28 20:37:44.818883: E external/local_xla/xla/stream_executor/gpu/gpu_cudamallocasync_allocator.cc:66] 16384, 12
2025-06-28 20:37:44.819414: E external/local_xla/xla/stream_executor/gpu/gpu_cudamallocasync_allocator.cc:66] 32768, 14
2025-06-28 20:37:44.819865: E external/local_xla/xla/stream_executor/gpu/gpu_cudamallocasync_allocator.cc:66] 36864, 6
2025-06-28 20:37:44.820309: E external/local_xla/xla/stream_executor/gpu/gpu_cudamallocasync_allocator.cc:66] 59136, 1
2025-06-28 20:37:44.820750: E external/local_xla/xla/stream_executor/gpu/gpu_cudamallocasync_allocator.cc:66] 65536, 3
2025-06-28 20:37:44.821251: E external/local_xla/xla/stream_executor/gpu/gpu_cudamallocasync_allocator.cc:66] 110592, 6
2025-06-28 20:37:44.821708: E external/local_xla/xla/stream_executor/gpu/gpu_cudamallocasync_allocator.cc:66] 118272, 1
2025-06-28 20:37:44.822159: E external/local_xla/xla/stream_executor/gpu/gpu_cudamallocasync_allocator.cc:66] 131072, 14
2025-06-28 20:37:44.822591: E external/local_xla/xla/stream_executor/gpu/gpu_cudamallocasync_allocator.cc:66] 221184, 6
2025-06-28 20:37:44.823143: E external/local_xla/xla/stream_executor/gpu/gpu_cudamallocasync_allocator.cc:66] 262144, 3
2025-06-28 20:37:44.823607: E external/local_xla/xla/stream_executor/gpu/gpu_cudamallocasync_allocator.cc:66] 393216, 4
2025-06-28 20:37:44.824058: E external/local_xla/xla/stream_executor/gpu/gpu_cudamallocasync_allocator.cc:66] 442368, 6
2025-06-28 20:37:44.824516: E external/local_xla/xla/stream_executor/gpu/gpu_cudamallocasync_allocator.cc:66] 473088, 1
2025-06-28 20:37:44.824965: E external/local_xla/xla/stream_executor/gpu/gpu_cudamallocasync_allocator.cc:66] 524288, 4
2025-06-28 20:37:44.825481: E external/local_xla/xla/stream_executor/gpu/gpu_cudamallocasync_allocator.cc:66] 884736, 7
2025-06-28 20:37:44.825947: E external/local_xla/xla/stream_executor/gpu/gpu_cudamallocasync_allocator.cc:66] 946176, 1
2025-06-28 20:37:44.826384: E external/local_xla/xla/stream_executor/gpu/gpu_cudamallocasync_allocator.cc:66] 1048576, 3
2025-06-28 20:37:44.826816: E external/local_xla/xla/stream_executor/gpu/gpu_cudamallocasync_allocator.cc:66] 1769472, 6
2025-06-28 20:37:44.827303: E external/local_xla/xla/stream_executor/gpu/gpu_cudamallocasync_allocator.cc:66] 3145728, 3
2025-06-28 20:37:44.827731: E external/local_xla/xla/stream_executor/gpu/gpu_cudamallocasync_allocator.cc:66] 3538944, 6
2025-06-28 20:37:44.828188: E external/local_xla/xla/stream_executor/gpu/gpu_cudamallocasync_allocator.cc:66] 3784704, 4
2025-06-28 20:37:44.828634: E external/local_xla/xla/stream_executor/gpu/gpu_cudamallocasync_allocator.cc:66] 5677056, 6
2025-06-28 20:37:44.829173: E external/local_xla/xla/stream_executor/gpu/gpu_cudamallocasync_allocator.cc:66] 7077888, 6
2025-06-28 20:37:44.829604: E external/local_xla/xla/stream_executor/gpu/gpu_cudamallocasync_allocator.cc:66] 7569408, 1
2025-06-28 20:37:44.830059: E external/local_xla/xla/stream_executor/gpu/gpu_cudamallocasync_allocator.cc:66] 10616832, 3
2025-06-28 20:37:44.830480: E external/local_xla/xla/stream_executor/gpu/gpu_cudamallocasync_allocator.cc:66] 14155776, 3
2025-06-28 20:37:44.831003: E external/local_xla/xla/stream_executor/gpu/gpu_cudamallocasync_allocator.cc:66] 15138816, 5
2025-06-28 20:37:44.831429: E external/local_xla/xla/stream_executor/gpu/gpu_cudamallocasync_allocator.cc:66] 15925248, 3
2025-06-28 20:37:44.831914: E external/local_xla/xla/stream_executor/gpu/gpu_cudamallocasync_allocator.cc:66] 30277632, 17
2025-06-28 20:37:44.832356: E external/local_xla/xla/stream_executor/gpu/gpu_cudamallocasync_allocator.cc:66] 60555264, 9
2025-06-28 20:37:44.832813: E external/local_xla/xla/stream_executor/gpu/gpu_cudamallocasync_allocator.cc:66] 121110528, 14
2025-06-28 20:37:44.833327: E external/local_xla/xla/stream_executor/gpu/gpu_cudamallocasync_allocator.cc:66] 242221056, 5
2025-06-28 20:37:44.833751: E external/local_xla/xla/stream_executor/gpu/gpu_cudamallocasync_allocator.cc:66] 484442112, 9
2025-06-28 20:37:44.834206: E external/local_xla/xla/stream_executor/gpu/gpu_cudamallocasync_allocator.cc:66] 968884224, 2
2025-06-28 20:37:44.834630: E external/local_xla/xla/stream_executor/gpu/gpu_cudamallocasync_allocator.cc:66] 1937768448, 7
2025-06-28 20:37:44.835171: E external/local_xla/xla/stream_executor/gpu/gpu_cudamallocasync_allocator.cc:97] CU_MEMPOOL_ATTR_RESERVED_MEM_CURRENT: 24763170816
2025-06-28 20:37:44.835543: E external/local_xla/xla/stream_executor/gpu/gpu_cudamallocasync_allocator.cc:99] CU_MEMPOOL_ATTR_USED_MEM_CURRENT: 24190229210
2025-06-28 20:37:44.835937: E external/local_xla/xla/stream_executor/gpu/gpu_cudamallocasync_allocator.cc:100] CU_MEMPOOL_ATTR_RESERVED_MEM_HIGH: 25132269568
2025-06-28 20:37:44.836375: E external/local_xla/xla/stream_executor/gpu/gpu_cudamallocasync_allocator.cc:101] CU_MEMPOOL_ATTR_USED_MEM_HIGH: 24643317634
2025-06-28 20:37:44.837206: E external/local_xla/xla/stream_executor/gpu/gpu_cudamallocasync_allocator.cc:306] gpu_async_0 cuMemAllocAsync failed to allocate 1470988304 bytes: CUDA error: out of memory (CUDA_ERROR_OUT_OF_MEMORY)
 Reported by CUDA: Free memory/Total memory: 398065664/25393496064
2025-06-28 20:37:44.837696: E external/local_xla/xla/stream_executor/gpu/gpu_cudamallocasync_allocator.cc:311] Stats: Limit:                     23575789568
InUse:                     24190229210
MaxInUse:                  24643317634
NumAllocs:                        3672
MaxAllocSize:               6799661232
Reserved:                            0
PeakReserved:                        0
LargestFreeBlock:                    0

2025-06-28 20:37:44.838097: E external/local_xla/xla/stream_executor/gpu/gpu_cudamallocasync_allocator.cc:63] Histogram of current allocation: (allocation_size_in_bytes, nb_allocation_of_that_sizes), ...;
2025-06-28 20:37:44.838548: E external/local_xla/xla/stream_executor/gpu/gpu_cudamallocasync_allocator.cc:66] 1, 18
2025-06-28 20:37:44.839015: E external/local_xla/xla/stream_executor/gpu/gpu_cudamallocasync_allocator.cc:66] 4, 113
2025-06-28 20:37:44.839450: E external/local_xla/xla/stream_executor/gpu/gpu_cudamallocasync_allocator.cc:66] 8, 11
2025-06-28 20:37:44.839873: E external/local_xla/xla/stream_executor/gpu/gpu_cudamallocasync_allocator.cc:66] 12, 3
2025-06-28 20:37:44.840398: E external/local_xla/xla/stream_executor/gpu/gpu_cudamallocasync_allocator.cc:66] 16, 7
2025-06-28 20:37:44.840860: E external/local_xla/xla/stream_executor/gpu/gpu_cudamallocasync_allocator.cc:66] 20, 1
2025-06-28 20:37:44.841291: E external/local_xla/xla/stream_executor/gpu/gpu_cudamallocasync_allocator.cc:66] 32, 7
2025-06-28 20:37:44.841739: E external/local_xla/xla/stream_executor/gpu/gpu_cudamallocasync_allocator.cc:66] 64, 17
2025-06-28 20:37:44.842308: E external/local_xla/xla/stream_executor/gpu/gpu_cudamallocasync_allocator.cc:66] 96, 3
2025-06-28 20:37:44.842755: E external/local_xla/xla/stream_executor/gpu/gpu_cudamallocasync_allocator.cc:66] 128, 103
2025-06-28 20:37:44.843219: E external/local_xla/xla/stream_executor/gpu/gpu_cudamallocasync_allocator.cc:66] 192, 1
2025-06-28 20:37:44.843669: E external/local_xla/xla/stream_executor/gpu/gpu_cudamallocasync_allocator.cc:66] 256, 108
2025-06-28 20:37:44.844145: E external/local_xla/xla/stream_executor/gpu/gpu_cudamallocasync_allocator.cc:66] 512, 102
2025-06-28 20:37:44.844686: E external/local_xla/xla/stream_executor/gpu/gpu_cudamallocasync_allocator.cc:66] 1024, 107
2025-06-28 20:37:44.845136: E external/local_xla/xla/stream_executor/gpu/gpu_cudamallocasync_allocator.cc:66] 1028, 1
2025-06-28 20:37:44.845551: E external/local_xla/xla/stream_executor/gpu/gpu_cudamallocasync_allocator.cc:66] 1536, 44
2025-06-28 20:37:44.846003: E external/local_xla/xla/stream_executor/gpu/gpu_cudamallocasync_allocator.cc:66] 2048, 10
2025-06-28 20:37:44.846556: E external/local_xla/xla/stream_executor/gpu/gpu_cudamallocasync_allocator.cc:66] 3072, 2
2025-06-28 20:37:44.846991: E external/local_xla/xla/stream_executor/gpu/gpu_cudamallocasync_allocator.cc:66] 3456, 3
2025-06-28 20:37:44.847433: E external/local_xla/xla/stream_executor/gpu/gpu_cudamallocasync_allocator.cc:66] 4096, 12
2025-06-28 20:37:44.847884: E external/local_xla/xla/stream_executor/gpu/gpu_cudamallocasync_allocator.cc:66] 8192, 14
2025-06-28 20:37:44.848428: E external/local_xla/xla/stream_executor/gpu/gpu_cudamallocasync_allocator.cc:66] 16384, 12
2025-06-28 20:37:44.848895: E external/local_xla/xla/stream_executor/gpu/gpu_cudamallocasync_allocator.cc:66] 32768, 14
2025-06-28 20:37:44.849348: E external/local_xla/xla/stream_executor/gpu/gpu_cudamallocasync_allocator.cc:66] 36864, 6
2025-06-28 20:37:44.849791: E external/local_xla/xla/stream_executor/gpu/gpu_cudamallocasync_allocator.cc:66] 59136, 1
2025-06-28 20:37:44.850324: E external/local_xla/xla/stream_executor/gpu/gpu_cudamallocasync_allocator.cc:66] 65536, 3
2025-06-28 20:37:44.850783: E external/local_xla/xla/stream_executor/gpu/gpu_cudamallocasync_allocator.cc:66] 110592, 6
2025-06-28 20:37:44.851252: E external/local_xla/xla/stream_executor/gpu/gpu_cudamallocasync_allocator.cc:66] 118272, 1
2025-06-28 20:37:44.851711: E external/local_xla/xla/stream_executor/gpu/gpu_cudamallocasync_allocator.cc:66] 131072, 14
2025-06-28 20:37:44.852152: E external/local_xla/xla/stream_executor/gpu/gpu_cudamallocasync_allocator.cc:66] 221184, 6
2025-06-28 20:37:44.852667: E external/local_xla/xla/stream_executor/gpu/gpu_cudamallocasync_allocator.cc:66] 262144, 3
2025-06-28 20:37:44.853099: E external/local_xla/xla/stream_executor/gpu/gpu_cudamallocasync_allocator.cc:66] 393216, 4
2025-06-28 20:37:44.853561: E external/local_xla/xla/stream_executor/gpu/gpu_cudamallocasync_allocator.cc:66] 442368, 6
2025-06-28 20:37:44.854015: E external/local_xla/xla/stream_executor/gpu/gpu_cudamallocasync_allocator.cc:66] 473088, 1
2025-06-28 20:37:44.854553: E external/local_xla/xla/stream_executor/gpu/gpu_cudamallocasync_allocator.cc:66] 524288, 4
2025-06-28 20:37:44.855001: E external/local_xla/xla/stream_executor/gpu/gpu_cudamallocasync_allocator.cc:66] 884736, 7
2025-06-28 20:37:44.855449: E external/local_xla/xla/stream_executor/gpu/gpu_cudamallocasync_allocator.cc:66] 946176, 1
2025-06-28 20:37:44.855907: E external/local_xla/xla/stream_executor/gpu/gpu_cudamallocasync_allocator.cc:66] 1048576, 3
2025-06-28 20:37:44.856434: E external/local_xla/xla/stream_executor/gpu/gpu_cudamallocasync_allocator.cc:66] 1769472, 6
2025-06-28 20:37:44.856873: E external/local_xla/xla/stream_executor/gpu/gpu_cudamallocasync_allocator.cc:66] 3145728, 3
2025-06-28 20:37:44.857305: E external/local_xla/xla/stream_executor/gpu/gpu_cudamallocasync_allocator.cc:66] 3538944, 6
2025-06-28 20:37:44.857734: E external/local_xla/xla/stream_executor/gpu/gpu_cudamallocasync_allocator.cc:66] 3784704, 4
2025-06-28 20:37:44.858190: E external/local_xla/xla/stream_executor/gpu/gpu_cudamallocasync_allocator.cc:66] 5677056, 6
2025-06-28 20:37:44.858721: E external/local_xla/xla/stream_executor/gpu/gpu_cudamallocasync_allocator.cc:66] 7077888, 6
2025-06-28 20:37:44.859188: E external/local_xla/xla/stream_executor/gpu/gpu_cudamallocasync_allocator.cc:66] 7569408, 1
2025-06-28 20:37:44.859624: E external/local_xla/xla/stream_executor/gpu/gpu_cudamallocasync_allocator.cc:66] 10616832, 3
2025-06-28 20:37:44.860088: E external/local_xla/xla/stream_executor/gpu/gpu_cudamallocasync_allocator.cc:66] 14155776, 3
2025-06-28 20:37:44.860617: E external/local_xla/xla/stream_executor/gpu/gpu_cudamallocasync_allocator.cc:66] 15138816, 5
2025-06-28 20:37:44.861053: E external/local_xla/xla/stream_executor/gpu/gpu_cudamallocasync_allocator.cc:66] 15925248, 3
2025-06-28 20:37:44.861484: E external/local_xla/xla/stream_executor/gpu/gpu_cudamallocasync_allocator.cc:66] 30277632, 17
2025-06-28 20:37:44.861959: E external/local_xla/xla/stream_executor/gpu/gpu_cudamallocasync_allocator.cc:66] 60555264, 9
2025-06-28 20:37:44.862498: E external/local_xla/xla/stream_executor/gpu/gpu_cudamallocasync_allocator.cc:66] 121110528, 14
2025-06-28 20:37:44.862967: E external/local_xla/xla/stream_executor/gpu/gpu_cudamallocasync_allocator.cc:66] 242221056, 5
2025-06-28 20:37:44.863401: E external/local_xla/xla/stream_executor/gpu/gpu_cudamallocasync_allocator.cc:66] 484442112, 9
2025-06-28 20:37:44.863828: E external/local_xla/xla/stream_executor/gpu/gpu_cudamallocasync_allocator.cc:66] 968884224, 2
2025-06-28 20:37:44.864390: E external/local_xla/xla/stream_executor/gpu/gpu_cudamallocasync_allocator.cc:66] 1937768448, 7
2025-06-28 20:37:44.864832: E external/local_xla/xla/stream_executor/gpu/gpu_cudamallocasync_allocator.cc:97] CU_MEMPOOL_ATTR_RESERVED_MEM_CURRENT: 24763170816
2025-06-28 20:37:44.865207: E external/local_xla/xla/stream_executor/gpu/gpu_cudamallocasync_allocator.cc:99] CU_MEMPOOL_ATTR_USED_MEM_CURRENT: 24190229210
2025-06-28 20:37:44.865601: E external/local_xla/xla/stream_executor/gpu/gpu_cudamallocasync_allocator.cc:100] CU_MEMPOOL_ATTR_RESERVED_MEM_HIGH: 25132269568
2025-06-28 20:37:44.866044: E external/local_xla/xla/stream_executor/gpu/gpu_cudamallocasync_allocator.cc:101] CU_MEMPOOL_ATTR_USED_MEM_HIGH: 24643317634
2025-06-28 20:37:44.866882: E external/local_xla/xla/stream_executor/gpu/gpu_cudamallocasync_allocator.cc:306] gpu_async_0 cuMemAllocAsync failed to allocate 986546192 bytes: CUDA error: out of memory (CUDA_ERROR_OUT_OF_MEMORY)
 Reported by CUDA: Free memory/Total memory: 398065664/25393496064
2025-06-28 20:37:44.867408: E external/local_xla/xla/stream_executor/gpu/gpu_cudamallocasync_allocator.cc:311] Stats: Limit:                     23575789568
InUse:                     24190229210
MaxInUse:                  24643317634
NumAllocs:                        3672
MaxAllocSize:               6799661232
Reserved:                            0
PeakReserved:                        0
LargestFreeBlock:                    0

2025-06-28 20:37:44.867910: E external/local_xla/xla/stream_executor/gpu/gpu_cudamallocasync_allocator.cc:63] Histogram of current allocation: (allocation_size_in_bytes, nb_allocation_of_that_sizes), ...;
2025-06-28 20:37:44.868375: E external/local_xla/xla/stream_executor/gpu/gpu_cudamallocasync_allocator.cc:66] 1, 18
2025-06-28 20:37:44.868802: E external/local_xla/xla/stream_executor/gpu/gpu_cudamallocasync_allocator.cc:66] 4, 113
2025-06-28 20:37:44.869278: E external/local_xla/xla/stream_executor/gpu/gpu_cudamallocasync_allocator.cc:66] 8, 11
2025-06-28 20:37:44.869781: E external/local_xla/xla/stream_executor/gpu/gpu_cudamallocasync_allocator.cc:66] 12, 3
2025-06-28 20:37:44.870201: E external/local_xla/xla/stream_executor/gpu/gpu_cudamallocasync_allocator.cc:66] 16, 7
2025-06-28 20:37:44.870617: E external/local_xla/xla/stream_executor/gpu/gpu_cudamallocasync_allocator.cc:66] 20, 1
2025-06-28 20:37:44.871078: E external/local_xla/xla/stream_executor/gpu/gpu_cudamallocasync_allocator.cc:66] 32, 7
2025-06-28 20:37:44.871517: E external/local_xla/xla/stream_executor/gpu/gpu_cudamallocasync_allocator.cc:66] 64, 17
2025-06-28 20:37:44.872026: E external/local_xla/xla/stream_executor/gpu/gpu_cudamallocasync_allocator.cc:66] 96, 3
2025-06-28 20:37:44.872488: E external/local_xla/xla/stream_executor/gpu/gpu_cudamallocasync_allocator.cc:66] 128, 103
2025-06-28 20:37:44.872933: E external/local_xla/xla/stream_executor/gpu/gpu_cudamallocasync_allocator.cc:66] 192, 1
2025-06-28 20:37:44.873385: E external/local_xla/xla/stream_executor/gpu/gpu_cudamallocasync_allocator.cc:66] 256, 108
2025-06-28 20:37:44.873857: E external/local_xla/xla/stream_executor/gpu/gpu_cudamallocasync_allocator.cc:66] 512, 102
2025-06-28 20:37:44.874315: E external/local_xla/xla/stream_executor/gpu/gpu_cudamallocasync_allocator.cc:66] 1024, 107
2025-06-28 20:37:44.874746: E external/local_xla/xla/stream_executor/gpu/gpu_cudamallocasync_allocator.cc:66] 1028, 1
2025-06-28 20:37:44.875193: E external/local_xla/xla/stream_executor/gpu/gpu_cudamallocasync_allocator.cc:66] 1536, 44
2025-06-28 20:37:44.875683: E external/local_xla/xla/stream_executor/gpu/gpu_cudamallocasync_allocator.cc:66] 2048, 10
2025-06-28 20:37:44.876129: E external/local_xla/xla/stream_executor/gpu/gpu_cudamallocasync_allocator.cc:66] 3072, 2
2025-06-28 20:37:44.876565: E external/local_xla/xla/stream_executor/gpu/gpu_cudamallocasync_allocator.cc:66] 3456, 3
2025-06-28 20:37:44.876989: E external/local_xla/xla/stream_executor/gpu/gpu_cudamallocasync_allocator.cc:66] 4096, 12
2025-06-28 20:37:44.877458: E external/local_xla/xla/stream_executor/gpu/gpu_cudamallocasync_allocator.cc:66] 8192, 14
2025-06-28 20:37:44.877987: E external/local_xla/xla/stream_executor/gpu/gpu_cudamallocasync_allocator.cc:66] 16384, 12
2025-06-28 20:37:44.878444: E external/local_xla/xla/stream_executor/gpu/gpu_cudamallocasync_allocator.cc:66] 32768, 14
2025-06-28 20:37:44.878921: E external/local_xla/xla/stream_executor/gpu/gpu_cudamallocasync_allocator.cc:66] 36864, 6
2025-06-28 20:37:44.879376: E external/local_xla/xla/stream_executor/gpu/gpu_cudamallocasync_allocator.cc:66] 59136, 1
2025-06-28 20:37:44.879937: E external/local_xla/xla/stream_executor/gpu/gpu_cudamallocasync_allocator.cc:66] 65536, 3
2025-06-28 20:37:44.880381: E external/local_xla/xla/stream_executor/gpu/gpu_cudamallocasync_allocator.cc:66] 110592, 6
2025-06-28 20:37:44.880835: E external/local_xla/xla/stream_executor/gpu/gpu_cudamallocasync_allocator.cc:66] 118272, 1
2025-06-28 20:37:44.881294: E external/local_xla/xla/stream_executor/gpu/gpu_cudamallocasync_allocator.cc:66] 131072, 14
2025-06-28 20:37:44.881844: E external/local_xla/xla/stream_executor/gpu/gpu_cudamallocasync_allocator.cc:66] 221184, 6
2025-06-28 20:37:44.882297: E external/local_xla/xla/stream_executor/gpu/gpu_cudamallocasync_allocator.cc:66] 262144, 3
2025-06-28 20:37:44.882727: E external/local_xla/xla/stream_executor/gpu/gpu_cudamallocasync_allocator.cc:66] 393216, 4
2025-06-28 20:37:44.883157: E external/local_xla/xla/stream_executor/gpu/gpu_cudamallocasync_allocator.cc:66] 442368, 6
2025-06-28 20:37:44.883656: E external/local_xla/xla/stream_executor/gpu/gpu_cudamallocasync_allocator.cc:66] 473088, 1
2025-06-28 20:37:44.884100: E external/local_xla/xla/stream_executor/gpu/gpu_cudamallocasync_allocator.cc:66] 524288, 4
2025-06-28 20:37:44.884585: E external/local_xla/xla/stream_executor/gpu/gpu_cudamallocasync_allocator.cc:66] 884736, 7
2025-06-28 20:37:44.885033: E external/local_xla/xla/stream_executor/gpu/gpu_cudamallocasync_allocator.cc:66] 946176, 1
2025-06-28 20:37:44.885458: E external/local_xla/xla/stream_executor/gpu/gpu_cudamallocasync_allocator.cc:66] 1048576, 3
2025-06-28 20:37:44.886015: E external/local_xla/xla/stream_executor/gpu/gpu_cudamallocasync_allocator.cc:66] 1769472, 6
2025-06-28 20:37:44.886446: E external/local_xla/xla/stream_executor/gpu/gpu_cudamallocasync_allocator.cc:66] 3145728, 3
2025-06-28 20:37:44.886884: E external/local_xla/xla/stream_executor/gpu/gpu_cudamallocasync_allocator.cc:66] 3538944, 6
2025-06-28 20:37:44.887308: E external/local_xla/xla/stream_executor/gpu/gpu_cudamallocasync_allocator.cc:66] 3784704, 4
2025-06-28 20:37:44.887783: E external/local_xla/xla/stream_executor/gpu/gpu_cudamallocasync_allocator.cc:66] 5677056, 6
2025-06-28 20:37:44.888234: E external/local_xla/xla/stream_executor/gpu/gpu_cudamallocasync_allocator.cc:66] 7077888, 6
2025-06-28 20:37:44.888684: E external/local_xla/xla/stream_executor/gpu/gpu_cudamallocasync_allocator.cc:66] 7569408, 1
2025-06-28 20:37:44.889136: E external/local_xla/xla/stream_executor/gpu/gpu_cudamallocasync_allocator.cc:66] 10616832, 3
2025-06-28 20:37:44.889657: E external/local_xla/xla/stream_executor/gpu/gpu_cudamallocasync_allocator.cc:66] 14155776, 3
2025-06-28 20:37:44.890113: E external/local_xla/xla/stream_executor/gpu/gpu_cudamallocasync_allocator.cc:66] 15138816, 5
2025-06-28 20:37:44.890546: E external/local_xla/xla/stream_executor/gpu/gpu_cudamallocasync_allocator.cc:66] 15925248, 3
2025-06-28 20:37:44.890972: E external/local_xla/xla/stream_executor/gpu/gpu_cudamallocasync_allocator.cc:66] 30277632, 17
2025-06-28 20:37:44.891512: E external/local_xla/xla/stream_executor/gpu/gpu_cudamallocasync_allocator.cc:66] 60555264, 9
2025-06-28 20:37:44.891998: E external/local_xla/xla/stream_executor/gpu/gpu_cudamallocasync_allocator.cc:66] 121110528, 14
2025-06-28 20:37:44.892451: E external/local_xla/xla/stream_executor/gpu/gpu_cudamallocasync_allocator.cc:66] 242221056, 5
2025-06-28 20:37:44.892918: E external/local_xla/xla/stream_executor/gpu/gpu_cudamallocasync_allocator.cc:66] 484442112, 9
2025-06-28 20:37:44.893454: E external/local_xla/xla/stream_executor/gpu/gpu_cudamallocasync_allocator.cc:66] 968884224, 2
2025-06-28 20:37:44.893879: E external/local_xla/xla/stream_executor/gpu/gpu_cudamallocasync_allocator.cc:66] 1937768448, 7
2025-06-28 20:37:44.894325: E external/local_xla/xla/stream_executor/gpu/gpu_cudamallocasync_allocator.cc:97] CU_MEMPOOL_ATTR_RESERVED_MEM_CURRENT: 24763170816
2025-06-28 20:37:44.894665: E external/local_xla/xla/stream_executor/gpu/gpu_cudamallocasync_allocator.cc:99] CU_MEMPOOL_ATTR_USED_MEM_CURRENT: 24190229210
2025-06-28 20:37:44.895135: E external/local_xla/xla/stream_executor/gpu/gpu_cudamallocasync_allocator.cc:100] CU_MEMPOOL_ATTR_RESERVED_MEM_HIGH: 25132269568
2025-06-28 20:37:44.895494: E external/local_xla/xla/stream_executor/gpu/gpu_cudamallocasync_allocator.cc:101] CU_MEMPOOL_ATTR_USED_MEM_HIGH: 24643317634
2025-06-28 20:37:44.896338: E external/local_xla/xla/stream_executor/gpu/gpu_cudamallocasync_allocator.cc:306] gpu_async_0 cuMemAllocAsync failed to allocate 986546192 bytes: CUDA error: out of memory (CUDA_ERROR_OUT_OF_MEMORY)
 Reported by CUDA: Free memory/Total memory: 398065664/25393496064
2025-06-28 20:37:44.896822: E external/local_xla/xla/stream_executor/gpu/gpu_cudamallocasync_allocator.cc:311] Stats: Limit:                     23575789568
InUse:                     24190229210
MaxInUse:                  24643317634
NumAllocs:                        3672
MaxAllocSize:               6799661232
Reserved:                            0
PeakReserved:                        0
LargestFreeBlock:                    0

2025-06-28 20:37:44.897240: E external/local_xla/xla/stream_executor/gpu/gpu_cudamallocasync_allocator.cc:63] Histogram of current allocation: (allocation_size_in_bytes, nb_allocation_of_that_sizes), ...;
2025-06-28 20:37:44.897637: E external/local_xla/xla/stream_executor/gpu/gpu_cudamallocasync_allocator.cc:66] 1, 18
2025-06-28 20:37:44.898089: E external/local_xla/xla/stream_executor/gpu/gpu_cudamallocasync_allocator.cc:66] 4, 113
2025-06-28 20:37:44.898517: E external/local_xla/xla/stream_executor/gpu/gpu_cudamallocasync_allocator.cc:66] 8, 11
2025-06-28 20:37:44.899048: E external/local_xla/xla/stream_executor/gpu/gpu_cudamallocasync_allocator.cc:66] 12, 3
2025-06-28 20:37:44.899474: E external/local_xla/xla/stream_executor/gpu/gpu_cudamallocasync_allocator.cc:66] 16, 7
2025-06-28 20:37:44.899899: E external/local_xla/xla/stream_executor/gpu/gpu_cudamallocasync_allocator.cc:66] 20, 1
2025-06-28 20:37:44.900323: E external/local_xla/xla/stream_executor/gpu/gpu_cudamallocasync_allocator.cc:66] 32, 7
2025-06-28 20:37:44.900899: E external/local_xla/xla/stream_executor/gpu/gpu_cudamallocasync_allocator.cc:66] 64, 17
2025-06-28 20:37:44.901334: E external/local_xla/xla/stream_executor/gpu/gpu_cudamallocasync_allocator.cc:66] 96, 3
2025-06-28 20:37:44.901785: E external/local_xla/xla/stream_executor/gpu/gpu_cudamallocasync_allocator.cc:66] 128, 103
2025-06-28 20:37:44.902280: E external/local_xla/xla/stream_executor/gpu/gpu_cudamallocasync_allocator.cc:66] 192, 1
2025-06-28 20:37:44.902883: E external/local_xla/xla/stream_executor/gpu/gpu_cudamallocasync_allocator.cc:66] 256, 108
2025-06-28 20:37:44.903377: E external/local_xla/xla/stream_executor/gpu/gpu_cudamallocasync_allocator.cc:66] 512, 102
2025-06-28 20:37:44.903834: E external/local_xla/xla/stream_executor/gpu/gpu_cudamallocasync_allocator.cc:66] 1024, 107
2025-06-28 20:37:44.904297: E external/local_xla/xla/stream_executor/gpu/gpu_cudamallocasync_allocator.cc:66] 1028, 1
2025-06-28 20:37:44.904739: E external/local_xla/xla/stream_executor/gpu/gpu_cudamallocasync_allocator.cc:66] 1536, 44
2025-06-28 20:37:44.905255: E external/local_xla/xla/stream_executor/gpu/gpu_cudamallocasync_allocator.cc:66] 2048, 10
2025-06-28 20:37:44.905682: E external/local_xla/xla/stream_executor/gpu/gpu_cudamallocasync_allocator.cc:66] 3072, 2
2025-06-28 20:37:44.906143: E external/local_xla/xla/stream_executor/gpu/gpu_cudamallocasync_allocator.cc:66] 3456, 3
2025-06-28 20:37:44.906593: E external/local_xla/xla/stream_executor/gpu/gpu_cudamallocasync_allocator.cc:66] 4096, 12
2025-06-28 20:37:44.907140: E external/local_xla/xla/stream_executor/gpu/gpu_cudamallocasync_allocator.cc:66] 8192, 14
2025-06-28 20:37:44.907600: E external/local_xla/xla/stream_executor/gpu/gpu_cudamallocasync_allocator.cc:66] 16384, 12
2025-06-28 20:37:44.908048: E external/local_xla/xla/stream_executor/gpu/gpu_cudamallocasync_allocator.cc:66] 32768, 14
2025-06-28 20:37:44.908481: E external/local_xla/xla/stream_executor/gpu/gpu_cudamallocasync_allocator.cc:66] 36864, 6
2025-06-28 20:37:44.909019: E external/local_xla/xla/stream_executor/gpu/gpu_cudamallocasync_allocator.cc:66] 59136, 1
2025-06-28 20:37:44.909467: E external/local_xla/xla/stream_executor/gpu/gpu_cudamallocasync_allocator.cc:66] 65536, 3
2025-06-28 20:37:44.909934: E external/local_xla/xla/stream_executor/gpu/gpu_cudamallocasync_allocator.cc:66] 110592, 6
2025-06-28 20:37:44.910367: E external/local_xla/xla/stream_executor/gpu/gpu_cudamallocasync_allocator.cc:66] 118272, 1
2025-06-28 20:37:44.910821: E external/local_xla/xla/stream_executor/gpu/gpu_cudamallocasync_allocator.cc:66] 131072, 14
2025-06-28 20:37:44.911358: E external/local_xla/xla/stream_executor/gpu/gpu_cudamallocasync_allocator.cc:66] 221184, 6
2025-06-28 20:37:44.911821: E external/local_xla/xla/stream_executor/gpu/gpu_cudamallocasync_allocator.cc:66] 262144, 3
2025-06-28 20:37:44.912255: E external/local_xla/xla/stream_executor/gpu/gpu_cudamallocasync_allocator.cc:66] 393216, 4
2025-06-28 20:37:44.912701: E external/local_xla/xla/stream_executor/gpu/gpu_cudamallocasync_allocator.cc:66] 442368, 6
2025-06-28 20:37:44.913249: E external/local_xla/xla/stream_executor/gpu/gpu_cudamallocasync_allocator.cc:66] 473088, 1
2025-06-28 20:37:44.913711: E external/local_xla/xla/stream_executor/gpu/gpu_cudamallocasync_allocator.cc:66] 524288, 4
2025-06-28 20:37:44.914165: E external/local_xla/xla/stream_executor/gpu/gpu_cudamallocasync_allocator.cc:66] 884736, 7
2025-06-28 20:37:44.914621: E external/local_xla/xla/stream_executor/gpu/gpu_cudamallocasync_allocator.cc:66] 946176, 1
2025-06-28 20:37:44.915198: E external/local_xla/xla/stream_executor/gpu/gpu_cudamallocasync_allocator.cc:66] 1048576, 3
2025-06-28 20:37:44.915650: E external/local_xla/xla/stream_executor/gpu/gpu_cudamallocasync_allocator.cc:66] 1769472, 6
2025-06-28 20:37:44.916091: E external/local_xla/xla/stream_executor/gpu/gpu_cudamallocasync_allocator.cc:66] 3145728, 3
2025-06-28 20:37:44.916543: E external/local_xla/xla/stream_executor/gpu/gpu_cudamallocasync_allocator.cc:66] 3538944, 6
2025-06-28 20:37:44.917093: E external/local_xla/xla/stream_executor/gpu/gpu_cudamallocasync_allocator.cc:66] 3784704, 4
2025-06-28 20:37:44.917525: E external/local_xla/xla/stream_executor/gpu/gpu_cudamallocasync_allocator.cc:66] 5677056, 6
2025-06-28 20:37:44.917948: E external/local_xla/xla/stream_executor/gpu/gpu_cudamallocasync_allocator.cc:66] 7077888, 6
2025-06-28 20:37:44.918429: E external/local_xla/xla/stream_executor/gpu/gpu_cudamallocasync_allocator.cc:66] 7569408, 1
2025-06-28 20:37:44.918891: E external/local_xla/xla/stream_executor/gpu/gpu_cudamallocasync_allocator.cc:66] 10616832, 3
2025-06-28 20:37:44.919491: E external/local_xla/xla/stream_executor/gpu/gpu_cudamallocasync_allocator.cc:66] 14155776, 3
2025-06-28 20:37:44.919925: E external/local_xla/xla/stream_executor/gpu/gpu_cudamallocasync_allocator.cc:66] 15138816, 5
2025-06-28 20:37:44.920359: E external/local_xla/xla/stream_executor/gpu/gpu_cudamallocasync_allocator.cc:66] 15925248, 3
2025-06-28 20:37:44.920783: E external/local_xla/xla/stream_executor/gpu/gpu_cudamallocasync_allocator.cc:66] 30277632, 17
2025-06-28 20:37:44.921316: E external/local_xla/xla/stream_executor/gpu/gpu_cudamallocasync_allocator.cc:66] 60555264, 9
2025-06-28 20:37:44.921750: E external/local_xla/xla/stream_executor/gpu/gpu_cudamallocasync_allocator.cc:66] 121110528, 14
2025-06-28 20:37:44.922236: E external/local_xla/xla/stream_executor/gpu/gpu_cudamallocasync_allocator.cc:66] 242221056, 5
2025-06-28 20:37:44.922683: E external/local_xla/xla/stream_executor/gpu/gpu_cudamallocasync_allocator.cc:66] 484442112, 9
2025-06-28 20:37:44.923251: E external/local_xla/xla/stream_executor/gpu/gpu_cudamallocasync_allocator.cc:66] 968884224, 2
2025-06-28 20:37:44.923675: E external/local_xla/xla/stream_executor/gpu/gpu_cudamallocasync_allocator.cc:66] 1937768448, 7
2025-06-28 20:37:44.924110: E external/local_xla/xla/stream_executor/gpu/gpu_cudamallocasync_allocator.cc:97] CU_MEMPOOL_ATTR_RESERVED_MEM_CURRENT: 24763170816
2025-06-28 20:37:44.924464: E external/local_xla/xla/stream_executor/gpu/gpu_cudamallocasync_allocator.cc:99] CU_MEMPOOL_ATTR_USED_MEM_CURRENT: 24190229210
2025-06-28 20:37:44.924887: E external/local_xla/xla/stream_executor/gpu/gpu_cudamallocasync_allocator.cc:100] CU_MEMPOOL_ATTR_RESERVED_MEM_HIGH: 25132269568
2025-06-28 20:37:44.925246: E external/local_xla/xla/stream_executor/gpu/gpu_cudamallocasync_allocator.cc:101] CU_MEMPOOL_ATTR_USED_MEM_HIGH: 24643317634
2025-06-28 20:37:44.926088: E external/local_xla/xla/stream_executor/gpu/gpu_cudamallocasync_allocator.cc:306] gpu_async_0 cuMemAllocAsync failed to allocate 1470988304 bytes: CUDA error: out of memory (CUDA_ERROR_OUT_OF_MEMORY)
 Reported by CUDA: Free memory/Total memory: 398065664/25393496064
2025-06-28 20:37:44.926562: E external/local_xla/xla/stream_executor/gpu/gpu_cudamallocasync_allocator.cc:311] Stats: Limit:                     23575789568
InUse:                     24190229210
MaxInUse:                  24643317634
NumAllocs:                        3672
MaxAllocSize:               6799661232
Reserved:                            0
PeakReserved:                        0
LargestFreeBlock:                    0

2025-06-28 20:37:44.927063: E external/local_xla/xla/stream_executor/gpu/gpu_cudamallocasync_allocator.cc:63] Histogram of current allocation: (allocation_size_in_bytes, nb_allocation_of_that_sizes), ...;
2025-06-28 20:37:44.927419: E external/local_xla/xla/stream_executor/gpu/gpu_cudamallocasync_allocator.cc:66] 1, 18
2025-06-28 20:37:44.927887: E external/local_xla/xla/stream_executor/gpu/gpu_cudamallocasync_allocator.cc:66] 4, 113
2025-06-28 20:37:44.928444: E external/local_xla/xla/stream_executor/gpu/gpu_cudamallocasync_allocator.cc:66] 8, 11
2025-06-28 20:37:44.928876: E external/local_xla/xla/stream_executor/gpu/gpu_cudamallocasync_allocator.cc:66] 12, 3
2025-06-28 20:37:44.929300: E external/local_xla/xla/stream_executor/gpu/gpu_cudamallocasync_allocator.cc:66] 16, 7
2025-06-28 20:37:44.929724: E external/local_xla/xla/stream_executor/gpu/gpu_cudamallocasync_allocator.cc:66] 20, 1
2025-06-28 20:37:44.930271: E external/local_xla/xla/stream_executor/gpu/gpu_cudamallocasync_allocator.cc:66] 32, 7
2025-06-28 20:37:44.930714: E external/local_xla/xla/stream_executor/gpu/gpu_cudamallocasync_allocator.cc:66] 64, 17
2025-06-28 20:37:44.931151: E external/local_xla/xla/stream_executor/gpu/gpu_cudamallocasync_allocator.cc:66] 96, 3
2025-06-28 20:37:44.931593: E external/local_xla/xla/stream_executor/gpu/gpu_cudamallocasync_allocator.cc:66] 128, 103
2025-06-28 20:37:44.932075: E external/local_xla/xla/stream_executor/gpu/gpu_cudamallocasync_allocator.cc:66] 192, 1
2025-06-28 20:37:44.932622: E external/local_xla/xla/stream_executor/gpu/gpu_cudamallocasync_allocator.cc:66] 256, 108
2025-06-28 20:37:44.933052: E external/local_xla/xla/stream_executor/gpu/gpu_cudamallocasync_allocator.cc:66] 512, 102
2025-06-28 20:37:44.933529: E external/local_xla/xla/stream_executor/gpu/gpu_cudamallocasync_allocator.cc:66] 1024, 107
2025-06-28 20:37:44.933982: E external/local_xla/xla/stream_executor/gpu/gpu_cudamallocasync_allocator.cc:66] 1028, 1
2025-06-28 20:37:44.934533: E external/local_xla/xla/stream_executor/gpu/gpu_cudamallocasync_allocator.cc:66] 1536, 44
2025-06-28 20:37:44.934978: E external/local_xla/xla/stream_executor/gpu/gpu_cudamallocasync_allocator.cc:66] 2048, 10
2025-06-28 20:37:44.935408: E external/local_xla/xla/stream_executor/gpu/gpu_cudamallocasync_allocator.cc:66] 3072, 2
2025-06-28 20:37:44.935837: E external/local_xla/xla/stream_executor/gpu/gpu_cudamallocasync_allocator.cc:66] 3456, 3
2025-06-28 20:37:44.936407: E external/local_xla/xla/stream_executor/gpu/gpu_cudamallocasync_allocator.cc:66] 4096, 12
2025-06-28 20:37:44.936859: E external/local_xla/xla/stream_executor/gpu/gpu_cudamallocasync_allocator.cc:66] 8192, 14
2025-06-28 20:37:44.937271: E external/local_xla/xla/stream_executor/gpu/gpu_cudamallocasync_allocator.cc:66] 16384, 12
2025-06-28 20:37:44.937741: E external/local_xla/xla/stream_executor/gpu/gpu_cudamallocasync_allocator.cc:66] 32768, 14
2025-06-28 20:37:44.938187: E external/local_xla/xla/stream_executor/gpu/gpu_cudamallocasync_allocator.cc:66] 36864, 6
2025-06-28 20:37:44.938700: E external/local_xla/xla/stream_executor/gpu/gpu_cudamallocasync_allocator.cc:66] 59136, 1
2025-06-28 20:37:44.939177: E external/local_xla/xla/stream_executor/gpu/gpu_cudamallocasync_allocator.cc:66] 65536, 3
2025-06-28 20:37:44.939620: E external/local_xla/xla/stream_executor/gpu/gpu_cudamallocasync_allocator.cc:66] 110592, 6
2025-06-28 20:37:44.940076: E external/local_xla/xla/stream_executor/gpu/gpu_cudamallocasync_allocator.cc:66] 118272, 1
2025-06-28 20:37:44.940586: E external/local_xla/xla/stream_executor/gpu/gpu_cudamallocasync_allocator.cc:66] 131072, 14
2025-06-28 20:37:44.941037: E external/local_xla/xla/stream_executor/gpu/gpu_cudamallocasync_allocator.cc:66] 221184, 6
2025-06-28 20:37:44.941468: E external/local_xla/xla/stream_executor/gpu/gpu_cudamallocasync_allocator.cc:66] 262144, 3
2025-06-28 20:37:44.941933: E external/local_xla/xla/stream_executor/gpu/gpu_cudamallocasync_allocator.cc:66] 393216, 4
2025-06-28 20:37:44.942483: E external/local_xla/xla/stream_executor/gpu/gpu_cudamallocasync_allocator.cc:66] 442368, 6
2025-06-28 20:37:44.942926: E external/local_xla/xla/stream_executor/gpu/gpu_cudamallocasync_allocator.cc:66] 473088, 1
2025-06-28 20:37:44.943380: E external/local_xla/xla/stream_executor/gpu/gpu_cudamallocasync_allocator.cc:66] 524288, 4
2025-06-28 20:37:44.943851: E external/local_xla/xla/stream_executor/gpu/gpu_cudamallocasync_allocator.cc:66] 884736, 7
2025-06-28 20:37:44.944389: E external/local_xla/xla/stream_executor/gpu/gpu_cudamallocasync_allocator.cc:66] 946176, 1
2025-06-28 20:37:44.944833: E external/local_xla/xla/stream_executor/gpu/gpu_cudamallocasync_allocator.cc:66] 1048576, 3
2025-06-28 20:37:44.945278: E external/local_xla/xla/stream_executor/gpu/gpu_cudamallocasync_allocator.cc:66] 1769472, 6
2025-06-28 20:37:44.945722: E external/local_xla/xla/stream_executor/gpu/gpu_cudamallocasync_allocator.cc:66] 3145728, 3
2025-06-28 20:37:44.946169: E external/local_xla/xla/stream_executor/gpu/gpu_cudamallocasync_allocator.cc:66] 3538944, 6
2025-06-28 20:37:44.946706: E external/local_xla/xla/stream_executor/gpu/gpu_cudamallocasync_allocator.cc:66] 3784704, 4
2025-06-28 20:37:44.947137: E external/local_xla/xla/stream_executor/gpu/gpu_cudamallocasync_allocator.cc:66] 5677056, 6
2025-06-28 20:37:44.947560: E external/local_xla/xla/stream_executor/gpu/gpu_cudamallocasync_allocator.cc:66] 7077888, 6
2025-06-28 20:37:44.947981: E external/local_xla/xla/stream_executor/gpu/gpu_cudamallocasync_allocator.cc:66] 7569408, 1
2025-06-28 20:37:44.948456: E external/local_xla/xla/stream_executor/gpu/gpu_cudamallocasync_allocator.cc:66] 10616832, 3
2025-06-28 20:37:44.948906: E external/local_xla/xla/stream_executor/gpu/gpu_cudamallocasync_allocator.cc:66] 14155776, 3
2025-06-28 20:37:44.949346: E external/local_xla/xla/stream_executor/gpu/gpu_cudamallocasync_allocator.cc:66] 15138816, 5
2025-06-28 20:37:44.949773: E external/local_xla/xla/stream_executor/gpu/gpu_cudamallocasync_allocator.cc:66] 15925248, 3
2025-06-28 20:37:44.950310: E external/local_xla/xla/stream_executor/gpu/gpu_cudamallocasync_allocator.cc:66] 30277632, 17
2025-06-28 20:37:44.950744: E external/local_xla/xla/stream_executor/gpu/gpu_cudamallocasync_allocator.cc:66] 60555264, 9
2025-06-28 20:37:44.951207: E external/local_xla/xla/stream_executor/gpu/gpu_cudamallocasync_allocator.cc:66] 121110528, 14
2025-06-28 20:37:44.951639: E external/local_xla/xla/stream_executor/gpu/gpu_cudamallocasync_allocator.cc:66] 242221056, 5
2025-06-28 20:37:44.952198: E external/local_xla/xla/stream_executor/gpu/gpu_cudamallocasync_allocator.cc:66] 484442112, 9
2025-06-28 20:37:44.952648: E external/local_xla/xla/stream_executor/gpu/gpu_cudamallocasync_allocator.cc:66] 968884224, 2
2025-06-28 20:37:44.953100: E external/local_xla/xla/stream_executor/gpu/gpu_cudamallocasync_allocator.cc:66] 1937768448, 7
2025-06-28 20:37:44.953556: E external/local_xla/xla/stream_executor/gpu/gpu_cudamallocasync_allocator.cc:97] CU_MEMPOOL_ATTR_RESERVED_MEM_CURRENT: 24763170816
2025-06-28 20:37:44.953959: E external/local_xla/xla/stream_executor/gpu/gpu_cudamallocasync_allocator.cc:99] CU_MEMPOOL_ATTR_USED_MEM_CURRENT: 24190229210
2025-06-28 20:37:44.954345: E external/local_xla/xla/stream_executor/gpu/gpu_cudamallocasync_allocator.cc:100] CU_MEMPOOL_ATTR_RESERVED_MEM_HIGH: 25132269568
2025-06-28 20:37:44.954727: E external/local_xla/xla/stream_executor/gpu/gpu_cudamallocasync_allocator.cc:101] CU_MEMPOOL_ATTR_USED_MEM_HIGH: 24643317634
2025-06-28 20:37:44.955650: E external/local_xla/xla/stream_executor/gpu/gpu_cudamallocasync_allocator.cc:306] gpu_async_0 cuMemAllocAsync failed to allocate 1470988304 bytes: CUDA error: out of memory (CUDA_ERROR_OUT_OF_MEMORY)
 Reported by CUDA: Free memory/Total memory: 398065664/25393496064
2025-06-28 20:37:44.956049: E external/local_xla/xla/stream_executor/gpu/gpu_cudamallocasync_allocator.cc:311] Stats: Limit:                     23575789568
InUse:                     24190229210
MaxInUse:                  24643317634
NumAllocs:                        3672
MaxAllocSize:               6799661232
Reserved:                            0
PeakReserved:                        0
LargestFreeBlock:                    0

2025-06-28 20:37:44.956453: E external/local_xla/xla/stream_executor/gpu/gpu_cudamallocasync_allocator.cc:63] Histogram of current allocation: (allocation_size_in_bytes, nb_allocation_of_that_sizes), ...;
2025-06-28 20:37:44.956822: E external/local_xla/xla/stream_executor/gpu/gpu_cudamallocasync_allocator.cc:66] 1, 18
2025-06-28 20:37:44.957370: E external/local_xla/xla/stream_executor/gpu/gpu_cudamallocasync_allocator.cc:66] 4, 113
2025-06-28 20:37:44.957839: E external/local_xla/xla/stream_executor/gpu/gpu_cudamallocasync_allocator.cc:66] 8, 11
2025-06-28 20:37:44.958288: E external/local_xla/xla/stream_executor/gpu/gpu_cudamallocasync_allocator.cc:66] 12, 3
2025-06-28 20:37:44.958723: E external/local_xla/xla/stream_executor/gpu/gpu_cudamallocasync_allocator.cc:66] 16, 7
2025-06-28 20:37:44.959159: E external/local_xla/xla/stream_executor/gpu/gpu_cudamallocasync_allocator.cc:66] 20, 1
2025-06-28 20:37:44.959674: E external/local_xla/xla/stream_executor/gpu/gpu_cudamallocasync_allocator.cc:66] 32, 7
2025-06-28 20:37:44.960103: E external/local_xla/xla/stream_executor/gpu/gpu_cudamallocasync_allocator.cc:66] 64, 17
2025-06-28 20:37:44.960537: E external/local_xla/xla/stream_executor/gpu/gpu_cudamallocasync_allocator.cc:66] 96, 3
2025-06-28 20:37:44.961000: E external/local_xla/xla/stream_executor/gpu/gpu_cudamallocasync_allocator.cc:66] 128, 103
2025-06-28 20:37:44.961527: E external/local_xla/xla/stream_executor/gpu/gpu_cudamallocasync_allocator.cc:66] 192, 1
2025-06-28 20:37:44.961983: E external/local_xla/xla/stream_executor/gpu/gpu_cudamallocasync_allocator.cc:66] 256, 108
2025-06-28 20:37:44.962461: E external/local_xla/xla/stream_executor/gpu/gpu_cudamallocasync_allocator.cc:66] 512, 102
2025-06-28 20:37:44.962893: E external/local_xla/xla/stream_executor/gpu/gpu_cudamallocasync_allocator.cc:66] 1024, 107
2025-06-28 20:37:44.963473: E external/local_xla/xla/stream_executor/gpu/gpu_cudamallocasync_allocator.cc:66] 1028, 1
2025-06-28 20:37:44.963935: E external/local_xla/xla/stream_executor/gpu/gpu_cudamallocasync_allocator.cc:66] 1536, 44
2025-06-28 20:37:44.964382: E external/local_xla/xla/stream_executor/gpu/gpu_cudamallocasync_allocator.cc:66] 2048, 10
2025-06-28 20:37:44.964817: E external/local_xla/xla/stream_executor/gpu/gpu_cudamallocasync_allocator.cc:66] 3072, 2
2025-06-28 20:37:44.965250: E external/local_xla/xla/stream_executor/gpu/gpu_cudamallocasync_allocator.cc:66] 3456, 3
2025-06-28 20:37:44.965798: E external/local_xla/xla/stream_executor/gpu/gpu_cudamallocasync_allocator.cc:66] 4096, 12
2025-06-28 20:37:44.966258: E external/local_xla/xla/stream_executor/gpu/gpu_cudamallocasync_allocator.cc:66] 8192, 14
2025-06-28 20:37:44.966690: E external/local_xla/xla/stream_executor/gpu/gpu_cudamallocasync_allocator.cc:66] 16384, 12
2025-06-28 20:37:44.967125: E external/local_xla/xla/stream_executor/gpu/gpu_cudamallocasync_allocator.cc:66] 32768, 14
2025-06-28 20:37:44.967701: E external/local_xla/xla/stream_executor/gpu/gpu_cudamallocasync_allocator.cc:66] 36864, 6
2025-06-28 20:37:44.968150: E external/local_xla/xla/stream_executor/gpu/gpu_cudamallocasync_allocator.cc:66] 59136, 1
2025-06-28 20:37:44.968587: E external/local_xla/xla/stream_executor/gpu/gpu_cudamallocasync_allocator.cc:66] 65536, 3
2025-06-28 20:37:44.969067: E external/local_xla/xla/stream_executor/gpu/gpu_cudamallocasync_allocator.cc:66] 110592, 6
2025-06-28 20:37:44.969611: E external/local_xla/xla/stream_executor/gpu/gpu_cudamallocasync_allocator.cc:66] 118272, 1
2025-06-28 20:37:44.970080: E external/local_xla/xla/stream_executor/gpu/gpu_cudamallocasync_allocator.cc:66] 131072, 14
2025-06-28 20:37:44.970512: E external/local_xla/xla/stream_executor/gpu/gpu_cudamallocasync_allocator.cc:66] 221184, 6
2025-06-28 20:37:44.970964: E external/local_xla/xla/stream_executor/gpu/gpu_cudamallocasync_allocator.cc:66] 262144, 3
2025-06-28 20:37:44.971396: E external/local_xla/xla/stream_executor/gpu/gpu_cudamallocasync_allocator.cc:66] 393216, 4
2025-06-28 20:37:44.971946: E external/local_xla/xla/stream_executor/gpu/gpu_cudamallocasync_allocator.cc:66] 442368, 6
2025-06-28 20:37:44.972384: E external/local_xla/xla/stream_executor/gpu/gpu_cudamallocasync_allocator.cc:66] 473088, 1
2025-06-28 20:37:44.972820: E external/local_xla/xla/stream_executor/gpu/gpu_cudamallocasync_allocator.cc:66] 524288, 4
2025-06-28 20:37:44.973297: E external/local_xla/xla/stream_executor/gpu/gpu_cudamallocasync_allocator.cc:66] 884736, 7
2025-06-28 20:37:44.973777: E external/local_xla/xla/stream_executor/gpu/gpu_cudamallocasync_allocator.cc:66] 946176, 1
2025-06-28 20:37:44.974208: E external/local_xla/xla/stream_executor/gpu/gpu_cudamallocasync_allocator.cc:66] 1048576, 3
2025-06-28 20:37:44.974651: E external/local_xla/xla/stream_executor/gpu/gpu_cudamallocasync_allocator.cc:66] 1769472, 6
2025-06-28 20:37:44.975098: E external/local_xla/xla/stream_executor/gpu/gpu_cudamallocasync_allocator.cc:66] 3145728, 3
2025-06-28 20:37:44.975675: E external/local_xla/xla/stream_executor/gpu/gpu_cudamallocasync_allocator.cc:66] 3538944, 6
2025-06-28 20:37:44.976111: E external/local_xla/xla/stream_executor/gpu/gpu_cudamallocasync_allocator.cc:66] 3784704, 4
2025-06-28 20:37:44.976562: E external/local_xla/xla/stream_executor/gpu/gpu_cudamallocasync_allocator.cc:66] 5677056, 6
2025-06-28 20:37:44.976999: E external/local_xla/xla/stream_executor/gpu/gpu_cudamallocasync_allocator.cc:66] 7077888, 6
2025-06-28 20:37:44.977487: E external/local_xla/xla/stream_executor/gpu/gpu_cudamallocasync_allocator.cc:66] 7569408, 1
2025-06-28 20:37:44.977909: E external/local_xla/xla/stream_executor/gpu/gpu_cudamallocasync_allocator.cc:66] 10616832, 3
2025-06-28 20:37:44.978361: E external/local_xla/xla/stream_executor/gpu/gpu_cudamallocasync_allocator.cc:66] 14155776, 3
2025-06-28 20:37:44.978793: E external/local_xla/xla/stream_executor/gpu/gpu_cudamallocasync_allocator.cc:66] 15138816, 5
2025-06-28 20:37:44.979237: E external/local_xla/xla/stream_executor/gpu/gpu_cudamallocasync_allocator.cc:66] 15925248, 3
2025-06-28 20:37:44.979782: E external/local_xla/xla/stream_executor/gpu/gpu_cudamallocasync_allocator.cc:66] 30277632, 17
2025-06-28 20:37:44.980223: E external/local_xla/xla/stream_executor/gpu/gpu_cudamallocasync_allocator.cc:66] 60555264, 9
2025-06-28 20:37:44.980660: E external/local_xla/xla/stream_executor/gpu/gpu_cudamallocasync_allocator.cc:66] 121110528, 14
2025-06-28 20:37:44.981106: E external/local_xla/xla/stream_executor/gpu/gpu_cudamallocasync_allocator.cc:66] 242221056, 5
2025-06-28 20:37:44.981541: E external/local_xla/xla/stream_executor/gpu/gpu_cudamallocasync_allocator.cc:66] 484442112, 9
2025-06-28 20:37:44.982007: E external/local_xla/xla/stream_executor/gpu/gpu_cudamallocasync_allocator.cc:66] 968884224, 2
2025-06-28 20:37:44.982457: E external/local_xla/xla/stream_executor/gpu/gpu_cudamallocasync_allocator.cc:66] 1937768448, 7
2025-06-28 20:37:44.982917: E external/local_xla/xla/stream_executor/gpu/gpu_cudamallocasync_allocator.cc:97] CU_MEMPOOL_ATTR_RESERVED_MEM_CURRENT: 24763170816
2025-06-28 20:37:44.983319: E external/local_xla/xla/stream_executor/gpu/gpu_cudamallocasync_allocator.cc:99] CU_MEMPOOL_ATTR_USED_MEM_CURRENT: 24190229210
2025-06-28 20:37:44.983664: E external/local_xla/xla/stream_executor/gpu/gpu_cudamallocasync_allocator.cc:100] CU_MEMPOOL_ATTR_RESERVED_MEM_HIGH: 25132269568
2025-06-28 20:37:44.984036: E external/local_xla/xla/stream_executor/gpu/gpu_cudamallocasync_allocator.cc:101] CU_MEMPOOL_ATTR_USED_MEM_HIGH: 24643317634
2025-06-28 20:37:44.984863: E external/local_xla/xla/stream_executor/gpu/gpu_cudamallocasync_allocator.cc:306] gpu_async_0 cuMemAllocAsync failed to allocate 1955548848 bytes: CUDA error: out of memory (CUDA_ERROR_OUT_OF_MEMORY)
 Reported by CUDA: Free memory/Total memory: 398065664/25393496064
2025-06-28 20:37:44.985238: E external/local_xla/xla/stream_executor/gpu/gpu_cudamallocasync_allocator.cc:311] Stats: Limit:                     23575789568
InUse:                     24190229210
MaxInUse:                  24643317634
NumAllocs:                        3672
MaxAllocSize:               6799661232
Reserved:                            0
PeakReserved:                        0
LargestFreeBlock:                    0

2025-06-28 20:37:44.985644: E external/local_xla/xla/stream_executor/gpu/gpu_cudamallocasync_allocator.cc:63] Histogram of current allocation: (allocation_size_in_bytes, nb_allocation_of_that_sizes), ...;
2025-06-28 20:37:44.986030: E external/local_xla/xla/stream_executor/gpu/gpu_cudamallocasync_allocator.cc:66] 1, 18
2025-06-28 20:37:44.986603: E external/local_xla/xla/stream_executor/gpu/gpu_cudamallocasync_allocator.cc:66] 4, 113
2025-06-28 20:37:44.987081: E external/local_xla/xla/stream_executor/gpu/gpu_cudamallocasync_allocator.cc:66] 8, 11
2025-06-28 20:37:44.987539: E external/local_xla/xla/stream_executor/gpu/gpu_cudamallocasync_allocator.cc:66] 12, 3
2025-06-28 20:37:44.987994: E external/local_xla/xla/stream_executor/gpu/gpu_cudamallocasync_allocator.cc:66] 16, 7
2025-06-28 20:37:44.988496: E external/local_xla/xla/stream_executor/gpu/gpu_cudamallocasync_allocator.cc:66] 20, 1
2025-06-28 20:37:44.988939: E external/local_xla/xla/stream_executor/gpu/gpu_cudamallocasync_allocator.cc:66] 32, 7
2025-06-28 20:37:44.989355: E external/local_xla/xla/stream_executor/gpu/gpu_cudamallocasync_allocator.cc:66] 64, 17
2025-06-28 20:37:44.989773: E external/local_xla/xla/stream_executor/gpu/gpu_cudamallocasync_allocator.cc:66] 96, 3
2025-06-28 20:37:44.990304: E external/local_xla/xla/stream_executor/gpu/gpu_cudamallocasync_allocator.cc:66] 128, 103
2025-06-28 20:37:44.990761: E external/local_xla/xla/stream_executor/gpu/gpu_cudamallocasync_allocator.cc:66] 192, 1
2025-06-28 20:37:44.991212: E external/local_xla/xla/stream_executor/gpu/gpu_cudamallocasync_allocator.cc:66] 256, 108
2025-06-28 20:37:44.991676: E external/local_xla/xla/stream_executor/gpu/gpu_cudamallocasync_allocator.cc:66] 512, 102
2025-06-28 20:37:44.992145: E external/local_xla/xla/stream_executor/gpu/gpu_cudamallocasync_allocator.cc:66] 1024, 107
2025-06-28 20:37:44.992674: E external/local_xla/xla/stream_executor/gpu/gpu_cudamallocasync_allocator.cc:66] 1028, 1
2025-06-28 20:37:44.993149: E external/local_xla/xla/stream_executor/gpu/gpu_cudamallocasync_allocator.cc:66] 1536, 44
2025-06-28 20:37:44.993590: E external/local_xla/xla/stream_executor/gpu/gpu_cudamallocasync_allocator.cc:66] 2048, 10
2025-06-28 20:37:44.994048: E external/local_xla/xla/stream_executor/gpu/gpu_cudamallocasync_allocator.cc:66] 3072, 2
2025-06-28 20:37:44.994578: E external/local_xla/xla/stream_executor/gpu/gpu_cudamallocasync_allocator.cc:66] 3456, 3
2025-06-28 20:37:44.995020: E external/local_xla/xla/stream_executor/gpu/gpu_cudamallocasync_allocator.cc:66] 4096, 12
2025-06-28 20:37:44.995449: E external/local_xla/xla/stream_executor/gpu/gpu_cudamallocasync_allocator.cc:66] 8192, 14
2025-06-28 20:37:44.995913: E external/local_xla/xla/stream_executor/gpu/gpu_cudamallocasync_allocator.cc:66] 16384, 12
2025-06-28 20:37:44.996487: E external/local_xla/xla/stream_executor/gpu/gpu_cudamallocasync_allocator.cc:66] 32768, 14
2025-06-28 20:37:44.996904: E external/local_xla/xla/stream_executor/gpu/gpu_cudamallocasync_allocator.cc:66] 36864, 6
2025-06-28 20:37:44.997350: E external/local_xla/xla/stream_executor/gpu/gpu_cudamallocasync_allocator.cc:66] 59136, 1
2025-06-28 20:37:44.997786: E external/local_xla/xla/stream_executor/gpu/gpu_cudamallocasync_allocator.cc:66] 65536, 3
2025-06-28 20:37:44.998244: E external/local_xla/xla/stream_executor/gpu/gpu_cudamallocasync_allocator.cc:66] 110592, 6
2025-06-28 20:37:44.998830: E external/local_xla/xla/stream_executor/gpu/gpu_cudamallocasync_allocator.cc:66] 118272, 1
2025-06-28 20:37:44.999292: E external/local_xla/xla/stream_executor/gpu/gpu_cudamallocasync_allocator.cc:66] 131072, 14
2025-06-28 20:37:44.999724: E external/local_xla/xla/stream_executor/gpu/gpu_cudamallocasync_allocator.cc:66] 221184, 6
2025-06-28 20:37:45.000177: E external/local_xla/xla/stream_executor/gpu/gpu_cudamallocasync_allocator.cc:66] 262144, 3
2025-06-28 20:37:45.000719: E external/local_xla/xla/stream_executor/gpu/gpu_cudamallocasync_allocator.cc:66] 393216, 4
2025-06-28 20:37:45.001169: E external/local_xla/xla/stream_executor/gpu/gpu_cudamallocasync_allocator.cc:66] 442368, 6
2025-06-28 20:37:45.001607: E external/local_xla/xla/stream_executor/gpu/gpu_cudamallocasync_allocator.cc:66] 473088, 1
2025-06-28 20:37:45.002047: E external/local_xla/xla/stream_executor/gpu/gpu_cudamallocasync_allocator.cc:66] 524288, 4
2025-06-28 20:37:45.002579: E external/local_xla/xla/stream_executor/gpu/gpu_cudamallocasync_allocator.cc:66] 884736, 7
2025-06-28 20:37:45.003028: E external/local_xla/xla/stream_executor/gpu/gpu_cudamallocasync_allocator.cc:66] 946176, 1
2025-06-28 20:37:45.003489: E external/local_xla/xla/stream_executor/gpu/gpu_cudamallocasync_allocator.cc:66] 1048576, 3
2025-06-28 20:37:45.003926: E external/local_xla/xla/stream_executor/gpu/gpu_cudamallocasync_allocator.cc:66] 1769472, 6
2025-06-28 20:37:45.004383: E external/local_xla/xla/stream_executor/gpu/gpu_cudamallocasync_allocator.cc:66] 3145728, 3
2025-06-28 20:37:45.004847: E external/local_xla/xla/stream_executor/gpu/gpu_cudamallocasync_allocator.cc:66] 3538944, 6
2025-06-28 20:37:45.005285: E external/local_xla/xla/stream_executor/gpu/gpu_cudamallocasync_allocator.cc:66] 3784704, 4
2025-06-28 20:37:45.005731: E external/local_xla/xla/stream_executor/gpu/gpu_cudamallocasync_allocator.cc:66] 5677056, 6
2025-06-28 20:37:45.006178: E external/local_xla/xla/stream_executor/gpu/gpu_cudamallocasync_allocator.cc:66] 7077888, 6
2025-06-28 20:37:45.006700: E external/local_xla/xla/stream_executor/gpu/gpu_cudamallocasync_allocator.cc:66] 7569408, 1
2025-06-28 20:37:45.007141: E external/local_xla/xla/stream_executor/gpu/gpu_cudamallocasync_allocator.cc:66] 10616832, 3
2025-06-28 20:37:45.007566: E external/local_xla/xla/stream_executor/gpu/gpu_cudamallocasync_allocator.cc:66] 14155776, 3
2025-06-28 20:37:45.008021: E external/local_xla/xla/stream_executor/gpu/gpu_cudamallocasync_allocator.cc:66] 15138816, 5
2025-06-28 20:37:45.008588: E external/local_xla/xla/stream_executor/gpu/gpu_cudamallocasync_allocator.cc:66] 15925248, 3
2025-06-28 20:37:45.009033: E external/local_xla/xla/stream_executor/gpu/gpu_cudamallocasync_allocator.cc:66] 30277632, 17
2025-06-28 20:37:45.009460: E external/local_xla/xla/stream_executor/gpu/gpu_cudamallocasync_allocator.cc:66] 60555264, 9
2025-06-28 20:37:45.009902: E external/local_xla/xla/stream_executor/gpu/gpu_cudamallocasync_allocator.cc:66] 121110528, 14
2025-06-28 20:37:45.010466: E external/local_xla/xla/stream_executor/gpu/gpu_cudamallocasync_allocator.cc:66] 242221056, 5
2025-06-28 20:37:45.010878: E external/local_xla/xla/stream_executor/gpu/gpu_cudamallocasync_allocator.cc:66] 484442112, 9
2025-06-28 20:37:45.011313: E external/local_xla/xla/stream_executor/gpu/gpu_cudamallocasync_allocator.cc:66] 968884224, 2
2025-06-28 20:37:45.011753: E external/local_xla/xla/stream_executor/gpu/gpu_cudamallocasync_allocator.cc:66] 1937768448, 7
2025-06-28 20:37:45.012314: E external/local_xla/xla/stream_executor/gpu/gpu_cudamallocasync_allocator.cc:97] CU_MEMPOOL_ATTR_RESERVED_MEM_CURRENT: 24763170816
2025-06-28 20:37:45.012702: E external/local_xla/xla/stream_executor/gpu/gpu_cudamallocasync_allocator.cc:99] CU_MEMPOOL_ATTR_USED_MEM_CURRENT: 24190229210
2025-06-28 20:37:45.013049: E external/local_xla/xla/stream_executor/gpu/gpu_cudamallocasync_allocator.cc:100] CU_MEMPOOL_ATTR_RESERVED_MEM_HIGH: 25132269568
2025-06-28 20:37:45.013383: E external/local_xla/xla/stream_executor/gpu/gpu_cudamallocasync_allocator.cc:101] CU_MEMPOOL_ATTR_USED_MEM_HIGH: 24643317634
2025-06-28 20:37:45.014291: E external/local_xla/xla/stream_executor/gpu/gpu_cudamallocasync_allocator.cc:306] gpu_async_0 cuMemAllocAsync failed to allocate 1470988304 bytes: CUDA error: out of memory (CUDA_ERROR_OUT_OF_MEMORY)
 Reported by CUDA: Free memory/Total memory: 398065664/25393496064
2025-06-28 20:37:45.014661: E external/local_xla/xla/stream_executor/gpu/gpu_cudamallocasync_allocator.cc:311] Stats: Limit:                     23575789568
InUse:                     24190229210
MaxInUse:                  24643317634
NumAllocs:                        3672
MaxAllocSize:               6799661232
Reserved:                            0
PeakReserved:                        0
LargestFreeBlock:                    0

2025-06-28 20:37:45.015171: E external/local_xla/xla/stream_executor/gpu/gpu_cudamallocasync_allocator.cc:63] Histogram of current allocation: (allocation_size_in_bytes, nb_allocation_of_that_sizes), ...;
2025-06-28 20:37:45.015654: E external/local_xla/xla/stream_executor/gpu/gpu_cudamallocasync_allocator.cc:66] 1, 18
2025-06-28 20:37:45.016154: E external/local_xla/xla/stream_executor/gpu/gpu_cudamallocasync_allocator.cc:66] 4, 113
2025-06-28 20:37:45.016586: E external/local_xla/xla/stream_executor/gpu/gpu_cudamallocasync_allocator.cc:66] 8, 11
2025-06-28 20:37:45.017033: E external/local_xla/xla/stream_executor/gpu/gpu_cudamallocasync_allocator.cc:66] 12, 3
2025-06-28 20:37:45.017623: E external/local_xla/xla/stream_executor/gpu/gpu_cudamallocasync_allocator.cc:66] 16, 7
2025-06-28 20:37:45.018091: E external/local_xla/xla/stream_executor/gpu/gpu_cudamallocasync_allocator.cc:66] 20, 1
2025-06-28 20:37:45.018525: E external/local_xla/xla/stream_executor/gpu/gpu_cudamallocasync_allocator.cc:66] 32, 7
2025-06-28 20:37:45.018963: E external/local_xla/xla/stream_executor/gpu/gpu_cudamallocasync_allocator.cc:66] 64, 17
2025-06-28 20:37:45.019387: E external/local_xla/xla/stream_executor/gpu/gpu_cudamallocasync_allocator.cc:66] 96, 3
2025-06-28 20:37:45.019957: E external/local_xla/xla/stream_executor/gpu/gpu_cudamallocasync_allocator.cc:66] 128, 103
2025-06-28 20:37:45.020410: E external/local_xla/xla/stream_executor/gpu/gpu_cudamallocasync_allocator.cc:66] 192, 1
2025-06-28 20:37:45.020960: E external/local_xla/xla/stream_executor/gpu/gpu_cudamallocasync_allocator.cc:66] 256, 108
2025-06-28 20:37:45.021425: E external/local_xla/xla/stream_executor/gpu/gpu_cudamallocasync_allocator.cc:66] 512, 102
2025-06-28 20:37:45.022015: E external/local_xla/xla/stream_executor/gpu/gpu_cudamallocasync_allocator.cc:66] 1024, 107
2025-06-28 20:37:45.022478: E external/local_xla/xla/stream_executor/gpu/gpu_cudamallocasync_allocator.cc:66] 1028, 1
2025-06-28 20:37:45.022910: E external/local_xla/xla/stream_executor/gpu/gpu_cudamallocasync_allocator.cc:66] 1536, 44
2025-06-28 20:37:45.023372: E external/local_xla/xla/stream_executor/gpu/gpu_cudamallocasync_allocator.cc:66] 2048, 10
2025-06-28 20:37:45.023947: E external/local_xla/xla/stream_executor/gpu/gpu_cudamallocasync_allocator.cc:66] 3072, 2
2025-06-28 20:37:45.024415: E external/local_xla/xla/stream_executor/gpu/gpu_cudamallocasync_allocator.cc:66] 3456, 3
2025-06-28 20:37:45.024852: E external/local_xla/xla/stream_executor/gpu/gpu_cudamallocasync_allocator.cc:66] 4096, 12
2025-06-28 20:37:45.025298: E external/local_xla/xla/stream_executor/gpu/gpu_cudamallocasync_allocator.cc:66] 8192, 14
2025-06-28 20:37:45.025722: E external/local_xla/xla/stream_executor/gpu/gpu_cudamallocasync_allocator.cc:66] 16384, 12
2025-06-28 20:37:45.026297: E external/local_xla/xla/stream_executor/gpu/gpu_cudamallocasync_allocator.cc:66] 32768, 14
2025-06-28 20:37:45.026742: E external/local_xla/xla/stream_executor/gpu/gpu_cudamallocasync_allocator.cc:66] 36864, 6
2025-06-28 20:37:45.027172: E external/local_xla/xla/stream_executor/gpu/gpu_cudamallocasync_allocator.cc:66] 59136, 1
2025-06-28 20:37:45.027621: E external/local_xla/xla/stream_executor/gpu/gpu_cudamallocasync_allocator.cc:66] 65536, 3
2025-06-28 20:37:45.028164: E external/local_xla/xla/stream_executor/gpu/gpu_cudamallocasync_allocator.cc:66] 110592, 6
2025-06-28 20:37:45.028608: E external/local_xla/xla/stream_executor/gpu/gpu_cudamallocasync_allocator.cc:66] 118272, 1
2025-06-28 20:37:45.029076: E external/local_xla/xla/stream_executor/gpu/gpu_cudamallocasync_allocator.cc:66] 131072, 14
2025-06-28 20:37:45.029526: E external/local_xla/xla/stream_executor/gpu/gpu_cudamallocasync_allocator.cc:66] 221184, 6
2025-06-28 20:37:45.030089: E external/local_xla/xla/stream_executor/gpu/gpu_cudamallocasync_allocator.cc:66] 262144, 3
2025-06-28 20:37:45.030546: E external/local_xla/xla/stream_executor/gpu/gpu_cudamallocasync_allocator.cc:66] 393216, 4
2025-06-28 20:37:45.031019: E external/local_xla/xla/stream_executor/gpu/gpu_cudamallocasync_allocator.cc:66] 442368, 6
2025-06-28 20:37:45.031492: E external/local_xla/xla/stream_executor/gpu/gpu_cudamallocasync_allocator.cc:66] 473088, 1
2025-06-28 20:37:45.031931: E external/local_xla/xla/stream_executor/gpu/gpu_cudamallocasync_allocator.cc:66] 524288, 4
2025-06-28 20:37:45.032574: E external/local_xla/xla/stream_executor/gpu/gpu_cudamallocasync_allocator.cc:66] 884736, 7
2025-06-28 20:37:45.033077: E external/local_xla/xla/stream_executor/gpu/gpu_cudamallocasync_allocator.cc:66] 946176, 1
2025-06-28 20:37:45.033507: E external/local_xla/xla/stream_executor/gpu/gpu_cudamallocasync_allocator.cc:66] 1048576, 3
2025-06-28 20:37:45.033960: E external/local_xla/xla/stream_executor/gpu/gpu_cudamallocasync_allocator.cc:66] 1769472, 6
2025-06-28 20:37:45.034521: E external/local_xla/xla/stream_executor/gpu/gpu_cudamallocasync_allocator.cc:66] 3145728, 3
2025-06-28 20:37:45.034981: E external/local_xla/xla/stream_executor/gpu/gpu_cudamallocasync_allocator.cc:66] 3538944, 6
2025-06-28 20:37:45.035441: E external/local_xla/xla/stream_executor/gpu/gpu_cudamallocasync_allocator.cc:66] 3784704, 4
2025-06-28 20:37:45.035887: E external/local_xla/xla/stream_executor/gpu/gpu_cudamallocasync_allocator.cc:66] 5677056, 6
2025-06-28 20:37:45.036418: E external/local_xla/xla/stream_executor/gpu/gpu_cudamallocasync_allocator.cc:66] 7077888, 6
2025-06-28 20:37:45.036874: E external/local_xla/xla/stream_executor/gpu/gpu_cudamallocasync_allocator.cc:66] 7569408, 1
2025-06-28 20:37:45.037318: E external/local_xla/xla/stream_executor/gpu/gpu_cudamallocasync_allocator.cc:66] 10616832, 3
2025-06-28 20:37:45.037742: E external/local_xla/xla/stream_executor/gpu/gpu_cudamallocasync_allocator.cc:66] 14155776, 3
2025-06-28 20:37:45.038296: E external/local_xla/xla/stream_executor/gpu/gpu_cudamallocasync_allocator.cc:66] 15138816, 5
2025-06-28 20:37:45.038747: E external/local_xla/xla/stream_executor/gpu/gpu_cudamallocasync_allocator.cc:66] 15925248, 3
2025-06-28 20:37:45.039216: E external/local_xla/xla/stream_executor/gpu/gpu_cudamallocasync_allocator.cc:66] 30277632, 17
2025-06-28 20:37:45.039673: E external/local_xla/xla/stream_executor/gpu/gpu_cudamallocasync_allocator.cc:66] 60555264, 9
2025-06-28 20:37:45.040269: E external/local_xla/xla/stream_executor/gpu/gpu_cudamallocasync_allocator.cc:66] 121110528, 14
2025-06-28 20:37:45.040710: E external/local_xla/xla/stream_executor/gpu/gpu_cudamallocasync_allocator.cc:66] 242221056, 5
2025-06-28 20:37:45.041159: E external/local_xla/xla/stream_executor/gpu/gpu_cudamallocasync_allocator.cc:66] 484442112, 9
2025-06-28 20:37:45.041579: E external/local_xla/xla/stream_executor/gpu/gpu_cudamallocasync_allocator.cc:66] 968884224, 2
2025-06-28 20:37:45.042006: E external/local_xla/xla/stream_executor/gpu/gpu_cudamallocasync_allocator.cc:66] 1937768448, 7
2025-06-28 20:37:45.042527: E external/local_xla/xla/stream_executor/gpu/gpu_cudamallocasync_allocator.cc:97] CU_MEMPOOL_ATTR_RESERVED_MEM_CURRENT: 24763170816
2025-06-28 20:37:45.042924: E external/local_xla/xla/stream_executor/gpu/gpu_cudamallocasync_allocator.cc:99] CU_MEMPOOL_ATTR_USED_MEM_CURRENT: 24190229210
2025-06-28 20:37:45.043315: E external/local_xla/xla/stream_executor/gpu/gpu_cudamallocasync_allocator.cc:100] CU_MEMPOOL_ATTR_RESERVED_MEM_HIGH: 25132269568
2025-06-28 20:37:45.043770: E external/local_xla/xla/stream_executor/gpu/gpu_cudamallocasync_allocator.cc:101] CU_MEMPOOL_ATTR_USED_MEM_HIGH: 24643317634
2025-06-28 20:37:45.044560: E external/local_xla/xla/stream_executor/gpu/gpu_cudamallocasync_allocator.cc:306] gpu_async_0 cuMemAllocAsync failed to allocate 986546192 bytes: CUDA error: out of memory (CUDA_ERROR_OUT_OF_MEMORY)
 Reported by CUDA: Free memory/Total memory: 398065664/25393496064
2025-06-28 20:37:45.045066: E external/local_xla/xla/stream_executor/gpu/gpu_cudamallocasync_allocator.cc:311] Stats: Limit:                     23575789568
InUse:                     24190229210
MaxInUse:                  24643317634
NumAllocs:                        3672
MaxAllocSize:               6799661232
Reserved:                            0
PeakReserved:                        0
LargestFreeBlock:                    0

2025-06-28 20:37:45.045438: E external/local_xla/xla/stream_executor/gpu/gpu_cudamallocasync_allocator.cc:63] Histogram of current allocation: (allocation_size_in_bytes, nb_allocation_of_that_sizes), ...;
2025-06-28 20:37:45.045950: E external/local_xla/xla/stream_executor/gpu/gpu_cudamallocasync_allocator.cc:66] 1, 18
2025-06-28 20:37:45.046428: E external/local_xla/xla/stream_executor/gpu/gpu_cudamallocasync_allocator.cc:66] 4, 113
2025-06-28 20:37:45.046951: E external/local_xla/xla/stream_executor/gpu/gpu_cudamallocasync_allocator.cc:66] 8, 11
2025-06-28 20:37:45.047384: E external/local_xla/xla/stream_executor/gpu/gpu_cudamallocasync_allocator.cc:66] 12, 3
2025-06-28 20:37:45.047935: E external/local_xla/xla/stream_executor/gpu/gpu_cudamallocasync_allocator.cc:66] 16, 7
2025-06-28 20:37:45.048407: E external/local_xla/xla/stream_executor/gpu/gpu_cudamallocasync_allocator.cc:66] 20, 1
2025-06-28 20:37:45.048848: E external/local_xla/xla/stream_executor/gpu/gpu_cudamallocasync_allocator.cc:66] 32, 7
2025-06-28 20:37:45.049259: E external/local_xla/xla/stream_executor/gpu/gpu_cudamallocasync_allocator.cc:66] 64, 17
2025-06-28 20:37:45.049781: E external/local_xla/xla/stream_executor/gpu/gpu_cudamallocasync_allocator.cc:66] 96, 3
2025-06-28 20:37:45.050200: E external/local_xla/xla/stream_executor/gpu/gpu_cudamallocasync_allocator.cc:66] 128, 103
2025-06-28 20:37:45.050661: E external/local_xla/xla/stream_executor/gpu/gpu_cudamallocasync_allocator.cc:66] 192, 1
2025-06-28 20:37:45.051103: E external/local_xla/xla/stream_executor/gpu/gpu_cudamallocasync_allocator.cc:66] 256, 108
2025-06-28 20:37:45.051559: E external/local_xla/xla/stream_executor/gpu/gpu_cudamallocasync_allocator.cc:66] 512, 102
2025-06-28 20:37:45.052151: E external/local_xla/xla/stream_executor/gpu/gpu_cudamallocasync_allocator.cc:66] 1024, 107
2025-06-28 20:37:45.052653: E external/local_xla/xla/stream_executor/gpu/gpu_cudamallocasync_allocator.cc:66] 1028, 1
2025-06-28 20:37:45.053118: E external/local_xla/xla/stream_executor/gpu/gpu_cudamallocasync_allocator.cc:66] 1536, 44
2025-06-28 20:37:45.053555: E external/local_xla/xla/stream_executor/gpu/gpu_cudamallocasync_allocator.cc:66] 2048, 10
2025-06-28 20:37:45.054125: E external/local_xla/xla/stream_executor/gpu/gpu_cudamallocasync_allocator.cc:66] 3072, 2
2025-06-28 20:37:45.054567: E external/local_xla/xla/stream_executor/gpu/gpu_cudamallocasync_allocator.cc:66] 3456, 3
2025-06-28 20:37:45.055011: E external/local_xla/xla/stream_executor/gpu/gpu_cudamallocasync_allocator.cc:66] 4096, 12
2025-06-28 20:37:45.055433: E external/local_xla/xla/stream_executor/gpu/gpu_cudamallocasync_allocator.cc:66] 8192, 14
2025-06-28 20:37:45.056040: E external/local_xla/xla/stream_executor/gpu/gpu_cudamallocasync_allocator.cc:66] 16384, 12
2025-06-28 20:37:45.056561: E external/local_xla/xla/stream_executor/gpu/gpu_cudamallocasync_allocator.cc:66] 32768, 14
2025-06-28 20:37:45.057060: E external/local_xla/xla/stream_executor/gpu/gpu_cudamallocasync_allocator.cc:66] 36864, 6
2025-06-28 20:37:45.057603: E external/local_xla/xla/stream_executor/gpu/gpu_cudamallocasync_allocator.cc:66] 59136, 1
2025-06-28 20:37:45.058183: E external/local_xla/xla/stream_executor/gpu/gpu_cudamallocasync_allocator.cc:66] 65536, 3
2025-06-28 20:37:45.058651: E external/local_xla/xla/stream_executor/gpu/gpu_cudamallocasync_allocator.cc:66] 110592, 6
2025-06-28 20:37:45.059176: E external/local_xla/xla/stream_executor/gpu/gpu_cudamallocasync_allocator.cc:66] 118272, 1
2025-06-28 20:37:45.059652: E external/local_xla/xla/stream_executor/gpu/gpu_cudamallocasync_allocator.cc:66] 131072, 14
2025-06-28 20:37:45.060104: E external/local_xla/xla/stream_executor/gpu/gpu_cudamallocasync_allocator.cc:66] 221184, 6
2025-06-28 20:37:45.060627: E external/local_xla/xla/stream_executor/gpu/gpu_cudamallocasync_allocator.cc:66] 262144, 3
2025-06-28 20:37:45.061079: E external/local_xla/xla/stream_executor/gpu/gpu_cudamallocasync_allocator.cc:66] 393216, 4
2025-06-28 20:37:45.061528: E external/local_xla/xla/stream_executor/gpu/gpu_cudamallocasync_allocator.cc:66] 442368, 6
2025-06-28 20:37:45.061993: E external/local_xla/xla/stream_executor/gpu/gpu_cudamallocasync_allocator.cc:66] 473088, 1
2025-06-28 20:37:45.062589: E external/local_xla/xla/stream_executor/gpu/gpu_cudamallocasync_allocator.cc:66] 524288, 4
2025-06-28 20:37:45.063017: E external/local_xla/xla/stream_executor/gpu/gpu_cudamallocasync_allocator.cc:66] 884736, 7
2025-06-28 20:37:45.063468: E external/local_xla/xla/stream_executor/gpu/gpu_cudamallocasync_allocator.cc:66] 946176, 1
2025-06-28 20:37:45.063970: E external/local_xla/xla/stream_executor/gpu/gpu_cudamallocasync_allocator.cc:66] 1048576, 3
2025-06-28 20:37:45.064607: E external/local_xla/xla/stream_executor/gpu/gpu_cudamallocasync_allocator.cc:66] 1769472, 6
2025-06-28 20:37:45.065072: E external/local_xla/xla/stream_executor/gpu/gpu_cudamallocasync_allocator.cc:66] 3145728, 3
2025-06-28 20:37:45.065519: E external/local_xla/xla/stream_executor/gpu/gpu_cudamallocasync_allocator.cc:66] 3538944, 6
2025-06-28 20:37:45.065954: E external/local_xla/xla/stream_executor/gpu/gpu_cudamallocasync_allocator.cc:66] 3784704, 4
2025-06-28 20:37:45.066528: E external/local_xla/xla/stream_executor/gpu/gpu_cudamallocasync_allocator.cc:66] 5677056, 6
2025-06-28 20:37:45.066984: E external/local_xla/xla/stream_executor/gpu/gpu_cudamallocasync_allocator.cc:66] 7077888, 6
2025-06-28 20:37:45.067415: E external/local_xla/xla/stream_executor/gpu/gpu_cudamallocasync_allocator.cc:66] 7569408, 1
2025-06-28 20:37:45.067839: E external/local_xla/xla/stream_executor/gpu/gpu_cudamallocasync_allocator.cc:66] 10616832, 3
2025-06-28 20:37:45.068257: E external/local_xla/xla/stream_executor/gpu/gpu_cudamallocasync_allocator.cc:66] 14155776, 3
2025-06-28 20:37:45.068795: E external/local_xla/xla/stream_executor/gpu/gpu_cudamallocasync_allocator.cc:66] 15138816, 5
2025-06-28 20:37:45.069247: E external/local_xla/xla/stream_executor/gpu/gpu_cudamallocasync_allocator.cc:66] 15925248, 3
2025-06-28 20:37:45.069680: E external/local_xla/xla/stream_executor/gpu/gpu_cudamallocasync_allocator.cc:66] 30277632, 17
2025-06-28 20:37:45.070123: E external/local_xla/xla/stream_executor/gpu/gpu_cudamallocasync_allocator.cc:66] 60555264, 9
2025-06-28 20:37:45.070671: E external/local_xla/xla/stream_executor/gpu/gpu_cudamallocasync_allocator.cc:66] 121110528, 14
2025-06-28 20:37:45.071095: E external/local_xla/xla/stream_executor/gpu/gpu_cudamallocasync_allocator.cc:66] 242221056, 5
2025-06-28 20:37:45.071516: E external/local_xla/xla/stream_executor/gpu/gpu_cudamallocasync_allocator.cc:66] 484442112, 9
2025-06-28 20:37:45.071941: E external/local_xla/xla/stream_executor/gpu/gpu_cudamallocasync_allocator.cc:66] 968884224, 2
2025-06-28 20:37:45.072445: E external/local_xla/xla/stream_executor/gpu/gpu_cudamallocasync_allocator.cc:66] 1937768448, 7
2025-06-28 20:37:45.072894: E external/local_xla/xla/stream_executor/gpu/gpu_cudamallocasync_allocator.cc:97] CU_MEMPOOL_ATTR_RESERVED_MEM_CURRENT: 24763170816
2025-06-28 20:37:45.073265: E external/local_xla/xla/stream_executor/gpu/gpu_cudamallocasync_allocator.cc:99] CU_MEMPOOL_ATTR_USED_MEM_CURRENT: 24190229210
2025-06-28 20:37:45.073618: E external/local_xla/xla/stream_executor/gpu/gpu_cudamallocasync_allocator.cc:100] CU_MEMPOOL_ATTR_RESERVED_MEM_HIGH: 25132269568
2025-06-28 20:37:45.074056: E external/local_xla/xla/stream_executor/gpu/gpu_cudamallocasync_allocator.cc:101] CU_MEMPOOL_ATTR_USED_MEM_HIGH: 24643317634
2025-06-28 20:37:45.074877: E external/local_xla/xla/stream_executor/gpu/gpu_cudamallocasync_allocator.cc:306] gpu_async_0 cuMemAllocAsync failed to allocate 2440109232 bytes: CUDA error: out of memory (CUDA_ERROR_OUT_OF_MEMORY)
 Reported by CUDA: Free memory/Total memory: 398065664/25393496064
2025-06-28 20:37:45.075370: E external/local_xla/xla/stream_executor/gpu/gpu_cudamallocasync_allocator.cc:311] Stats: Limit:                     23575789568
InUse:                     24190229210
MaxInUse:                  24643317634
NumAllocs:                        3672
MaxAllocSize:               6799661232
Reserved:                            0
PeakReserved:                        0
LargestFreeBlock:                    0

2025-06-28 20:37:45.075839: E external/local_xla/xla/stream_executor/gpu/gpu_cudamallocasync_allocator.cc:63] Histogram of current allocation: (allocation_size_in_bytes, nb_allocation_of_that_sizes), ...;
2025-06-28 20:37:45.076357: E external/local_xla/xla/stream_executor/gpu/gpu_cudamallocasync_allocator.cc:66] 1, 18
2025-06-28 20:37:45.076855: E external/local_xla/xla/stream_executor/gpu/gpu_cudamallocasync_allocator.cc:66] 4, 113
2025-06-28 20:37:45.077299: E external/local_xla/xla/stream_executor/gpu/gpu_cudamallocasync_allocator.cc:66] 8, 11
2025-06-28 20:37:45.077833: E external/local_xla/xla/stream_executor/gpu/gpu_cudamallocasync_allocator.cc:66] 12, 3
2025-06-28 20:37:45.078306: E external/local_xla/xla/stream_executor/gpu/gpu_cudamallocasync_allocator.cc:66] 16, 7
2025-06-28 20:37:45.078750: E external/local_xla/xla/stream_executor/gpu/gpu_cudamallocasync_allocator.cc:66] 20, 1
2025-06-28 20:37:45.079196: E external/local_xla/xla/stream_executor/gpu/gpu_cudamallocasync_allocator.cc:66] 32, 7
2025-06-28 20:37:45.079627: E external/local_xla/xla/stream_executor/gpu/gpu_cudamallocasync_allocator.cc:66] 64, 17
2025-06-28 20:37:45.080073: E external/local_xla/xla/stream_executor/gpu/gpu_cudamallocasync_allocator.cc:66] 96, 3
2025-06-28 20:37:45.080520: E external/local_xla/xla/stream_executor/gpu/gpu_cudamallocasync_allocator.cc:66] 128, 103
2025-06-28 20:37:45.080948: E external/local_xla/xla/stream_executor/gpu/gpu_cudamallocasync_allocator.cc:66] 192, 1
2025-06-28 20:37:45.081437: E external/local_xla/xla/stream_executor/gpu/gpu_cudamallocasync_allocator.cc:66] 256, 108
2025-06-28 20:37:45.081989: E external/local_xla/xla/stream_executor/gpu/gpu_cudamallocasync_allocator.cc:66] 512, 102
2025-06-28 20:37:45.082442: E external/local_xla/xla/stream_executor/gpu/gpu_cudamallocasync_allocator.cc:66] 1024, 107
2025-06-28 20:37:45.082930: E external/local_xla/xla/stream_executor/gpu/gpu_cudamallocasync_allocator.cc:66] 1028, 1
2025-06-28 20:37:45.083366: E external/local_xla/xla/stream_executor/gpu/gpu_cudamallocasync_allocator.cc:66] 1536, 44
2025-06-28 20:37:45.083862: E external/local_xla/xla/stream_executor/gpu/gpu_cudamallocasync_allocator.cc:66] 2048, 10
2025-06-28 20:37:45.084316: E external/local_xla/xla/stream_executor/gpu/gpu_cudamallocasync_allocator.cc:66] 3072, 2
2025-06-28 20:37:45.084762: E external/local_xla/xla/stream_executor/gpu/gpu_cudamallocasync_allocator.cc:66] 3456, 3
2025-06-28 20:37:45.085206: E external/local_xla/xla/stream_executor/gpu/gpu_cudamallocasync_allocator.cc:66] 4096, 12
2025-06-28 20:37:45.085645: E external/local_xla/xla/stream_executor/gpu/gpu_cudamallocasync_allocator.cc:66] 8192, 14
2025-06-28 20:37:45.086144: E external/local_xla/xla/stream_executor/gpu/gpu_cudamallocasync_allocator.cc:66] 16384, 12
2025-06-28 20:37:45.086596: E external/local_xla/xla/stream_executor/gpu/gpu_cudamallocasync_allocator.cc:66] 32768, 14
2025-06-28 20:37:45.087029: E external/local_xla/xla/stream_executor/gpu/gpu_cudamallocasync_allocator.cc:66] 36864, 6
2025-06-28 20:37:45.087449: E external/local_xla/xla/stream_executor/gpu/gpu_cudamallocasync_allocator.cc:66] 59136, 1
2025-06-28 20:37:45.088036: E external/local_xla/xla/stream_executor/gpu/gpu_cudamallocasync_allocator.cc:66] 65536, 3
2025-06-28 20:37:45.088476: E external/local_xla/xla/stream_executor/gpu/gpu_cudamallocasync_allocator.cc:66] 110592, 6
2025-06-28 20:37:45.088939: E external/local_xla/xla/stream_executor/gpu/gpu_cudamallocasync_allocator.cc:66] 118272, 1
2025-06-28 20:37:45.089415: E external/local_xla/xla/stream_executor/gpu/gpu_cudamallocasync_allocator.cc:66] 131072, 14
2025-06-28 20:37:45.089884: E external/local_xla/xla/stream_executor/gpu/gpu_cudamallocasync_allocator.cc:66] 221184, 6
2025-06-28 20:37:45.090323: E external/local_xla/xla/stream_executor/gpu/gpu_cudamallocasync_allocator.cc:66] 262144, 3
2025-06-28 20:37:45.090753: E external/local_xla/xla/stream_executor/gpu/gpu_cudamallocasync_allocator.cc:66] 393216, 4
2025-06-28 20:37:45.091223: E external/local_xla/xla/stream_executor/gpu/gpu_cudamallocasync_allocator.cc:66] 442368, 6
2025-06-28 20:37:45.091747: E external/local_xla/xla/stream_executor/gpu/gpu_cudamallocasync_allocator.cc:66] 473088, 1
2025-06-28 20:37:45.092212: E external/local_xla/xla/stream_executor/gpu/gpu_cudamallocasync_allocator.cc:66] 524288, 4
2025-06-28 20:37:45.092650: E external/local_xla/xla/stream_executor/gpu/gpu_cudamallocasync_allocator.cc:66] 884736, 7
2025-06-28 20:37:45.093090: E external/local_xla/xla/stream_executor/gpu/gpu_cudamallocasync_allocator.cc:66] 946176, 1
2025-06-28 20:37:45.093538: E external/local_xla/xla/stream_executor/gpu/gpu_cudamallocasync_allocator.cc:66] 1048576, 3
2025-06-28 20:37:45.094042: E external/local_xla/xla/stream_executor/gpu/gpu_cudamallocasync_allocator.cc:66] 1769472, 6
2025-06-28 20:37:45.094482: E external/local_xla/xla/stream_executor/gpu/gpu_cudamallocasync_allocator.cc:66] 3145728, 3
2025-06-28 20:37:45.094938: E external/local_xla/xla/stream_executor/gpu/gpu_cudamallocasync_allocator.cc:66] 3538944, 6
2025-06-28 20:37:45.095395: E external/local_xla/xla/stream_executor/gpu/gpu_cudamallocasync_allocator.cc:66] 3784704, 4
2025-06-28 20:37:45.095976: E external/local_xla/xla/stream_executor/gpu/gpu_cudamallocasync_allocator.cc:66] 5677056, 6
2025-06-28 20:37:45.096439: E external/local_xla/xla/stream_executor/gpu/gpu_cudamallocasync_allocator.cc:66] 7077888, 6
2025-06-28 20:37:45.096893: E external/local_xla/xla/stream_executor/gpu/gpu_cudamallocasync_allocator.cc:66] 7569408, 1
2025-06-28 20:37:45.097330: E external/local_xla/xla/stream_executor/gpu/gpu_cudamallocasync_allocator.cc:66] 10616832, 3
2025-06-28 20:37:45.097894: E external/local_xla/xla/stream_executor/gpu/gpu_cudamallocasync_allocator.cc:66] 14155776, 3
2025-06-28 20:37:45.098364: E external/local_xla/xla/stream_executor/gpu/gpu_cudamallocasync_allocator.cc:66] 15138816, 5
2025-06-28 20:37:45.098910: E external/local_xla/xla/stream_executor/gpu/gpu_cudamallocasync_allocator.cc:66] 15925248, 3
2025-06-28 20:37:45.099425: E external/local_xla/xla/stream_executor/gpu/gpu_cudamallocasync_allocator.cc:66] 30277632, 17
2025-06-28 20:37:45.099916: E external/local_xla/xla/stream_executor/gpu/gpu_cudamallocasync_allocator.cc:66] 60555264, 9
2025-06-28 20:37:45.100370: E external/local_xla/xla/stream_executor/gpu/gpu_cudamallocasync_allocator.cc:66] 121110528, 14
2025-06-28 20:37:45.100820: E external/local_xla/xla/stream_executor/gpu/gpu_cudamallocasync_allocator.cc:66] 242221056, 5
2025-06-28 20:37:45.101255: E external/local_xla/xla/stream_executor/gpu/gpu_cudamallocasync_allocator.cc:66] 484442112, 9
2025-06-28 20:37:45.101790: E external/local_xla/xla/stream_executor/gpu/gpu_cudamallocasync_allocator.cc:66] 968884224, 2
2025-06-28 20:37:45.102224: E external/local_xla/xla/stream_executor/gpu/gpu_cudamallocasync_allocator.cc:66] 1937768448, 7
2025-06-28 20:37:45.102703: E external/local_xla/xla/stream_executor/gpu/gpu_cudamallocasync_allocator.cc:97] CU_MEMPOOL_ATTR_RESERVED_MEM_CURRENT: 24763170816
2025-06-28 20:37:45.103082: E external/local_xla/xla/stream_executor/gpu/gpu_cudamallocasync_allocator.cc:99] CU_MEMPOOL_ATTR_USED_MEM_CURRENT: 24190229210
2025-06-28 20:37:45.103528: E external/local_xla/xla/stream_executor/gpu/gpu_cudamallocasync_allocator.cc:100] CU_MEMPOOL_ATTR_RESERVED_MEM_HIGH: 25132269568
2025-06-28 20:37:45.103890: E external/local_xla/xla/stream_executor/gpu/gpu_cudamallocasync_allocator.cc:101] CU_MEMPOOL_ATTR_USED_MEM_HIGH: 24643317634
2025-06-28 20:37:45.104692: E external/local_xla/xla/stream_executor/gpu/gpu_cudamallocasync_allocator.cc:306] gpu_async_0 cuMemAllocAsync failed to allocate 1470988304 bytes: CUDA error: out of memory (CUDA_ERROR_OUT_OF_MEMORY)
 Reported by CUDA: Free memory/Total memory: 398065664/25393496064
2025-06-28 20:37:45.105193: E external/local_xla/xla/stream_executor/gpu/gpu_cudamallocasync_allocator.cc:311] Stats: Limit:                     23575789568
InUse:                     24190229210
MaxInUse:                  24643317634
NumAllocs:                        3672
MaxAllocSize:               6799661232
Reserved:                            0
PeakReserved:                        0
LargestFreeBlock:                    0

2025-06-28 20:37:45.105653: E external/local_xla/xla/stream_executor/gpu/gpu_cudamallocasync_allocator.cc:63] Histogram of current allocation: (allocation_size_in_bytes, nb_allocation_of_that_sizes), ...;
2025-06-28 20:37:45.106032: E external/local_xla/xla/stream_executor/gpu/gpu_cudamallocasync_allocator.cc:66] 1, 18
2025-06-28 20:37:45.106477: E external/local_xla/xla/stream_executor/gpu/gpu_cudamallocasync_allocator.cc:66] 4, 113
2025-06-28 20:37:45.106922: E external/local_xla/xla/stream_executor/gpu/gpu_cudamallocasync_allocator.cc:66] 8, 11
2025-06-28 20:37:45.107475: E external/local_xla/xla/stream_executor/gpu/gpu_cudamallocasync_allocator.cc:66] 12, 3
2025-06-28 20:37:45.107936: E external/local_xla/xla/stream_executor/gpu/gpu_cudamallocasync_allocator.cc:66] 16, 7
2025-06-28 20:37:45.108403: E external/local_xla/xla/stream_executor/gpu/gpu_cudamallocasync_allocator.cc:66] 20, 1
2025-06-28 20:37:45.108841: E external/local_xla/xla/stream_executor/gpu/gpu_cudamallocasync_allocator.cc:66] 32, 7
2025-06-28 20:37:45.109374: E external/local_xla/xla/stream_executor/gpu/gpu_cudamallocasync_allocator.cc:66] 64, 17
2025-06-28 20:37:45.109815: E external/local_xla/xla/stream_executor/gpu/gpu_cudamallocasync_allocator.cc:66] 96, 3
2025-06-28 20:37:45.110240: E external/local_xla/xla/stream_executor/gpu/gpu_cudamallocasync_allocator.cc:66] 128, 103
2025-06-28 20:37:45.110672: E external/local_xla/xla/stream_executor/gpu/gpu_cudamallocasync_allocator.cc:66] 192, 1
2025-06-28 20:37:45.111156: E external/local_xla/xla/stream_executor/gpu/gpu_cudamallocasync_allocator.cc:66] 256, 108
2025-06-28 20:37:45.111640: E external/local_xla/xla/stream_executor/gpu/gpu_cudamallocasync_allocator.cc:66] 512, 102
2025-06-28 20:37:45.112090: E external/local_xla/xla/stream_executor/gpu/gpu_cudamallocasync_allocator.cc:66] 1024, 107
2025-06-28 20:37:45.112550: E external/local_xla/xla/stream_executor/gpu/gpu_cudamallocasync_allocator.cc:66] 1028, 1
2025-06-28 20:37:45.113039: E external/local_xla/xla/stream_executor/gpu/gpu_cudamallocasync_allocator.cc:66] 1536, 44
2025-06-28 20:37:45.113597: E external/local_xla/xla/stream_executor/gpu/gpu_cudamallocasync_allocator.cc:66] 2048, 10
2025-06-28 20:37:45.114053: E external/local_xla/xla/stream_executor/gpu/gpu_cudamallocasync_allocator.cc:66] 3072, 2
2025-06-28 20:37:45.114500: E external/local_xla/xla/stream_executor/gpu/gpu_cudamallocasync_allocator.cc:66] 3456, 3
2025-06-28 20:37:45.114966: E external/local_xla/xla/stream_executor/gpu/gpu_cudamallocasync_allocator.cc:66] 4096, 12
2025-06-28 20:37:45.115507: E external/local_xla/xla/stream_executor/gpu/gpu_cudamallocasync_allocator.cc:66] 8192, 14
2025-06-28 20:37:45.115946: E external/local_xla/xla/stream_executor/gpu/gpu_cudamallocasync_allocator.cc:66] 16384, 12
2025-06-28 20:37:45.116362: E external/local_xla/xla/stream_executor/gpu/gpu_cudamallocasync_allocator.cc:66] 32768, 14
2025-06-28 20:37:45.116804: E external/local_xla/xla/stream_executor/gpu/gpu_cudamallocasync_allocator.cc:66] 36864, 6
2025-06-28 20:37:45.117393: E external/local_xla/xla/stream_executor/gpu/gpu_cudamallocasync_allocator.cc:66] 59136, 1
2025-06-28 20:37:45.117860: E external/local_xla/xla/stream_executor/gpu/gpu_cudamallocasync_allocator.cc:66] 65536, 3
2025-06-28 20:37:45.118387: E external/local_xla/xla/stream_executor/gpu/gpu_cudamallocasync_allocator.cc:66] 110592, 6
2025-06-28 20:37:45.118830: E external/local_xla/xla/stream_executor/gpu/gpu_cudamallocasync_allocator.cc:66] 118272, 1
2025-06-28 20:37:45.119428: E external/local_xla/xla/stream_executor/gpu/gpu_cudamallocasync_allocator.cc:66] 131072, 14
2025-06-28 20:37:45.119904: E external/local_xla/xla/stream_executor/gpu/gpu_cudamallocasync_allocator.cc:66] 221184, 6
2025-06-28 20:37:45.120361: E external/local_xla/xla/stream_executor/gpu/gpu_cudamallocasync_allocator.cc:66] 262144, 3
2025-06-28 20:37:45.120791: E external/local_xla/xla/stream_executor/gpu/gpu_cudamallocasync_allocator.cc:66] 393216, 4
2025-06-28 20:37:45.121230: E external/local_xla/xla/stream_executor/gpu/gpu_cudamallocasync_allocator.cc:66] 442368, 6
2025-06-28 20:37:45.121811: E external/local_xla/xla/stream_executor/gpu/gpu_cudamallocasync_allocator.cc:66] 473088, 1
2025-06-28 20:37:45.122284: E external/local_xla/xla/stream_executor/gpu/gpu_cudamallocasync_allocator.cc:66] 524288, 4
2025-06-28 20:37:45.122724: E external/local_xla/xla/stream_executor/gpu/gpu_cudamallocasync_allocator.cc:66] 884736, 7
2025-06-28 20:37:45.123178: E external/local_xla/xla/stream_executor/gpu/gpu_cudamallocasync_allocator.cc:66] 946176, 1
2025-06-28 20:37:45.123762: E external/local_xla/xla/stream_executor/gpu/gpu_cudamallocasync_allocator.cc:66] 1048576, 3
2025-06-28 20:37:45.124212: E external/local_xla/xla/stream_executor/gpu/gpu_cudamallocasync_allocator.cc:66] 1769472, 6
2025-06-28 20:37:45.124648: E external/local_xla/xla/stream_executor/gpu/gpu_cudamallocasync_allocator.cc:66] 3145728, 3
2025-06-28 20:37:45.125151: E external/local_xla/xla/stream_executor/gpu/gpu_cudamallocasync_allocator.cc:66] 3538944, 6
2025-06-28 20:37:45.125767: E external/local_xla/xla/stream_executor/gpu/gpu_cudamallocasync_allocator.cc:66] 3784704, 4
2025-06-28 20:37:45.126231: E external/local_xla/xla/stream_executor/gpu/gpu_cudamallocasync_allocator.cc:66] 5677056, 6
2025-06-28 20:37:45.126691: E external/local_xla/xla/stream_executor/gpu/gpu_cudamallocasync_allocator.cc:66] 7077888, 6
2025-06-28 20:37:45.127183: E external/local_xla/xla/stream_executor/gpu/gpu_cudamallocasync_allocator.cc:66] 7569408, 1
2025-06-28 20:37:45.127714: E external/local_xla/xla/stream_executor/gpu/gpu_cudamallocasync_allocator.cc:66] 10616832, 3
2025-06-28 20:37:45.128166: E external/local_xla/xla/stream_executor/gpu/gpu_cudamallocasync_allocator.cc:66] 14155776, 3
2025-06-28 20:37:45.128592: E external/local_xla/xla/stream_executor/gpu/gpu_cudamallocasync_allocator.cc:66] 15138816, 5
2025-06-28 20:37:45.129091: E external/local_xla/xla/stream_executor/gpu/gpu_cudamallocasync_allocator.cc:66] 15925248, 3
2025-06-28 20:37:45.129605: E external/local_xla/xla/stream_executor/gpu/gpu_cudamallocasync_allocator.cc:66] 30277632, 17
2025-06-28 20:37:45.130172: E external/local_xla/xla/stream_executor/gpu/gpu_cudamallocasync_allocator.cc:66] 60555264, 9
2025-06-28 20:37:45.130629: E external/local_xla/xla/stream_executor/gpu/gpu_cudamallocasync_allocator.cc:66] 121110528, 14
2025-06-28 20:37:45.131084: E external/local_xla/xla/stream_executor/gpu/gpu_cudamallocasync_allocator.cc:66] 242221056, 5
2025-06-28 20:37:45.131520: E external/local_xla/xla/stream_executor/gpu/gpu_cudamallocasync_allocator.cc:66] 484442112, 9
2025-06-28 20:37:45.132110: E external/local_xla/xla/stream_executor/gpu/gpu_cudamallocasync_allocator.cc:66] 968884224, 2
2025-06-28 20:37:45.132914: E external/local_xla/xla/stream_executor/gpu/gpu_cudamallocasync_allocator.cc:66] 1937768448, 7
2025-06-28 20:37:45.133483: E external/local_xla/xla/stream_executor/gpu/gpu_cudamallocasync_allocator.cc:97] CU_MEMPOOL_ATTR_RESERVED_MEM_CURRENT: 24763170816
2025-06-28 20:37:45.133892: E external/local_xla/xla/stream_executor/gpu/gpu_cudamallocasync_allocator.cc:99] CU_MEMPOOL_ATTR_USED_MEM_CURRENT: 24190229210
2025-06-28 20:37:45.134472: E external/local_xla/xla/stream_executor/gpu/gpu_cudamallocasync_allocator.cc:100] CU_MEMPOOL_ATTR_RESERVED_MEM_HIGH: 25132269568
2025-06-28 20:37:45.134933: E external/local_xla/xla/stream_executor/gpu/gpu_cudamallocasync_allocator.cc:101] CU_MEMPOOL_ATTR_USED_MEM_HIGH: 24643317634
2025-06-28 20:37:45.136516: E external/local_xla/xla/stream_executor/gpu/gpu_cudamallocasync_allocator.cc:306] gpu_async_0 cuMemAllocAsync failed to allocate 1470988304 bytes: CUDA error: out of memory (CUDA_ERROR_OUT_OF_MEMORY)
 Reported by CUDA: Free memory/Total memory: 398065664/25393496064
2025-06-28 20:37:45.137006: E external/local_xla/xla/stream_executor/gpu/gpu_cudamallocasync_allocator.cc:311] Stats: Limit:                     23575789568
InUse:                     24190229210
MaxInUse:                  24643317634
NumAllocs:                        3672
MaxAllocSize:               6799661232
Reserved:                            0
PeakReserved:                        0
LargestFreeBlock:                    0

2025-06-28 20:37:45.137515: E external/local_xla/xla/stream_executor/gpu/gpu_cudamallocasync_allocator.cc:63] Histogram of current allocation: (allocation_size_in_bytes, nb_allocation_of_that_sizes), ...;
2025-06-28 20:37:45.137893: E external/local_xla/xla/stream_executor/gpu/gpu_cudamallocasync_allocator.cc:66] 1, 18
2025-06-28 20:37:45.138330: E external/local_xla/xla/stream_executor/gpu/gpu_cudamallocasync_allocator.cc:66] 4, 113
2025-06-28 20:37:45.138903: E external/local_xla/xla/stream_executor/gpu/gpu_cudamallocasync_allocator.cc:66] 8, 11
2025-06-28 20:37:45.139351: E external/local_xla/xla/stream_executor/gpu/gpu_cudamallocasync_allocator.cc:66] 12, 3
2025-06-28 20:37:45.139828: E external/local_xla/xla/stream_executor/gpu/gpu_cudamallocasync_allocator.cc:66] 16, 7
2025-06-28 20:37:45.140325: E external/local_xla/xla/stream_executor/gpu/gpu_cudamallocasync_allocator.cc:66] 20, 1
2025-06-28 20:37:45.140949: E external/local_xla/xla/stream_executor/gpu/gpu_cudamallocasync_allocator.cc:66] 32, 7
2025-06-28 20:37:45.141430: E external/local_xla/xla/stream_executor/gpu/gpu_cudamallocasync_allocator.cc:66] 64, 17
2025-06-28 20:37:45.141923: E external/local_xla/xla/stream_executor/gpu/gpu_cudamallocasync_allocator.cc:66] 96, 3
2025-06-28 20:37:45.142345: E external/local_xla/xla/stream_executor/gpu/gpu_cudamallocasync_allocator.cc:66] 128, 103
2025-06-28 20:37:45.142773: E external/local_xla/xla/stream_executor/gpu/gpu_cudamallocasync_allocator.cc:66] 192, 1
2025-06-28 20:37:45.143365: E external/local_xla/xla/stream_executor/gpu/gpu_cudamallocasync_allocator.cc:66] 256, 108
2025-06-28 20:37:45.143855: E external/local_xla/xla/stream_executor/gpu/gpu_cudamallocasync_allocator.cc:66] 512, 102
2025-06-28 20:37:45.144348: E external/local_xla/xla/stream_executor/gpu/gpu_cudamallocasync_allocator.cc:66] 1024, 107
2025-06-28 20:37:45.144793: E external/local_xla/xla/stream_executor/gpu/gpu_cudamallocasync_allocator.cc:66] 1028, 1
2025-06-28 20:37:45.145438: E external/local_xla/xla/stream_executor/gpu/gpu_cudamallocasync_allocator.cc:66] 1536, 44
2025-06-28 20:37:45.145914: E external/local_xla/xla/stream_executor/gpu/gpu_cudamallocasync_allocator.cc:66] 2048, 10
2025-06-28 20:37:45.146430: E external/local_xla/xla/stream_executor/gpu/gpu_cudamallocasync_allocator.cc:66] 3072, 2
2025-06-28 20:37:45.146884: E external/local_xla/xla/stream_executor/gpu/gpu_cudamallocasync_allocator.cc:66] 3456, 3
2025-06-28 20:37:45.147430: E external/local_xla/xla/stream_executor/gpu/gpu_cudamallocasync_allocator.cc:66] 4096, 12
2025-06-28 20:37:45.147870: E external/local_xla/xla/stream_executor/gpu/gpu_cudamallocasync_allocator.cc:66] 8192, 14
2025-06-28 20:37:45.148309: E external/local_xla/xla/stream_executor/gpu/gpu_cudamallocasync_allocator.cc:66] 16384, 12
2025-06-28 20:37:45.148732: E external/local_xla/xla/stream_executor/gpu/gpu_cudamallocasync_allocator.cc:66] 32768, 14
2025-06-28 20:37:45.149183: E external/local_xla/xla/stream_executor/gpu/gpu_cudamallocasync_allocator.cc:66] 36864, 6
2025-06-28 20:37:45.149836: E external/local_xla/xla/stream_executor/gpu/gpu_cudamallocasync_allocator.cc:66] 59136, 1
2025-06-28 20:37:45.150325: E external/local_xla/xla/stream_executor/gpu/gpu_cudamallocasync_allocator.cc:66] 65536, 3
2025-06-28 20:37:45.150781: E external/local_xla/xla/stream_executor/gpu/gpu_cudamallocasync_allocator.cc:66] 110592, 6
2025-06-28 20:37:45.151237: E external/local_xla/xla/stream_executor/gpu/gpu_cudamallocasync_allocator.cc:66] 118272, 1
2025-06-28 20:37:45.151800: E external/local_xla/xla/stream_executor/gpu/gpu_cudamallocasync_allocator.cc:66] 131072, 14
2025-06-28 20:37:45.152275: E external/local_xla/xla/stream_executor/gpu/gpu_cudamallocasync_allocator.cc:66] 221184, 6
2025-06-28 20:37:45.152718: E external/local_xla/xla/stream_executor/gpu/gpu_cudamallocasync_allocator.cc:66] 262144, 3
2025-06-28 20:37:45.153194: E external/local_xla/xla/stream_executor/gpu/gpu_cudamallocasync_allocator.cc:66] 393216, 4
2025-06-28 20:37:45.153742: E external/local_xla/xla/stream_executor/gpu/gpu_cudamallocasync_allocator.cc:66] 442368, 6
2025-06-28 20:37:45.154624: E external/local_xla/xla/stream_executor/gpu/gpu_cudamallocasync_allocator.cc:66] 473088, 1
2025-06-28 20:37:45.155116: E external/local_xla/xla/stream_executor/gpu/gpu_cudamallocasync_allocator.cc:66] 524288, 4
2025-06-28 20:37:45.155589: E external/local_xla/xla/stream_executor/gpu/gpu_cudamallocasync_allocator.cc:66] 884736, 7
2025-06-28 20:37:45.156203: E external/local_xla/xla/stream_executor/gpu/gpu_cudamallocasync_allocator.cc:66] 946176, 1
2025-06-28 20:37:45.156708: E external/local_xla/xla/stream_executor/gpu/gpu_cudamallocasync_allocator.cc:66] 1048576, 3
2025-06-28 20:37:45.157153: E external/local_xla/xla/stream_executor/gpu/gpu_cudamallocasync_allocator.cc:66] 1769472, 6
2025-06-28 20:37:45.157687: E external/local_xla/xla/stream_executor/gpu/gpu_cudamallocasync_allocator.cc:66] 3145728, 3
2025-06-28 20:37:45.158127: E external/local_xla/xla/stream_executor/gpu/gpu_cudamallocasync_allocator.cc:66] 3538944, 6
2025-06-28 20:37:45.158682: E external/local_xla/xla/stream_executor/gpu/gpu_cudamallocasync_allocator.cc:66] 3784704, 4
2025-06-28 20:37:45.159130: E external/local_xla/xla/stream_executor/gpu/gpu_cudamallocasync_allocator.cc:66] 5677056, 6
2025-06-28 20:37:45.159569: E external/local_xla/xla/stream_executor/gpu/gpu_cudamallocasync_allocator.cc:66] 7077888, 6
2025-06-28 20:37:45.160059: E external/local_xla/xla/stream_executor/gpu/gpu_cudamallocasync_allocator.cc:66] 7569408, 1
2025-06-28 20:37:45.160674: E external/local_xla/xla/stream_executor/gpu/gpu_cudamallocasync_allocator.cc:66] 10616832, 3
2025-06-28 20:37:45.161106: E external/local_xla/xla/stream_executor/gpu/gpu_cudamallocasync_allocator.cc:66] 14155776, 3
2025-06-28 20:37:45.161531: E external/local_xla/xla/stream_executor/gpu/gpu_cudamallocasync_allocator.cc:66] 15138816, 5
2025-06-28 20:37:45.161956: E external/local_xla/xla/stream_executor/gpu/gpu_cudamallocasync_allocator.cc:66] 15925248, 3
2025-06-28 20:37:45.162570: E external/local_xla/xla/stream_executor/gpu/gpu_cudamallocasync_allocator.cc:66] 30277632, 17
2025-06-28 20:37:45.163032: E external/local_xla/xla/stream_executor/gpu/gpu_cudamallocasync_allocator.cc:66] 60555264, 9
2025-06-28 20:37:45.163473: E external/local_xla/xla/stream_executor/gpu/gpu_cudamallocasync_allocator.cc:66] 121110528, 14
2025-06-28 20:37:45.163923: E external/local_xla/xla/stream_executor/gpu/gpu_cudamallocasync_allocator.cc:66] 242221056, 5
2025-06-28 20:37:45.164501: E external/local_xla/xla/stream_executor/gpu/gpu_cudamallocasync_allocator.cc:66] 484442112, 9
2025-06-28 20:37:45.164934: E external/local_xla/xla/stream_executor/gpu/gpu_cudamallocasync_allocator.cc:66] 968884224, 2
2025-06-28 20:37:45.165348: E external/local_xla/xla/stream_executor/gpu/gpu_cudamallocasync_allocator.cc:66] 1937768448, 7
2025-06-28 20:37:45.165777: E external/local_xla/xla/stream_executor/gpu/gpu_cudamallocasync_allocator.cc:97] CU_MEMPOOL_ATTR_RESERVED_MEM_CURRENT: 24763170816
2025-06-28 20:37:45.166368: E external/local_xla/xla/stream_executor/gpu/gpu_cudamallocasync_allocator.cc:99] CU_MEMPOOL_ATTR_USED_MEM_CURRENT: 24190229210
2025-06-28 20:37:45.166818: E external/local_xla/xla/stream_executor/gpu/gpu_cudamallocasync_allocator.cc:100] CU_MEMPOOL_ATTR_RESERVED_MEM_HIGH: 25132269568
2025-06-28 20:37:45.167207: E external/local_xla/xla/stream_executor/gpu/gpu_cudamallocasync_allocator.cc:101] CU_MEMPOOL_ATTR_USED_MEM_HIGH: 24643317634
2025-06-28 20:37:45.168137: E external/local_xla/xla/stream_executor/gpu/gpu_cudamallocasync_allocator.cc:306] gpu_async_0 cuMemAllocAsync failed to allocate 1470988304 bytes: CUDA error: out of memory (CUDA_ERROR_OUT_OF_MEMORY)
 Reported by CUDA: Free memory/Total memory: 398065664/25393496064
2025-06-28 20:37:45.168529: E external/local_xla/xla/stream_executor/gpu/gpu_cudamallocasync_allocator.cc:311] Stats: Limit:                     23575789568
InUse:                     24190229210
MaxInUse:                  24643317634
NumAllocs:                        3672
MaxAllocSize:               6799661232
Reserved:                            0
PeakReserved:                        0
LargestFreeBlock:                    0

2025-06-28 20:37:45.169072: E external/local_xla/xla/stream_executor/gpu/gpu_cudamallocasync_allocator.cc:63] Histogram of current allocation: (allocation_size_in_bytes, nb_allocation_of_that_sizes), ...;
2025-06-28 20:37:45.169423: E external/local_xla/xla/stream_executor/gpu/gpu_cudamallocasync_allocator.cc:66] 1, 18
2025-06-28 20:37:45.170109: E external/local_xla/xla/stream_executor/gpu/gpu_cudamallocasync_allocator.cc:66] 4, 113
2025-06-28 20:37:45.170629: E external/local_xla/xla/stream_executor/gpu/gpu_cudamallocasync_allocator.cc:66] 8, 11
2025-06-28 20:37:45.171150: E external/local_xla/xla/stream_executor/gpu/gpu_cudamallocasync_allocator.cc:66] 12, 3
2025-06-28 20:37:45.171654: E external/local_xla/xla/stream_executor/gpu/gpu_cudamallocasync_allocator.cc:66] 16, 7
2025-06-28 20:37:45.172122: E external/local_xla/xla/stream_executor/gpu/gpu_cudamallocasync_allocator.cc:66] 20, 1
2025-06-28 20:37:45.172739: E external/local_xla/xla/stream_executor/gpu/gpu_cudamallocasync_allocator.cc:66] 32, 7
2025-06-28 20:37:45.173223: E external/local_xla/xla/stream_executor/gpu/gpu_cudamallocasync_allocator.cc:66] 64, 17
2025-06-28 20:37:45.173637: E external/local_xla/xla/stream_executor/gpu/gpu_cudamallocasync_allocator.cc:66] 96, 3
2025-06-28 20:37:45.174076: E external/local_xla/xla/stream_executor/gpu/gpu_cudamallocasync_allocator.cc:66] 128, 103
2025-06-28 20:37:45.174602: E external/local_xla/xla/stream_executor/gpu/gpu_cudamallocasync_allocator.cc:66] 192, 1
2025-06-28 20:37:45.175037: E external/local_xla/xla/stream_executor/gpu/gpu_cudamallocasync_allocator.cc:66] 256, 108
2025-06-28 20:37:45.175466: E external/local_xla/xla/stream_executor/gpu/gpu_cudamallocasync_allocator.cc:66] 512, 102
2025-06-28 20:37:45.175950: E external/local_xla/xla/stream_executor/gpu/gpu_cudamallocasync_allocator.cc:66] 1024, 107
2025-06-28 20:37:45.182870: E external/local_xla/xla/stream_executor/gpu/gpu_cudamallocasync_allocator.cc:66] 1028, 1
2025-06-28 20:37:45.183568: E external/local_xla/xla/stream_executor/gpu/gpu_cudamallocasync_allocator.cc:66] 1536, 44
2025-06-28 20:37:45.184271: E external/local_xla/xla/stream_executor/gpu/gpu_cudamallocasync_allocator.cc:66] 2048, 10
2025-06-28 20:37:45.184764: E external/local_xla/xla/stream_executor/gpu/gpu_cudamallocasync_allocator.cc:66] 3072, 2
2025-06-28 20:37:45.185364: E external/local_xla/xla/stream_executor/gpu/gpu_cudamallocasync_allocator.cc:66] 3456, 3
2025-06-28 20:37:45.185861: E external/local_xla/xla/stream_executor/gpu/gpu_cudamallocasync_allocator.cc:66] 4096, 12
2025-06-28 20:37:45.186308: E external/local_xla/xla/stream_executor/gpu/gpu_cudamallocasync_allocator.cc:66] 8192, 14
2025-06-28 20:37:45.186782: E external/local_xla/xla/stream_executor/gpu/gpu_cudamallocasync_allocator.cc:66] 16384, 12
2025-06-28 20:37:45.187233: E external/local_xla/xla/stream_executor/gpu/gpu_cudamallocasync_allocator.cc:66] 32768, 14
2025-06-28 20:37:45.187829: E external/local_xla/xla/stream_executor/gpu/gpu_cudamallocasync_allocator.cc:66] 36864, 6
2025-06-28 20:37:45.188282: E external/local_xla/xla/stream_executor/gpu/gpu_cudamallocasync_allocator.cc:66] 59136, 1
2025-06-28 20:37:45.188700: E external/local_xla/xla/stream_executor/gpu/gpu_cudamallocasync_allocator.cc:66] 65536, 3
2025-06-28 20:37:45.189111: E external/local_xla/xla/stream_executor/gpu/gpu_cudamallocasync_allocator.cc:66] 110592, 6
2025-06-28 20:37:45.189649: E external/local_xla/xla/stream_executor/gpu/gpu_cudamallocasync_allocator.cc:66] 118272, 1
2025-06-28 20:37:45.190081: E external/local_xla/xla/stream_executor/gpu/gpu_cudamallocasync_allocator.cc:66] 131072, 14
2025-06-28 20:37:45.190508: E external/local_xla/xla/stream_executor/gpu/gpu_cudamallocasync_allocator.cc:66] 221184, 6
2025-06-28 20:37:45.190974: E external/local_xla/xla/stream_executor/gpu/gpu_cudamallocasync_allocator.cc:66] 262144, 3
2025-06-28 20:37:45.191420: E external/local_xla/xla/stream_executor/gpu/gpu_cudamallocasync_allocator.cc:66] 393216, 4
2025-06-28 20:37:45.191919: E external/local_xla/xla/stream_executor/gpu/gpu_cudamallocasync_allocator.cc:66] 442368, 6
2025-06-28 20:37:45.192342: E external/local_xla/xla/stream_executor/gpu/gpu_cudamallocasync_allocator.cc:66] 473088, 1
2025-06-28 20:37:45.192774: E external/local_xla/xla/stream_executor/gpu/gpu_cudamallocasync_allocator.cc:66] 524288, 4
2025-06-28 20:37:45.193206: E external/local_xla/xla/stream_executor/gpu/gpu_cudamallocasync_allocator.cc:66] 884736, 7
2025-06-28 20:37:45.193810: E external/local_xla/xla/stream_executor/gpu/gpu_cudamallocasync_allocator.cc:66] 946176, 1
2025-06-28 20:37:45.194343: E external/local_xla/xla/stream_executor/gpu/gpu_cudamallocasync_allocator.cc:66] 1048576, 3
2025-06-28 20:37:45.194830: E external/local_xla/xla/stream_executor/gpu/gpu_cudamallocasync_allocator.cc:66] 1769472, 6
2025-06-28 20:37:45.195275: E external/local_xla/xla/stream_executor/gpu/gpu_cudamallocasync_allocator.cc:66] 3145728, 3
2025-06-28 20:37:45.195839: E external/local_xla/xla/stream_executor/gpu/gpu_cudamallocasync_allocator.cc:66] 3538944, 6
2025-06-28 20:37:45.196264: E external/local_xla/xla/stream_executor/gpu/gpu_cudamallocasync_allocator.cc:66] 3784704, 4
2025-06-28 20:37:45.196686: E external/local_xla/xla/stream_executor/gpu/gpu_cudamallocasync_allocator.cc:66] 5677056, 6
2025-06-28 20:37:45.197128: E external/local_xla/xla/stream_executor/gpu/gpu_cudamallocasync_allocator.cc:66] 7077888, 6
2025-06-28 20:37:45.197606: E external/local_xla/xla/stream_executor/gpu/gpu_cudamallocasync_allocator.cc:66] 7569408, 1
2025-06-28 20:37:45.198055: E external/local_xla/xla/stream_executor/gpu/gpu_cudamallocasync_allocator.cc:66] 10616832, 3
2025-06-28 20:37:45.198479: E external/local_xla/xla/stream_executor/gpu/gpu_cudamallocasync_allocator.cc:66] 14155776, 3
2025-06-28 20:37:45.198912: E external/local_xla/xla/stream_executor/gpu/gpu_cudamallocasync_allocator.cc:66] 15138816, 5
2025-06-28 20:37:45.199521: E external/local_xla/xla/stream_executor/gpu/gpu_cudamallocasync_allocator.cc:66] 15925248, 3
2025-06-28 20:37:45.200018: E external/local_xla/xla/stream_executor/gpu/gpu_cudamallocasync_allocator.cc:66] 30277632, 17
2025-06-28 20:37:45.200531: E external/local_xla/xla/stream_executor/gpu/gpu_cudamallocasync_allocator.cc:66] 60555264, 9
2025-06-28 20:37:45.200963: E external/local_xla/xla/stream_executor/gpu/gpu_cudamallocasync_allocator.cc:66] 121110528, 14
2025-06-28 20:37:45.201400: E external/local_xla/xla/stream_executor/gpu/gpu_cudamallocasync_allocator.cc:66] 242221056, 5
2025-06-28 20:37:45.201886: E external/local_xla/xla/stream_executor/gpu/gpu_cudamallocasync_allocator.cc:66] 484442112, 9
2025-06-28 20:37:45.202315: E external/local_xla/xla/stream_executor/gpu/gpu_cudamallocasync_allocator.cc:66] 968884224, 2
2025-06-28 20:37:45.202714: E external/local_xla/xla/stream_executor/gpu/gpu_cudamallocasync_allocator.cc:66] 1937768448, 7
2025-06-28 20:37:45.203128: E external/local_xla/xla/stream_executor/gpu/gpu_cudamallocasync_allocator.cc:97] CU_MEMPOOL_ATTR_RESERVED_MEM_CURRENT: 24763170816
2025-06-28 20:37:45.203556: E external/local_xla/xla/stream_executor/gpu/gpu_cudamallocasync_allocator.cc:99] CU_MEMPOOL_ATTR_USED_MEM_CURRENT: 24190229210
2025-06-28 20:37:45.203942: E external/local_xla/xla/stream_executor/gpu/gpu_cudamallocasync_allocator.cc:100] CU_MEMPOOL_ATTR_RESERVED_MEM_HIGH: 25132269568
2025-06-28 20:37:45.204280: E external/local_xla/xla/stream_executor/gpu/gpu_cudamallocasync_allocator.cc:101] CU_MEMPOOL_ATTR_USED_MEM_HIGH: 24643317634
2025-06-28 20:37:45.394622: E external/local_xla/xla/stream_executor/gpu/gpu_cudamallocasync_allocator.cc:306] gpu_async_0 cuMemAllocAsync failed to allocate 1470988304 bytes: CUDA error: out of memory (CUDA_ERROR_OUT_OF_MEMORY)
 Reported by CUDA: Free memory/Total memory: 398065664/25393496064
2025-06-28 20:37:45.395343: E external/local_xla/xla/stream_executor/gpu/gpu_cudamallocasync_allocator.cc:311] Stats: Limit:                     23575789568
InUse:                     24190229210
MaxInUse:                  24643317634
NumAllocs:                        3674
MaxAllocSize:               6799661232
Reserved:                            0
PeakReserved:                        0
LargestFreeBlock:                    0

2025-06-28 20:37:45.396014: E external/local_xla/xla/stream_executor/gpu/gpu_cudamallocasync_allocator.cc:63] Histogram of current allocation: (allocation_size_in_bytes, nb_allocation_of_that_sizes), ...;
2025-06-28 20:37:45.396420: E external/local_xla/xla/stream_executor/gpu/gpu_cudamallocasync_allocator.cc:66] 1, 18
2025-06-28 20:37:45.396898: E external/local_xla/xla/stream_executor/gpu/gpu_cudamallocasync_allocator.cc:66] 4, 113
2025-06-28 20:37:45.397370: E external/local_xla/xla/stream_executor/gpu/gpu_cudamallocasync_allocator.cc:66] 8, 11
2025-06-28 20:37:45.397812: E external/local_xla/xla/stream_executor/gpu/gpu_cudamallocasync_allocator.cc:66] 12, 3
2025-06-28 20:37:45.398266: E external/local_xla/xla/stream_executor/gpu/gpu_cudamallocasync_allocator.cc:66] 16, 7
2025-06-28 20:37:45.398829: E external/local_xla/xla/stream_executor/gpu/gpu_cudamallocasync_allocator.cc:66] 20, 1
2025-06-28 20:37:45.399269: E external/local_xla/xla/stream_executor/gpu/gpu_cudamallocasync_allocator.cc:66] 32, 7
2025-06-28 20:37:45.399711: E external/local_xla/xla/stream_executor/gpu/gpu_cudamallocasync_allocator.cc:66] 64, 17
2025-06-28 20:37:45.400139: E external/local_xla/xla/stream_executor/gpu/gpu_cudamallocasync_allocator.cc:66] 96, 3
2025-06-28 20:37:45.400730: E external/local_xla/xla/stream_executor/gpu/gpu_cudamallocasync_allocator.cc:66] 128, 103
2025-06-28 20:37:45.401224: E external/local_xla/xla/stream_executor/gpu/gpu_cudamallocasync_allocator.cc:66] 192, 1
2025-06-28 20:37:45.401689: E external/local_xla/xla/stream_executor/gpu/gpu_cudamallocasync_allocator.cc:66] 256, 108
2025-06-28 20:37:45.402174: E external/local_xla/xla/stream_executor/gpu/gpu_cudamallocasync_allocator.cc:66] 512, 102
2025-06-28 20:37:45.402612: E external/local_xla/xla/stream_executor/gpu/gpu_cudamallocasync_allocator.cc:66] 1024, 107
2025-06-28 20:37:45.403198: E external/local_xla/xla/stream_executor/gpu/gpu_cudamallocasync_allocator.cc:66] 1028, 1
2025-06-28 20:37:45.403691: E external/local_xla/xla/stream_executor/gpu/gpu_cudamallocasync_allocator.cc:66] 1536, 44
2025-06-28 20:37:45.404163: E external/local_xla/xla/stream_executor/gpu/gpu_cudamallocasync_allocator.cc:66] 2048, 10
2025-06-28 20:37:45.404607: E external/local_xla/xla/stream_executor/gpu/gpu_cudamallocasync_allocator.cc:66] 3072, 2
2025-06-28 20:37:45.405220: E external/local_xla/xla/stream_executor/gpu/gpu_cudamallocasync_allocator.cc:66] 3456, 3
2025-06-28 20:37:45.405703: E external/local_xla/xla/stream_executor/gpu/gpu_cudamallocasync_allocator.cc:66] 4096, 12
2025-06-28 20:37:45.406216: E external/local_xla/xla/stream_executor/gpu/gpu_cudamallocasync_allocator.cc:66] 8192, 14
2025-06-28 20:37:45.406642: E external/local_xla/xla/stream_executor/gpu/gpu_cudamallocasync_allocator.cc:66] 16384, 12
2025-06-28 20:37:45.407196: E external/local_xla/xla/stream_executor/gpu/gpu_cudamallocasync_allocator.cc:66] 32768, 14
2025-06-28 20:37:45.407673: E external/local_xla/xla/stream_executor/gpu/gpu_cudamallocasync_allocator.cc:66] 36864, 6
2025-06-28 20:37:45.408129: E external/local_xla/xla/stream_executor/gpu/gpu_cudamallocasync_allocator.cc:66] 59136, 1
2025-06-28 20:37:45.408599: E external/local_xla/xla/stream_executor/gpu/gpu_cudamallocasync_allocator.cc:66] 65536, 3
2025-06-28 20:37:45.409090: E external/local_xla/xla/stream_executor/gpu/gpu_cudamallocasync_allocator.cc:66] 110592, 6
2025-06-28 20:37:45.409685: E external/local_xla/xla/stream_executor/gpu/gpu_cudamallocasync_allocator.cc:66] 118272, 1
2025-06-28 20:37:45.410154: E external/local_xla/xla/stream_executor/gpu/gpu_cudamallocasync_allocator.cc:66] 131072, 14
2025-06-28 20:37:45.410607: E external/local_xla/xla/stream_executor/gpu/gpu_cudamallocasync_allocator.cc:66] 221184, 6
2025-06-28 20:37:45.411059: E external/local_xla/xla/stream_executor/gpu/gpu_cudamallocasync_allocator.cc:66] 262144, 3
2025-06-28 20:37:45.411557: E external/local_xla/xla/stream_executor/gpu/gpu_cudamallocasync_allocator.cc:66] 393216, 4
2025-06-28 20:37:45.411988: E external/local_xla/xla/stream_executor/gpu/gpu_cudamallocasync_allocator.cc:66] 442368, 6
2025-06-28 20:37:45.412464: E external/local_xla/xla/stream_executor/gpu/gpu_cudamallocasync_allocator.cc:66] 473088, 1
2025-06-28 20:37:45.412948: E external/local_xla/xla/stream_executor/gpu/gpu_cudamallocasync_allocator.cc:66] 524288, 4
2025-06-28 20:37:45.413562: E external/local_xla/xla/stream_executor/gpu/gpu_cudamallocasync_allocator.cc:66] 884736, 7
2025-06-28 20:37:45.414117: E external/local_xla/xla/stream_executor/gpu/gpu_cudamallocasync_allocator.cc:66] 946176, 1
2025-06-28 20:37:45.414558: E external/local_xla/xla/stream_executor/gpu/gpu_cudamallocasync_allocator.cc:66] 1048576, 3
2025-06-28 20:37:45.414979: E external/local_xla/xla/stream_executor/gpu/gpu_cudamallocasync_allocator.cc:66] 1769472, 6
2025-06-28 20:37:45.415497: E external/local_xla/xla/stream_executor/gpu/gpu_cudamallocasync_allocator.cc:66] 3145728, 3
2025-06-28 20:37:45.415943: E external/local_xla/xla/stream_executor/gpu/gpu_cudamallocasync_allocator.cc:66] 3538944, 6
2025-06-28 20:37:45.416423: E external/local_xla/xla/stream_executor/gpu/gpu_cudamallocasync_allocator.cc:66] 3784704, 4
2025-06-28 20:37:45.416885: E external/local_xla/xla/stream_executor/gpu/gpu_cudamallocasync_allocator.cc:66] 5677056, 6
2025-06-28 20:37:45.417326: E external/local_xla/xla/stream_executor/gpu/gpu_cudamallocasync_allocator.cc:66] 7077888, 6
2025-06-28 20:37:45.417869: E external/local_xla/xla/stream_executor/gpu/gpu_cudamallocasync_allocator.cc:66] 7569408, 1
2025-06-28 20:37:45.418302: E external/local_xla/xla/stream_executor/gpu/gpu_cudamallocasync_allocator.cc:66] 10616832, 3
2025-06-28 20:37:45.418789: E external/local_xla/xla/stream_executor/gpu/gpu_cudamallocasync_allocator.cc:66] 14155776, 3
2025-06-28 20:37:45.419253: E external/local_xla/xla/stream_executor/gpu/gpu_cudamallocasync_allocator.cc:66] 15138816, 5
2025-06-28 20:37:45.419818: E external/local_xla/xla/stream_executor/gpu/gpu_cudamallocasync_allocator.cc:66] 15925248, 3
2025-06-28 20:37:45.420251: E external/local_xla/xla/stream_executor/gpu/gpu_cudamallocasync_allocator.cc:66] 30277632, 17
2025-06-28 20:37:45.420694: E external/local_xla/xla/stream_executor/gpu/gpu_cudamallocasync_allocator.cc:66] 60555264, 9
2025-06-28 20:37:45.421130: E external/local_xla/xla/stream_executor/gpu/gpu_cudamallocasync_allocator.cc:66] 121110528, 14
2025-06-28 20:37:45.421713: E external/local_xla/xla/stream_executor/gpu/gpu_cudamallocasync_allocator.cc:66] 242221056, 5
2025-06-28 20:37:45.422150: E external/local_xla/xla/stream_executor/gpu/gpu_cudamallocasync_allocator.cc:66] 484442112, 9
2025-06-28 20:37:45.422618: E external/local_xla/xla/stream_executor/gpu/gpu_cudamallocasync_allocator.cc:66] 968884224, 2
2025-06-28 20:37:45.423087: E external/local_xla/xla/stream_executor/gpu/gpu_cudamallocasync_allocator.cc:66] 1937768448, 7
2025-06-28 20:37:45.423758: E external/local_xla/xla/stream_executor/gpu/gpu_cudamallocasync_allocator.cc:97] CU_MEMPOOL_ATTR_RESERVED_MEM_CURRENT: 24763170816
2025-06-28 20:37:45.424287: E external/local_xla/xla/stream_executor/gpu/gpu_cudamallocasync_allocator.cc:99] CU_MEMPOOL_ATTR_USED_MEM_CURRENT: 24190229210
2025-06-28 20:37:45.424777: E external/local_xla/xla/stream_executor/gpu/gpu_cudamallocasync_allocator.cc:100] CU_MEMPOOL_ATTR_RESERVED_MEM_HIGH: 25132269568
2025-06-28 20:37:45.425225: E external/local_xla/xla/stream_executor/gpu/gpu_cudamallocasync_allocator.cc:101] CU_MEMPOOL_ATTR_USED_MEM_HIGH: 24643317634
2025-06-28 20:37:46.454819: E external/local_xla/xla/stream_executor/gpu/gpu_cudamallocasync_allocator.cc:306] gpu_async_0 cuMemAllocAsync failed to allocate 484442112 bytes: CUDA error: out of memory (CUDA_ERROR_OUT_OF_MEMORY)
 Reported by CUDA: Free memory/Total memory: 398065664/25393496064
2025-06-28 20:37:46.455661: E external/local_xla/xla/stream_executor/gpu/gpu_cudamallocasync_allocator.cc:311] Stats: Limit:                     23575789568
InUse:                     24189344474
MaxInUse:                  24643317634
NumAllocs:                        3677
MaxAllocSize:               6799661232
Reserved:                            0
PeakReserved:                        0
LargestFreeBlock:                    0

2025-06-28 20:37:46.456557: E external/local_xla/xla/stream_executor/gpu/gpu_cudamallocasync_allocator.cc:63] Histogram of current allocation: (allocation_size_in_bytes, nb_allocation_of_that_sizes), ...;
2025-06-28 20:37:46.457202: E external/local_xla/xla/stream_executor/gpu/gpu_cudamallocasync_allocator.cc:66] 1, 18
2025-06-28 20:37:46.457795: E external/local_xla/xla/stream_executor/gpu/gpu_cudamallocasync_allocator.cc:66] 4, 113
2025-06-28 20:37:46.458353: E external/local_xla/xla/stream_executor/gpu/gpu_cudamallocasync_allocator.cc:66] 8, 11
2025-06-28 20:37:46.458803: E external/local_xla/xla/stream_executor/gpu/gpu_cudamallocasync_allocator.cc:66] 12, 3
2025-06-28 20:37:46.459357: E external/local_xla/xla/stream_executor/gpu/gpu_cudamallocasync_allocator.cc:66] 16, 7
2025-06-28 20:37:46.459811: E external/local_xla/xla/stream_executor/gpu/gpu_cudamallocasync_allocator.cc:66] 20, 1
2025-06-28 20:37:46.460272: E external/local_xla/xla/stream_executor/gpu/gpu_cudamallocasync_allocator.cc:66] 32, 7
2025-06-28 20:37:46.460730: E external/local_xla/xla/stream_executor/gpu/gpu_cudamallocasync_allocator.cc:66] 64, 17
2025-06-28 20:37:46.461206: E external/local_xla/xla/stream_executor/gpu/gpu_cudamallocasync_allocator.cc:66] 96, 3
2025-06-28 20:37:46.461857: E external/local_xla/xla/stream_executor/gpu/gpu_cudamallocasync_allocator.cc:66] 128, 103
2025-06-28 20:37:46.462428: E external/local_xla/xla/stream_executor/gpu/gpu_cudamallocasync_allocator.cc:66] 192, 1
2025-06-28 20:37:46.462930: E external/local_xla/xla/stream_executor/gpu/gpu_cudamallocasync_allocator.cc:66] 256, 108
2025-06-28 20:37:46.463359: E external/local_xla/xla/stream_executor/gpu/gpu_cudamallocasync_allocator.cc:66] 512, 102
2025-06-28 20:37:46.463960: E external/local_xla/xla/stream_executor/gpu/gpu_cudamallocasync_allocator.cc:66] 1024, 107
2025-06-28 20:37:46.464444: E external/local_xla/xla/stream_executor/gpu/gpu_cudamallocasync_allocator.cc:66] 1028, 1
2025-06-28 20:37:46.464913: E external/local_xla/xla/stream_executor/gpu/gpu_cudamallocasync_allocator.cc:66] 1536, 44
2025-06-28 20:37:46.465379: E external/local_xla/xla/stream_executor/gpu/gpu_cudamallocasync_allocator.cc:66] 2048, 10
2025-06-28 20:37:46.465968: E external/local_xla/xla/stream_executor/gpu/gpu_cudamallocasync_allocator.cc:66] 3072, 2
2025-06-28 20:37:46.466386: E external/local_xla/xla/stream_executor/gpu/gpu_cudamallocasync_allocator.cc:66] 3456, 3
2025-06-28 20:37:46.466804: E external/local_xla/xla/stream_executor/gpu/gpu_cudamallocasync_allocator.cc:66] 4096, 12
2025-06-28 20:37:46.467260: E external/local_xla/xla/stream_executor/gpu/gpu_cudamallocasync_allocator.cc:66] 8192, 14
2025-06-28 20:37:46.467715: E external/local_xla/xla/stream_executor/gpu/gpu_cudamallocasync_allocator.cc:66] 16384, 12
2025-06-28 20:37:46.468171: E external/local_xla/xla/stream_executor/gpu/gpu_cudamallocasync_allocator.cc:66] 32768, 14
2025-06-28 20:37:46.468601: E external/local_xla/xla/stream_executor/gpu/gpu_cudamallocasync_allocator.cc:66] 36864, 6
2025-06-28 20:37:46.469054: E external/local_xla/xla/stream_executor/gpu/gpu_cudamallocasync_allocator.cc:66] 59136, 1
2025-06-28 20:37:46.469470: E external/local_xla/xla/stream_executor/gpu/gpu_cudamallocasync_allocator.cc:66] 65536, 3
2025-06-28 20:37:46.469991: E external/local_xla/xla/stream_executor/gpu/gpu_cudamallocasync_allocator.cc:66] 110592, 6
2025-06-28 20:37:46.470428: E external/local_xla/xla/stream_executor/gpu/gpu_cudamallocasync_allocator.cc:66] 118272, 1
2025-06-28 20:37:46.470890: E external/local_xla/xla/stream_executor/gpu/gpu_cudamallocasync_allocator.cc:66] 131072, 14
2025-06-28 20:37:46.471337: E external/local_xla/xla/stream_executor/gpu/gpu_cudamallocasync_allocator.cc:66] 221184, 6
2025-06-28 20:37:46.471861: E external/local_xla/xla/stream_executor/gpu/gpu_cudamallocasync_allocator.cc:66] 262144, 3
2025-06-28 20:37:46.472292: E external/local_xla/xla/stream_executor/gpu/gpu_cudamallocasync_allocator.cc:66] 393216, 4
2025-06-28 20:37:46.472716: E external/local_xla/xla/stream_executor/gpu/gpu_cudamallocasync_allocator.cc:66] 442368, 6
2025-06-28 20:37:46.473168: E external/local_xla/xla/stream_executor/gpu/gpu_cudamallocasync_allocator.cc:66] 473088, 1
2025-06-28 20:37:46.473595: E external/local_xla/xla/stream_executor/gpu/gpu_cudamallocasync_allocator.cc:66] 524288, 4
2025-06-28 20:37:46.474097: E external/local_xla/xla/stream_executor/gpu/gpu_cudamallocasync_allocator.cc:66] 884736, 6
2025-06-28 20:37:46.474527: E external/local_xla/xla/stream_executor/gpu/gpu_cudamallocasync_allocator.cc:66] 946176, 1
2025-06-28 20:37:46.474984: E external/local_xla/xla/stream_executor/gpu/gpu_cudamallocasync_allocator.cc:66] 1048576, 3
2025-06-28 20:37:46.475408: E external/local_xla/xla/stream_executor/gpu/gpu_cudamallocasync_allocator.cc:66] 1769472, 6
2025-06-28 20:37:46.476010: E external/local_xla/xla/stream_executor/gpu/gpu_cudamallocasync_allocator.cc:66] 3145728, 3
2025-06-28 20:37:46.476532: E external/local_xla/xla/stream_executor/gpu/gpu_cudamallocasync_allocator.cc:66] 3538944, 6
2025-06-28 20:37:46.476974: E external/local_xla/xla/stream_executor/gpu/gpu_cudamallocasync_allocator.cc:66] 3784704, 4
2025-06-28 20:37:46.477394: E external/local_xla/xla/stream_executor/gpu/gpu_cudamallocasync_allocator.cc:66] 5677056, 6
2025-06-28 20:37:46.477973: E external/local_xla/xla/stream_executor/gpu/gpu_cudamallocasync_allocator.cc:66] 7077888, 6
2025-06-28 20:37:46.478390: E external/local_xla/xla/stream_executor/gpu/gpu_cudamallocasync_allocator.cc:66] 7569408, 1
2025-06-28 20:37:46.478799: E external/local_xla/xla/stream_executor/gpu/gpu_cudamallocasync_allocator.cc:66] 10616832, 3
2025-06-28 20:37:46.479219: E external/local_xla/xla/stream_executor/gpu/gpu_cudamallocasync_allocator.cc:66] 14155776, 3
2025-06-28 20:37:46.479782: E external/local_xla/xla/stream_executor/gpu/gpu_cudamallocasync_allocator.cc:66] 15138816, 5
2025-06-28 20:37:46.480291: E external/local_xla/xla/stream_executor/gpu/gpu_cudamallocasync_allocator.cc:66] 15925248, 3
2025-06-28 20:37:46.480736: E external/local_xla/xla/stream_executor/gpu/gpu_cudamallocasync_allocator.cc:66] 30277632, 17
2025-06-28 20:37:46.481211: E external/local_xla/xla/stream_executor/gpu/gpu_cudamallocasync_allocator.cc:66] 60555264, 9
2025-06-28 20:37:46.481886: E external/local_xla/xla/stream_executor/gpu/gpu_cudamallocasync_allocator.cc:66] 121110528, 14
2025-06-28 20:37:46.482366: E external/local_xla/xla/stream_executor/gpu/gpu_cudamallocasync_allocator.cc:66] 242221056, 5
2025-06-28 20:37:46.482823: E external/local_xla/xla/stream_executor/gpu/gpu_cudamallocasync_allocator.cc:66] 484442112, 9
2025-06-28 20:37:46.483271: E external/local_xla/xla/stream_executor/gpu/gpu_cudamallocasync_allocator.cc:66] 968884224, 2
2025-06-28 20:37:46.483706: E external/local_xla/xla/stream_executor/gpu/gpu_cudamallocasync_allocator.cc:66] 1937768448, 7
2025-06-28 20:37:46.484323: E external/local_xla/xla/stream_executor/gpu/gpu_cudamallocasync_allocator.cc:97] CU_MEMPOOL_ATTR_RESERVED_MEM_CURRENT: 24763170816
2025-06-28 20:37:46.484728: E external/local_xla/xla/stream_executor/gpu/gpu_cudamallocasync_allocator.cc:99] CU_MEMPOOL_ATTR_USED_MEM_CURRENT: 24189344474
2025-06-28 20:37:46.485144: E external/local_xla/xla/stream_executor/gpu/gpu_cudamallocasync_allocator.cc:100] CU_MEMPOOL_ATTR_RESERVED_MEM_HIGH: 25132269568
2025-06-28 20:37:46.485660: E external/local_xla/xla/stream_executor/gpu/gpu_cudamallocasync_allocator.cc:101] CU_MEMPOOL_ATTR_USED_MEM_HIGH: 24643317634
2025-06-28 20:37:46.486011: W tensorflow/core/framework/op_kernel.cc:1839] OP_REQUIRES failed at fused_batch_norm_op.cc:1565 : RESOURCE_EXHAUSTED: OOM when allocating tensor with shape[2,64,96,9856] and type float on /job:localhost/replica:0/task:0/device:GPU:0 by allocator gpu_async_0
2025-06-28 20:37:46,578 - ERROR - ❌ Training failed: Graph execution error:

Detected at node SimplifiedSOTA/decode7/decode7_bn1/FusedBatchNormV3 defined at (most recent call last):
  File "/mnt/beegfs/hellgate/home/rb194958e/stroke_segmentation_sota/simplified_sota_fallback.py", line 485, in <module>

  File "/mnt/beegfs/hellgate/home/rb194958e/stroke_segmentation_sota/simplified_sota_fallback.py", line 429, in train_simplified_sota

  File "/mnt/beegfs/hellgate/home/rb194958e/.conda/envs/tf215_env/lib/python3.11/site-packages/keras/src/utils/traceback_utils.py", line 65, in error_handler

  File "/mnt/beegfs/hellgate/home/rb194958e/.conda/envs/tf215_env/lib/python3.11/site-packages/keras/src/engine/training.py", line 1807, in fit

  File "/mnt/beegfs/hellgate/home/rb194958e/.conda/envs/tf215_env/lib/python3.11/site-packages/keras/src/engine/training.py", line 1401, in train_function

  File "/mnt/beegfs/hellgate/home/rb194958e/.conda/envs/tf215_env/lib/python3.11/site-packages/keras/src/engine/training.py", line 1384, in step_function

  File "/mnt/beegfs/hellgate/home/rb194958e/.conda/envs/tf215_env/lib/python3.11/site-packages/keras/src/engine/training.py", line 1373, in run_step

  File "/mnt/beegfs/hellgate/home/rb194958e/.conda/envs/tf215_env/lib/python3.11/site-packages/keras/src/engine/training.py", line 1150, in train_step

  File "/mnt/beegfs/hellgate/home/rb194958e/.conda/envs/tf215_env/lib/python3.11/site-packages/keras/src/utils/traceback_utils.py", line 65, in error_handler

  File "/mnt/beegfs/hellgate/home/rb194958e/.conda/envs/tf215_env/lib/python3.11/site-packages/keras/src/engine/training.py", line 590, in __call__

  File "/mnt/beegfs/hellgate/home/rb194958e/.conda/envs/tf215_env/lib/python3.11/site-packages/keras/src/utils/traceback_utils.py", line 65, in error_handler

  File "/mnt/beegfs/hellgate/home/rb194958e/.conda/envs/tf215_env/lib/python3.11/site-packages/keras/src/engine/base_layer.py", line 1149, in __call__

  File "/mnt/beegfs/hellgate/home/rb194958e/.conda/envs/tf215_env/lib/python3.11/site-packages/keras/src/utils/traceback_utils.py", line 96, in error_handler

  File "/mnt/beegfs/hellgate/home/rb194958e/.conda/envs/tf215_env/lib/python3.11/site-packages/keras/src/engine/functional.py", line 515, in call

  File "/mnt/beegfs/hellgate/home/rb194958e/.conda/envs/tf215_env/lib/python3.11/site-packages/keras/src/engine/functional.py", line 672, in _run_internal_graph

  File "/mnt/beegfs/hellgate/home/rb194958e/.conda/envs/tf215_env/lib/python3.11/site-packages/keras/src/utils/traceback_utils.py", line 65, in error_handler

  File "/mnt/beegfs/hellgate/home/rb194958e/.conda/envs/tf215_env/lib/python3.11/site-packages/keras/src/engine/base_layer.py", line 1149, in __call__

  File "/mnt/beegfs/hellgate/home/rb194958e/.conda/envs/tf215_env/lib/python3.11/site-packages/keras/src/utils/traceback_utils.py", line 96, in error_handler

  File "/mnt/beegfs/hellgate/home/rb194958e/stroke_segmentation_sota/simplified_sota_fallback.py", line 93, in call

  File "/mnt/beegfs/hellgate/home/rb194958e/.conda/envs/tf215_env/lib/python3.11/site-packages/keras/src/utils/traceback_utils.py", line 65, in error_handler

  File "/mnt/beegfs/hellgate/home/rb194958e/.conda/envs/tf215_env/lib/python3.11/site-packages/keras/src/engine/base_layer.py", line 1149, in __call__

  File "/mnt/beegfs/hellgate/home/rb194958e/.conda/envs/tf215_env/lib/python3.11/site-packages/keras/src/utils/traceback_utils.py", line 96, in error_handler

  File "/mnt/beegfs/hellgate/home/rb194958e/.conda/envs/tf215_env/lib/python3.11/site-packages/keras/src/layers/normalization/batch_normalization.py", line 597, in call

  File "/mnt/beegfs/hellgate/home/rb194958e/.conda/envs/tf215_env/lib/python3.11/site-packages/keras/src/layers/normalization/batch_normalization.py", line 990, in _fused_batch_norm

  File "/mnt/beegfs/hellgate/home/rb194958e/.conda/envs/tf215_env/lib/python3.11/site-packages/keras/src/utils/control_flow_util.py", line 108, in smart_cond

  File "/mnt/beegfs/hellgate/home/rb194958e/.conda/envs/tf215_env/lib/python3.11/site-packages/keras/src/layers/normalization/batch_normalization.py", line 964, in _fused_batch_norm_training

OOM when allocating tensor with shape[2,64,96,9856] and type float on /job:localhost/replica:0/task:0/device:GPU:0 by allocator gpu_async_0
	 [[{{node SimplifiedSOTA/decode7/decode7_bn1/FusedBatchNormV3}}]]
Hint: If you want to see a list of allocated tensors when OOM happens, add report_tensor_allocations_upon_oom to RunOptions for current allocation info. This isn't available when running in Eager mode.
 [Op:__inference_train_function_23393]
Traceback (most recent call last):
  File "/mnt/beegfs/hellgate/home/rb194958e/stroke_segmentation_sota/simplified_sota_fallback.py", line 429, in train_simplified_sota
    history = model.fit(
              ^^^^^^^^^^
  File "/mnt/beegfs/hellgate/home/rb194958e/.conda/envs/tf215_env/lib/python3.11/site-packages/keras/src/utils/traceback_utils.py", line 70, in error_handler
    raise e.with_traceback(filtered_tb) from None
  File "/mnt/beegfs/hellgate/home/rb194958e/.conda/envs/tf215_env/lib/python3.11/site-packages/tensorflow/python/eager/execute.py", line 59, in quick_execute
    except TypeError as e:
tensorflow.python.framework.errors_impl.ResourceExhaustedError: Graph execution error:

Detected at node SimplifiedSOTA/decode7/decode7_bn1/FusedBatchNormV3 defined at (most recent call last):
  File "/mnt/beegfs/hellgate/home/rb194958e/stroke_segmentation_sota/simplified_sota_fallback.py", line 485, in <module>

  File "/mnt/beegfs/hellgate/home/rb194958e/stroke_segmentation_sota/simplified_sota_fallback.py", line 429, in train_simplified_sota

  File "/mnt/beegfs/hellgate/home/rb194958e/.conda/envs/tf215_env/lib/python3.11/site-packages/keras/src/utils/traceback_utils.py", line 65, in error_handler

  File "/mnt/beegfs/hellgate/home/rb194958e/.conda/envs/tf215_env/lib/python3.11/site-packages/keras/src/engine/training.py", line 1807, in fit

  File "/mnt/beegfs/hellgate/home/rb194958e/.conda/envs/tf215_env/lib/python3.11/site-packages/keras/src/engine/training.py", line 1401, in train_function

  File "/mnt/beegfs/hellgate/home/rb194958e/.conda/envs/tf215_env/lib/python3.11/site-packages/keras/src/engine/training.py", line 1384, in step_function

  File "/mnt/beegfs/hellgate/home/rb194958e/.conda/envs/tf215_env/lib/python3.11/site-packages/keras/src/engine/training.py", line 1373, in run_step

  File "/mnt/beegfs/hellgate/home/rb194958e/.conda/envs/tf215_env/lib/python3.11/site-packages/keras/src/engine/training.py", line 1150, in train_step

  File "/mnt/beegfs/hellgate/home/rb194958e/.conda/envs/tf215_env/lib/python3.11/site-packages/keras/src/utils/traceback_utils.py", line 65, in error_handler

  File "/mnt/beegfs/hellgate/home/rb194958e/.conda/envs/tf215_env/lib/python3.11/site-packages/keras/src/engine/training.py", line 590, in __call__

  File "/mnt/beegfs/hellgate/home/rb194958e/.conda/envs/tf215_env/lib/python3.11/site-packages/keras/src/utils/traceback_utils.py", line 65, in error_handler

  File "/mnt/beegfs/hellgate/home/rb194958e/.conda/envs/tf215_env/lib/python3.11/site-packages/keras/src/engine/base_layer.py", line 1149, in __call__

  File "/mnt/beegfs/hellgate/home/rb194958e/.conda/envs/tf215_env/lib/python3.11/site-packages/keras/src/utils/traceback_utils.py", line 96, in error_handler

  File "/mnt/beegfs/hellgate/home/rb194958e/.conda/envs/tf215_env/lib/python3.11/site-packages/keras/src/engine/functional.py", line 515, in call

  File "/mnt/beegfs/hellgate/home/rb194958e/.conda/envs/tf215_env/lib/python3.11/site-packages/keras/src/engine/functional.py", line 672, in _run_internal_graph

  File "/mnt/beegfs/hellgate/home/rb194958e/.conda/envs/tf215_env/lib/python3.11/site-packages/keras/src/utils/traceback_utils.py", line 65, in error_handler

  File "/mnt/beegfs/hellgate/home/rb194958e/.conda/envs/tf215_env/lib/python3.11/site-packages/keras/src/engine/base_layer.py", line 1149, in __call__

  File "/mnt/beegfs/hellgate/home/rb194958e/.conda/envs/tf215_env/lib/python3.11/site-packages/keras/src/utils/traceback_utils.py", line 96, in error_handler

  File "/mnt/beegfs/hellgate/home/rb194958e/stroke_segmentation_sota/simplified_sota_fallback.py", line 93, in call

  File "/mnt/beegfs/hellgate/home/rb194958e/.conda/envs/tf215_env/lib/python3.11/site-packages/keras/src/utils/traceback_utils.py", line 65, in error_handler

  File "/mnt/beegfs/hellgate/home/rb194958e/.conda/envs/tf215_env/lib/python3.11/site-packages/keras/src/engine/base_layer.py", line 1149, in __call__

  File "/mnt/beegfs/hellgate/home/rb194958e/.conda/envs/tf215_env/lib/python3.11/site-packages/keras/src/utils/traceback_utils.py", line 96, in error_handler

  File "/mnt/beegfs/hellgate/home/rb194958e/.conda/envs/tf215_env/lib/python3.11/site-packages/keras/src/layers/normalization/batch_normalization.py", line 597, in call

  File "/mnt/beegfs/hellgate/home/rb194958e/.conda/envs/tf215_env/lib/python3.11/site-packages/keras/src/layers/normalization/batch_normalization.py", line 990, in _fused_batch_norm

  File "/mnt/beegfs/hellgate/home/rb194958e/.conda/envs/tf215_env/lib/python3.11/site-packages/keras/src/utils/control_flow_util.py", line 108, in smart_cond

  File "/mnt/beegfs/hellgate/home/rb194958e/.conda/envs/tf215_env/lib/python3.11/site-packages/keras/src/layers/normalization/batch_normalization.py", line 964, in _fused_batch_norm_training

OOM when allocating tensor with shape[2,64,96,9856] and type float on /job:localhost/replica:0/task:0/device:GPU:0 by allocator gpu_async_0
	 [[{{node SimplifiedSOTA/decode7/decode7_bn1/FusedBatchNormV3}}]]
Hint: If you want to see a list of allocated tensors when OOM happens, add report_tensor_allocations_upon_oom to RunOptions for current allocation info. This isn't available when running in Eager mode.
 [Op:__inference_train_function_23393]
2025-06-28 20:37:46,597 - ERROR - ❌ Even simplified training failed - deeper investigation needed
