=== SLURM RESOURCE CHECK ===
Node: hggpu9-4
Job ID: 1160121
Start time: Sun Jul 20 04:07:55 UTC 2025
Allocated GPUs: 
Allocated CPUs: 16
Allocated memory: 307200 MB
Available memory:               total        used        free      shared  buff/cache   available
Mem:          503Gi       5.0Gi       480Gi       4.2Gi        17Gi       491Gi
Swap:            0B          0B          0B
GPU 0: NVIDIA RTX 4500 Ada Generation (UUID: GPU-dd7817bb-79b3-62f7-9c38-9b86485d5e99)
GPU 1: NVIDIA RTX 4500 Ada Generation (UUID: GPU-82339fee-8caa-848e-d280-be95bbebecf7)
GPU 2: NVIDIA RTX 4500 Ada Generation (UUID: GPU-3a5593a8-cdba-6706-b35e-ef0d5165c9ff)
GPU 3: NVIDIA RTX 4500 Ada Generation (UUID: GPU-dc2667b5-78bc-efa9-cb8a-a994f66c42aa)
memory.total [MiB], memory.used [MiB], memory.free [MiB]
24570 MiB, 1 MiB, 24217 MiB
24570 MiB, 1 MiB, 24217 MiB
24570 MiB, 1 MiB, 24217 MiB
24570 MiB, 1 MiB, 24217 MiB
=== ENVIRONMENT SETUP ===
CUDA_VISIBLE_DEVICES: 0,1,2,3
=== PYTHON ENVIRONMENT TEST ===
Python: 3.11.13 | packaged by conda-forge | (main, Jun  4 2025, 14:48:23) [GCC 13.3.0]
TensorFlow: 2.15.1
Initial CPU Memory: 5.19GB
Visible GPUs: 4
GPU 0: PhysicalDevice(name='/physical_device:GPU:0', device_type='GPU')
GPU 1: PhysicalDevice(name='/physical_device:GPU:1', device_type='GPU')
GPU 2: PhysicalDevice(name='/physical_device:GPU:2', device_type='GPU')
GPU 3: PhysicalDevice(name='/physical_device:GPU:3', device_type='GPU')
✅ Environment check passed
=== DATA DIRECTORY CHECK ===
✅ Data directory exists: /mnt/beegfs/hellgate/home/rb194958e/Atlas_2/Training
Images directory:
total 6815746
drwxr-x---  2 rb194958e ChurchLab      655 Mar 20 20:39 .
drwxr-x--- 39 rb194958e ChurchLab       39 Jul 19 20:46 ..
-rwxr-x---  1 rb194958e ChurchLab 13574443 Mar 20 20:37 sub-r001s001_ses-1_space-MNI152NLin2009aSym_T1w.nii.gz
-rwxr-x---  1 rb194958e ChurchLab 13481953 Mar 20 20:39 sub-r001s002_ses-1_space-MNI152NLin2009aSym_T1w.nii.gz
Masks directory:
total 10313
drwxr-x---  2 rb194958e ChurchLab   655 Mar 20 20:49 .
drwxr-x--- 39 rb194958e ChurchLab    39 Jul 19 20:46 ..
-rwxr-x---  1 rb194958e ChurchLab 51731 Mar 20 20:50 sub-r001s001_ses-1_space-MNI152NLin2009aSym_label-L_desc-T1lesion_mask.nii.gz
-rwxr-x---  1 rb194958e ChurchLab 57629 Mar 20 20:50 sub-r001s002_ses-1_space-MNI152NLin2009aSym_label-L_desc-T1lesion_mask.nii.gz
Found 655 image files and 655 mask files
=== SCRIPT CHECK ===
✅ Training script found
Script size: 28K	smart_sota_2025_claude.py
Script permissions: -rw-r--r-- 1 rb194958e GeneralUsers 49766 Jul 20 04:04 smart_sota_2025_claude.py
=== PRE-TRAINING MEMORY CHECK ===
              total        used        free      shared  buff/cache   available
Mem:          503Gi       5.0Gi       480Gi       4.2Gi        17Gi       491Gi
Swap:            0B          0B          0B
memory.used [MiB], memory.free [MiB]
1 MiB, 24217 MiB
1 MiB, 24217 MiB
1 MiB, 24217 MiB
1 MiB, 24217 MiB
=== STARTING TRAINING ===
Training start time: Sun Jul 20 04:09:01 UTC 2025
2025-07-20 04:09:08.263369: E external/local_xla/xla/stream_executor/cuda/cuda_dnn.cc:9261] Unable to register cuDNN factory: Attempting to register factory for plugin cuDNN when one has already been registered
2025-07-20 04:09:08.263732: E external/local_xla/xla/stream_executor/cuda/cuda_fft.cc:607] Unable to register cuFFT factory: Attempting to register factory for plugin cuFFT when one has already been registered
2025-07-20 04:09:08.469970: E external/local_xla/xla/stream_executor/cuda/cuda_blas.cc:1515] Unable to register cuBLAS factory: Attempting to register factory for plugin cuBLAS when one has already been registered
2025-07-20 04:09:37,115 - SmartSOTA - INFO - ✅ All imports successful
2025-07-20 04:09:37,117 - SmartSOTA - INFO - TensorFlow eager execution: True
2025-07-20 04:09:41,483 - SmartSOTA - INFO - Environment verified:
- Python 3.11.13 | packaged by conda-forge | (main, Jun  4 2025, 14:48:23) [GCC 13.3.0]
- TF 2.15.1
- NumPy 1.26.4
- GPU devices: 4
2025-07-20 04:09:41,492 - SmartSOTA - INFO - 🔍 DEBUGGING: Main function started
2025-07-20 04:09:41,493 - SmartSOTA - INFO - 🔍 DEBUGGING: Current working directory: /mnt/beegfs/hellgate/home/rb194958e/stroke_segmentation_sota
2025-07-20 04:09:41,500 - SmartSOTA - INFO - 🔧 Using optimized training configuration with full complexity
2025-07-20 04:09:41,752 - SmartSOTA - INFO - Memory at initialization_start: CPU=0.60GB | GPU0: 0.00GB | GPU1: 0.00GB | GPU2: 0.00GB | GPU3: 0.00GB | Disk: 245.7GB free
2025-07-20 04:09:41,754 - SmartSOTA - WARNING - ⚠️ GPU setup issue: Physical devices cannot be modified after being initialized
2025-07-20 04:09:41,755 - SmartSOTA - INFO - ⚠️ Mixed precision disabled temporarily to fix dimension issues
2025-07-20 04:09:41,757 - tensorflow - INFO - Using MirroredStrategy with devices ('/job:localhost/replica:0/task:0/device:GPU:0', '/job:localhost/replica:0/task:0/device:GPU:1', '/job:localhost/replica:0/task:0/device:GPU:2', '/job:localhost/replica:0/task:0/device:GPU:3')
2025-07-20 04:09:41,794 - SmartSOTA - INFO - ✅ Distribution strategy initialized: 4 replicas
2025-07-20 04:09:41,796 - SmartSOTA - INFO - Memory at strategy_setup_complete: CPU=0.99GB | GPU0: 0.00GB | GPU1: 0.00GB | GPU2: 0.00GB | GPU3: 0.00GB | Disk: 245.7GB free
2025-07-20 04:09:41,797 - SmartSOTA - INFO - 🔄 Loading and preparing dataset...
2025-07-20 04:09:41,798 - SmartSOTA - INFO - Memory at generator_creation_start: CPU=0.99GB | GPU0: 0.00GB | GPU1: 0.00GB | GPU2: 0.00GB | GPU3: 0.00GB | Disk: 245.7GB free
2025-07-20 04:09:41,799 - SmartSOTA - INFO - 📚 Loading dataset...
2025-07-20 04:09:41,800 - SmartSOTA - INFO - Memory at dataset_load_start: CPU=0.99GB | GPU0: 0.00GB | GPU1: 0.00GB | GPU2: 0.00GB | GPU3: 0.00GB | Disk: 245.7GB free
2025-07-20 04:09:41,811 - SmartSOTA - INFO - ✅ Found 655 images with pattern: *_T1w.nii.gz
2025-07-20 04:09:41,823 - SmartSOTA - INFO - ✅ Found 655 masks with pattern: *_mask.nii.gz
pixdim[0] (qfac) should be 1 (default) or -1; setting qfac to 1
2025-07-20 04:09:41,830 - nibabel.global - INFO - pixdim[0] (qfac) should be 1 (default) or -1; setting qfac to 1
pixdim[0] (qfac) should be 1 (default) or -1; setting qfac to 1
2025-07-20 04:09:42,029 - nibabel.global - INFO - pixdim[0] (qfac) should be 1 (default) or -1; setting qfac to 1
pixdim[0] (qfac) should be 1 (default) or -1; setting qfac to 1
2025-07-20 04:09:42,232 - nibabel.global - INFO - pixdim[0] (qfac) should be 1 (default) or -1; setting qfac to 1
pixdim[0] (qfac) should be 1 (default) or -1; setting qfac to 1
2025-07-20 04:09:42,426 - nibabel.global - INFO - pixdim[0] (qfac) should be 1 (default) or -1; setting qfac to 1
pixdim[0] (qfac) should be 1 (default) or -1; setting qfac to 1
2025-07-20 04:09:42,619 - nibabel.global - INFO - pixdim[0] (qfac) should be 1 (default) or -1; setting qfac to 1
pixdim[0] (qfac) should be 1 (default) or -1; setting qfac to 1
2025-07-20 04:09:42,812 - nibabel.global - INFO - pixdim[0] (qfac) should be 1 (default) or -1; setting qfac to 1
pixdim[0] (qfac) should be 1 (default) or -1; setting qfac to 1
2025-07-20 04:09:42,999 - nibabel.global - INFO - pixdim[0] (qfac) should be 1 (default) or -1; setting qfac to 1
pixdim[0] (qfac) should be 1 (default) or -1; setting qfac to 1
2025-07-20 04:09:43,190 - nibabel.global - INFO - pixdim[0] (qfac) should be 1 (default) or -1; setting qfac to 1
pixdim[0] (qfac) should be 1 (default) or -1; setting qfac to 1
2025-07-20 04:09:43,381 - nibabel.global - INFO - pixdim[0] (qfac) should be 1 (default) or -1; setting qfac to 1
pixdim[0] (qfac) should be 1 (default) or -1; setting qfac to 1
2025-07-20 04:09:43,570 - nibabel.global - INFO - pixdim[0] (qfac) should be 1 (default) or -1; setting qfac to 1
pixdim[0] (qfac) should be 1 (default) or -1; setting qfac to 1
2025-07-20 04:09:43,762 - nibabel.global - INFO - pixdim[0] (qfac) should be 1 (default) or -1; setting qfac to 1
pixdim[0] (qfac) should be 1 (default) or -1; setting qfac to 1
2025-07-20 04:09:43,953 - nibabel.global - INFO - pixdim[0] (qfac) should be 1 (default) or -1; setting qfac to 1
pixdim[0] (qfac) should be 1 (default) or -1; setting qfac to 1
2025-07-20 04:09:44,148 - nibabel.global - INFO - pixdim[0] (qfac) should be 1 (default) or -1; setting qfac to 1
pixdim[0] (qfac) should be 1 (default) or -1; setting qfac to 1
2025-07-20 04:09:44,340 - nibabel.global - INFO - pixdim[0] (qfac) should be 1 (default) or -1; setting qfac to 1
pixdim[0] (qfac) should be 1 (default) or -1; setting qfac to 1
2025-07-20 04:09:44,532 - nibabel.global - INFO - pixdim[0] (qfac) should be 1 (default) or -1; setting qfac to 1
pixdim[0] (qfac) should be 1 (default) or -1; setting qfac to 1
2025-07-20 04:09:44,716 - nibabel.global - INFO - pixdim[0] (qfac) should be 1 (default) or -1; setting qfac to 1
pixdim[0] (qfac) should be 1 (default) or -1; setting qfac to 1
2025-07-20 04:09:44,901 - nibabel.global - INFO - pixdim[0] (qfac) should be 1 (default) or -1; setting qfac to 1
pixdim[0] (qfac) should be 1 (default) or -1; setting qfac to 1
2025-07-20 04:09:45,094 - nibabel.global - INFO - pixdim[0] (qfac) should be 1 (default) or -1; setting qfac to 1
pixdim[0] (qfac) should be 1 (default) or -1; setting qfac to 1
2025-07-20 04:09:45,283 - nibabel.global - INFO - pixdim[0] (qfac) should be 1 (default) or -1; setting qfac to 1
pixdim[0] (qfac) should be 1 (default) or -1; setting qfac to 1
2025-07-20 04:09:45,477 - nibabel.global - INFO - pixdim[0] (qfac) should be 1 (default) or -1; setting qfac to 1
pixdim[0] (qfac) should be 1 (default) or -1; setting qfac to 1
2025-07-20 04:09:45,669 - nibabel.global - INFO - pixdim[0] (qfac) should be 1 (default) or -1; setting qfac to 1
pixdim[0] (qfac) should be 1 (default) or -1; setting qfac to 1
2025-07-20 04:09:45,863 - nibabel.global - INFO - pixdim[0] (qfac) should be 1 (default) or -1; setting qfac to 1
pixdim[0] (qfac) should be 1 (default) or -1; setting qfac to 1
2025-07-20 04:09:46,057 - nibabel.global - INFO - pixdim[0] (qfac) should be 1 (default) or -1; setting qfac to 1
pixdim[0] (qfac) should be 1 (default) or -1; setting qfac to 1
2025-07-20 04:09:46,249 - nibabel.global - INFO - pixdim[0] (qfac) should be 1 (default) or -1; setting qfac to 1
pixdim[0] (qfac) should be 1 (default) or -1; setting qfac to 1
2025-07-20 04:09:46,438 - nibabel.global - INFO - pixdim[0] (qfac) should be 1 (default) or -1; setting qfac to 1
pixdim[0] (qfac) should be 1 (default) or -1; setting qfac to 1
2025-07-20 04:09:46,631 - nibabel.global - INFO - pixdim[0] (qfac) should be 1 (default) or -1; setting qfac to 1
pixdim[0] (qfac) should be 1 (default) or -1; setting qfac to 1
2025-07-20 04:09:46,829 - nibabel.global - INFO - pixdim[0] (qfac) should be 1 (default) or -1; setting qfac to 1
pixdim[0] (qfac) should be 1 (default) or -1; setting qfac to 1
2025-07-20 04:09:47,029 - nibabel.global - INFO - pixdim[0] (qfac) should be 1 (default) or -1; setting qfac to 1
pixdim[0] (qfac) should be 1 (default) or -1; setting qfac to 1
2025-07-20 04:09:47,225 - nibabel.global - INFO - pixdim[0] (qfac) should be 1 (default) or -1; setting qfac to 1
pixdim[0] (qfac) should be 1 (default) or -1; setting qfac to 1
2025-07-20 04:09:47,419 - nibabel.global - INFO - pixdim[0] (qfac) should be 1 (default) or -1; setting qfac to 1
pixdim[0] (qfac) should be 1 (default) or -1; setting qfac to 1
2025-07-20 04:09:47,615 - nibabel.global - INFO - pixdim[0] (qfac) should be 1 (default) or -1; setting qfac to 1
pixdim[0] (qfac) should be 1 (default) or -1; setting qfac to 1
2025-07-20 04:09:47,806 - nibabel.global - INFO - pixdim[0] (qfac) should be 1 (default) or -1; setting qfac to 1
pixdim[0] (qfac) should be 1 (default) or -1; setting qfac to 1
2025-07-20 04:09:47,999 - nibabel.global - INFO - pixdim[0] (qfac) should be 1 (default) or -1; setting qfac to 1
pixdim[0] (qfac) should be 1 (default) or -1; setting qfac to 1
2025-07-20 04:09:48,193 - nibabel.global - INFO - pixdim[0] (qfac) should be 1 (default) or -1; setting qfac to 1
pixdim[0] (qfac) should be 1 (default) or -1; setting qfac to 1
2025-07-20 04:09:48,411 - nibabel.global - INFO - pixdim[0] (qfac) should be 1 (default) or -1; setting qfac to 1
pixdim[0] (qfac) should be 1 (default) or -1; setting qfac to 1
2025-07-20 04:09:48,600 - nibabel.global - INFO - pixdim[0] (qfac) should be 1 (default) or -1; setting qfac to 1
pixdim[0] (qfac) should be 1 (default) or -1; setting qfac to 1
2025-07-20 04:09:48,793 - nibabel.global - INFO - pixdim[0] (qfac) should be 1 (default) or -1; setting qfac to 1
pixdim[0] (qfac) should be 1 (default) or -1; setting qfac to 1
2025-07-20 04:09:48,987 - nibabel.global - INFO - pixdim[0] (qfac) should be 1 (default) or -1; setting qfac to 1
pixdim[0] (qfac) should be 1 (default) or -1; setting qfac to 1
2025-07-20 04:09:49,174 - nibabel.global - INFO - pixdim[0] (qfac) should be 1 (default) or -1; setting qfac to 1
pixdim[0] (qfac) should be 1 (default) or -1; setting qfac to 1
2025-07-20 04:09:49,368 - nibabel.global - INFO - pixdim[0] (qfac) should be 1 (default) or -1; setting qfac to 1
pixdim[0] (qfac) should be 1 (default) or -1; setting qfac to 1
2025-07-20 04:09:49,556 - nibabel.global - INFO - pixdim[0] (qfac) should be 1 (default) or -1; setting qfac to 1
pixdim[0] (qfac) should be 1 (default) or -1; setting qfac to 1
2025-07-20 04:09:49,749 - nibabel.global - INFO - pixdim[0] (qfac) should be 1 (default) or -1; setting qfac to 1
pixdim[0] (qfac) should be 1 (default) or -1; setting qfac to 1
2025-07-20 04:09:49,941 - nibabel.global - INFO - pixdim[0] (qfac) should be 1 (default) or -1; setting qfac to 1
pixdim[0] (qfac) should be 1 (default) or -1; setting qfac to 1
2025-07-20 04:09:50,135 - nibabel.global - INFO - pixdim[0] (qfac) should be 1 (default) or -1; setting qfac to 1
pixdim[0] (qfac) should be 1 (default) or -1; setting qfac to 1
2025-07-20 04:09:50,327 - nibabel.global - INFO - pixdim[0] (qfac) should be 1 (default) or -1; setting qfac to 1
pixdim[0] (qfac) should be 1 (default) or -1; setting qfac to 1
2025-07-20 04:09:50,523 - nibabel.global - INFO - pixdim[0] (qfac) should be 1 (default) or -1; setting qfac to 1
pixdim[0] (qfac) should be 1 (default) or -1; setting qfac to 1
2025-07-20 04:09:50,717 - nibabel.global - INFO - pixdim[0] (qfac) should be 1 (default) or -1; setting qfac to 1
pixdim[0] (qfac) should be 1 (default) or -1; setting qfac to 1
2025-07-20 04:09:50,904 - nibabel.global - INFO - pixdim[0] (qfac) should be 1 (default) or -1; setting qfac to 1
pixdim[0] (qfac) should be 1 (default) or -1; setting qfac to 1
2025-07-20 04:09:51,092 - nibabel.global - INFO - pixdim[0] (qfac) should be 1 (default) or -1; setting qfac to 1
pixdim[0] (qfac) should be 1 (default) or -1; setting qfac to 1
2025-07-20 04:09:51,285 - nibabel.global - INFO - pixdim[0] (qfac) should be 1 (default) or -1; setting qfac to 1
pixdim[0] (qfac) should be 1 (default) or -1; setting qfac to 1
2025-07-20 04:09:51,477 - nibabel.global - INFO - pixdim[0] (qfac) should be 1 (default) or -1; setting qfac to 1
pixdim[0] (qfac) should be 1 (default) or -1; setting qfac to 1
2025-07-20 04:09:51,673 - nibabel.global - INFO - pixdim[0] (qfac) should be 1 (default) or -1; setting qfac to 1
pixdim[0] (qfac) should be 1 (default) or -1; setting qfac to 1
2025-07-20 04:09:51,866 - nibabel.global - INFO - pixdim[0] (qfac) should be 1 (default) or -1; setting qfac to 1
pixdim[0] (qfac) should be 1 (default) or -1; setting qfac to 1
2025-07-20 04:09:52,058 - nibabel.global - INFO - pixdim[0] (qfac) should be 1 (default) or -1; setting qfac to 1
pixdim[0] (qfac) should be 1 (default) or -1; setting qfac to 1
2025-07-20 04:09:52,244 - nibabel.global - INFO - pixdim[0] (qfac) should be 1 (default) or -1; setting qfac to 1
pixdim[0] (qfac) should be 1 (default) or -1; setting qfac to 1
2025-07-20 04:09:52,432 - nibabel.global - INFO - pixdim[0] (qfac) should be 1 (default) or -1; setting qfac to 1
pixdim[0] (qfac) should be 1 (default) or -1; setting qfac to 1
2025-07-20 04:09:52,619 - nibabel.global - INFO - pixdim[0] (qfac) should be 1 (default) or -1; setting qfac to 1
pixdim[0] (qfac) should be 1 (default) or -1; setting qfac to 1
2025-07-20 04:09:52,811 - nibabel.global - INFO - pixdim[0] (qfac) should be 1 (default) or -1; setting qfac to 1
pixdim[0] (qfac) should be 1 (default) or -1; setting qfac to 1
2025-07-20 04:09:53,005 - nibabel.global - INFO - pixdim[0] (qfac) should be 1 (default) or -1; setting qfac to 1
pixdim[0] (qfac) should be 1 (default) or -1; setting qfac to 1
2025-07-20 04:09:53,198 - nibabel.global - INFO - pixdim[0] (qfac) should be 1 (default) or -1; setting qfac to 1
pixdim[0] (qfac) should be 1 (default) or -1; setting qfac to 1
2025-07-20 04:09:53,393 - nibabel.global - INFO - pixdim[0] (qfac) should be 1 (default) or -1; setting qfac to 1
pixdim[0] (qfac) should be 1 (default) or -1; setting qfac to 1
2025-07-20 04:09:53,582 - nibabel.global - INFO - pixdim[0] (qfac) should be 1 (default) or -1; setting qfac to 1
pixdim[0] (qfac) should be 1 (default) or -1; setting qfac to 1
2025-07-20 04:09:53,773 - nibabel.global - INFO - pixdim[0] (qfac) should be 1 (default) or -1; setting qfac to 1
pixdim[0] (qfac) should be 1 (default) or -1; setting qfac to 1
2025-07-20 04:09:53,968 - nibabel.global - INFO - pixdim[0] (qfac) should be 1 (default) or -1; setting qfac to 1
pixdim[0] (qfac) should be 1 (default) or -1; setting qfac to 1
2025-07-20 04:09:54,163 - nibabel.global - INFO - pixdim[0] (qfac) should be 1 (default) or -1; setting qfac to 1
pixdim[0] (qfac) should be 1 (default) or -1; setting qfac to 1
2025-07-20 04:09:54,357 - nibabel.global - INFO - pixdim[0] (qfac) should be 1 (default) or -1; setting qfac to 1
pixdim[0] (qfac) should be 1 (default) or -1; setting qfac to 1
2025-07-20 04:09:54,548 - nibabel.global - INFO - pixdim[0] (qfac) should be 1 (default) or -1; setting qfac to 1
pixdim[0] (qfac) should be 1 (default) or -1; setting qfac to 1
2025-07-20 04:09:54,741 - nibabel.global - INFO - pixdim[0] (qfac) should be 1 (default) or -1; setting qfac to 1
pixdim[0] (qfac) should be 1 (default) or -1; setting qfac to 1
2025-07-20 04:09:54,935 - nibabel.global - INFO - pixdim[0] (qfac) should be 1 (default) or -1; setting qfac to 1
pixdim[0] (qfac) should be 1 (default) or -1; setting qfac to 1
2025-07-20 04:09:55,127 - nibabel.global - INFO - pixdim[0] (qfac) should be 1 (default) or -1; setting qfac to 1
pixdim[0] (qfac) should be 1 (default) or -1; setting qfac to 1
2025-07-20 04:09:55,318 - nibabel.global - INFO - pixdim[0] (qfac) should be 1 (default) or -1; setting qfac to 1
pixdim[0] (qfac) should be 1 (default) or -1; setting qfac to 1
2025-07-20 04:09:55,511 - nibabel.global - INFO - pixdim[0] (qfac) should be 1 (default) or -1; setting qfac to 1
pixdim[0] (qfac) should be 1 (default) or -1; setting qfac to 1
2025-07-20 04:09:55,705 - nibabel.global - INFO - pixdim[0] (qfac) should be 1 (default) or -1; setting qfac to 1
pixdim[0] (qfac) should be 1 (default) or -1; setting qfac to 1
2025-07-20 04:09:55,900 - nibabel.global - INFO - pixdim[0] (qfac) should be 1 (default) or -1; setting qfac to 1
pixdim[0] (qfac) should be 1 (default) or -1; setting qfac to 1
2025-07-20 04:09:56,092 - nibabel.global - INFO - pixdim[0] (qfac) should be 1 (default) or -1; setting qfac to 1
pixdim[0] (qfac) should be 1 (default) or -1; setting qfac to 1
2025-07-20 04:09:56,285 - nibabel.global - INFO - pixdim[0] (qfac) should be 1 (default) or -1; setting qfac to 1
pixdim[0] (qfac) should be 1 (default) or -1; setting qfac to 1
2025-07-20 04:09:56,490 - nibabel.global - INFO - pixdim[0] (qfac) should be 1 (default) or -1; setting qfac to 1
pixdim[0] (qfac) should be 1 (default) or -1; setting qfac to 1
2025-07-20 04:09:56,684 - nibabel.global - INFO - pixdim[0] (qfac) should be 1 (default) or -1; setting qfac to 1
pixdim[0] (qfac) should be 1 (default) or -1; setting qfac to 1
2025-07-20 04:09:56,878 - nibabel.global - INFO - pixdim[0] (qfac) should be 1 (default) or -1; setting qfac to 1
pixdim[0] (qfac) should be 1 (default) or -1; setting qfac to 1
2025-07-20 04:09:57,068 - nibabel.global - INFO - pixdim[0] (qfac) should be 1 (default) or -1; setting qfac to 1
pixdim[0] (qfac) should be 1 (default) or -1; setting qfac to 1
2025-07-20 04:09:57,257 - nibabel.global - INFO - pixdim[0] (qfac) should be 1 (default) or -1; setting qfac to 1
pixdim[0] (qfac) should be 1 (default) or -1; setting qfac to 1
2025-07-20 04:09:57,448 - nibabel.global - INFO - pixdim[0] (qfac) should be 1 (default) or -1; setting qfac to 1
pixdim[0] (qfac) should be 1 (default) or -1; setting qfac to 1
2025-07-20 04:09:57,640 - nibabel.global - INFO - pixdim[0] (qfac) should be 1 (default) or -1; setting qfac to 1
pixdim[0] (qfac) should be 1 (default) or -1; setting qfac to 1
2025-07-20 04:09:57,833 - nibabel.global - INFO - pixdim[0] (qfac) should be 1 (default) or -1; setting qfac to 1
pixdim[0] (qfac) should be 1 (default) or -1; setting qfac to 1
2025-07-20 04:09:58,028 - nibabel.global - INFO - pixdim[0] (qfac) should be 1 (default) or -1; setting qfac to 1
pixdim[0] (qfac) should be 1 (default) or -1; setting qfac to 1
2025-07-20 04:09:58,221 - nibabel.global - INFO - pixdim[0] (qfac) should be 1 (default) or -1; setting qfac to 1
pixdim[0] (qfac) should be 1 (default) or -1; setting qfac to 1
2025-07-20 04:09:58,415 - nibabel.global - INFO - pixdim[0] (qfac) should be 1 (default) or -1; setting qfac to 1
pixdim[0] (qfac) should be 1 (default) or -1; setting qfac to 1
2025-07-20 04:09:58,607 - nibabel.global - INFO - pixdim[0] (qfac) should be 1 (default) or -1; setting qfac to 1
pixdim[0] (qfac) should be 1 (default) or -1; setting qfac to 1
2025-07-20 04:09:58,795 - nibabel.global - INFO - pixdim[0] (qfac) should be 1 (default) or -1; setting qfac to 1
pixdim[0] (qfac) should be 1 (default) or -1; setting qfac to 1
2025-07-20 04:09:58,988 - nibabel.global - INFO - pixdim[0] (qfac) should be 1 (default) or -1; setting qfac to 1
pixdim[0] (qfac) should be 1 (default) or -1; setting qfac to 1
2025-07-20 04:09:59,180 - nibabel.global - INFO - pixdim[0] (qfac) should be 1 (default) or -1; setting qfac to 1
pixdim[0] (qfac) should be 1 (default) or -1; setting qfac to 1
2025-07-20 04:09:59,373 - nibabel.global - INFO - pixdim[0] (qfac) should be 1 (default) or -1; setting qfac to 1
pixdim[0] (qfac) should be 1 (default) or -1; setting qfac to 1
2025-07-20 04:09:59,564 - nibabel.global - INFO - pixdim[0] (qfac) should be 1 (default) or -1; setting qfac to 1
pixdim[0] (qfac) should be 1 (default) or -1; setting qfac to 1
2025-07-20 04:09:59,754 - nibabel.global - INFO - pixdim[0] (qfac) should be 1 (default) or -1; setting qfac to 1
pixdim[0] (qfac) should be 1 (default) or -1; setting qfac to 1
2025-07-20 04:09:59,945 - nibabel.global - INFO - pixdim[0] (qfac) should be 1 (default) or -1; setting qfac to 1
pixdim[0] (qfac) should be 1 (default) or -1; setting qfac to 1
2025-07-20 04:10:00,151 - nibabel.global - INFO - pixdim[0] (qfac) should be 1 (default) or -1; setting qfac to 1
pixdim[0] (qfac) should be 1 (default) or -1; setting qfac to 1
2025-07-20 04:10:00,344 - nibabel.global - INFO - pixdim[0] (qfac) should be 1 (default) or -1; setting qfac to 1
pixdim[0] (qfac) should be 1 (default) or -1; setting qfac to 1
2025-07-20 04:10:00,537 - nibabel.global - INFO - pixdim[0] (qfac) should be 1 (default) or -1; setting qfac to 1
pixdim[0] (qfac) should be 1 (default) or -1; setting qfac to 1
2025-07-20 04:10:00,719 - nibabel.global - INFO - pixdim[0] (qfac) should be 1 (default) or -1; setting qfac to 1
pixdim[0] (qfac) should be 1 (default) or -1; setting qfac to 1
2025-07-20 04:10:00,913 - nibabel.global - INFO - pixdim[0] (qfac) should be 1 (default) or -1; setting qfac to 1
pixdim[0] (qfac) should be 1 (default) or -1; setting qfac to 1
2025-07-20 04:10:01,100 - nibabel.global - INFO - pixdim[0] (qfac) should be 1 (default) or -1; setting qfac to 1
pixdim[0] (qfac) should be 1 (default) or -1; setting qfac to 1
2025-07-20 04:10:01,295 - nibabel.global - INFO - pixdim[0] (qfac) should be 1 (default) or -1; setting qfac to 1
pixdim[0] (qfac) should be 1 (default) or -1; setting qfac to 1
2025-07-20 04:10:01,489 - nibabel.global - INFO - pixdim[0] (qfac) should be 1 (default) or -1; setting qfac to 1
pixdim[0] (qfac) should be 1 (default) or -1; setting qfac to 1
2025-07-20 04:10:01,682 - nibabel.global - INFO - pixdim[0] (qfac) should be 1 (default) or -1; setting qfac to 1
pixdim[0] (qfac) should be 1 (default) or -1; setting qfac to 1
2025-07-20 04:10:01,877 - nibabel.global - INFO - pixdim[0] (qfac) should be 1 (default) or -1; setting qfac to 1
pixdim[0] (qfac) should be 1 (default) or -1; setting qfac to 1
2025-07-20 04:10:02,066 - nibabel.global - INFO - pixdim[0] (qfac) should be 1 (default) or -1; setting qfac to 1
pixdim[0] (qfac) should be 1 (default) or -1; setting qfac to 1
2025-07-20 04:10:02,255 - nibabel.global - INFO - pixdim[0] (qfac) should be 1 (default) or -1; setting qfac to 1
pixdim[0] (qfac) should be 1 (default) or -1; setting qfac to 1
2025-07-20 04:10:02,449 - nibabel.global - INFO - pixdim[0] (qfac) should be 1 (default) or -1; setting qfac to 1
pixdim[0] (qfac) should be 1 (default) or -1; setting qfac to 1
2025-07-20 04:10:02,636 - nibabel.global - INFO - pixdim[0] (qfac) should be 1 (default) or -1; setting qfac to 1
pixdim[0] (qfac) should be 1 (default) or -1; setting qfac to 1
2025-07-20 04:10:02,827 - nibabel.global - INFO - pixdim[0] (qfac) should be 1 (default) or -1; setting qfac to 1
pixdim[0] (qfac) should be 1 (default) or -1; setting qfac to 1
2025-07-20 04:10:03,007 - nibabel.global - INFO - pixdim[0] (qfac) should be 1 (default) or -1; setting qfac to 1
pixdim[0] (qfac) should be 1 (default) or -1; setting qfac to 1
2025-07-20 04:10:03,201 - nibabel.global - INFO - pixdim[0] (qfac) should be 1 (default) or -1; setting qfac to 1
pixdim[0] (qfac) should be 1 (default) or -1; setting qfac to 1
2025-07-20 04:10:03,396 - nibabel.global - INFO - pixdim[0] (qfac) should be 1 (default) or -1; setting qfac to 1
pixdim[0] (qfac) should be 1 (default) or -1; setting qfac to 1
2025-07-20 04:10:03,588 - nibabel.global - INFO - pixdim[0] (qfac) should be 1 (default) or -1; setting qfac to 1
pixdim[0] (qfac) should be 1 (default) or -1; setting qfac to 1
2025-07-20 04:10:03,781 - nibabel.global - INFO - pixdim[0] (qfac) should be 1 (default) or -1; setting qfac to 1
pixdim[0] (qfac) should be 1 (default) or -1; setting qfac to 1
2025-07-20 04:10:03,975 - nibabel.global - INFO - pixdim[0] (qfac) should be 1 (default) or -1; setting qfac to 1
pixdim[0] (qfac) should be 1 (default) or -1; setting qfac to 1
2025-07-20 04:10:04,168 - nibabel.global - INFO - pixdim[0] (qfac) should be 1 (default) or -1; setting qfac to 1
pixdim[0] (qfac) should be 1 (default) or -1; setting qfac to 1
2025-07-20 04:10:04,364 - nibabel.global - INFO - pixdim[0] (qfac) should be 1 (default) or -1; setting qfac to 1
pixdim[0] (qfac) should be 1 (default) or -1; setting qfac to 1
2025-07-20 04:10:04,559 - nibabel.global - INFO - pixdim[0] (qfac) should be 1 (default) or -1; setting qfac to 1
pixdim[0] (qfac) should be 1 (default) or -1; setting qfac to 1
2025-07-20 04:10:04,759 - nibabel.global - INFO - pixdim[0] (qfac) should be 1 (default) or -1; setting qfac to 1
pixdim[0] (qfac) should be 1 (default) or -1; setting qfac to 1
2025-07-20 04:10:04,951 - nibabel.global - INFO - pixdim[0] (qfac) should be 1 (default) or -1; setting qfac to 1
pixdim[0] (qfac) should be 1 (default) or -1; setting qfac to 1
2025-07-20 04:10:05,145 - nibabel.global - INFO - pixdim[0] (qfac) should be 1 (default) or -1; setting qfac to 1
pixdim[0] (qfac) should be 1 (default) or -1; setting qfac to 1
2025-07-20 04:10:05,332 - nibabel.global - INFO - pixdim[0] (qfac) should be 1 (default) or -1; setting qfac to 1
pixdim[0] (qfac) should be 1 (default) or -1; setting qfac to 1
2025-07-20 04:10:05,522 - nibabel.global - INFO - pixdim[0] (qfac) should be 1 (default) or -1; setting qfac to 1
pixdim[0] (qfac) should be 1 (default) or -1; setting qfac to 1
2025-07-20 04:10:05,716 - nibabel.global - INFO - pixdim[0] (qfac) should be 1 (default) or -1; setting qfac to 1
pixdim[0] (qfac) should be 1 (default) or -1; setting qfac to 1
2025-07-20 04:10:05,910 - nibabel.global - INFO - pixdim[0] (qfac) should be 1 (default) or -1; setting qfac to 1
pixdim[0] (qfac) should be 1 (default) or -1; setting qfac to 1
2025-07-20 04:10:06,103 - nibabel.global - INFO - pixdim[0] (qfac) should be 1 (default) or -1; setting qfac to 1
pixdim[0] (qfac) should be 1 (default) or -1; setting qfac to 1
2025-07-20 04:10:06,292 - nibabel.global - INFO - pixdim[0] (qfac) should be 1 (default) or -1; setting qfac to 1
pixdim[0] (qfac) should be 1 (default) or -1; setting qfac to 1
2025-07-20 04:10:06,484 - nibabel.global - INFO - pixdim[0] (qfac) should be 1 (default) or -1; setting qfac to 1
pixdim[0] (qfac) should be 1 (default) or -1; setting qfac to 1
2025-07-20 04:10:06,675 - nibabel.global - INFO - pixdim[0] (qfac) should be 1 (default) or -1; setting qfac to 1
pixdim[0] (qfac) should be 1 (default) or -1; setting qfac to 1
2025-07-20 04:10:06,871 - nibabel.global - INFO - pixdim[0] (qfac) should be 1 (default) or -1; setting qfac to 1
pixdim[0] (qfac) should be 1 (default) or -1; setting qfac to 1
2025-07-20 04:10:07,064 - nibabel.global - INFO - pixdim[0] (qfac) should be 1 (default) or -1; setting qfac to 1
pixdim[0] (qfac) should be 1 (default) or -1; setting qfac to 1
2025-07-20 04:10:07,257 - nibabel.global - INFO - pixdim[0] (qfac) should be 1 (default) or -1; setting qfac to 1
pixdim[0] (qfac) should be 1 (default) or -1; setting qfac to 1
2025-07-20 04:10:07,450 - nibabel.global - INFO - pixdim[0] (qfac) should be 1 (default) or -1; setting qfac to 1
pixdim[0] (qfac) should be 1 (default) or -1; setting qfac to 1
2025-07-20 04:10:07,643 - nibabel.global - INFO - pixdim[0] (qfac) should be 1 (default) or -1; setting qfac to 1
pixdim[0] (qfac) should be 1 (default) or -1; setting qfac to 1
2025-07-20 04:10:07,837 - nibabel.global - INFO - pixdim[0] (qfac) should be 1 (default) or -1; setting qfac to 1
pixdim[0] (qfac) should be 1 (default) or -1; setting qfac to 1
2025-07-20 04:10:08,031 - nibabel.global - INFO - pixdim[0] (qfac) should be 1 (default) or -1; setting qfac to 1
pixdim[0] (qfac) should be 1 (default) or -1; setting qfac to 1
2025-07-20 04:10:08,224 - nibabel.global - INFO - pixdim[0] (qfac) should be 1 (default) or -1; setting qfac to 1
pixdim[0] (qfac) should be 1 (default) or -1; setting qfac to 1
2025-07-20 04:10:08,418 - nibabel.global - INFO - pixdim[0] (qfac) should be 1 (default) or -1; setting qfac to 1
pixdim[0] (qfac) should be 1 (default) or -1; setting qfac to 1
2025-07-20 04:10:08,611 - nibabel.global - INFO - pixdim[0] (qfac) should be 1 (default) or -1; setting qfac to 1
pixdim[0] (qfac) should be 1 (default) or -1; setting qfac to 1
2025-07-20 04:10:08,803 - nibabel.global - INFO - pixdim[0] (qfac) should be 1 (default) or -1; setting qfac to 1
pixdim[0] (qfac) should be 1 (default) or -1; setting qfac to 1
2025-07-20 04:10:08,997 - nibabel.global - INFO - pixdim[0] (qfac) should be 1 (default) or -1; setting qfac to 1
pixdim[0] (qfac) should be 1 (default) or -1; setting qfac to 1
2025-07-20 04:10:09,202 - nibabel.global - INFO - pixdim[0] (qfac) should be 1 (default) or -1; setting qfac to 1
pixdim[0] (qfac) should be 1 (default) or -1; setting qfac to 1
2025-07-20 04:10:09,399 - nibabel.global - INFO - pixdim[0] (qfac) should be 1 (default) or -1; setting qfac to 1
pixdim[0] (qfac) should be 1 (default) or -1; setting qfac to 1
2025-07-20 04:10:09,593 - nibabel.global - INFO - pixdim[0] (qfac) should be 1 (default) or -1; setting qfac to 1
pixdim[0] (qfac) should be 1 (default) or -1; setting qfac to 1
2025-07-20 04:10:09,783 - nibabel.global - INFO - pixdim[0] (qfac) should be 1 (default) or -1; setting qfac to 1
pixdim[0] (qfac) should be 1 (default) or -1; setting qfac to 1
2025-07-20 04:10:09,970 - nibabel.global - INFO - pixdim[0] (qfac) should be 1 (default) or -1; setting qfac to 1
pixdim[0] (qfac) should be 1 (default) or -1; setting qfac to 1
2025-07-20 04:10:10,166 - nibabel.global - INFO - pixdim[0] (qfac) should be 1 (default) or -1; setting qfac to 1
pixdim[0] (qfac) should be 1 (default) or -1; setting qfac to 1
2025-07-20 04:10:10,359 - nibabel.global - INFO - pixdim[0] (qfac) should be 1 (default) or -1; setting qfac to 1
pixdim[0] (qfac) should be 1 (default) or -1; setting qfac to 1
2025-07-20 04:10:10,554 - nibabel.global - INFO - pixdim[0] (qfac) should be 1 (default) or -1; setting qfac to 1
pixdim[0] (qfac) should be 1 (default) or -1; setting qfac to 1
2025-07-20 04:10:10,745 - nibabel.global - INFO - pixdim[0] (qfac) should be 1 (default) or -1; setting qfac to 1
pixdim[0] (qfac) should be 1 (default) or -1; setting qfac to 1
2025-07-20 04:10:10,939 - nibabel.global - INFO - pixdim[0] (qfac) should be 1 (default) or -1; setting qfac to 1
pixdim[0] (qfac) should be 1 (default) or -1; setting qfac to 1
2025-07-20 04:10:11,134 - nibabel.global - INFO - pixdim[0] (qfac) should be 1 (default) or -1; setting qfac to 1
pixdim[0] (qfac) should be 1 (default) or -1; setting qfac to 1
2025-07-20 04:10:11,326 - nibabel.global - INFO - pixdim[0] (qfac) should be 1 (default) or -1; setting qfac to 1
pixdim[0] (qfac) should be 1 (default) or -1; setting qfac to 1
2025-07-20 04:10:11,516 - nibabel.global - INFO - pixdim[0] (qfac) should be 1 (default) or -1; setting qfac to 1
pixdim[0] (qfac) should be 1 (default) or -1; setting qfac to 1
2025-07-20 04:10:11,708 - nibabel.global - INFO - pixdim[0] (qfac) should be 1 (default) or -1; setting qfac to 1
pixdim[0] (qfac) should be 1 (default) or -1; setting qfac to 1
2025-07-20 04:10:11,901 - nibabel.global - INFO - pixdim[0] (qfac) should be 1 (default) or -1; setting qfac to 1
pixdim[0] (qfac) should be 1 (default) or -1; setting qfac to 1
2025-07-20 04:10:12,095 - nibabel.global - INFO - pixdim[0] (qfac) should be 1 (default) or -1; setting qfac to 1
pixdim[0] (qfac) should be 1 (default) or -1; setting qfac to 1
2025-07-20 04:10:12,287 - nibabel.global - INFO - pixdim[0] (qfac) should be 1 (default) or -1; setting qfac to 1
pixdim[0] (qfac) should be 1 (default) or -1; setting qfac to 1
2025-07-20 04:10:12,481 - nibabel.global - INFO - pixdim[0] (qfac) should be 1 (default) or -1; setting qfac to 1
pixdim[0] (qfac) should be 1 (default) or -1; setting qfac to 1
2025-07-20 04:10:12,673 - nibabel.global - INFO - pixdim[0] (qfac) should be 1 (default) or -1; setting qfac to 1
pixdim[0] (qfac) should be 1 (default) or -1; setting qfac to 1
2025-07-20 04:10:12,866 - nibabel.global - INFO - pixdim[0] (qfac) should be 1 (default) or -1; setting qfac to 1
pixdim[0] (qfac) should be 1 (default) or -1; setting qfac to 1
2025-07-20 04:10:13,052 - nibabel.global - INFO - pixdim[0] (qfac) should be 1 (default) or -1; setting qfac to 1
pixdim[0] (qfac) should be 1 (default) or -1; setting qfac to 1
2025-07-20 04:10:13,245 - nibabel.global - INFO - pixdim[0] (qfac) should be 1 (default) or -1; setting qfac to 1
pixdim[0] (qfac) should be 1 (default) or -1; setting qfac to 1
2025-07-20 04:10:13,434 - nibabel.global - INFO - pixdim[0] (qfac) should be 1 (default) or -1; setting qfac to 1
pixdim[0] (qfac) should be 1 (default) or -1; setting qfac to 1
2025-07-20 04:10:13,628 - nibabel.global - INFO - pixdim[0] (qfac) should be 1 (default) or -1; setting qfac to 1
pixdim[0] (qfac) should be 1 (default) or -1; setting qfac to 1
2025-07-20 04:10:13,821 - nibabel.global - INFO - pixdim[0] (qfac) should be 1 (default) or -1; setting qfac to 1
pixdim[0] (qfac) should be 1 (default) or -1; setting qfac to 1
2025-07-20 04:10:14,013 - nibabel.global - INFO - pixdim[0] (qfac) should be 1 (default) or -1; setting qfac to 1
pixdim[0] (qfac) should be 1 (default) or -1; setting qfac to 1
2025-07-20 04:10:14,206 - nibabel.global - INFO - pixdim[0] (qfac) should be 1 (default) or -1; setting qfac to 1
pixdim[0] (qfac) should be 1 (default) or -1; setting qfac to 1
2025-07-20 04:10:14,394 - nibabel.global - INFO - pixdim[0] (qfac) should be 1 (default) or -1; setting qfac to 1
pixdim[0] (qfac) should be 1 (default) or -1; setting qfac to 1
2025-07-20 04:10:14,587 - nibabel.global - INFO - pixdim[0] (qfac) should be 1 (default) or -1; setting qfac to 1
pixdim[0] (qfac) should be 1 (default) or -1; setting qfac to 1
2025-07-20 04:10:14,778 - nibabel.global - INFO - pixdim[0] (qfac) should be 1 (default) or -1; setting qfac to 1
pixdim[0] (qfac) should be 1 (default) or -1; setting qfac to 1
2025-07-20 04:10:14,972 - nibabel.global - INFO - pixdim[0] (qfac) should be 1 (default) or -1; setting qfac to 1
pixdim[0] (qfac) should be 1 (default) or -1; setting qfac to 1
2025-07-20 04:10:15,166 - nibabel.global - INFO - pixdim[0] (qfac) should be 1 (default) or -1; setting qfac to 1
pixdim[0] (qfac) should be 1 (default) or -1; setting qfac to 1
2025-07-20 04:10:15,373 - nibabel.global - INFO - pixdim[0] (qfac) should be 1 (default) or -1; setting qfac to 1
pixdim[0] (qfac) should be 1 (default) or -1; setting qfac to 1
2025-07-20 04:10:15,565 - nibabel.global - INFO - pixdim[0] (qfac) should be 1 (default) or -1; setting qfac to 1
pixdim[0] (qfac) should be 1 (default) or -1; setting qfac to 1
2025-07-20 04:10:15,756 - nibabel.global - INFO - pixdim[0] (qfac) should be 1 (default) or -1; setting qfac to 1
pixdim[0] (qfac) should be 1 (default) or -1; setting qfac to 1
2025-07-20 04:10:15,943 - nibabel.global - INFO - pixdim[0] (qfac) should be 1 (default) or -1; setting qfac to 1
pixdim[0] (qfac) should be 1 (default) or -1; setting qfac to 1
2025-07-20 04:10:16,139 - nibabel.global - INFO - pixdim[0] (qfac) should be 1 (default) or -1; setting qfac to 1
pixdim[0] (qfac) should be 1 (default) or -1; setting qfac to 1
2025-07-20 04:10:16,332 - nibabel.global - INFO - pixdim[0] (qfac) should be 1 (default) or -1; setting qfac to 1
pixdim[0] (qfac) should be 1 (default) or -1; setting qfac to 1
2025-07-20 04:10:16,526 - nibabel.global - INFO - pixdim[0] (qfac) should be 1 (default) or -1; setting qfac to 1
pixdim[0] (qfac) should be 1 (default) or -1; setting qfac to 1
2025-07-20 04:10:16,720 - nibabel.global - INFO - pixdim[0] (qfac) should be 1 (default) or -1; setting qfac to 1
pixdim[0] (qfac) should be 1 (default) or -1; setting qfac to 1
2025-07-20 04:10:16,910 - nibabel.global - INFO - pixdim[0] (qfac) should be 1 (default) or -1; setting qfac to 1
pixdim[0] (qfac) should be 1 (default) or -1; setting qfac to 1
2025-07-20 04:10:17,105 - nibabel.global - INFO - pixdim[0] (qfac) should be 1 (default) or -1; setting qfac to 1
pixdim[0] (qfac) should be 1 (default) or -1; setting qfac to 1
2025-07-20 04:10:17,288 - nibabel.global - INFO - pixdim[0] (qfac) should be 1 (default) or -1; setting qfac to 1
pixdim[0] (qfac) should be 1 (default) or -1; setting qfac to 1
2025-07-20 04:10:17,484 - nibabel.global - INFO - pixdim[0] (qfac) should be 1 (default) or -1; setting qfac to 1
pixdim[0] (qfac) should be 1 (default) or -1; setting qfac to 1
2025-07-20 04:10:17,683 - nibabel.global - INFO - pixdim[0] (qfac) should be 1 (default) or -1; setting qfac to 1
pixdim[0] (qfac) should be 1 (default) or -1; setting qfac to 1
2025-07-20 04:10:17,885 - nibabel.global - INFO - pixdim[0] (qfac) should be 1 (default) or -1; setting qfac to 1
pixdim[0] (qfac) should be 1 (default) or -1; setting qfac to 1
2025-07-20 04:10:18,077 - nibabel.global - INFO - pixdim[0] (qfac) should be 1 (default) or -1; setting qfac to 1
pixdim[0] (qfac) should be 1 (default) or -1; setting qfac to 1
2025-07-20 04:10:18,271 - nibabel.global - INFO - pixdim[0] (qfac) should be 1 (default) or -1; setting qfac to 1
pixdim[0] (qfac) should be 1 (default) or -1; setting qfac to 1
2025-07-20 04:10:18,463 - nibabel.global - INFO - pixdim[0] (qfac) should be 1 (default) or -1; setting qfac to 1
pixdim[0] (qfac) should be 1 (default) or -1; setting qfac to 1
2025-07-20 04:10:18,657 - nibabel.global - INFO - pixdim[0] (qfac) should be 1 (default) or -1; setting qfac to 1
pixdim[0] (qfac) should be 1 (default) or -1; setting qfac to 1
2025-07-20 04:10:18,849 - nibabel.global - INFO - pixdim[0] (qfac) should be 1 (default) or -1; setting qfac to 1
pixdim[0] (qfac) should be 1 (default) or -1; setting qfac to 1
2025-07-20 04:10:19,044 - nibabel.global - INFO - pixdim[0] (qfac) should be 1 (default) or -1; setting qfac to 1
pixdim[0] (qfac) should be 1 (default) or -1; setting qfac to 1
2025-07-20 04:10:19,238 - nibabel.global - INFO - pixdim[0] (qfac) should be 1 (default) or -1; setting qfac to 1
pixdim[0] (qfac) should be 1 (default) or -1; setting qfac to 1
2025-07-20 04:10:19,435 - nibabel.global - INFO - pixdim[0] (qfac) should be 1 (default) or -1; setting qfac to 1
pixdim[0] (qfac) should be 1 (default) or -1; setting qfac to 1
2025-07-20 04:10:19,626 - nibabel.global - INFO - pixdim[0] (qfac) should be 1 (default) or -1; setting qfac to 1
pixdim[0] (qfac) should be 1 (default) or -1; setting qfac to 1
2025-07-20 04:10:19,813 - nibabel.global - INFO - pixdim[0] (qfac) should be 1 (default) or -1; setting qfac to 1
pixdim[0] (qfac) should be 1 (default) or -1; setting qfac to 1
2025-07-20 04:10:20,005 - nibabel.global - INFO - pixdim[0] (qfac) should be 1 (default) or -1; setting qfac to 1
pixdim[0] (qfac) should be 1 (default) or -1; setting qfac to 1
2025-07-20 04:10:20,201 - nibabel.global - INFO - pixdim[0] (qfac) should be 1 (default) or -1; setting qfac to 1
pixdim[0] (qfac) should be 1 (default) or -1; setting qfac to 1
2025-07-20 04:10:20,383 - nibabel.global - INFO - pixdim[0] (qfac) should be 1 (default) or -1; setting qfac to 1
pixdim[0] (qfac) should be 1 (default) or -1; setting qfac to 1
2025-07-20 04:10:20,575 - nibabel.global - INFO - pixdim[0] (qfac) should be 1 (default) or -1; setting qfac to 1
pixdim[0] (qfac) should be 1 (default) or -1; setting qfac to 1
2025-07-20 04:10:20,771 - nibabel.global - INFO - pixdim[0] (qfac) should be 1 (default) or -1; setting qfac to 1
pixdim[0] (qfac) should be 1 (default) or -1; setting qfac to 1
2025-07-20 04:10:20,966 - nibabel.global - INFO - pixdim[0] (qfac) should be 1 (default) or -1; setting qfac to 1
pixdim[0] (qfac) should be 1 (default) or -1; setting qfac to 1
2025-07-20 04:10:21,161 - nibabel.global - INFO - pixdim[0] (qfac) should be 1 (default) or -1; setting qfac to 1
pixdim[0] (qfac) should be 1 (default) or -1; setting qfac to 1
2025-07-20 04:10:21,378 - nibabel.global - INFO - pixdim[0] (qfac) should be 1 (default) or -1; setting qfac to 1
pixdim[0] (qfac) should be 1 (default) or -1; setting qfac to 1
2025-07-20 04:10:21,574 - nibabel.global - INFO - pixdim[0] (qfac) should be 1 (default) or -1; setting qfac to 1
pixdim[0] (qfac) should be 1 (default) or -1; setting qfac to 1
2025-07-20 04:10:21,770 - nibabel.global - INFO - pixdim[0] (qfac) should be 1 (default) or -1; setting qfac to 1
pixdim[0] (qfac) should be 1 (default) or -1; setting qfac to 1
2025-07-20 04:10:21,965 - nibabel.global - INFO - pixdim[0] (qfac) should be 1 (default) or -1; setting qfac to 1
pixdim[0] (qfac) should be 1 (default) or -1; setting qfac to 1
2025-07-20 04:10:22,156 - nibabel.global - INFO - pixdim[0] (qfac) should be 1 (default) or -1; setting qfac to 1
pixdim[0] (qfac) should be 1 (default) or -1; setting qfac to 1
2025-07-20 04:10:22,346 - nibabel.global - INFO - pixdim[0] (qfac) should be 1 (default) or -1; setting qfac to 1
pixdim[0] (qfac) should be 1 (default) or -1; setting qfac to 1
2025-07-20 04:10:22,541 - nibabel.global - INFO - pixdim[0] (qfac) should be 1 (default) or -1; setting qfac to 1
pixdim[0] (qfac) should be 1 (default) or -1; setting qfac to 1
2025-07-20 04:10:22,736 - nibabel.global - INFO - pixdim[0] (qfac) should be 1 (default) or -1; setting qfac to 1
pixdim[0] (qfac) should be 1 (default) or -1; setting qfac to 1
2025-07-20 04:10:22,933 - nibabel.global - INFO - pixdim[0] (qfac) should be 1 (default) or -1; setting qfac to 1
pixdim[0] (qfac) should be 1 (default) or -1; setting qfac to 1
2025-07-20 04:10:23,124 - nibabel.global - INFO - pixdim[0] (qfac) should be 1 (default) or -1; setting qfac to 1
pixdim[0] (qfac) should be 1 (default) or -1; setting qfac to 1
2025-07-20 04:10:23,319 - nibabel.global - INFO - pixdim[0] (qfac) should be 1 (default) or -1; setting qfac to 1
pixdim[0] (qfac) should be 1 (default) or -1; setting qfac to 1
2025-07-20 04:10:23,514 - nibabel.global - INFO - pixdim[0] (qfac) should be 1 (default) or -1; setting qfac to 1
pixdim[0] (qfac) should be 1 (default) or -1; setting qfac to 1
2025-07-20 04:10:23,710 - nibabel.global - INFO - pixdim[0] (qfac) should be 1 (default) or -1; setting qfac to 1
pixdim[0] (qfac) should be 1 (default) or -1; setting qfac to 1
2025-07-20 04:10:23,906 - nibabel.global - INFO - pixdim[0] (qfac) should be 1 (default) or -1; setting qfac to 1
pixdim[0] (qfac) should be 1 (default) or -1; setting qfac to 1
2025-07-20 04:10:24,103 - nibabel.global - INFO - pixdim[0] (qfac) should be 1 (default) or -1; setting qfac to 1
pixdim[0] (qfac) should be 1 (default) or -1; setting qfac to 1
2025-07-20 04:10:24,289 - nibabel.global - INFO - pixdim[0] (qfac) should be 1 (default) or -1; setting qfac to 1
pixdim[0] (qfac) should be 1 (default) or -1; setting qfac to 1
2025-07-20 04:10:24,483 - nibabel.global - INFO - pixdim[0] (qfac) should be 1 (default) or -1; setting qfac to 1
pixdim[0] (qfac) should be 1 (default) or -1; setting qfac to 1
2025-07-20 04:10:24,675 - nibabel.global - INFO - pixdim[0] (qfac) should be 1 (default) or -1; setting qfac to 1
pixdim[0] (qfac) should be 1 (default) or -1; setting qfac to 1
2025-07-20 04:10:24,867 - nibabel.global - INFO - pixdim[0] (qfac) should be 1 (default) or -1; setting qfac to 1
pixdim[0] (qfac) should be 1 (default) or -1; setting qfac to 1
2025-07-20 04:10:25,062 - nibabel.global - INFO - pixdim[0] (qfac) should be 1 (default) or -1; setting qfac to 1
pixdim[0] (qfac) should be 1 (default) or -1; setting qfac to 1
2025-07-20 04:10:25,258 - nibabel.global - INFO - pixdim[0] (qfac) should be 1 (default) or -1; setting qfac to 1
pixdim[0] (qfac) should be 1 (default) or -1; setting qfac to 1
2025-07-20 04:10:25,454 - nibabel.global - INFO - pixdim[0] (qfac) should be 1 (default) or -1; setting qfac to 1
pixdim[0] (qfac) should be 1 (default) or -1; setting qfac to 1
2025-07-20 04:10:25,649 - nibabel.global - INFO - pixdim[0] (qfac) should be 1 (default) or -1; setting qfac to 1
pixdim[0] (qfac) should be 1 (default) or -1; setting qfac to 1
2025-07-20 04:10:25,846 - nibabel.global - INFO - pixdim[0] (qfac) should be 1 (default) or -1; setting qfac to 1
pixdim[0] (qfac) should be 1 (default) or -1; setting qfac to 1
2025-07-20 04:10:26,036 - nibabel.global - INFO - pixdim[0] (qfac) should be 1 (default) or -1; setting qfac to 1
pixdim[0] (qfac) should be 1 (default) or -1; setting qfac to 1
2025-07-20 04:10:26,227 - nibabel.global - INFO - pixdim[0] (qfac) should be 1 (default) or -1; setting qfac to 1
pixdim[0] (qfac) should be 1 (default) or -1; setting qfac to 1
2025-07-20 04:10:26,421 - nibabel.global - INFO - pixdim[0] (qfac) should be 1 (default) or -1; setting qfac to 1
pixdim[0] (qfac) should be 1 (default) or -1; setting qfac to 1
2025-07-20 04:10:26,612 - nibabel.global - INFO - pixdim[0] (qfac) should be 1 (default) or -1; setting qfac to 1
pixdim[0] (qfac) should be 1 (default) or -1; setting qfac to 1
2025-07-20 04:10:26,807 - nibabel.global - INFO - pixdim[0] (qfac) should be 1 (default) or -1; setting qfac to 1
pixdim[0] (qfac) should be 1 (default) or -1; setting qfac to 1
2025-07-20 04:10:27,002 - nibabel.global - INFO - pixdim[0] (qfac) should be 1 (default) or -1; setting qfac to 1
pixdim[0] (qfac) should be 1 (default) or -1; setting qfac to 1
2025-07-20 04:10:27,197 - nibabel.global - INFO - pixdim[0] (qfac) should be 1 (default) or -1; setting qfac to 1
pixdim[0] (qfac) should be 1 (default) or -1; setting qfac to 1
2025-07-20 04:10:27,394 - nibabel.global - INFO - pixdim[0] (qfac) should be 1 (default) or -1; setting qfac to 1
pixdim[0] (qfac) should be 1 (default) or -1; setting qfac to 1
2025-07-20 04:10:27,591 - nibabel.global - INFO - pixdim[0] (qfac) should be 1 (default) or -1; setting qfac to 1
pixdim[0] (qfac) should be 1 (default) or -1; setting qfac to 1
2025-07-20 04:10:27,784 - nibabel.global - INFO - pixdim[0] (qfac) should be 1 (default) or -1; setting qfac to 1
pixdim[0] (qfac) should be 1 (default) or -1; setting qfac to 1
2025-07-20 04:10:27,980 - nibabel.global - INFO - pixdim[0] (qfac) should be 1 (default) or -1; setting qfac to 1
pixdim[0] (qfac) should be 1 (default) or -1; setting qfac to 1
2025-07-20 04:10:28,170 - nibabel.global - INFO - pixdim[0] (qfac) should be 1 (default) or -1; setting qfac to 1
pixdim[0] (qfac) should be 1 (default) or -1; setting qfac to 1
2025-07-20 04:10:28,362 - nibabel.global - INFO - pixdim[0] (qfac) should be 1 (default) or -1; setting qfac to 1
pixdim[0] (qfac) should be 1 (default) or -1; setting qfac to 1
2025-07-20 04:10:28,558 - nibabel.global - INFO - pixdim[0] (qfac) should be 1 (default) or -1; setting qfac to 1
pixdim[0] (qfac) should be 1 (default) or -1; setting qfac to 1
2025-07-20 04:10:28,754 - nibabel.global - INFO - pixdim[0] (qfac) should be 1 (default) or -1; setting qfac to 1
pixdim[0] (qfac) should be 1 (default) or -1; setting qfac to 1
2025-07-20 04:10:28,947 - nibabel.global - INFO - pixdim[0] (qfac) should be 1 (default) or -1; setting qfac to 1
pixdim[0] (qfac) should be 1 (default) or -1; setting qfac to 1
2025-07-20 04:10:29,153 - nibabel.global - INFO - pixdim[0] (qfac) should be 1 (default) or -1; setting qfac to 1
pixdim[0] (qfac) should be 1 (default) or -1; setting qfac to 1
2025-07-20 04:10:29,348 - nibabel.global - INFO - pixdim[0] (qfac) should be 1 (default) or -1; setting qfac to 1
pixdim[0] (qfac) should be 1 (default) or -1; setting qfac to 1
2025-07-20 04:10:29,543 - nibabel.global - INFO - pixdim[0] (qfac) should be 1 (default) or -1; setting qfac to 1
pixdim[0] (qfac) should be 1 (default) or -1; setting qfac to 1
2025-07-20 04:10:29,735 - nibabel.global - INFO - pixdim[0] (qfac) should be 1 (default) or -1; setting qfac to 1
pixdim[0] (qfac) should be 1 (default) or -1; setting qfac to 1
2025-07-20 04:10:29,923 - nibabel.global - INFO - pixdim[0] (qfac) should be 1 (default) or -1; setting qfac to 1
pixdim[0] (qfac) should be 1 (default) or -1; setting qfac to 1
2025-07-20 04:10:30,120 - nibabel.global - INFO - pixdim[0] (qfac) should be 1 (default) or -1; setting qfac to 1
pixdim[0] (qfac) should be 1 (default) or -1; setting qfac to 1
2025-07-20 04:10:30,314 - nibabel.global - INFO - pixdim[0] (qfac) should be 1 (default) or -1; setting qfac to 1
pixdim[0] (qfac) should be 1 (default) or -1; setting qfac to 1
2025-07-20 04:10:30,509 - nibabel.global - INFO - pixdim[0] (qfac) should be 1 (default) or -1; setting qfac to 1
pixdim[0] (qfac) should be 1 (default) or -1; setting qfac to 1
2025-07-20 04:10:30,698 - nibabel.global - INFO - pixdim[0] (qfac) should be 1 (default) or -1; setting qfac to 1
pixdim[0] (qfac) should be 1 (default) or -1; setting qfac to 1
2025-07-20 04:10:30,883 - nibabel.global - INFO - pixdim[0] (qfac) should be 1 (default) or -1; setting qfac to 1
pixdim[0] (qfac) should be 1 (default) or -1; setting qfac to 1
2025-07-20 04:10:31,079 - nibabel.global - INFO - pixdim[0] (qfac) should be 1 (default) or -1; setting qfac to 1
pixdim[0] (qfac) should be 1 (default) or -1; setting qfac to 1
2025-07-20 04:10:31,273 - nibabel.global - INFO - pixdim[0] (qfac) should be 1 (default) or -1; setting qfac to 1
pixdim[0] (qfac) should be 1 (default) or -1; setting qfac to 1
2025-07-20 04:10:31,468 - nibabel.global - INFO - pixdim[0] (qfac) should be 1 (default) or -1; setting qfac to 1
pixdim[0] (qfac) should be 1 (default) or -1; setting qfac to 1
2025-07-20 04:10:31,663 - nibabel.global - INFO - pixdim[0] (qfac) should be 1 (default) or -1; setting qfac to 1
pixdim[0] (qfac) should be 1 (default) or -1; setting qfac to 1
2025-07-20 04:10:31,853 - nibabel.global - INFO - pixdim[0] (qfac) should be 1 (default) or -1; setting qfac to 1
pixdim[0] (qfac) should be 1 (default) or -1; setting qfac to 1
2025-07-20 04:10:32,049 - nibabel.global - INFO - pixdim[0] (qfac) should be 1 (default) or -1; setting qfac to 1
pixdim[0] (qfac) should be 1 (default) or -1; setting qfac to 1
2025-07-20 04:10:32,243 - nibabel.global - INFO - pixdim[0] (qfac) should be 1 (default) or -1; setting qfac to 1
pixdim[0] (qfac) should be 1 (default) or -1; setting qfac to 1
2025-07-20 04:10:32,437 - nibabel.global - INFO - pixdim[0] (qfac) should be 1 (default) or -1; setting qfac to 1
pixdim[0] (qfac) should be 1 (default) or -1; setting qfac to 1
2025-07-20 04:10:32,631 - nibabel.global - INFO - pixdim[0] (qfac) should be 1 (default) or -1; setting qfac to 1
pixdim[0] (qfac) should be 1 (default) or -1; setting qfac to 1
2025-07-20 04:10:32,826 - nibabel.global - INFO - pixdim[0] (qfac) should be 1 (default) or -1; setting qfac to 1
pixdim[0] (qfac) should be 1 (default) or -1; setting qfac to 1
2025-07-20 04:10:33,021 - nibabel.global - INFO - pixdim[0] (qfac) should be 1 (default) or -1; setting qfac to 1
pixdim[0] (qfac) should be 1 (default) or -1; setting qfac to 1
2025-07-20 04:10:33,217 - nibabel.global - INFO - pixdim[0] (qfac) should be 1 (default) or -1; setting qfac to 1
pixdim[0] (qfac) should be 1 (default) or -1; setting qfac to 1
2025-07-20 04:10:33,414 - nibabel.global - INFO - pixdim[0] (qfac) should be 1 (default) or -1; setting qfac to 1
pixdim[0] (qfac) should be 1 (default) or -1; setting qfac to 1
2025-07-20 04:10:33,610 - nibabel.global - INFO - pixdim[0] (qfac) should be 1 (default) or -1; setting qfac to 1
pixdim[0] (qfac) should be 1 (default) or -1; setting qfac to 1
2025-07-20 04:10:33,801 - nibabel.global - INFO - pixdim[0] (qfac) should be 1 (default) or -1; setting qfac to 1
pixdim[0] (qfac) should be 1 (default) or -1; setting qfac to 1
2025-07-20 04:10:33,990 - nibabel.global - INFO - pixdim[0] (qfac) should be 1 (default) or -1; setting qfac to 1
pixdim[0] (qfac) should be 1 (default) or -1; setting qfac to 1
2025-07-20 04:10:34,184 - nibabel.global - INFO - pixdim[0] (qfac) should be 1 (default) or -1; setting qfac to 1
pixdim[0] (qfac) should be 1 (default) or -1; setting qfac to 1
2025-07-20 04:10:34,378 - nibabel.global - INFO - pixdim[0] (qfac) should be 1 (default) or -1; setting qfac to 1
pixdim[0] (qfac) should be 1 (default) or -1; setting qfac to 1
2025-07-20 04:10:34,575 - nibabel.global - INFO - pixdim[0] (qfac) should be 1 (default) or -1; setting qfac to 1
pixdim[0] (qfac) should be 1 (default) or -1; setting qfac to 1
2025-07-20 04:10:34,769 - nibabel.global - INFO - pixdim[0] (qfac) should be 1 (default) or -1; setting qfac to 1
pixdim[0] (qfac) should be 1 (default) or -1; setting qfac to 1
2025-07-20 04:10:34,962 - nibabel.global - INFO - pixdim[0] (qfac) should be 1 (default) or -1; setting qfac to 1
pixdim[0] (qfac) should be 1 (default) or -1; setting qfac to 1
2025-07-20 04:10:35,152 - nibabel.global - INFO - pixdim[0] (qfac) should be 1 (default) or -1; setting qfac to 1
pixdim[0] (qfac) should be 1 (default) or -1; setting qfac to 1
2025-07-20 04:10:35,349 - nibabel.global - INFO - pixdim[0] (qfac) should be 1 (default) or -1; setting qfac to 1
pixdim[0] (qfac) should be 1 (default) or -1; setting qfac to 1
2025-07-20 04:10:35,541 - nibabel.global - INFO - pixdim[0] (qfac) should be 1 (default) or -1; setting qfac to 1
pixdim[0] (qfac) should be 1 (default) or -1; setting qfac to 1
2025-07-20 04:10:35,738 - nibabel.global - INFO - pixdim[0] (qfac) should be 1 (default) or -1; setting qfac to 1
pixdim[0] (qfac) should be 1 (default) or -1; setting qfac to 1
2025-07-20 04:10:35,931 - nibabel.global - INFO - pixdim[0] (qfac) should be 1 (default) or -1; setting qfac to 1
pixdim[0] (qfac) should be 1 (default) or -1; setting qfac to 1
2025-07-20 04:10:36,125 - nibabel.global - INFO - pixdim[0] (qfac) should be 1 (default) or -1; setting qfac to 1
pixdim[0] (qfac) should be 1 (default) or -1; setting qfac to 1
2025-07-20 04:10:36,321 - nibabel.global - INFO - pixdim[0] (qfac) should be 1 (default) or -1; setting qfac to 1
pixdim[0] (qfac) should be 1 (default) or -1; setting qfac to 1
2025-07-20 04:10:36,512 - nibabel.global - INFO - pixdim[0] (qfac) should be 1 (default) or -1; setting qfac to 1
pixdim[0] (qfac) should be 1 (default) or -1; setting qfac to 1
2025-07-20 04:10:36,708 - nibabel.global - INFO - pixdim[0] (qfac) should be 1 (default) or -1; setting qfac to 1
pixdim[0] (qfac) should be 1 (default) or -1; setting qfac to 1
2025-07-20 04:10:36,925 - nibabel.global - INFO - pixdim[0] (qfac) should be 1 (default) or -1; setting qfac to 1
pixdim[0] (qfac) should be 1 (default) or -1; setting qfac to 1
2025-07-20 04:10:37,118 - nibabel.global - INFO - pixdim[0] (qfac) should be 1 (default) or -1; setting qfac to 1
pixdim[0] (qfac) should be 1 (default) or -1; setting qfac to 1
2025-07-20 04:10:37,311 - nibabel.global - INFO - pixdim[0] (qfac) should be 1 (default) or -1; setting qfac to 1
pixdim[0] (qfac) should be 1 (default) or -1; setting qfac to 1
2025-07-20 04:10:37,503 - nibabel.global - INFO - pixdim[0] (qfac) should be 1 (default) or -1; setting qfac to 1
pixdim[0] (qfac) should be 1 (default) or -1; setting qfac to 1
2025-07-20 04:10:37,698 - nibabel.global - INFO - pixdim[0] (qfac) should be 1 (default) or -1; setting qfac to 1
pixdim[0] (qfac) should be 1 (default) or -1; setting qfac to 1
2025-07-20 04:10:37,888 - nibabel.global - INFO - pixdim[0] (qfac) should be 1 (default) or -1; setting qfac to 1
pixdim[0] (qfac) should be 1 (default) or -1; setting qfac to 1
2025-07-20 04:10:38,084 - nibabel.global - INFO - pixdim[0] (qfac) should be 1 (default) or -1; setting qfac to 1
pixdim[0] (qfac) should be 1 (default) or -1; setting qfac to 1
2025-07-20 04:10:38,280 - nibabel.global - INFO - pixdim[0] (qfac) should be 1 (default) or -1; setting qfac to 1
pixdim[0] (qfac) should be 1 (default) or -1; setting qfac to 1
2025-07-20 04:10:38,475 - nibabel.global - INFO - pixdim[0] (qfac) should be 1 (default) or -1; setting qfac to 1
pixdim[0] (qfac) should be 1 (default) or -1; setting qfac to 1
2025-07-20 04:10:38,670 - nibabel.global - INFO - pixdim[0] (qfac) should be 1 (default) or -1; setting qfac to 1
pixdim[0] (qfac) should be 1 (default) or -1; setting qfac to 1
2025-07-20 04:10:38,864 - nibabel.global - INFO - pixdim[0] (qfac) should be 1 (default) or -1; setting qfac to 1
pixdim[0] (qfac) should be 1 (default) or -1; setting qfac to 1
2025-07-20 04:10:39,060 - nibabel.global - INFO - pixdim[0] (qfac) should be 1 (default) or -1; setting qfac to 1
pixdim[0] (qfac) should be 1 (default) or -1; setting qfac to 1
2025-07-20 04:10:39,254 - nibabel.global - INFO - pixdim[0] (qfac) should be 1 (default) or -1; setting qfac to 1
pixdim[0] (qfac) should be 1 (default) or -1; setting qfac to 1
2025-07-20 04:10:39,449 - nibabel.global - INFO - pixdim[0] (qfac) should be 1 (default) or -1; setting qfac to 1
pixdim[0] (qfac) should be 1 (default) or -1; setting qfac to 1
2025-07-20 04:10:39,642 - nibabel.global - INFO - pixdim[0] (qfac) should be 1 (default) or -1; setting qfac to 1
pixdim[0] (qfac) should be 1 (default) or -1; setting qfac to 1
2025-07-20 04:10:39,838 - nibabel.global - INFO - pixdim[0] (qfac) should be 1 (default) or -1; setting qfac to 1
pixdim[0] (qfac) should be 1 (default) or -1; setting qfac to 1
2025-07-20 04:10:40,034 - nibabel.global - INFO - pixdim[0] (qfac) should be 1 (default) or -1; setting qfac to 1
pixdim[0] (qfac) should be 1 (default) or -1; setting qfac to 1
2025-07-20 04:10:40,229 - nibabel.global - INFO - pixdim[0] (qfac) should be 1 (default) or -1; setting qfac to 1
pixdim[0] (qfac) should be 1 (default) or -1; setting qfac to 1
2025-07-20 04:10:40,423 - nibabel.global - INFO - pixdim[0] (qfac) should be 1 (default) or -1; setting qfac to 1
pixdim[0] (qfac) should be 1 (default) or -1; setting qfac to 1
2025-07-20 04:10:40,619 - nibabel.global - INFO - pixdim[0] (qfac) should be 1 (default) or -1; setting qfac to 1
pixdim[0] (qfac) should be 1 (default) or -1; setting qfac to 1
2025-07-20 04:10:40,814 - nibabel.global - INFO - pixdim[0] (qfac) should be 1 (default) or -1; setting qfac to 1
pixdim[0] (qfac) should be 1 (default) or -1; setting qfac to 1
2025-07-20 04:10:41,009 - nibabel.global - INFO - pixdim[0] (qfac) should be 1 (default) or -1; setting qfac to 1
pixdim[0] (qfac) should be 1 (default) or -1; setting qfac to 1
2025-07-20 04:10:41,204 - nibabel.global - INFO - pixdim[0] (qfac) should be 1 (default) or -1; setting qfac to 1
pixdim[0] (qfac) should be 1 (default) or -1; setting qfac to 1
2025-07-20 04:10:41,399 - nibabel.global - INFO - pixdim[0] (qfac) should be 1 (default) or -1; setting qfac to 1
pixdim[0] (qfac) should be 1 (default) or -1; setting qfac to 1
2025-07-20 04:10:41,595 - nibabel.global - INFO - pixdim[0] (qfac) should be 1 (default) or -1; setting qfac to 1
pixdim[0] (qfac) should be 1 (default) or -1; setting qfac to 1
2025-07-20 04:10:41,791 - nibabel.global - INFO - pixdim[0] (qfac) should be 1 (default) or -1; setting qfac to 1
pixdim[0] (qfac) should be 1 (default) or -1; setting qfac to 1
2025-07-20 04:10:41,986 - nibabel.global - INFO - pixdim[0] (qfac) should be 1 (default) or -1; setting qfac to 1
pixdim[0] (qfac) should be 1 (default) or -1; setting qfac to 1
2025-07-20 04:10:42,175 - nibabel.global - INFO - pixdim[0] (qfac) should be 1 (default) or -1; setting qfac to 1
pixdim[0] (qfac) should be 1 (default) or -1; setting qfac to 1
2025-07-20 04:10:42,368 - nibabel.global - INFO - pixdim[0] (qfac) should be 1 (default) or -1; setting qfac to 1
pixdim[0] (qfac) should be 1 (default) or -1; setting qfac to 1
2025-07-20 04:10:42,565 - nibabel.global - INFO - pixdim[0] (qfac) should be 1 (default) or -1; setting qfac to 1
pixdim[0] (qfac) should be 1 (default) or -1; setting qfac to 1
2025-07-20 04:10:42,761 - nibabel.global - INFO - pixdim[0] (qfac) should be 1 (default) or -1; setting qfac to 1
pixdim[0] (qfac) should be 1 (default) or -1; setting qfac to 1
2025-07-20 04:10:42,951 - nibabel.global - INFO - pixdim[0] (qfac) should be 1 (default) or -1; setting qfac to 1
pixdim[0] (qfac) should be 1 (default) or -1; setting qfac to 1
2025-07-20 04:10:43,145 - nibabel.global - INFO - pixdim[0] (qfac) should be 1 (default) or -1; setting qfac to 1
pixdim[0] (qfac) should be 1 (default) or -1; setting qfac to 1
2025-07-20 04:10:43,340 - nibabel.global - INFO - pixdim[0] (qfac) should be 1 (default) or -1; setting qfac to 1
pixdim[0] (qfac) should be 1 (default) or -1; setting qfac to 1
2025-07-20 04:10:43,536 - nibabel.global - INFO - pixdim[0] (qfac) should be 1 (default) or -1; setting qfac to 1
pixdim[0] (qfac) should be 1 (default) or -1; setting qfac to 1
2025-07-20 04:10:43,732 - nibabel.global - INFO - pixdim[0] (qfac) should be 1 (default) or -1; setting qfac to 1
pixdim[0] (qfac) should be 1 (default) or -1; setting qfac to 1
2025-07-20 04:10:43,928 - nibabel.global - INFO - pixdim[0] (qfac) should be 1 (default) or -1; setting qfac to 1
pixdim[0] (qfac) should be 1 (default) or -1; setting qfac to 1
2025-07-20 04:10:44,121 - nibabel.global - INFO - pixdim[0] (qfac) should be 1 (default) or -1; setting qfac to 1
pixdim[0] (qfac) should be 1 (default) or -1; setting qfac to 1
2025-07-20 04:10:44,316 - nibabel.global - INFO - pixdim[0] (qfac) should be 1 (default) or -1; setting qfac to 1
pixdim[0] (qfac) should be 1 (default) or -1; setting qfac to 1
2025-07-20 04:10:44,511 - nibabel.global - INFO - pixdim[0] (qfac) should be 1 (default) or -1; setting qfac to 1
pixdim[0] (qfac) should be 1 (default) or -1; setting qfac to 1
2025-07-20 04:10:44,705 - nibabel.global - INFO - pixdim[0] (qfac) should be 1 (default) or -1; setting qfac to 1
pixdim[0] (qfac) should be 1 (default) or -1; setting qfac to 1
2025-07-20 04:10:44,902 - nibabel.global - INFO - pixdim[0] (qfac) should be 1 (default) or -1; setting qfac to 1
pixdim[0] (qfac) should be 1 (default) or -1; setting qfac to 1
2025-07-20 04:10:45,092 - nibabel.global - INFO - pixdim[0] (qfac) should be 1 (default) or -1; setting qfac to 1
pixdim[0] (qfac) should be 1 (default) or -1; setting qfac to 1
2025-07-20 04:10:45,287 - nibabel.global - INFO - pixdim[0] (qfac) should be 1 (default) or -1; setting qfac to 1
pixdim[0] (qfac) should be 1 (default) or -1; setting qfac to 1
2025-07-20 04:10:45,483 - nibabel.global - INFO - pixdim[0] (qfac) should be 1 (default) or -1; setting qfac to 1
pixdim[0] (qfac) should be 1 (default) or -1; setting qfac to 1
2025-07-20 04:10:45,677 - nibabel.global - INFO - pixdim[0] (qfac) should be 1 (default) or -1; setting qfac to 1
pixdim[0] (qfac) should be 1 (default) or -1; setting qfac to 1
2025-07-20 04:10:45,871 - nibabel.global - INFO - pixdim[0] (qfac) should be 1 (default) or -1; setting qfac to 1
pixdim[0] (qfac) should be 1 (default) or -1; setting qfac to 1
2025-07-20 04:10:46,066 - nibabel.global - INFO - pixdim[0] (qfac) should be 1 (default) or -1; setting qfac to 1
pixdim[0] (qfac) should be 1 (default) or -1; setting qfac to 1
2025-07-20 04:10:46,262 - nibabel.global - INFO - pixdim[0] (qfac) should be 1 (default) or -1; setting qfac to 1
pixdim[0] (qfac) should be 1 (default) or -1; setting qfac to 1
2025-07-20 04:10:46,457 - nibabel.global - INFO - pixdim[0] (qfac) should be 1 (default) or -1; setting qfac to 1
pixdim[0] (qfac) should be 1 (default) or -1; setting qfac to 1
2025-07-20 04:10:46,652 - nibabel.global - INFO - pixdim[0] (qfac) should be 1 (default) or -1; setting qfac to 1
pixdim[0] (qfac) should be 1 (default) or -1; setting qfac to 1
2025-07-20 04:10:46,841 - nibabel.global - INFO - pixdim[0] (qfac) should be 1 (default) or -1; setting qfac to 1
pixdim[0] (qfac) should be 1 (default) or -1; setting qfac to 1
2025-07-20 04:10:47,044 - nibabel.global - INFO - pixdim[0] (qfac) should be 1 (default) or -1; setting qfac to 1
pixdim[0] (qfac) should be 1 (default) or -1; setting qfac to 1
2025-07-20 04:10:47,232 - nibabel.global - INFO - pixdim[0] (qfac) should be 1 (default) or -1; setting qfac to 1
pixdim[0] (qfac) should be 1 (default) or -1; setting qfac to 1
2025-07-20 04:10:47,427 - nibabel.global - INFO - pixdim[0] (qfac) should be 1 (default) or -1; setting qfac to 1
pixdim[0] (qfac) should be 1 (default) or -1; setting qfac to 1
2025-07-20 04:10:47,622 - nibabel.global - INFO - pixdim[0] (qfac) should be 1 (default) or -1; setting qfac to 1
pixdim[0] (qfac) should be 1 (default) or -1; setting qfac to 1
2025-07-20 04:10:47,817 - nibabel.global - INFO - pixdim[0] (qfac) should be 1 (default) or -1; setting qfac to 1
pixdim[0] (qfac) should be 1 (default) or -1; setting qfac to 1
2025-07-20 04:10:48,011 - nibabel.global - INFO - pixdim[0] (qfac) should be 1 (default) or -1; setting qfac to 1
pixdim[0] (qfac) should be 1 (default) or -1; setting qfac to 1
2025-07-20 04:10:48,211 - nibabel.global - INFO - pixdim[0] (qfac) should be 1 (default) or -1; setting qfac to 1
pixdim[0] (qfac) should be 1 (default) or -1; setting qfac to 1
2025-07-20 04:10:48,414 - nibabel.global - INFO - pixdim[0] (qfac) should be 1 (default) or -1; setting qfac to 1
pixdim[0] (qfac) should be 1 (default) or -1; setting qfac to 1
2025-07-20 04:10:48,610 - nibabel.global - INFO - pixdim[0] (qfac) should be 1 (default) or -1; setting qfac to 1
pixdim[0] (qfac) should be 1 (default) or -1; setting qfac to 1
2025-07-20 04:10:48,805 - nibabel.global - INFO - pixdim[0] (qfac) should be 1 (default) or -1; setting qfac to 1
pixdim[0] (qfac) should be 1 (default) or -1; setting qfac to 1
2025-07-20 04:10:48,997 - nibabel.global - INFO - pixdim[0] (qfac) should be 1 (default) or -1; setting qfac to 1
pixdim[0] (qfac) should be 1 (default) or -1; setting qfac to 1
2025-07-20 04:10:49,192 - nibabel.global - INFO - pixdim[0] (qfac) should be 1 (default) or -1; setting qfac to 1
pixdim[0] (qfac) should be 1 (default) or -1; setting qfac to 1
2025-07-20 04:10:49,388 - nibabel.global - INFO - pixdim[0] (qfac) should be 1 (default) or -1; setting qfac to 1
pixdim[0] (qfac) should be 1 (default) or -1; setting qfac to 1
2025-07-20 04:10:49,582 - nibabel.global - INFO - pixdim[0] (qfac) should be 1 (default) or -1; setting qfac to 1
pixdim[0] (qfac) should be 1 (default) or -1; setting qfac to 1
2025-07-20 04:10:49,774 - nibabel.global - INFO - pixdim[0] (qfac) should be 1 (default) or -1; setting qfac to 1
pixdim[0] (qfac) should be 1 (default) or -1; setting qfac to 1
2025-07-20 04:10:49,970 - nibabel.global - INFO - pixdim[0] (qfac) should be 1 (default) or -1; setting qfac to 1
pixdim[0] (qfac) should be 1 (default) or -1; setting qfac to 1
2025-07-20 04:10:50,165 - nibabel.global - INFO - pixdim[0] (qfac) should be 1 (default) or -1; setting qfac to 1
pixdim[0] (qfac) should be 1 (default) or -1; setting qfac to 1
2025-07-20 04:10:50,360 - nibabel.global - INFO - pixdim[0] (qfac) should be 1 (default) or -1; setting qfac to 1
pixdim[0] (qfac) should be 1 (default) or -1; setting qfac to 1
2025-07-20 04:10:50,546 - nibabel.global - INFO - pixdim[0] (qfac) should be 1 (default) or -1; setting qfac to 1
pixdim[0] (qfac) should be 1 (default) or -1; setting qfac to 1
2025-07-20 04:10:50,741 - nibabel.global - INFO - pixdim[0] (qfac) should be 1 (default) or -1; setting qfac to 1
pixdim[0] (qfac) should be 1 (default) or -1; setting qfac to 1
2025-07-20 04:10:50,938 - nibabel.global - INFO - pixdim[0] (qfac) should be 1 (default) or -1; setting qfac to 1
pixdim[0] (qfac) should be 1 (default) or -1; setting qfac to 1
2025-07-20 04:10:51,126 - nibabel.global - INFO - pixdim[0] (qfac) should be 1 (default) or -1; setting qfac to 1
pixdim[0] (qfac) should be 1 (default) or -1; setting qfac to 1
2025-07-20 04:10:51,322 - nibabel.global - INFO - pixdim[0] (qfac) should be 1 (default) or -1; setting qfac to 1
pixdim[0] (qfac) should be 1 (default) or -1; setting qfac to 1
2025-07-20 04:10:51,518 - nibabel.global - INFO - pixdim[0] (qfac) should be 1 (default) or -1; setting qfac to 1
pixdim[0] (qfac) should be 1 (default) or -1; setting qfac to 1
2025-07-20 04:10:51,714 - nibabel.global - INFO - pixdim[0] (qfac) should be 1 (default) or -1; setting qfac to 1
pixdim[0] (qfac) should be 1 (default) or -1; setting qfac to 1
2025-07-20 04:10:51,902 - nibabel.global - INFO - pixdim[0] (qfac) should be 1 (default) or -1; setting qfac to 1
pixdim[0] (qfac) should be 1 (default) or -1; setting qfac to 1
2025-07-20 04:10:52,093 - nibabel.global - INFO - pixdim[0] (qfac) should be 1 (default) or -1; setting qfac to 1
pixdim[0] (qfac) should be 1 (default) or -1; setting qfac to 1
2025-07-20 04:10:52,290 - nibabel.global - INFO - pixdim[0] (qfac) should be 1 (default) or -1; setting qfac to 1
pixdim[0] (qfac) should be 1 (default) or -1; setting qfac to 1
2025-07-20 04:10:52,485 - nibabel.global - INFO - pixdim[0] (qfac) should be 1 (default) or -1; setting qfac to 1
pixdim[0] (qfac) should be 1 (default) or -1; setting qfac to 1
2025-07-20 04:10:52,680 - nibabel.global - INFO - pixdim[0] (qfac) should be 1 (default) or -1; setting qfac to 1
pixdim[0] (qfac) should be 1 (default) or -1; setting qfac to 1
2025-07-20 04:10:52,876 - nibabel.global - INFO - pixdim[0] (qfac) should be 1 (default) or -1; setting qfac to 1
pixdim[0] (qfac) should be 1 (default) or -1; setting qfac to 1
2025-07-20 04:10:53,064 - nibabel.global - INFO - pixdim[0] (qfac) should be 1 (default) or -1; setting qfac to 1
pixdim[0] (qfac) should be 1 (default) or -1; setting qfac to 1
2025-07-20 04:10:53,261 - nibabel.global - INFO - pixdim[0] (qfac) should be 1 (default) or -1; setting qfac to 1
pixdim[0] (qfac) should be 1 (default) or -1; setting qfac to 1
2025-07-20 04:10:53,456 - nibabel.global - INFO - pixdim[0] (qfac) should be 1 (default) or -1; setting qfac to 1
pixdim[0] (qfac) should be 1 (default) or -1; setting qfac to 1
2025-07-20 04:10:53,650 - nibabel.global - INFO - pixdim[0] (qfac) should be 1 (default) or -1; setting qfac to 1
pixdim[0] (qfac) should be 1 (default) or -1; setting qfac to 1
2025-07-20 04:10:53,845 - nibabel.global - INFO - pixdim[0] (qfac) should be 1 (default) or -1; setting qfac to 1
pixdim[0] (qfac) should be 1 (default) or -1; setting qfac to 1
2025-07-20 04:10:54,041 - nibabel.global - INFO - pixdim[0] (qfac) should be 1 (default) or -1; setting qfac to 1
pixdim[0] (qfac) should be 1 (default) or -1; setting qfac to 1
2025-07-20 04:10:54,238 - nibabel.global - INFO - pixdim[0] (qfac) should be 1 (default) or -1; setting qfac to 1
pixdim[0] (qfac) should be 1 (default) or -1; setting qfac to 1
2025-07-20 04:10:54,434 - nibabel.global - INFO - pixdim[0] (qfac) should be 1 (default) or -1; setting qfac to 1
pixdim[0] (qfac) should be 1 (default) or -1; setting qfac to 1
2025-07-20 04:10:54,629 - nibabel.global - INFO - pixdim[0] (qfac) should be 1 (default) or -1; setting qfac to 1
pixdim[0] (qfac) should be 1 (default) or -1; setting qfac to 1
2025-07-20 04:10:54,824 - nibabel.global - INFO - pixdim[0] (qfac) should be 1 (default) or -1; setting qfac to 1
pixdim[0] (qfac) should be 1 (default) or -1; setting qfac to 1
2025-07-20 04:10:55,019 - nibabel.global - INFO - pixdim[0] (qfac) should be 1 (default) or -1; setting qfac to 1
pixdim[0] (qfac) should be 1 (default) or -1; setting qfac to 1
2025-07-20 04:10:55,215 - nibabel.global - INFO - pixdim[0] (qfac) should be 1 (default) or -1; setting qfac to 1
pixdim[0] (qfac) should be 1 (default) or -1; setting qfac to 1
2025-07-20 04:10:55,411 - nibabel.global - INFO - pixdim[0] (qfac) should be 1 (default) or -1; setting qfac to 1
pixdim[0] (qfac) should be 1 (default) or -1; setting qfac to 1
2025-07-20 04:10:55,602 - nibabel.global - INFO - pixdim[0] (qfac) should be 1 (default) or -1; setting qfac to 1
pixdim[0] (qfac) should be 1 (default) or -1; setting qfac to 1
2025-07-20 04:10:55,787 - nibabel.global - INFO - pixdim[0] (qfac) should be 1 (default) or -1; setting qfac to 1
pixdim[0] (qfac) should be 1 (default) or -1; setting qfac to 1
2025-07-20 04:10:55,976 - nibabel.global - INFO - pixdim[0] (qfac) should be 1 (default) or -1; setting qfac to 1
pixdim[0] (qfac) should be 1 (default) or -1; setting qfac to 1
2025-07-20 04:10:56,170 - nibabel.global - INFO - pixdim[0] (qfac) should be 1 (default) or -1; setting qfac to 1
pixdim[0] (qfac) should be 1 (default) or -1; setting qfac to 1
2025-07-20 04:10:56,361 - nibabel.global - INFO - pixdim[0] (qfac) should be 1 (default) or -1; setting qfac to 1
pixdim[0] (qfac) should be 1 (default) or -1; setting qfac to 1
2025-07-20 04:10:56,556 - nibabel.global - INFO - pixdim[0] (qfac) should be 1 (default) or -1; setting qfac to 1
pixdim[0] (qfac) should be 1 (default) or -1; setting qfac to 1
2025-07-20 04:10:56,752 - nibabel.global - INFO - pixdim[0] (qfac) should be 1 (default) or -1; setting qfac to 1
pixdim[0] (qfac) should be 1 (default) or -1; setting qfac to 1
2025-07-20 04:10:56,947 - nibabel.global - INFO - pixdim[0] (qfac) should be 1 (default) or -1; setting qfac to 1
pixdim[0] (qfac) should be 1 (default) or -1; setting qfac to 1
2025-07-20 04:10:57,159 - nibabel.global - INFO - pixdim[0] (qfac) should be 1 (default) or -1; setting qfac to 1
pixdim[0] (qfac) should be 1 (default) or -1; setting qfac to 1
2025-07-20 04:10:57,354 - nibabel.global - INFO - pixdim[0] (qfac) should be 1 (default) or -1; setting qfac to 1
pixdim[0] (qfac) should be 1 (default) or -1; setting qfac to 1
2025-07-20 04:10:57,548 - nibabel.global - INFO - pixdim[0] (qfac) should be 1 (default) or -1; setting qfac to 1
pixdim[0] (qfac) should be 1 (default) or -1; setting qfac to 1
2025-07-20 04:10:57,742 - nibabel.global - INFO - pixdim[0] (qfac) should be 1 (default) or -1; setting qfac to 1
pixdim[0] (qfac) should be 1 (default) or -1; setting qfac to 1
2025-07-20 04:10:57,936 - nibabel.global - INFO - pixdim[0] (qfac) should be 1 (default) or -1; setting qfac to 1
pixdim[0] (qfac) should be 1 (default) or -1; setting qfac to 1
2025-07-20 04:10:58,124 - nibabel.global - INFO - pixdim[0] (qfac) should be 1 (default) or -1; setting qfac to 1
pixdim[0] (qfac) should be 1 (default) or -1; setting qfac to 1
2025-07-20 04:10:58,319 - nibabel.global - INFO - pixdim[0] (qfac) should be 1 (default) or -1; setting qfac to 1
pixdim[0] (qfac) should be 1 (default) or -1; setting qfac to 1
2025-07-20 04:10:58,514 - nibabel.global - INFO - pixdim[0] (qfac) should be 1 (default) or -1; setting qfac to 1
pixdim[0] (qfac) should be 1 (default) or -1; setting qfac to 1
2025-07-20 04:10:58,706 - nibabel.global - INFO - pixdim[0] (qfac) should be 1 (default) or -1; setting qfac to 1
pixdim[0] (qfac) should be 1 (default) or -1; setting qfac to 1
2025-07-20 04:10:58,899 - nibabel.global - INFO - pixdim[0] (qfac) should be 1 (default) or -1; setting qfac to 1
pixdim[0] (qfac) should be 1 (default) or -1; setting qfac to 1
2025-07-20 04:10:59,095 - nibabel.global - INFO - pixdim[0] (qfac) should be 1 (default) or -1; setting qfac to 1
pixdim[0] (qfac) should be 1 (default) or -1; setting qfac to 1
2025-07-20 04:10:59,282 - nibabel.global - INFO - pixdim[0] (qfac) should be 1 (default) or -1; setting qfac to 1
pixdim[0] (qfac) should be 1 (default) or -1; setting qfac to 1
2025-07-20 04:10:59,475 - nibabel.global - INFO - pixdim[0] (qfac) should be 1 (default) or -1; setting qfac to 1
pixdim[0] (qfac) should be 1 (default) or -1; setting qfac to 1
2025-07-20 04:10:59,662 - nibabel.global - INFO - pixdim[0] (qfac) should be 1 (default) or -1; setting qfac to 1
pixdim[0] (qfac) should be 1 (default) or -1; setting qfac to 1
2025-07-20 04:10:59,851 - nibabel.global - INFO - pixdim[0] (qfac) should be 1 (default) or -1; setting qfac to 1
pixdim[0] (qfac) should be 1 (default) or -1; setting qfac to 1
2025-07-20 04:11:00,045 - nibabel.global - INFO - pixdim[0] (qfac) should be 1 (default) or -1; setting qfac to 1
pixdim[0] (qfac) should be 1 (default) or -1; setting qfac to 1
2025-07-20 04:11:00,240 - nibabel.global - INFO - pixdim[0] (qfac) should be 1 (default) or -1; setting qfac to 1
pixdim[0] (qfac) should be 1 (default) or -1; setting qfac to 1
2025-07-20 04:11:00,435 - nibabel.global - INFO - pixdim[0] (qfac) should be 1 (default) or -1; setting qfac to 1
pixdim[0] (qfac) should be 1 (default) or -1; setting qfac to 1
2025-07-20 04:11:00,630 - nibabel.global - INFO - pixdim[0] (qfac) should be 1 (default) or -1; setting qfac to 1
pixdim[0] (qfac) should be 1 (default) or -1; setting qfac to 1
2025-07-20 04:11:00,820 - nibabel.global - INFO - pixdim[0] (qfac) should be 1 (default) or -1; setting qfac to 1
pixdim[0] (qfac) should be 1 (default) or -1; setting qfac to 1
2025-07-20 04:11:01,005 - nibabel.global - INFO - pixdim[0] (qfac) should be 1 (default) or -1; setting qfac to 1
pixdim[0] (qfac) should be 1 (default) or -1; setting qfac to 1
2025-07-20 04:11:01,200 - nibabel.global - INFO - pixdim[0] (qfac) should be 1 (default) or -1; setting qfac to 1
pixdim[0] (qfac) should be 1 (default) or -1; setting qfac to 1
2025-07-20 04:11:01,389 - nibabel.global - INFO - pixdim[0] (qfac) should be 1 (default) or -1; setting qfac to 1
pixdim[0] (qfac) should be 1 (default) or -1; setting qfac to 1
2025-07-20 04:11:01,577 - nibabel.global - INFO - pixdim[0] (qfac) should be 1 (default) or -1; setting qfac to 1
pixdim[0] (qfac) should be 1 (default) or -1; setting qfac to 1
2025-07-20 04:11:01,766 - nibabel.global - INFO - pixdim[0] (qfac) should be 1 (default) or -1; setting qfac to 1
pixdim[0] (qfac) should be 1 (default) or -1; setting qfac to 1
2025-07-20 04:11:01,964 - nibabel.global - INFO - pixdim[0] (qfac) should be 1 (default) or -1; setting qfac to 1
pixdim[0] (qfac) should be 1 (default) or -1; setting qfac to 1
2025-07-20 04:11:02,153 - nibabel.global - INFO - pixdim[0] (qfac) should be 1 (default) or -1; setting qfac to 1
pixdim[0] (qfac) should be 1 (default) or -1; setting qfac to 1
2025-07-20 04:11:02,348 - nibabel.global - INFO - pixdim[0] (qfac) should be 1 (default) or -1; setting qfac to 1
pixdim[0] (qfac) should be 1 (default) or -1; setting qfac to 1
2025-07-20 04:11:02,544 - nibabel.global - INFO - pixdim[0] (qfac) should be 1 (default) or -1; setting qfac to 1
pixdim[0] (qfac) should be 1 (default) or -1; setting qfac to 1
2025-07-20 04:11:02,736 - nibabel.global - INFO - pixdim[0] (qfac) should be 1 (default) or -1; setting qfac to 1
pixdim[0] (qfac) should be 1 (default) or -1; setting qfac to 1
2025-07-20 04:11:02,930 - nibabel.global - INFO - pixdim[0] (qfac) should be 1 (default) or -1; setting qfac to 1
pixdim[0] (qfac) should be 1 (default) or -1; setting qfac to 1
2025-07-20 04:11:03,127 - nibabel.global - INFO - pixdim[0] (qfac) should be 1 (default) or -1; setting qfac to 1
pixdim[0] (qfac) should be 1 (default) or -1; setting qfac to 1
2025-07-20 04:11:03,321 - nibabel.global - INFO - pixdim[0] (qfac) should be 1 (default) or -1; setting qfac to 1
pixdim[0] (qfac) should be 1 (default) or -1; setting qfac to 1
2025-07-20 04:11:03,514 - nibabel.global - INFO - pixdim[0] (qfac) should be 1 (default) or -1; setting qfac to 1
pixdim[0] (qfac) should be 1 (default) or -1; setting qfac to 1
2025-07-20 04:11:03,710 - nibabel.global - INFO - pixdim[0] (qfac) should be 1 (default) or -1; setting qfac to 1
pixdim[0] (qfac) should be 1 (default) or -1; setting qfac to 1
2025-07-20 04:11:03,906 - nibabel.global - INFO - pixdim[0] (qfac) should be 1 (default) or -1; setting qfac to 1
pixdim[0] (qfac) should be 1 (default) or -1; setting qfac to 1
2025-07-20 04:11:04,100 - nibabel.global - INFO - pixdim[0] (qfac) should be 1 (default) or -1; setting qfac to 1
pixdim[0] (qfac) should be 1 (default) or -1; setting qfac to 1
2025-07-20 04:11:04,288 - nibabel.global - INFO - pixdim[0] (qfac) should be 1 (default) or -1; setting qfac to 1
pixdim[0] (qfac) should be 1 (default) or -1; setting qfac to 1
2025-07-20 04:11:04,483 - nibabel.global - INFO - pixdim[0] (qfac) should be 1 (default) or -1; setting qfac to 1
pixdim[0] (qfac) should be 1 (default) or -1; setting qfac to 1
2025-07-20 04:11:04,678 - nibabel.global - INFO - pixdim[0] (qfac) should be 1 (default) or -1; setting qfac to 1
pixdim[0] (qfac) should be 1 (default) or -1; setting qfac to 1
2025-07-20 04:11:04,874 - nibabel.global - INFO - pixdim[0] (qfac) should be 1 (default) or -1; setting qfac to 1
pixdim[0] (qfac) should be 1 (default) or -1; setting qfac to 1
2025-07-20 04:11:05,067 - nibabel.global - INFO - pixdim[0] (qfac) should be 1 (default) or -1; setting qfac to 1
pixdim[0] (qfac) should be 1 (default) or -1; setting qfac to 1
2025-07-20 04:11:05,262 - nibabel.global - INFO - pixdim[0] (qfac) should be 1 (default) or -1; setting qfac to 1
pixdim[0] (qfac) should be 1 (default) or -1; setting qfac to 1
2025-07-20 04:11:05,458 - nibabel.global - INFO - pixdim[0] (qfac) should be 1 (default) or -1; setting qfac to 1
pixdim[0] (qfac) should be 1 (default) or -1; setting qfac to 1
2025-07-20 04:11:05,647 - nibabel.global - INFO - pixdim[0] (qfac) should be 1 (default) or -1; setting qfac to 1
pixdim[0] (qfac) should be 1 (default) or -1; setting qfac to 1
2025-07-20 04:11:05,841 - nibabel.global - INFO - pixdim[0] (qfac) should be 1 (default) or -1; setting qfac to 1
pixdim[0] (qfac) should be 1 (default) or -1; setting qfac to 1
2025-07-20 04:11:06,038 - nibabel.global - INFO - pixdim[0] (qfac) should be 1 (default) or -1; setting qfac to 1
pixdim[0] (qfac) should be 1 (default) or -1; setting qfac to 1
2025-07-20 04:11:06,227 - nibabel.global - INFO - pixdim[0] (qfac) should be 1 (default) or -1; setting qfac to 1
pixdim[0] (qfac) should be 1 (default) or -1; setting qfac to 1
2025-07-20 04:11:06,420 - nibabel.global - INFO - pixdim[0] (qfac) should be 1 (default) or -1; setting qfac to 1
pixdim[0] (qfac) should be 1 (default) or -1; setting qfac to 1
2025-07-20 04:11:06,617 - nibabel.global - INFO - pixdim[0] (qfac) should be 1 (default) or -1; setting qfac to 1
pixdim[0] (qfac) should be 1 (default) or -1; setting qfac to 1
2025-07-20 04:11:06,809 - nibabel.global - INFO - pixdim[0] (qfac) should be 1 (default) or -1; setting qfac to 1
pixdim[0] (qfac) should be 1 (default) or -1; setting qfac to 1
2025-07-20 04:11:07,004 - nibabel.global - INFO - pixdim[0] (qfac) should be 1 (default) or -1; setting qfac to 1
pixdim[0] (qfac) should be 1 (default) or -1; setting qfac to 1
2025-07-20 04:11:07,199 - nibabel.global - INFO - pixdim[0] (qfac) should be 1 (default) or -1; setting qfac to 1
pixdim[0] (qfac) should be 1 (default) or -1; setting qfac to 1
2025-07-20 04:11:07,393 - nibabel.global - INFO - pixdim[0] (qfac) should be 1 (default) or -1; setting qfac to 1
pixdim[0] (qfac) should be 1 (default) or -1; setting qfac to 1
2025-07-20 04:11:07,589 - nibabel.global - INFO - pixdim[0] (qfac) should be 1 (default) or -1; setting qfac to 1
pixdim[0] (qfac) should be 1 (default) or -1; setting qfac to 1
2025-07-20 04:11:07,780 - nibabel.global - INFO - pixdim[0] (qfac) should be 1 (default) or -1; setting qfac to 1
pixdim[0] (qfac) should be 1 (default) or -1; setting qfac to 1
2025-07-20 04:11:07,974 - nibabel.global - INFO - pixdim[0] (qfac) should be 1 (default) or -1; setting qfac to 1
pixdim[0] (qfac) should be 1 (default) or -1; setting qfac to 1
2025-07-20 04:11:08,168 - nibabel.global - INFO - pixdim[0] (qfac) should be 1 (default) or -1; setting qfac to 1
pixdim[0] (qfac) should be 1 (default) or -1; setting qfac to 1
2025-07-20 04:11:08,364 - nibabel.global - INFO - pixdim[0] (qfac) should be 1 (default) or -1; setting qfac to 1
pixdim[0] (qfac) should be 1 (default) or -1; setting qfac to 1
2025-07-20 04:11:08,558 - nibabel.global - INFO - pixdim[0] (qfac) should be 1 (default) or -1; setting qfac to 1
pixdim[0] (qfac) should be 1 (default) or -1; setting qfac to 1
2025-07-20 04:11:08,750 - nibabel.global - INFO - pixdim[0] (qfac) should be 1 (default) or -1; setting qfac to 1
pixdim[0] (qfac) should be 1 (default) or -1; setting qfac to 1
2025-07-20 04:11:08,942 - nibabel.global - INFO - pixdim[0] (qfac) should be 1 (default) or -1; setting qfac to 1
pixdim[0] (qfac) should be 1 (default) or -1; setting qfac to 1
2025-07-20 04:11:09,134 - nibabel.global - INFO - pixdim[0] (qfac) should be 1 (default) or -1; setting qfac to 1
pixdim[0] (qfac) should be 1 (default) or -1; setting qfac to 1
2025-07-20 04:11:09,329 - nibabel.global - INFO - pixdim[0] (qfac) should be 1 (default) or -1; setting qfac to 1
pixdim[0] (qfac) should be 1 (default) or -1; setting qfac to 1
2025-07-20 04:11:09,522 - nibabel.global - INFO - pixdim[0] (qfac) should be 1 (default) or -1; setting qfac to 1
pixdim[0] (qfac) should be 1 (default) or -1; setting qfac to 1
2025-07-20 04:11:09,715 - nibabel.global - INFO - pixdim[0] (qfac) should be 1 (default) or -1; setting qfac to 1
pixdim[0] (qfac) should be 1 (default) or -1; setting qfac to 1
2025-07-20 04:11:09,910 - nibabel.global - INFO - pixdim[0] (qfac) should be 1 (default) or -1; setting qfac to 1
pixdim[0] (qfac) should be 1 (default) or -1; setting qfac to 1
2025-07-20 04:11:10,102 - nibabel.global - INFO - pixdim[0] (qfac) should be 1 (default) or -1; setting qfac to 1
pixdim[0] (qfac) should be 1 (default) or -1; setting qfac to 1
2025-07-20 04:11:10,309 - nibabel.global - INFO - pixdim[0] (qfac) should be 1 (default) or -1; setting qfac to 1
pixdim[0] (qfac) should be 1 (default) or -1; setting qfac to 1
2025-07-20 04:11:10,506 - nibabel.global - INFO - pixdim[0] (qfac) should be 1 (default) or -1; setting qfac to 1
pixdim[0] (qfac) should be 1 (default) or -1; setting qfac to 1
2025-07-20 04:11:10,697 - nibabel.global - INFO - pixdim[0] (qfac) should be 1 (default) or -1; setting qfac to 1
pixdim[0] (qfac) should be 1 (default) or -1; setting qfac to 1
2025-07-20 04:11:10,891 - nibabel.global - INFO - pixdim[0] (qfac) should be 1 (default) or -1; setting qfac to 1
pixdim[0] (qfac) should be 1 (default) or -1; setting qfac to 1
2025-07-20 04:11:11,084 - nibabel.global - INFO - pixdim[0] (qfac) should be 1 (default) or -1; setting qfac to 1
pixdim[0] (qfac) should be 1 (default) or -1; setting qfac to 1
2025-07-20 04:11:11,278 - nibabel.global - INFO - pixdim[0] (qfac) should be 1 (default) or -1; setting qfac to 1
pixdim[0] (qfac) should be 1 (default) or -1; setting qfac to 1
2025-07-20 04:11:11,472 - nibabel.global - INFO - pixdim[0] (qfac) should be 1 (default) or -1; setting qfac to 1
pixdim[0] (qfac) should be 1 (default) or -1; setting qfac to 1
2025-07-20 04:11:11,667 - nibabel.global - INFO - pixdim[0] (qfac) should be 1 (default) or -1; setting qfac to 1
pixdim[0] (qfac) should be 1 (default) or -1; setting qfac to 1
2025-07-20 04:11:11,864 - nibabel.global - INFO - pixdim[0] (qfac) should be 1 (default) or -1; setting qfac to 1
pixdim[0] (qfac) should be 1 (default) or -1; setting qfac to 1
2025-07-20 04:11:12,059 - nibabel.global - INFO - pixdim[0] (qfac) should be 1 (default) or -1; setting qfac to 1
pixdim[0] (qfac) should be 1 (default) or -1; setting qfac to 1
2025-07-20 04:11:12,253 - nibabel.global - INFO - pixdim[0] (qfac) should be 1 (default) or -1; setting qfac to 1
pixdim[0] (qfac) should be 1 (default) or -1; setting qfac to 1
2025-07-20 04:11:12,449 - nibabel.global - INFO - pixdim[0] (qfac) should be 1 (default) or -1; setting qfac to 1
pixdim[0] (qfac) should be 1 (default) or -1; setting qfac to 1
2025-07-20 04:11:12,644 - nibabel.global - INFO - pixdim[0] (qfac) should be 1 (default) or -1; setting qfac to 1
pixdim[0] (qfac) should be 1 (default) or -1; setting qfac to 1
2025-07-20 04:11:12,837 - nibabel.global - INFO - pixdim[0] (qfac) should be 1 (default) or -1; setting qfac to 1
pixdim[0] (qfac) should be 1 (default) or -1; setting qfac to 1
2025-07-20 04:11:13,033 - nibabel.global - INFO - pixdim[0] (qfac) should be 1 (default) or -1; setting qfac to 1
pixdim[0] (qfac) should be 1 (default) or -1; setting qfac to 1
2025-07-20 04:11:13,228 - nibabel.global - INFO - pixdim[0] (qfac) should be 1 (default) or -1; setting qfac to 1
pixdim[0] (qfac) should be 1 (default) or -1; setting qfac to 1
2025-07-20 04:11:13,423 - nibabel.global - INFO - pixdim[0] (qfac) should be 1 (default) or -1; setting qfac to 1
pixdim[0] (qfac) should be 1 (default) or -1; setting qfac to 1
2025-07-20 04:11:13,618 - nibabel.global - INFO - pixdim[0] (qfac) should be 1 (default) or -1; setting qfac to 1
pixdim[0] (qfac) should be 1 (default) or -1; setting qfac to 1
2025-07-20 04:11:13,807 - nibabel.global - INFO - pixdim[0] (qfac) should be 1 (default) or -1; setting qfac to 1
pixdim[0] (qfac) should be 1 (default) or -1; setting qfac to 1
2025-07-20 04:11:13,998 - nibabel.global - INFO - pixdim[0] (qfac) should be 1 (default) or -1; setting qfac to 1
pixdim[0] (qfac) should be 1 (default) or -1; setting qfac to 1
2025-07-20 04:11:14,191 - nibabel.global - INFO - pixdim[0] (qfac) should be 1 (default) or -1; setting qfac to 1
pixdim[0] (qfac) should be 1 (default) or -1; setting qfac to 1
2025-07-20 04:11:14,382 - nibabel.global - INFO - pixdim[0] (qfac) should be 1 (default) or -1; setting qfac to 1
pixdim[0] (qfac) should be 1 (default) or -1; setting qfac to 1
2025-07-20 04:11:14,577 - nibabel.global - INFO - pixdim[0] (qfac) should be 1 (default) or -1; setting qfac to 1
pixdim[0] (qfac) should be 1 (default) or -1; setting qfac to 1
2025-07-20 04:11:14,770 - nibabel.global - INFO - pixdim[0] (qfac) should be 1 (default) or -1; setting qfac to 1
pixdim[0] (qfac) should be 1 (default) or -1; setting qfac to 1
2025-07-20 04:11:14,958 - nibabel.global - INFO - pixdim[0] (qfac) should be 1 (default) or -1; setting qfac to 1
pixdim[0] (qfac) should be 1 (default) or -1; setting qfac to 1
2025-07-20 04:11:15,152 - nibabel.global - INFO - pixdim[0] (qfac) should be 1 (default) or -1; setting qfac to 1
pixdim[0] (qfac) should be 1 (default) or -1; setting qfac to 1
2025-07-20 04:11:15,348 - nibabel.global - INFO - pixdim[0] (qfac) should be 1 (default) or -1; setting qfac to 1
pixdim[0] (qfac) should be 1 (default) or -1; setting qfac to 1
2025-07-20 04:11:15,538 - nibabel.global - INFO - pixdim[0] (qfac) should be 1 (default) or -1; setting qfac to 1
pixdim[0] (qfac) should be 1 (default) or -1; setting qfac to 1
2025-07-20 04:11:15,732 - nibabel.global - INFO - pixdim[0] (qfac) should be 1 (default) or -1; setting qfac to 1
pixdim[0] (qfac) should be 1 (default) or -1; setting qfac to 1
2025-07-20 04:11:15,927 - nibabel.global - INFO - pixdim[0] (qfac) should be 1 (default) or -1; setting qfac to 1
pixdim[0] (qfac) should be 1 (default) or -1; setting qfac to 1
2025-07-20 04:11:16,122 - nibabel.global - INFO - pixdim[0] (qfac) should be 1 (default) or -1; setting qfac to 1
pixdim[0] (qfac) should be 1 (default) or -1; setting qfac to 1
2025-07-20 04:11:16,317 - nibabel.global - INFO - pixdim[0] (qfac) should be 1 (default) or -1; setting qfac to 1
pixdim[0] (qfac) should be 1 (default) or -1; setting qfac to 1
2025-07-20 04:11:16,513 - nibabel.global - INFO - pixdim[0] (qfac) should be 1 (default) or -1; setting qfac to 1
pixdim[0] (qfac) should be 1 (default) or -1; setting qfac to 1
2025-07-20 04:11:16,708 - nibabel.global - INFO - pixdim[0] (qfac) should be 1 (default) or -1; setting qfac to 1
pixdim[0] (qfac) should be 1 (default) or -1; setting qfac to 1
2025-07-20 04:11:16,896 - nibabel.global - INFO - pixdim[0] (qfac) should be 1 (default) or -1; setting qfac to 1
pixdim[0] (qfac) should be 1 (default) or -1; setting qfac to 1
2025-07-20 04:11:17,092 - nibabel.global - INFO - pixdim[0] (qfac) should be 1 (default) or -1; setting qfac to 1
pixdim[0] (qfac) should be 1 (default) or -1; setting qfac to 1
2025-07-20 04:11:17,285 - nibabel.global - INFO - pixdim[0] (qfac) should be 1 (default) or -1; setting qfac to 1
pixdim[0] (qfac) should be 1 (default) or -1; setting qfac to 1
2025-07-20 04:11:17,480 - nibabel.global - INFO - pixdim[0] (qfac) should be 1 (default) or -1; setting qfac to 1
pixdim[0] (qfac) should be 1 (default) or -1; setting qfac to 1
2025-07-20 04:11:17,676 - nibabel.global - INFO - pixdim[0] (qfac) should be 1 (default) or -1; setting qfac to 1
pixdim[0] (qfac) should be 1 (default) or -1; setting qfac to 1
2025-07-20 04:11:17,865 - nibabel.global - INFO - pixdim[0] (qfac) should be 1 (default) or -1; setting qfac to 1
pixdim[0] (qfac) should be 1 (default) or -1; setting qfac to 1
2025-07-20 04:11:18,060 - nibabel.global - INFO - pixdim[0] (qfac) should be 1 (default) or -1; setting qfac to 1
pixdim[0] (qfac) should be 1 (default) or -1; setting qfac to 1
2025-07-20 04:11:18,256 - nibabel.global - INFO - pixdim[0] (qfac) should be 1 (default) or -1; setting qfac to 1
pixdim[0] (qfac) should be 1 (default) or -1; setting qfac to 1
2025-07-20 04:11:18,448 - nibabel.global - INFO - pixdim[0] (qfac) should be 1 (default) or -1; setting qfac to 1
pixdim[0] (qfac) should be 1 (default) or -1; setting qfac to 1
2025-07-20 04:11:18,640 - nibabel.global - INFO - pixdim[0] (qfac) should be 1 (default) or -1; setting qfac to 1
pixdim[0] (qfac) should be 1 (default) or -1; setting qfac to 1
2025-07-20 04:11:18,836 - nibabel.global - INFO - pixdim[0] (qfac) should be 1 (default) or -1; setting qfac to 1
pixdim[0] (qfac) should be 1 (default) or -1; setting qfac to 1
2025-07-20 04:11:19,038 - nibabel.global - INFO - pixdim[0] (qfac) should be 1 (default) or -1; setting qfac to 1
pixdim[0] (qfac) should be 1 (default) or -1; setting qfac to 1
2025-07-20 04:11:19,241 - nibabel.global - INFO - pixdim[0] (qfac) should be 1 (default) or -1; setting qfac to 1
pixdim[0] (qfac) should be 1 (default) or -1; setting qfac to 1
2025-07-20 04:11:19,437 - nibabel.global - INFO - pixdim[0] (qfac) should be 1 (default) or -1; setting qfac to 1
pixdim[0] (qfac) should be 1 (default) or -1; setting qfac to 1
2025-07-20 04:11:19,632 - nibabel.global - INFO - pixdim[0] (qfac) should be 1 (default) or -1; setting qfac to 1
pixdim[0] (qfac) should be 1 (default) or -1; setting qfac to 1
2025-07-20 04:11:19,821 - nibabel.global - INFO - pixdim[0] (qfac) should be 1 (default) or -1; setting qfac to 1
pixdim[0] (qfac) should be 1 (default) or -1; setting qfac to 1
2025-07-20 04:11:20,016 - nibabel.global - INFO - pixdim[0] (qfac) should be 1 (default) or -1; setting qfac to 1
pixdim[0] (qfac) should be 1 (default) or -1; setting qfac to 1
2025-07-20 04:11:20,201 - nibabel.global - INFO - pixdim[0] (qfac) should be 1 (default) or -1; setting qfac to 1
pixdim[0] (qfac) should be 1 (default) or -1; setting qfac to 1
2025-07-20 04:11:20,392 - nibabel.global - INFO - pixdim[0] (qfac) should be 1 (default) or -1; setting qfac to 1
pixdim[0] (qfac) should be 1 (default) or -1; setting qfac to 1
2025-07-20 04:11:20,588 - nibabel.global - INFO - pixdim[0] (qfac) should be 1 (default) or -1; setting qfac to 1
pixdim[0] (qfac) should be 1 (default) or -1; setting qfac to 1
2025-07-20 04:11:20,778 - nibabel.global - INFO - pixdim[0] (qfac) should be 1 (default) or -1; setting qfac to 1
pixdim[0] (qfac) should be 1 (default) or -1; setting qfac to 1
2025-07-20 04:11:20,973 - nibabel.global - INFO - pixdim[0] (qfac) should be 1 (default) or -1; setting qfac to 1
pixdim[0] (qfac) should be 1 (default) or -1; setting qfac to 1
2025-07-20 04:11:21,165 - nibabel.global - INFO - pixdim[0] (qfac) should be 1 (default) or -1; setting qfac to 1
pixdim[0] (qfac) should be 1 (default) or -1; setting qfac to 1
2025-07-20 04:11:21,360 - nibabel.global - INFO - pixdim[0] (qfac) should be 1 (default) or -1; setting qfac to 1
pixdim[0] (qfac) should be 1 (default) or -1; setting qfac to 1
2025-07-20 04:11:21,545 - nibabel.global - INFO - pixdim[0] (qfac) should be 1 (default) or -1; setting qfac to 1
pixdim[0] (qfac) should be 1 (default) or -1; setting qfac to 1
2025-07-20 04:11:21,735 - nibabel.global - INFO - pixdim[0] (qfac) should be 1 (default) or -1; setting qfac to 1
pixdim[0] (qfac) should be 1 (default) or -1; setting qfac to 1
2025-07-20 04:11:21,927 - nibabel.global - INFO - pixdim[0] (qfac) should be 1 (default) or -1; setting qfac to 1
pixdim[0] (qfac) should be 1 (default) or -1; setting qfac to 1
2025-07-20 04:11:22,122 - nibabel.global - INFO - pixdim[0] (qfac) should be 1 (default) or -1; setting qfac to 1
pixdim[0] (qfac) should be 1 (default) or -1; setting qfac to 1
2025-07-20 04:11:22,319 - nibabel.global - INFO - pixdim[0] (qfac) should be 1 (default) or -1; setting qfac to 1
pixdim[0] (qfac) should be 1 (default) or -1; setting qfac to 1
2025-07-20 04:11:22,506 - nibabel.global - INFO - pixdim[0] (qfac) should be 1 (default) or -1; setting qfac to 1
pixdim[0] (qfac) should be 1 (default) or -1; setting qfac to 1
2025-07-20 04:11:22,703 - nibabel.global - INFO - pixdim[0] (qfac) should be 1 (default) or -1; setting qfac to 1
pixdim[0] (qfac) should be 1 (default) or -1; setting qfac to 1
2025-07-20 04:11:22,889 - nibabel.global - INFO - pixdim[0] (qfac) should be 1 (default) or -1; setting qfac to 1
pixdim[0] (qfac) should be 1 (default) or -1; setting qfac to 1
2025-07-20 04:11:23,083 - nibabel.global - INFO - pixdim[0] (qfac) should be 1 (default) or -1; setting qfac to 1
pixdim[0] (qfac) should be 1 (default) or -1; setting qfac to 1
2025-07-20 04:11:23,268 - nibabel.global - INFO - pixdim[0] (qfac) should be 1 (default) or -1; setting qfac to 1
pixdim[0] (qfac) should be 1 (default) or -1; setting qfac to 1
2025-07-20 04:11:23,463 - nibabel.global - INFO - pixdim[0] (qfac) should be 1 (default) or -1; setting qfac to 1
pixdim[0] (qfac) should be 1 (default) or -1; setting qfac to 1
2025-07-20 04:11:23,665 - nibabel.global - INFO - pixdim[0] (qfac) should be 1 (default) or -1; setting qfac to 1
pixdim[0] (qfac) should be 1 (default) or -1; setting qfac to 1
2025-07-20 04:11:23,851 - nibabel.global - INFO - pixdim[0] (qfac) should be 1 (default) or -1; setting qfac to 1
pixdim[0] (qfac) should be 1 (default) or -1; setting qfac to 1
2025-07-20 04:11:24,047 - nibabel.global - INFO - pixdim[0] (qfac) should be 1 (default) or -1; setting qfac to 1
pixdim[0] (qfac) should be 1 (default) or -1; setting qfac to 1
2025-07-20 04:11:24,240 - nibabel.global - INFO - pixdim[0] (qfac) should be 1 (default) or -1; setting qfac to 1
pixdim[0] (qfac) should be 1 (default) or -1; setting qfac to 1
2025-07-20 04:11:24,432 - nibabel.global - INFO - pixdim[0] (qfac) should be 1 (default) or -1; setting qfac to 1
pixdim[0] (qfac) should be 1 (default) or -1; setting qfac to 1
2025-07-20 04:11:24,628 - nibabel.global - INFO - pixdim[0] (qfac) should be 1 (default) or -1; setting qfac to 1
pixdim[0] (qfac) should be 1 (default) or -1; setting qfac to 1
2025-07-20 04:11:24,821 - nibabel.global - INFO - pixdim[0] (qfac) should be 1 (default) or -1; setting qfac to 1
pixdim[0] (qfac) should be 1 (default) or -1; setting qfac to 1
2025-07-20 04:11:25,010 - nibabel.global - INFO - pixdim[0] (qfac) should be 1 (default) or -1; setting qfac to 1
pixdim[0] (qfac) should be 1 (default) or -1; setting qfac to 1
2025-07-20 04:11:25,204 - nibabel.global - INFO - pixdim[0] (qfac) should be 1 (default) or -1; setting qfac to 1
pixdim[0] (qfac) should be 1 (default) or -1; setting qfac to 1
2025-07-20 04:11:25,398 - nibabel.global - INFO - pixdim[0] (qfac) should be 1 (default) or -1; setting qfac to 1
pixdim[0] (qfac) should be 1 (default) or -1; setting qfac to 1
2025-07-20 04:11:25,592 - nibabel.global - INFO - pixdim[0] (qfac) should be 1 (default) or -1; setting qfac to 1
pixdim[0] (qfac) should be 1 (default) or -1; setting qfac to 1
2025-07-20 04:11:25,788 - nibabel.global - INFO - pixdim[0] (qfac) should be 1 (default) or -1; setting qfac to 1
pixdim[0] (qfac) should be 1 (default) or -1; setting qfac to 1
2025-07-20 04:11:25,977 - nibabel.global - INFO - pixdim[0] (qfac) should be 1 (default) or -1; setting qfac to 1
pixdim[0] (qfac) should be 1 (default) or -1; setting qfac to 1
2025-07-20 04:11:26,167 - nibabel.global - INFO - pixdim[0] (qfac) should be 1 (default) or -1; setting qfac to 1
pixdim[0] (qfac) should be 1 (default) or -1; setting qfac to 1
2025-07-20 04:11:26,358 - nibabel.global - INFO - pixdim[0] (qfac) should be 1 (default) or -1; setting qfac to 1
pixdim[0] (qfac) should be 1 (default) or -1; setting qfac to 1
2025-07-20 04:11:26,552 - nibabel.global - INFO - pixdim[0] (qfac) should be 1 (default) or -1; setting qfac to 1
pixdim[0] (qfac) should be 1 (default) or -1; setting qfac to 1
2025-07-20 04:11:26,748 - nibabel.global - INFO - pixdim[0] (qfac) should be 1 (default) or -1; setting qfac to 1
pixdim[0] (qfac) should be 1 (default) or -1; setting qfac to 1
2025-07-20 04:11:26,944 - nibabel.global - INFO - pixdim[0] (qfac) should be 1 (default) or -1; setting qfac to 1
pixdim[0] (qfac) should be 1 (default) or -1; setting qfac to 1
2025-07-20 04:11:27,135 - nibabel.global - INFO - pixdim[0] (qfac) should be 1 (default) or -1; setting qfac to 1
pixdim[0] (qfac) should be 1 (default) or -1; setting qfac to 1
2025-07-20 04:11:27,327 - nibabel.global - INFO - pixdim[0] (qfac) should be 1 (default) or -1; setting qfac to 1
pixdim[0] (qfac) should be 1 (default) or -1; setting qfac to 1
2025-07-20 04:11:27,519 - nibabel.global - INFO - pixdim[0] (qfac) should be 1 (default) or -1; setting qfac to 1
pixdim[0] (qfac) should be 1 (default) or -1; setting qfac to 1
2025-07-20 04:11:27,711 - nibabel.global - INFO - pixdim[0] (qfac) should be 1 (default) or -1; setting qfac to 1
pixdim[0] (qfac) should be 1 (default) or -1; setting qfac to 1
2025-07-20 04:11:27,903 - nibabel.global - INFO - pixdim[0] (qfac) should be 1 (default) or -1; setting qfac to 1
pixdim[0] (qfac) should be 1 (default) or -1; setting qfac to 1
2025-07-20 04:11:28,099 - nibabel.global - INFO - pixdim[0] (qfac) should be 1 (default) or -1; setting qfac to 1
pixdim[0] (qfac) should be 1 (default) or -1; setting qfac to 1
2025-07-20 04:11:28,290 - nibabel.global - INFO - pixdim[0] (qfac) should be 1 (default) or -1; setting qfac to 1
pixdim[0] (qfac) should be 1 (default) or -1; setting qfac to 1
2025-07-20 04:11:28,487 - nibabel.global - INFO - pixdim[0] (qfac) should be 1 (default) or -1; setting qfac to 1
pixdim[0] (qfac) should be 1 (default) or -1; setting qfac to 1
2025-07-20 04:11:28,682 - nibabel.global - INFO - pixdim[0] (qfac) should be 1 (default) or -1; setting qfac to 1
pixdim[0] (qfac) should be 1 (default) or -1; setting qfac to 1
2025-07-20 04:11:28,877 - nibabel.global - INFO - pixdim[0] (qfac) should be 1 (default) or -1; setting qfac to 1
pixdim[0] (qfac) should be 1 (default) or -1; setting qfac to 1
2025-07-20 04:11:29,073 - nibabel.global - INFO - pixdim[0] (qfac) should be 1 (default) or -1; setting qfac to 1
pixdim[0] (qfac) should be 1 (default) or -1; setting qfac to 1
2025-07-20 04:11:29,268 - nibabel.global - INFO - pixdim[0] (qfac) should be 1 (default) or -1; setting qfac to 1
pixdim[0] (qfac) should be 1 (default) or -1; setting qfac to 1
2025-07-20 04:11:29,463 - nibabel.global - INFO - pixdim[0] (qfac) should be 1 (default) or -1; setting qfac to 1
pixdim[0] (qfac) should be 1 (default) or -1; setting qfac to 1
2025-07-20 04:11:29,651 - nibabel.global - INFO - pixdim[0] (qfac) should be 1 (default) or -1; setting qfac to 1
pixdim[0] (qfac) should be 1 (default) or -1; setting qfac to 1
2025-07-20 04:11:29,843 - nibabel.global - INFO - pixdim[0] (qfac) should be 1 (default) or -1; setting qfac to 1
pixdim[0] (qfac) should be 1 (default) or -1; setting qfac to 1
2025-07-20 04:11:30,037 - nibabel.global - INFO - pixdim[0] (qfac) should be 1 (default) or -1; setting qfac to 1
pixdim[0] (qfac) should be 1 (default) or -1; setting qfac to 1
2025-07-20 04:11:30,230 - nibabel.global - INFO - pixdim[0] (qfac) should be 1 (default) or -1; setting qfac to 1
pixdim[0] (qfac) should be 1 (default) or -1; setting qfac to 1
2025-07-20 04:11:30,425 - nibabel.global - INFO - pixdim[0] (qfac) should be 1 (default) or -1; setting qfac to 1
pixdim[0] (qfac) should be 1 (default) or -1; setting qfac to 1
2025-07-20 04:11:30,620 - nibabel.global - INFO - pixdim[0] (qfac) should be 1 (default) or -1; setting qfac to 1
pixdim[0] (qfac) should be 1 (default) or -1; setting qfac to 1
2025-07-20 04:11:30,815 - nibabel.global - INFO - pixdim[0] (qfac) should be 1 (default) or -1; setting qfac to 1
pixdim[0] (qfac) should be 1 (default) or -1; setting qfac to 1
2025-07-20 04:11:31,009 - nibabel.global - INFO - pixdim[0] (qfac) should be 1 (default) or -1; setting qfac to 1
pixdim[0] (qfac) should be 1 (default) or -1; setting qfac to 1
2025-07-20 04:11:31,199 - nibabel.global - INFO - pixdim[0] (qfac) should be 1 (default) or -1; setting qfac to 1
pixdim[0] (qfac) should be 1 (default) or -1; setting qfac to 1
2025-07-20 04:11:31,390 - nibabel.global - INFO - pixdim[0] (qfac) should be 1 (default) or -1; setting qfac to 1
pixdim[0] (qfac) should be 1 (default) or -1; setting qfac to 1
2025-07-20 04:11:31,587 - nibabel.global - INFO - pixdim[0] (qfac) should be 1 (default) or -1; setting qfac to 1
pixdim[0] (qfac) should be 1 (default) or -1; setting qfac to 1
2025-07-20 04:11:31,782 - nibabel.global - INFO - pixdim[0] (qfac) should be 1 (default) or -1; setting qfac to 1
pixdim[0] (qfac) should be 1 (default) or -1; setting qfac to 1
2025-07-20 04:11:31,974 - nibabel.global - INFO - pixdim[0] (qfac) should be 1 (default) or -1; setting qfac to 1
pixdim[0] (qfac) should be 1 (default) or -1; setting qfac to 1
2025-07-20 04:11:32,162 - nibabel.global - INFO - pixdim[0] (qfac) should be 1 (default) or -1; setting qfac to 1
pixdim[0] (qfac) should be 1 (default) or -1; setting qfac to 1
2025-07-20 04:11:32,357 - nibabel.global - INFO - pixdim[0] (qfac) should be 1 (default) or -1; setting qfac to 1
pixdim[0] (qfac) should be 1 (default) or -1; setting qfac to 1
2025-07-20 04:11:32,552 - nibabel.global - INFO - pixdim[0] (qfac) should be 1 (default) or -1; setting qfac to 1
pixdim[0] (qfac) should be 1 (default) or -1; setting qfac to 1
2025-07-20 04:11:32,749 - nibabel.global - INFO - pixdim[0] (qfac) should be 1 (default) or -1; setting qfac to 1
pixdim[0] (qfac) should be 1 (default) or -1; setting qfac to 1
2025-07-20 04:11:32,938 - nibabel.global - INFO - pixdim[0] (qfac) should be 1 (default) or -1; setting qfac to 1
pixdim[0] (qfac) should be 1 (default) or -1; setting qfac to 1
2025-07-20 04:11:33,131 - nibabel.global - INFO - pixdim[0] (qfac) should be 1 (default) or -1; setting qfac to 1
pixdim[0] (qfac) should be 1 (default) or -1; setting qfac to 1
2025-07-20 04:11:33,325 - nibabel.global - INFO - pixdim[0] (qfac) should be 1 (default) or -1; setting qfac to 1
pixdim[0] (qfac) should be 1 (default) or -1; setting qfac to 1
2025-07-20 04:11:33,520 - nibabel.global - INFO - pixdim[0] (qfac) should be 1 (default) or -1; setting qfac to 1
pixdim[0] (qfac) should be 1 (default) or -1; setting qfac to 1
2025-07-20 04:11:33,715 - nibabel.global - INFO - pixdim[0] (qfac) should be 1 (default) or -1; setting qfac to 1
pixdim[0] (qfac) should be 1 (default) or -1; setting qfac to 1
2025-07-20 04:11:33,909 - nibabel.global - INFO - pixdim[0] (qfac) should be 1 (default) or -1; setting qfac to 1
pixdim[0] (qfac) should be 1 (default) or -1; setting qfac to 1
2025-07-20 04:11:34,099 - nibabel.global - INFO - pixdim[0] (qfac) should be 1 (default) or -1; setting qfac to 1
pixdim[0] (qfac) should be 1 (default) or -1; setting qfac to 1
2025-07-20 04:11:34,293 - nibabel.global - INFO - pixdim[0] (qfac) should be 1 (default) or -1; setting qfac to 1
pixdim[0] (qfac) should be 1 (default) or -1; setting qfac to 1
2025-07-20 04:11:34,484 - nibabel.global - INFO - pixdim[0] (qfac) should be 1 (default) or -1; setting qfac to 1
pixdim[0] (qfac) should be 1 (default) or -1; setting qfac to 1
2025-07-20 04:11:34,675 - nibabel.global - INFO - pixdim[0] (qfac) should be 1 (default) or -1; setting qfac to 1
pixdim[0] (qfac) should be 1 (default) or -1; setting qfac to 1
2025-07-20 04:11:34,871 - nibabel.global - INFO - pixdim[0] (qfac) should be 1 (default) or -1; setting qfac to 1
pixdim[0] (qfac) should be 1 (default) or -1; setting qfac to 1
2025-07-20 04:11:35,057 - nibabel.global - INFO - pixdim[0] (qfac) should be 1 (default) or -1; setting qfac to 1
pixdim[0] (qfac) should be 1 (default) or -1; setting qfac to 1
2025-07-20 04:11:35,252 - nibabel.global - INFO - pixdim[0] (qfac) should be 1 (default) or -1; setting qfac to 1
pixdim[0] (qfac) should be 1 (default) or -1; setting qfac to 1
2025-07-20 04:11:35,448 - nibabel.global - INFO - pixdim[0] (qfac) should be 1 (default) or -1; setting qfac to 1
pixdim[0] (qfac) should be 1 (default) or -1; setting qfac to 1
2025-07-20 04:11:35,638 - nibabel.global - INFO - pixdim[0] (qfac) should be 1 (default) or -1; setting qfac to 1
pixdim[0] (qfac) should be 1 (default) or -1; setting qfac to 1
2025-07-20 04:11:35,833 - nibabel.global - INFO - pixdim[0] (qfac) should be 1 (default) or -1; setting qfac to 1
pixdim[0] (qfac) should be 1 (default) or -1; setting qfac to 1
2025-07-20 04:11:36,027 - nibabel.global - INFO - pixdim[0] (qfac) should be 1 (default) or -1; setting qfac to 1
pixdim[0] (qfac) should be 1 (default) or -1; setting qfac to 1
2025-07-20 04:11:36,222 - nibabel.global - INFO - pixdim[0] (qfac) should be 1 (default) or -1; setting qfac to 1
pixdim[0] (qfac) should be 1 (default) or -1; setting qfac to 1
2025-07-20 04:11:36,419 - nibabel.global - INFO - pixdim[0] (qfac) should be 1 (default) or -1; setting qfac to 1
pixdim[0] (qfac) should be 1 (default) or -1; setting qfac to 1
2025-07-20 04:11:36,614 - nibabel.global - INFO - pixdim[0] (qfac) should be 1 (default) or -1; setting qfac to 1
pixdim[0] (qfac) should be 1 (default) or -1; setting qfac to 1
2025-07-20 04:11:36,803 - nibabel.global - INFO - pixdim[0] (qfac) should be 1 (default) or -1; setting qfac to 1
pixdim[0] (qfac) should be 1 (default) or -1; setting qfac to 1
2025-07-20 04:11:36,998 - nibabel.global - INFO - pixdim[0] (qfac) should be 1 (default) or -1; setting qfac to 1
pixdim[0] (qfac) should be 1 (default) or -1; setting qfac to 1
2025-07-20 04:11:37,194 - nibabel.global - INFO - pixdim[0] (qfac) should be 1 (default) or -1; setting qfac to 1
pixdim[0] (qfac) should be 1 (default) or -1; setting qfac to 1
2025-07-20 04:11:37,389 - nibabel.global - INFO - pixdim[0] (qfac) should be 1 (default) or -1; setting qfac to 1
pixdim[0] (qfac) should be 1 (default) or -1; setting qfac to 1
2025-07-20 04:11:37,584 - nibabel.global - INFO - pixdim[0] (qfac) should be 1 (default) or -1; setting qfac to 1
pixdim[0] (qfac) should be 1 (default) or -1; setting qfac to 1
2025-07-20 04:11:37,781 - nibabel.global - INFO - pixdim[0] (qfac) should be 1 (default) or -1; setting qfac to 1
pixdim[0] (qfac) should be 1 (default) or -1; setting qfac to 1
2025-07-20 04:11:37,975 - nibabel.global - INFO - pixdim[0] (qfac) should be 1 (default) or -1; setting qfac to 1
pixdim[0] (qfac) should be 1 (default) or -1; setting qfac to 1
2025-07-20 04:11:38,164 - nibabel.global - INFO - pixdim[0] (qfac) should be 1 (default) or -1; setting qfac to 1
pixdim[0] (qfac) should be 1 (default) or -1; setting qfac to 1
2025-07-20 04:11:38,358 - nibabel.global - INFO - pixdim[0] (qfac) should be 1 (default) or -1; setting qfac to 1
pixdim[0] (qfac) should be 1 (default) or -1; setting qfac to 1
2025-07-20 04:11:38,555 - nibabel.global - INFO - pixdim[0] (qfac) should be 1 (default) or -1; setting qfac to 1
pixdim[0] (qfac) should be 1 (default) or -1; setting qfac to 1
2025-07-20 04:11:38,750 - nibabel.global - INFO - pixdim[0] (qfac) should be 1 (default) or -1; setting qfac to 1
pixdim[0] (qfac) should be 1 (default) or -1; setting qfac to 1
2025-07-20 04:11:38,939 - nibabel.global - INFO - pixdim[0] (qfac) should be 1 (default) or -1; setting qfac to 1
pixdim[0] (qfac) should be 1 (default) or -1; setting qfac to 1
2025-07-20 04:11:39,127 - nibabel.global - INFO - pixdim[0] (qfac) should be 1 (default) or -1; setting qfac to 1
pixdim[0] (qfac) should be 1 (default) or -1; setting qfac to 1
2025-07-20 04:11:39,334 - nibabel.global - INFO - pixdim[0] (qfac) should be 1 (default) or -1; setting qfac to 1
pixdim[0] (qfac) should be 1 (default) or -1; setting qfac to 1
2025-07-20 04:11:39,523 - nibabel.global - INFO - pixdim[0] (qfac) should be 1 (default) or -1; setting qfac to 1
pixdim[0] (qfac) should be 1 (default) or -1; setting qfac to 1
2025-07-20 04:11:39,718 - nibabel.global - INFO - pixdim[0] (qfac) should be 1 (default) or -1; setting qfac to 1
pixdim[0] (qfac) should be 1 (default) or -1; setting qfac to 1
2025-07-20 04:11:39,913 - nibabel.global - INFO - pixdim[0] (qfac) should be 1 (default) or -1; setting qfac to 1
pixdim[0] (qfac) should be 1 (default) or -1; setting qfac to 1
2025-07-20 04:11:40,108 - nibabel.global - INFO - pixdim[0] (qfac) should be 1 (default) or -1; setting qfac to 1
pixdim[0] (qfac) should be 1 (default) or -1; setting qfac to 1
2025-07-20 04:11:40,304 - nibabel.global - INFO - pixdim[0] (qfac) should be 1 (default) or -1; setting qfac to 1
pixdim[0] (qfac) should be 1 (default) or -1; setting qfac to 1
2025-07-20 04:11:40,500 - nibabel.global - INFO - pixdim[0] (qfac) should be 1 (default) or -1; setting qfac to 1
pixdim[0] (qfac) should be 1 (default) or -1; setting qfac to 1
2025-07-20 04:11:40,688 - nibabel.global - INFO - pixdim[0] (qfac) should be 1 (default) or -1; setting qfac to 1
pixdim[0] (qfac) should be 1 (default) or -1; setting qfac to 1
2025-07-20 04:11:40,884 - nibabel.global - INFO - pixdim[0] (qfac) should be 1 (default) or -1; setting qfac to 1
pixdim[0] (qfac) should be 1 (default) or -1; setting qfac to 1
2025-07-20 04:11:41,078 - nibabel.global - INFO - pixdim[0] (qfac) should be 1 (default) or -1; setting qfac to 1
pixdim[0] (qfac) should be 1 (default) or -1; setting qfac to 1
2025-07-20 04:11:41,272 - nibabel.global - INFO - pixdim[0] (qfac) should be 1 (default) or -1; setting qfac to 1
pixdim[0] (qfac) should be 1 (default) or -1; setting qfac to 1
2025-07-20 04:11:41,464 - nibabel.global - INFO - pixdim[0] (qfac) should be 1 (default) or -1; setting qfac to 1
pixdim[0] (qfac) should be 1 (default) or -1; setting qfac to 1
2025-07-20 04:11:41,658 - nibabel.global - INFO - pixdim[0] (qfac) should be 1 (default) or -1; setting qfac to 1
pixdim[0] (qfac) should be 1 (default) or -1; setting qfac to 1
2025-07-20 04:11:41,854 - nibabel.global - INFO - pixdim[0] (qfac) should be 1 (default) or -1; setting qfac to 1
pixdim[0] (qfac) should be 1 (default) or -1; setting qfac to 1
2025-07-20 04:11:42,048 - nibabel.global - INFO - pixdim[0] (qfac) should be 1 (default) or -1; setting qfac to 1
pixdim[0] (qfac) should be 1 (default) or -1; setting qfac to 1
2025-07-20 04:11:42,242 - nibabel.global - INFO - pixdim[0] (qfac) should be 1 (default) or -1; setting qfac to 1
pixdim[0] (qfac) should be 1 (default) or -1; setting qfac to 1
2025-07-20 04:11:42,438 - nibabel.global - INFO - pixdim[0] (qfac) should be 1 (default) or -1; setting qfac to 1
pixdim[0] (qfac) should be 1 (default) or -1; setting qfac to 1
2025-07-20 04:11:42,633 - nibabel.global - INFO - pixdim[0] (qfac) should be 1 (default) or -1; setting qfac to 1
pixdim[0] (qfac) should be 1 (default) or -1; setting qfac to 1
2025-07-20 04:11:42,827 - nibabel.global - INFO - pixdim[0] (qfac) should be 1 (default) or -1; setting qfac to 1
pixdim[0] (qfac) should be 1 (default) or -1; setting qfac to 1
2025-07-20 04:11:43,023 - nibabel.global - INFO - pixdim[0] (qfac) should be 1 (default) or -1; setting qfac to 1
pixdim[0] (qfac) should be 1 (default) or -1; setting qfac to 1
2025-07-20 04:11:43,216 - nibabel.global - INFO - pixdim[0] (qfac) should be 1 (default) or -1; setting qfac to 1
pixdim[0] (qfac) should be 1 (default) or -1; setting qfac to 1
2025-07-20 04:11:43,402 - nibabel.global - INFO - pixdim[0] (qfac) should be 1 (default) or -1; setting qfac to 1
pixdim[0] (qfac) should be 1 (default) or -1; setting qfac to 1
2025-07-20 04:11:43,598 - nibabel.global - INFO - pixdim[0] (qfac) should be 1 (default) or -1; setting qfac to 1
pixdim[0] (qfac) should be 1 (default) or -1; setting qfac to 1
2025-07-20 04:11:43,787 - nibabel.global - INFO - pixdim[0] (qfac) should be 1 (default) or -1; setting qfac to 1
pixdim[0] (qfac) should be 1 (default) or -1; setting qfac to 1
2025-07-20 04:11:43,982 - nibabel.global - INFO - pixdim[0] (qfac) should be 1 (default) or -1; setting qfac to 1
pixdim[0] (qfac) should be 1 (default) or -1; setting qfac to 1
2025-07-20 04:11:44,177 - nibabel.global - INFO - pixdim[0] (qfac) should be 1 (default) or -1; setting qfac to 1
pixdim[0] (qfac) should be 1 (default) or -1; setting qfac to 1
2025-07-20 04:11:44,373 - nibabel.global - INFO - pixdim[0] (qfac) should be 1 (default) or -1; setting qfac to 1
pixdim[0] (qfac) should be 1 (default) or -1; setting qfac to 1
2025-07-20 04:11:44,569 - nibabel.global - INFO - pixdim[0] (qfac) should be 1 (default) or -1; setting qfac to 1
pixdim[0] (qfac) should be 1 (default) or -1; setting qfac to 1
2025-07-20 04:11:44,765 - nibabel.global - INFO - pixdim[0] (qfac) should be 1 (default) or -1; setting qfac to 1
pixdim[0] (qfac) should be 1 (default) or -1; setting qfac to 1
2025-07-20 04:11:44,955 - nibabel.global - INFO - pixdim[0] (qfac) should be 1 (default) or -1; setting qfac to 1
pixdim[0] (qfac) should be 1 (default) or -1; setting qfac to 1
2025-07-20 04:11:45,150 - nibabel.global - INFO - pixdim[0] (qfac) should be 1 (default) or -1; setting qfac to 1
pixdim[0] (qfac) should be 1 (default) or -1; setting qfac to 1
2025-07-20 04:11:45,345 - nibabel.global - INFO - pixdim[0] (qfac) should be 1 (default) or -1; setting qfac to 1
pixdim[0] (qfac) should be 1 (default) or -1; setting qfac to 1
2025-07-20 04:11:45,540 - nibabel.global - INFO - pixdim[0] (qfac) should be 1 (default) or -1; setting qfac to 1
pixdim[0] (qfac) should be 1 (default) or -1; setting qfac to 1
2025-07-20 04:11:45,735 - nibabel.global - INFO - pixdim[0] (qfac) should be 1 (default) or -1; setting qfac to 1
pixdim[0] (qfac) should be 1 (default) or -1; setting qfac to 1
2025-07-20 04:11:45,932 - nibabel.global - INFO - pixdim[0] (qfac) should be 1 (default) or -1; setting qfac to 1
pixdim[0] (qfac) should be 1 (default) or -1; setting qfac to 1
2025-07-20 04:11:46,128 - nibabel.global - INFO - pixdim[0] (qfac) should be 1 (default) or -1; setting qfac to 1
pixdim[0] (qfac) should be 1 (default) or -1; setting qfac to 1
2025-07-20 04:11:46,320 - nibabel.global - INFO - pixdim[0] (qfac) should be 1 (default) or -1; setting qfac to 1
pixdim[0] (qfac) should be 1 (default) or -1; setting qfac to 1
2025-07-20 04:11:46,507 - nibabel.global - INFO - pixdim[0] (qfac) should be 1 (default) or -1; setting qfac to 1
pixdim[0] (qfac) should be 1 (default) or -1; setting qfac to 1
2025-07-20 04:11:46,701 - nibabel.global - INFO - pixdim[0] (qfac) should be 1 (default) or -1; setting qfac to 1
pixdim[0] (qfac) should be 1 (default) or -1; setting qfac to 1
2025-07-20 04:11:46,895 - nibabel.global - INFO - pixdim[0] (qfac) should be 1 (default) or -1; setting qfac to 1
pixdim[0] (qfac) should be 1 (default) or -1; setting qfac to 1
2025-07-20 04:11:47,092 - nibabel.global - INFO - pixdim[0] (qfac) should be 1 (default) or -1; setting qfac to 1
pixdim[0] (qfac) should be 1 (default) or -1; setting qfac to 1
2025-07-20 04:11:47,280 - nibabel.global - INFO - pixdim[0] (qfac) should be 1 (default) or -1; setting qfac to 1
pixdim[0] (qfac) should be 1 (default) or -1; setting qfac to 1
2025-07-20 04:11:47,474 - nibabel.global - INFO - pixdim[0] (qfac) should be 1 (default) or -1; setting qfac to 1
pixdim[0] (qfac) should be 1 (default) or -1; setting qfac to 1
2025-07-20 04:11:47,669 - nibabel.global - INFO - pixdim[0] (qfac) should be 1 (default) or -1; setting qfac to 1
pixdim[0] (qfac) should be 1 (default) or -1; setting qfac to 1
2025-07-20 04:11:47,866 - nibabel.global - INFO - pixdim[0] (qfac) should be 1 (default) or -1; setting qfac to 1
pixdim[0] (qfac) should be 1 (default) or -1; setting qfac to 1
2025-07-20 04:11:48,054 - nibabel.global - INFO - pixdim[0] (qfac) should be 1 (default) or -1; setting qfac to 1
pixdim[0] (qfac) should be 1 (default) or -1; setting qfac to 1
2025-07-20 04:11:48,247 - nibabel.global - INFO - pixdim[0] (qfac) should be 1 (default) or -1; setting qfac to 1
pixdim[0] (qfac) should be 1 (default) or -1; setting qfac to 1
2025-07-20 04:11:48,438 - nibabel.global - INFO - pixdim[0] (qfac) should be 1 (default) or -1; setting qfac to 1
2025-07-20 04:11:48,627 - SmartSOTA - INFO - 📊 Created 655 image-mask pairs
2025-07-20 04:11:48,629 - SmartSOTA - INFO - 🧠 Class balance: 100.00% contain lesions
2025-07-20 04:11:48,631 - SmartSOTA - INFO - Memory at dataset_load_end: CPU=1.00GB | GPU0: 0.00GB | GPU1: 0.00GB | GPU2: 0.00GB | GPU3: 0.00GB | Disk: 245.7GB free
2025-07-20 04:11:48,632 - SmartSOTA - INFO - 🧮 Dataset split: Train=557 (85.0%), Validation=98 (15.0%)
2025-07-20 04:11:48,634 - SmartSOTA - INFO - ⚖️ Lesion representation: Train=100.0%, Validation=100.0%
2025-07-20 04:11:48,635 - SmartSOTA - INFO - 🔧 Data generator initialized: 524 samples, cache=enabled
2025-07-20 04:11:48,636 - SmartSOTA - INFO - 🔧 Data generator initialized: 98 samples, cache=enabled
2025-07-20 04:11:48,637 - SmartSOTA - INFO - Memory at generator_creation_end: CPU=1.00GB | GPU0: 0.00GB | GPU1: 0.00GB | GPU2: 0.00GB | GPU3: 0.00GB | Disk: 245.7GB free
2025-07-20 04:11:48,638 - SmartSOTA - INFO - ✅ Created optimized generators: Train=262 batches, Val=49 batches
2025-07-20 04:11:48,639 - SmartSOTA - INFO - 🧪 Testing data generators...
pixdim[0] (qfac) should be 1 (default) or -1; setting qfac to 1
2025-07-20 04:11:49,321 - nibabel.global - INFO - pixdim[0] (qfac) should be 1 (default) or -1; setting qfac to 1
pixdim[0] (qfac) should be 1 (default) or -1; setting qfac to 1
2025-07-20 04:11:49,355 - nibabel.global - INFO - pixdim[0] (qfac) should be 1 (default) or -1; setting qfac to 1
2025-07-20 04:11:50,586 - SmartSOTA - INFO - ✅ Generator test successful: X shape: (2, 192, 224, 176, 1), Y shape: (2, 192, 224, 176, 1)
2025-07-20 04:11:50,652 - SmartSOTA - INFO - Memory at data_loading_complete: CPU=1.14GB | GPU0: 0.00GB | GPU1: 0.00GB | GPU2: 0.00GB | GPU3: 0.00GB | Disk: 245.7GB free
2025-07-20 04:11:50,654 - SmartSOTA - INFO - 🏗️ Building model...
2025-07-20 04:11:50,836 - tensorflow - INFO - Reduce to /job:localhost/replica:0/task:0/device:CPU:0 then broadcast to ('/job:localhost/replica:0/task:0/device:CPU:0',).
2025-07-20 04:11:50,842 - tensorflow - INFO - Reduce to /job:localhost/replica:0/task:0/device:CPU:0 then broadcast to ('/job:localhost/replica:0/task:0/device:CPU:0',).
2025-07-20 04:11:50,888 - tensorflow - INFO - Reduce to /job:localhost/replica:0/task:0/device:CPU:0 then broadcast to ('/job:localhost/replica:0/task:0/device:CPU:0',).
2025-07-20 04:11:50,893 - tensorflow - INFO - Reduce to /job:localhost/replica:0/task:0/device:CPU:0 then broadcast to ('/job:localhost/replica:0/task:0/device:CPU:0',).
2025-07-20 04:11:50,937 - tensorflow - INFO - Reduce to /job:localhost/replica:0/task:0/device:CPU:0 then broadcast to ('/job:localhost/replica:0/task:0/device:CPU:0',).
2025-07-20 04:11:50,941 - tensorflow - INFO - Reduce to /job:localhost/replica:0/task:0/device:CPU:0 then broadcast to ('/job:localhost/replica:0/task:0/device:CPU:0',).
2025-07-20 04:11:51,000 - tensorflow - INFO - Reduce to /job:localhost/replica:0/task:0/device:CPU:0 then broadcast to ('/job:localhost/replica:0/task:0/device:CPU:0',).
2025-07-20 04:11:51,005 - tensorflow - INFO - Reduce to /job:localhost/replica:0/task:0/device:CPU:0 then broadcast to ('/job:localhost/replica:0/task:0/device:CPU:0',).
2025-07-20 04:11:51,049 - tensorflow - INFO - Reduce to /job:localhost/replica:0/task:0/device:CPU:0 then broadcast to ('/job:localhost/replica:0/task:0/device:CPU:0',).
2025-07-20 04:11:51,054 - tensorflow - INFO - Reduce to /job:localhost/replica:0/task:0/device:CPU:0 then broadcast to ('/job:localhost/replica:0/task:0/device:CPU:0',).
2025-07-20 04:11:52,789 - SmartSOTA - INFO - ✅ Built model with 5.13M parameters
2025-07-20 04:11:52,818 - SmartSOTA - INFO - ✅ Model compiled: 5.13M parameters
2025-07-20 04:11:52,820 - SmartSOTA - INFO - Memory at model_build_complete: CPU=1.17GB | GPU0: 0.02GB | GPU1: 0.02GB | GPU2: 0.02GB | GPU3: 0.02GB | Disk: 245.7GB free
2025-07-20 04:11:52,831 - SmartSOTA - INFO - ✅ Configured 7 callbacks
2025-07-20 04:11:52,832 - SmartSOTA - INFO - 🚀 Starting training...
2025-07-20 04:11:52,833 - SmartSOTA - INFO - Memory at training_start: CPU=1.17GB | GPU0: 0.02GB | GPU1: 0.02GB | GPU2: 0.02GB | GPU3: 0.02GB | Disk: 245.7GB free
2025-07-20 04:11:52,834 - SmartSOTA - INFO - 🔍 Running pre-training validation...
pixdim[0] (qfac) should be 1 (default) or -1; setting qfac to 1
2025-07-20 04:11:53,481 - nibabel.global - INFO - pixdim[0] (qfac) should be 1 (default) or -1; setting qfac to 1
pixdim[0] (qfac) should be 1 (default) or -1; setting qfac to 1
2025-07-20 04:11:54,361 - nibabel.global - INFO - pixdim[0] (qfac) should be 1 (default) or -1; setting qfac to 1
pixdim[0] (qfac) should be 1 (default) or -1; setting qfac to 1
2025-07-20 04:12:00,600 - nibabel.global - INFO - pixdim[0] (qfac) should be 1 (default) or -1; setting qfac to 1
pixdim[0] (qfac) should be 1 (default) or -1; setting qfac to 1
2025-07-20 04:12:00,857 - nibabel.global - INFO - pixdim[0] (qfac) should be 1 (default) or -1; setting qfac to 1
pixdim[0] (qfac) should be 1 (default) or -1; setting qfac to 1
2025-07-20 04:12:01,990 - nibabel.global - INFO - pixdim[0] (qfac) should be 1 (default) or -1; setting qfac to 1
pixdim[0] (qfac) should be 1 (default) or -1; setting qfac to 1
2025-07-20 04:12:02,894 - nibabel.global - INFO - pixdim[0] (qfac) should be 1 (default) or -1; setting qfac to 1
pixdim[0] (qfac) should be 1 (default) or -1; setting qfac to 1
2025-07-20 04:12:03,936 - nibabel.global - INFO - pixdim[0] (qfac) should be 1 (default) or -1; setting qfac to 1
pixdim[0] (qfac) should be 1 (default) or -1; setting qfac to 1
2025-07-20 04:12:04,814 - nibabel.global - INFO - pixdim[0] (qfac) should be 1 (default) or -1; setting qfac to 1
pixdim[0] (qfac) should be 1 (default) or -1; setting qfac to 1
2025-07-20 04:12:05,964 - nibabel.global - INFO - pixdim[0] (qfac) should be 1 (default) or -1; setting qfac to 1
pixdim[0] (qfac) should be 1 (default) or -1; setting qfac to 1
2025-07-20 04:12:06,870 - nibabel.global - INFO - pixdim[0] (qfac) should be 1 (default) or -1; setting qfac to 1
pixdim[0] (qfac) should be 1 (default) or -1; setting qfac to 1
2025-07-20 04:12:07,945 - nibabel.global - INFO - pixdim[0] (qfac) should be 1 (default) or -1; setting qfac to 1
pixdim[0] (qfac) should be 1 (default) or -1; setting qfac to 1
2025-07-20 04:12:08,889 - nibabel.global - INFO - pixdim[0] (qfac) should be 1 (default) or -1; setting qfac to 1
pixdim[0] (qfac) should be 1 (default) or -1; setting qfac to 1
2025-07-20 04:12:10,028 - nibabel.global - INFO - pixdim[0] (qfac) should be 1 (default) or -1; setting qfac to 1
pixdim[0] (qfac) should be 1 (default) or -1; setting qfac to 1
2025-07-20 04:12:10,921 - nibabel.global - INFO - pixdim[0] (qfac) should be 1 (default) or -1; setting qfac to 1
pixdim[0] (qfac) should be 1 (default) or -1; setting qfac to 1
2025-07-20 04:12:12,038 - nibabel.global - INFO - pixdim[0] (qfac) should be 1 (default) or -1; setting qfac to 1
pixdim[0] (qfac) should be 1 (default) or -1; setting qfac to 1
2025-07-20 04:12:12,891 - nibabel.global - INFO - pixdim[0] (qfac) should be 1 (default) or -1; setting qfac to 1
 1/49 [..............................] - ETA: 14:27 - loss: 2.3750 - dice_coefficient: 0.5012 2/49 [>.............................] - ETA: 7s - loss: 2.3720 - dice_coefficient: 0.5027    3/49 [>.............................] - ETA: 7s - loss: 2.3724 - dice_coefficient: 0.5024 4/49 [=>............................] - ETA: 7s - loss: 2.3682 - dice_coefficient: 0.5046 5/49 [==>...........................] - ETA: 6s - loss: 2.3700 - dice_coefficient: 0.5037 6/49 [==>...........................] - ETA: 6s - loss: 2.3692 - dice_coefficient: 0.5041 7/49 [===>..........................] - ETA: 6s - loss: 2.3680 - dice_coefficient: 0.5046pixdim[0] (qfac) should be 1 (default) or -1; setting qfac to 1
2025-07-20 04:12:14,062 - nibabel.global - INFO - pixdim[0] (qfac) should be 1 (default) or -1; setting qfac to 1
pixdim[0] (qfac) should be 1 (default) or -1; setting qfac to 1
2025-07-20 04:12:14,969 - nibabel.global - INFO - pixdim[0] (qfac) should be 1 (default) or -1; setting qfac to 1
 8/49 [===>..........................] - ETA: 15s - loss: 2.3672 - dice_coefficient: 0.5051pixdim[0] (qfac) should be 1 (default) or -1; setting qfac to 1
2025-07-20 04:12:16,037 - nibabel.global - INFO - pixdim[0] (qfac) should be 1 (default) or -1; setting qfac to 1
pixdim[0] (qfac) should be 1 (default) or -1; setting qfac to 1
2025-07-20 04:12:16,970 - nibabel.global - INFO - pixdim[0] (qfac) should be 1 (default) or -1; setting qfac to 1
 9/49 [====>.........................] - ETA: 22s - loss: 2.3677 - dice_coefficient: 0.5048pixdim[0] (qfac) should be 1 (default) or -1; setting qfac to 1
2025-07-20 04:12:18,050 - nibabel.global - INFO - pixdim[0] (qfac) should be 1 (default) or -1; setting qfac to 1
pixdim[0] (qfac) should be 1 (default) or -1; setting qfac to 1
2025-07-20 04:12:18,951 - nibabel.global - INFO - pixdim[0] (qfac) should be 1 (default) or -1; setting qfac to 1
10/49 [=====>........................] - ETA: 28s - loss: 2.3686 - dice_coefficient: 0.5044pixdim[0] (qfac) should be 1 (default) or -1; setting qfac to 1
2025-07-20 04:12:20,064 - nibabel.global - INFO - pixdim[0] (qfac) should be 1 (default) or -1; setting qfac to 1
pixdim[0] (qfac) should be 1 (default) or -1; setting qfac to 1
2025-07-20 04:12:20,984 - nibabel.global - INFO - pixdim[0] (qfac) should be 1 (default) or -1; setting qfac to 1
11/49 [=====>........................] - ETA: 32s - loss: 2.3693 - dice_coefficient: 0.5040pixdim[0] (qfac) should be 1 (default) or -1; setting qfac to 1
2025-07-20 04:12:22,071 - nibabel.global - INFO - pixdim[0] (qfac) should be 1 (default) or -1; setting qfac to 1
pixdim[0] (qfac) should be 1 (default) or -1; setting qfac to 1
2025-07-20 04:12:22,986 - nibabel.global - INFO - pixdim[0] (qfac) should be 1 (default) or -1; setting qfac to 1
12/49 [======>.......................] - ETA: 35s - loss: 2.3694 - dice_coefficient: 0.5040pixdim[0] (qfac) should be 1 (default) or -1; setting qfac to 1
2025-07-20 04:12:24,087 - nibabel.global - INFO - pixdim[0] (qfac) should be 1 (default) or -1; setting qfac to 1
pixdim[0] (qfac) should be 1 (default) or -1; setting qfac to 1
2025-07-20 04:12:24,998 - nibabel.global - INFO - pixdim[0] (qfac) should be 1 (default) or -1; setting qfac to 1
13/49 [======>.......................] - ETA: 37s - loss: 2.3697 - dice_coefficient: 0.5038pixdim[0] (qfac) should be 1 (default) or -1; setting qfac to 1
2025-07-20 04:12:26,099 - nibabel.global - INFO - pixdim[0] (qfac) should be 1 (default) or -1; setting qfac to 1
pixdim[0] (qfac) should be 1 (default) or -1; setting qfac to 1
2025-07-20 04:12:26,993 - nibabel.global - INFO - pixdim[0] (qfac) should be 1 (default) or -1; setting qfac to 1
14/49 [=======>......................] - ETA: 39s - loss: 2.3702 - dice_coefficient: 0.5036pixdim[0] (qfac) should be 1 (default) or -1; setting qfac to 1
2025-07-20 04:12:28,098 - nibabel.global - INFO - pixdim[0] (qfac) should be 1 (default) or -1; setting qfac to 1
pixdim[0] (qfac) should be 1 (default) or -1; setting qfac to 1
2025-07-20 04:12:28,993 - nibabel.global - INFO - pixdim[0] (qfac) should be 1 (default) or -1; setting qfac to 1
15/49 [========>.....................] - ETA: 40s - loss: 2.3670 - dice_coefficient: 0.5052pixdim[0] (qfac) should be 1 (default) or -1; setting qfac to 1
2025-07-20 04:12:30,074 - nibabel.global - INFO - pixdim[0] (qfac) should be 1 (default) or -1; setting qfac to 1
pixdim[0] (qfac) should be 1 (default) or -1; setting qfac to 1
2025-07-20 04:12:30,978 - nibabel.global - INFO - pixdim[0] (qfac) should be 1 (default) or -1; setting qfac to 1
16/49 [========>.....................] - ETA: 40s - loss: 2.3674 - dice_coefficient: 0.5050pixdim[0] (qfac) should be 1 (default) or -1; setting qfac to 1
2025-07-20 04:12:32,032 - nibabel.global - INFO - pixdim[0] (qfac) should be 1 (default) or -1; setting qfac to 1
pixdim[0] (qfac) should be 1 (default) or -1; setting qfac to 1
2025-07-20 04:12:32,920 - nibabel.global - INFO - pixdim[0] (qfac) should be 1 (default) or -1; setting qfac to 1
17/49 [=========>....................] - ETA: 41s - loss: 2.3680 - dice_coefficient: 0.5047pixdim[0] (qfac) should be 1 (default) or -1; setting qfac to 1
2025-07-20 04:12:34,032 - nibabel.global - INFO - pixdim[0] (qfac) should be 1 (default) or -1; setting qfac to 1
pixdim[0] (qfac) should be 1 (default) or -1; setting qfac to 1
2025-07-20 04:12:34,932 - nibabel.global - INFO - pixdim[0] (qfac) should be 1 (default) or -1; setting qfac to 1
18/49 [==========>...................] - ETA: 41s - loss: 2.3685 - dice_coefficient: 0.5044pixdim[0] (qfac) should be 1 (default) or -1; setting qfac to 1
2025-07-20 04:12:36,053 - nibabel.global - INFO - pixdim[0] (qfac) should be 1 (default) or -1; setting qfac to 1
pixdim[0] (qfac) should be 1 (default) or -1; setting qfac to 1
2025-07-20 04:12:36,975 - nibabel.global - INFO - pixdim[0] (qfac) should be 1 (default) or -1; setting qfac to 1
19/49 [==========>...................] - ETA: 40s - loss: 2.3683 - dice_coefficient: 0.5045pixdim[0] (qfac) should be 1 (default) or -1; setting qfac to 1
2025-07-20 04:12:38,060 - nibabel.global - INFO - pixdim[0] (qfac) should be 1 (default) or -1; setting qfac to 1
pixdim[0] (qfac) should be 1 (default) or -1; setting qfac to 1
2025-07-20 04:12:38,992 - nibabel.global - INFO - pixdim[0] (qfac) should be 1 (default) or -1; setting qfac to 1
20/49 [===========>..................] - ETA: 40s - loss: 2.3687 - dice_coefficient: 0.5043pixdim[0] (qfac) should be 1 (default) or -1; setting qfac to 1
2025-07-20 04:12:40,039 - nibabel.global - INFO - pixdim[0] (qfac) should be 1 (default) or -1; setting qfac to 1
pixdim[0] (qfac) should be 1 (default) or -1; setting qfac to 1
2025-07-20 04:12:40,929 - nibabel.global - INFO - pixdim[0] (qfac) should be 1 (default) or -1; setting qfac to 1
21/49 [===========>..................] - ETA: 39s - loss: 2.3689 - dice_coefficient: 0.5042pixdim[0] (qfac) should be 1 (default) or -1; setting qfac to 1
2025-07-20 04:12:42,009 - nibabel.global - INFO - pixdim[0] (qfac) should be 1 (default) or -1; setting qfac to 1
pixdim[0] (qfac) should be 1 (default) or -1; setting qfac to 1
2025-07-20 04:12:42,906 - nibabel.global - INFO - pixdim[0] (qfac) should be 1 (default) or -1; setting qfac to 1
22/49 [============>.................] - ETA: 39s - loss: 2.3691 - dice_coefficient: 0.5041pixdim[0] (qfac) should be 1 (default) or -1; setting qfac to 1
2025-07-20 04:12:44,033 - nibabel.global - INFO - pixdim[0] (qfac) should be 1 (default) or -1; setting qfac to 1
pixdim[0] (qfac) should be 1 (default) or -1; setting qfac to 1
2025-07-20 04:12:45,010 - nibabel.global - INFO - pixdim[0] (qfac) should be 1 (default) or -1; setting qfac to 1
23/49 [=============>................] - ETA: 38s - loss: 2.3695 - dice_coefficient: 0.5039pixdim[0] (qfac) should be 1 (default) or -1; setting qfac to 1
2025-07-20 04:12:46,108 - nibabel.global - INFO - pixdim[0] (qfac) should be 1 (default) or -1; setting qfac to 1
pixdim[0] (qfac) should be 1 (default) or -1; setting qfac to 1
2025-07-20 04:12:46,998 - nibabel.global - INFO - pixdim[0] (qfac) should be 1 (default) or -1; setting qfac to 1
24/49 [=============>................] - ETA: 37s - loss: 2.3675 - dice_coefficient: 0.5049pixdim[0] (qfac) should be 1 (default) or -1; setting qfac to 1
2025-07-20 04:12:48,056 - nibabel.global - INFO - pixdim[0] (qfac) should be 1 (default) or -1; setting qfac to 1
pixdim[0] (qfac) should be 1 (default) or -1; setting qfac to 1
2025-07-20 04:12:48,928 - nibabel.global - INFO - pixdim[0] (qfac) should be 1 (default) or -1; setting qfac to 1
25/49 [==============>...............] - ETA: 36s - loss: 2.3674 - dice_coefficient: 0.5050pixdim[0] (qfac) should be 1 (default) or -1; setting qfac to 1
2025-07-20 04:12:49,987 - nibabel.global - INFO - pixdim[0] (qfac) should be 1 (default) or -1; setting qfac to 1
pixdim[0] (qfac) should be 1 (default) or -1; setting qfac to 1
2025-07-20 04:12:50,897 - nibabel.global - INFO - pixdim[0] (qfac) should be 1 (default) or -1; setting qfac to 1
26/49 [==============>...............] - ETA: 35s - loss: 2.3672 - dice_coefficient: 0.5051pixdim[0] (qfac) should be 1 (default) or -1; setting qfac to 1
2025-07-20 04:12:51,986 - nibabel.global - INFO - pixdim[0] (qfac) should be 1 (default) or -1; setting qfac to 1
pixdim[0] (qfac) should be 1 (default) or -1; setting qfac to 1
2025-07-20 04:12:52,917 - nibabel.global - INFO - pixdim[0] (qfac) should be 1 (default) or -1; setting qfac to 1
27/49 [===============>..............] - ETA: 34s - loss: 2.3675 - dice_coefficient: 0.5049pixdim[0] (qfac) should be 1 (default) or -1; setting qfac to 1
2025-07-20 04:12:54,033 - nibabel.global - INFO - pixdim[0] (qfac) should be 1 (default) or -1; setting qfac to 1
pixdim[0] (qfac) should be 1 (default) or -1; setting qfac to 1
2025-07-20 04:12:54,294 - nibabel.global - INFO - pixdim[0] (qfac) should be 1 (default) or -1; setting qfac to 1
pixdim[0] (qfac) should be 1 (default) or -1; setting qfac to 1
2025-07-20 04:12:55,018 - nibabel.global - INFO - pixdim[0] (qfac) should be 1 (default) or -1; setting qfac to 1
28/49 [================>.............] - ETA: 33s - loss: 2.3676 - dice_coefficient: 0.5049pixdim[0] (qfac) should be 1 (default) or -1; setting qfac to 1
2025-07-20 04:12:56,080 - nibabel.global - INFO - pixdim[0] (qfac) should be 1 (default) or -1; setting qfac to 1
pixdim[0] (qfac) should be 1 (default) or -1; setting qfac to 1
2025-07-20 04:12:56,978 - nibabel.global - INFO - pixdim[0] (qfac) should be 1 (default) or -1; setting qfac to 1
29/49 [================>.............] - ETA: 31s - loss: 2.3678 - dice_coefficient: 0.5048pixdim[0] (qfac) should be 1 (default) or -1; setting qfac to 1
2025-07-20 04:12:58,111 - nibabel.global - INFO - pixdim[0] (qfac) should be 1 (default) or -1; setting qfac to 1
pixdim[0] (qfac) should be 1 (default) or -1; setting qfac to 1
2025-07-20 04:12:59,089 - nibabel.global - INFO - pixdim[0] (qfac) should be 1 (default) or -1; setting qfac to 1
30/49 [=================>............] - ETA: 30s - loss: 2.3681 - dice_coefficient: 0.5046pixdim[0] (qfac) should be 1 (default) or -1; setting qfac to 1
2025-07-20 04:13:00,163 - nibabel.global - INFO - pixdim[0] (qfac) should be 1 (default) or -1; setting qfac to 1
pixdim[0] (qfac) should be 1 (default) or -1; setting qfac to 1
2025-07-20 04:13:01,077 - nibabel.global - INFO - pixdim[0] (qfac) should be 1 (default) or -1; setting qfac to 1
31/49 [=================>............] - ETA: 29s - loss: 2.3683 - dice_coefficient: 0.5045pixdim[0] (qfac) should be 1 (default) or -1; setting qfac to 1
2025-07-20 04:13:02,183 - nibabel.global - INFO - pixdim[0] (qfac) should be 1 (default) or -1; setting qfac to 1
pixdim[0] (qfac) should be 1 (default) or -1; setting qfac to 1
2025-07-20 04:13:03,140 - nibabel.global - INFO - pixdim[0] (qfac) should be 1 (default) or -1; setting qfac to 1
32/49 [==================>...........] - ETA: 27s - loss: 2.3682 - dice_coefficient: 0.5046pixdim[0] (qfac) should be 1 (default) or -1; setting qfac to 1
2025-07-20 04:13:04,163 - nibabel.global - INFO - pixdim[0] (qfac) should be 1 (default) or -1; setting qfac to 1
pixdim[0] (qfac) should be 1 (default) or -1; setting qfac to 1
2025-07-20 04:13:05,059 - nibabel.global - INFO - pixdim[0] (qfac) should be 1 (default) or -1; setting qfac to 1
33/49 [===================>..........] - ETA: 26s - loss: 2.3680 - dice_coefficient: 0.5046pixdim[0] (qfac) should be 1 (default) or -1; setting qfac to 1
2025-07-20 04:13:06,148 - nibabel.global - INFO - pixdim[0] (qfac) should be 1 (default) or -1; setting qfac to 1
pixdim[0] (qfac) should be 1 (default) or -1; setting qfac to 1
2025-07-20 04:13:07,071 - nibabel.global - INFO - pixdim[0] (qfac) should be 1 (default) or -1; setting qfac to 1
34/49 [===================>..........] - ETA: 24s - loss: 2.3683 - dice_coefficient: 0.5045pixdim[0] (qfac) should be 1 (default) or -1; setting qfac to 1
2025-07-20 04:13:08,169 - nibabel.global - INFO - pixdim[0] (qfac) should be 1 (default) or -1; setting qfac to 1
pixdim[0] (qfac) should be 1 (default) or -1; setting qfac to 1
2025-07-20 04:13:09,078 - nibabel.global - INFO - pixdim[0] (qfac) should be 1 (default) or -1; setting qfac to 1
35/49 [====================>.........] - ETA: 23s - loss: 2.3685 - dice_coefficient: 0.5044pixdim[0] (qfac) should be 1 (default) or -1; setting qfac to 1
2025-07-20 04:13:10,255 - nibabel.global - INFO - pixdim[0] (qfac) should be 1 (default) or -1; setting qfac to 1
pixdim[0] (qfac) should be 1 (default) or -1; setting qfac to 1
2025-07-20 04:13:11,206 - nibabel.global - INFO - pixdim[0] (qfac) should be 1 (default) or -1; setting qfac to 1
36/49 [=====================>........] - ETA: 21s - loss: 2.3687 - dice_coefficient: 0.5043pixdim[0] (qfac) should be 1 (default) or -1; setting qfac to 1
2025-07-20 04:13:12,303 - nibabel.global - INFO - pixdim[0] (qfac) should be 1 (default) or -1; setting qfac to 1
pixdim[0] (qfac) should be 1 (default) or -1; setting qfac to 1
2025-07-20 04:13:13,273 - nibabel.global - INFO - pixdim[0] (qfac) should be 1 (default) or -1; setting qfac to 1
37/49 [=====================>........] - ETA: 20s - loss: 2.3688 - dice_coefficient: 0.5043pixdim[0] (qfac) should be 1 (default) or -1; setting qfac to 1
2025-07-20 04:13:14,362 - nibabel.global - INFO - pixdim[0] (qfac) should be 1 (default) or -1; setting qfac to 1
pixdim[0] (qfac) should be 1 (default) or -1; setting qfac to 1
2025-07-20 04:13:15,253 - nibabel.global - INFO - pixdim[0] (qfac) should be 1 (default) or -1; setting qfac to 1
38/49 [======================>.......] - ETA: 18s - loss: 2.3690 - dice_coefficient: 0.5042pixdim[0] (qfac) should be 1 (default) or -1; setting qfac to 1
2025-07-20 04:13:16,339 - nibabel.global - INFO - pixdim[0] (qfac) should be 1 (default) or -1; setting qfac to 1
pixdim[0] (qfac) should be 1 (default) or -1; setting qfac to 1
2025-07-20 04:13:17,243 - nibabel.global - INFO - pixdim[0] (qfac) should be 1 (default) or -1; setting qfac to 1
39/49 [======================>.......] - ETA: 17s - loss: 2.3690 - dice_coefficient: 0.5041pixdim[0] (qfac) should be 1 (default) or -1; setting qfac to 1
2025-07-20 04:13:18,296 - nibabel.global - INFO - pixdim[0] (qfac) should be 1 (default) or -1; setting qfac to 1
pixdim[0] (qfac) should be 1 (default) or -1; setting qfac to 1
2025-07-20 04:13:19,213 - nibabel.global - INFO - pixdim[0] (qfac) should be 1 (default) or -1; setting qfac to 1
40/49 [=======================>......] - ETA: 15s - loss: 2.3690 - dice_coefficient: 0.5042pixdim[0] (qfac) should be 1 (default) or -1; setting qfac to 1
2025-07-20 04:13:20,292 - nibabel.global - INFO - pixdim[0] (qfac) should be 1 (default) or -1; setting qfac to 1
pixdim[0] (qfac) should be 1 (default) or -1; setting qfac to 1
2025-07-20 04:13:21,200 - nibabel.global - INFO - pixdim[0] (qfac) should be 1 (default) or -1; setting qfac to 1
41/49 [========================>.....] - ETA: 13s - loss: 2.3691 - dice_coefficient: 0.5041pixdim[0] (qfac) should be 1 (default) or -1; setting qfac to 1
2025-07-20 04:13:22,284 - nibabel.global - INFO - pixdim[0] (qfac) should be 1 (default) or -1; setting qfac to 1
pixdim[0] (qfac) should be 1 (default) or -1; setting qfac to 1
2025-07-20 04:13:23,199 - nibabel.global - INFO - pixdim[0] (qfac) should be 1 (default) or -1; setting qfac to 1
42/49 [========================>.....] - ETA: 12s - loss: 2.3689 - dice_coefficient: 0.5042pixdim[0] (qfac) should be 1 (default) or -1; setting qfac to 1
2025-07-20 04:13:24,307 - nibabel.global - INFO - pixdim[0] (qfac) should be 1 (default) or -1; setting qfac to 1
pixdim[0] (qfac) should be 1 (default) or -1; setting qfac to 1
2025-07-20 04:13:25,231 - nibabel.global - INFO - pixdim[0] (qfac) should be 1 (default) or -1; setting qfac to 1
43/49 [=========================>....] - ETA: 10s - loss: 2.3691 - dice_coefficient: 0.5041pixdim[0] (qfac) should be 1 (default) or -1; setting qfac to 1
2025-07-20 04:13:26,309 - nibabel.global - INFO - pixdim[0] (qfac) should be 1 (default) or -1; setting qfac to 1
pixdim[0] (qfac) should be 1 (default) or -1; setting qfac to 1
2025-07-20 04:13:27,237 - nibabel.global - INFO - pixdim[0] (qfac) should be 1 (default) or -1; setting qfac to 1
44/49 [=========================>....] - ETA: 8s - loss: 2.3692 - dice_coefficient: 0.5041 pixdim[0] (qfac) should be 1 (default) or -1; setting qfac to 1
2025-07-20 04:13:28,311 - nibabel.global - INFO - pixdim[0] (qfac) should be 1 (default) or -1; setting qfac to 1
pixdim[0] (qfac) should be 1 (default) or -1; setting qfac to 1
2025-07-20 04:13:29,216 - nibabel.global - INFO - pixdim[0] (qfac) should be 1 (default) or -1; setting qfac to 1
45/49 [==========================>...] - ETA: 6s - loss: 2.3694 - dice_coefficient: 0.5040pixdim[0] (qfac) should be 1 (default) or -1; setting qfac to 1
2025-07-20 04:13:30,342 - nibabel.global - INFO - pixdim[0] (qfac) should be 1 (default) or -1; setting qfac to 1
pixdim[0] (qfac) should be 1 (default) or -1; setting qfac to 1
2025-07-20 04:13:31,223 - nibabel.global - INFO - pixdim[0] (qfac) should be 1 (default) or -1; setting qfac to 1
46/49 [===========================>..] - ETA: 5s - loss: 2.3695 - dice_coefficient: 0.5039pixdim[0] (qfac) should be 1 (default) or -1; setting qfac to 1
2025-07-20 04:13:32,334 - nibabel.global - INFO - pixdim[0] (qfac) should be 1 (default) or -1; setting qfac to 1
pixdim[0] (qfac) should be 1 (default) or -1; setting qfac to 1
2025-07-20 04:13:33,218 - nibabel.global - INFO - pixdim[0] (qfac) should be 1 (default) or -1; setting qfac to 1
47/49 [===========================>..] - ETA: 3s - loss: 2.3696 - dice_coefficient: 0.5038pixdim[0] (qfac) should be 1 (default) or -1; setting qfac to 1
2025-07-20 04:13:34,268 - nibabel.global - INFO - pixdim[0] (qfac) should be 1 (default) or -1; setting qfac to 1
pixdim[0] (qfac) should be 1 (default) or -1; setting qfac to 1
2025-07-20 04:13:35,176 - nibabel.global - INFO - pixdim[0] (qfac) should be 1 (default) or -1; setting qfac to 1
48/49 [============================>.] - ETA: 1s - loss: 2.3697 - dice_coefficient: 0.5038pixdim[0] (qfac) should be 1 (default) or -1; setting qfac to 1
2025-07-20 04:13:36,226 - nibabel.global - INFO - pixdim[0] (qfac) should be 1 (default) or -1; setting qfac to 1
pixdim[0] (qfac) should be 1 (default) or -1; setting qfac to 1
2025-07-20 04:13:37,166 - nibabel.global - INFO - pixdim[0] (qfac) should be 1 (default) or -1; setting qfac to 1
49/49 [==============================] - ETA: 0s - loss: 2.3696 - dice_coefficient: 0.50382025-07-20 04:13:37,837 - SmartSOTA - INFO - 🧹 Cache cleared for memory optimization
49/49 [==============================] - 103s 2s/step - loss: 2.3696 - dice_coefficient: 0.5038
2025-07-20 04:13:37,853 - SmartSOTA - INFO - Pre-training validation: {'loss': 2.369619846343994, 'dice_coefficient': 0.5038485527038574}
pixdim[0] (qfac) should be 1 (default) or -1; setting qfac to 1
pixdim[0] (qfac) should be 1 (default) or -1; setting qfac to 1
2025-07-20 04:13:37,873 - nibabel.global - INFO - pixdim[0] (qfac) should be 1 (default) or -1; setting qfac to 1
2025-07-20 04:13:37,873 - nibabel.global - INFO - pixdim[0] (qfac) should be 1 (default) or -1; setting qfac to 1
2025-07-20 04:13:38,980 - SmartSOTA - INFO - 🔥 Epoch 1: LR = 2.50e-06
2025-07-20 04:13:38,982 - SmartSOTA - INFO - Memory at epoch_0_start: CPU=2.85GB | GPU0: 0.02GB | GPU1: 0.02GB | GPU2: 0.02GB | GPU3: 0.02GB | Disk: 245.7GB free
Epoch 1/200
2025-07-20 04:13:38,983 - SmartSOTA - INFO - Memory at batch_0: CPU=2.85GB | GPU0: 0.02GB | GPU1: 0.02GB | GPU2: 0.02GB | GPU3: 0.02GB | Disk: 245.7GB free
2025-07-20 04:13:44,154 - tensorflow - INFO - Reduce to /job:localhost/replica:0/task:0/device:GPU:0 then broadcast to ('/job:localhost/replica:0/task:0/device:GPU:0', '/job:localhost/replica:0/task:0/device:GPU:1', '/job:localhost/replica:0/task:0/device:GPU:2', '/job:localhost/replica:0/task:0/device:GPU:3').
2025-07-20 04:13:44,158 - tensorflow - INFO - Reduce to /job:localhost/replica:0/task:0/device:GPU:0 then broadcast to ('/job:localhost/replica:0/task:0/device:GPU:0', '/job:localhost/replica:0/task:0/device:GPU:1', '/job:localhost/replica:0/task:0/device:GPU:2', '/job:localhost/replica:0/task:0/device:GPU:3').
2025-07-20 04:13:44,162 - tensorflow - INFO - Reduce to /job:localhost/replica:0/task:0/device:GPU:0 then broadcast to ('/job:localhost/replica:0/task:0/device:GPU:0', '/job:localhost/replica:0/task:0/device:GPU:1', '/job:localhost/replica:0/task:0/device:GPU:2', '/job:localhost/replica:0/task:0/device:GPU:3').
2025-07-20 04:13:44,165 - tensorflow - INFO - Reduce to /job:localhost/replica:0/task:0/device:GPU:0 then broadcast to ('/job:localhost/replica:0/task:0/device:GPU:0', '/job:localhost/replica:0/task:0/device:GPU:1', '/job:localhost/replica:0/task:0/device:GPU:2', '/job:localhost/replica:0/task:0/device:GPU:3').
2025-07-20 04:13:44,167 - tensorflow - INFO - Reduce to /job:localhost/replica:0/task:0/device:GPU:0 then broadcast to ('/job:localhost/replica:0/task:0/device:GPU:0', '/job:localhost/replica:0/task:0/device:GPU:1', '/job:localhost/replica:0/task:0/device:GPU:2', '/job:localhost/replica:0/task:0/device:GPU:3').
2025-07-20 04:13:44,170 - tensorflow - INFO - Reduce to /job:localhost/replica:0/task:0/device:GPU:0 then broadcast to ('/job:localhost/replica:0/task:0/device:GPU:0', '/job:localhost/replica:0/task:0/device:GPU:1', '/job:localhost/replica:0/task:0/device:GPU:2', '/job:localhost/replica:0/task:0/device:GPU:3').
2025-07-20 04:13:44,172 - tensorflow - INFO - Reduce to /job:localhost/replica:0/task:0/device:GPU:0 then broadcast to ('/job:localhost/replica:0/task:0/device:GPU:0', '/job:localhost/replica:0/task:0/device:GPU:1', '/job:localhost/replica:0/task:0/device:GPU:2', '/job:localhost/replica:0/task:0/device:GPU:3').
2025-07-20 04:13:44,175 - tensorflow - INFO - Reduce to /job:localhost/replica:0/task:0/device:GPU:0 then broadcast to ('/job:localhost/replica:0/task:0/device:GPU:0', '/job:localhost/replica:0/task:0/device:GPU:1', '/job:localhost/replica:0/task:0/device:GPU:2', '/job:localhost/replica:0/task:0/device:GPU:3').
2025-07-20 04:13:44,177 - tensorflow - INFO - Reduce to /job:localhost/replica:0/task:0/device:GPU:0 then broadcast to ('/job:localhost/replica:0/task:0/device:GPU:0', '/job:localhost/replica:0/task:0/device:GPU:1', '/job:localhost/replica:0/task:0/device:GPU:2', '/job:localhost/replica:0/task:0/device:GPU:3').
2025-07-20 04:13:44,180 - tensorflow - INFO - Reduce to /job:localhost/replica:0/task:0/device:GPU:0 then broadcast to ('/job:localhost/replica:0/task:0/device:GPU:0', '/job:localhost/replica:0/task:0/device:GPU:1', '/job:localhost/replica:0/task:0/device:GPU:2', '/job:localhost/replica:0/task:0/device:GPU:3').
pixdim[0] (qfac) should be 1 (default) or -1; setting qfac to 1
2025-07-20 04:14:22,809 - nibabel.global - INFO - pixdim[0] (qfac) should be 1 (default) or -1; setting qfac to 1
pixdim[0] (qfac) should be 1 (default) or -1; setting qfac to 1
2025-07-20 04:14:22,929 - nibabel.global - INFO - pixdim[0] (qfac) should be 1 (default) or -1; setting qfac to 1
pixdim[0] (qfac) should be 1 (default) or -1; setting qfac to 1
2025-07-20 04:14:25,127 - nibabel.global - INFO - pixdim[0] (qfac) should be 1 (default) or -1; setting qfac to 1
pixdim[0] (qfac) should be 1 (default) or -1; setting qfac to 1
2025-07-20 04:14:25,169 - nibabel.global - INFO - pixdim[0] (qfac) should be 1 (default) or -1; setting qfac to 1
pixdim[0] (qfac) should be 1 (default) or -1; setting qfac to 1
2025-07-20 04:14:27,331 - nibabel.global - INFO - pixdim[0] (qfac) should be 1 (default) or -1; setting qfac to 1
pixdim[0] (qfac) should be 1 (default) or -1; setting qfac to 1
2025-07-20 04:14:27,378 - nibabel.global - INFO - pixdim[0] (qfac) should be 1 (default) or -1; setting qfac to 1
pixdim[0] (qfac) should be 1 (default) or -1; setting qfac to 1
2025-07-20 04:14:29,615 - nibabel.global - INFO - pixdim[0] (qfac) should be 1 (default) or -1; setting qfac to 1
pixdim[0] (qfac) should be 1 (default) or -1; setting qfac to 1
2025-07-20 04:14:29,735 - nibabel.global - INFO - pixdim[0] (qfac) should be 1 (default) or -1; setting qfac to 1
pixdim[0] (qfac) should be 1 (default) or -1; setting qfac to 1
2025-07-20 04:14:31,942 - nibabel.global - INFO - pixdim[0] (qfac) should be 1 (default) or -1; setting qfac to 1
pixdim[0] (qfac) should be 1 (default) or -1; setting qfac to 1
2025-07-20 04:14:31,953 - nibabel.global - INFO - pixdim[0] (qfac) should be 1 (default) or -1; setting qfac to 1
pixdim[0] (qfac) should be 1 (default) or -1; setting qfac to 1
2025-07-20 04:14:34,010 - nibabel.global - INFO - pixdim[0] (qfac) should be 1 (default) or -1; setting qfac to 1
pixdim[0] (qfac) should be 1 (default) or -1; setting qfac to 1
2025-07-20 04:14:34,026 - nibabel.global - INFO - pixdim[0] (qfac) should be 1 (default) or -1; setting qfac to 1
2025-07-20 04:14:35,286 - SmartSOTA - WARNING - Excessive lesion augmentation detected
pixdim[0] (qfac) should be 1 (default) or -1; setting qfac to 1
2025-07-20 04:14:36,563 - nibabel.global - INFO - pixdim[0] (qfac) should be 1 (default) or -1; setting qfac to 1
pixdim[0] (qfac) should be 1 (default) or -1; setting qfac to 1
2025-07-20 04:14:36,577 - nibabel.global - INFO - pixdim[0] (qfac) should be 1 (default) or -1; setting qfac to 1
2025-07-20 04:14:52,190 - SmartSOTA - ERROR - ❌ Training failed: Graph execution error:

Detected at node gradient_tape/replica_3/SmartSOTA_2025/output/Conv3D/Conv3DBackpropFilterV2 defined at (most recent call last):
  File "/mnt/beegfs/hellgate/home/rb194958e/.conda/envs/tf215_env/lib/python3.11/threading.py", line 1002, in _bootstrap

  File "/mnt/beegfs/hellgate/home/rb194958e/.conda/envs/tf215_env/lib/python3.11/threading.py", line 1045, in _bootstrap_inner

  File "/mnt/beegfs/hellgate/home/rb194958e/.conda/envs/tf215_env/lib/python3.11/site-packages/keras/src/engine/training.py", line 1373, in run_step

  File "/mnt/beegfs/hellgate/home/rb194958e/.conda/envs/tf215_env/lib/python3.11/site-packages/keras/src/engine/training.py", line 1154, in train_step

  File "/mnt/beegfs/hellgate/home/rb194958e/.conda/envs/tf215_env/lib/python3.11/site-packages/keras/src/optimizers/optimizer.py", line 543, in minimize

  File "/mnt/beegfs/hellgate/home/rb194958e/.conda/envs/tf215_env/lib/python3.11/site-packages/keras/src/optimizers/optimizer.py", line 276, in compute_gradients

Detected at node gradient_tape/replica_3/SmartSOTA_2025/output/Conv3D/Conv3DBackpropFilterV2 defined at (most recent call last):
  File "/mnt/beegfs/hellgate/home/rb194958e/.conda/envs/tf215_env/lib/python3.11/threading.py", line 1002, in _bootstrap

  File "/mnt/beegfs/hellgate/home/rb194958e/.conda/envs/tf215_env/lib/python3.11/threading.py", line 1045, in _bootstrap_inner

  File "/mnt/beegfs/hellgate/home/rb194958e/.conda/envs/tf215_env/lib/python3.11/site-packages/keras/src/engine/training.py", line 1373, in run_step

  File "/mnt/beegfs/hellgate/home/rb194958e/.conda/envs/tf215_env/lib/python3.11/site-packages/keras/src/engine/training.py", line 1154, in train_step

  File "/mnt/beegfs/hellgate/home/rb194958e/.conda/envs/tf215_env/lib/python3.11/site-packages/keras/src/optimizers/optimizer.py", line 543, in minimize

  File "/mnt/beegfs/hellgate/home/rb194958e/.conda/envs/tf215_env/lib/python3.11/site-packages/keras/src/optimizers/optimizer.py", line 276, in compute_gradients

Detected at node gradient_tape/replica_3/SmartSOTA_2025/output/Conv3D/Conv3DBackpropFilterV2 defined at (most recent call last):
  File "/mnt/beegfs/hellgate/home/rb194958e/.conda/envs/tf215_env/lib/python3.11/threading.py", line 1002, in _bootstrap

  File "/mnt/beegfs/hellgate/home/rb194958e/.conda/envs/tf215_env/lib/python3.11/threading.py", line 1045, in _bootstrap_inner

  File "/mnt/beegfs/hellgate/home/rb194958e/.conda/envs/tf215_env/lib/python3.11/site-packages/keras/src/engine/training.py", line 1373, in run_step

  File "/mnt/beegfs/hellgate/home/rb194958e/.conda/envs/tf215_env/lib/python3.11/site-packages/keras/src/engine/training.py", line 1154, in train_step

  File "/mnt/beegfs/hellgate/home/rb194958e/.conda/envs/tf215_env/lib/python3.11/site-packages/keras/src/optimizers/optimizer.py", line 543, in minimize

  File "/mnt/beegfs/hellgate/home/rb194958e/.conda/envs/tf215_env/lib/python3.11/site-packages/keras/src/optimizers/optimizer.py", line 276, in compute_gradients

Detected at node gradient_tape/replica_3/SmartSOTA_2025/output/Conv3D/Conv3DBackpropFilterV2 defined at (most recent call last):
  File "/mnt/beegfs/hellgate/home/rb194958e/.conda/envs/tf215_env/lib/python3.11/threading.py", line 1002, in _bootstrap

  File "/mnt/beegfs/hellgate/home/rb194958e/.conda/envs/tf215_env/lib/python3.11/threading.py", line 1045, in _bootstrap_inner

  File "/mnt/beegfs/hellgate/home/rb194958e/.conda/envs/tf215_env/lib/python3.11/site-packages/keras/src/engine/training.py", line 1373, in run_step

  File "/mnt/beegfs/hellgate/home/rb194958e/.conda/envs/tf215_env/lib/python3.11/site-packages/keras/src/engine/training.py", line 1154, in train_step

  File "/mnt/beegfs/hellgate/home/rb194958e/.conda/envs/tf215_env/lib/python3.11/site-packages/keras/src/optimizers/optimizer.py", line 543, in minimize

  File "/mnt/beegfs/hellgate/home/rb194958e/.conda/envs/tf215_env/lib/python3.11/site-packages/keras/src/optimizers/optimizer.py", line 276, in compute_gradients

Detected at node gradient_tape/replica_3/SmartSOTA_2025/output/Conv3D/Conv3DBackpropFilterV2 defined at (most recent call last):
  File "/mnt/beegfs/hellgate/home/rb194958e/.conda/envs/tf215_env/lib/python3.11/threading.py", line 1002, in _bootstrap

  File "/mnt/beegfs/hellgate/home/rb194958e/.conda/envs/tf215_env/lib/python3.11/threading.py", line 1045, in _bootstrap_inner

  File "/mnt/beegfs/hellgate/home/rb194958e/.conda/envs/tf215_env/lib/python3.11/site-packages/keras/src/engine/training.py", line 1373, in run_step

  File "/mnt/beegfs/hellgate/home/rb194958e/.conda/envs/tf215_env/lib/python3.11/site-packages/keras/src/engine/training.py", line 1154, in train_step

  File "/mnt/beegfs/hellgate/home/rb194958e/.conda/envs/tf215_env/lib/python3.11/site-packages/keras/src/optimizers/optimizer.py", line 543, in minimize

  File "/mnt/beegfs/hellgate/home/rb194958e/.conda/envs/tf215_env/lib/python3.11/site-packages/keras/src/optimizers/optimizer.py", line 276, in compute_gradients

5 root error(s) found.
  (0) UNKNOWN:  CUDNN_STATUS_BAD_PARAM
in external/local_xla/xla/stream_executor/cuda/cuda_dnn.cc(3558): 'tensor' CUDNN_BACKEND_TENSOR_DESCRIPTOR: Check and Set the CUDNN_ATTR_TENSOR_DIMENSIONS Correctly
	 [[{{node gradient_tape/replica_3/SmartSOTA_2025/output/Conv3D/Conv3DBackpropFilterV2}}]]
	 [[update_2/AssignAddVariableOp/_795]]
	 [[AddN_76/_2470]]
	 [[AddN_127/_1866]]
	 [[div_no_nan/ReadVariableOp_5/_784]]
  (1) UNKNOWN:  CUDNN_STATUS_BAD_PARAM
in external/local_xla/xla/stream_executor/cuda/cuda_dnn.cc(3558): 'tensor' CUDNN_BACKEND_TENSOR_DESCRIPTOR: Check and Set the CUDNN_ATTR_TENSOR_DIMENSIONS Correctly
	 [[{{node gradient_tape/replica_3/SmartSOTA_2025/output/Conv3D/Conv3DBackpropFilterV2}}]]
	 [[update_2/AssignAddVariableOp/_795]]
	 [[AddN_76/_2470]]
	 [[AddN_127/_1866]]
  (2) UNKNOWN:  CUDNN_STATUS_BAD_PARAM
in external/local_xla/xla/stream_executor/cuda/cuda_dnn.cc(3558): 'tensor' CUDNN_BACKEND_TENSOR_DESCRIPTOR: Check and Set the CUDNN_ATTR_TENSOR_DIMENSIONS Correctly
	 [[{{node gradient_tape/replica_3/SmartSOTA_2025/output/Conv3D/Conv3DBackpropFilterV2}}]]
	 [[update_2/AssignAddVariableOp/_795]]
	 [[AddN_76/_2470]]
  (3) UNKNOWN:  CUDNN_STATUS_BAD_PARAM
in external/local_xla/xla/stream_executor/cuda/cuda_dnn.cc(3558): 'tensor' CUDNN_BACKEND_TENSOR_DESCRIPTOR: Check and Set the CUDNN_ATTR_TENSOR_DIMENSIONS Correctly
	 [[{{node gradient_tape/replica_3/SmartSOTA_2025/output/Conv3D/Conv3DBackpropFilterV2}}]]
	 [[update_2/AssignAddVariableOp/_795]]
  (4) UNKNOWN:  CUDNN_STATUS_BAD_PARAM
in external/local_xla/xla/stream_executor/cuda/cuda_dnn.cc(3558): 'tensor' CUDNN_BACKEND_TENSOR_DESCRIPTOR: Check and Set the CUDNN_ATTR_TENSOR_DIMENSIONS Correctly
	 [[{{node gradient_tape/replica_3/SmartSOTA_2025/output/Conv3D/Conv3DBackpropFilterV2}}]]
0 successful operations.
0 derived errors ignored. [Op:__inference_train_function_116111]
Traceback (most recent call last):
  File "/mnt/beegfs/hellgate/home/rb194958e/stroke_segmentation_sota/smart_sota_2025_claude.py", line 1203, in main
    history = model.fit(
              ^^^^^^^^^^
  File "/mnt/beegfs/hellgate/home/rb194958e/.conda/envs/tf215_env/lib/python3.11/site-packages/keras/src/utils/traceback_utils.py", line 70, in error_handler
    raise e.with_traceback(filtered_tb) from None
  File "/mnt/beegfs/hellgate/home/rb194958e/.conda/envs/tf215_env/lib/python3.11/site-packages/tensorflow/python/eager/execute.py", line 59, in quick_execute
    except TypeError as e:
tensorflow.python.framework.errors_impl.UnknownError: Graph execution error:

Detected at node gradient_tape/replica_3/SmartSOTA_2025/output/Conv3D/Conv3DBackpropFilterV2 defined at (most recent call last):
  File "/mnt/beegfs/hellgate/home/rb194958e/.conda/envs/tf215_env/lib/python3.11/threading.py", line 1002, in _bootstrap

  File "/mnt/beegfs/hellgate/home/rb194958e/.conda/envs/tf215_env/lib/python3.11/threading.py", line 1045, in _bootstrap_inner

  File "/mnt/beegfs/hellgate/home/rb194958e/.conda/envs/tf215_env/lib/python3.11/site-packages/keras/src/engine/training.py", line 1373, in run_step

  File "/mnt/beegfs/hellgate/home/rb194958e/.conda/envs/tf215_env/lib/python3.11/site-packages/keras/src/engine/training.py", line 1154, in train_step

  File "/mnt/beegfs/hellgate/home/rb194958e/.conda/envs/tf215_env/lib/python3.11/site-packages/keras/src/optimizers/optimizer.py", line 543, in minimize

  File "/mnt/beegfs/hellgate/home/rb194958e/.conda/envs/tf215_env/lib/python3.11/site-packages/keras/src/optimizers/optimizer.py", line 276, in compute_gradients

Detected at node gradient_tape/replica_3/SmartSOTA_2025/output/Conv3D/Conv3DBackpropFilterV2 defined at (most recent call last):
  File "/mnt/beegfs/hellgate/home/rb194958e/.conda/envs/tf215_env/lib/python3.11/threading.py", line 1002, in _bootstrap

  File "/mnt/beegfs/hellgate/home/rb194958e/.conda/envs/tf215_env/lib/python3.11/threading.py", line 1045, in _bootstrap_inner

  File "/mnt/beegfs/hellgate/home/rb194958e/.conda/envs/tf215_env/lib/python3.11/site-packages/keras/src/engine/training.py", line 1373, in run_step

  File "/mnt/beegfs/hellgate/home/rb194958e/.conda/envs/tf215_env/lib/python3.11/site-packages/keras/src/engine/training.py", line 1154, in train_step

  File "/mnt/beegfs/hellgate/home/rb194958e/.conda/envs/tf215_env/lib/python3.11/site-packages/keras/src/optimizers/optimizer.py", line 543, in minimize

  File "/mnt/beegfs/hellgate/home/rb194958e/.conda/envs/tf215_env/lib/python3.11/site-packages/keras/src/optimizers/optimizer.py", line 276, in compute_gradients

Detected at node gradient_tape/replica_3/SmartSOTA_2025/output/Conv3D/Conv3DBackpropFilterV2 defined at (most recent call last):
  File "/mnt/beegfs/hellgate/home/rb194958e/.conda/envs/tf215_env/lib/python3.11/threading.py", line 1002, in _bootstrap

  File "/mnt/beegfs/hellgate/home/rb194958e/.conda/envs/tf215_env/lib/python3.11/threading.py", line 1045, in _bootstrap_inner

  File "/mnt/beegfs/hellgate/home/rb194958e/.conda/envs/tf215_env/lib/python3.11/site-packages/keras/src/engine/training.py", line 1373, in run_step

  File "/mnt/beegfs/hellgate/home/rb194958e/.conda/envs/tf215_env/lib/python3.11/site-packages/keras/src/engine/training.py", line 1154, in train_step

  File "/mnt/beegfs/hellgate/home/rb194958e/.conda/envs/tf215_env/lib/python3.11/site-packages/keras/src/optimizers/optimizer.py", line 543, in minimize

  File "/mnt/beegfs/hellgate/home/rb194958e/.conda/envs/tf215_env/lib/python3.11/site-packages/keras/src/optimizers/optimizer.py", line 276, in compute_gradients

Detected at node gradient_tape/replica_3/SmartSOTA_2025/output/Conv3D/Conv3DBackpropFilterV2 defined at (most recent call last):
  File "/mnt/beegfs/hellgate/home/rb194958e/.conda/envs/tf215_env/lib/python3.11/threading.py", line 1002, in _bootstrap

  File "/mnt/beegfs/hellgate/home/rb194958e/.conda/envs/tf215_env/lib/python3.11/threading.py", line 1045, in _bootstrap_inner

  File "/mnt/beegfs/hellgate/home/rb194958e/.conda/envs/tf215_env/lib/python3.11/site-packages/keras/src/engine/training.py", line 1373, in run_step

  File "/mnt/beegfs/hellgate/home/rb194958e/.conda/envs/tf215_env/lib/python3.11/site-packages/keras/src/engine/training.py", line 1154, in train_step

  File "/mnt/beegfs/hellgate/home/rb194958e/.conda/envs/tf215_env/lib/python3.11/site-packages/keras/src/optimizers/optimizer.py", line 543, in minimize

  File "/mnt/beegfs/hellgate/home/rb194958e/.conda/envs/tf215_env/lib/python3.11/site-packages/keras/src/optimizers/optimizer.py", line 276, in compute_gradients

Detected at node gradient_tape/replica_3/SmartSOTA_2025/output/Conv3D/Conv3DBackpropFilterV2 defined at (most recent call last):
  File "/mnt/beegfs/hellgate/home/rb194958e/.conda/envs/tf215_env/lib/python3.11/threading.py", line 1002, in _bootstrap

  File "/mnt/beegfs/hellgate/home/rb194958e/.conda/envs/tf215_env/lib/python3.11/threading.py", line 1045, in _bootstrap_inner

  File "/mnt/beegfs/hellgate/home/rb194958e/.conda/envs/tf215_env/lib/python3.11/site-packages/keras/src/engine/training.py", line 1373, in run_step

  File "/mnt/beegfs/hellgate/home/rb194958e/.conda/envs/tf215_env/lib/python3.11/site-packages/keras/src/engine/training.py", line 1154, in train_step

  File "/mnt/beegfs/hellgate/home/rb194958e/.conda/envs/tf215_env/lib/python3.11/site-packages/keras/src/optimizers/optimizer.py", line 543, in minimize

  File "/mnt/beegfs/hellgate/home/rb194958e/.conda/envs/tf215_env/lib/python3.11/site-packages/keras/src/optimizers/optimizer.py", line 276, in compute_gradients

5 root error(s) found.
  (0) UNKNOWN:  CUDNN_STATUS_BAD_PARAM
in external/local_xla/xla/stream_executor/cuda/cuda_dnn.cc(3558): 'tensor' CUDNN_BACKEND_TENSOR_DESCRIPTOR: Check and Set the CUDNN_ATTR_TENSOR_DIMENSIONS Correctly
	 [[{{node gradient_tape/replica_3/SmartSOTA_2025/output/Conv3D/Conv3DBackpropFilterV2}}]]
	 [[update_2/AssignAddVariableOp/_795]]
	 [[AddN_76/_2470]]
	 [[AddN_127/_1866]]
	 [[div_no_nan/ReadVariableOp_5/_784]]
  (1) UNKNOWN:  CUDNN_STATUS_BAD_PARAM
in external/local_xla/xla/stream_executor/cuda/cuda_dnn.cc(3558): 'tensor' CUDNN_BACKEND_TENSOR_DESCRIPTOR: Check and Set the CUDNN_ATTR_TENSOR_DIMENSIONS Correctly
	 [[{{node gradient_tape/replica_3/SmartSOTA_2025/output/Conv3D/Conv3DBackpropFilterV2}}]]
	 [[update_2/AssignAddVariableOp/_795]]
	 [[AddN_76/_2470]]
	 [[AddN_127/_1866]]
  (2) UNKNOWN:  CUDNN_STATUS_BAD_PARAM
in external/local_xla/xla/stream_executor/cuda/cuda_dnn.cc(3558): 'tensor' CUDNN_BACKEND_TENSOR_DESCRIPTOR: Check and Set the CUDNN_ATTR_TENSOR_DIMENSIONS Correctly
	 [[{{node gradient_tape/replica_3/SmartSOTA_2025/output/Conv3D/Conv3DBackpropFilterV2}}]]
	 [[update_2/AssignAddVariableOp/_795]]
	 [[AddN_76/_2470]]
  (3) UNKNOWN:  CUDNN_STATUS_BAD_PARAM
in external/local_xla/xla/stream_executor/cuda/cuda_dnn.cc(3558): 'tensor' CUDNN_BACKEND_TENSOR_DESCRIPTOR: Check and Set the CUDNN_ATTR_TENSOR_DIMENSIONS Correctly
	 [[{{node gradient_tape/replica_3/SmartSOTA_2025/output/Conv3D/Conv3DBackpropFilterV2}}]]
	 [[update_2/AssignAddVariableOp/_795]]
  (4) UNKNOWN:  CUDNN_STATUS_BAD_PARAM
in external/local_xla/xla/stream_executor/cuda/cuda_dnn.cc(3558): 'tensor' CUDNN_BACKEND_TENSOR_DESCRIPTOR: Check and Set the CUDNN_ATTR_TENSOR_DIMENSIONS Correctly
	 [[{{node gradient_tape/replica_3/SmartSOTA_2025/output/Conv3D/Conv3DBackpropFilterV2}}]]
0 successful operations.
0 derived errors ignored. [Op:__inference_train_function_116111]
2025-07-20 04:14:52,206 - SmartSOTA - INFO - Memory at training_failed: CPU=6.10GB | GPU0: 0.12GB | GPU1: 0.12GB | GPU2: 0.06GB | GPU3: 0.06GB | Disk: 245.7GB free
2025-07-20 04:14:52,801 - SmartSOTA - INFO - 💾 Emergency model save: models/production/emergency_save_20250720_040941.keras
Training end time: Sun Jul 20 04:14:57 UTC 2025
Python exit code: 1
=== IMMEDIATE POST-RUN ANALYSIS ===
Checking if training started...
✅ Training initialization detected
Checking for common errors...
Number of training epochs detected: 1
=== DETAILED ERROR ANALYSIS ===
❌ Training failed with exit code: 1
Last 100 lines of training output:
    raise e.with_traceback(filtered_tb) from None
  File "/mnt/beegfs/hellgate/home/rb194958e/.conda/envs/tf215_env/lib/python3.11/site-packages/tensorflow/python/eager/execute.py", line 59, in quick_execute
    except TypeError as e:
tensorflow.python.framework.errors_impl.UnknownError: Graph execution error:

Detected at node gradient_tape/replica_3/SmartSOTA_2025/output/Conv3D/Conv3DBackpropFilterV2 defined at (most recent call last):
  File "/mnt/beegfs/hellgate/home/rb194958e/.conda/envs/tf215_env/lib/python3.11/threading.py", line 1002, in _bootstrap

  File "/mnt/beegfs/hellgate/home/rb194958e/.conda/envs/tf215_env/lib/python3.11/threading.py", line 1045, in _bootstrap_inner

  File "/mnt/beegfs/hellgate/home/rb194958e/.conda/envs/tf215_env/lib/python3.11/site-packages/keras/src/engine/training.py", line 1373, in run_step

  File "/mnt/beegfs/hellgate/home/rb194958e/.conda/envs/tf215_env/lib/python3.11/site-packages/keras/src/engine/training.py", line 1154, in train_step

  File "/mnt/beegfs/hellgate/home/rb194958e/.conda/envs/tf215_env/lib/python3.11/site-packages/keras/src/optimizers/optimizer.py", line 543, in minimize

  File "/mnt/beegfs/hellgate/home/rb194958e/.conda/envs/tf215_env/lib/python3.11/site-packages/keras/src/optimizers/optimizer.py", line 276, in compute_gradients

Detected at node gradient_tape/replica_3/SmartSOTA_2025/output/Conv3D/Conv3DBackpropFilterV2 defined at (most recent call last):
  File "/mnt/beegfs/hellgate/home/rb194958e/.conda/envs/tf215_env/lib/python3.11/threading.py", line 1002, in _bootstrap

  File "/mnt/beegfs/hellgate/home/rb194958e/.conda/envs/tf215_env/lib/python3.11/threading.py", line 1045, in _bootstrap_inner

  File "/mnt/beegfs/hellgate/home/rb194958e/.conda/envs/tf215_env/lib/python3.11/site-packages/keras/src/engine/training.py", line 1373, in run_step

  File "/mnt/beegfs/hellgate/home/rb194958e/.conda/envs/tf215_env/lib/python3.11/site-packages/keras/src/engine/training.py", line 1154, in train_step

  File "/mnt/beegfs/hellgate/home/rb194958e/.conda/envs/tf215_env/lib/python3.11/site-packages/keras/src/optimizers/optimizer.py", line 543, in minimize

  File "/mnt/beegfs/hellgate/home/rb194958e/.conda/envs/tf215_env/lib/python3.11/site-packages/keras/src/optimizers/optimizer.py", line 276, in compute_gradients

Detected at node gradient_tape/replica_3/SmartSOTA_2025/output/Conv3D/Conv3DBackpropFilterV2 defined at (most recent call last):
  File "/mnt/beegfs/hellgate/home/rb194958e/.conda/envs/tf215_env/lib/python3.11/threading.py", line 1002, in _bootstrap

  File "/mnt/beegfs/hellgate/home/rb194958e/.conda/envs/tf215_env/lib/python3.11/threading.py", line 1045, in _bootstrap_inner

  File "/mnt/beegfs/hellgate/home/rb194958e/.conda/envs/tf215_env/lib/python3.11/site-packages/keras/src/engine/training.py", line 1373, in run_step

  File "/mnt/beegfs/hellgate/home/rb194958e/.conda/envs/tf215_env/lib/python3.11/site-packages/keras/src/engine/training.py", line 1154, in train_step

  File "/mnt/beegfs/hellgate/home/rb194958e/.conda/envs/tf215_env/lib/python3.11/site-packages/keras/src/optimizers/optimizer.py", line 543, in minimize

  File "/mnt/beegfs/hellgate/home/rb194958e/.conda/envs/tf215_env/lib/python3.11/site-packages/keras/src/optimizers/optimizer.py", line 276, in compute_gradients

Detected at node gradient_tape/replica_3/SmartSOTA_2025/output/Conv3D/Conv3DBackpropFilterV2 defined at (most recent call last):
  File "/mnt/beegfs/hellgate/home/rb194958e/.conda/envs/tf215_env/lib/python3.11/threading.py", line 1002, in _bootstrap

  File "/mnt/beegfs/hellgate/home/rb194958e/.conda/envs/tf215_env/lib/python3.11/threading.py", line 1045, in _bootstrap_inner

  File "/mnt/beegfs/hellgate/home/rb194958e/.conda/envs/tf215_env/lib/python3.11/site-packages/keras/src/engine/training.py", line 1373, in run_step

  File "/mnt/beegfs/hellgate/home/rb194958e/.conda/envs/tf215_env/lib/python3.11/site-packages/keras/src/engine/training.py", line 1154, in train_step

  File "/mnt/beegfs/hellgate/home/rb194958e/.conda/envs/tf215_env/lib/python3.11/site-packages/keras/src/optimizers/optimizer.py", line 543, in minimize

  File "/mnt/beegfs/hellgate/home/rb194958e/.conda/envs/tf215_env/lib/python3.11/site-packages/keras/src/optimizers/optimizer.py", line 276, in compute_gradients

Detected at node gradient_tape/replica_3/SmartSOTA_2025/output/Conv3D/Conv3DBackpropFilterV2 defined at (most recent call last):
  File "/mnt/beegfs/hellgate/home/rb194958e/.conda/envs/tf215_env/lib/python3.11/threading.py", line 1002, in _bootstrap

  File "/mnt/beegfs/hellgate/home/rb194958e/.conda/envs/tf215_env/lib/python3.11/threading.py", line 1045, in _bootstrap_inner

  File "/mnt/beegfs/hellgate/home/rb194958e/.conda/envs/tf215_env/lib/python3.11/site-packages/keras/src/engine/training.py", line 1373, in run_step

  File "/mnt/beegfs/hellgate/home/rb194958e/.conda/envs/tf215_env/lib/python3.11/site-packages/keras/src/engine/training.py", line 1154, in train_step

  File "/mnt/beegfs/hellgate/home/rb194958e/.conda/envs/tf215_env/lib/python3.11/site-packages/keras/src/optimizers/optimizer.py", line 543, in minimize

  File "/mnt/beegfs/hellgate/home/rb194958e/.conda/envs/tf215_env/lib/python3.11/site-packages/keras/src/optimizers/optimizer.py", line 276, in compute_gradients

5 root error(s) found.
  (0) UNKNOWN:  CUDNN_STATUS_BAD_PARAM
in external/local_xla/xla/stream_executor/cuda/cuda_dnn.cc(3558): 'tensor' CUDNN_BACKEND_TENSOR_DESCRIPTOR: Check and Set the CUDNN_ATTR_TENSOR_DIMENSIONS Correctly
	 [[{{node gradient_tape/replica_3/SmartSOTA_2025/output/Conv3D/Conv3DBackpropFilterV2}}]]
	 [[update_2/AssignAddVariableOp/_795]]
	 [[AddN_76/_2470]]
	 [[AddN_127/_1866]]
	 [[div_no_nan/ReadVariableOp_5/_784]]
  (1) UNKNOWN:  CUDNN_STATUS_BAD_PARAM
in external/local_xla/xla/stream_executor/cuda/cuda_dnn.cc(3558): 'tensor' CUDNN_BACKEND_TENSOR_DESCRIPTOR: Check and Set the CUDNN_ATTR_TENSOR_DIMENSIONS Correctly
	 [[{{node gradient_tape/replica_3/SmartSOTA_2025/output/Conv3D/Conv3DBackpropFilterV2}}]]
	 [[update_2/AssignAddVariableOp/_795]]
	 [[AddN_76/_2470]]
	 [[AddN_127/_1866]]
  (2) UNKNOWN:  CUDNN_STATUS_BAD_PARAM
in external/local_xla/xla/stream_executor/cuda/cuda_dnn.cc(3558): 'tensor' CUDNN_BACKEND_TENSOR_DESCRIPTOR: Check and Set the CUDNN_ATTR_TENSOR_DIMENSIONS Correctly
	 [[{{node gradient_tape/replica_3/SmartSOTA_2025/output/Conv3D/Conv3DBackpropFilterV2}}]]
	 [[update_2/AssignAddVariableOp/_795]]
	 [[AddN_76/_2470]]
  (3) UNKNOWN:  CUDNN_STATUS_BAD_PARAM
in external/local_xla/xla/stream_executor/cuda/cuda_dnn.cc(3558): 'tensor' CUDNN_BACKEND_TENSOR_DESCRIPTOR: Check and Set the CUDNN_ATTR_TENSOR_DIMENSIONS Correctly
	 [[{{node gradient_tape/replica_3/SmartSOTA_2025/output/Conv3D/Conv3DBackpropFilterV2}}]]
	 [[update_2/AssignAddVariableOp/_795]]
  (4) UNKNOWN:  CUDNN_STATUS_BAD_PARAM
in external/local_xla/xla/stream_executor/cuda/cuda_dnn.cc(3558): 'tensor' CUDNN_BACKEND_TENSOR_DESCRIPTOR: Check and Set the CUDNN_ATTR_TENSOR_DIMENSIONS Correctly
	 [[{{node gradient_tape/replica_3/SmartSOTA_2025/output/Conv3D/Conv3DBackpropFilterV2}}]]
0 successful operations.
0 derived errors ignored. [Op:__inference_train_function_116111]
2025-07-20 04:14:52,206 - SmartSOTA - INFO - Memory at training_failed: CPU=6.10GB | GPU0: 0.12GB | GPU1: 0.12GB | GPU2: 0.06GB | GPU3: 0.06GB | Disk: 245.7GB free
2025-07-20 04:14:52,801 - SmartSOTA - INFO - 💾 Emergency model save: models/production/emergency_save_20250720_040941.keras
Last 50 lines of error log:
2025-07-20 04:08:25.666555: E external/local_xla/xla/stream_executor/cuda/cuda_dnn.cc:9261] Unable to register cuDNN factory: Attempting to register factory for plugin cuDNN when one has already been registered
2025-07-20 04:08:25.667657: E external/local_xla/xla/stream_executor/cuda/cuda_fft.cc:607] Unable to register cuFFT factory: Attempting to register factory for plugin cuFFT when one has already been registered
2025-07-20 04:08:25.864946: E external/local_xla/xla/stream_executor/cuda/cuda_blas.cc:1515] Unable to register cuBLAS factory: Attempting to register factory for plugin cuBLAS when one has already been registered
Checking for specific error patterns:
=== FINAL SYSTEM STATE ===
Final memory usage:
              total        used        free      shared  buff/cache   available
Mem:          503Gi       5.0Gi       480Gi       4.2Gi        17Gi       491Gi
Swap:            0B          0B          0B
memory.used [MiB]
1 MiB
1 MiB
1 MiB
1 MiB
Checking for OOM events:
SLURM memory accounting:
1160121            300G              00:07:07    RUNNING 
1160121.bat+                         00:07:07    RUNNING 
1160121.ext+                         00:07:07    RUNNING 
=== OUTPUT FILE CHECK ===
Checking for generated files...
Model directory contents:
models/full_retrain_20250622_074312.h5
models/comprehensive_fixed/config.json
models/comprehensive_fixed/smart_sota_20250706_030326.keras
models/proven_enhanced_20250625_192140.h5
models/smart_sota_2025_dropout_only_20250627_194038.h5
models/correct_full_20250622_222712.h5
models/comprehensive/config.json
models/fine_tuned_20250624_220018.h5
models/smart_sota_2025_dropout_only_20250628_192551.h5
models/sota_final_20250616_190015.h5
Log files generated:
-rw-r--r--  1 rb194958e GeneralUsers     1136 Jul 20 04:12 memory_usage_1160121.log
-rw-r--r--  1 rb194958e GeneralUsers      635 Jul 20 04:05 smart_sota_1160121.err
-rw-r--r--  1 rb194958e GeneralUsers   184938 Jul 20 04:12 smart_sota_1160121.out
-rw-r--r--  1 rb194958e GeneralUsers   172359 Jul 20 04:12 training_output_1160121.log
=== FINAL SUMMARY ===
Job duration: 00:07:08
❌ Training failed - check error logs above
Job completed at: Sun Jul 20 04:15:03 UTC 2025
Cleaning up at: Sun Jul 20 04:15:03 UTC 2025
