=== SLURM RESOURCE CHECK ===
Node: hggpu9-4
Job ID: 1160122
Start time: Sun Jul 20 04:21:52 UTC 2025
Allocated GPUs: 
Allocated CPUs: 16
Allocated memory: 307200 MB
Available memory:               total        used        free      shared  buff/cache   available
Mem:          503Gi       5.0Gi       480Gi       4.2Gi        17Gi       491Gi
Swap:            0B          0B          0B
GPU 0: NVIDIA RTX 4500 Ada Generation (UUID: GPU-dd7817bb-79b3-62f7-9c38-9b86485d5e99)
GPU 1: NVIDIA RTX 4500 Ada Generation (UUID: GPU-82339fee-8caa-848e-d280-be95bbebecf7)
GPU 2: NVIDIA RTX 4500 Ada Generation (UUID: GPU-3a5593a8-cdba-6706-b35e-ef0d5165c9ff)
GPU 3: NVIDIA RTX 4500 Ada Generation (UUID: GPU-dc2667b5-78bc-efa9-cb8a-a994f66c42aa)
memory.total [MiB], memory.used [MiB], memory.free [MiB]
24570 MiB, 1 MiB, 24217 MiB
24570 MiB, 1 MiB, 24217 MiB
24570 MiB, 1 MiB, 24217 MiB
24570 MiB, 1 MiB, 24217 MiB
=== ENVIRONMENT SETUP ===
CUDA_VISIBLE_DEVICES: 0,1,2,3
=== PYTHON ENVIRONMENT TEST ===
Python: 3.11.13 | packaged by conda-forge | (main, Jun  4 2025, 14:48:23) [GCC 13.3.0]
TensorFlow: 2.15.1
Initial CPU Memory: 5.19GB
Visible GPUs: 4
GPU 0: PhysicalDevice(name='/physical_device:GPU:0', device_type='GPU')
GPU 1: PhysicalDevice(name='/physical_device:GPU:1', device_type='GPU')
GPU 2: PhysicalDevice(name='/physical_device:GPU:2', device_type='GPU')
GPU 3: PhysicalDevice(name='/physical_device:GPU:3', device_type='GPU')
✅ Environment check passed
=== DATA DIRECTORY CHECK ===
✅ Data directory exists: /mnt/beegfs/hellgate/home/rb194958e/Atlas_2/Training
Images directory:
total 6815746
drwxr-x---  2 rb194958e ChurchLab      655 Mar 20 20:39 .
drwxr-x--- 39 rb194958e ChurchLab       39 Jul 19 20:46 ..
-rwxr-x---  1 rb194958e ChurchLab 13574443 Mar 20 20:37 sub-r001s001_ses-1_space-MNI152NLin2009aSym_T1w.nii.gz
-rwxr-x---  1 rb194958e ChurchLab 13481953 Mar 20 20:39 sub-r001s002_ses-1_space-MNI152NLin2009aSym_T1w.nii.gz
Masks directory:
total 10313
drwxr-x---  2 rb194958e ChurchLab   655 Mar 20 20:49 .
drwxr-x--- 39 rb194958e ChurchLab    39 Jul 19 20:46 ..
-rwxr-x---  1 rb194958e ChurchLab 51731 Mar 20 20:50 sub-r001s001_ses-1_space-MNI152NLin2009aSym_label-L_desc-T1lesion_mask.nii.gz
-rwxr-x---  1 rb194958e ChurchLab 57629 Mar 20 20:50 sub-r001s002_ses-1_space-MNI152NLin2009aSym_label-L_desc-T1lesion_mask.nii.gz
Found 655 image files and 655 mask files
=== SCRIPT CHECK ===
✅ Training script found
Script size: 28K	smart_sota_2025_claude.py
Script permissions: -rw-r--r-- 1 rb194958e GeneralUsers 49766 Jul 20 04:18 smart_sota_2025_claude.py
=== PRE-TRAINING MEMORY CHECK ===
              total        used        free      shared  buff/cache   available
Mem:          503Gi       5.0Gi       480Gi       4.2Gi        17Gi       491Gi
Swap:            0B          0B          0B
memory.used [MiB], memory.free [MiB]
1 MiB, 24217 MiB
1 MiB, 24217 MiB
1 MiB, 24217 MiB
1 MiB, 24217 MiB
=== STARTING TRAINING ===
Training start time: Sun Jul 20 04:22:58 UTC 2025
2025-07-20 04:23:04.920962: E external/local_xla/xla/stream_executor/cuda/cuda_dnn.cc:9261] Unable to register cuDNN factory: Attempting to register factory for plugin cuDNN when one has already been registered
2025-07-20 04:23:04.921574: E external/local_xla/xla/stream_executor/cuda/cuda_fft.cc:607] Unable to register cuFFT factory: Attempting to register factory for plugin cuFFT when one has already been registered
2025-07-20 04:23:05.117862: E external/local_xla/xla/stream_executor/cuda/cuda_blas.cc:1515] Unable to register cuBLAS factory: Attempting to register factory for plugin cuBLAS when one has already been registered
2025-07-20 04:23:33,490 - SmartSOTA - INFO - ✅ All imports successful
2025-07-20 04:23:33,492 - SmartSOTA - INFO - TensorFlow eager execution: True
2025-07-20 04:23:37,891 - SmartSOTA - INFO - Environment verified:
- Python 3.11.13 | packaged by conda-forge | (main, Jun  4 2025, 14:48:23) [GCC 13.3.0]
- TF 2.15.1
- NumPy 1.26.4
- GPU devices: 4
2025-07-20 04:23:37,901 - SmartSOTA - INFO - 🔍 DEBUGGING: Main function started
2025-07-20 04:23:37,902 - SmartSOTA - INFO - 🔍 DEBUGGING: Current working directory: /mnt/beegfs/hellgate/home/rb194958e/stroke_segmentation_sota
2025-07-20 04:23:37,908 - SmartSOTA - INFO - 🔧 Using optimized training configuration with full complexity
2025-07-20 04:23:38,152 - SmartSOTA - INFO - Memory at initialization_start: CPU=0.60GB | GPU0: 0.00GB | GPU1: 0.00GB | GPU2: 0.00GB | GPU3: 0.00GB | Disk: 245.7GB free
2025-07-20 04:23:38,154 - SmartSOTA - WARNING - ⚠️ GPU setup issue: Physical devices cannot be modified after being initialized
2025-07-20 04:23:38,155 - SmartSOTA - INFO - ⚠️ Mixed precision disabled temporarily to fix dimension issues
2025-07-20 04:23:38,156 - tensorflow - INFO - Using MirroredStrategy with devices ('/job:localhost/replica:0/task:0/device:GPU:0', '/job:localhost/replica:0/task:0/device:GPU:1', '/job:localhost/replica:0/task:0/device:GPU:2', '/job:localhost/replica:0/task:0/device:GPU:3')
2025-07-20 04:23:38,195 - SmartSOTA - INFO - ✅ Distribution strategy initialized: 4 replicas
2025-07-20 04:23:38,196 - SmartSOTA - INFO - Memory at strategy_setup_complete: CPU=0.99GB | GPU0: 0.00GB | GPU1: 0.00GB | GPU2: 0.00GB | GPU3: 0.00GB | Disk: 245.7GB free
2025-07-20 04:23:38,197 - SmartSOTA - INFO - 🔄 Loading and preparing dataset...
2025-07-20 04:23:38,199 - SmartSOTA - INFO - Memory at generator_creation_start: CPU=0.99GB | GPU0: 0.00GB | GPU1: 0.00GB | GPU2: 0.00GB | GPU3: 0.00GB | Disk: 245.7GB free
2025-07-20 04:23:38,200 - SmartSOTA - INFO - 📚 Loading dataset...
2025-07-20 04:23:38,201 - SmartSOTA - INFO - Memory at dataset_load_start: CPU=0.99GB | GPU0: 0.00GB | GPU1: 0.00GB | GPU2: 0.00GB | GPU3: 0.00GB | Disk: 245.7GB free
2025-07-20 04:23:38,212 - SmartSOTA - INFO - ✅ Found 655 images with pattern: *_T1w.nii.gz
2025-07-20 04:23:38,222 - SmartSOTA - INFO - ✅ Found 655 masks with pattern: *_mask.nii.gz
pixdim[0] (qfac) should be 1 (default) or -1; setting qfac to 1
2025-07-20 04:23:38,229 - nibabel.global - INFO - pixdim[0] (qfac) should be 1 (default) or -1; setting qfac to 1
pixdim[0] (qfac) should be 1 (default) or -1; setting qfac to 1
2025-07-20 04:23:38,431 - nibabel.global - INFO - pixdim[0] (qfac) should be 1 (default) or -1; setting qfac to 1
pixdim[0] (qfac) should be 1 (default) or -1; setting qfac to 1
2025-07-20 04:23:38,639 - nibabel.global - INFO - pixdim[0] (qfac) should be 1 (default) or -1; setting qfac to 1
pixdim[0] (qfac) should be 1 (default) or -1; setting qfac to 1
2025-07-20 04:23:38,835 - nibabel.global - INFO - pixdim[0] (qfac) should be 1 (default) or -1; setting qfac to 1
pixdim[0] (qfac) should be 1 (default) or -1; setting qfac to 1
2025-07-20 04:23:39,030 - nibabel.global - INFO - pixdim[0] (qfac) should be 1 (default) or -1; setting qfac to 1
pixdim[0] (qfac) should be 1 (default) or -1; setting qfac to 1
2025-07-20 04:23:39,227 - nibabel.global - INFO - pixdim[0] (qfac) should be 1 (default) or -1; setting qfac to 1
pixdim[0] (qfac) should be 1 (default) or -1; setting qfac to 1
2025-07-20 04:23:39,416 - nibabel.global - INFO - pixdim[0] (qfac) should be 1 (default) or -1; setting qfac to 1
pixdim[0] (qfac) should be 1 (default) or -1; setting qfac to 1
2025-07-20 04:23:39,611 - nibabel.global - INFO - pixdim[0] (qfac) should be 1 (default) or -1; setting qfac to 1
pixdim[0] (qfac) should be 1 (default) or -1; setting qfac to 1
2025-07-20 04:23:39,805 - nibabel.global - INFO - pixdim[0] (qfac) should be 1 (default) or -1; setting qfac to 1
pixdim[0] (qfac) should be 1 (default) or -1; setting qfac to 1
2025-07-20 04:23:39,999 - nibabel.global - INFO - pixdim[0] (qfac) should be 1 (default) or -1; setting qfac to 1
pixdim[0] (qfac) should be 1 (default) or -1; setting qfac to 1
2025-07-20 04:23:40,195 - nibabel.global - INFO - pixdim[0] (qfac) should be 1 (default) or -1; setting qfac to 1
pixdim[0] (qfac) should be 1 (default) or -1; setting qfac to 1
2025-07-20 04:23:40,388 - nibabel.global - INFO - pixdim[0] (qfac) should be 1 (default) or -1; setting qfac to 1
pixdim[0] (qfac) should be 1 (default) or -1; setting qfac to 1
2025-07-20 04:23:40,583 - nibabel.global - INFO - pixdim[0] (qfac) should be 1 (default) or -1; setting qfac to 1
pixdim[0] (qfac) should be 1 (default) or -1; setting qfac to 1
2025-07-20 04:23:40,778 - nibabel.global - INFO - pixdim[0] (qfac) should be 1 (default) or -1; setting qfac to 1
pixdim[0] (qfac) should be 1 (default) or -1; setting qfac to 1
2025-07-20 04:23:40,973 - nibabel.global - INFO - pixdim[0] (qfac) should be 1 (default) or -1; setting qfac to 1
pixdim[0] (qfac) should be 1 (default) or -1; setting qfac to 1
2025-07-20 04:23:41,161 - nibabel.global - INFO - pixdim[0] (qfac) should be 1 (default) or -1; setting qfac to 1
pixdim[0] (qfac) should be 1 (default) or -1; setting qfac to 1
2025-07-20 04:23:41,350 - nibabel.global - INFO - pixdim[0] (qfac) should be 1 (default) or -1; setting qfac to 1
pixdim[0] (qfac) should be 1 (default) or -1; setting qfac to 1
2025-07-20 04:23:41,546 - nibabel.global - INFO - pixdim[0] (qfac) should be 1 (default) or -1; setting qfac to 1
pixdim[0] (qfac) should be 1 (default) or -1; setting qfac to 1
2025-07-20 04:23:41,737 - nibabel.global - INFO - pixdim[0] (qfac) should be 1 (default) or -1; setting qfac to 1
pixdim[0] (qfac) should be 1 (default) or -1; setting qfac to 1
2025-07-20 04:23:41,933 - nibabel.global - INFO - pixdim[0] (qfac) should be 1 (default) or -1; setting qfac to 1
pixdim[0] (qfac) should be 1 (default) or -1; setting qfac to 1
2025-07-20 04:23:42,128 - nibabel.global - INFO - pixdim[0] (qfac) should be 1 (default) or -1; setting qfac to 1
pixdim[0] (qfac) should be 1 (default) or -1; setting qfac to 1
2025-07-20 04:23:42,322 - nibabel.global - INFO - pixdim[0] (qfac) should be 1 (default) or -1; setting qfac to 1
pixdim[0] (qfac) should be 1 (default) or -1; setting qfac to 1
2025-07-20 04:23:42,518 - nibabel.global - INFO - pixdim[0] (qfac) should be 1 (default) or -1; setting qfac to 1
pixdim[0] (qfac) should be 1 (default) or -1; setting qfac to 1
2025-07-20 04:23:42,709 - nibabel.global - INFO - pixdim[0] (qfac) should be 1 (default) or -1; setting qfac to 1
pixdim[0] (qfac) should be 1 (default) or -1; setting qfac to 1
2025-07-20 04:23:42,901 - nibabel.global - INFO - pixdim[0] (qfac) should be 1 (default) or -1; setting qfac to 1
pixdim[0] (qfac) should be 1 (default) or -1; setting qfac to 1
2025-07-20 04:23:43,096 - nibabel.global - INFO - pixdim[0] (qfac) should be 1 (default) or -1; setting qfac to 1
pixdim[0] (qfac) should be 1 (default) or -1; setting qfac to 1
2025-07-20 04:23:43,291 - nibabel.global - INFO - pixdim[0] (qfac) should be 1 (default) or -1; setting qfac to 1
pixdim[0] (qfac) should be 1 (default) or -1; setting qfac to 1
2025-07-20 04:23:43,486 - nibabel.global - INFO - pixdim[0] (qfac) should be 1 (default) or -1; setting qfac to 1
pixdim[0] (qfac) should be 1 (default) or -1; setting qfac to 1
2025-07-20 04:23:43,681 - nibabel.global - INFO - pixdim[0] (qfac) should be 1 (default) or -1; setting qfac to 1
pixdim[0] (qfac) should be 1 (default) or -1; setting qfac to 1
2025-07-20 04:23:43,875 - nibabel.global - INFO - pixdim[0] (qfac) should be 1 (default) or -1; setting qfac to 1
pixdim[0] (qfac) should be 1 (default) or -1; setting qfac to 1
2025-07-20 04:23:44,070 - nibabel.global - INFO - pixdim[0] (qfac) should be 1 (default) or -1; setting qfac to 1
pixdim[0] (qfac) should be 1 (default) or -1; setting qfac to 1
2025-07-20 04:23:44,263 - nibabel.global - INFO - pixdim[0] (qfac) should be 1 (default) or -1; setting qfac to 1
pixdim[0] (qfac) should be 1 (default) or -1; setting qfac to 1
2025-07-20 04:23:44,463 - nibabel.global - INFO - pixdim[0] (qfac) should be 1 (default) or -1; setting qfac to 1
pixdim[0] (qfac) should be 1 (default) or -1; setting qfac to 1
2025-07-20 04:23:44,665 - nibabel.global - INFO - pixdim[0] (qfac) should be 1 (default) or -1; setting qfac to 1
pixdim[0] (qfac) should be 1 (default) or -1; setting qfac to 1
2025-07-20 04:23:44,864 - nibabel.global - INFO - pixdim[0] (qfac) should be 1 (default) or -1; setting qfac to 1
pixdim[0] (qfac) should be 1 (default) or -1; setting qfac to 1
2025-07-20 04:23:45,056 - nibabel.global - INFO - pixdim[0] (qfac) should be 1 (default) or -1; setting qfac to 1
pixdim[0] (qfac) should be 1 (default) or -1; setting qfac to 1
2025-07-20 04:23:45,251 - nibabel.global - INFO - pixdim[0] (qfac) should be 1 (default) or -1; setting qfac to 1
pixdim[0] (qfac) should be 1 (default) or -1; setting qfac to 1
2025-07-20 04:23:45,445 - nibabel.global - INFO - pixdim[0] (qfac) should be 1 (default) or -1; setting qfac to 1
pixdim[0] (qfac) should be 1 (default) or -1; setting qfac to 1
2025-07-20 04:23:45,633 - nibabel.global - INFO - pixdim[0] (qfac) should be 1 (default) or -1; setting qfac to 1
pixdim[0] (qfac) should be 1 (default) or -1; setting qfac to 1
2025-07-20 04:23:45,828 - nibabel.global - INFO - pixdim[0] (qfac) should be 1 (default) or -1; setting qfac to 1
pixdim[0] (qfac) should be 1 (default) or -1; setting qfac to 1
2025-07-20 04:23:46,015 - nibabel.global - INFO - pixdim[0] (qfac) should be 1 (default) or -1; setting qfac to 1
pixdim[0] (qfac) should be 1 (default) or -1; setting qfac to 1
2025-07-20 04:23:46,211 - nibabel.global - INFO - pixdim[0] (qfac) should be 1 (default) or -1; setting qfac to 1
pixdim[0] (qfac) should be 1 (default) or -1; setting qfac to 1
2025-07-20 04:23:46,405 - nibabel.global - INFO - pixdim[0] (qfac) should be 1 (default) or -1; setting qfac to 1
pixdim[0] (qfac) should be 1 (default) or -1; setting qfac to 1
2025-07-20 04:23:46,601 - nibabel.global - INFO - pixdim[0] (qfac) should be 1 (default) or -1; setting qfac to 1
pixdim[0] (qfac) should be 1 (default) or -1; setting qfac to 1
2025-07-20 04:23:46,795 - nibabel.global - INFO - pixdim[0] (qfac) should be 1 (default) or -1; setting qfac to 1
pixdim[0] (qfac) should be 1 (default) or -1; setting qfac to 1
2025-07-20 04:23:46,991 - nibabel.global - INFO - pixdim[0] (qfac) should be 1 (default) or -1; setting qfac to 1
pixdim[0] (qfac) should be 1 (default) or -1; setting qfac to 1
2025-07-20 04:23:47,187 - nibabel.global - INFO - pixdim[0] (qfac) should be 1 (default) or -1; setting qfac to 1
pixdim[0] (qfac) should be 1 (default) or -1; setting qfac to 1
2025-07-20 04:23:47,376 - nibabel.global - INFO - pixdim[0] (qfac) should be 1 (default) or -1; setting qfac to 1
pixdim[0] (qfac) should be 1 (default) or -1; setting qfac to 1
2025-07-20 04:23:47,566 - nibabel.global - INFO - pixdim[0] (qfac) should be 1 (default) or -1; setting qfac to 1
pixdim[0] (qfac) should be 1 (default) or -1; setting qfac to 1
2025-07-20 04:23:47,761 - nibabel.global - INFO - pixdim[0] (qfac) should be 1 (default) or -1; setting qfac to 1
pixdim[0] (qfac) should be 1 (default) or -1; setting qfac to 1
2025-07-20 04:23:47,954 - nibabel.global - INFO - pixdim[0] (qfac) should be 1 (default) or -1; setting qfac to 1
pixdim[0] (qfac) should be 1 (default) or -1; setting qfac to 1
2025-07-20 04:23:48,150 - nibabel.global - INFO - pixdim[0] (qfac) should be 1 (default) or -1; setting qfac to 1
pixdim[0] (qfac) should be 1 (default) or -1; setting qfac to 1
2025-07-20 04:23:48,343 - nibabel.global - INFO - pixdim[0] (qfac) should be 1 (default) or -1; setting qfac to 1
pixdim[0] (qfac) should be 1 (default) or -1; setting qfac to 1
2025-07-20 04:23:48,537 - nibabel.global - INFO - pixdim[0] (qfac) should be 1 (default) or -1; setting qfac to 1
pixdim[0] (qfac) should be 1 (default) or -1; setting qfac to 1
2025-07-20 04:23:48,726 - nibabel.global - INFO - pixdim[0] (qfac) should be 1 (default) or -1; setting qfac to 1
pixdim[0] (qfac) should be 1 (default) or -1; setting qfac to 1
2025-07-20 04:23:48,915 - nibabel.global - INFO - pixdim[0] (qfac) should be 1 (default) or -1; setting qfac to 1
pixdim[0] (qfac) should be 1 (default) or -1; setting qfac to 1
2025-07-20 04:23:49,104 - nibabel.global - INFO - pixdim[0] (qfac) should be 1 (default) or -1; setting qfac to 1
pixdim[0] (qfac) should be 1 (default) or -1; setting qfac to 1
2025-07-20 04:23:49,297 - nibabel.global - INFO - pixdim[0] (qfac) should be 1 (default) or -1; setting qfac to 1
pixdim[0] (qfac) should be 1 (default) or -1; setting qfac to 1
2025-07-20 04:23:49,490 - nibabel.global - INFO - pixdim[0] (qfac) should be 1 (default) or -1; setting qfac to 1
pixdim[0] (qfac) should be 1 (default) or -1; setting qfac to 1
2025-07-20 04:23:49,684 - nibabel.global - INFO - pixdim[0] (qfac) should be 1 (default) or -1; setting qfac to 1
pixdim[0] (qfac) should be 1 (default) or -1; setting qfac to 1
2025-07-20 04:23:49,880 - nibabel.global - INFO - pixdim[0] (qfac) should be 1 (default) or -1; setting qfac to 1
pixdim[0] (qfac) should be 1 (default) or -1; setting qfac to 1
2025-07-20 04:23:50,070 - nibabel.global - INFO - pixdim[0] (qfac) should be 1 (default) or -1; setting qfac to 1
pixdim[0] (qfac) should be 1 (default) or -1; setting qfac to 1
2025-07-20 04:23:50,263 - nibabel.global - INFO - pixdim[0] (qfac) should be 1 (default) or -1; setting qfac to 1
pixdim[0] (qfac) should be 1 (default) or -1; setting qfac to 1
2025-07-20 04:23:50,458 - nibabel.global - INFO - pixdim[0] (qfac) should be 1 (default) or -1; setting qfac to 1
pixdim[0] (qfac) should be 1 (default) or -1; setting qfac to 1
2025-07-20 04:23:50,653 - nibabel.global - INFO - pixdim[0] (qfac) should be 1 (default) or -1; setting qfac to 1
pixdim[0] (qfac) should be 1 (default) or -1; setting qfac to 1
2025-07-20 04:23:50,848 - nibabel.global - INFO - pixdim[0] (qfac) should be 1 (default) or -1; setting qfac to 1
pixdim[0] (qfac) should be 1 (default) or -1; setting qfac to 1
2025-07-20 04:23:51,040 - nibabel.global - INFO - pixdim[0] (qfac) should be 1 (default) or -1; setting qfac to 1
pixdim[0] (qfac) should be 1 (default) or -1; setting qfac to 1
2025-07-20 04:23:51,233 - nibabel.global - INFO - pixdim[0] (qfac) should be 1 (default) or -1; setting qfac to 1
pixdim[0] (qfac) should be 1 (default) or -1; setting qfac to 1
2025-07-20 04:23:51,426 - nibabel.global - INFO - pixdim[0] (qfac) should be 1 (default) or -1; setting qfac to 1
pixdim[0] (qfac) should be 1 (default) or -1; setting qfac to 1
2025-07-20 04:23:51,618 - nibabel.global - INFO - pixdim[0] (qfac) should be 1 (default) or -1; setting qfac to 1
pixdim[0] (qfac) should be 1 (default) or -1; setting qfac to 1
2025-07-20 04:23:51,810 - nibabel.global - INFO - pixdim[0] (qfac) should be 1 (default) or -1; setting qfac to 1
pixdim[0] (qfac) should be 1 (default) or -1; setting qfac to 1
2025-07-20 04:23:52,005 - nibabel.global - INFO - pixdim[0] (qfac) should be 1 (default) or -1; setting qfac to 1
pixdim[0] (qfac) should be 1 (default) or -1; setting qfac to 1
2025-07-20 04:23:52,201 - nibabel.global - INFO - pixdim[0] (qfac) should be 1 (default) or -1; setting qfac to 1
pixdim[0] (qfac) should be 1 (default) or -1; setting qfac to 1
2025-07-20 04:23:52,396 - nibabel.global - INFO - pixdim[0] (qfac) should be 1 (default) or -1; setting qfac to 1
pixdim[0] (qfac) should be 1 (default) or -1; setting qfac to 1
2025-07-20 04:23:52,591 - nibabel.global - INFO - pixdim[0] (qfac) should be 1 (default) or -1; setting qfac to 1
pixdim[0] (qfac) should be 1 (default) or -1; setting qfac to 1
2025-07-20 04:23:52,805 - nibabel.global - INFO - pixdim[0] (qfac) should be 1 (default) or -1; setting qfac to 1
pixdim[0] (qfac) should be 1 (default) or -1; setting qfac to 1
2025-07-20 04:23:52,999 - nibabel.global - INFO - pixdim[0] (qfac) should be 1 (default) or -1; setting qfac to 1
pixdim[0] (qfac) should be 1 (default) or -1; setting qfac to 1
2025-07-20 04:23:53,195 - nibabel.global - INFO - pixdim[0] (qfac) should be 1 (default) or -1; setting qfac to 1
pixdim[0] (qfac) should be 1 (default) or -1; setting qfac to 1
2025-07-20 04:23:53,389 - nibabel.global - INFO - pixdim[0] (qfac) should be 1 (default) or -1; setting qfac to 1
pixdim[0] (qfac) should be 1 (default) or -1; setting qfac to 1
2025-07-20 04:23:53,581 - nibabel.global - INFO - pixdim[0] (qfac) should be 1 (default) or -1; setting qfac to 1
pixdim[0] (qfac) should be 1 (default) or -1; setting qfac to 1
2025-07-20 04:23:53,770 - nibabel.global - INFO - pixdim[0] (qfac) should be 1 (default) or -1; setting qfac to 1
pixdim[0] (qfac) should be 1 (default) or -1; setting qfac to 1
2025-07-20 04:23:53,963 - nibabel.global - INFO - pixdim[0] (qfac) should be 1 (default) or -1; setting qfac to 1
pixdim[0] (qfac) should be 1 (default) or -1; setting qfac to 1
2025-07-20 04:23:54,155 - nibabel.global - INFO - pixdim[0] (qfac) should be 1 (default) or -1; setting qfac to 1
pixdim[0] (qfac) should be 1 (default) or -1; setting qfac to 1
2025-07-20 04:23:54,351 - nibabel.global - INFO - pixdim[0] (qfac) should be 1 (default) or -1; setting qfac to 1
pixdim[0] (qfac) should be 1 (default) or -1; setting qfac to 1
2025-07-20 04:23:54,547 - nibabel.global - INFO - pixdim[0] (qfac) should be 1 (default) or -1; setting qfac to 1
pixdim[0] (qfac) should be 1 (default) or -1; setting qfac to 1
2025-07-20 04:23:54,742 - nibabel.global - INFO - pixdim[0] (qfac) should be 1 (default) or -1; setting qfac to 1
pixdim[0] (qfac) should be 1 (default) or -1; setting qfac to 1
2025-07-20 04:23:54,936 - nibabel.global - INFO - pixdim[0] (qfac) should be 1 (default) or -1; setting qfac to 1
pixdim[0] (qfac) should be 1 (default) or -1; setting qfac to 1
2025-07-20 04:23:55,130 - nibabel.global - INFO - pixdim[0] (qfac) should be 1 (default) or -1; setting qfac to 1
pixdim[0] (qfac) should be 1 (default) or -1; setting qfac to 1
2025-07-20 04:23:55,320 - nibabel.global - INFO - pixdim[0] (qfac) should be 1 (default) or -1; setting qfac to 1
pixdim[0] (qfac) should be 1 (default) or -1; setting qfac to 1
2025-07-20 04:23:55,517 - nibabel.global - INFO - pixdim[0] (qfac) should be 1 (default) or -1; setting qfac to 1
pixdim[0] (qfac) should be 1 (default) or -1; setting qfac to 1
2025-07-20 04:23:55,713 - nibabel.global - INFO - pixdim[0] (qfac) should be 1 (default) or -1; setting qfac to 1
pixdim[0] (qfac) should be 1 (default) or -1; setting qfac to 1
2025-07-20 04:23:55,907 - nibabel.global - INFO - pixdim[0] (qfac) should be 1 (default) or -1; setting qfac to 1
pixdim[0] (qfac) should be 1 (default) or -1; setting qfac to 1
2025-07-20 04:23:56,101 - nibabel.global - INFO - pixdim[0] (qfac) should be 1 (default) or -1; setting qfac to 1
pixdim[0] (qfac) should be 1 (default) or -1; setting qfac to 1
2025-07-20 04:23:56,298 - nibabel.global - INFO - pixdim[0] (qfac) should be 1 (default) or -1; setting qfac to 1
pixdim[0] (qfac) should be 1 (default) or -1; setting qfac to 1
2025-07-20 04:23:56,493 - nibabel.global - INFO - pixdim[0] (qfac) should be 1 (default) or -1; setting qfac to 1
pixdim[0] (qfac) should be 1 (default) or -1; setting qfac to 1
2025-07-20 04:23:56,688 - nibabel.global - INFO - pixdim[0] (qfac) should be 1 (default) or -1; setting qfac to 1
pixdim[0] (qfac) should be 1 (default) or -1; setting qfac to 1
2025-07-20 04:23:56,884 - nibabel.global - INFO - pixdim[0] (qfac) should be 1 (default) or -1; setting qfac to 1
pixdim[0] (qfac) should be 1 (default) or -1; setting qfac to 1
2025-07-20 04:23:57,080 - nibabel.global - INFO - pixdim[0] (qfac) should be 1 (default) or -1; setting qfac to 1
pixdim[0] (qfac) should be 1 (default) or -1; setting qfac to 1
2025-07-20 04:23:57,264 - nibabel.global - INFO - pixdim[0] (qfac) should be 1 (default) or -1; setting qfac to 1
pixdim[0] (qfac) should be 1 (default) or -1; setting qfac to 1
2025-07-20 04:23:57,461 - nibabel.global - INFO - pixdim[0] (qfac) should be 1 (default) or -1; setting qfac to 1
pixdim[0] (qfac) should be 1 (default) or -1; setting qfac to 1
2025-07-20 04:23:57,652 - nibabel.global - INFO - pixdim[0] (qfac) should be 1 (default) or -1; setting qfac to 1
pixdim[0] (qfac) should be 1 (default) or -1; setting qfac to 1
2025-07-20 04:23:57,847 - nibabel.global - INFO - pixdim[0] (qfac) should be 1 (default) or -1; setting qfac to 1
pixdim[0] (qfac) should be 1 (default) or -1; setting qfac to 1
2025-07-20 04:23:58,043 - nibabel.global - INFO - pixdim[0] (qfac) should be 1 (default) or -1; setting qfac to 1
pixdim[0] (qfac) should be 1 (default) or -1; setting qfac to 1
2025-07-20 04:23:58,238 - nibabel.global - INFO - pixdim[0] (qfac) should be 1 (default) or -1; setting qfac to 1
pixdim[0] (qfac) should be 1 (default) or -1; setting qfac to 1
2025-07-20 04:23:58,434 - nibabel.global - INFO - pixdim[0] (qfac) should be 1 (default) or -1; setting qfac to 1
pixdim[0] (qfac) should be 1 (default) or -1; setting qfac to 1
2025-07-20 04:23:58,625 - nibabel.global - INFO - pixdim[0] (qfac) should be 1 (default) or -1; setting qfac to 1
pixdim[0] (qfac) should be 1 (default) or -1; setting qfac to 1
2025-07-20 04:23:58,817 - nibabel.global - INFO - pixdim[0] (qfac) should be 1 (default) or -1; setting qfac to 1
pixdim[0] (qfac) should be 1 (default) or -1; setting qfac to 1
2025-07-20 04:23:59,009 - nibabel.global - INFO - pixdim[0] (qfac) should be 1 (default) or -1; setting qfac to 1
pixdim[0] (qfac) should be 1 (default) or -1; setting qfac to 1
2025-07-20 04:23:59,199 - nibabel.global - INFO - pixdim[0] (qfac) should be 1 (default) or -1; setting qfac to 1
pixdim[0] (qfac) should be 1 (default) or -1; setting qfac to 1
2025-07-20 04:23:59,391 - nibabel.global - INFO - pixdim[0] (qfac) should be 1 (default) or -1; setting qfac to 1
pixdim[0] (qfac) should be 1 (default) or -1; setting qfac to 1
2025-07-20 04:23:59,574 - nibabel.global - INFO - pixdim[0] (qfac) should be 1 (default) or -1; setting qfac to 1
pixdim[0] (qfac) should be 1 (default) or -1; setting qfac to 1
2025-07-20 04:23:59,771 - nibabel.global - INFO - pixdim[0] (qfac) should be 1 (default) or -1; setting qfac to 1
pixdim[0] (qfac) should be 1 (default) or -1; setting qfac to 1
2025-07-20 04:23:59,967 - nibabel.global - INFO - pixdim[0] (qfac) should be 1 (default) or -1; setting qfac to 1
pixdim[0] (qfac) should be 1 (default) or -1; setting qfac to 1
2025-07-20 04:24:00,162 - nibabel.global - INFO - pixdim[0] (qfac) should be 1 (default) or -1; setting qfac to 1
pixdim[0] (qfac) should be 1 (default) or -1; setting qfac to 1
2025-07-20 04:24:00,358 - nibabel.global - INFO - pixdim[0] (qfac) should be 1 (default) or -1; setting qfac to 1
pixdim[0] (qfac) should be 1 (default) or -1; setting qfac to 1
2025-07-20 04:24:00,553 - nibabel.global - INFO - pixdim[0] (qfac) should be 1 (default) or -1; setting qfac to 1
pixdim[0] (qfac) should be 1 (default) or -1; setting qfac to 1
2025-07-20 04:24:00,749 - nibabel.global - INFO - pixdim[0] (qfac) should be 1 (default) or -1; setting qfac to 1
pixdim[0] (qfac) should be 1 (default) or -1; setting qfac to 1
2025-07-20 04:24:00,959 - nibabel.global - INFO - pixdim[0] (qfac) should be 1 (default) or -1; setting qfac to 1
pixdim[0] (qfac) should be 1 (default) or -1; setting qfac to 1
2025-07-20 04:24:01,157 - nibabel.global - INFO - pixdim[0] (qfac) should be 1 (default) or -1; setting qfac to 1
pixdim[0] (qfac) should be 1 (default) or -1; setting qfac to 1
2025-07-20 04:24:01,350 - nibabel.global - INFO - pixdim[0] (qfac) should be 1 (default) or -1; setting qfac to 1
pixdim[0] (qfac) should be 1 (default) or -1; setting qfac to 1
2025-07-20 04:24:01,544 - nibabel.global - INFO - pixdim[0] (qfac) should be 1 (default) or -1; setting qfac to 1
pixdim[0] (qfac) should be 1 (default) or -1; setting qfac to 1
2025-07-20 04:24:01,739 - nibabel.global - INFO - pixdim[0] (qfac) should be 1 (default) or -1; setting qfac to 1
pixdim[0] (qfac) should be 1 (default) or -1; setting qfac to 1
2025-07-20 04:24:01,927 - nibabel.global - INFO - pixdim[0] (qfac) should be 1 (default) or -1; setting qfac to 1
pixdim[0] (qfac) should be 1 (default) or -1; setting qfac to 1
2025-07-20 04:24:02,120 - nibabel.global - INFO - pixdim[0] (qfac) should be 1 (default) or -1; setting qfac to 1
pixdim[0] (qfac) should be 1 (default) or -1; setting qfac to 1
2025-07-20 04:24:02,315 - nibabel.global - INFO - pixdim[0] (qfac) should be 1 (default) or -1; setting qfac to 1
pixdim[0] (qfac) should be 1 (default) or -1; setting qfac to 1
2025-07-20 04:24:02,512 - nibabel.global - INFO - pixdim[0] (qfac) should be 1 (default) or -1; setting qfac to 1
pixdim[0] (qfac) should be 1 (default) or -1; setting qfac to 1
2025-07-20 04:24:02,708 - nibabel.global - INFO - pixdim[0] (qfac) should be 1 (default) or -1; setting qfac to 1
pixdim[0] (qfac) should be 1 (default) or -1; setting qfac to 1
2025-07-20 04:24:02,898 - nibabel.global - INFO - pixdim[0] (qfac) should be 1 (default) or -1; setting qfac to 1
pixdim[0] (qfac) should be 1 (default) or -1; setting qfac to 1
2025-07-20 04:24:03,094 - nibabel.global - INFO - pixdim[0] (qfac) should be 1 (default) or -1; setting qfac to 1
pixdim[0] (qfac) should be 1 (default) or -1; setting qfac to 1
2025-07-20 04:24:03,286 - nibabel.global - INFO - pixdim[0] (qfac) should be 1 (default) or -1; setting qfac to 1
pixdim[0] (qfac) should be 1 (default) or -1; setting qfac to 1
2025-07-20 04:24:03,482 - nibabel.global - INFO - pixdim[0] (qfac) should be 1 (default) or -1; setting qfac to 1
pixdim[0] (qfac) should be 1 (default) or -1; setting qfac to 1
2025-07-20 04:24:03,677 - nibabel.global - INFO - pixdim[0] (qfac) should be 1 (default) or -1; setting qfac to 1
pixdim[0] (qfac) should be 1 (default) or -1; setting qfac to 1
2025-07-20 04:24:03,872 - nibabel.global - INFO - pixdim[0] (qfac) should be 1 (default) or -1; setting qfac to 1
pixdim[0] (qfac) should be 1 (default) or -1; setting qfac to 1
2025-07-20 04:24:04,067 - nibabel.global - INFO - pixdim[0] (qfac) should be 1 (default) or -1; setting qfac to 1
pixdim[0] (qfac) should be 1 (default) or -1; setting qfac to 1
2025-07-20 04:24:04,264 - nibabel.global - INFO - pixdim[0] (qfac) should be 1 (default) or -1; setting qfac to 1
pixdim[0] (qfac) should be 1 (default) or -1; setting qfac to 1
2025-07-20 04:24:04,461 - nibabel.global - INFO - pixdim[0] (qfac) should be 1 (default) or -1; setting qfac to 1
pixdim[0] (qfac) should be 1 (default) or -1; setting qfac to 1
2025-07-20 04:24:04,657 - nibabel.global - INFO - pixdim[0] (qfac) should be 1 (default) or -1; setting qfac to 1
pixdim[0] (qfac) should be 1 (default) or -1; setting qfac to 1
2025-07-20 04:24:04,853 - nibabel.global - INFO - pixdim[0] (qfac) should be 1 (default) or -1; setting qfac to 1
pixdim[0] (qfac) should be 1 (default) or -1; setting qfac to 1
2025-07-20 04:24:05,049 - nibabel.global - INFO - pixdim[0] (qfac) should be 1 (default) or -1; setting qfac to 1
pixdim[0] (qfac) should be 1 (default) or -1; setting qfac to 1
2025-07-20 04:24:05,245 - nibabel.global - INFO - pixdim[0] (qfac) should be 1 (default) or -1; setting qfac to 1
pixdim[0] (qfac) should be 1 (default) or -1; setting qfac to 1
2025-07-20 04:24:05,440 - nibabel.global - INFO - pixdim[0] (qfac) should be 1 (default) or -1; setting qfac to 1
pixdim[0] (qfac) should be 1 (default) or -1; setting qfac to 1
2025-07-20 04:24:05,656 - nibabel.global - INFO - pixdim[0] (qfac) should be 1 (default) or -1; setting qfac to 1
pixdim[0] (qfac) should be 1 (default) or -1; setting qfac to 1
2025-07-20 04:24:05,849 - nibabel.global - INFO - pixdim[0] (qfac) should be 1 (default) or -1; setting qfac to 1
pixdim[0] (qfac) should be 1 (default) or -1; setting qfac to 1
2025-07-20 04:24:06,041 - nibabel.global - INFO - pixdim[0] (qfac) should be 1 (default) or -1; setting qfac to 1
pixdim[0] (qfac) should be 1 (default) or -1; setting qfac to 1
2025-07-20 04:24:06,239 - nibabel.global - INFO - pixdim[0] (qfac) should be 1 (default) or -1; setting qfac to 1
pixdim[0] (qfac) should be 1 (default) or -1; setting qfac to 1
2025-07-20 04:24:06,432 - nibabel.global - INFO - pixdim[0] (qfac) should be 1 (default) or -1; setting qfac to 1
pixdim[0] (qfac) should be 1 (default) or -1; setting qfac to 1
2025-07-20 04:24:06,623 - nibabel.global - INFO - pixdim[0] (qfac) should be 1 (default) or -1; setting qfac to 1
pixdim[0] (qfac) should be 1 (default) or -1; setting qfac to 1
2025-07-20 04:24:06,820 - nibabel.global - INFO - pixdim[0] (qfac) should be 1 (default) or -1; setting qfac to 1
pixdim[0] (qfac) should be 1 (default) or -1; setting qfac to 1
2025-07-20 04:24:07,016 - nibabel.global - INFO - pixdim[0] (qfac) should be 1 (default) or -1; setting qfac to 1
pixdim[0] (qfac) should be 1 (default) or -1; setting qfac to 1
2025-07-20 04:24:07,213 - nibabel.global - INFO - pixdim[0] (qfac) should be 1 (default) or -1; setting qfac to 1
pixdim[0] (qfac) should be 1 (default) or -1; setting qfac to 1
2025-07-20 04:24:07,407 - nibabel.global - INFO - pixdim[0] (qfac) should be 1 (default) or -1; setting qfac to 1
pixdim[0] (qfac) should be 1 (default) or -1; setting qfac to 1
2025-07-20 04:24:07,602 - nibabel.global - INFO - pixdim[0] (qfac) should be 1 (default) or -1; setting qfac to 1
pixdim[0] (qfac) should be 1 (default) or -1; setting qfac to 1
2025-07-20 04:24:07,798 - nibabel.global - INFO - pixdim[0] (qfac) should be 1 (default) or -1; setting qfac to 1
pixdim[0] (qfac) should be 1 (default) or -1; setting qfac to 1
2025-07-20 04:24:07,995 - nibabel.global - INFO - pixdim[0] (qfac) should be 1 (default) or -1; setting qfac to 1
pixdim[0] (qfac) should be 1 (default) or -1; setting qfac to 1
2025-07-20 04:24:08,185 - nibabel.global - INFO - pixdim[0] (qfac) should be 1 (default) or -1; setting qfac to 1
pixdim[0] (qfac) should be 1 (default) or -1; setting qfac to 1
2025-07-20 04:24:08,380 - nibabel.global - INFO - pixdim[0] (qfac) should be 1 (default) or -1; setting qfac to 1
pixdim[0] (qfac) should be 1 (default) or -1; setting qfac to 1
2025-07-20 04:24:08,578 - nibabel.global - INFO - pixdim[0] (qfac) should be 1 (default) or -1; setting qfac to 1
pixdim[0] (qfac) should be 1 (default) or -1; setting qfac to 1
2025-07-20 04:24:08,773 - nibabel.global - INFO - pixdim[0] (qfac) should be 1 (default) or -1; setting qfac to 1
pixdim[0] (qfac) should be 1 (default) or -1; setting qfac to 1
2025-07-20 04:24:08,969 - nibabel.global - INFO - pixdim[0] (qfac) should be 1 (default) or -1; setting qfac to 1
pixdim[0] (qfac) should be 1 (default) or -1; setting qfac to 1
2025-07-20 04:24:09,166 - nibabel.global - INFO - pixdim[0] (qfac) should be 1 (default) or -1; setting qfac to 1
pixdim[0] (qfac) should be 1 (default) or -1; setting qfac to 1
2025-07-20 04:24:09,359 - nibabel.global - INFO - pixdim[0] (qfac) should be 1 (default) or -1; setting qfac to 1
pixdim[0] (qfac) should be 1 (default) or -1; setting qfac to 1
2025-07-20 04:24:09,555 - nibabel.global - INFO - pixdim[0] (qfac) should be 1 (default) or -1; setting qfac to 1
pixdim[0] (qfac) should be 1 (default) or -1; setting qfac to 1
2025-07-20 04:24:09,743 - nibabel.global - INFO - pixdim[0] (qfac) should be 1 (default) or -1; setting qfac to 1
pixdim[0] (qfac) should be 1 (default) or -1; setting qfac to 1
2025-07-20 04:24:09,939 - nibabel.global - INFO - pixdim[0] (qfac) should be 1 (default) or -1; setting qfac to 1
pixdim[0] (qfac) should be 1 (default) or -1; setting qfac to 1
2025-07-20 04:24:10,130 - nibabel.global - INFO - pixdim[0] (qfac) should be 1 (default) or -1; setting qfac to 1
pixdim[0] (qfac) should be 1 (default) or -1; setting qfac to 1
2025-07-20 04:24:10,328 - nibabel.global - INFO - pixdim[0] (qfac) should be 1 (default) or -1; setting qfac to 1
pixdim[0] (qfac) should be 1 (default) or -1; setting qfac to 1
2025-07-20 04:24:10,520 - nibabel.global - INFO - pixdim[0] (qfac) should be 1 (default) or -1; setting qfac to 1
pixdim[0] (qfac) should be 1 (default) or -1; setting qfac to 1
2025-07-20 04:24:10,714 - nibabel.global - INFO - pixdim[0] (qfac) should be 1 (default) or -1; setting qfac to 1
pixdim[0] (qfac) should be 1 (default) or -1; setting qfac to 1
2025-07-20 04:24:10,909 - nibabel.global - INFO - pixdim[0] (qfac) should be 1 (default) or -1; setting qfac to 1
pixdim[0] (qfac) should be 1 (default) or -1; setting qfac to 1
2025-07-20 04:24:11,100 - nibabel.global - INFO - pixdim[0] (qfac) should be 1 (default) or -1; setting qfac to 1
pixdim[0] (qfac) should be 1 (default) or -1; setting qfac to 1
2025-07-20 04:24:11,297 - nibabel.global - INFO - pixdim[0] (qfac) should be 1 (default) or -1; setting qfac to 1
pixdim[0] (qfac) should be 1 (default) or -1; setting qfac to 1
2025-07-20 04:24:11,492 - nibabel.global - INFO - pixdim[0] (qfac) should be 1 (default) or -1; setting qfac to 1
pixdim[0] (qfac) should be 1 (default) or -1; setting qfac to 1
2025-07-20 04:24:11,699 - nibabel.global - INFO - pixdim[0] (qfac) should be 1 (default) or -1; setting qfac to 1
pixdim[0] (qfac) should be 1 (default) or -1; setting qfac to 1
2025-07-20 04:24:11,895 - nibabel.global - INFO - pixdim[0] (qfac) should be 1 (default) or -1; setting qfac to 1
pixdim[0] (qfac) should be 1 (default) or -1; setting qfac to 1
2025-07-20 04:24:12,092 - nibabel.global - INFO - pixdim[0] (qfac) should be 1 (default) or -1; setting qfac to 1
pixdim[0] (qfac) should be 1 (default) or -1; setting qfac to 1
2025-07-20 04:24:12,288 - nibabel.global - INFO - pixdim[0] (qfac) should be 1 (default) or -1; setting qfac to 1
pixdim[0] (qfac) should be 1 (default) or -1; setting qfac to 1
2025-07-20 04:24:12,481 - nibabel.global - INFO - pixdim[0] (qfac) should be 1 (default) or -1; setting qfac to 1
pixdim[0] (qfac) should be 1 (default) or -1; setting qfac to 1
2025-07-20 04:24:12,671 - nibabel.global - INFO - pixdim[0] (qfac) should be 1 (default) or -1; setting qfac to 1
pixdim[0] (qfac) should be 1 (default) or -1; setting qfac to 1
2025-07-20 04:24:12,866 - nibabel.global - INFO - pixdim[0] (qfac) should be 1 (default) or -1; setting qfac to 1
pixdim[0] (qfac) should be 1 (default) or -1; setting qfac to 1
2025-07-20 04:24:13,062 - nibabel.global - INFO - pixdim[0] (qfac) should be 1 (default) or -1; setting qfac to 1
pixdim[0] (qfac) should be 1 (default) or -1; setting qfac to 1
2025-07-20 04:24:13,255 - nibabel.global - INFO - pixdim[0] (qfac) should be 1 (default) or -1; setting qfac to 1
pixdim[0] (qfac) should be 1 (default) or -1; setting qfac to 1
2025-07-20 04:24:13,451 - nibabel.global - INFO - pixdim[0] (qfac) should be 1 (default) or -1; setting qfac to 1
pixdim[0] (qfac) should be 1 (default) or -1; setting qfac to 1
2025-07-20 04:24:13,643 - nibabel.global - INFO - pixdim[0] (qfac) should be 1 (default) or -1; setting qfac to 1
pixdim[0] (qfac) should be 1 (default) or -1; setting qfac to 1
2025-07-20 04:24:13,841 - nibabel.global - INFO - pixdim[0] (qfac) should be 1 (default) or -1; setting qfac to 1
pixdim[0] (qfac) should be 1 (default) or -1; setting qfac to 1
2025-07-20 04:24:14,027 - nibabel.global - INFO - pixdim[0] (qfac) should be 1 (default) or -1; setting qfac to 1
pixdim[0] (qfac) should be 1 (default) or -1; setting qfac to 1
2025-07-20 04:24:14,221 - nibabel.global - INFO - pixdim[0] (qfac) should be 1 (default) or -1; setting qfac to 1
pixdim[0] (qfac) should be 1 (default) or -1; setting qfac to 1
2025-07-20 04:24:14,416 - nibabel.global - INFO - pixdim[0] (qfac) should be 1 (default) or -1; setting qfac to 1
pixdim[0] (qfac) should be 1 (default) or -1; setting qfac to 1
2025-07-20 04:24:14,613 - nibabel.global - INFO - pixdim[0] (qfac) should be 1 (default) or -1; setting qfac to 1
pixdim[0] (qfac) should be 1 (default) or -1; setting qfac to 1
2025-07-20 04:24:14,801 - nibabel.global - INFO - pixdim[0] (qfac) should be 1 (default) or -1; setting qfac to 1
pixdim[0] (qfac) should be 1 (default) or -1; setting qfac to 1
2025-07-20 04:24:14,995 - nibabel.global - INFO - pixdim[0] (qfac) should be 1 (default) or -1; setting qfac to 1
pixdim[0] (qfac) should be 1 (default) or -1; setting qfac to 1
2025-07-20 04:24:15,193 - nibabel.global - INFO - pixdim[0] (qfac) should be 1 (default) or -1; setting qfac to 1
pixdim[0] (qfac) should be 1 (default) or -1; setting qfac to 1
2025-07-20 04:24:15,396 - nibabel.global - INFO - pixdim[0] (qfac) should be 1 (default) or -1; setting qfac to 1
pixdim[0] (qfac) should be 1 (default) or -1; setting qfac to 1
2025-07-20 04:24:15,596 - nibabel.global - INFO - pixdim[0] (qfac) should be 1 (default) or -1; setting qfac to 1
pixdim[0] (qfac) should be 1 (default) or -1; setting qfac to 1
2025-07-20 04:24:15,791 - nibabel.global - INFO - pixdim[0] (qfac) should be 1 (default) or -1; setting qfac to 1
pixdim[0] (qfac) should be 1 (default) or -1; setting qfac to 1
2025-07-20 04:24:15,986 - nibabel.global - INFO - pixdim[0] (qfac) should be 1 (default) or -1; setting qfac to 1
pixdim[0] (qfac) should be 1 (default) or -1; setting qfac to 1
2025-07-20 04:24:16,183 - nibabel.global - INFO - pixdim[0] (qfac) should be 1 (default) or -1; setting qfac to 1
pixdim[0] (qfac) should be 1 (default) or -1; setting qfac to 1
2025-07-20 04:24:16,374 - nibabel.global - INFO - pixdim[0] (qfac) should be 1 (default) or -1; setting qfac to 1
pixdim[0] (qfac) should be 1 (default) or -1; setting qfac to 1
2025-07-20 04:24:16,562 - nibabel.global - INFO - pixdim[0] (qfac) should be 1 (default) or -1; setting qfac to 1
pixdim[0] (qfac) should be 1 (default) or -1; setting qfac to 1
2025-07-20 04:24:16,755 - nibabel.global - INFO - pixdim[0] (qfac) should be 1 (default) or -1; setting qfac to 1
pixdim[0] (qfac) should be 1 (default) or -1; setting qfac to 1
2025-07-20 04:24:16,950 - nibabel.global - INFO - pixdim[0] (qfac) should be 1 (default) or -1; setting qfac to 1
pixdim[0] (qfac) should be 1 (default) or -1; setting qfac to 1
2025-07-20 04:24:17,135 - nibabel.global - INFO - pixdim[0] (qfac) should be 1 (default) or -1; setting qfac to 1
pixdim[0] (qfac) should be 1 (default) or -1; setting qfac to 1
2025-07-20 04:24:17,327 - nibabel.global - INFO - pixdim[0] (qfac) should be 1 (default) or -1; setting qfac to 1
pixdim[0] (qfac) should be 1 (default) or -1; setting qfac to 1
2025-07-20 04:24:17,521 - nibabel.global - INFO - pixdim[0] (qfac) should be 1 (default) or -1; setting qfac to 1
pixdim[0] (qfac) should be 1 (default) or -1; setting qfac to 1
2025-07-20 04:24:17,739 - nibabel.global - INFO - pixdim[0] (qfac) should be 1 (default) or -1; setting qfac to 1
pixdim[0] (qfac) should be 1 (default) or -1; setting qfac to 1
2025-07-20 04:24:17,932 - nibabel.global - INFO - pixdim[0] (qfac) should be 1 (default) or -1; setting qfac to 1
pixdim[0] (qfac) should be 1 (default) or -1; setting qfac to 1
2025-07-20 04:24:18,126 - nibabel.global - INFO - pixdim[0] (qfac) should be 1 (default) or -1; setting qfac to 1
pixdim[0] (qfac) should be 1 (default) or -1; setting qfac to 1
2025-07-20 04:24:18,325 - nibabel.global - INFO - pixdim[0] (qfac) should be 1 (default) or -1; setting qfac to 1
pixdim[0] (qfac) should be 1 (default) or -1; setting qfac to 1
2025-07-20 04:24:18,520 - nibabel.global - INFO - pixdim[0] (qfac) should be 1 (default) or -1; setting qfac to 1
pixdim[0] (qfac) should be 1 (default) or -1; setting qfac to 1
2025-07-20 04:24:18,716 - nibabel.global - INFO - pixdim[0] (qfac) should be 1 (default) or -1; setting qfac to 1
pixdim[0] (qfac) should be 1 (default) or -1; setting qfac to 1
2025-07-20 04:24:18,906 - nibabel.global - INFO - pixdim[0] (qfac) should be 1 (default) or -1; setting qfac to 1
pixdim[0] (qfac) should be 1 (default) or -1; setting qfac to 1
2025-07-20 04:24:19,097 - nibabel.global - INFO - pixdim[0] (qfac) should be 1 (default) or -1; setting qfac to 1
pixdim[0] (qfac) should be 1 (default) or -1; setting qfac to 1
2025-07-20 04:24:19,291 - nibabel.global - INFO - pixdim[0] (qfac) should be 1 (default) or -1; setting qfac to 1
pixdim[0] (qfac) should be 1 (default) or -1; setting qfac to 1
2025-07-20 04:24:19,487 - nibabel.global - INFO - pixdim[0] (qfac) should be 1 (default) or -1; setting qfac to 1
pixdim[0] (qfac) should be 1 (default) or -1; setting qfac to 1
2025-07-20 04:24:19,681 - nibabel.global - INFO - pixdim[0] (qfac) should be 1 (default) or -1; setting qfac to 1
pixdim[0] (qfac) should be 1 (default) or -1; setting qfac to 1
2025-07-20 04:24:19,872 - nibabel.global - INFO - pixdim[0] (qfac) should be 1 (default) or -1; setting qfac to 1
pixdim[0] (qfac) should be 1 (default) or -1; setting qfac to 1
2025-07-20 04:24:20,067 - nibabel.global - INFO - pixdim[0] (qfac) should be 1 (default) or -1; setting qfac to 1
pixdim[0] (qfac) should be 1 (default) or -1; setting qfac to 1
2025-07-20 04:24:20,261 - nibabel.global - INFO - pixdim[0] (qfac) should be 1 (default) or -1; setting qfac to 1
pixdim[0] (qfac) should be 1 (default) or -1; setting qfac to 1
2025-07-20 04:24:20,457 - nibabel.global - INFO - pixdim[0] (qfac) should be 1 (default) or -1; setting qfac to 1
pixdim[0] (qfac) should be 1 (default) or -1; setting qfac to 1
2025-07-20 04:24:20,653 - nibabel.global - INFO - pixdim[0] (qfac) should be 1 (default) or -1; setting qfac to 1
pixdim[0] (qfac) should be 1 (default) or -1; setting qfac to 1
2025-07-20 04:24:20,849 - nibabel.global - INFO - pixdim[0] (qfac) should be 1 (default) or -1; setting qfac to 1
pixdim[0] (qfac) should be 1 (default) or -1; setting qfac to 1
2025-07-20 04:24:21,034 - nibabel.global - INFO - pixdim[0] (qfac) should be 1 (default) or -1; setting qfac to 1
pixdim[0] (qfac) should be 1 (default) or -1; setting qfac to 1
2025-07-20 04:24:21,228 - nibabel.global - INFO - pixdim[0] (qfac) should be 1 (default) or -1; setting qfac to 1
pixdim[0] (qfac) should be 1 (default) or -1; setting qfac to 1
2025-07-20 04:24:21,419 - nibabel.global - INFO - pixdim[0] (qfac) should be 1 (default) or -1; setting qfac to 1
pixdim[0] (qfac) should be 1 (default) or -1; setting qfac to 1
2025-07-20 04:24:21,612 - nibabel.global - INFO - pixdim[0] (qfac) should be 1 (default) or -1; setting qfac to 1
pixdim[0] (qfac) should be 1 (default) or -1; setting qfac to 1
2025-07-20 04:24:21,806 - nibabel.global - INFO - pixdim[0] (qfac) should be 1 (default) or -1; setting qfac to 1
pixdim[0] (qfac) should be 1 (default) or -1; setting qfac to 1
2025-07-20 04:24:22,001 - nibabel.global - INFO - pixdim[0] (qfac) should be 1 (default) or -1; setting qfac to 1
pixdim[0] (qfac) should be 1 (default) or -1; setting qfac to 1
2025-07-20 04:24:22,197 - nibabel.global - INFO - pixdim[0] (qfac) should be 1 (default) or -1; setting qfac to 1
pixdim[0] (qfac) should be 1 (default) or -1; setting qfac to 1
2025-07-20 04:24:22,392 - nibabel.global - INFO - pixdim[0] (qfac) should be 1 (default) or -1; setting qfac to 1
pixdim[0] (qfac) should be 1 (default) or -1; setting qfac to 1
2025-07-20 04:24:22,588 - nibabel.global - INFO - pixdim[0] (qfac) should be 1 (default) or -1; setting qfac to 1
pixdim[0] (qfac) should be 1 (default) or -1; setting qfac to 1
2025-07-20 04:24:22,779 - nibabel.global - INFO - pixdim[0] (qfac) should be 1 (default) or -1; setting qfac to 1
pixdim[0] (qfac) should be 1 (default) or -1; setting qfac to 1
2025-07-20 04:24:22,970 - nibabel.global - INFO - pixdim[0] (qfac) should be 1 (default) or -1; setting qfac to 1
pixdim[0] (qfac) should be 1 (default) or -1; setting qfac to 1
2025-07-20 04:24:23,163 - nibabel.global - INFO - pixdim[0] (qfac) should be 1 (default) or -1; setting qfac to 1
pixdim[0] (qfac) should be 1 (default) or -1; setting qfac to 1
2025-07-20 04:24:23,354 - nibabel.global - INFO - pixdim[0] (qfac) should be 1 (default) or -1; setting qfac to 1
pixdim[0] (qfac) should be 1 (default) or -1; setting qfac to 1
2025-07-20 04:24:23,549 - nibabel.global - INFO - pixdim[0] (qfac) should be 1 (default) or -1; setting qfac to 1
pixdim[0] (qfac) should be 1 (default) or -1; setting qfac to 1
2025-07-20 04:24:23,744 - nibabel.global - INFO - pixdim[0] (qfac) should be 1 (default) or -1; setting qfac to 1
pixdim[0] (qfac) should be 1 (default) or -1; setting qfac to 1
2025-07-20 04:24:23,941 - nibabel.global - INFO - pixdim[0] (qfac) should be 1 (default) or -1; setting qfac to 1
pixdim[0] (qfac) should be 1 (default) or -1; setting qfac to 1
2025-07-20 04:24:24,137 - nibabel.global - INFO - pixdim[0] (qfac) should be 1 (default) or -1; setting qfac to 1
pixdim[0] (qfac) should be 1 (default) or -1; setting qfac to 1
2025-07-20 04:24:24,331 - nibabel.global - INFO - pixdim[0] (qfac) should be 1 (default) or -1; setting qfac to 1
pixdim[0] (qfac) should be 1 (default) or -1; setting qfac to 1
2025-07-20 04:24:24,526 - nibabel.global - INFO - pixdim[0] (qfac) should be 1 (default) or -1; setting qfac to 1
pixdim[0] (qfac) should be 1 (default) or -1; setting qfac to 1
2025-07-20 04:24:24,721 - nibabel.global - INFO - pixdim[0] (qfac) should be 1 (default) or -1; setting qfac to 1
pixdim[0] (qfac) should be 1 (default) or -1; setting qfac to 1
2025-07-20 04:24:24,910 - nibabel.global - INFO - pixdim[0] (qfac) should be 1 (default) or -1; setting qfac to 1
pixdim[0] (qfac) should be 1 (default) or -1; setting qfac to 1
2025-07-20 04:24:25,104 - nibabel.global - INFO - pixdim[0] (qfac) should be 1 (default) or -1; setting qfac to 1
pixdim[0] (qfac) should be 1 (default) or -1; setting qfac to 1
2025-07-20 04:24:25,301 - nibabel.global - INFO - pixdim[0] (qfac) should be 1 (default) or -1; setting qfac to 1
pixdim[0] (qfac) should be 1 (default) or -1; setting qfac to 1
2025-07-20 04:24:25,503 - nibabel.global - INFO - pixdim[0] (qfac) should be 1 (default) or -1; setting qfac to 1
pixdim[0] (qfac) should be 1 (default) or -1; setting qfac to 1
2025-07-20 04:24:25,698 - nibabel.global - INFO - pixdim[0] (qfac) should be 1 (default) or -1; setting qfac to 1
pixdim[0] (qfac) should be 1 (default) or -1; setting qfac to 1
2025-07-20 04:24:25,893 - nibabel.global - INFO - pixdim[0] (qfac) should be 1 (default) or -1; setting qfac to 1
pixdim[0] (qfac) should be 1 (default) or -1; setting qfac to 1
2025-07-20 04:24:26,087 - nibabel.global - INFO - pixdim[0] (qfac) should be 1 (default) or -1; setting qfac to 1
pixdim[0] (qfac) should be 1 (default) or -1; setting qfac to 1
2025-07-20 04:24:26,283 - nibabel.global - INFO - pixdim[0] (qfac) should be 1 (default) or -1; setting qfac to 1
pixdim[0] (qfac) should be 1 (default) or -1; setting qfac to 1
2025-07-20 04:24:26,476 - nibabel.global - INFO - pixdim[0] (qfac) should be 1 (default) or -1; setting qfac to 1
pixdim[0] (qfac) should be 1 (default) or -1; setting qfac to 1
2025-07-20 04:24:26,663 - nibabel.global - INFO - pixdim[0] (qfac) should be 1 (default) or -1; setting qfac to 1
pixdim[0] (qfac) should be 1 (default) or -1; setting qfac to 1
2025-07-20 04:24:26,859 - nibabel.global - INFO - pixdim[0] (qfac) should be 1 (default) or -1; setting qfac to 1
pixdim[0] (qfac) should be 1 (default) or -1; setting qfac to 1
2025-07-20 04:24:27,053 - nibabel.global - INFO - pixdim[0] (qfac) should be 1 (default) or -1; setting qfac to 1
pixdim[0] (qfac) should be 1 (default) or -1; setting qfac to 1
2025-07-20 04:24:27,247 - nibabel.global - INFO - pixdim[0] (qfac) should be 1 (default) or -1; setting qfac to 1
pixdim[0] (qfac) should be 1 (default) or -1; setting qfac to 1
2025-07-20 04:24:27,437 - nibabel.global - INFO - pixdim[0] (qfac) should be 1 (default) or -1; setting qfac to 1
pixdim[0] (qfac) should be 1 (default) or -1; setting qfac to 1
2025-07-20 04:24:27,622 - nibabel.global - INFO - pixdim[0] (qfac) should be 1 (default) or -1; setting qfac to 1
pixdim[0] (qfac) should be 1 (default) or -1; setting qfac to 1
2025-07-20 04:24:27,818 - nibabel.global - INFO - pixdim[0] (qfac) should be 1 (default) or -1; setting qfac to 1
pixdim[0] (qfac) should be 1 (default) or -1; setting qfac to 1
2025-07-20 04:24:28,010 - nibabel.global - INFO - pixdim[0] (qfac) should be 1 (default) or -1; setting qfac to 1
pixdim[0] (qfac) should be 1 (default) or -1; setting qfac to 1
2025-07-20 04:24:28,209 - nibabel.global - INFO - pixdim[0] (qfac) should be 1 (default) or -1; setting qfac to 1
pixdim[0] (qfac) should be 1 (default) or -1; setting qfac to 1
2025-07-20 04:24:28,404 - nibabel.global - INFO - pixdim[0] (qfac) should be 1 (default) or -1; setting qfac to 1
pixdim[0] (qfac) should be 1 (default) or -1; setting qfac to 1
2025-07-20 04:24:28,595 - nibabel.global - INFO - pixdim[0] (qfac) should be 1 (default) or -1; setting qfac to 1
pixdim[0] (qfac) should be 1 (default) or -1; setting qfac to 1
2025-07-20 04:24:28,792 - nibabel.global - INFO - pixdim[0] (qfac) should be 1 (default) or -1; setting qfac to 1
pixdim[0] (qfac) should be 1 (default) or -1; setting qfac to 1
2025-07-20 04:24:28,985 - nibabel.global - INFO - pixdim[0] (qfac) should be 1 (default) or -1; setting qfac to 1
pixdim[0] (qfac) should be 1 (default) or -1; setting qfac to 1
2025-07-20 04:24:29,179 - nibabel.global - INFO - pixdim[0] (qfac) should be 1 (default) or -1; setting qfac to 1
pixdim[0] (qfac) should be 1 (default) or -1; setting qfac to 1
2025-07-20 04:24:29,372 - nibabel.global - INFO - pixdim[0] (qfac) should be 1 (default) or -1; setting qfac to 1
pixdim[0] (qfac) should be 1 (default) or -1; setting qfac to 1
2025-07-20 04:24:29,568 - nibabel.global - INFO - pixdim[0] (qfac) should be 1 (default) or -1; setting qfac to 1
pixdim[0] (qfac) should be 1 (default) or -1; setting qfac to 1
2025-07-20 04:24:29,765 - nibabel.global - INFO - pixdim[0] (qfac) should be 1 (default) or -1; setting qfac to 1
pixdim[0] (qfac) should be 1 (default) or -1; setting qfac to 1
2025-07-20 04:24:29,961 - nibabel.global - INFO - pixdim[0] (qfac) should be 1 (default) or -1; setting qfac to 1
pixdim[0] (qfac) should be 1 (default) or -1; setting qfac to 1
2025-07-20 04:24:30,156 - nibabel.global - INFO - pixdim[0] (qfac) should be 1 (default) or -1; setting qfac to 1
pixdim[0] (qfac) should be 1 (default) or -1; setting qfac to 1
2025-07-20 04:24:30,350 - nibabel.global - INFO - pixdim[0] (qfac) should be 1 (default) or -1; setting qfac to 1
pixdim[0] (qfac) should be 1 (default) or -1; setting qfac to 1
2025-07-20 04:24:30,540 - nibabel.global - INFO - pixdim[0] (qfac) should be 1 (default) or -1; setting qfac to 1
pixdim[0] (qfac) should be 1 (default) or -1; setting qfac to 1
2025-07-20 04:24:30,730 - nibabel.global - INFO - pixdim[0] (qfac) should be 1 (default) or -1; setting qfac to 1
pixdim[0] (qfac) should be 1 (default) or -1; setting qfac to 1
2025-07-20 04:24:30,926 - nibabel.global - INFO - pixdim[0] (qfac) should be 1 (default) or -1; setting qfac to 1
pixdim[0] (qfac) should be 1 (default) or -1; setting qfac to 1
2025-07-20 04:24:31,122 - nibabel.global - INFO - pixdim[0] (qfac) should be 1 (default) or -1; setting qfac to 1
pixdim[0] (qfac) should be 1 (default) or -1; setting qfac to 1
2025-07-20 04:24:31,317 - nibabel.global - INFO - pixdim[0] (qfac) should be 1 (default) or -1; setting qfac to 1
pixdim[0] (qfac) should be 1 (default) or -1; setting qfac to 1
2025-07-20 04:24:31,514 - nibabel.global - INFO - pixdim[0] (qfac) should be 1 (default) or -1; setting qfac to 1
pixdim[0] (qfac) should be 1 (default) or -1; setting qfac to 1
2025-07-20 04:24:31,707 - nibabel.global - INFO - pixdim[0] (qfac) should be 1 (default) or -1; setting qfac to 1
pixdim[0] (qfac) should be 1 (default) or -1; setting qfac to 1
2025-07-20 04:24:31,899 - nibabel.global - INFO - pixdim[0] (qfac) should be 1 (default) or -1; setting qfac to 1
pixdim[0] (qfac) should be 1 (default) or -1; setting qfac to 1
2025-07-20 04:24:32,095 - nibabel.global - INFO - pixdim[0] (qfac) should be 1 (default) or -1; setting qfac to 1
pixdim[0] (qfac) should be 1 (default) or -1; setting qfac to 1
2025-07-20 04:24:32,288 - nibabel.global - INFO - pixdim[0] (qfac) should be 1 (default) or -1; setting qfac to 1
pixdim[0] (qfac) should be 1 (default) or -1; setting qfac to 1
2025-07-20 04:24:32,481 - nibabel.global - INFO - pixdim[0] (qfac) should be 1 (default) or -1; setting qfac to 1
pixdim[0] (qfac) should be 1 (default) or -1; setting qfac to 1
2025-07-20 04:24:32,678 - nibabel.global - INFO - pixdim[0] (qfac) should be 1 (default) or -1; setting qfac to 1
pixdim[0] (qfac) should be 1 (default) or -1; setting qfac to 1
2025-07-20 04:24:32,873 - nibabel.global - INFO - pixdim[0] (qfac) should be 1 (default) or -1; setting qfac to 1
pixdim[0] (qfac) should be 1 (default) or -1; setting qfac to 1
2025-07-20 04:24:33,069 - nibabel.global - INFO - pixdim[0] (qfac) should be 1 (default) or -1; setting qfac to 1
pixdim[0] (qfac) should be 1 (default) or -1; setting qfac to 1
2025-07-20 04:24:33,286 - nibabel.global - INFO - pixdim[0] (qfac) should be 1 (default) or -1; setting qfac to 1
pixdim[0] (qfac) should be 1 (default) or -1; setting qfac to 1
2025-07-20 04:24:33,481 - nibabel.global - INFO - pixdim[0] (qfac) should be 1 (default) or -1; setting qfac to 1
pixdim[0] (qfac) should be 1 (default) or -1; setting qfac to 1
2025-07-20 04:24:33,675 - nibabel.global - INFO - pixdim[0] (qfac) should be 1 (default) or -1; setting qfac to 1
pixdim[0] (qfac) should be 1 (default) or -1; setting qfac to 1
2025-07-20 04:24:33,869 - nibabel.global - INFO - pixdim[0] (qfac) should be 1 (default) or -1; setting qfac to 1
pixdim[0] (qfac) should be 1 (default) or -1; setting qfac to 1
2025-07-20 04:24:34,066 - nibabel.global - INFO - pixdim[0] (qfac) should be 1 (default) or -1; setting qfac to 1
pixdim[0] (qfac) should be 1 (default) or -1; setting qfac to 1
2025-07-20 04:24:34,259 - nibabel.global - INFO - pixdim[0] (qfac) should be 1 (default) or -1; setting qfac to 1
pixdim[0] (qfac) should be 1 (default) or -1; setting qfac to 1
2025-07-20 04:24:34,456 - nibabel.global - INFO - pixdim[0] (qfac) should be 1 (default) or -1; setting qfac to 1
pixdim[0] (qfac) should be 1 (default) or -1; setting qfac to 1
2025-07-20 04:24:34,645 - nibabel.global - INFO - pixdim[0] (qfac) should be 1 (default) or -1; setting qfac to 1
pixdim[0] (qfac) should be 1 (default) or -1; setting qfac to 1
2025-07-20 04:24:34,839 - nibabel.global - INFO - pixdim[0] (qfac) should be 1 (default) or -1; setting qfac to 1
pixdim[0] (qfac) should be 1 (default) or -1; setting qfac to 1
2025-07-20 04:24:35,035 - nibabel.global - INFO - pixdim[0] (qfac) should be 1 (default) or -1; setting qfac to 1
pixdim[0] (qfac) should be 1 (default) or -1; setting qfac to 1
2025-07-20 04:24:35,231 - nibabel.global - INFO - pixdim[0] (qfac) should be 1 (default) or -1; setting qfac to 1
pixdim[0] (qfac) should be 1 (default) or -1; setting qfac to 1
2025-07-20 04:24:35,426 - nibabel.global - INFO - pixdim[0] (qfac) should be 1 (default) or -1; setting qfac to 1
pixdim[0] (qfac) should be 1 (default) or -1; setting qfac to 1
2025-07-20 04:24:35,621 - nibabel.global - INFO - pixdim[0] (qfac) should be 1 (default) or -1; setting qfac to 1
pixdim[0] (qfac) should be 1 (default) or -1; setting qfac to 1
2025-07-20 04:24:35,815 - nibabel.global - INFO - pixdim[0] (qfac) should be 1 (default) or -1; setting qfac to 1
pixdim[0] (qfac) should be 1 (default) or -1; setting qfac to 1
2025-07-20 04:24:36,008 - nibabel.global - INFO - pixdim[0] (qfac) should be 1 (default) or -1; setting qfac to 1
pixdim[0] (qfac) should be 1 (default) or -1; setting qfac to 1
2025-07-20 04:24:36,203 - nibabel.global - INFO - pixdim[0] (qfac) should be 1 (default) or -1; setting qfac to 1
pixdim[0] (qfac) should be 1 (default) or -1; setting qfac to 1
2025-07-20 04:24:36,396 - nibabel.global - INFO - pixdim[0] (qfac) should be 1 (default) or -1; setting qfac to 1
pixdim[0] (qfac) should be 1 (default) or -1; setting qfac to 1
2025-07-20 04:24:36,592 - nibabel.global - INFO - pixdim[0] (qfac) should be 1 (default) or -1; setting qfac to 1
pixdim[0] (qfac) should be 1 (default) or -1; setting qfac to 1
2025-07-20 04:24:36,789 - nibabel.global - INFO - pixdim[0] (qfac) should be 1 (default) or -1; setting qfac to 1
pixdim[0] (qfac) should be 1 (default) or -1; setting qfac to 1
2025-07-20 04:24:36,984 - nibabel.global - INFO - pixdim[0] (qfac) should be 1 (default) or -1; setting qfac to 1
pixdim[0] (qfac) should be 1 (default) or -1; setting qfac to 1
2025-07-20 04:24:37,177 - nibabel.global - INFO - pixdim[0] (qfac) should be 1 (default) or -1; setting qfac to 1
pixdim[0] (qfac) should be 1 (default) or -1; setting qfac to 1
2025-07-20 04:24:37,372 - nibabel.global - INFO - pixdim[0] (qfac) should be 1 (default) or -1; setting qfac to 1
pixdim[0] (qfac) should be 1 (default) or -1; setting qfac to 1
2025-07-20 04:24:37,567 - nibabel.global - INFO - pixdim[0] (qfac) should be 1 (default) or -1; setting qfac to 1
pixdim[0] (qfac) should be 1 (default) or -1; setting qfac to 1
2025-07-20 04:24:37,764 - nibabel.global - INFO - pixdim[0] (qfac) should be 1 (default) or -1; setting qfac to 1
pixdim[0] (qfac) should be 1 (default) or -1; setting qfac to 1
2025-07-20 04:24:37,961 - nibabel.global - INFO - pixdim[0] (qfac) should be 1 (default) or -1; setting qfac to 1
pixdim[0] (qfac) should be 1 (default) or -1; setting qfac to 1
2025-07-20 04:24:38,157 - nibabel.global - INFO - pixdim[0] (qfac) should be 1 (default) or -1; setting qfac to 1
pixdim[0] (qfac) should be 1 (default) or -1; setting qfac to 1
2025-07-20 04:24:38,353 - nibabel.global - INFO - pixdim[0] (qfac) should be 1 (default) or -1; setting qfac to 1
pixdim[0] (qfac) should be 1 (default) or -1; setting qfac to 1
2025-07-20 04:24:38,548 - nibabel.global - INFO - pixdim[0] (qfac) should be 1 (default) or -1; setting qfac to 1
pixdim[0] (qfac) should be 1 (default) or -1; setting qfac to 1
2025-07-20 04:24:38,743 - nibabel.global - INFO - pixdim[0] (qfac) should be 1 (default) or -1; setting qfac to 1
pixdim[0] (qfac) should be 1 (default) or -1; setting qfac to 1
2025-07-20 04:24:38,933 - nibabel.global - INFO - pixdim[0] (qfac) should be 1 (default) or -1; setting qfac to 1
pixdim[0] (qfac) should be 1 (default) or -1; setting qfac to 1
2025-07-20 04:24:39,128 - nibabel.global - INFO - pixdim[0] (qfac) should be 1 (default) or -1; setting qfac to 1
pixdim[0] (qfac) should be 1 (default) or -1; setting qfac to 1
2025-07-20 04:24:39,323 - nibabel.global - INFO - pixdim[0] (qfac) should be 1 (default) or -1; setting qfac to 1
pixdim[0] (qfac) should be 1 (default) or -1; setting qfac to 1
2025-07-20 04:24:39,519 - nibabel.global - INFO - pixdim[0] (qfac) should be 1 (default) or -1; setting qfac to 1
pixdim[0] (qfac) should be 1 (default) or -1; setting qfac to 1
2025-07-20 04:24:39,708 - nibabel.global - INFO - pixdim[0] (qfac) should be 1 (default) or -1; setting qfac to 1
pixdim[0] (qfac) should be 1 (default) or -1; setting qfac to 1
2025-07-20 04:24:39,903 - nibabel.global - INFO - pixdim[0] (qfac) should be 1 (default) or -1; setting qfac to 1
pixdim[0] (qfac) should be 1 (default) or -1; setting qfac to 1
2025-07-20 04:24:40,098 - nibabel.global - INFO - pixdim[0] (qfac) should be 1 (default) or -1; setting qfac to 1
pixdim[0] (qfac) should be 1 (default) or -1; setting qfac to 1
2025-07-20 04:24:40,295 - nibabel.global - INFO - pixdim[0] (qfac) should be 1 (default) or -1; setting qfac to 1
pixdim[0] (qfac) should be 1 (default) or -1; setting qfac to 1
2025-07-20 04:24:40,491 - nibabel.global - INFO - pixdim[0] (qfac) should be 1 (default) or -1; setting qfac to 1
pixdim[0] (qfac) should be 1 (default) or -1; setting qfac to 1
2025-07-20 04:24:40,685 - nibabel.global - INFO - pixdim[0] (qfac) should be 1 (default) or -1; setting qfac to 1
pixdim[0] (qfac) should be 1 (default) or -1; setting qfac to 1
2025-07-20 04:24:40,879 - nibabel.global - INFO - pixdim[0] (qfac) should be 1 (default) or -1; setting qfac to 1
pixdim[0] (qfac) should be 1 (default) or -1; setting qfac to 1
2025-07-20 04:24:41,075 - nibabel.global - INFO - pixdim[0] (qfac) should be 1 (default) or -1; setting qfac to 1
pixdim[0] (qfac) should be 1 (default) or -1; setting qfac to 1
2025-07-20 04:24:41,270 - nibabel.global - INFO - pixdim[0] (qfac) should be 1 (default) or -1; setting qfac to 1
pixdim[0] (qfac) should be 1 (default) or -1; setting qfac to 1
2025-07-20 04:24:41,467 - nibabel.global - INFO - pixdim[0] (qfac) should be 1 (default) or -1; setting qfac to 1
pixdim[0] (qfac) should be 1 (default) or -1; setting qfac to 1
2025-07-20 04:24:41,663 - nibabel.global - INFO - pixdim[0] (qfac) should be 1 (default) or -1; setting qfac to 1
pixdim[0] (qfac) should be 1 (default) or -1; setting qfac to 1
2025-07-20 04:24:41,852 - nibabel.global - INFO - pixdim[0] (qfac) should be 1 (default) or -1; setting qfac to 1
pixdim[0] (qfac) should be 1 (default) or -1; setting qfac to 1
2025-07-20 04:24:42,048 - nibabel.global - INFO - pixdim[0] (qfac) should be 1 (default) or -1; setting qfac to 1
pixdim[0] (qfac) should be 1 (default) or -1; setting qfac to 1
2025-07-20 04:24:42,244 - nibabel.global - INFO - pixdim[0] (qfac) should be 1 (default) or -1; setting qfac to 1
pixdim[0] (qfac) should be 1 (default) or -1; setting qfac to 1
2025-07-20 04:24:42,439 - nibabel.global - INFO - pixdim[0] (qfac) should be 1 (default) or -1; setting qfac to 1
pixdim[0] (qfac) should be 1 (default) or -1; setting qfac to 1
2025-07-20 04:24:42,636 - nibabel.global - INFO - pixdim[0] (qfac) should be 1 (default) or -1; setting qfac to 1
pixdim[0] (qfac) should be 1 (default) or -1; setting qfac to 1
2025-07-20 04:24:42,832 - nibabel.global - INFO - pixdim[0] (qfac) should be 1 (default) or -1; setting qfac to 1
pixdim[0] (qfac) should be 1 (default) or -1; setting qfac to 1
2025-07-20 04:24:43,026 - nibabel.global - INFO - pixdim[0] (qfac) should be 1 (default) or -1; setting qfac to 1
pixdim[0] (qfac) should be 1 (default) or -1; setting qfac to 1
2025-07-20 04:24:43,219 - nibabel.global - INFO - pixdim[0] (qfac) should be 1 (default) or -1; setting qfac to 1
pixdim[0] (qfac) should be 1 (default) or -1; setting qfac to 1
2025-07-20 04:24:43,421 - nibabel.global - INFO - pixdim[0] (qfac) should be 1 (default) or -1; setting qfac to 1
pixdim[0] (qfac) should be 1 (default) or -1; setting qfac to 1
2025-07-20 04:24:43,609 - nibabel.global - INFO - pixdim[0] (qfac) should be 1 (default) or -1; setting qfac to 1
pixdim[0] (qfac) should be 1 (default) or -1; setting qfac to 1
2025-07-20 04:24:43,801 - nibabel.global - INFO - pixdim[0] (qfac) should be 1 (default) or -1; setting qfac to 1
pixdim[0] (qfac) should be 1 (default) or -1; setting qfac to 1
2025-07-20 04:24:43,988 - nibabel.global - INFO - pixdim[0] (qfac) should be 1 (default) or -1; setting qfac to 1
pixdim[0] (qfac) should be 1 (default) or -1; setting qfac to 1
2025-07-20 04:24:44,179 - nibabel.global - INFO - pixdim[0] (qfac) should be 1 (default) or -1; setting qfac to 1
pixdim[0] (qfac) should be 1 (default) or -1; setting qfac to 1
2025-07-20 04:24:44,373 - nibabel.global - INFO - pixdim[0] (qfac) should be 1 (default) or -1; setting qfac to 1
pixdim[0] (qfac) should be 1 (default) or -1; setting qfac to 1
2025-07-20 04:24:44,566 - nibabel.global - INFO - pixdim[0] (qfac) should be 1 (default) or -1; setting qfac to 1
pixdim[0] (qfac) should be 1 (default) or -1; setting qfac to 1
2025-07-20 04:24:44,759 - nibabel.global - INFO - pixdim[0] (qfac) should be 1 (default) or -1; setting qfac to 1
pixdim[0] (qfac) should be 1 (default) or -1; setting qfac to 1
2025-07-20 04:24:44,955 - nibabel.global - INFO - pixdim[0] (qfac) should be 1 (default) or -1; setting qfac to 1
pixdim[0] (qfac) should be 1 (default) or -1; setting qfac to 1
2025-07-20 04:24:45,149 - nibabel.global - INFO - pixdim[0] (qfac) should be 1 (default) or -1; setting qfac to 1
pixdim[0] (qfac) should be 1 (default) or -1; setting qfac to 1
2025-07-20 04:24:45,337 - nibabel.global - INFO - pixdim[0] (qfac) should be 1 (default) or -1; setting qfac to 1
pixdim[0] (qfac) should be 1 (default) or -1; setting qfac to 1
2025-07-20 04:24:45,527 - nibabel.global - INFO - pixdim[0] (qfac) should be 1 (default) or -1; setting qfac to 1
pixdim[0] (qfac) should be 1 (default) or -1; setting qfac to 1
2025-07-20 04:24:45,719 - nibabel.global - INFO - pixdim[0] (qfac) should be 1 (default) or -1; setting qfac to 1
pixdim[0] (qfac) should be 1 (default) or -1; setting qfac to 1
2025-07-20 04:24:45,920 - nibabel.global - INFO - pixdim[0] (qfac) should be 1 (default) or -1; setting qfac to 1
pixdim[0] (qfac) should be 1 (default) or -1; setting qfac to 1
2025-07-20 04:24:46,122 - nibabel.global - INFO - pixdim[0] (qfac) should be 1 (default) or -1; setting qfac to 1
pixdim[0] (qfac) should be 1 (default) or -1; setting qfac to 1
2025-07-20 04:24:46,320 - nibabel.global - INFO - pixdim[0] (qfac) should be 1 (default) or -1; setting qfac to 1
pixdim[0] (qfac) should be 1 (default) or -1; setting qfac to 1
2025-07-20 04:24:46,509 - nibabel.global - INFO - pixdim[0] (qfac) should be 1 (default) or -1; setting qfac to 1
pixdim[0] (qfac) should be 1 (default) or -1; setting qfac to 1
2025-07-20 04:24:46,702 - nibabel.global - INFO - pixdim[0] (qfac) should be 1 (default) or -1; setting qfac to 1
pixdim[0] (qfac) should be 1 (default) or -1; setting qfac to 1
2025-07-20 04:24:46,895 - nibabel.global - INFO - pixdim[0] (qfac) should be 1 (default) or -1; setting qfac to 1
pixdim[0] (qfac) should be 1 (default) or -1; setting qfac to 1
2025-07-20 04:24:47,088 - nibabel.global - INFO - pixdim[0] (qfac) should be 1 (default) or -1; setting qfac to 1
pixdim[0] (qfac) should be 1 (default) or -1; setting qfac to 1
2025-07-20 04:24:47,274 - nibabel.global - INFO - pixdim[0] (qfac) should be 1 (default) or -1; setting qfac to 1
pixdim[0] (qfac) should be 1 (default) or -1; setting qfac to 1
2025-07-20 04:24:47,469 - nibabel.global - INFO - pixdim[0] (qfac) should be 1 (default) or -1; setting qfac to 1
pixdim[0] (qfac) should be 1 (default) or -1; setting qfac to 1
2025-07-20 04:24:47,661 - nibabel.global - INFO - pixdim[0] (qfac) should be 1 (default) or -1; setting qfac to 1
pixdim[0] (qfac) should be 1 (default) or -1; setting qfac to 1
2025-07-20 04:24:47,849 - nibabel.global - INFO - pixdim[0] (qfac) should be 1 (default) or -1; setting qfac to 1
pixdim[0] (qfac) should be 1 (default) or -1; setting qfac to 1
2025-07-20 04:24:48,042 - nibabel.global - INFO - pixdim[0] (qfac) should be 1 (default) or -1; setting qfac to 1
pixdim[0] (qfac) should be 1 (default) or -1; setting qfac to 1
2025-07-20 04:24:48,236 - nibabel.global - INFO - pixdim[0] (qfac) should be 1 (default) or -1; setting qfac to 1
pixdim[0] (qfac) should be 1 (default) or -1; setting qfac to 1
2025-07-20 04:24:48,432 - nibabel.global - INFO - pixdim[0] (qfac) should be 1 (default) or -1; setting qfac to 1
pixdim[0] (qfac) should be 1 (default) or -1; setting qfac to 1
2025-07-20 04:24:48,618 - nibabel.global - INFO - pixdim[0] (qfac) should be 1 (default) or -1; setting qfac to 1
pixdim[0] (qfac) should be 1 (default) or -1; setting qfac to 1
2025-07-20 04:24:48,806 - nibabel.global - INFO - pixdim[0] (qfac) should be 1 (default) or -1; setting qfac to 1
pixdim[0] (qfac) should be 1 (default) or -1; setting qfac to 1
2025-07-20 04:24:49,001 - nibabel.global - INFO - pixdim[0] (qfac) should be 1 (default) or -1; setting qfac to 1
pixdim[0] (qfac) should be 1 (default) or -1; setting qfac to 1
2025-07-20 04:24:49,194 - nibabel.global - INFO - pixdim[0] (qfac) should be 1 (default) or -1; setting qfac to 1
pixdim[0] (qfac) should be 1 (default) or -1; setting qfac to 1
2025-07-20 04:24:49,390 - nibabel.global - INFO - pixdim[0] (qfac) should be 1 (default) or -1; setting qfac to 1
pixdim[0] (qfac) should be 1 (default) or -1; setting qfac to 1
2025-07-20 04:24:49,585 - nibabel.global - INFO - pixdim[0] (qfac) should be 1 (default) or -1; setting qfac to 1
pixdim[0] (qfac) should be 1 (default) or -1; setting qfac to 1
2025-07-20 04:24:49,773 - nibabel.global - INFO - pixdim[0] (qfac) should be 1 (default) or -1; setting qfac to 1
pixdim[0] (qfac) should be 1 (default) or -1; setting qfac to 1
2025-07-20 04:24:49,966 - nibabel.global - INFO - pixdim[0] (qfac) should be 1 (default) or -1; setting qfac to 1
pixdim[0] (qfac) should be 1 (default) or -1; setting qfac to 1
2025-07-20 04:24:50,160 - nibabel.global - INFO - pixdim[0] (qfac) should be 1 (default) or -1; setting qfac to 1
pixdim[0] (qfac) should be 1 (default) or -1; setting qfac to 1
2025-07-20 04:24:50,354 - nibabel.global - INFO - pixdim[0] (qfac) should be 1 (default) or -1; setting qfac to 1
pixdim[0] (qfac) should be 1 (default) or -1; setting qfac to 1
2025-07-20 04:24:50,548 - nibabel.global - INFO - pixdim[0] (qfac) should be 1 (default) or -1; setting qfac to 1
pixdim[0] (qfac) should be 1 (default) or -1; setting qfac to 1
2025-07-20 04:24:50,743 - nibabel.global - INFO - pixdim[0] (qfac) should be 1 (default) or -1; setting qfac to 1
pixdim[0] (qfac) should be 1 (default) or -1; setting qfac to 1
2025-07-20 04:24:50,937 - nibabel.global - INFO - pixdim[0] (qfac) should be 1 (default) or -1; setting qfac to 1
pixdim[0] (qfac) should be 1 (default) or -1; setting qfac to 1
2025-07-20 04:24:51,130 - nibabel.global - INFO - pixdim[0] (qfac) should be 1 (default) or -1; setting qfac to 1
pixdim[0] (qfac) should be 1 (default) or -1; setting qfac to 1
2025-07-20 04:24:51,324 - nibabel.global - INFO - pixdim[0] (qfac) should be 1 (default) or -1; setting qfac to 1
pixdim[0] (qfac) should be 1 (default) or -1; setting qfac to 1
2025-07-20 04:24:51,518 - nibabel.global - INFO - pixdim[0] (qfac) should be 1 (default) or -1; setting qfac to 1
pixdim[0] (qfac) should be 1 (default) or -1; setting qfac to 1
2025-07-20 04:24:51,712 - nibabel.global - INFO - pixdim[0] (qfac) should be 1 (default) or -1; setting qfac to 1
pixdim[0] (qfac) should be 1 (default) or -1; setting qfac to 1
2025-07-20 04:24:51,906 - nibabel.global - INFO - pixdim[0] (qfac) should be 1 (default) or -1; setting qfac to 1
pixdim[0] (qfac) should be 1 (default) or -1; setting qfac to 1
2025-07-20 04:24:52,100 - nibabel.global - INFO - pixdim[0] (qfac) should be 1 (default) or -1; setting qfac to 1
pixdim[0] (qfac) should be 1 (default) or -1; setting qfac to 1
2025-07-20 04:24:52,290 - nibabel.global - INFO - pixdim[0] (qfac) should be 1 (default) or -1; setting qfac to 1
pixdim[0] (qfac) should be 1 (default) or -1; setting qfac to 1
2025-07-20 04:24:52,475 - nibabel.global - INFO - pixdim[0] (qfac) should be 1 (default) or -1; setting qfac to 1
pixdim[0] (qfac) should be 1 (default) or -1; setting qfac to 1
2025-07-20 04:24:52,665 - nibabel.global - INFO - pixdim[0] (qfac) should be 1 (default) or -1; setting qfac to 1
pixdim[0] (qfac) should be 1 (default) or -1; setting qfac to 1
2025-07-20 04:24:52,859 - nibabel.global - INFO - pixdim[0] (qfac) should be 1 (default) or -1; setting qfac to 1
pixdim[0] (qfac) should be 1 (default) or -1; setting qfac to 1
2025-07-20 04:24:53,049 - nibabel.global - INFO - pixdim[0] (qfac) should be 1 (default) or -1; setting qfac to 1
pixdim[0] (qfac) should be 1 (default) or -1; setting qfac to 1
2025-07-20 04:24:53,243 - nibabel.global - INFO - pixdim[0] (qfac) should be 1 (default) or -1; setting qfac to 1
pixdim[0] (qfac) should be 1 (default) or -1; setting qfac to 1
2025-07-20 04:24:53,457 - nibabel.global - INFO - pixdim[0] (qfac) should be 1 (default) or -1; setting qfac to 1
pixdim[0] (qfac) should be 1 (default) or -1; setting qfac to 1
2025-07-20 04:24:53,651 - nibabel.global - INFO - pixdim[0] (qfac) should be 1 (default) or -1; setting qfac to 1
pixdim[0] (qfac) should be 1 (default) or -1; setting qfac to 1
2025-07-20 04:24:53,840 - nibabel.global - INFO - pixdim[0] (qfac) should be 1 (default) or -1; setting qfac to 1
pixdim[0] (qfac) should be 1 (default) or -1; setting qfac to 1
2025-07-20 04:24:54,035 - nibabel.global - INFO - pixdim[0] (qfac) should be 1 (default) or -1; setting qfac to 1
pixdim[0] (qfac) should be 1 (default) or -1; setting qfac to 1
2025-07-20 04:24:54,231 - nibabel.global - INFO - pixdim[0] (qfac) should be 1 (default) or -1; setting qfac to 1
pixdim[0] (qfac) should be 1 (default) or -1; setting qfac to 1
2025-07-20 04:24:54,425 - nibabel.global - INFO - pixdim[0] (qfac) should be 1 (default) or -1; setting qfac to 1
pixdim[0] (qfac) should be 1 (default) or -1; setting qfac to 1
2025-07-20 04:24:54,614 - nibabel.global - INFO - pixdim[0] (qfac) should be 1 (default) or -1; setting qfac to 1
pixdim[0] (qfac) should be 1 (default) or -1; setting qfac to 1
2025-07-20 04:24:54,802 - nibabel.global - INFO - pixdim[0] (qfac) should be 1 (default) or -1; setting qfac to 1
pixdim[0] (qfac) should be 1 (default) or -1; setting qfac to 1
2025-07-20 04:24:54,995 - nibabel.global - INFO - pixdim[0] (qfac) should be 1 (default) or -1; setting qfac to 1
pixdim[0] (qfac) should be 1 (default) or -1; setting qfac to 1
2025-07-20 04:24:55,190 - nibabel.global - INFO - pixdim[0] (qfac) should be 1 (default) or -1; setting qfac to 1
pixdim[0] (qfac) should be 1 (default) or -1; setting qfac to 1
2025-07-20 04:24:55,380 - nibabel.global - INFO - pixdim[0] (qfac) should be 1 (default) or -1; setting qfac to 1
pixdim[0] (qfac) should be 1 (default) or -1; setting qfac to 1
2025-07-20 04:24:55,571 - nibabel.global - INFO - pixdim[0] (qfac) should be 1 (default) or -1; setting qfac to 1
pixdim[0] (qfac) should be 1 (default) or -1; setting qfac to 1
2025-07-20 04:24:55,766 - nibabel.global - INFO - pixdim[0] (qfac) should be 1 (default) or -1; setting qfac to 1
pixdim[0] (qfac) should be 1 (default) or -1; setting qfac to 1
2025-07-20 04:24:55,952 - nibabel.global - INFO - pixdim[0] (qfac) should be 1 (default) or -1; setting qfac to 1
pixdim[0] (qfac) should be 1 (default) or -1; setting qfac to 1
2025-07-20 04:24:56,143 - nibabel.global - INFO - pixdim[0] (qfac) should be 1 (default) or -1; setting qfac to 1
pixdim[0] (qfac) should be 1 (default) or -1; setting qfac to 1
2025-07-20 04:24:56,329 - nibabel.global - INFO - pixdim[0] (qfac) should be 1 (default) or -1; setting qfac to 1
pixdim[0] (qfac) should be 1 (default) or -1; setting qfac to 1
2025-07-20 04:24:56,518 - nibabel.global - INFO - pixdim[0] (qfac) should be 1 (default) or -1; setting qfac to 1
pixdim[0] (qfac) should be 1 (default) or -1; setting qfac to 1
2025-07-20 04:24:56,712 - nibabel.global - INFO - pixdim[0] (qfac) should be 1 (default) or -1; setting qfac to 1
pixdim[0] (qfac) should be 1 (default) or -1; setting qfac to 1
2025-07-20 04:24:56,904 - nibabel.global - INFO - pixdim[0] (qfac) should be 1 (default) or -1; setting qfac to 1
pixdim[0] (qfac) should be 1 (default) or -1; setting qfac to 1
2025-07-20 04:24:57,098 - nibabel.global - INFO - pixdim[0] (qfac) should be 1 (default) or -1; setting qfac to 1
pixdim[0] (qfac) should be 1 (default) or -1; setting qfac to 1
2025-07-20 04:24:57,293 - nibabel.global - INFO - pixdim[0] (qfac) should be 1 (default) or -1; setting qfac to 1
pixdim[0] (qfac) should be 1 (default) or -1; setting qfac to 1
2025-07-20 04:24:57,483 - nibabel.global - INFO - pixdim[0] (qfac) should be 1 (default) or -1; setting qfac to 1
pixdim[0] (qfac) should be 1 (default) or -1; setting qfac to 1
2025-07-20 04:24:57,667 - nibabel.global - INFO - pixdim[0] (qfac) should be 1 (default) or -1; setting qfac to 1
pixdim[0] (qfac) should be 1 (default) or -1; setting qfac to 1
2025-07-20 04:24:57,861 - nibabel.global - INFO - pixdim[0] (qfac) should be 1 (default) or -1; setting qfac to 1
pixdim[0] (qfac) should be 1 (default) or -1; setting qfac to 1
2025-07-20 04:24:58,050 - nibabel.global - INFO - pixdim[0] (qfac) should be 1 (default) or -1; setting qfac to 1
pixdim[0] (qfac) should be 1 (default) or -1; setting qfac to 1
2025-07-20 04:24:58,238 - nibabel.global - INFO - pixdim[0] (qfac) should be 1 (default) or -1; setting qfac to 1
pixdim[0] (qfac) should be 1 (default) or -1; setting qfac to 1
2025-07-20 04:24:58,426 - nibabel.global - INFO - pixdim[0] (qfac) should be 1 (default) or -1; setting qfac to 1
pixdim[0] (qfac) should be 1 (default) or -1; setting qfac to 1
2025-07-20 04:24:58,621 - nibabel.global - INFO - pixdim[0] (qfac) should be 1 (default) or -1; setting qfac to 1
pixdim[0] (qfac) should be 1 (default) or -1; setting qfac to 1
2025-07-20 04:24:58,810 - nibabel.global - INFO - pixdim[0] (qfac) should be 1 (default) or -1; setting qfac to 1
pixdim[0] (qfac) should be 1 (default) or -1; setting qfac to 1
2025-07-20 04:24:59,004 - nibabel.global - INFO - pixdim[0] (qfac) should be 1 (default) or -1; setting qfac to 1
pixdim[0] (qfac) should be 1 (default) or -1; setting qfac to 1
2025-07-20 04:24:59,197 - nibabel.global - INFO - pixdim[0] (qfac) should be 1 (default) or -1; setting qfac to 1
pixdim[0] (qfac) should be 1 (default) or -1; setting qfac to 1
2025-07-20 04:24:59,388 - nibabel.global - INFO - pixdim[0] (qfac) should be 1 (default) or -1; setting qfac to 1
pixdim[0] (qfac) should be 1 (default) or -1; setting qfac to 1
2025-07-20 04:24:59,582 - nibabel.global - INFO - pixdim[0] (qfac) should be 1 (default) or -1; setting qfac to 1
pixdim[0] (qfac) should be 1 (default) or -1; setting qfac to 1
2025-07-20 04:24:59,777 - nibabel.global - INFO - pixdim[0] (qfac) should be 1 (default) or -1; setting qfac to 1
pixdim[0] (qfac) should be 1 (default) or -1; setting qfac to 1
2025-07-20 04:24:59,971 - nibabel.global - INFO - pixdim[0] (qfac) should be 1 (default) or -1; setting qfac to 1
pixdim[0] (qfac) should be 1 (default) or -1; setting qfac to 1
2025-07-20 04:25:00,163 - nibabel.global - INFO - pixdim[0] (qfac) should be 1 (default) or -1; setting qfac to 1
pixdim[0] (qfac) should be 1 (default) or -1; setting qfac to 1
2025-07-20 04:25:00,357 - nibabel.global - INFO - pixdim[0] (qfac) should be 1 (default) or -1; setting qfac to 1
pixdim[0] (qfac) should be 1 (default) or -1; setting qfac to 1
2025-07-20 04:25:00,549 - nibabel.global - INFO - pixdim[0] (qfac) should be 1 (default) or -1; setting qfac to 1
pixdim[0] (qfac) should be 1 (default) or -1; setting qfac to 1
2025-07-20 04:25:00,742 - nibabel.global - INFO - pixdim[0] (qfac) should be 1 (default) or -1; setting qfac to 1
pixdim[0] (qfac) should be 1 (default) or -1; setting qfac to 1
2025-07-20 04:25:00,928 - nibabel.global - INFO - pixdim[0] (qfac) should be 1 (default) or -1; setting qfac to 1
pixdim[0] (qfac) should be 1 (default) or -1; setting qfac to 1
2025-07-20 04:25:01,123 - nibabel.global - INFO - pixdim[0] (qfac) should be 1 (default) or -1; setting qfac to 1
pixdim[0] (qfac) should be 1 (default) or -1; setting qfac to 1
2025-07-20 04:25:01,317 - nibabel.global - INFO - pixdim[0] (qfac) should be 1 (default) or -1; setting qfac to 1
pixdim[0] (qfac) should be 1 (default) or -1; setting qfac to 1
2025-07-20 04:25:01,511 - nibabel.global - INFO - pixdim[0] (qfac) should be 1 (default) or -1; setting qfac to 1
pixdim[0] (qfac) should be 1 (default) or -1; setting qfac to 1
2025-07-20 04:25:01,706 - nibabel.global - INFO - pixdim[0] (qfac) should be 1 (default) or -1; setting qfac to 1
pixdim[0] (qfac) should be 1 (default) or -1; setting qfac to 1
2025-07-20 04:25:01,899 - nibabel.global - INFO - pixdim[0] (qfac) should be 1 (default) or -1; setting qfac to 1
pixdim[0] (qfac) should be 1 (default) or -1; setting qfac to 1
2025-07-20 04:25:02,095 - nibabel.global - INFO - pixdim[0] (qfac) should be 1 (default) or -1; setting qfac to 1
pixdim[0] (qfac) should be 1 (default) or -1; setting qfac to 1
2025-07-20 04:25:02,283 - nibabel.global - INFO - pixdim[0] (qfac) should be 1 (default) or -1; setting qfac to 1
pixdim[0] (qfac) should be 1 (default) or -1; setting qfac to 1
2025-07-20 04:25:02,477 - nibabel.global - INFO - pixdim[0] (qfac) should be 1 (default) or -1; setting qfac to 1
pixdim[0] (qfac) should be 1 (default) or -1; setting qfac to 1
2025-07-20 04:25:02,670 - nibabel.global - INFO - pixdim[0] (qfac) should be 1 (default) or -1; setting qfac to 1
pixdim[0] (qfac) should be 1 (default) or -1; setting qfac to 1
2025-07-20 04:25:02,859 - nibabel.global - INFO - pixdim[0] (qfac) should be 1 (default) or -1; setting qfac to 1
pixdim[0] (qfac) should be 1 (default) or -1; setting qfac to 1
2025-07-20 04:25:03,053 - nibabel.global - INFO - pixdim[0] (qfac) should be 1 (default) or -1; setting qfac to 1
pixdim[0] (qfac) should be 1 (default) or -1; setting qfac to 1
2025-07-20 04:25:03,247 - nibabel.global - INFO - pixdim[0] (qfac) should be 1 (default) or -1; setting qfac to 1
pixdim[0] (qfac) should be 1 (default) or -1; setting qfac to 1
2025-07-20 04:25:03,440 - nibabel.global - INFO - pixdim[0] (qfac) should be 1 (default) or -1; setting qfac to 1
pixdim[0] (qfac) should be 1 (default) or -1; setting qfac to 1
2025-07-20 04:25:03,633 - nibabel.global - INFO - pixdim[0] (qfac) should be 1 (default) or -1; setting qfac to 1
pixdim[0] (qfac) should be 1 (default) or -1; setting qfac to 1
2025-07-20 04:25:03,827 - nibabel.global - INFO - pixdim[0] (qfac) should be 1 (default) or -1; setting qfac to 1
pixdim[0] (qfac) should be 1 (default) or -1; setting qfac to 1
2025-07-20 04:25:04,021 - nibabel.global - INFO - pixdim[0] (qfac) should be 1 (default) or -1; setting qfac to 1
pixdim[0] (qfac) should be 1 (default) or -1; setting qfac to 1
2025-07-20 04:25:04,215 - nibabel.global - INFO - pixdim[0] (qfac) should be 1 (default) or -1; setting qfac to 1
pixdim[0] (qfac) should be 1 (default) or -1; setting qfac to 1
2025-07-20 04:25:04,405 - nibabel.global - INFO - pixdim[0] (qfac) should be 1 (default) or -1; setting qfac to 1
pixdim[0] (qfac) should be 1 (default) or -1; setting qfac to 1
2025-07-20 04:25:04,598 - nibabel.global - INFO - pixdim[0] (qfac) should be 1 (default) or -1; setting qfac to 1
pixdim[0] (qfac) should be 1 (default) or -1; setting qfac to 1
2025-07-20 04:25:04,792 - nibabel.global - INFO - pixdim[0] (qfac) should be 1 (default) or -1; setting qfac to 1
pixdim[0] (qfac) should be 1 (default) or -1; setting qfac to 1
2025-07-20 04:25:04,986 - nibabel.global - INFO - pixdim[0] (qfac) should be 1 (default) or -1; setting qfac to 1
pixdim[0] (qfac) should be 1 (default) or -1; setting qfac to 1
2025-07-20 04:25:05,181 - nibabel.global - INFO - pixdim[0] (qfac) should be 1 (default) or -1; setting qfac to 1
pixdim[0] (qfac) should be 1 (default) or -1; setting qfac to 1
2025-07-20 04:25:05,372 - nibabel.global - INFO - pixdim[0] (qfac) should be 1 (default) or -1; setting qfac to 1
pixdim[0] (qfac) should be 1 (default) or -1; setting qfac to 1
2025-07-20 04:25:05,562 - nibabel.global - INFO - pixdim[0] (qfac) should be 1 (default) or -1; setting qfac to 1
pixdim[0] (qfac) should be 1 (default) or -1; setting qfac to 1
2025-07-20 04:25:05,756 - nibabel.global - INFO - pixdim[0] (qfac) should be 1 (default) or -1; setting qfac to 1
pixdim[0] (qfac) should be 1 (default) or -1; setting qfac to 1
2025-07-20 04:25:05,951 - nibabel.global - INFO - pixdim[0] (qfac) should be 1 (default) or -1; setting qfac to 1
pixdim[0] (qfac) should be 1 (default) or -1; setting qfac to 1
2025-07-20 04:25:06,143 - nibabel.global - INFO - pixdim[0] (qfac) should be 1 (default) or -1; setting qfac to 1
pixdim[0] (qfac) should be 1 (default) or -1; setting qfac to 1
2025-07-20 04:25:06,336 - nibabel.global - INFO - pixdim[0] (qfac) should be 1 (default) or -1; setting qfac to 1
pixdim[0] (qfac) should be 1 (default) or -1; setting qfac to 1
2025-07-20 04:25:06,530 - nibabel.global - INFO - pixdim[0] (qfac) should be 1 (default) or -1; setting qfac to 1
pixdim[0] (qfac) should be 1 (default) or -1; setting qfac to 1
2025-07-20 04:25:06,730 - nibabel.global - INFO - pixdim[0] (qfac) should be 1 (default) or -1; setting qfac to 1
pixdim[0] (qfac) should be 1 (default) or -1; setting qfac to 1
2025-07-20 04:25:06,922 - nibabel.global - INFO - pixdim[0] (qfac) should be 1 (default) or -1; setting qfac to 1
pixdim[0] (qfac) should be 1 (default) or -1; setting qfac to 1
2025-07-20 04:25:07,116 - nibabel.global - INFO - pixdim[0] (qfac) should be 1 (default) or -1; setting qfac to 1
pixdim[0] (qfac) should be 1 (default) or -1; setting qfac to 1
2025-07-20 04:25:07,304 - nibabel.global - INFO - pixdim[0] (qfac) should be 1 (default) or -1; setting qfac to 1
pixdim[0] (qfac) should be 1 (default) or -1; setting qfac to 1
2025-07-20 04:25:07,499 - nibabel.global - INFO - pixdim[0] (qfac) should be 1 (default) or -1; setting qfac to 1
pixdim[0] (qfac) should be 1 (default) or -1; setting qfac to 1
2025-07-20 04:25:07,690 - nibabel.global - INFO - pixdim[0] (qfac) should be 1 (default) or -1; setting qfac to 1
pixdim[0] (qfac) should be 1 (default) or -1; setting qfac to 1
2025-07-20 04:25:07,883 - nibabel.global - INFO - pixdim[0] (qfac) should be 1 (default) or -1; setting qfac to 1
pixdim[0] (qfac) should be 1 (default) or -1; setting qfac to 1
2025-07-20 04:25:08,078 - nibabel.global - INFO - pixdim[0] (qfac) should be 1 (default) or -1; setting qfac to 1
pixdim[0] (qfac) should be 1 (default) or -1; setting qfac to 1
2025-07-20 04:25:08,272 - nibabel.global - INFO - pixdim[0] (qfac) should be 1 (default) or -1; setting qfac to 1
pixdim[0] (qfac) should be 1 (default) or -1; setting qfac to 1
2025-07-20 04:25:08,468 - nibabel.global - INFO - pixdim[0] (qfac) should be 1 (default) or -1; setting qfac to 1
pixdim[0] (qfac) should be 1 (default) or -1; setting qfac to 1
2025-07-20 04:25:08,662 - nibabel.global - INFO - pixdim[0] (qfac) should be 1 (default) or -1; setting qfac to 1
pixdim[0] (qfac) should be 1 (default) or -1; setting qfac to 1
2025-07-20 04:25:08,856 - nibabel.global - INFO - pixdim[0] (qfac) should be 1 (default) or -1; setting qfac to 1
pixdim[0] (qfac) should be 1 (default) or -1; setting qfac to 1
2025-07-20 04:25:09,051 - nibabel.global - INFO - pixdim[0] (qfac) should be 1 (default) or -1; setting qfac to 1
pixdim[0] (qfac) should be 1 (default) or -1; setting qfac to 1
2025-07-20 04:25:09,246 - nibabel.global - INFO - pixdim[0] (qfac) should be 1 (default) or -1; setting qfac to 1
pixdim[0] (qfac) should be 1 (default) or -1; setting qfac to 1
2025-07-20 04:25:09,438 - nibabel.global - INFO - pixdim[0] (qfac) should be 1 (default) or -1; setting qfac to 1
pixdim[0] (qfac) should be 1 (default) or -1; setting qfac to 1
2025-07-20 04:25:09,633 - nibabel.global - INFO - pixdim[0] (qfac) should be 1 (default) or -1; setting qfac to 1
pixdim[0] (qfac) should be 1 (default) or -1; setting qfac to 1
2025-07-20 04:25:09,827 - nibabel.global - INFO - pixdim[0] (qfac) should be 1 (default) or -1; setting qfac to 1
pixdim[0] (qfac) should be 1 (default) or -1; setting qfac to 1
2025-07-20 04:25:10,021 - nibabel.global - INFO - pixdim[0] (qfac) should be 1 (default) or -1; setting qfac to 1
pixdim[0] (qfac) should be 1 (default) or -1; setting qfac to 1
2025-07-20 04:25:10,214 - nibabel.global - INFO - pixdim[0] (qfac) should be 1 (default) or -1; setting qfac to 1
pixdim[0] (qfac) should be 1 (default) or -1; setting qfac to 1
2025-07-20 04:25:10,404 - nibabel.global - INFO - pixdim[0] (qfac) should be 1 (default) or -1; setting qfac to 1
pixdim[0] (qfac) should be 1 (default) or -1; setting qfac to 1
2025-07-20 04:25:10,592 - nibabel.global - INFO - pixdim[0] (qfac) should be 1 (default) or -1; setting qfac to 1
pixdim[0] (qfac) should be 1 (default) or -1; setting qfac to 1
2025-07-20 04:25:10,785 - nibabel.global - INFO - pixdim[0] (qfac) should be 1 (default) or -1; setting qfac to 1
pixdim[0] (qfac) should be 1 (default) or -1; setting qfac to 1
2025-07-20 04:25:10,976 - nibabel.global - INFO - pixdim[0] (qfac) should be 1 (default) or -1; setting qfac to 1
pixdim[0] (qfac) should be 1 (default) or -1; setting qfac to 1
2025-07-20 04:25:11,170 - nibabel.global - INFO - pixdim[0] (qfac) should be 1 (default) or -1; setting qfac to 1
pixdim[0] (qfac) should be 1 (default) or -1; setting qfac to 1
2025-07-20 04:25:11,364 - nibabel.global - INFO - pixdim[0] (qfac) should be 1 (default) or -1; setting qfac to 1
pixdim[0] (qfac) should be 1 (default) or -1; setting qfac to 1
2025-07-20 04:25:11,550 - nibabel.global - INFO - pixdim[0] (qfac) should be 1 (default) or -1; setting qfac to 1
pixdim[0] (qfac) should be 1 (default) or -1; setting qfac to 1
2025-07-20 04:25:11,744 - nibabel.global - INFO - pixdim[0] (qfac) should be 1 (default) or -1; setting qfac to 1
pixdim[0] (qfac) should be 1 (default) or -1; setting qfac to 1
2025-07-20 04:25:11,939 - nibabel.global - INFO - pixdim[0] (qfac) should be 1 (default) or -1; setting qfac to 1
pixdim[0] (qfac) should be 1 (default) or -1; setting qfac to 1
2025-07-20 04:25:12,127 - nibabel.global - INFO - pixdim[0] (qfac) should be 1 (default) or -1; setting qfac to 1
pixdim[0] (qfac) should be 1 (default) or -1; setting qfac to 1
2025-07-20 04:25:12,322 - nibabel.global - INFO - pixdim[0] (qfac) should be 1 (default) or -1; setting qfac to 1
pixdim[0] (qfac) should be 1 (default) or -1; setting qfac to 1
2025-07-20 04:25:12,517 - nibabel.global - INFO - pixdim[0] (qfac) should be 1 (default) or -1; setting qfac to 1
pixdim[0] (qfac) should be 1 (default) or -1; setting qfac to 1
2025-07-20 04:25:12,712 - nibabel.global - INFO - pixdim[0] (qfac) should be 1 (default) or -1; setting qfac to 1
pixdim[0] (qfac) should be 1 (default) or -1; setting qfac to 1
2025-07-20 04:25:12,905 - nibabel.global - INFO - pixdim[0] (qfac) should be 1 (default) or -1; setting qfac to 1
pixdim[0] (qfac) should be 1 (default) or -1; setting qfac to 1
2025-07-20 04:25:13,099 - nibabel.global - INFO - pixdim[0] (qfac) should be 1 (default) or -1; setting qfac to 1
pixdim[0] (qfac) should be 1 (default) or -1; setting qfac to 1
2025-07-20 04:25:13,293 - nibabel.global - INFO - pixdim[0] (qfac) should be 1 (default) or -1; setting qfac to 1
pixdim[0] (qfac) should be 1 (default) or -1; setting qfac to 1
2025-07-20 04:25:13,480 - nibabel.global - INFO - pixdim[0] (qfac) should be 1 (default) or -1; setting qfac to 1
pixdim[0] (qfac) should be 1 (default) or -1; setting qfac to 1
2025-07-20 04:25:13,674 - nibabel.global - INFO - pixdim[0] (qfac) should be 1 (default) or -1; setting qfac to 1
pixdim[0] (qfac) should be 1 (default) or -1; setting qfac to 1
2025-07-20 04:25:13,866 - nibabel.global - INFO - pixdim[0] (qfac) should be 1 (default) or -1; setting qfac to 1
pixdim[0] (qfac) should be 1 (default) or -1; setting qfac to 1
2025-07-20 04:25:14,060 - nibabel.global - INFO - pixdim[0] (qfac) should be 1 (default) or -1; setting qfac to 1
pixdim[0] (qfac) should be 1 (default) or -1; setting qfac to 1
2025-07-20 04:25:14,253 - nibabel.global - INFO - pixdim[0] (qfac) should be 1 (default) or -1; setting qfac to 1
pixdim[0] (qfac) should be 1 (default) or -1; setting qfac to 1
2025-07-20 04:25:14,442 - nibabel.global - INFO - pixdim[0] (qfac) should be 1 (default) or -1; setting qfac to 1
pixdim[0] (qfac) should be 1 (default) or -1; setting qfac to 1
2025-07-20 04:25:14,636 - nibabel.global - INFO - pixdim[0] (qfac) should be 1 (default) or -1; setting qfac to 1
pixdim[0] (qfac) should be 1 (default) or -1; setting qfac to 1
2025-07-20 04:25:14,831 - nibabel.global - INFO - pixdim[0] (qfac) should be 1 (default) or -1; setting qfac to 1
pixdim[0] (qfac) should be 1 (default) or -1; setting qfac to 1
2025-07-20 04:25:15,023 - nibabel.global - INFO - pixdim[0] (qfac) should be 1 (default) or -1; setting qfac to 1
pixdim[0] (qfac) should be 1 (default) or -1; setting qfac to 1
2025-07-20 04:25:15,213 - nibabel.global - INFO - pixdim[0] (qfac) should be 1 (default) or -1; setting qfac to 1
pixdim[0] (qfac) should be 1 (default) or -1; setting qfac to 1
2025-07-20 04:25:15,407 - nibabel.global - INFO - pixdim[0] (qfac) should be 1 (default) or -1; setting qfac to 1
pixdim[0] (qfac) should be 1 (default) or -1; setting qfac to 1
2025-07-20 04:25:15,600 - nibabel.global - INFO - pixdim[0] (qfac) should be 1 (default) or -1; setting qfac to 1
pixdim[0] (qfac) should be 1 (default) or -1; setting qfac to 1
2025-07-20 04:25:15,792 - nibabel.global - INFO - pixdim[0] (qfac) should be 1 (default) or -1; setting qfac to 1
pixdim[0] (qfac) should be 1 (default) or -1; setting qfac to 1
2025-07-20 04:25:15,982 - nibabel.global - INFO - pixdim[0] (qfac) should be 1 (default) or -1; setting qfac to 1
pixdim[0] (qfac) should be 1 (default) or -1; setting qfac to 1
2025-07-20 04:25:16,177 - nibabel.global - INFO - pixdim[0] (qfac) should be 1 (default) or -1; setting qfac to 1
pixdim[0] (qfac) should be 1 (default) or -1; setting qfac to 1
2025-07-20 04:25:16,364 - nibabel.global - INFO - pixdim[0] (qfac) should be 1 (default) or -1; setting qfac to 1
pixdim[0] (qfac) should be 1 (default) or -1; setting qfac to 1
2025-07-20 04:25:16,562 - nibabel.global - INFO - pixdim[0] (qfac) should be 1 (default) or -1; setting qfac to 1
pixdim[0] (qfac) should be 1 (default) or -1; setting qfac to 1
2025-07-20 04:25:16,752 - nibabel.global - INFO - pixdim[0] (qfac) should be 1 (default) or -1; setting qfac to 1
pixdim[0] (qfac) should be 1 (default) or -1; setting qfac to 1
2025-07-20 04:25:16,945 - nibabel.global - INFO - pixdim[0] (qfac) should be 1 (default) or -1; setting qfac to 1
pixdim[0] (qfac) should be 1 (default) or -1; setting qfac to 1
2025-07-20 04:25:17,141 - nibabel.global - INFO - pixdim[0] (qfac) should be 1 (default) or -1; setting qfac to 1
pixdim[0] (qfac) should be 1 (default) or -1; setting qfac to 1
2025-07-20 04:25:17,332 - nibabel.global - INFO - pixdim[0] (qfac) should be 1 (default) or -1; setting qfac to 1
pixdim[0] (qfac) should be 1 (default) or -1; setting qfac to 1
2025-07-20 04:25:17,525 - nibabel.global - INFO - pixdim[0] (qfac) should be 1 (default) or -1; setting qfac to 1
pixdim[0] (qfac) should be 1 (default) or -1; setting qfac to 1
2025-07-20 04:25:17,717 - nibabel.global - INFO - pixdim[0] (qfac) should be 1 (default) or -1; setting qfac to 1
pixdim[0] (qfac) should be 1 (default) or -1; setting qfac to 1
2025-07-20 04:25:17,910 - nibabel.global - INFO - pixdim[0] (qfac) should be 1 (default) or -1; setting qfac to 1
pixdim[0] (qfac) should be 1 (default) or -1; setting qfac to 1
2025-07-20 04:25:18,095 - nibabel.global - INFO - pixdim[0] (qfac) should be 1 (default) or -1; setting qfac to 1
pixdim[0] (qfac) should be 1 (default) or -1; setting qfac to 1
2025-07-20 04:25:18,284 - nibabel.global - INFO - pixdim[0] (qfac) should be 1 (default) or -1; setting qfac to 1
pixdim[0] (qfac) should be 1 (default) or -1; setting qfac to 1
2025-07-20 04:25:18,477 - nibabel.global - INFO - pixdim[0] (qfac) should be 1 (default) or -1; setting qfac to 1
pixdim[0] (qfac) should be 1 (default) or -1; setting qfac to 1
2025-07-20 04:25:18,670 - nibabel.global - INFO - pixdim[0] (qfac) should be 1 (default) or -1; setting qfac to 1
pixdim[0] (qfac) should be 1 (default) or -1; setting qfac to 1
2025-07-20 04:25:18,863 - nibabel.global - INFO - pixdim[0] (qfac) should be 1 (default) or -1; setting qfac to 1
pixdim[0] (qfac) should be 1 (default) or -1; setting qfac to 1
2025-07-20 04:25:19,050 - nibabel.global - INFO - pixdim[0] (qfac) should be 1 (default) or -1; setting qfac to 1
pixdim[0] (qfac) should be 1 (default) or -1; setting qfac to 1
2025-07-20 04:25:19,244 - nibabel.global - INFO - pixdim[0] (qfac) should be 1 (default) or -1; setting qfac to 1
pixdim[0] (qfac) should be 1 (default) or -1; setting qfac to 1
2025-07-20 04:25:19,430 - nibabel.global - INFO - pixdim[0] (qfac) should be 1 (default) or -1; setting qfac to 1
pixdim[0] (qfac) should be 1 (default) or -1; setting qfac to 1
2025-07-20 04:25:19,622 - nibabel.global - INFO - pixdim[0] (qfac) should be 1 (default) or -1; setting qfac to 1
pixdim[0] (qfac) should be 1 (default) or -1; setting qfac to 1
2025-07-20 04:25:19,829 - nibabel.global - INFO - pixdim[0] (qfac) should be 1 (default) or -1; setting qfac to 1
pixdim[0] (qfac) should be 1 (default) or -1; setting qfac to 1
2025-07-20 04:25:20,015 - nibabel.global - INFO - pixdim[0] (qfac) should be 1 (default) or -1; setting qfac to 1
pixdim[0] (qfac) should be 1 (default) or -1; setting qfac to 1
2025-07-20 04:25:20,209 - nibabel.global - INFO - pixdim[0] (qfac) should be 1 (default) or -1; setting qfac to 1
pixdim[0] (qfac) should be 1 (default) or -1; setting qfac to 1
2025-07-20 04:25:20,393 - nibabel.global - INFO - pixdim[0] (qfac) should be 1 (default) or -1; setting qfac to 1
pixdim[0] (qfac) should be 1 (default) or -1; setting qfac to 1
2025-07-20 04:25:20,588 - nibabel.global - INFO - pixdim[0] (qfac) should be 1 (default) or -1; setting qfac to 1
pixdim[0] (qfac) should be 1 (default) or -1; setting qfac to 1
2025-07-20 04:25:20,780 - nibabel.global - INFO - pixdim[0] (qfac) should be 1 (default) or -1; setting qfac to 1
pixdim[0] (qfac) should be 1 (default) or -1; setting qfac to 1
2025-07-20 04:25:20,971 - nibabel.global - INFO - pixdim[0] (qfac) should be 1 (default) or -1; setting qfac to 1
pixdim[0] (qfac) should be 1 (default) or -1; setting qfac to 1
2025-07-20 04:25:21,164 - nibabel.global - INFO - pixdim[0] (qfac) should be 1 (default) or -1; setting qfac to 1
pixdim[0] (qfac) should be 1 (default) or -1; setting qfac to 1
2025-07-20 04:25:21,355 - nibabel.global - INFO - pixdim[0] (qfac) should be 1 (default) or -1; setting qfac to 1
pixdim[0] (qfac) should be 1 (default) or -1; setting qfac to 1
2025-07-20 04:25:21,544 - nibabel.global - INFO - pixdim[0] (qfac) should be 1 (default) or -1; setting qfac to 1
pixdim[0] (qfac) should be 1 (default) or -1; setting qfac to 1
2025-07-20 04:25:21,736 - nibabel.global - INFO - pixdim[0] (qfac) should be 1 (default) or -1; setting qfac to 1
pixdim[0] (qfac) should be 1 (default) or -1; setting qfac to 1
2025-07-20 04:25:21,930 - nibabel.global - INFO - pixdim[0] (qfac) should be 1 (default) or -1; setting qfac to 1
pixdim[0] (qfac) should be 1 (default) or -1; setting qfac to 1
2025-07-20 04:25:22,122 - nibabel.global - INFO - pixdim[0] (qfac) should be 1 (default) or -1; setting qfac to 1
pixdim[0] (qfac) should be 1 (default) or -1; setting qfac to 1
2025-07-20 04:25:22,315 - nibabel.global - INFO - pixdim[0] (qfac) should be 1 (default) or -1; setting qfac to 1
pixdim[0] (qfac) should be 1 (default) or -1; setting qfac to 1
2025-07-20 04:25:22,505 - nibabel.global - INFO - pixdim[0] (qfac) should be 1 (default) or -1; setting qfac to 1
pixdim[0] (qfac) should be 1 (default) or -1; setting qfac to 1
2025-07-20 04:25:22,694 - nibabel.global - INFO - pixdim[0] (qfac) should be 1 (default) or -1; setting qfac to 1
pixdim[0] (qfac) should be 1 (default) or -1; setting qfac to 1
2025-07-20 04:25:22,885 - nibabel.global - INFO - pixdim[0] (qfac) should be 1 (default) or -1; setting qfac to 1
pixdim[0] (qfac) should be 1 (default) or -1; setting qfac to 1
2025-07-20 04:25:23,078 - nibabel.global - INFO - pixdim[0] (qfac) should be 1 (default) or -1; setting qfac to 1
pixdim[0] (qfac) should be 1 (default) or -1; setting qfac to 1
2025-07-20 04:25:23,271 - nibabel.global - INFO - pixdim[0] (qfac) should be 1 (default) or -1; setting qfac to 1
pixdim[0] (qfac) should be 1 (default) or -1; setting qfac to 1
2025-07-20 04:25:23,464 - nibabel.global - INFO - pixdim[0] (qfac) should be 1 (default) or -1; setting qfac to 1
pixdim[0] (qfac) should be 1 (default) or -1; setting qfac to 1
2025-07-20 04:25:23,654 - nibabel.global - INFO - pixdim[0] (qfac) should be 1 (default) or -1; setting qfac to 1
pixdim[0] (qfac) should be 1 (default) or -1; setting qfac to 1
2025-07-20 04:25:23,847 - nibabel.global - INFO - pixdim[0] (qfac) should be 1 (default) or -1; setting qfac to 1
pixdim[0] (qfac) should be 1 (default) or -1; setting qfac to 1
2025-07-20 04:25:24,037 - nibabel.global - INFO - pixdim[0] (qfac) should be 1 (default) or -1; setting qfac to 1
pixdim[0] (qfac) should be 1 (default) or -1; setting qfac to 1
2025-07-20 04:25:24,229 - nibabel.global - INFO - pixdim[0] (qfac) should be 1 (default) or -1; setting qfac to 1
pixdim[0] (qfac) should be 1 (default) or -1; setting qfac to 1
2025-07-20 04:25:24,419 - nibabel.global - INFO - pixdim[0] (qfac) should be 1 (default) or -1; setting qfac to 1
pixdim[0] (qfac) should be 1 (default) or -1; setting qfac to 1
2025-07-20 04:25:24,613 - nibabel.global - INFO - pixdim[0] (qfac) should be 1 (default) or -1; setting qfac to 1
pixdim[0] (qfac) should be 1 (default) or -1; setting qfac to 1
2025-07-20 04:25:24,804 - nibabel.global - INFO - pixdim[0] (qfac) should be 1 (default) or -1; setting qfac to 1
pixdim[0] (qfac) should be 1 (default) or -1; setting qfac to 1
2025-07-20 04:25:24,999 - nibabel.global - INFO - pixdim[0] (qfac) should be 1 (default) or -1; setting qfac to 1
pixdim[0] (qfac) should be 1 (default) or -1; setting qfac to 1
2025-07-20 04:25:25,192 - nibabel.global - INFO - pixdim[0] (qfac) should be 1 (default) or -1; setting qfac to 1
pixdim[0] (qfac) should be 1 (default) or -1; setting qfac to 1
2025-07-20 04:25:25,387 - nibabel.global - INFO - pixdim[0] (qfac) should be 1 (default) or -1; setting qfac to 1
pixdim[0] (qfac) should be 1 (default) or -1; setting qfac to 1
2025-07-20 04:25:25,580 - nibabel.global - INFO - pixdim[0] (qfac) should be 1 (default) or -1; setting qfac to 1
pixdim[0] (qfac) should be 1 (default) or -1; setting qfac to 1
2025-07-20 04:25:25,773 - nibabel.global - INFO - pixdim[0] (qfac) should be 1 (default) or -1; setting qfac to 1
pixdim[0] (qfac) should be 1 (default) or -1; setting qfac to 1
2025-07-20 04:25:25,966 - nibabel.global - INFO - pixdim[0] (qfac) should be 1 (default) or -1; setting qfac to 1
pixdim[0] (qfac) should be 1 (default) or -1; setting qfac to 1
2025-07-20 04:25:26,154 - nibabel.global - INFO - pixdim[0] (qfac) should be 1 (default) or -1; setting qfac to 1
pixdim[0] (qfac) should be 1 (default) or -1; setting qfac to 1
2025-07-20 04:25:26,346 - nibabel.global - INFO - pixdim[0] (qfac) should be 1 (default) or -1; setting qfac to 1
pixdim[0] (qfac) should be 1 (default) or -1; setting qfac to 1
2025-07-20 04:25:26,540 - nibabel.global - INFO - pixdim[0] (qfac) should be 1 (default) or -1; setting qfac to 1
pixdim[0] (qfac) should be 1 (default) or -1; setting qfac to 1
2025-07-20 04:25:26,733 - nibabel.global - INFO - pixdim[0] (qfac) should be 1 (default) or -1; setting qfac to 1
pixdim[0] (qfac) should be 1 (default) or -1; setting qfac to 1
2025-07-20 04:25:26,926 - nibabel.global - INFO - pixdim[0] (qfac) should be 1 (default) or -1; setting qfac to 1
pixdim[0] (qfac) should be 1 (default) or -1; setting qfac to 1
2025-07-20 04:25:27,120 - nibabel.global - INFO - pixdim[0] (qfac) should be 1 (default) or -1; setting qfac to 1
pixdim[0] (qfac) should be 1 (default) or -1; setting qfac to 1
2025-07-20 04:25:27,315 - nibabel.global - INFO - pixdim[0] (qfac) should be 1 (default) or -1; setting qfac to 1
pixdim[0] (qfac) should be 1 (default) or -1; setting qfac to 1
2025-07-20 04:25:27,507 - nibabel.global - INFO - pixdim[0] (qfac) should be 1 (default) or -1; setting qfac to 1
pixdim[0] (qfac) should be 1 (default) or -1; setting qfac to 1
2025-07-20 04:25:27,697 - nibabel.global - INFO - pixdim[0] (qfac) should be 1 (default) or -1; setting qfac to 1
pixdim[0] (qfac) should be 1 (default) or -1; setting qfac to 1
2025-07-20 04:25:27,885 - nibabel.global - INFO - pixdim[0] (qfac) should be 1 (default) or -1; setting qfac to 1
pixdim[0] (qfac) should be 1 (default) or -1; setting qfac to 1
2025-07-20 04:25:28,079 - nibabel.global - INFO - pixdim[0] (qfac) should be 1 (default) or -1; setting qfac to 1
pixdim[0] (qfac) should be 1 (default) or -1; setting qfac to 1
2025-07-20 04:25:28,272 - nibabel.global - INFO - pixdim[0] (qfac) should be 1 (default) or -1; setting qfac to 1
pixdim[0] (qfac) should be 1 (default) or -1; setting qfac to 1
2025-07-20 04:25:28,464 - nibabel.global - INFO - pixdim[0] (qfac) should be 1 (default) or -1; setting qfac to 1
pixdim[0] (qfac) should be 1 (default) or -1; setting qfac to 1
2025-07-20 04:25:28,650 - nibabel.global - INFO - pixdim[0] (qfac) should be 1 (default) or -1; setting qfac to 1
pixdim[0] (qfac) should be 1 (default) or -1; setting qfac to 1
2025-07-20 04:25:28,845 - nibabel.global - INFO - pixdim[0] (qfac) should be 1 (default) or -1; setting qfac to 1
pixdim[0] (qfac) should be 1 (default) or -1; setting qfac to 1
2025-07-20 04:25:29,041 - nibabel.global - INFO - pixdim[0] (qfac) should be 1 (default) or -1; setting qfac to 1
pixdim[0] (qfac) should be 1 (default) or -1; setting qfac to 1
2025-07-20 04:25:29,234 - nibabel.global - INFO - pixdim[0] (qfac) should be 1 (default) or -1; setting qfac to 1
pixdim[0] (qfac) should be 1 (default) or -1; setting qfac to 1
2025-07-20 04:25:29,422 - nibabel.global - INFO - pixdim[0] (qfac) should be 1 (default) or -1; setting qfac to 1
pixdim[0] (qfac) should be 1 (default) or -1; setting qfac to 1
2025-07-20 04:25:29,612 - nibabel.global - INFO - pixdim[0] (qfac) should be 1 (default) or -1; setting qfac to 1
pixdim[0] (qfac) should be 1 (default) or -1; setting qfac to 1
2025-07-20 04:25:29,807 - nibabel.global - INFO - pixdim[0] (qfac) should be 1 (default) or -1; setting qfac to 1
pixdim[0] (qfac) should be 1 (default) or -1; setting qfac to 1
2025-07-20 04:25:30,002 - nibabel.global - INFO - pixdim[0] (qfac) should be 1 (default) or -1; setting qfac to 1
pixdim[0] (qfac) should be 1 (default) or -1; setting qfac to 1
2025-07-20 04:25:30,196 - nibabel.global - INFO - pixdim[0] (qfac) should be 1 (default) or -1; setting qfac to 1
pixdim[0] (qfac) should be 1 (default) or -1; setting qfac to 1
2025-07-20 04:25:30,388 - nibabel.global - INFO - pixdim[0] (qfac) should be 1 (default) or -1; setting qfac to 1
pixdim[0] (qfac) should be 1 (default) or -1; setting qfac to 1
2025-07-20 04:25:30,575 - nibabel.global - INFO - pixdim[0] (qfac) should be 1 (default) or -1; setting qfac to 1
pixdim[0] (qfac) should be 1 (default) or -1; setting qfac to 1
2025-07-20 04:25:30,767 - nibabel.global - INFO - pixdim[0] (qfac) should be 1 (default) or -1; setting qfac to 1
pixdim[0] (qfac) should be 1 (default) or -1; setting qfac to 1
2025-07-20 04:25:30,956 - nibabel.global - INFO - pixdim[0] (qfac) should be 1 (default) or -1; setting qfac to 1
pixdim[0] (qfac) should be 1 (default) or -1; setting qfac to 1
2025-07-20 04:25:31,147 - nibabel.global - INFO - pixdim[0] (qfac) should be 1 (default) or -1; setting qfac to 1
pixdim[0] (qfac) should be 1 (default) or -1; setting qfac to 1
2025-07-20 04:25:31,340 - nibabel.global - INFO - pixdim[0] (qfac) should be 1 (default) or -1; setting qfac to 1
pixdim[0] (qfac) should be 1 (default) or -1; setting qfac to 1
2025-07-20 04:25:31,522 - nibabel.global - INFO - pixdim[0] (qfac) should be 1 (default) or -1; setting qfac to 1
pixdim[0] (qfac) should be 1 (default) or -1; setting qfac to 1
2025-07-20 04:25:31,716 - nibabel.global - INFO - pixdim[0] (qfac) should be 1 (default) or -1; setting qfac to 1
pixdim[0] (qfac) should be 1 (default) or -1; setting qfac to 1
2025-07-20 04:25:31,911 - nibabel.global - INFO - pixdim[0] (qfac) should be 1 (default) or -1; setting qfac to 1
pixdim[0] (qfac) should be 1 (default) or -1; setting qfac to 1
2025-07-20 04:25:32,101 - nibabel.global - INFO - pixdim[0] (qfac) should be 1 (default) or -1; setting qfac to 1
pixdim[0] (qfac) should be 1 (default) or -1; setting qfac to 1
2025-07-20 04:25:32,296 - nibabel.global - INFO - pixdim[0] (qfac) should be 1 (default) or -1; setting qfac to 1
pixdim[0] (qfac) should be 1 (default) or -1; setting qfac to 1
2025-07-20 04:25:32,496 - nibabel.global - INFO - pixdim[0] (qfac) should be 1 (default) or -1; setting qfac to 1
pixdim[0] (qfac) should be 1 (default) or -1; setting qfac to 1
2025-07-20 04:25:32,690 - nibabel.global - INFO - pixdim[0] (qfac) should be 1 (default) or -1; setting qfac to 1
pixdim[0] (qfac) should be 1 (default) or -1; setting qfac to 1
2025-07-20 04:25:32,884 - nibabel.global - INFO - pixdim[0] (qfac) should be 1 (default) or -1; setting qfac to 1
pixdim[0] (qfac) should be 1 (default) or -1; setting qfac to 1
2025-07-20 04:25:33,079 - nibabel.global - INFO - pixdim[0] (qfac) should be 1 (default) or -1; setting qfac to 1
pixdim[0] (qfac) should be 1 (default) or -1; setting qfac to 1
2025-07-20 04:25:33,266 - nibabel.global - INFO - pixdim[0] (qfac) should be 1 (default) or -1; setting qfac to 1
pixdim[0] (qfac) should be 1 (default) or -1; setting qfac to 1
2025-07-20 04:25:33,461 - nibabel.global - INFO - pixdim[0] (qfac) should be 1 (default) or -1; setting qfac to 1
pixdim[0] (qfac) should be 1 (default) or -1; setting qfac to 1
2025-07-20 04:25:33,653 - nibabel.global - INFO - pixdim[0] (qfac) should be 1 (default) or -1; setting qfac to 1
pixdim[0] (qfac) should be 1 (default) or -1; setting qfac to 1
2025-07-20 04:25:33,844 - nibabel.global - INFO - pixdim[0] (qfac) should be 1 (default) or -1; setting qfac to 1
pixdim[0] (qfac) should be 1 (default) or -1; setting qfac to 1
2025-07-20 04:25:34,039 - nibabel.global - INFO - pixdim[0] (qfac) should be 1 (default) or -1; setting qfac to 1
pixdim[0] (qfac) should be 1 (default) or -1; setting qfac to 1
2025-07-20 04:25:34,234 - nibabel.global - INFO - pixdim[0] (qfac) should be 1 (default) or -1; setting qfac to 1
pixdim[0] (qfac) should be 1 (default) or -1; setting qfac to 1
2025-07-20 04:25:34,428 - nibabel.global - INFO - pixdim[0] (qfac) should be 1 (default) or -1; setting qfac to 1
pixdim[0] (qfac) should be 1 (default) or -1; setting qfac to 1
2025-07-20 04:25:34,617 - nibabel.global - INFO - pixdim[0] (qfac) should be 1 (default) or -1; setting qfac to 1
pixdim[0] (qfac) should be 1 (default) or -1; setting qfac to 1
2025-07-20 04:25:34,811 - nibabel.global - INFO - pixdim[0] (qfac) should be 1 (default) or -1; setting qfac to 1
pixdim[0] (qfac) should be 1 (default) or -1; setting qfac to 1
2025-07-20 04:25:35,005 - nibabel.global - INFO - pixdim[0] (qfac) should be 1 (default) or -1; setting qfac to 1
pixdim[0] (qfac) should be 1 (default) or -1; setting qfac to 1
2025-07-20 04:25:35,200 - nibabel.global - INFO - pixdim[0] (qfac) should be 1 (default) or -1; setting qfac to 1
pixdim[0] (qfac) should be 1 (default) or -1; setting qfac to 1
2025-07-20 04:25:35,389 - nibabel.global - INFO - pixdim[0] (qfac) should be 1 (default) or -1; setting qfac to 1
pixdim[0] (qfac) should be 1 (default) or -1; setting qfac to 1
2025-07-20 04:25:35,577 - nibabel.global - INFO - pixdim[0] (qfac) should be 1 (default) or -1; setting qfac to 1
pixdim[0] (qfac) should be 1 (default) or -1; setting qfac to 1
2025-07-20 04:25:35,771 - nibabel.global - INFO - pixdim[0] (qfac) should be 1 (default) or -1; setting qfac to 1
pixdim[0] (qfac) should be 1 (default) or -1; setting qfac to 1
2025-07-20 04:25:35,960 - nibabel.global - INFO - pixdim[0] (qfac) should be 1 (default) or -1; setting qfac to 1
pixdim[0] (qfac) should be 1 (default) or -1; setting qfac to 1
2025-07-20 04:25:36,154 - nibabel.global - INFO - pixdim[0] (qfac) should be 1 (default) or -1; setting qfac to 1
pixdim[0] (qfac) should be 1 (default) or -1; setting qfac to 1
2025-07-20 04:25:36,348 - nibabel.global - INFO - pixdim[0] (qfac) should be 1 (default) or -1; setting qfac to 1
pixdim[0] (qfac) should be 1 (default) or -1; setting qfac to 1
2025-07-20 04:25:36,542 - nibabel.global - INFO - pixdim[0] (qfac) should be 1 (default) or -1; setting qfac to 1
pixdim[0] (qfac) should be 1 (default) or -1; setting qfac to 1
2025-07-20 04:25:36,737 - nibabel.global - INFO - pixdim[0] (qfac) should be 1 (default) or -1; setting qfac to 1
pixdim[0] (qfac) should be 1 (default) or -1; setting qfac to 1
2025-07-20 04:25:36,932 - nibabel.global - INFO - pixdim[0] (qfac) should be 1 (default) or -1; setting qfac to 1
pixdim[0] (qfac) should be 1 (default) or -1; setting qfac to 1
2025-07-20 04:25:37,120 - nibabel.global - INFO - pixdim[0] (qfac) should be 1 (default) or -1; setting qfac to 1
pixdim[0] (qfac) should be 1 (default) or -1; setting qfac to 1
2025-07-20 04:25:37,313 - nibabel.global - INFO - pixdim[0] (qfac) should be 1 (default) or -1; setting qfac to 1
pixdim[0] (qfac) should be 1 (default) or -1; setting qfac to 1
2025-07-20 04:25:37,507 - nibabel.global - INFO - pixdim[0] (qfac) should be 1 (default) or -1; setting qfac to 1
pixdim[0] (qfac) should be 1 (default) or -1; setting qfac to 1
2025-07-20 04:25:37,700 - nibabel.global - INFO - pixdim[0] (qfac) should be 1 (default) or -1; setting qfac to 1
pixdim[0] (qfac) should be 1 (default) or -1; setting qfac to 1
2025-07-20 04:25:37,890 - nibabel.global - INFO - pixdim[0] (qfac) should be 1 (default) or -1; setting qfac to 1
pixdim[0] (qfac) should be 1 (default) or -1; setting qfac to 1
2025-07-20 04:25:38,083 - nibabel.global - INFO - pixdim[0] (qfac) should be 1 (default) or -1; setting qfac to 1
pixdim[0] (qfac) should be 1 (default) or -1; setting qfac to 1
2025-07-20 04:25:38,277 - nibabel.global - INFO - pixdim[0] (qfac) should be 1 (default) or -1; setting qfac to 1
pixdim[0] (qfac) should be 1 (default) or -1; setting qfac to 1
2025-07-20 04:25:38,468 - nibabel.global - INFO - pixdim[0] (qfac) should be 1 (default) or -1; setting qfac to 1
pixdim[0] (qfac) should be 1 (default) or -1; setting qfac to 1
2025-07-20 04:25:38,662 - nibabel.global - INFO - pixdim[0] (qfac) should be 1 (default) or -1; setting qfac to 1
pixdim[0] (qfac) should be 1 (default) or -1; setting qfac to 1
2025-07-20 04:25:38,855 - nibabel.global - INFO - pixdim[0] (qfac) should be 1 (default) or -1; setting qfac to 1
pixdim[0] (qfac) should be 1 (default) or -1; setting qfac to 1
2025-07-20 04:25:39,049 - nibabel.global - INFO - pixdim[0] (qfac) should be 1 (default) or -1; setting qfac to 1
pixdim[0] (qfac) should be 1 (default) or -1; setting qfac to 1
2025-07-20 04:25:39,242 - nibabel.global - INFO - pixdim[0] (qfac) should be 1 (default) or -1; setting qfac to 1
pixdim[0] (qfac) should be 1 (default) or -1; setting qfac to 1
2025-07-20 04:25:39,437 - nibabel.global - INFO - pixdim[0] (qfac) should be 1 (default) or -1; setting qfac to 1
pixdim[0] (qfac) should be 1 (default) or -1; setting qfac to 1
2025-07-20 04:25:39,629 - nibabel.global - INFO - pixdim[0] (qfac) should be 1 (default) or -1; setting qfac to 1
pixdim[0] (qfac) should be 1 (default) or -1; setting qfac to 1
2025-07-20 04:25:39,814 - nibabel.global - INFO - pixdim[0] (qfac) should be 1 (default) or -1; setting qfac to 1
pixdim[0] (qfac) should be 1 (default) or -1; setting qfac to 1
2025-07-20 04:25:40,009 - nibabel.global - INFO - pixdim[0] (qfac) should be 1 (default) or -1; setting qfac to 1
pixdim[0] (qfac) should be 1 (default) or -1; setting qfac to 1
2025-07-20 04:25:40,199 - nibabel.global - INFO - pixdim[0] (qfac) should be 1 (default) or -1; setting qfac to 1
pixdim[0] (qfac) should be 1 (default) or -1; setting qfac to 1
2025-07-20 04:25:40,393 - nibabel.global - INFO - pixdim[0] (qfac) should be 1 (default) or -1; setting qfac to 1
pixdim[0] (qfac) should be 1 (default) or -1; setting qfac to 1
2025-07-20 04:25:40,589 - nibabel.global - INFO - pixdim[0] (qfac) should be 1 (default) or -1; setting qfac to 1
pixdim[0] (qfac) should be 1 (default) or -1; setting qfac to 1
2025-07-20 04:25:40,784 - nibabel.global - INFO - pixdim[0] (qfac) should be 1 (default) or -1; setting qfac to 1
pixdim[0] (qfac) should be 1 (default) or -1; setting qfac to 1
2025-07-20 04:25:40,977 - nibabel.global - INFO - pixdim[0] (qfac) should be 1 (default) or -1; setting qfac to 1
pixdim[0] (qfac) should be 1 (default) or -1; setting qfac to 1
2025-07-20 04:25:41,172 - nibabel.global - INFO - pixdim[0] (qfac) should be 1 (default) or -1; setting qfac to 1
pixdim[0] (qfac) should be 1 (default) or -1; setting qfac to 1
2025-07-20 04:25:41,360 - nibabel.global - INFO - pixdim[0] (qfac) should be 1 (default) or -1; setting qfac to 1
pixdim[0] (qfac) should be 1 (default) or -1; setting qfac to 1
2025-07-20 04:25:41,556 - nibabel.global - INFO - pixdim[0] (qfac) should be 1 (default) or -1; setting qfac to 1
pixdim[0] (qfac) should be 1 (default) or -1; setting qfac to 1
2025-07-20 04:25:41,749 - nibabel.global - INFO - pixdim[0] (qfac) should be 1 (default) or -1; setting qfac to 1
pixdim[0] (qfac) should be 1 (default) or -1; setting qfac to 1
2025-07-20 04:25:41,944 - nibabel.global - INFO - pixdim[0] (qfac) should be 1 (default) or -1; setting qfac to 1
pixdim[0] (qfac) should be 1 (default) or -1; setting qfac to 1
2025-07-20 04:25:42,138 - nibabel.global - INFO - pixdim[0] (qfac) should be 1 (default) or -1; setting qfac to 1
pixdim[0] (qfac) should be 1 (default) or -1; setting qfac to 1
2025-07-20 04:25:42,333 - nibabel.global - INFO - pixdim[0] (qfac) should be 1 (default) or -1; setting qfac to 1
pixdim[0] (qfac) should be 1 (default) or -1; setting qfac to 1
2025-07-20 04:25:42,527 - nibabel.global - INFO - pixdim[0] (qfac) should be 1 (default) or -1; setting qfac to 1
pixdim[0] (qfac) should be 1 (default) or -1; setting qfac to 1
2025-07-20 04:25:42,721 - nibabel.global - INFO - pixdim[0] (qfac) should be 1 (default) or -1; setting qfac to 1
pixdim[0] (qfac) should be 1 (default) or -1; setting qfac to 1
2025-07-20 04:25:42,907 - nibabel.global - INFO - pixdim[0] (qfac) should be 1 (default) or -1; setting qfac to 1
pixdim[0] (qfac) should be 1 (default) or -1; setting qfac to 1
2025-07-20 04:25:43,100 - nibabel.global - INFO - pixdim[0] (qfac) should be 1 (default) or -1; setting qfac to 1
pixdim[0] (qfac) should be 1 (default) or -1; setting qfac to 1
2025-07-20 04:25:43,292 - nibabel.global - INFO - pixdim[0] (qfac) should be 1 (default) or -1; setting qfac to 1
pixdim[0] (qfac) should be 1 (default) or -1; setting qfac to 1
2025-07-20 04:25:43,487 - nibabel.global - INFO - pixdim[0] (qfac) should be 1 (default) or -1; setting qfac to 1
pixdim[0] (qfac) should be 1 (default) or -1; setting qfac to 1
2025-07-20 04:25:43,674 - nibabel.global - INFO - pixdim[0] (qfac) should be 1 (default) or -1; setting qfac to 1
pixdim[0] (qfac) should be 1 (default) or -1; setting qfac to 1
2025-07-20 04:25:43,867 - nibabel.global - INFO - pixdim[0] (qfac) should be 1 (default) or -1; setting qfac to 1
pixdim[0] (qfac) should be 1 (default) or -1; setting qfac to 1
2025-07-20 04:25:44,061 - nibabel.global - INFO - pixdim[0] (qfac) should be 1 (default) or -1; setting qfac to 1
pixdim[0] (qfac) should be 1 (default) or -1; setting qfac to 1
2025-07-20 04:25:44,256 - nibabel.global - INFO - pixdim[0] (qfac) should be 1 (default) or -1; setting qfac to 1
pixdim[0] (qfac) should be 1 (default) or -1; setting qfac to 1
2025-07-20 04:25:44,444 - nibabel.global - INFO - pixdim[0] (qfac) should be 1 (default) or -1; setting qfac to 1
pixdim[0] (qfac) should be 1 (default) or -1; setting qfac to 1
2025-07-20 04:25:44,635 - nibabel.global - INFO - pixdim[0] (qfac) should be 1 (default) or -1; setting qfac to 1
pixdim[0] (qfac) should be 1 (default) or -1; setting qfac to 1
2025-07-20 04:25:44,824 - nibabel.global - INFO - pixdim[0] (qfac) should be 1 (default) or -1; setting qfac to 1
2025-07-20 04:25:45,034 - SmartSOTA - INFO - 📊 Created 655 image-mask pairs
2025-07-20 04:25:45,036 - SmartSOTA - INFO - 🧠 Class balance: 100.00% contain lesions
2025-07-20 04:25:45,037 - SmartSOTA - INFO - Memory at dataset_load_end: CPU=1.00GB | GPU0: 0.00GB | GPU1: 0.00GB | GPU2: 0.00GB | GPU3: 0.00GB | Disk: 245.7GB free
2025-07-20 04:25:45,038 - SmartSOTA - INFO - 🧮 Dataset split: Train=557 (85.0%), Validation=98 (15.0%)
2025-07-20 04:25:45,040 - SmartSOTA - INFO - ⚖️ Lesion representation: Train=100.0%, Validation=100.0%
2025-07-20 04:25:45,042 - SmartSOTA - INFO - 🔧 Data generator initialized: 524 samples, cache=enabled
2025-07-20 04:25:45,043 - SmartSOTA - INFO - 🔧 Data generator initialized: 98 samples, cache=enabled
2025-07-20 04:25:45,044 - SmartSOTA - INFO - Memory at generator_creation_end: CPU=1.00GB | GPU0: 0.00GB | GPU1: 0.00GB | GPU2: 0.00GB | GPU3: 0.00GB | Disk: 245.7GB free
2025-07-20 04:25:45,045 - SmartSOTA - INFO - ✅ Created optimized generators: Train=262 batches, Val=49 batches
2025-07-20 04:25:45,046 - SmartSOTA - INFO - 🧪 Testing data generators...
pixdim[0] (qfac) should be 1 (default) or -1; setting qfac to 1
2025-07-20 04:25:45,764 - nibabel.global - INFO - pixdim[0] (qfac) should be 1 (default) or -1; setting qfac to 1
pixdim[0] (qfac) should be 1 (default) or -1; setting qfac to 1
2025-07-20 04:25:45,792 - nibabel.global - INFO - pixdim[0] (qfac) should be 1 (default) or -1; setting qfac to 1
2025-07-20 04:25:46,903 - SmartSOTA - INFO - ✅ Generator test successful: X shape: (2, 192, 224, 176, 1), Y shape: (2, 192, 224, 176, 1)
2025-07-20 04:25:46,968 - SmartSOTA - INFO - Memory at data_loading_complete: CPU=1.14GB | GPU0: 0.00GB | GPU1: 0.00GB | GPU2: 0.00GB | GPU3: 0.00GB | Disk: 245.7GB free
2025-07-20 04:25:46,970 - SmartSOTA - INFO - 🏗️ Building model...
2025-07-20 04:25:47,154 - tensorflow - INFO - Reduce to /job:localhost/replica:0/task:0/device:CPU:0 then broadcast to ('/job:localhost/replica:0/task:0/device:CPU:0',).
2025-07-20 04:25:47,160 - tensorflow - INFO - Reduce to /job:localhost/replica:0/task:0/device:CPU:0 then broadcast to ('/job:localhost/replica:0/task:0/device:CPU:0',).
2025-07-20 04:25:47,205 - tensorflow - INFO - Reduce to /job:localhost/replica:0/task:0/device:CPU:0 then broadcast to ('/job:localhost/replica:0/task:0/device:CPU:0',).
2025-07-20 04:25:47,210 - tensorflow - INFO - Reduce to /job:localhost/replica:0/task:0/device:CPU:0 then broadcast to ('/job:localhost/replica:0/task:0/device:CPU:0',).
2025-07-20 04:25:47,253 - tensorflow - INFO - Reduce to /job:localhost/replica:0/task:0/device:CPU:0 then broadcast to ('/job:localhost/replica:0/task:0/device:CPU:0',).
2025-07-20 04:25:47,257 - tensorflow - INFO - Reduce to /job:localhost/replica:0/task:0/device:CPU:0 then broadcast to ('/job:localhost/replica:0/task:0/device:CPU:0',).
2025-07-20 04:25:47,317 - tensorflow - INFO - Reduce to /job:localhost/replica:0/task:0/device:CPU:0 then broadcast to ('/job:localhost/replica:0/task:0/device:CPU:0',).
2025-07-20 04:25:47,321 - tensorflow - INFO - Reduce to /job:localhost/replica:0/task:0/device:CPU:0 then broadcast to ('/job:localhost/replica:0/task:0/device:CPU:0',).
2025-07-20 04:25:47,366 - tensorflow - INFO - Reduce to /job:localhost/replica:0/task:0/device:CPU:0 then broadcast to ('/job:localhost/replica:0/task:0/device:CPU:0',).
2025-07-20 04:25:47,370 - tensorflow - INFO - Reduce to /job:localhost/replica:0/task:0/device:CPU:0 then broadcast to ('/job:localhost/replica:0/task:0/device:CPU:0',).
2025-07-20 04:25:49,080 - SmartSOTA - INFO - ✅ Built model with 5.13M parameters
2025-07-20 04:25:49,109 - SmartSOTA - INFO - ✅ Model compiled: 5.13M parameters
2025-07-20 04:25:49,112 - SmartSOTA - INFO - Memory at model_build_complete: CPU=1.18GB | GPU0: 0.02GB | GPU1: 0.02GB | GPU2: 0.02GB | GPU3: 0.02GB | Disk: 245.7GB free
2025-07-20 04:25:49,122 - SmartSOTA - INFO - ✅ Configured 7 callbacks
2025-07-20 04:25:49,123 - SmartSOTA - INFO - 🚀 Starting training...
2025-07-20 04:25:49,124 - SmartSOTA - INFO - Memory at training_start: CPU=1.18GB | GPU0: 0.02GB | GPU1: 0.02GB | GPU2: 0.02GB | GPU3: 0.02GB | Disk: 245.7GB free
2025-07-20 04:25:49,125 - SmartSOTA - INFO - 🔍 Running pre-training validation...
pixdim[0] (qfac) should be 1 (default) or -1; setting qfac to 1
2025-07-20 04:25:49,779 - nibabel.global - INFO - pixdim[0] (qfac) should be 1 (default) or -1; setting qfac to 1
pixdim[0] (qfac) should be 1 (default) or -1; setting qfac to 1
2025-07-20 04:25:50,669 - nibabel.global - INFO - pixdim[0] (qfac) should be 1 (default) or -1; setting qfac to 1
pixdim[0] (qfac) should be 1 (default) or -1; setting qfac to 1
2025-07-20 04:25:56,890 - nibabel.global - INFO - pixdim[0] (qfac) should be 1 (default) or -1; setting qfac to 1
pixdim[0] (qfac) should be 1 (default) or -1; setting qfac to 1
2025-07-20 04:25:57,157 - nibabel.global - INFO - pixdim[0] (qfac) should be 1 (default) or -1; setting qfac to 1
pixdim[0] (qfac) should be 1 (default) or -1; setting qfac to 1
2025-07-20 04:25:58,274 - nibabel.global - INFO - pixdim[0] (qfac) should be 1 (default) or -1; setting qfac to 1
pixdim[0] (qfac) should be 1 (default) or -1; setting qfac to 1
2025-07-20 04:25:59,175 - nibabel.global - INFO - pixdim[0] (qfac) should be 1 (default) or -1; setting qfac to 1
pixdim[0] (qfac) should be 1 (default) or -1; setting qfac to 1
2025-07-20 04:26:00,241 - nibabel.global - INFO - pixdim[0] (qfac) should be 1 (default) or -1; setting qfac to 1
pixdim[0] (qfac) should be 1 (default) or -1; setting qfac to 1
2025-07-20 04:26:01,155 - nibabel.global - INFO - pixdim[0] (qfac) should be 1 (default) or -1; setting qfac to 1
pixdim[0] (qfac) should be 1 (default) or -1; setting qfac to 1
2025-07-20 04:26:02,215 - nibabel.global - INFO - pixdim[0] (qfac) should be 1 (default) or -1; setting qfac to 1
pixdim[0] (qfac) should be 1 (default) or -1; setting qfac to 1
2025-07-20 04:26:03,131 - nibabel.global - INFO - pixdim[0] (qfac) should be 1 (default) or -1; setting qfac to 1
pixdim[0] (qfac) should be 1 (default) or -1; setting qfac to 1
2025-07-20 04:26:04,205 - nibabel.global - INFO - pixdim[0] (qfac) should be 1 (default) or -1; setting qfac to 1
pixdim[0] (qfac) should be 1 (default) or -1; setting qfac to 1
2025-07-20 04:26:05,171 - nibabel.global - INFO - pixdim[0] (qfac) should be 1 (default) or -1; setting qfac to 1
pixdim[0] (qfac) should be 1 (default) or -1; setting qfac to 1
2025-07-20 04:26:06,257 - nibabel.global - INFO - pixdim[0] (qfac) should be 1 (default) or -1; setting qfac to 1
pixdim[0] (qfac) should be 1 (default) or -1; setting qfac to 1
2025-07-20 04:26:07,104 - nibabel.global - INFO - pixdim[0] (qfac) should be 1 (default) or -1; setting qfac to 1
pixdim[0] (qfac) should be 1 (default) or -1; setting qfac to 1
2025-07-20 04:26:08,166 - nibabel.global - INFO - pixdim[0] (qfac) should be 1 (default) or -1; setting qfac to 1
pixdim[0] (qfac) should be 1 (default) or -1; setting qfac to 1
2025-07-20 04:26:09,020 - nibabel.global - INFO - pixdim[0] (qfac) should be 1 (default) or -1; setting qfac to 1
 1/49 [..............................] - ETA: 14:32 - loss: 2.3779 - dice_coefficient: 0.5012 2/49 [>.............................] - ETA: 7s - loss: 2.3749 - dice_coefficient: 0.5026    3/49 [>.............................] - ETA: 7s - loss: 2.3754 - dice_coefficient: 0.5024 4/49 [=>............................] - ETA: 6s - loss: 2.3711 - dice_coefficient: 0.5045 5/49 [==>...........................] - ETA: 6s - loss: 2.3729 - dice_coefficient: 0.5037pixdim[0] (qfac) should be 1 (default) or -1; setting qfac to 1
2025-07-20 04:26:10,145 - nibabel.global - INFO - pixdim[0] (qfac) should be 1 (default) or -1; setting qfac to 1
 6/49 [==>...........................] - ETA: 6s - loss: 2.3721 - dice_coefficient: 0.5040 7/49 [===>..........................] - ETA: 6s - loss: 2.3710 - dice_coefficient: 0.5046pixdim[0] (qfac) should be 1 (default) or -1; setting qfac to 1
2025-07-20 04:26:11,047 - nibabel.global - INFO - pixdim[0] (qfac) should be 1 (default) or -1; setting qfac to 1
 8/49 [===>..........................] - ETA: 13s - loss: 2.3702 - dice_coefficient: 0.5050pixdim[0] (qfac) should be 1 (default) or -1; setting qfac to 1
2025-07-20 04:26:12,080 - nibabel.global - INFO - pixdim[0] (qfac) should be 1 (default) or -1; setting qfac to 1
pixdim[0] (qfac) should be 1 (default) or -1; setting qfac to 1
2025-07-20 04:26:12,988 - nibabel.global - INFO - pixdim[0] (qfac) should be 1 (default) or -1; setting qfac to 1
 9/49 [====>.........................] - ETA: 20s - loss: 2.3707 - dice_coefficient: 0.5048pixdim[0] (qfac) should be 1 (default) or -1; setting qfac to 1
2025-07-20 04:26:14,058 - nibabel.global - INFO - pixdim[0] (qfac) should be 1 (default) or -1; setting qfac to 1
pixdim[0] (qfac) should be 1 (default) or -1; setting qfac to 1
2025-07-20 04:26:14,995 - nibabel.global - INFO - pixdim[0] (qfac) should be 1 (default) or -1; setting qfac to 1
10/49 [=====>........................] - ETA: 26s - loss: 2.3716 - dice_coefficient: 0.5043pixdim[0] (qfac) should be 1 (default) or -1; setting qfac to 1
2025-07-20 04:26:16,075 - nibabel.global - INFO - pixdim[0] (qfac) should be 1 (default) or -1; setting qfac to 1
pixdim[0] (qfac) should be 1 (default) or -1; setting qfac to 1
2025-07-20 04:26:16,971 - nibabel.global - INFO - pixdim[0] (qfac) should be 1 (default) or -1; setting qfac to 1
11/49 [=====>........................] - ETA: 31s - loss: 2.3723 - dice_coefficient: 0.5040pixdim[0] (qfac) should be 1 (default) or -1; setting qfac to 1
2025-07-20 04:26:18,012 - nibabel.global - INFO - pixdim[0] (qfac) should be 1 (default) or -1; setting qfac to 1
pixdim[0] (qfac) should be 1 (default) or -1; setting qfac to 1
2025-07-20 04:26:18,905 - nibabel.global - INFO - pixdim[0] (qfac) should be 1 (default) or -1; setting qfac to 1
12/49 [======>.......................] - ETA: 33s - loss: 2.3723 - dice_coefficient: 0.5039pixdim[0] (qfac) should be 1 (default) or -1; setting qfac to 1
2025-07-20 04:26:19,976 - nibabel.global - INFO - pixdim[0] (qfac) should be 1 (default) or -1; setting qfac to 1
pixdim[0] (qfac) should be 1 (default) or -1; setting qfac to 1
2025-07-20 04:26:20,864 - nibabel.global - INFO - pixdim[0] (qfac) should be 1 (default) or -1; setting qfac to 1
13/49 [======>.......................] - ETA: 36s - loss: 2.3727 - dice_coefficient: 0.5038pixdim[0] (qfac) should be 1 (default) or -1; setting qfac to 1
2025-07-20 04:26:21,939 - nibabel.global - INFO - pixdim[0] (qfac) should be 1 (default) or -1; setting qfac to 1
pixdim[0] (qfac) should be 1 (default) or -1; setting qfac to 1
2025-07-20 04:26:22,864 - nibabel.global - INFO - pixdim[0] (qfac) should be 1 (default) or -1; setting qfac to 1
14/49 [=======>......................] - ETA: 37s - loss: 2.3731 - dice_coefficient: 0.5035pixdim[0] (qfac) should be 1 (default) or -1; setting qfac to 1
2025-07-20 04:26:23,960 - nibabel.global - INFO - pixdim[0] (qfac) should be 1 (default) or -1; setting qfac to 1
pixdim[0] (qfac) should be 1 (default) or -1; setting qfac to 1
2025-07-20 04:26:24,893 - nibabel.global - INFO - pixdim[0] (qfac) should be 1 (default) or -1; setting qfac to 1
15/49 [========>.....................] - ETA: 39s - loss: 2.3699 - dice_coefficient: 0.5051pixdim[0] (qfac) should be 1 (default) or -1; setting qfac to 1
2025-07-20 04:26:25,967 - nibabel.global - INFO - pixdim[0] (qfac) should be 1 (default) or -1; setting qfac to 1
pixdim[0] (qfac) should be 1 (default) or -1; setting qfac to 1
2025-07-20 04:26:26,835 - nibabel.global - INFO - pixdim[0] (qfac) should be 1 (default) or -1; setting qfac to 1
16/49 [========>.....................] - ETA: 39s - loss: 2.3703 - dice_coefficient: 0.5049pixdim[0] (qfac) should be 1 (default) or -1; setting qfac to 1
2025-07-20 04:26:27,882 - nibabel.global - INFO - pixdim[0] (qfac) should be 1 (default) or -1; setting qfac to 1
pixdim[0] (qfac) should be 1 (default) or -1; setting qfac to 1
2025-07-20 04:26:28,789 - nibabel.global - INFO - pixdim[0] (qfac) should be 1 (default) or -1; setting qfac to 1
17/49 [=========>....................] - ETA: 39s - loss: 2.3709 - dice_coefficient: 0.5046pixdim[0] (qfac) should be 1 (default) or -1; setting qfac to 1
2025-07-20 04:26:29,882 - nibabel.global - INFO - pixdim[0] (qfac) should be 1 (default) or -1; setting qfac to 1
pixdim[0] (qfac) should be 1 (default) or -1; setting qfac to 1
2025-07-20 04:26:30,748 - nibabel.global - INFO - pixdim[0] (qfac) should be 1 (default) or -1; setting qfac to 1
18/49 [==========>...................] - ETA: 39s - loss: 2.3714 - dice_coefficient: 0.5044pixdim[0] (qfac) should be 1 (default) or -1; setting qfac to 1
2025-07-20 04:26:31,793 - nibabel.global - INFO - pixdim[0] (qfac) should be 1 (default) or -1; setting qfac to 1
pixdim[0] (qfac) should be 1 (default) or -1; setting qfac to 1
2025-07-20 04:26:32,710 - nibabel.global - INFO - pixdim[0] (qfac) should be 1 (default) or -1; setting qfac to 1
19/49 [==========>...................] - ETA: 39s - loss: 2.3712 - dice_coefficient: 0.5045pixdim[0] (qfac) should be 1 (default) or -1; setting qfac to 1
2025-07-20 04:26:33,806 - nibabel.global - INFO - pixdim[0] (qfac) should be 1 (default) or -1; setting qfac to 1
pixdim[0] (qfac) should be 1 (default) or -1; setting qfac to 1
2025-07-20 04:26:34,749 - nibabel.global - INFO - pixdim[0] (qfac) should be 1 (default) or -1; setting qfac to 1
20/49 [===========>..................] - ETA: 39s - loss: 2.3716 - dice_coefficient: 0.5043pixdim[0] (qfac) should be 1 (default) or -1; setting qfac to 1
2025-07-20 04:26:35,813 - nibabel.global - INFO - pixdim[0] (qfac) should be 1 (default) or -1; setting qfac to 1
pixdim[0] (qfac) should be 1 (default) or -1; setting qfac to 1
2025-07-20 04:26:36,735 - nibabel.global - INFO - pixdim[0] (qfac) should be 1 (default) or -1; setting qfac to 1
21/49 [===========>..................] - ETA: 39s - loss: 2.3718 - dice_coefficient: 0.5042pixdim[0] (qfac) should be 1 (default) or -1; setting qfac to 1
2025-07-20 04:26:37,815 - nibabel.global - INFO - pixdim[0] (qfac) should be 1 (default) or -1; setting qfac to 1
pixdim[0] (qfac) should be 1 (default) or -1; setting qfac to 1
2025-07-20 04:26:38,695 - nibabel.global - INFO - pixdim[0] (qfac) should be 1 (default) or -1; setting qfac to 1
22/49 [============>.................] - ETA: 38s - loss: 2.3721 - dice_coefficient: 0.5041pixdim[0] (qfac) should be 1 (default) or -1; setting qfac to 1
2025-07-20 04:26:39,787 - nibabel.global - INFO - pixdim[0] (qfac) should be 1 (default) or -1; setting qfac to 1
pixdim[0] (qfac) should be 1 (default) or -1; setting qfac to 1
2025-07-20 04:26:40,766 - nibabel.global - INFO - pixdim[0] (qfac) should be 1 (default) or -1; setting qfac to 1
23/49 [=============>................] - ETA: 37s - loss: 2.3724 - dice_coefficient: 0.5039pixdim[0] (qfac) should be 1 (default) or -1; setting qfac to 1
2025-07-20 04:26:41,838 - nibabel.global - INFO - pixdim[0] (qfac) should be 1 (default) or -1; setting qfac to 1
pixdim[0] (qfac) should be 1 (default) or -1; setting qfac to 1
2025-07-20 04:26:42,727 - nibabel.global - INFO - pixdim[0] (qfac) should be 1 (default) or -1; setting qfac to 1
24/49 [=============>................] - ETA: 36s - loss: 2.3705 - dice_coefficient: 0.5049pixdim[0] (qfac) should be 1 (default) or -1; setting qfac to 1
2025-07-20 04:26:43,778 - nibabel.global - INFO - pixdim[0] (qfac) should be 1 (default) or -1; setting qfac to 1
pixdim[0] (qfac) should be 1 (default) or -1; setting qfac to 1
2025-07-20 04:26:44,662 - nibabel.global - INFO - pixdim[0] (qfac) should be 1 (default) or -1; setting qfac to 1
25/49 [==============>...............] - ETA: 35s - loss: 2.3704 - dice_coefficient: 0.5049pixdim[0] (qfac) should be 1 (default) or -1; setting qfac to 1
2025-07-20 04:26:45,724 - nibabel.global - INFO - pixdim[0] (qfac) should be 1 (default) or -1; setting qfac to 1
pixdim[0] (qfac) should be 1 (default) or -1; setting qfac to 1
2025-07-20 04:26:46,631 - nibabel.global - INFO - pixdim[0] (qfac) should be 1 (default) or -1; setting qfac to 1
26/49 [==============>...............] - ETA: 34s - loss: 2.3702 - dice_coefficient: 0.5050pixdim[0] (qfac) should be 1 (default) or -1; setting qfac to 1
2025-07-20 04:26:47,739 - nibabel.global - INFO - pixdim[0] (qfac) should be 1 (default) or -1; setting qfac to 1
pixdim[0] (qfac) should be 1 (default) or -1; setting qfac to 1
2025-07-20 04:26:48,676 - nibabel.global - INFO - pixdim[0] (qfac) should be 1 (default) or -1; setting qfac to 1
27/49 [===============>..............] - ETA: 33s - loss: 2.3705 - dice_coefficient: 0.5049pixdim[0] (qfac) should be 1 (default) or -1; setting qfac to 1
2025-07-20 04:26:49,751 - nibabel.global - INFO - pixdim[0] (qfac) should be 1 (default) or -1; setting qfac to 1
pixdim[0] (qfac) should be 1 (default) or -1; setting qfac to 1
2025-07-20 04:26:50,004 - nibabel.global - INFO - pixdim[0] (qfac) should be 1 (default) or -1; setting qfac to 1
pixdim[0] (qfac) should be 1 (default) or -1; setting qfac to 1
2025-07-20 04:26:50,691 - nibabel.global - INFO - pixdim[0] (qfac) should be 1 (default) or -1; setting qfac to 1
28/49 [================>.............] - ETA: 32s - loss: 2.3706 - dice_coefficient: 0.5048pixdim[0] (qfac) should be 1 (default) or -1; setting qfac to 1
2025-07-20 04:26:51,748 - nibabel.global - INFO - pixdim[0] (qfac) should be 1 (default) or -1; setting qfac to 1
pixdim[0] (qfac) should be 1 (default) or -1; setting qfac to 1
2025-07-20 04:26:52,642 - nibabel.global - INFO - pixdim[0] (qfac) should be 1 (default) or -1; setting qfac to 1
29/49 [================>.............] - ETA: 31s - loss: 2.3707 - dice_coefficient: 0.5047pixdim[0] (qfac) should be 1 (default) or -1; setting qfac to 1
2025-07-20 04:26:53,767 - nibabel.global - INFO - pixdim[0] (qfac) should be 1 (default) or -1; setting qfac to 1
pixdim[0] (qfac) should be 1 (default) or -1; setting qfac to 1
2025-07-20 04:26:54,723 - nibabel.global - INFO - pixdim[0] (qfac) should be 1 (default) or -1; setting qfac to 1
30/49 [=================>............] - ETA: 30s - loss: 2.3710 - dice_coefficient: 0.5046pixdim[0] (qfac) should be 1 (default) or -1; setting qfac to 1
2025-07-20 04:26:55,775 - nibabel.global - INFO - pixdim[0] (qfac) should be 1 (default) or -1; setting qfac to 1
pixdim[0] (qfac) should be 1 (default) or -1; setting qfac to 1
2025-07-20 04:26:56,671 - nibabel.global - INFO - pixdim[0] (qfac) should be 1 (default) or -1; setting qfac to 1
31/49 [=================>............] - ETA: 28s - loss: 2.3712 - dice_coefficient: 0.5045pixdim[0] (qfac) should be 1 (default) or -1; setting qfac to 1
2025-07-20 04:26:57,768 - nibabel.global - INFO - pixdim[0] (qfac) should be 1 (default) or -1; setting qfac to 1
pixdim[0] (qfac) should be 1 (default) or -1; setting qfac to 1
2025-07-20 04:26:58,705 - nibabel.global - INFO - pixdim[0] (qfac) should be 1 (default) or -1; setting qfac to 1
32/49 [==================>...........] - ETA: 27s - loss: 2.3712 - dice_coefficient: 0.5045pixdim[0] (qfac) should be 1 (default) or -1; setting qfac to 1
2025-07-20 04:26:59,762 - nibabel.global - INFO - pixdim[0] (qfac) should be 1 (default) or -1; setting qfac to 1
pixdim[0] (qfac) should be 1 (default) or -1; setting qfac to 1
2025-07-20 04:27:00,686 - nibabel.global - INFO - pixdim[0] (qfac) should be 1 (default) or -1; setting qfac to 1
33/49 [===================>..........] - ETA: 25s - loss: 2.3710 - dice_coefficient: 0.5046pixdim[0] (qfac) should be 1 (default) or -1; setting qfac to 1
2025-07-20 04:27:01,769 - nibabel.global - INFO - pixdim[0] (qfac) should be 1 (default) or -1; setting qfac to 1
pixdim[0] (qfac) should be 1 (default) or -1; setting qfac to 1
2025-07-20 04:27:02,695 - nibabel.global - INFO - pixdim[0] (qfac) should be 1 (default) or -1; setting qfac to 1
34/49 [===================>..........] - ETA: 24s - loss: 2.3712 - dice_coefficient: 0.5045pixdim[0] (qfac) should be 1 (default) or -1; setting qfac to 1
2025-07-20 04:27:03,782 - nibabel.global - INFO - pixdim[0] (qfac) should be 1 (default) or -1; setting qfac to 1
pixdim[0] (qfac) should be 1 (default) or -1; setting qfac to 1
2025-07-20 04:27:04,709 - nibabel.global - INFO - pixdim[0] (qfac) should be 1 (default) or -1; setting qfac to 1
35/49 [====================>.........] - ETA: 23s - loss: 2.3714 - dice_coefficient: 0.5044pixdim[0] (qfac) should be 1 (default) or -1; setting qfac to 1
2025-07-20 04:27:05,840 - nibabel.global - INFO - pixdim[0] (qfac) should be 1 (default) or -1; setting qfac to 1
pixdim[0] (qfac) should be 1 (default) or -1; setting qfac to 1
2025-07-20 04:27:06,784 - nibabel.global - INFO - pixdim[0] (qfac) should be 1 (default) or -1; setting qfac to 1
36/49 [=====================>........] - ETA: 21s - loss: 2.3717 - dice_coefficient: 0.5043pixdim[0] (qfac) should be 1 (default) or -1; setting qfac to 1
2025-07-20 04:27:07,858 - nibabel.global - INFO - pixdim[0] (qfac) should be 1 (default) or -1; setting qfac to 1
pixdim[0] (qfac) should be 1 (default) or -1; setting qfac to 1
2025-07-20 04:27:08,799 - nibabel.global - INFO - pixdim[0] (qfac) should be 1 (default) or -1; setting qfac to 1
37/49 [=====================>........] - ETA: 19s - loss: 2.3717 - dice_coefficient: 0.5042pixdim[0] (qfac) should be 1 (default) or -1; setting qfac to 1
2025-07-20 04:27:09,895 - nibabel.global - INFO - pixdim[0] (qfac) should be 1 (default) or -1; setting qfac to 1
pixdim[0] (qfac) should be 1 (default) or -1; setting qfac to 1
2025-07-20 04:27:10,803 - nibabel.global - INFO - pixdim[0] (qfac) should be 1 (default) or -1; setting qfac to 1
38/49 [======================>.......] - ETA: 18s - loss: 2.3720 - dice_coefficient: 0.5041pixdim[0] (qfac) should be 1 (default) or -1; setting qfac to 1
2025-07-20 04:27:11,887 - nibabel.global - INFO - pixdim[0] (qfac) should be 1 (default) or -1; setting qfac to 1
pixdim[0] (qfac) should be 1 (default) or -1; setting qfac to 1
2025-07-20 04:27:12,805 - nibabel.global - INFO - pixdim[0] (qfac) should be 1 (default) or -1; setting qfac to 1
39/49 [======================>.......] - ETA: 16s - loss: 2.3720 - dice_coefficient: 0.5041pixdim[0] (qfac) should be 1 (default) or -1; setting qfac to 1
2025-07-20 04:27:13,860 - nibabel.global - INFO - pixdim[0] (qfac) should be 1 (default) or -1; setting qfac to 1
pixdim[0] (qfac) should be 1 (default) or -1; setting qfac to 1
2025-07-20 04:27:14,800 - nibabel.global - INFO - pixdim[0] (qfac) should be 1 (default) or -1; setting qfac to 1
40/49 [=======================>......] - ETA: 15s - loss: 2.3719 - dice_coefficient: 0.5041pixdim[0] (qfac) should be 1 (default) or -1; setting qfac to 1
2025-07-20 04:27:15,872 - nibabel.global - INFO - pixdim[0] (qfac) should be 1 (default) or -1; setting qfac to 1
pixdim[0] (qfac) should be 1 (default) or -1; setting qfac to 1
2025-07-20 04:27:16,750 - nibabel.global - INFO - pixdim[0] (qfac) should be 1 (default) or -1; setting qfac to 1
41/49 [========================>.....] - ETA: 13s - loss: 2.3720 - dice_coefficient: 0.5041pixdim[0] (qfac) should be 1 (default) or -1; setting qfac to 1
2025-07-20 04:27:17,821 - nibabel.global - INFO - pixdim[0] (qfac) should be 1 (default) or -1; setting qfac to 1
pixdim[0] (qfac) should be 1 (default) or -1; setting qfac to 1
2025-07-20 04:27:18,735 - nibabel.global - INFO - pixdim[0] (qfac) should be 1 (default) or -1; setting qfac to 1
42/49 [========================>.....] - ETA: 11s - loss: 2.3718 - dice_coefficient: 0.5042pixdim[0] (qfac) should be 1 (default) or -1; setting qfac to 1
2025-07-20 04:27:19,831 - nibabel.global - INFO - pixdim[0] (qfac) should be 1 (default) or -1; setting qfac to 1
pixdim[0] (qfac) should be 1 (default) or -1; setting qfac to 1
2025-07-20 04:27:20,773 - nibabel.global - INFO - pixdim[0] (qfac) should be 1 (default) or -1; setting qfac to 1
43/49 [=========================>....] - ETA: 10s - loss: 2.3720 - dice_coefficient: 0.5041pixdim[0] (qfac) should be 1 (default) or -1; setting qfac to 1
2025-07-20 04:27:21,860 - nibabel.global - INFO - pixdim[0] (qfac) should be 1 (default) or -1; setting qfac to 1
pixdim[0] (qfac) should be 1 (default) or -1; setting qfac to 1
2025-07-20 04:27:22,764 - nibabel.global - INFO - pixdim[0] (qfac) should be 1 (default) or -1; setting qfac to 1
44/49 [=========================>....] - ETA: 8s - loss: 2.3722 - dice_coefficient: 0.5040 pixdim[0] (qfac) should be 1 (default) or -1; setting qfac to 1
2025-07-20 04:27:23,821 - nibabel.global - INFO - pixdim[0] (qfac) should be 1 (default) or -1; setting qfac to 1
pixdim[0] (qfac) should be 1 (default) or -1; setting qfac to 1
2025-07-20 04:27:24,743 - nibabel.global - INFO - pixdim[0] (qfac) should be 1 (default) or -1; setting qfac to 1
45/49 [==========================>...] - ETA: 6s - loss: 2.3723 - dice_coefficient: 0.5039pixdim[0] (qfac) should be 1 (default) or -1; setting qfac to 1
2025-07-20 04:27:25,908 - nibabel.global - INFO - pixdim[0] (qfac) should be 1 (default) or -1; setting qfac to 1
pixdim[0] (qfac) should be 1 (default) or -1; setting qfac to 1
2025-07-20 04:27:26,807 - nibabel.global - INFO - pixdim[0] (qfac) should be 1 (default) or -1; setting qfac to 1
46/49 [===========================>..] - ETA: 5s - loss: 2.3725 - dice_coefficient: 0.5039pixdim[0] (qfac) should be 1 (default) or -1; setting qfac to 1
2025-07-20 04:27:27,925 - nibabel.global - INFO - pixdim[0] (qfac) should be 1 (default) or -1; setting qfac to 1
pixdim[0] (qfac) should be 1 (default) or -1; setting qfac to 1
2025-07-20 04:27:28,832 - nibabel.global - INFO - pixdim[0] (qfac) should be 1 (default) or -1; setting qfac to 1
47/49 [===========================>..] - ETA: 3s - loss: 2.3726 - dice_coefficient: 0.5038pixdim[0] (qfac) should be 1 (default) or -1; setting qfac to 1
2025-07-20 04:27:29,912 - nibabel.global - INFO - pixdim[0] (qfac) should be 1 (default) or -1; setting qfac to 1
pixdim[0] (qfac) should be 1 (default) or -1; setting qfac to 1
2025-07-20 04:27:30,834 - nibabel.global - INFO - pixdim[0] (qfac) should be 1 (default) or -1; setting qfac to 1
48/49 [============================>.] - ETA: 1s - loss: 2.3726 - dice_coefficient: 0.5038pixdim[0] (qfac) should be 1 (default) or -1; setting qfac to 1
2025-07-20 04:27:31,884 - nibabel.global - INFO - pixdim[0] (qfac) should be 1 (default) or -1; setting qfac to 1
pixdim[0] (qfac) should be 1 (default) or -1; setting qfac to 1
2025-07-20 04:27:32,828 - nibabel.global - INFO - pixdim[0] (qfac) should be 1 (default) or -1; setting qfac to 1
49/49 [==============================] - ETA: 0s - loss: 2.3726 - dice_coefficient: 0.50382025-07-20 04:27:33,501 - SmartSOTA - INFO - 🧹 Cache cleared for memory optimization
49/49 [==============================] - 102s 2s/step - loss: 2.3726 - dice_coefficient: 0.5038
2025-07-20 04:27:33,516 - SmartSOTA - INFO - Pre-training validation: {'loss': 2.3725664615631104, 'dice_coefficient': 0.5038202404975891}
pixdim[0] (qfac) should be 1 (default) or -1; setting qfac to 1
pixdim[0] (qfac) should be 1 (default) or -1; setting qfac to 1
2025-07-20 04:27:33,537 - nibabel.global - INFO - pixdim[0] (qfac) should be 1 (default) or -1; setting qfac to 1
2025-07-20 04:27:33,538 - nibabel.global - INFO - pixdim[0] (qfac) should be 1 (default) or -1; setting qfac to 1
2025-07-20 04:27:34,373 - SmartSOTA - INFO - 🔥 Epoch 1: LR = 2.50e-06
2025-07-20 04:27:34,374 - SmartSOTA - INFO - Memory at epoch_0_start: CPU=2.84GB | GPU0: 0.02GB | GPU1: 0.02GB | GPU2: 0.02GB | GPU3: 0.02GB | Disk: 245.7GB free
Epoch 1/200
2025-07-20 04:27:34,376 - SmartSOTA - INFO - Memory at batch_0: CPU=2.84GB | GPU0: 0.02GB | GPU1: 0.02GB | GPU2: 0.02GB | GPU3: 0.02GB | Disk: 245.7GB free
2025-07-20 04:27:39,526 - tensorflow - INFO - Reduce to /job:localhost/replica:0/task:0/device:GPU:0 then broadcast to ('/job:localhost/replica:0/task:0/device:GPU:0', '/job:localhost/replica:0/task:0/device:GPU:1', '/job:localhost/replica:0/task:0/device:GPU:2', '/job:localhost/replica:0/task:0/device:GPU:3').
2025-07-20 04:27:39,530 - tensorflow - INFO - Reduce to /job:localhost/replica:0/task:0/device:GPU:0 then broadcast to ('/job:localhost/replica:0/task:0/device:GPU:0', '/job:localhost/replica:0/task:0/device:GPU:1', '/job:localhost/replica:0/task:0/device:GPU:2', '/job:localhost/replica:0/task:0/device:GPU:3').
2025-07-20 04:27:39,533 - tensorflow - INFO - Reduce to /job:localhost/replica:0/task:0/device:GPU:0 then broadcast to ('/job:localhost/replica:0/task:0/device:GPU:0', '/job:localhost/replica:0/task:0/device:GPU:1', '/job:localhost/replica:0/task:0/device:GPU:2', '/job:localhost/replica:0/task:0/device:GPU:3').
2025-07-20 04:27:39,536 - tensorflow - INFO - Reduce to /job:localhost/replica:0/task:0/device:GPU:0 then broadcast to ('/job:localhost/replica:0/task:0/device:GPU:0', '/job:localhost/replica:0/task:0/device:GPU:1', '/job:localhost/replica:0/task:0/device:GPU:2', '/job:localhost/replica:0/task:0/device:GPU:3').
2025-07-20 04:27:39,538 - tensorflow - INFO - Reduce to /job:localhost/replica:0/task:0/device:GPU:0 then broadcast to ('/job:localhost/replica:0/task:0/device:GPU:0', '/job:localhost/replica:0/task:0/device:GPU:1', '/job:localhost/replica:0/task:0/device:GPU:2', '/job:localhost/replica:0/task:0/device:GPU:3').
2025-07-20 04:27:39,541 - tensorflow - INFO - Reduce to /job:localhost/replica:0/task:0/device:GPU:0 then broadcast to ('/job:localhost/replica:0/task:0/device:GPU:0', '/job:localhost/replica:0/task:0/device:GPU:1', '/job:localhost/replica:0/task:0/device:GPU:2', '/job:localhost/replica:0/task:0/device:GPU:3').
2025-07-20 04:27:39,544 - tensorflow - INFO - Reduce to /job:localhost/replica:0/task:0/device:GPU:0 then broadcast to ('/job:localhost/replica:0/task:0/device:GPU:0', '/job:localhost/replica:0/task:0/device:GPU:1', '/job:localhost/replica:0/task:0/device:GPU:2', '/job:localhost/replica:0/task:0/device:GPU:3').
2025-07-20 04:27:39,547 - tensorflow - INFO - Reduce to /job:localhost/replica:0/task:0/device:GPU:0 then broadcast to ('/job:localhost/replica:0/task:0/device:GPU:0', '/job:localhost/replica:0/task:0/device:GPU:1', '/job:localhost/replica:0/task:0/device:GPU:2', '/job:localhost/replica:0/task:0/device:GPU:3').
2025-07-20 04:27:39,549 - tensorflow - INFO - Reduce to /job:localhost/replica:0/task:0/device:GPU:0 then broadcast to ('/job:localhost/replica:0/task:0/device:GPU:0', '/job:localhost/replica:0/task:0/device:GPU:1', '/job:localhost/replica:0/task:0/device:GPU:2', '/job:localhost/replica:0/task:0/device:GPU:3').
2025-07-20 04:27:39,552 - tensorflow - INFO - Reduce to /job:localhost/replica:0/task:0/device:GPU:0 then broadcast to ('/job:localhost/replica:0/task:0/device:GPU:0', '/job:localhost/replica:0/task:0/device:GPU:1', '/job:localhost/replica:0/task:0/device:GPU:2', '/job:localhost/replica:0/task:0/device:GPU:3').
pixdim[0] (qfac) should be 1 (default) or -1; setting qfac to 1
2025-07-20 04:28:18,859 - nibabel.global - INFO - pixdim[0] (qfac) should be 1 (default) or -1; setting qfac to 1
pixdim[0] (qfac) should be 1 (default) or -1; setting qfac to 1
2025-07-20 04:28:18,861 - nibabel.global - INFO - pixdim[0] (qfac) should be 1 (default) or -1; setting qfac to 1
pixdim[0] (qfac) should be 1 (default) or -1; setting qfac to 1
2025-07-20 04:28:20,565 - nibabel.global - INFO - pixdim[0] (qfac) should be 1 (default) or -1; setting qfac to 1
pixdim[0] (qfac) should be 1 (default) or -1; setting qfac to 1
2025-07-20 04:28:20,618 - nibabel.global - INFO - pixdim[0] (qfac) should be 1 (default) or -1; setting qfac to 1
pixdim[0] (qfac) should be 1 (default) or -1; setting qfac to 1
2025-07-20 04:28:22,815 - nibabel.global - INFO - pixdim[0] (qfac) should be 1 (default) or -1; setting qfac to 1
pixdim[0] (qfac) should be 1 (default) or -1; setting qfac to 1
2025-07-20 04:28:22,824 - nibabel.global - INFO - pixdim[0] (qfac) should be 1 (default) or -1; setting qfac to 1
pixdim[0] (qfac) should be 1 (default) or -1; setting qfac to 1
2025-07-20 04:28:24,856 - nibabel.global - INFO - pixdim[0] (qfac) should be 1 (default) or -1; setting qfac to 1
pixdim[0] (qfac) should be 1 (default) or -1; setting qfac to 1
2025-07-20 04:28:24,910 - nibabel.global - INFO - pixdim[0] (qfac) should be 1 (default) or -1; setting qfac to 1
pixdim[0] (qfac) should be 1 (default) or -1; setting qfac to 1
2025-07-20 04:28:25,871 - nibabel.global - INFO - pixdim[0] (qfac) should be 1 (default) or -1; setting qfac to 1
pixdim[0] (qfac) should be 1 (default) or -1; setting qfac to 1
2025-07-20 04:28:26,507 - nibabel.global - INFO - pixdim[0] (qfac) should be 1 (default) or -1; setting qfac to 1
pixdim[0] (qfac) should be 1 (default) or -1; setting qfac to 1
2025-07-20 04:28:26,672 - nibabel.global - INFO - pixdim[0] (qfac) should be 1 (default) or -1; setting qfac to 1
pixdim[0] (qfac) should be 1 (default) or -1; setting qfac to 1
2025-07-20 04:28:28,721 - nibabel.global - INFO - pixdim[0] (qfac) should be 1 (default) or -1; setting qfac to 1
pixdim[0] (qfac) should be 1 (default) or -1; setting qfac to 1
2025-07-20 04:28:28,801 - nibabel.global - INFO - pixdim[0] (qfac) should be 1 (default) or -1; setting qfac to 1
pixdim[0] (qfac) should be 1 (default) or -1; setting qfac to 1
2025-07-20 04:28:30,810 - nibabel.global - INFO - pixdim[0] (qfac) should be 1 (default) or -1; setting qfac to 1
pixdim[0] (qfac) should be 1 (default) or -1; setting qfac to 1
2025-07-20 04:28:30,878 - nibabel.global - INFO - pixdim[0] (qfac) should be 1 (default) or -1; setting qfac to 1
2025-07-20 04:28:48,079 - SmartSOTA - ERROR - ❌ Training failed: Graph execution error:

Detected at node gradient_tape/replica_2/SmartSOTA_2025/output/Conv3D/Conv3DBackpropFilterV2 defined at (most recent call last):
  File "/mnt/beegfs/hellgate/home/rb194958e/.conda/envs/tf215_env/lib/python3.11/threading.py", line 1002, in _bootstrap

  File "/mnt/beegfs/hellgate/home/rb194958e/.conda/envs/tf215_env/lib/python3.11/threading.py", line 1045, in _bootstrap_inner

  File "/mnt/beegfs/hellgate/home/rb194958e/.conda/envs/tf215_env/lib/python3.11/site-packages/keras/src/engine/training.py", line 1373, in run_step

  File "/mnt/beegfs/hellgate/home/rb194958e/.conda/envs/tf215_env/lib/python3.11/site-packages/keras/src/engine/training.py", line 1154, in train_step

  File "/mnt/beegfs/hellgate/home/rb194958e/.conda/envs/tf215_env/lib/python3.11/site-packages/keras/src/optimizers/optimizer.py", line 543, in minimize

  File "/mnt/beegfs/hellgate/home/rb194958e/.conda/envs/tf215_env/lib/python3.11/site-packages/keras/src/optimizers/optimizer.py", line 276, in compute_gradients

Detected at node gradient_tape/replica_2/SmartSOTA_2025/output/Conv3D/Conv3DBackpropFilterV2 defined at (most recent call last):
  File "/mnt/beegfs/hellgate/home/rb194958e/.conda/envs/tf215_env/lib/python3.11/threading.py", line 1002, in _bootstrap

  File "/mnt/beegfs/hellgate/home/rb194958e/.conda/envs/tf215_env/lib/python3.11/threading.py", line 1045, in _bootstrap_inner

  File "/mnt/beegfs/hellgate/home/rb194958e/.conda/envs/tf215_env/lib/python3.11/site-packages/keras/src/engine/training.py", line 1373, in run_step

  File "/mnt/beegfs/hellgate/home/rb194958e/.conda/envs/tf215_env/lib/python3.11/site-packages/keras/src/engine/training.py", line 1154, in train_step

  File "/mnt/beegfs/hellgate/home/rb194958e/.conda/envs/tf215_env/lib/python3.11/site-packages/keras/src/optimizers/optimizer.py", line 543, in minimize

  File "/mnt/beegfs/hellgate/home/rb194958e/.conda/envs/tf215_env/lib/python3.11/site-packages/keras/src/optimizers/optimizer.py", line 276, in compute_gradients

Detected at node gradient_tape/replica_2/SmartSOTA_2025/output/Conv3D/Conv3DBackpropFilterV2 defined at (most recent call last):
  File "/mnt/beegfs/hellgate/home/rb194958e/.conda/envs/tf215_env/lib/python3.11/threading.py", line 1002, in _bootstrap

  File "/mnt/beegfs/hellgate/home/rb194958e/.conda/envs/tf215_env/lib/python3.11/threading.py", line 1045, in _bootstrap_inner

  File "/mnt/beegfs/hellgate/home/rb194958e/.conda/envs/tf215_env/lib/python3.11/site-packages/keras/src/engine/training.py", line 1373, in run_step

  File "/mnt/beegfs/hellgate/home/rb194958e/.conda/envs/tf215_env/lib/python3.11/site-packages/keras/src/engine/training.py", line 1154, in train_step

  File "/mnt/beegfs/hellgate/home/rb194958e/.conda/envs/tf215_env/lib/python3.11/site-packages/keras/src/optimizers/optimizer.py", line 543, in minimize

  File "/mnt/beegfs/hellgate/home/rb194958e/.conda/envs/tf215_env/lib/python3.11/site-packages/keras/src/optimizers/optimizer.py", line 276, in compute_gradients

Detected at node gradient_tape/replica_2/SmartSOTA_2025/output/Conv3D/Conv3DBackpropFilterV2 defined at (most recent call last):
  File "/mnt/beegfs/hellgate/home/rb194958e/.conda/envs/tf215_env/lib/python3.11/threading.py", line 1002, in _bootstrap

  File "/mnt/beegfs/hellgate/home/rb194958e/.conda/envs/tf215_env/lib/python3.11/threading.py", line 1045, in _bootstrap_inner

  File "/mnt/beegfs/hellgate/home/rb194958e/.conda/envs/tf215_env/lib/python3.11/site-packages/keras/src/engine/training.py", line 1373, in run_step

  File "/mnt/beegfs/hellgate/home/rb194958e/.conda/envs/tf215_env/lib/python3.11/site-packages/keras/src/engine/training.py", line 1154, in train_step

  File "/mnt/beegfs/hellgate/home/rb194958e/.conda/envs/tf215_env/lib/python3.11/site-packages/keras/src/optimizers/optimizer.py", line 543, in minimize

  File "/mnt/beegfs/hellgate/home/rb194958e/.conda/envs/tf215_env/lib/python3.11/site-packages/keras/src/optimizers/optimizer.py", line 276, in compute_gradients

Detected at node gradient_tape/replica_2/SmartSOTA_2025/output/Conv3D/Conv3DBackpropFilterV2 defined at (most recent call last):
  File "/mnt/beegfs/hellgate/home/rb194958e/.conda/envs/tf215_env/lib/python3.11/threading.py", line 1002, in _bootstrap

  File "/mnt/beegfs/hellgate/home/rb194958e/.conda/envs/tf215_env/lib/python3.11/threading.py", line 1045, in _bootstrap_inner

  File "/mnt/beegfs/hellgate/home/rb194958e/.conda/envs/tf215_env/lib/python3.11/site-packages/keras/src/engine/training.py", line 1373, in run_step

  File "/mnt/beegfs/hellgate/home/rb194958e/.conda/envs/tf215_env/lib/python3.11/site-packages/keras/src/engine/training.py", line 1154, in train_step

  File "/mnt/beegfs/hellgate/home/rb194958e/.conda/envs/tf215_env/lib/python3.11/site-packages/keras/src/optimizers/optimizer.py", line 543, in minimize

  File "/mnt/beegfs/hellgate/home/rb194958e/.conda/envs/tf215_env/lib/python3.11/site-packages/keras/src/optimizers/optimizer.py", line 276, in compute_gradients

5 root error(s) found.
  (0) UNKNOWN:  CUDNN_STATUS_BAD_PARAM
in external/local_xla/xla/stream_executor/cuda/cuda_dnn.cc(3558): 'tensor' CUDNN_BACKEND_TENSOR_DESCRIPTOR: Check and Set the CUDNN_ATTR_TENSOR_DIMENSIONS Correctly
	 [[{{node gradient_tape/replica_2/SmartSOTA_2025/output/Conv3D/Conv3DBackpropFilterV2}}]]
	 [[ArithmeticOptimizer/AddOpsRewrite_AddN_110/_2062]]
	 [[AddN_137/_1748]]
	 [[gradient_tape/replica_1/SmartSOTA_2025/residual_conv_block_6/conv3d_1/BiasAdd/BiasAddGrad/_1384]]
	 [[div_no_nan_1/ReadVariableOp/_704]]
  (1) UNKNOWN:  CUDNN_STATUS_BAD_PARAM
in external/local_xla/xla/stream_executor/cuda/cuda_dnn.cc(3558): 'tensor' CUDNN_BACKEND_TENSOR_DESCRIPTOR: Check and Set the CUDNN_ATTR_TENSOR_DIMENSIONS Correctly
	 [[{{node gradient_tape/replica_2/SmartSOTA_2025/output/Conv3D/Conv3DBackpropFilterV2}}]]
	 [[ArithmeticOptimizer/AddOpsRewrite_AddN_110/_2062]]
	 [[AddN_137/_1748]]
	 [[gradient_tape/replica_1/SmartSOTA_2025/residual_conv_block_6/conv3d_1/BiasAdd/BiasAddGrad/_1384]]
  (2) UNKNOWN:  CUDNN_STATUS_BAD_PARAM
in external/local_xla/xla/stream_executor/cuda/cuda_dnn.cc(3558): 'tensor' CUDNN_BACKEND_TENSOR_DESCRIPTOR: Check and Set the CUDNN_ATTR_TENSOR_DIMENSIONS Correctly
	 [[{{node gradient_tape/replica_2/SmartSOTA_2025/output/Conv3D/Conv3DBackpropFilterV2}}]]
	 [[ArithmeticOptimizer/AddOpsRewrite_AddN_110/_2062]]
	 [[AddN_137/_1748]]
  (3) UNKNOWN:  CUDNN_STATUS_BAD_PARAM
in external/local_xla/xla/stream_executor/cuda/cuda_dnn.cc(3558): 'tensor' CUDNN_BACKEND_TENSOR_DESCRIPTOR: Check and Set the CUDNN_ATTR_TENSOR_DIMENSIONS Correctly
	 [[{{node gradient_tape/replica_2/SmartSOTA_2025/output/Conv3D/Conv3DBackpropFilterV2}}]]
	 [[ArithmeticOptimizer/AddOpsRewrite_AddN_110/_2062]]
  (4) UNKNOWN:  CUDNN_STATUS_BAD_PARAM
in external/local_xla/xla/stream_executor/cuda/cuda_dnn.cc(3558): 'tensor' CUDNN_BACKEND_TENSOR_DESCRIPTOR: Check and Set the CUDNN_ATTR_TENSOR_DIMENSIONS Correctly
	 [[{{node gradient_tape/replica_2/SmartSOTA_2025/output/Conv3D/Conv3DBackpropFilterV2}}]]
0 successful operations.
0 derived errors ignored. [Op:__inference_train_function_116111]
Traceback (most recent call last):
  File "/mnt/beegfs/hellgate/home/rb194958e/stroke_segmentation_sota/smart_sota_2025_claude.py", line 1203, in main
    history = model.fit(
              ^^^^^^^^^^
  File "/mnt/beegfs/hellgate/home/rb194958e/.conda/envs/tf215_env/lib/python3.11/site-packages/keras/src/utils/traceback_utils.py", line 70, in error_handler
    raise e.with_traceback(filtered_tb) from None
  File "/mnt/beegfs/hellgate/home/rb194958e/.conda/envs/tf215_env/lib/python3.11/site-packages/tensorflow/python/eager/execute.py", line 59, in quick_execute
    except TypeError as e:
tensorflow.python.framework.errors_impl.UnknownError: Graph execution error:

Detected at node gradient_tape/replica_2/SmartSOTA_2025/output/Conv3D/Conv3DBackpropFilterV2 defined at (most recent call last):
  File "/mnt/beegfs/hellgate/home/rb194958e/.conda/envs/tf215_env/lib/python3.11/threading.py", line 1002, in _bootstrap

  File "/mnt/beegfs/hellgate/home/rb194958e/.conda/envs/tf215_env/lib/python3.11/threading.py", line 1045, in _bootstrap_inner

  File "/mnt/beegfs/hellgate/home/rb194958e/.conda/envs/tf215_env/lib/python3.11/site-packages/keras/src/engine/training.py", line 1373, in run_step

  File "/mnt/beegfs/hellgate/home/rb194958e/.conda/envs/tf215_env/lib/python3.11/site-packages/keras/src/engine/training.py", line 1154, in train_step

  File "/mnt/beegfs/hellgate/home/rb194958e/.conda/envs/tf215_env/lib/python3.11/site-packages/keras/src/optimizers/optimizer.py", line 543, in minimize

  File "/mnt/beegfs/hellgate/home/rb194958e/.conda/envs/tf215_env/lib/python3.11/site-packages/keras/src/optimizers/optimizer.py", line 276, in compute_gradients

Detected at node gradient_tape/replica_2/SmartSOTA_2025/output/Conv3D/Conv3DBackpropFilterV2 defined at (most recent call last):
  File "/mnt/beegfs/hellgate/home/rb194958e/.conda/envs/tf215_env/lib/python3.11/threading.py", line 1002, in _bootstrap

  File "/mnt/beegfs/hellgate/home/rb194958e/.conda/envs/tf215_env/lib/python3.11/threading.py", line 1045, in _bootstrap_inner

  File "/mnt/beegfs/hellgate/home/rb194958e/.conda/envs/tf215_env/lib/python3.11/site-packages/keras/src/engine/training.py", line 1373, in run_step

  File "/mnt/beegfs/hellgate/home/rb194958e/.conda/envs/tf215_env/lib/python3.11/site-packages/keras/src/engine/training.py", line 1154, in train_step

  File "/mnt/beegfs/hellgate/home/rb194958e/.conda/envs/tf215_env/lib/python3.11/site-packages/keras/src/optimizers/optimizer.py", line 543, in minimize

  File "/mnt/beegfs/hellgate/home/rb194958e/.conda/envs/tf215_env/lib/python3.11/site-packages/keras/src/optimizers/optimizer.py", line 276, in compute_gradients

Detected at node gradient_tape/replica_2/SmartSOTA_2025/output/Conv3D/Conv3DBackpropFilterV2 defined at (most recent call last):
  File "/mnt/beegfs/hellgate/home/rb194958e/.conda/envs/tf215_env/lib/python3.11/threading.py", line 1002, in _bootstrap

  File "/mnt/beegfs/hellgate/home/rb194958e/.conda/envs/tf215_env/lib/python3.11/threading.py", line 1045, in _bootstrap_inner

  File "/mnt/beegfs/hellgate/home/rb194958e/.conda/envs/tf215_env/lib/python3.11/site-packages/keras/src/engine/training.py", line 1373, in run_step

  File "/mnt/beegfs/hellgate/home/rb194958e/.conda/envs/tf215_env/lib/python3.11/site-packages/keras/src/engine/training.py", line 1154, in train_step

  File "/mnt/beegfs/hellgate/home/rb194958e/.conda/envs/tf215_env/lib/python3.11/site-packages/keras/src/optimizers/optimizer.py", line 543, in minimize

  File "/mnt/beegfs/hellgate/home/rb194958e/.conda/envs/tf215_env/lib/python3.11/site-packages/keras/src/optimizers/optimizer.py", line 276, in compute_gradients

Detected at node gradient_tape/replica_2/SmartSOTA_2025/output/Conv3D/Conv3DBackpropFilterV2 defined at (most recent call last):
  File "/mnt/beegfs/hellgate/home/rb194958e/.conda/envs/tf215_env/lib/python3.11/threading.py", line 1002, in _bootstrap

  File "/mnt/beegfs/hellgate/home/rb194958e/.conda/envs/tf215_env/lib/python3.11/threading.py", line 1045, in _bootstrap_inner

  File "/mnt/beegfs/hellgate/home/rb194958e/.conda/envs/tf215_env/lib/python3.11/site-packages/keras/src/engine/training.py", line 1373, in run_step

  File "/mnt/beegfs/hellgate/home/rb194958e/.conda/envs/tf215_env/lib/python3.11/site-packages/keras/src/engine/training.py", line 1154, in train_step

  File "/mnt/beegfs/hellgate/home/rb194958e/.conda/envs/tf215_env/lib/python3.11/site-packages/keras/src/optimizers/optimizer.py", line 543, in minimize

  File "/mnt/beegfs/hellgate/home/rb194958e/.conda/envs/tf215_env/lib/python3.11/site-packages/keras/src/optimizers/optimizer.py", line 276, in compute_gradients

Detected at node gradient_tape/replica_2/SmartSOTA_2025/output/Conv3D/Conv3DBackpropFilterV2 defined at (most recent call last):
  File "/mnt/beegfs/hellgate/home/rb194958e/.conda/envs/tf215_env/lib/python3.11/threading.py", line 1002, in _bootstrap

  File "/mnt/beegfs/hellgate/home/rb194958e/.conda/envs/tf215_env/lib/python3.11/threading.py", line 1045, in _bootstrap_inner

  File "/mnt/beegfs/hellgate/home/rb194958e/.conda/envs/tf215_env/lib/python3.11/site-packages/keras/src/engine/training.py", line 1373, in run_step

  File "/mnt/beegfs/hellgate/home/rb194958e/.conda/envs/tf215_env/lib/python3.11/site-packages/keras/src/engine/training.py", line 1154, in train_step

  File "/mnt/beegfs/hellgate/home/rb194958e/.conda/envs/tf215_env/lib/python3.11/site-packages/keras/src/optimizers/optimizer.py", line 543, in minimize

  File "/mnt/beegfs/hellgate/home/rb194958e/.conda/envs/tf215_env/lib/python3.11/site-packages/keras/src/optimizers/optimizer.py", line 276, in compute_gradients

5 root error(s) found.
  (0) UNKNOWN:  CUDNN_STATUS_BAD_PARAM
in external/local_xla/xla/stream_executor/cuda/cuda_dnn.cc(3558): 'tensor' CUDNN_BACKEND_TENSOR_DESCRIPTOR: Check and Set the CUDNN_ATTR_TENSOR_DIMENSIONS Correctly
	 [[{{node gradient_tape/replica_2/SmartSOTA_2025/output/Conv3D/Conv3DBackpropFilterV2}}]]
	 [[ArithmeticOptimizer/AddOpsRewrite_AddN_110/_2062]]
	 [[AddN_137/_1748]]
	 [[gradient_tape/replica_1/SmartSOTA_2025/residual_conv_block_6/conv3d_1/BiasAdd/BiasAddGrad/_1384]]
	 [[div_no_nan_1/ReadVariableOp/_704]]
  (1) UNKNOWN:  CUDNN_STATUS_BAD_PARAM
in external/local_xla/xla/stream_executor/cuda/cuda_dnn.cc(3558): 'tensor' CUDNN_BACKEND_TENSOR_DESCRIPTOR: Check and Set the CUDNN_ATTR_TENSOR_DIMENSIONS Correctly
	 [[{{node gradient_tape/replica_2/SmartSOTA_2025/output/Conv3D/Conv3DBackpropFilterV2}}]]
	 [[ArithmeticOptimizer/AddOpsRewrite_AddN_110/_2062]]
	 [[AddN_137/_1748]]
	 [[gradient_tape/replica_1/SmartSOTA_2025/residual_conv_block_6/conv3d_1/BiasAdd/BiasAddGrad/_1384]]
  (2) UNKNOWN:  CUDNN_STATUS_BAD_PARAM
in external/local_xla/xla/stream_executor/cuda/cuda_dnn.cc(3558): 'tensor' CUDNN_BACKEND_TENSOR_DESCRIPTOR: Check and Set the CUDNN_ATTR_TENSOR_DIMENSIONS Correctly
	 [[{{node gradient_tape/replica_2/SmartSOTA_2025/output/Conv3D/Conv3DBackpropFilterV2}}]]
	 [[ArithmeticOptimizer/AddOpsRewrite_AddN_110/_2062]]
	 [[AddN_137/_1748]]
  (3) UNKNOWN:  CUDNN_STATUS_BAD_PARAM
in external/local_xla/xla/stream_executor/cuda/cuda_dnn.cc(3558): 'tensor' CUDNN_BACKEND_TENSOR_DESCRIPTOR: Check and Set the CUDNN_ATTR_TENSOR_DIMENSIONS Correctly
	 [[{{node gradient_tape/replica_2/SmartSOTA_2025/output/Conv3D/Conv3DBackpropFilterV2}}]]
	 [[ArithmeticOptimizer/AddOpsRewrite_AddN_110/_2062]]
  (4) UNKNOWN:  CUDNN_STATUS_BAD_PARAM
in external/local_xla/xla/stream_executor/cuda/cuda_dnn.cc(3558): 'tensor' CUDNN_BACKEND_TENSOR_DESCRIPTOR: Check and Set the CUDNN_ATTR_TENSOR_DIMENSIONS Correctly
	 [[{{node gradient_tape/replica_2/SmartSOTA_2025/output/Conv3D/Conv3DBackpropFilterV2}}]]
0 successful operations.
0 derived errors ignored. [Op:__inference_train_function_116111]
2025-07-20 04:28:48,096 - SmartSOTA - INFO - Memory at training_failed: CPU=6.02GB | GPU0: 0.12GB | GPU1: 0.12GB | GPU2: 0.06GB | GPU3: 0.06GB | Disk: 245.7GB free
2025-07-20 04:28:48,706 - SmartSOTA - INFO - 💾 Emergency model save: models/production/emergency_save_20250720_042337.keras
Training end time: Sun Jul 20 04:28:53 UTC 2025
Python exit code: 1
=== IMMEDIATE POST-RUN ANALYSIS ===
Checking if training started...
✅ Training initialization detected
Checking for common errors...
Number of training epochs detected: 1
=== DETAILED ERROR ANALYSIS ===
❌ Training failed with exit code: 1
Last 100 lines of training output:
    raise e.with_traceback(filtered_tb) from None
  File "/mnt/beegfs/hellgate/home/rb194958e/.conda/envs/tf215_env/lib/python3.11/site-packages/tensorflow/python/eager/execute.py", line 59, in quick_execute
    except TypeError as e:
tensorflow.python.framework.errors_impl.UnknownError: Graph execution error:

Detected at node gradient_tape/replica_2/SmartSOTA_2025/output/Conv3D/Conv3DBackpropFilterV2 defined at (most recent call last):
  File "/mnt/beegfs/hellgate/home/rb194958e/.conda/envs/tf215_env/lib/python3.11/threading.py", line 1002, in _bootstrap

  File "/mnt/beegfs/hellgate/home/rb194958e/.conda/envs/tf215_env/lib/python3.11/threading.py", line 1045, in _bootstrap_inner

  File "/mnt/beegfs/hellgate/home/rb194958e/.conda/envs/tf215_env/lib/python3.11/site-packages/keras/src/engine/training.py", line 1373, in run_step

  File "/mnt/beegfs/hellgate/home/rb194958e/.conda/envs/tf215_env/lib/python3.11/site-packages/keras/src/engine/training.py", line 1154, in train_step

  File "/mnt/beegfs/hellgate/home/rb194958e/.conda/envs/tf215_env/lib/python3.11/site-packages/keras/src/optimizers/optimizer.py", line 543, in minimize

  File "/mnt/beegfs/hellgate/home/rb194958e/.conda/envs/tf215_env/lib/python3.11/site-packages/keras/src/optimizers/optimizer.py", line 276, in compute_gradients

Detected at node gradient_tape/replica_2/SmartSOTA_2025/output/Conv3D/Conv3DBackpropFilterV2 defined at (most recent call last):
  File "/mnt/beegfs/hellgate/home/rb194958e/.conda/envs/tf215_env/lib/python3.11/threading.py", line 1002, in _bootstrap

  File "/mnt/beegfs/hellgate/home/rb194958e/.conda/envs/tf215_env/lib/python3.11/threading.py", line 1045, in _bootstrap_inner

  File "/mnt/beegfs/hellgate/home/rb194958e/.conda/envs/tf215_env/lib/python3.11/site-packages/keras/src/engine/training.py", line 1373, in run_step

  File "/mnt/beegfs/hellgate/home/rb194958e/.conda/envs/tf215_env/lib/python3.11/site-packages/keras/src/engine/training.py", line 1154, in train_step

  File "/mnt/beegfs/hellgate/home/rb194958e/.conda/envs/tf215_env/lib/python3.11/site-packages/keras/src/optimizers/optimizer.py", line 543, in minimize

  File "/mnt/beegfs/hellgate/home/rb194958e/.conda/envs/tf215_env/lib/python3.11/site-packages/keras/src/optimizers/optimizer.py", line 276, in compute_gradients

Detected at node gradient_tape/replica_2/SmartSOTA_2025/output/Conv3D/Conv3DBackpropFilterV2 defined at (most recent call last):
  File "/mnt/beegfs/hellgate/home/rb194958e/.conda/envs/tf215_env/lib/python3.11/threading.py", line 1002, in _bootstrap

  File "/mnt/beegfs/hellgate/home/rb194958e/.conda/envs/tf215_env/lib/python3.11/threading.py", line 1045, in _bootstrap_inner

  File "/mnt/beegfs/hellgate/home/rb194958e/.conda/envs/tf215_env/lib/python3.11/site-packages/keras/src/engine/training.py", line 1373, in run_step

  File "/mnt/beegfs/hellgate/home/rb194958e/.conda/envs/tf215_env/lib/python3.11/site-packages/keras/src/engine/training.py", line 1154, in train_step

  File "/mnt/beegfs/hellgate/home/rb194958e/.conda/envs/tf215_env/lib/python3.11/site-packages/keras/src/optimizers/optimizer.py", line 543, in minimize

  File "/mnt/beegfs/hellgate/home/rb194958e/.conda/envs/tf215_env/lib/python3.11/site-packages/keras/src/optimizers/optimizer.py", line 276, in compute_gradients

Detected at node gradient_tape/replica_2/SmartSOTA_2025/output/Conv3D/Conv3DBackpropFilterV2 defined at (most recent call last):
  File "/mnt/beegfs/hellgate/home/rb194958e/.conda/envs/tf215_env/lib/python3.11/threading.py", line 1002, in _bootstrap

  File "/mnt/beegfs/hellgate/home/rb194958e/.conda/envs/tf215_env/lib/python3.11/threading.py", line 1045, in _bootstrap_inner

  File "/mnt/beegfs/hellgate/home/rb194958e/.conda/envs/tf215_env/lib/python3.11/site-packages/keras/src/engine/training.py", line 1373, in run_step

  File "/mnt/beegfs/hellgate/home/rb194958e/.conda/envs/tf215_env/lib/python3.11/site-packages/keras/src/engine/training.py", line 1154, in train_step

  File "/mnt/beegfs/hellgate/home/rb194958e/.conda/envs/tf215_env/lib/python3.11/site-packages/keras/src/optimizers/optimizer.py", line 543, in minimize

  File "/mnt/beegfs/hellgate/home/rb194958e/.conda/envs/tf215_env/lib/python3.11/site-packages/keras/src/optimizers/optimizer.py", line 276, in compute_gradients

Detected at node gradient_tape/replica_2/SmartSOTA_2025/output/Conv3D/Conv3DBackpropFilterV2 defined at (most recent call last):
  File "/mnt/beegfs/hellgate/home/rb194958e/.conda/envs/tf215_env/lib/python3.11/threading.py", line 1002, in _bootstrap

  File "/mnt/beegfs/hellgate/home/rb194958e/.conda/envs/tf215_env/lib/python3.11/threading.py", line 1045, in _bootstrap_inner

  File "/mnt/beegfs/hellgate/home/rb194958e/.conda/envs/tf215_env/lib/python3.11/site-packages/keras/src/engine/training.py", line 1373, in run_step

  File "/mnt/beegfs/hellgate/home/rb194958e/.conda/envs/tf215_env/lib/python3.11/site-packages/keras/src/engine/training.py", line 1154, in train_step

  File "/mnt/beegfs/hellgate/home/rb194958e/.conda/envs/tf215_env/lib/python3.11/site-packages/keras/src/optimizers/optimizer.py", line 543, in minimize

  File "/mnt/beegfs/hellgate/home/rb194958e/.conda/envs/tf215_env/lib/python3.11/site-packages/keras/src/optimizers/optimizer.py", line 276, in compute_gradients

5 root error(s) found.
  (0) UNKNOWN:  CUDNN_STATUS_BAD_PARAM
in external/local_xla/xla/stream_executor/cuda/cuda_dnn.cc(3558): 'tensor' CUDNN_BACKEND_TENSOR_DESCRIPTOR: Check and Set the CUDNN_ATTR_TENSOR_DIMENSIONS Correctly
	 [[{{node gradient_tape/replica_2/SmartSOTA_2025/output/Conv3D/Conv3DBackpropFilterV2}}]]
	 [[ArithmeticOptimizer/AddOpsRewrite_AddN_110/_2062]]
	 [[AddN_137/_1748]]
	 [[gradient_tape/replica_1/SmartSOTA_2025/residual_conv_block_6/conv3d_1/BiasAdd/BiasAddGrad/_1384]]
	 [[div_no_nan_1/ReadVariableOp/_704]]
  (1) UNKNOWN:  CUDNN_STATUS_BAD_PARAM
in external/local_xla/xla/stream_executor/cuda/cuda_dnn.cc(3558): 'tensor' CUDNN_BACKEND_TENSOR_DESCRIPTOR: Check and Set the CUDNN_ATTR_TENSOR_DIMENSIONS Correctly
	 [[{{node gradient_tape/replica_2/SmartSOTA_2025/output/Conv3D/Conv3DBackpropFilterV2}}]]
	 [[ArithmeticOptimizer/AddOpsRewrite_AddN_110/_2062]]
	 [[AddN_137/_1748]]
	 [[gradient_tape/replica_1/SmartSOTA_2025/residual_conv_block_6/conv3d_1/BiasAdd/BiasAddGrad/_1384]]
  (2) UNKNOWN:  CUDNN_STATUS_BAD_PARAM
in external/local_xla/xla/stream_executor/cuda/cuda_dnn.cc(3558): 'tensor' CUDNN_BACKEND_TENSOR_DESCRIPTOR: Check and Set the CUDNN_ATTR_TENSOR_DIMENSIONS Correctly
	 [[{{node gradient_tape/replica_2/SmartSOTA_2025/output/Conv3D/Conv3DBackpropFilterV2}}]]
	 [[ArithmeticOptimizer/AddOpsRewrite_AddN_110/_2062]]
	 [[AddN_137/_1748]]
  (3) UNKNOWN:  CUDNN_STATUS_BAD_PARAM
in external/local_xla/xla/stream_executor/cuda/cuda_dnn.cc(3558): 'tensor' CUDNN_BACKEND_TENSOR_DESCRIPTOR: Check and Set the CUDNN_ATTR_TENSOR_DIMENSIONS Correctly
	 [[{{node gradient_tape/replica_2/SmartSOTA_2025/output/Conv3D/Conv3DBackpropFilterV2}}]]
	 [[ArithmeticOptimizer/AddOpsRewrite_AddN_110/_2062]]
  (4) UNKNOWN:  CUDNN_STATUS_BAD_PARAM
in external/local_xla/xla/stream_executor/cuda/cuda_dnn.cc(3558): 'tensor' CUDNN_BACKEND_TENSOR_DESCRIPTOR: Check and Set the CUDNN_ATTR_TENSOR_DIMENSIONS Correctly
	 [[{{node gradient_tape/replica_2/SmartSOTA_2025/output/Conv3D/Conv3DBackpropFilterV2}}]]
0 successful operations.
0 derived errors ignored. [Op:__inference_train_function_116111]
2025-07-20 04:28:48,096 - SmartSOTA - INFO - Memory at training_failed: CPU=6.02GB | GPU0: 0.12GB | GPU1: 0.12GB | GPU2: 0.06GB | GPU3: 0.06GB | Disk: 245.7GB free
2025-07-20 04:28:48,706 - SmartSOTA - INFO - 💾 Emergency model save: models/production/emergency_save_20250720_042337.keras
Last 50 lines of error log:
2025-07-20 04:22:22.533450: E external/local_xla/xla/stream_executor/cuda/cuda_dnn.cc:9261] Unable to register cuDNN factory: Attempting to register factory for plugin cuDNN when one has already been registered
2025-07-20 04:22:22.534427: E external/local_xla/xla/stream_executor/cuda/cuda_fft.cc:607] Unable to register cuFFT factory: Attempting to register factory for plugin cuFFT when one has already been registered
2025-07-20 04:22:22.738363: E external/local_xla/xla/stream_executor/cuda/cuda_blas.cc:1515] Unable to register cuBLAS factory: Attempting to register factory for plugin cuBLAS when one has already been registered
Checking for specific error patterns:
=== FINAL SYSTEM STATE ===
Final memory usage:
              total        used        free      shared  buff/cache   available
Mem:          503Gi       5.0Gi       480Gi       4.2Gi        17Gi       491Gi
Swap:            0B          0B          0B
memory.used [MiB]
1 MiB
1 MiB
1 MiB
1 MiB
Checking for OOM events:
SLURM memory accounting:
1160122            300G              00:07:06    RUNNING 
1160122.bat+                         00:07:06    RUNNING 
1160122.ext+                         00:07:06    RUNNING 
=== OUTPUT FILE CHECK ===
Checking for generated files...
Model directory contents:
models/full_retrain_20250622_074312.h5
models/comprehensive_fixed/config.json
models/comprehensive_fixed/smart_sota_20250706_030326.keras
models/proven_enhanced_20250625_192140.h5
models/smart_sota_2025_dropout_only_20250627_194038.h5
models/correct_full_20250622_222712.h5
models/comprehensive/config.json
models/fine_tuned_20250624_220018.h5
models/smart_sota_2025_dropout_only_20250628_192551.h5
models/sota_final_20250616_190015.h5
Log files generated:
-rw-r--r--  1 rb194958e GeneralUsers     1123 Jul 20 04:26 memory_usage_1160122.log
-rw-r--r--  1 rb194958e GeneralUsers      635 Jul 20 04:19 smart_sota_1160122.err
-rw-r--r--  1 rb194958e GeneralUsers   185705 Jul 20 04:26 smart_sota_1160122.out
-rw-r--r--  1 rb194958e GeneralUsers   172901 Jul 20 04:26 training_output_1160122.log
=== FINAL SUMMARY ===
Job duration: 00:07:07
❌ Training failed - check error logs above
Job completed at: Sun Jul 20 04:28:59 UTC 2025
Cleaning up at: Sun Jul 20 04:28:59 UTC 2025
