=== SLURM RESOURCE CHECK ===
Node: hggpu9-4
Job ID: 1160120
Start time: Sun Jul 20 03:44:58 UTC 2025
Allocated GPUs: 
Allocated CPUs: 16
Allocated memory: 307200 MB
Available memory:               total        used        free      shared  buff/cache   available
Mem:          503Gi       5.0Gi       480Gi       4.2Gi        17Gi       491Gi
Swap:            0B          0B          0B
GPU 0: NVIDIA RTX 4500 Ada Generation (UUID: GPU-dd7817bb-79b3-62f7-9c38-9b86485d5e99)
GPU 1: NVIDIA RTX 4500 Ada Generation (UUID: GPU-82339fee-8caa-848e-d280-be95bbebecf7)
GPU 2: NVIDIA RTX 4500 Ada Generation (UUID: GPU-3a5593a8-cdba-6706-b35e-ef0d5165c9ff)
GPU 3: NVIDIA RTX 4500 Ada Generation (UUID: GPU-dc2667b5-78bc-efa9-cb8a-a994f66c42aa)
memory.total [MiB], memory.used [MiB], memory.free [MiB]
24570 MiB, 1 MiB, 24217 MiB
24570 MiB, 1 MiB, 24217 MiB
24570 MiB, 1 MiB, 24217 MiB
24570 MiB, 1 MiB, 24217 MiB
=== ENVIRONMENT SETUP ===
CUDA_VISIBLE_DEVICES: 0,1,2,3
=== PYTHON ENVIRONMENT TEST ===
Python: 3.11.13 | packaged by conda-forge | (main, Jun  4 2025, 14:48:23) [GCC 13.3.0]
TensorFlow: 2.15.1
Initial CPU Memory: 5.19GB
Visible GPUs: 4
GPU 0: PhysicalDevice(name='/physical_device:GPU:0', device_type='GPU')
GPU 1: PhysicalDevice(name='/physical_device:GPU:1', device_type='GPU')
GPU 2: PhysicalDevice(name='/physical_device:GPU:2', device_type='GPU')
GPU 3: PhysicalDevice(name='/physical_device:GPU:3', device_type='GPU')
✅ Environment check passed
=== DATA DIRECTORY CHECK ===
✅ Data directory exists: /mnt/beegfs/hellgate/home/rb194958e/Atlas_2/Training
Images directory:
total 6815746
drwxr-x---  2 rb194958e ChurchLab      655 Mar 20 20:39 .
drwxr-x--- 39 rb194958e ChurchLab       39 Jul 19 20:46 ..
-rwxr-x---  1 rb194958e ChurchLab 13574443 Mar 20 20:37 sub-r001s001_ses-1_space-MNI152NLin2009aSym_T1w.nii.gz
-rwxr-x---  1 rb194958e ChurchLab 13481953 Mar 20 20:39 sub-r001s002_ses-1_space-MNI152NLin2009aSym_T1w.nii.gz
Masks directory:
total 10313
drwxr-x---  2 rb194958e ChurchLab   655 Mar 20 20:49 .
drwxr-x--- 39 rb194958e ChurchLab    39 Jul 19 20:46 ..
-rwxr-x---  1 rb194958e ChurchLab 51731 Mar 20 20:50 sub-r001s001_ses-1_space-MNI152NLin2009aSym_label-L_desc-T1lesion_mask.nii.gz
-rwxr-x---  1 rb194958e ChurchLab 57629 Mar 20 20:50 sub-r001s002_ses-1_space-MNI152NLin2009aSym_label-L_desc-T1lesion_mask.nii.gz
Found 655 image files and 655 mask files
=== SCRIPT CHECK ===
✅ Training script found
Script size: 28K	smart_sota_2025_claude.py
Script permissions: -rw-r--r-- 1 rb194958e GeneralUsers 49238 Jul 20 03:42 smart_sota_2025_claude.py
=== PRE-TRAINING MEMORY CHECK ===
              total        used        free      shared  buff/cache   available
Mem:          503Gi       5.0Gi       480Gi       4.2Gi        17Gi       491Gi
Swap:            0B          0B          0B
memory.used [MiB], memory.free [MiB]
1 MiB, 24217 MiB
1 MiB, 24217 MiB
1 MiB, 24217 MiB
1 MiB, 24217 MiB
=== STARTING TRAINING ===
Training start time: Sun Jul 20 03:46:04 UTC 2025
2025-07-20 03:46:11.124046: E external/local_xla/xla/stream_executor/cuda/cuda_dnn.cc:9261] Unable to register cuDNN factory: Attempting to register factory for plugin cuDNN when one has already been registered
2025-07-20 03:46:11.124420: E external/local_xla/xla/stream_executor/cuda/cuda_fft.cc:607] Unable to register cuFFT factory: Attempting to register factory for plugin cuFFT when one has already been registered
2025-07-20 03:46:11.317342: E external/local_xla/xla/stream_executor/cuda/cuda_blas.cc:1515] Unable to register cuBLAS factory: Attempting to register factory for plugin cuBLAS when one has already been registered
2025-07-20 03:46:39,781 - SmartSOTA - INFO - ✅ All imports successful
2025-07-20 03:46:39,782 - SmartSOTA - INFO - TensorFlow eager execution: True
2025-07-20 03:46:44,177 - SmartSOTA - INFO - Environment verified:
- Python 3.11.13 | packaged by conda-forge | (main, Jun  4 2025, 14:48:23) [GCC 13.3.0]
- TF 2.15.1
- NumPy 1.26.4
- GPU devices: 4
2025-07-20 03:46:44,186 - SmartSOTA - INFO - 🔍 DEBUGGING: Main function started
2025-07-20 03:46:44,187 - SmartSOTA - INFO - 🔍 DEBUGGING: Current working directory: /mnt/beegfs/hellgate/home/rb194958e/stroke_segmentation_sota
2025-07-20 03:46:44,193 - SmartSOTA - INFO - 🔧 Using optimized training configuration with full complexity
2025-07-20 03:46:44,438 - SmartSOTA - INFO - Memory at initialization_start: CPU=0.60GB | GPU0: 0.00GB | GPU1: 0.00GB | GPU2: 0.00GB | GPU3: 0.00GB | Disk: 245.7GB free
2025-07-20 03:46:44,439 - SmartSOTA - WARNING - ⚠️ GPU setup issue: Physical devices cannot be modified after being initialized
2025-07-20 03:46:44,440 - SmartSOTA - INFO - ⚠️ Mixed precision disabled temporarily to fix dimension issues
2025-07-20 03:46:44,442 - tensorflow - INFO - Using MirroredStrategy with devices ('/job:localhost/replica:0/task:0/device:GPU:0', '/job:localhost/replica:0/task:0/device:GPU:1', '/job:localhost/replica:0/task:0/device:GPU:2', '/job:localhost/replica:0/task:0/device:GPU:3')
2025-07-20 03:46:44,480 - SmartSOTA - INFO - ✅ Distribution strategy initialized: 4 replicas
2025-07-20 03:46:44,481 - SmartSOTA - INFO - Memory at strategy_setup_complete: CPU=0.99GB | GPU0: 0.00GB | GPU1: 0.00GB | GPU2: 0.00GB | GPU3: 0.00GB | Disk: 245.7GB free
2025-07-20 03:46:44,482 - SmartSOTA - INFO - 🔄 Loading and preparing dataset...
2025-07-20 03:46:44,483 - SmartSOTA - INFO - Memory at generator_creation_start: CPU=0.99GB | GPU0: 0.00GB | GPU1: 0.00GB | GPU2: 0.00GB | GPU3: 0.00GB | Disk: 245.7GB free
2025-07-20 03:46:44,484 - SmartSOTA - INFO - 📚 Loading dataset...
2025-07-20 03:46:44,485 - SmartSOTA - INFO - Memory at dataset_load_start: CPU=0.99GB | GPU0: 0.00GB | GPU1: 0.00GB | GPU2: 0.00GB | GPU3: 0.00GB | Disk: 245.7GB free
2025-07-20 03:46:44,497 - SmartSOTA - INFO - ✅ Found 655 images with pattern: *_T1w.nii.gz
2025-07-20 03:46:44,508 - SmartSOTA - INFO - ✅ Found 655 masks with pattern: *_mask.nii.gz
pixdim[0] (qfac) should be 1 (default) or -1; setting qfac to 1
2025-07-20 03:46:44,515 - nibabel.global - INFO - pixdim[0] (qfac) should be 1 (default) or -1; setting qfac to 1
pixdim[0] (qfac) should be 1 (default) or -1; setting qfac to 1
2025-07-20 03:46:44,715 - nibabel.global - INFO - pixdim[0] (qfac) should be 1 (default) or -1; setting qfac to 1
pixdim[0] (qfac) should be 1 (default) or -1; setting qfac to 1
2025-07-20 03:46:44,921 - nibabel.global - INFO - pixdim[0] (qfac) should be 1 (default) or -1; setting qfac to 1
pixdim[0] (qfac) should be 1 (default) or -1; setting qfac to 1
2025-07-20 03:46:45,115 - nibabel.global - INFO - pixdim[0] (qfac) should be 1 (default) or -1; setting qfac to 1
pixdim[0] (qfac) should be 1 (default) or -1; setting qfac to 1
2025-07-20 03:46:45,307 - nibabel.global - INFO - pixdim[0] (qfac) should be 1 (default) or -1; setting qfac to 1
pixdim[0] (qfac) should be 1 (default) or -1; setting qfac to 1
2025-07-20 03:46:45,500 - nibabel.global - INFO - pixdim[0] (qfac) should be 1 (default) or -1; setting qfac to 1
pixdim[0] (qfac) should be 1 (default) or -1; setting qfac to 1
2025-07-20 03:46:45,688 - nibabel.global - INFO - pixdim[0] (qfac) should be 1 (default) or -1; setting qfac to 1
pixdim[0] (qfac) should be 1 (default) or -1; setting qfac to 1
2025-07-20 03:46:45,879 - nibabel.global - INFO - pixdim[0] (qfac) should be 1 (default) or -1; setting qfac to 1
pixdim[0] (qfac) should be 1 (default) or -1; setting qfac to 1
2025-07-20 03:46:46,073 - nibabel.global - INFO - pixdim[0] (qfac) should be 1 (default) or -1; setting qfac to 1
pixdim[0] (qfac) should be 1 (default) or -1; setting qfac to 1
2025-07-20 03:46:46,263 - nibabel.global - INFO - pixdim[0] (qfac) should be 1 (default) or -1; setting qfac to 1
pixdim[0] (qfac) should be 1 (default) or -1; setting qfac to 1
2025-07-20 03:46:46,457 - nibabel.global - INFO - pixdim[0] (qfac) should be 1 (default) or -1; setting qfac to 1
pixdim[0] (qfac) should be 1 (default) or -1; setting qfac to 1
2025-07-20 03:46:46,648 - nibabel.global - INFO - pixdim[0] (qfac) should be 1 (default) or -1; setting qfac to 1
pixdim[0] (qfac) should be 1 (default) or -1; setting qfac to 1
2025-07-20 03:46:46,840 - nibabel.global - INFO - pixdim[0] (qfac) should be 1 (default) or -1; setting qfac to 1
pixdim[0] (qfac) should be 1 (default) or -1; setting qfac to 1
2025-07-20 03:46:47,033 - nibabel.global - INFO - pixdim[0] (qfac) should be 1 (default) or -1; setting qfac to 1
pixdim[0] (qfac) should be 1 (default) or -1; setting qfac to 1
2025-07-20 03:46:47,225 - nibabel.global - INFO - pixdim[0] (qfac) should be 1 (default) or -1; setting qfac to 1
pixdim[0] (qfac) should be 1 (default) or -1; setting qfac to 1
2025-07-20 03:46:47,410 - nibabel.global - INFO - pixdim[0] (qfac) should be 1 (default) or -1; setting qfac to 1
pixdim[0] (qfac) should be 1 (default) or -1; setting qfac to 1
2025-07-20 03:46:47,597 - nibabel.global - INFO - pixdim[0] (qfac) should be 1 (default) or -1; setting qfac to 1
pixdim[0] (qfac) should be 1 (default) or -1; setting qfac to 1
2025-07-20 03:46:47,790 - nibabel.global - INFO - pixdim[0] (qfac) should be 1 (default) or -1; setting qfac to 1
pixdim[0] (qfac) should be 1 (default) or -1; setting qfac to 1
2025-07-20 03:46:47,979 - nibabel.global - INFO - pixdim[0] (qfac) should be 1 (default) or -1; setting qfac to 1
pixdim[0] (qfac) should be 1 (default) or -1; setting qfac to 1
2025-07-20 03:46:48,172 - nibabel.global - INFO - pixdim[0] (qfac) should be 1 (default) or -1; setting qfac to 1
pixdim[0] (qfac) should be 1 (default) or -1; setting qfac to 1
2025-07-20 03:46:48,364 - nibabel.global - INFO - pixdim[0] (qfac) should be 1 (default) or -1; setting qfac to 1
pixdim[0] (qfac) should be 1 (default) or -1; setting qfac to 1
2025-07-20 03:46:48,557 - nibabel.global - INFO - pixdim[0] (qfac) should be 1 (default) or -1; setting qfac to 1
pixdim[0] (qfac) should be 1 (default) or -1; setting qfac to 1
2025-07-20 03:46:48,750 - nibabel.global - INFO - pixdim[0] (qfac) should be 1 (default) or -1; setting qfac to 1
pixdim[0] (qfac) should be 1 (default) or -1; setting qfac to 1
2025-07-20 03:46:48,939 - nibabel.global - INFO - pixdim[0] (qfac) should be 1 (default) or -1; setting qfac to 1
pixdim[0] (qfac) should be 1 (default) or -1; setting qfac to 1
2025-07-20 03:46:49,130 - nibabel.global - INFO - pixdim[0] (qfac) should be 1 (default) or -1; setting qfac to 1
pixdim[0] (qfac) should be 1 (default) or -1; setting qfac to 1
2025-07-20 03:46:49,322 - nibabel.global - INFO - pixdim[0] (qfac) should be 1 (default) or -1; setting qfac to 1
pixdim[0] (qfac) should be 1 (default) or -1; setting qfac to 1
2025-07-20 03:46:49,516 - nibabel.global - INFO - pixdim[0] (qfac) should be 1 (default) or -1; setting qfac to 1
pixdim[0] (qfac) should be 1 (default) or -1; setting qfac to 1
2025-07-20 03:46:49,712 - nibabel.global - INFO - pixdim[0] (qfac) should be 1 (default) or -1; setting qfac to 1
pixdim[0] (qfac) should be 1 (default) or -1; setting qfac to 1
2025-07-20 03:46:49,909 - nibabel.global - INFO - pixdim[0] (qfac) should be 1 (default) or -1; setting qfac to 1
pixdim[0] (qfac) should be 1 (default) or -1; setting qfac to 1
2025-07-20 03:46:50,108 - nibabel.global - INFO - pixdim[0] (qfac) should be 1 (default) or -1; setting qfac to 1
pixdim[0] (qfac) should be 1 (default) or -1; setting qfac to 1
2025-07-20 03:46:50,305 - nibabel.global - INFO - pixdim[0] (qfac) should be 1 (default) or -1; setting qfac to 1
pixdim[0] (qfac) should be 1 (default) or -1; setting qfac to 1
2025-07-20 03:46:50,494 - nibabel.global - INFO - pixdim[0] (qfac) should be 1 (default) or -1; setting qfac to 1
pixdim[0] (qfac) should be 1 (default) or -1; setting qfac to 1
2025-07-20 03:46:50,687 - nibabel.global - INFO - pixdim[0] (qfac) should be 1 (default) or -1; setting qfac to 1
pixdim[0] (qfac) should be 1 (default) or -1; setting qfac to 1
2025-07-20 03:46:50,879 - nibabel.global - INFO - pixdim[0] (qfac) should be 1 (default) or -1; setting qfac to 1
pixdim[0] (qfac) should be 1 (default) or -1; setting qfac to 1
2025-07-20 03:46:51,073 - nibabel.global - INFO - pixdim[0] (qfac) should be 1 (default) or -1; setting qfac to 1
pixdim[0] (qfac) should be 1 (default) or -1; setting qfac to 1
2025-07-20 03:46:51,263 - nibabel.global - INFO - pixdim[0] (qfac) should be 1 (default) or -1; setting qfac to 1
pixdim[0] (qfac) should be 1 (default) or -1; setting qfac to 1
2025-07-20 03:46:51,455 - nibabel.global - INFO - pixdim[0] (qfac) should be 1 (default) or -1; setting qfac to 1
pixdim[0] (qfac) should be 1 (default) or -1; setting qfac to 1
2025-07-20 03:46:51,649 - nibabel.global - INFO - pixdim[0] (qfac) should be 1 (default) or -1; setting qfac to 1
pixdim[0] (qfac) should be 1 (default) or -1; setting qfac to 1
2025-07-20 03:46:51,837 - nibabel.global - INFO - pixdim[0] (qfac) should be 1 (default) or -1; setting qfac to 1
pixdim[0] (qfac) should be 1 (default) or -1; setting qfac to 1
2025-07-20 03:46:52,029 - nibabel.global - INFO - pixdim[0] (qfac) should be 1 (default) or -1; setting qfac to 1
pixdim[0] (qfac) should be 1 (default) or -1; setting qfac to 1
2025-07-20 03:46:52,214 - nibabel.global - INFO - pixdim[0] (qfac) should be 1 (default) or -1; setting qfac to 1
pixdim[0] (qfac) should be 1 (default) or -1; setting qfac to 1
2025-07-20 03:46:52,408 - nibabel.global - INFO - pixdim[0] (qfac) should be 1 (default) or -1; setting qfac to 1
pixdim[0] (qfac) should be 1 (default) or -1; setting qfac to 1
2025-07-20 03:46:52,600 - nibabel.global - INFO - pixdim[0] (qfac) should be 1 (default) or -1; setting qfac to 1
pixdim[0] (qfac) should be 1 (default) or -1; setting qfac to 1
2025-07-20 03:46:52,793 - nibabel.global - INFO - pixdim[0] (qfac) should be 1 (default) or -1; setting qfac to 1
pixdim[0] (qfac) should be 1 (default) or -1; setting qfac to 1
2025-07-20 03:46:52,984 - nibabel.global - INFO - pixdim[0] (qfac) should be 1 (default) or -1; setting qfac to 1
pixdim[0] (qfac) should be 1 (default) or -1; setting qfac to 1
2025-07-20 03:46:53,178 - nibabel.global - INFO - pixdim[0] (qfac) should be 1 (default) or -1; setting qfac to 1
pixdim[0] (qfac) should be 1 (default) or -1; setting qfac to 1
2025-07-20 03:46:53,370 - nibabel.global - INFO - pixdim[0] (qfac) should be 1 (default) or -1; setting qfac to 1
pixdim[0] (qfac) should be 1 (default) or -1; setting qfac to 1
2025-07-20 03:46:53,556 - nibabel.global - INFO - pixdim[0] (qfac) should be 1 (default) or -1; setting qfac to 1
pixdim[0] (qfac) should be 1 (default) or -1; setting qfac to 1
2025-07-20 03:46:53,744 - nibabel.global - INFO - pixdim[0] (qfac) should be 1 (default) or -1; setting qfac to 1
pixdim[0] (qfac) should be 1 (default) or -1; setting qfac to 1
2025-07-20 03:46:53,936 - nibabel.global - INFO - pixdim[0] (qfac) should be 1 (default) or -1; setting qfac to 1
pixdim[0] (qfac) should be 1 (default) or -1; setting qfac to 1
2025-07-20 03:46:54,128 - nibabel.global - INFO - pixdim[0] (qfac) should be 1 (default) or -1; setting qfac to 1
pixdim[0] (qfac) should be 1 (default) or -1; setting qfac to 1
2025-07-20 03:46:54,321 - nibabel.global - INFO - pixdim[0] (qfac) should be 1 (default) or -1; setting qfac to 1
pixdim[0] (qfac) should be 1 (default) or -1; setting qfac to 1
2025-07-20 03:46:54,512 - nibabel.global - INFO - pixdim[0] (qfac) should be 1 (default) or -1; setting qfac to 1
pixdim[0] (qfac) should be 1 (default) or -1; setting qfac to 1
2025-07-20 03:46:54,704 - nibabel.global - INFO - pixdim[0] (qfac) should be 1 (default) or -1; setting qfac to 1
pixdim[0] (qfac) should be 1 (default) or -1; setting qfac to 1
2025-07-20 03:46:54,892 - nibabel.global - INFO - pixdim[0] (qfac) should be 1 (default) or -1; setting qfac to 1
pixdim[0] (qfac) should be 1 (default) or -1; setting qfac to 1
2025-07-20 03:46:55,080 - nibabel.global - INFO - pixdim[0] (qfac) should be 1 (default) or -1; setting qfac to 1
pixdim[0] (qfac) should be 1 (default) or -1; setting qfac to 1
2025-07-20 03:46:55,267 - nibabel.global - INFO - pixdim[0] (qfac) should be 1 (default) or -1; setting qfac to 1
pixdim[0] (qfac) should be 1 (default) or -1; setting qfac to 1
2025-07-20 03:46:55,457 - nibabel.global - INFO - pixdim[0] (qfac) should be 1 (default) or -1; setting qfac to 1
pixdim[0] (qfac) should be 1 (default) or -1; setting qfac to 1
2025-07-20 03:46:55,650 - nibabel.global - INFO - pixdim[0] (qfac) should be 1 (default) or -1; setting qfac to 1
pixdim[0] (qfac) should be 1 (default) or -1; setting qfac to 1
2025-07-20 03:46:55,844 - nibabel.global - INFO - pixdim[0] (qfac) should be 1 (default) or -1; setting qfac to 1
pixdim[0] (qfac) should be 1 (default) or -1; setting qfac to 1
2025-07-20 03:46:56,037 - nibabel.global - INFO - pixdim[0] (qfac) should be 1 (default) or -1; setting qfac to 1
pixdim[0] (qfac) should be 1 (default) or -1; setting qfac to 1
2025-07-20 03:46:56,226 - nibabel.global - INFO - pixdim[0] (qfac) should be 1 (default) or -1; setting qfac to 1
pixdim[0] (qfac) should be 1 (default) or -1; setting qfac to 1
2025-07-20 03:46:56,417 - nibabel.global - INFO - pixdim[0] (qfac) should be 1 (default) or -1; setting qfac to 1
pixdim[0] (qfac) should be 1 (default) or -1; setting qfac to 1
2025-07-20 03:46:56,610 - nibabel.global - INFO - pixdim[0] (qfac) should be 1 (default) or -1; setting qfac to 1
pixdim[0] (qfac) should be 1 (default) or -1; setting qfac to 1
2025-07-20 03:46:56,804 - nibabel.global - INFO - pixdim[0] (qfac) should be 1 (default) or -1; setting qfac to 1
pixdim[0] (qfac) should be 1 (default) or -1; setting qfac to 1
2025-07-20 03:46:56,997 - nibabel.global - INFO - pixdim[0] (qfac) should be 1 (default) or -1; setting qfac to 1
pixdim[0] (qfac) should be 1 (default) or -1; setting qfac to 1
2025-07-20 03:46:57,187 - nibabel.global - INFO - pixdim[0] (qfac) should be 1 (default) or -1; setting qfac to 1
pixdim[0] (qfac) should be 1 (default) or -1; setting qfac to 1
2025-07-20 03:46:57,379 - nibabel.global - INFO - pixdim[0] (qfac) should be 1 (default) or -1; setting qfac to 1
pixdim[0] (qfac) should be 1 (default) or -1; setting qfac to 1
2025-07-20 03:46:57,570 - nibabel.global - INFO - pixdim[0] (qfac) should be 1 (default) or -1; setting qfac to 1
pixdim[0] (qfac) should be 1 (default) or -1; setting qfac to 1
2025-07-20 03:46:57,762 - nibabel.global - INFO - pixdim[0] (qfac) should be 1 (default) or -1; setting qfac to 1
pixdim[0] (qfac) should be 1 (default) or -1; setting qfac to 1
2025-07-20 03:46:57,952 - nibabel.global - INFO - pixdim[0] (qfac) should be 1 (default) or -1; setting qfac to 1
pixdim[0] (qfac) should be 1 (default) or -1; setting qfac to 1
2025-07-20 03:46:58,146 - nibabel.global - INFO - pixdim[0] (qfac) should be 1 (default) or -1; setting qfac to 1
pixdim[0] (qfac) should be 1 (default) or -1; setting qfac to 1
2025-07-20 03:46:58,339 - nibabel.global - INFO - pixdim[0] (qfac) should be 1 (default) or -1; setting qfac to 1
pixdim[0] (qfac) should be 1 (default) or -1; setting qfac to 1
2025-07-20 03:46:58,532 - nibabel.global - INFO - pixdim[0] (qfac) should be 1 (default) or -1; setting qfac to 1
pixdim[0] (qfac) should be 1 (default) or -1; setting qfac to 1
2025-07-20 03:46:58,725 - nibabel.global - INFO - pixdim[0] (qfac) should be 1 (default) or -1; setting qfac to 1
pixdim[0] (qfac) should be 1 (default) or -1; setting qfac to 1
2025-07-20 03:46:58,921 - nibabel.global - INFO - pixdim[0] (qfac) should be 1 (default) or -1; setting qfac to 1
pixdim[0] (qfac) should be 1 (default) or -1; setting qfac to 1
2025-07-20 03:46:59,133 - nibabel.global - INFO - pixdim[0] (qfac) should be 1 (default) or -1; setting qfac to 1
pixdim[0] (qfac) should be 1 (default) or -1; setting qfac to 1
2025-07-20 03:46:59,327 - nibabel.global - INFO - pixdim[0] (qfac) should be 1 (default) or -1; setting qfac to 1
pixdim[0] (qfac) should be 1 (default) or -1; setting qfac to 1
2025-07-20 03:46:59,519 - nibabel.global - INFO - pixdim[0] (qfac) should be 1 (default) or -1; setting qfac to 1
pixdim[0] (qfac) should be 1 (default) or -1; setting qfac to 1
2025-07-20 03:46:59,710 - nibabel.global - INFO - pixdim[0] (qfac) should be 1 (default) or -1; setting qfac to 1
pixdim[0] (qfac) should be 1 (default) or -1; setting qfac to 1
2025-07-20 03:46:59,898 - nibabel.global - INFO - pixdim[0] (qfac) should be 1 (default) or -1; setting qfac to 1
pixdim[0] (qfac) should be 1 (default) or -1; setting qfac to 1
2025-07-20 03:47:00,089 - nibabel.global - INFO - pixdim[0] (qfac) should be 1 (default) or -1; setting qfac to 1
pixdim[0] (qfac) should be 1 (default) or -1; setting qfac to 1
2025-07-20 03:47:00,279 - nibabel.global - INFO - pixdim[0] (qfac) should be 1 (default) or -1; setting qfac to 1
pixdim[0] (qfac) should be 1 (default) or -1; setting qfac to 1
2025-07-20 03:47:00,473 - nibabel.global - INFO - pixdim[0] (qfac) should be 1 (default) or -1; setting qfac to 1
pixdim[0] (qfac) should be 1 (default) or -1; setting qfac to 1
2025-07-20 03:47:00,666 - nibabel.global - INFO - pixdim[0] (qfac) should be 1 (default) or -1; setting qfac to 1
pixdim[0] (qfac) should be 1 (default) or -1; setting qfac to 1
2025-07-20 03:47:00,858 - nibabel.global - INFO - pixdim[0] (qfac) should be 1 (default) or -1; setting qfac to 1
pixdim[0] (qfac) should be 1 (default) or -1; setting qfac to 1
2025-07-20 03:47:01,051 - nibabel.global - INFO - pixdim[0] (qfac) should be 1 (default) or -1; setting qfac to 1
pixdim[0] (qfac) should be 1 (default) or -1; setting qfac to 1
2025-07-20 03:47:01,242 - nibabel.global - INFO - pixdim[0] (qfac) should be 1 (default) or -1; setting qfac to 1
pixdim[0] (qfac) should be 1 (default) or -1; setting qfac to 1
2025-07-20 03:47:01,429 - nibabel.global - INFO - pixdim[0] (qfac) should be 1 (default) or -1; setting qfac to 1
pixdim[0] (qfac) should be 1 (default) or -1; setting qfac to 1
2025-07-20 03:47:01,623 - nibabel.global - INFO - pixdim[0] (qfac) should be 1 (default) or -1; setting qfac to 1
pixdim[0] (qfac) should be 1 (default) or -1; setting qfac to 1
2025-07-20 03:47:01,816 - nibabel.global - INFO - pixdim[0] (qfac) should be 1 (default) or -1; setting qfac to 1
pixdim[0] (qfac) should be 1 (default) or -1; setting qfac to 1
2025-07-20 03:47:02,007 - nibabel.global - INFO - pixdim[0] (qfac) should be 1 (default) or -1; setting qfac to 1
pixdim[0] (qfac) should be 1 (default) or -1; setting qfac to 1
2025-07-20 03:47:02,198 - nibabel.global - INFO - pixdim[0] (qfac) should be 1 (default) or -1; setting qfac to 1
pixdim[0] (qfac) should be 1 (default) or -1; setting qfac to 1
2025-07-20 03:47:02,389 - nibabel.global - INFO - pixdim[0] (qfac) should be 1 (default) or -1; setting qfac to 1
pixdim[0] (qfac) should be 1 (default) or -1; setting qfac to 1
2025-07-20 03:47:02,580 - nibabel.global - INFO - pixdim[0] (qfac) should be 1 (default) or -1; setting qfac to 1
pixdim[0] (qfac) should be 1 (default) or -1; setting qfac to 1
2025-07-20 03:47:02,778 - nibabel.global - INFO - pixdim[0] (qfac) should be 1 (default) or -1; setting qfac to 1
pixdim[0] (qfac) should be 1 (default) or -1; setting qfac to 1
2025-07-20 03:47:02,972 - nibabel.global - INFO - pixdim[0] (qfac) should be 1 (default) or -1; setting qfac to 1
pixdim[0] (qfac) should be 1 (default) or -1; setting qfac to 1
2025-07-20 03:47:03,166 - nibabel.global - INFO - pixdim[0] (qfac) should be 1 (default) or -1; setting qfac to 1
pixdim[0] (qfac) should be 1 (default) or -1; setting qfac to 1
2025-07-20 03:47:03,350 - nibabel.global - INFO - pixdim[0] (qfac) should be 1 (default) or -1; setting qfac to 1
pixdim[0] (qfac) should be 1 (default) or -1; setting qfac to 1
2025-07-20 03:47:03,545 - nibabel.global - INFO - pixdim[0] (qfac) should be 1 (default) or -1; setting qfac to 1
pixdim[0] (qfac) should be 1 (default) or -1; setting qfac to 1
2025-07-20 03:47:03,732 - nibabel.global - INFO - pixdim[0] (qfac) should be 1 (default) or -1; setting qfac to 1
pixdim[0] (qfac) should be 1 (default) or -1; setting qfac to 1
2025-07-20 03:47:03,927 - nibabel.global - INFO - pixdim[0] (qfac) should be 1 (default) or -1; setting qfac to 1
pixdim[0] (qfac) should be 1 (default) or -1; setting qfac to 1
2025-07-20 03:47:04,121 - nibabel.global - INFO - pixdim[0] (qfac) should be 1 (default) or -1; setting qfac to 1
pixdim[0] (qfac) should be 1 (default) or -1; setting qfac to 1
2025-07-20 03:47:04,316 - nibabel.global - INFO - pixdim[0] (qfac) should be 1 (default) or -1; setting qfac to 1
pixdim[0] (qfac) should be 1 (default) or -1; setting qfac to 1
2025-07-20 03:47:04,510 - nibabel.global - INFO - pixdim[0] (qfac) should be 1 (default) or -1; setting qfac to 1
pixdim[0] (qfac) should be 1 (default) or -1; setting qfac to 1
2025-07-20 03:47:04,700 - nibabel.global - INFO - pixdim[0] (qfac) should be 1 (default) or -1; setting qfac to 1
pixdim[0] (qfac) should be 1 (default) or -1; setting qfac to 1
2025-07-20 03:47:04,889 - nibabel.global - INFO - pixdim[0] (qfac) should be 1 (default) or -1; setting qfac to 1
pixdim[0] (qfac) should be 1 (default) or -1; setting qfac to 1
2025-07-20 03:47:05,084 - nibabel.global - INFO - pixdim[0] (qfac) should be 1 (default) or -1; setting qfac to 1
pixdim[0] (qfac) should be 1 (default) or -1; setting qfac to 1
2025-07-20 03:47:05,272 - nibabel.global - INFO - pixdim[0] (qfac) should be 1 (default) or -1; setting qfac to 1
pixdim[0] (qfac) should be 1 (default) or -1; setting qfac to 1
2025-07-20 03:47:05,465 - nibabel.global - INFO - pixdim[0] (qfac) should be 1 (default) or -1; setting qfac to 1
pixdim[0] (qfac) should be 1 (default) or -1; setting qfac to 1
2025-07-20 03:47:05,647 - nibabel.global - INFO - pixdim[0] (qfac) should be 1 (default) or -1; setting qfac to 1
pixdim[0] (qfac) should be 1 (default) or -1; setting qfac to 1
2025-07-20 03:47:05,842 - nibabel.global - INFO - pixdim[0] (qfac) should be 1 (default) or -1; setting qfac to 1
pixdim[0] (qfac) should be 1 (default) or -1; setting qfac to 1
2025-07-20 03:47:06,036 - nibabel.global - INFO - pixdim[0] (qfac) should be 1 (default) or -1; setting qfac to 1
pixdim[0] (qfac) should be 1 (default) or -1; setting qfac to 1
2025-07-20 03:47:06,232 - nibabel.global - INFO - pixdim[0] (qfac) should be 1 (default) or -1; setting qfac to 1
pixdim[0] (qfac) should be 1 (default) or -1; setting qfac to 1
2025-07-20 03:47:06,427 - nibabel.global - INFO - pixdim[0] (qfac) should be 1 (default) or -1; setting qfac to 1
pixdim[0] (qfac) should be 1 (default) or -1; setting qfac to 1
2025-07-20 03:47:06,621 - nibabel.global - INFO - pixdim[0] (qfac) should be 1 (default) or -1; setting qfac to 1
pixdim[0] (qfac) should be 1 (default) or -1; setting qfac to 1
2025-07-20 03:47:06,814 - nibabel.global - INFO - pixdim[0] (qfac) should be 1 (default) or -1; setting qfac to 1
pixdim[0] (qfac) should be 1 (default) or -1; setting qfac to 1
2025-07-20 03:47:07,010 - nibabel.global - INFO - pixdim[0] (qfac) should be 1 (default) or -1; setting qfac to 1
pixdim[0] (qfac) should be 1 (default) or -1; setting qfac to 1
2025-07-20 03:47:07,217 - nibabel.global - INFO - pixdim[0] (qfac) should be 1 (default) or -1; setting qfac to 1
pixdim[0] (qfac) should be 1 (default) or -1; setting qfac to 1
2025-07-20 03:47:07,413 - nibabel.global - INFO - pixdim[0] (qfac) should be 1 (default) or -1; setting qfac to 1
pixdim[0] (qfac) should be 1 (default) or -1; setting qfac to 1
2025-07-20 03:47:07,604 - nibabel.global - INFO - pixdim[0] (qfac) should be 1 (default) or -1; setting qfac to 1
pixdim[0] (qfac) should be 1 (default) or -1; setting qfac to 1
2025-07-20 03:47:07,800 - nibabel.global - INFO - pixdim[0] (qfac) should be 1 (default) or -1; setting qfac to 1
pixdim[0] (qfac) should be 1 (default) or -1; setting qfac to 1
2025-07-20 03:47:07,988 - nibabel.global - INFO - pixdim[0] (qfac) should be 1 (default) or -1; setting qfac to 1
pixdim[0] (qfac) should be 1 (default) or -1; setting qfac to 1
2025-07-20 03:47:08,180 - nibabel.global - INFO - pixdim[0] (qfac) should be 1 (default) or -1; setting qfac to 1
pixdim[0] (qfac) should be 1 (default) or -1; setting qfac to 1
2025-07-20 03:47:08,374 - nibabel.global - INFO - pixdim[0] (qfac) should be 1 (default) or -1; setting qfac to 1
pixdim[0] (qfac) should be 1 (default) or -1; setting qfac to 1
2025-07-20 03:47:08,570 - nibabel.global - INFO - pixdim[0] (qfac) should be 1 (default) or -1; setting qfac to 1
pixdim[0] (qfac) should be 1 (default) or -1; setting qfac to 1
2025-07-20 03:47:08,765 - nibabel.global - INFO - pixdim[0] (qfac) should be 1 (default) or -1; setting qfac to 1
pixdim[0] (qfac) should be 1 (default) or -1; setting qfac to 1
2025-07-20 03:47:08,956 - nibabel.global - INFO - pixdim[0] (qfac) should be 1 (default) or -1; setting qfac to 1
pixdim[0] (qfac) should be 1 (default) or -1; setting qfac to 1
2025-07-20 03:47:09,151 - nibabel.global - INFO - pixdim[0] (qfac) should be 1 (default) or -1; setting qfac to 1
pixdim[0] (qfac) should be 1 (default) or -1; setting qfac to 1
2025-07-20 03:47:09,340 - nibabel.global - INFO - pixdim[0] (qfac) should be 1 (default) or -1; setting qfac to 1
pixdim[0] (qfac) should be 1 (default) or -1; setting qfac to 1
2025-07-20 03:47:09,535 - nibabel.global - INFO - pixdim[0] (qfac) should be 1 (default) or -1; setting qfac to 1
pixdim[0] (qfac) should be 1 (default) or -1; setting qfac to 1
2025-07-20 03:47:09,731 - nibabel.global - INFO - pixdim[0] (qfac) should be 1 (default) or -1; setting qfac to 1
pixdim[0] (qfac) should be 1 (default) or -1; setting qfac to 1
2025-07-20 03:47:09,925 - nibabel.global - INFO - pixdim[0] (qfac) should be 1 (default) or -1; setting qfac to 1
pixdim[0] (qfac) should be 1 (default) or -1; setting qfac to 1
2025-07-20 03:47:10,119 - nibabel.global - INFO - pixdim[0] (qfac) should be 1 (default) or -1; setting qfac to 1
pixdim[0] (qfac) should be 1 (default) or -1; setting qfac to 1
2025-07-20 03:47:10,314 - nibabel.global - INFO - pixdim[0] (qfac) should be 1 (default) or -1; setting qfac to 1
pixdim[0] (qfac) should be 1 (default) or -1; setting qfac to 1
2025-07-20 03:47:10,513 - nibabel.global - INFO - pixdim[0] (qfac) should be 1 (default) or -1; setting qfac to 1
pixdim[0] (qfac) should be 1 (default) or -1; setting qfac to 1
2025-07-20 03:47:10,707 - nibabel.global - INFO - pixdim[0] (qfac) should be 1 (default) or -1; setting qfac to 1
pixdim[0] (qfac) should be 1 (default) or -1; setting qfac to 1
2025-07-20 03:47:10,903 - nibabel.global - INFO - pixdim[0] (qfac) should be 1 (default) or -1; setting qfac to 1
pixdim[0] (qfac) should be 1 (default) or -1; setting qfac to 1
2025-07-20 03:47:11,097 - nibabel.global - INFO - pixdim[0] (qfac) should be 1 (default) or -1; setting qfac to 1
pixdim[0] (qfac) should be 1 (default) or -1; setting qfac to 1
2025-07-20 03:47:11,293 - nibabel.global - INFO - pixdim[0] (qfac) should be 1 (default) or -1; setting qfac to 1
pixdim[0] (qfac) should be 1 (default) or -1; setting qfac to 1
2025-07-20 03:47:11,485 - nibabel.global - INFO - pixdim[0] (qfac) should be 1 (default) or -1; setting qfac to 1
pixdim[0] (qfac) should be 1 (default) or -1; setting qfac to 1
2025-07-20 03:47:11,681 - nibabel.global - INFO - pixdim[0] (qfac) should be 1 (default) or -1; setting qfac to 1
pixdim[0] (qfac) should be 1 (default) or -1; setting qfac to 1
2025-07-20 03:47:11,889 - nibabel.global - INFO - pixdim[0] (qfac) should be 1 (default) or -1; setting qfac to 1
pixdim[0] (qfac) should be 1 (default) or -1; setting qfac to 1
2025-07-20 03:47:12,081 - nibabel.global - INFO - pixdim[0] (qfac) should be 1 (default) or -1; setting qfac to 1
pixdim[0] (qfac) should be 1 (default) or -1; setting qfac to 1
2025-07-20 03:47:12,276 - nibabel.global - INFO - pixdim[0] (qfac) should be 1 (default) or -1; setting qfac to 1
pixdim[0] (qfac) should be 1 (default) or -1; setting qfac to 1
2025-07-20 03:47:12,468 - nibabel.global - INFO - pixdim[0] (qfac) should be 1 (default) or -1; setting qfac to 1
pixdim[0] (qfac) should be 1 (default) or -1; setting qfac to 1
2025-07-20 03:47:12,656 - nibabel.global - INFO - pixdim[0] (qfac) should be 1 (default) or -1; setting qfac to 1
pixdim[0] (qfac) should be 1 (default) or -1; setting qfac to 1
2025-07-20 03:47:12,851 - nibabel.global - INFO - pixdim[0] (qfac) should be 1 (default) or -1; setting qfac to 1
pixdim[0] (qfac) should be 1 (default) or -1; setting qfac to 1
2025-07-20 03:47:13,047 - nibabel.global - INFO - pixdim[0] (qfac) should be 1 (default) or -1; setting qfac to 1
pixdim[0] (qfac) should be 1 (default) or -1; setting qfac to 1
2025-07-20 03:47:13,241 - nibabel.global - INFO - pixdim[0] (qfac) should be 1 (default) or -1; setting qfac to 1
pixdim[0] (qfac) should be 1 (default) or -1; setting qfac to 1
2025-07-20 03:47:13,434 - nibabel.global - INFO - pixdim[0] (qfac) should be 1 (default) or -1; setting qfac to 1
pixdim[0] (qfac) should be 1 (default) or -1; setting qfac to 1
2025-07-20 03:47:13,628 - nibabel.global - INFO - pixdim[0] (qfac) should be 1 (default) or -1; setting qfac to 1
pixdim[0] (qfac) should be 1 (default) or -1; setting qfac to 1
2025-07-20 03:47:13,822 - nibabel.global - INFO - pixdim[0] (qfac) should be 1 (default) or -1; setting qfac to 1
pixdim[0] (qfac) should be 1 (default) or -1; setting qfac to 1
2025-07-20 03:47:14,017 - nibabel.global - INFO - pixdim[0] (qfac) should be 1 (default) or -1; setting qfac to 1
pixdim[0] (qfac) should be 1 (default) or -1; setting qfac to 1
2025-07-20 03:47:14,206 - nibabel.global - INFO - pixdim[0] (qfac) should be 1 (default) or -1; setting qfac to 1
pixdim[0] (qfac) should be 1 (default) or -1; setting qfac to 1
2025-07-20 03:47:14,398 - nibabel.global - INFO - pixdim[0] (qfac) should be 1 (default) or -1; setting qfac to 1
pixdim[0] (qfac) should be 1 (default) or -1; setting qfac to 1
2025-07-20 03:47:14,592 - nibabel.global - INFO - pixdim[0] (qfac) should be 1 (default) or -1; setting qfac to 1
pixdim[0] (qfac) should be 1 (default) or -1; setting qfac to 1
2025-07-20 03:47:14,786 - nibabel.global - INFO - pixdim[0] (qfac) should be 1 (default) or -1; setting qfac to 1
pixdim[0] (qfac) should be 1 (default) or -1; setting qfac to 1
2025-07-20 03:47:14,981 - nibabel.global - INFO - pixdim[0] (qfac) should be 1 (default) or -1; setting qfac to 1
pixdim[0] (qfac) should be 1 (default) or -1; setting qfac to 1
2025-07-20 03:47:15,176 - nibabel.global - INFO - pixdim[0] (qfac) should be 1 (default) or -1; setting qfac to 1
pixdim[0] (qfac) should be 1 (default) or -1; setting qfac to 1
2025-07-20 03:47:15,370 - nibabel.global - INFO - pixdim[0] (qfac) should be 1 (default) or -1; setting qfac to 1
pixdim[0] (qfac) should be 1 (default) or -1; setting qfac to 1
2025-07-20 03:47:15,564 - nibabel.global - INFO - pixdim[0] (qfac) should be 1 (default) or -1; setting qfac to 1
pixdim[0] (qfac) should be 1 (default) or -1; setting qfac to 1
2025-07-20 03:47:15,752 - nibabel.global - INFO - pixdim[0] (qfac) should be 1 (default) or -1; setting qfac to 1
pixdim[0] (qfac) should be 1 (default) or -1; setting qfac to 1
2025-07-20 03:47:15,947 - nibabel.global - INFO - pixdim[0] (qfac) should be 1 (default) or -1; setting qfac to 1
pixdim[0] (qfac) should be 1 (default) or -1; setting qfac to 1
2025-07-20 03:47:16,138 - nibabel.global - INFO - pixdim[0] (qfac) should be 1 (default) or -1; setting qfac to 1
pixdim[0] (qfac) should be 1 (default) or -1; setting qfac to 1
2025-07-20 03:47:16,332 - nibabel.global - INFO - pixdim[0] (qfac) should be 1 (default) or -1; setting qfac to 1
pixdim[0] (qfac) should be 1 (default) or -1; setting qfac to 1
2025-07-20 03:47:16,524 - nibabel.global - INFO - pixdim[0] (qfac) should be 1 (default) or -1; setting qfac to 1
pixdim[0] (qfac) should be 1 (default) or -1; setting qfac to 1
2025-07-20 03:47:16,717 - nibabel.global - INFO - pixdim[0] (qfac) should be 1 (default) or -1; setting qfac to 1
pixdim[0] (qfac) should be 1 (default) or -1; setting qfac to 1
2025-07-20 03:47:16,911 - nibabel.global - INFO - pixdim[0] (qfac) should be 1 (default) or -1; setting qfac to 1
pixdim[0] (qfac) should be 1 (default) or -1; setting qfac to 1
2025-07-20 03:47:17,101 - nibabel.global - INFO - pixdim[0] (qfac) should be 1 (default) or -1; setting qfac to 1
pixdim[0] (qfac) should be 1 (default) or -1; setting qfac to 1
2025-07-20 03:47:17,296 - nibabel.global - INFO - pixdim[0] (qfac) should be 1 (default) or -1; setting qfac to 1
pixdim[0] (qfac) should be 1 (default) or -1; setting qfac to 1
2025-07-20 03:47:17,487 - nibabel.global - INFO - pixdim[0] (qfac) should be 1 (default) or -1; setting qfac to 1
pixdim[0] (qfac) should be 1 (default) or -1; setting qfac to 1
2025-07-20 03:47:17,681 - nibabel.global - INFO - pixdim[0] (qfac) should be 1 (default) or -1; setting qfac to 1
pixdim[0] (qfac) should be 1 (default) or -1; setting qfac to 1
2025-07-20 03:47:17,894 - nibabel.global - INFO - pixdim[0] (qfac) should be 1 (default) or -1; setting qfac to 1
pixdim[0] (qfac) should be 1 (default) or -1; setting qfac to 1
2025-07-20 03:47:18,092 - nibabel.global - INFO - pixdim[0] (qfac) should be 1 (default) or -1; setting qfac to 1
pixdim[0] (qfac) should be 1 (default) or -1; setting qfac to 1
2025-07-20 03:47:18,286 - nibabel.global - INFO - pixdim[0] (qfac) should be 1 (default) or -1; setting qfac to 1
pixdim[0] (qfac) should be 1 (default) or -1; setting qfac to 1
2025-07-20 03:47:18,478 - nibabel.global - INFO - pixdim[0] (qfac) should be 1 (default) or -1; setting qfac to 1
pixdim[0] (qfac) should be 1 (default) or -1; setting qfac to 1
2025-07-20 03:47:18,667 - nibabel.global - INFO - pixdim[0] (qfac) should be 1 (default) or -1; setting qfac to 1
pixdim[0] (qfac) should be 1 (default) or -1; setting qfac to 1
2025-07-20 03:47:18,861 - nibabel.global - INFO - pixdim[0] (qfac) should be 1 (default) or -1; setting qfac to 1
pixdim[0] (qfac) should be 1 (default) or -1; setting qfac to 1
2025-07-20 03:47:19,055 - nibabel.global - INFO - pixdim[0] (qfac) should be 1 (default) or -1; setting qfac to 1
pixdim[0] (qfac) should be 1 (default) or -1; setting qfac to 1
2025-07-20 03:47:19,247 - nibabel.global - INFO - pixdim[0] (qfac) should be 1 (default) or -1; setting qfac to 1
pixdim[0] (qfac) should be 1 (default) or -1; setting qfac to 1
2025-07-20 03:47:19,442 - nibabel.global - INFO - pixdim[0] (qfac) should be 1 (default) or -1; setting qfac to 1
pixdim[0] (qfac) should be 1 (default) or -1; setting qfac to 1
2025-07-20 03:47:19,634 - nibabel.global - INFO - pixdim[0] (qfac) should be 1 (default) or -1; setting qfac to 1
pixdim[0] (qfac) should be 1 (default) or -1; setting qfac to 1
2025-07-20 03:47:19,829 - nibabel.global - INFO - pixdim[0] (qfac) should be 1 (default) or -1; setting qfac to 1
pixdim[0] (qfac) should be 1 (default) or -1; setting qfac to 1
2025-07-20 03:47:20,014 - nibabel.global - INFO - pixdim[0] (qfac) should be 1 (default) or -1; setting qfac to 1
pixdim[0] (qfac) should be 1 (default) or -1; setting qfac to 1
2025-07-20 03:47:20,208 - nibabel.global - INFO - pixdim[0] (qfac) should be 1 (default) or -1; setting qfac to 1
pixdim[0] (qfac) should be 1 (default) or -1; setting qfac to 1
2025-07-20 03:47:20,403 - nibabel.global - INFO - pixdim[0] (qfac) should be 1 (default) or -1; setting qfac to 1
pixdim[0] (qfac) should be 1 (default) or -1; setting qfac to 1
2025-07-20 03:47:20,601 - nibabel.global - INFO - pixdim[0] (qfac) should be 1 (default) or -1; setting qfac to 1
pixdim[0] (qfac) should be 1 (default) or -1; setting qfac to 1
2025-07-20 03:47:20,796 - nibabel.global - INFO - pixdim[0] (qfac) should be 1 (default) or -1; setting qfac to 1
pixdim[0] (qfac) should be 1 (default) or -1; setting qfac to 1
2025-07-20 03:47:20,993 - nibabel.global - INFO - pixdim[0] (qfac) should be 1 (default) or -1; setting qfac to 1
pixdim[0] (qfac) should be 1 (default) or -1; setting qfac to 1
2025-07-20 03:47:21,183 - nibabel.global - INFO - pixdim[0] (qfac) should be 1 (default) or -1; setting qfac to 1
pixdim[0] (qfac) should be 1 (default) or -1; setting qfac to 1
2025-07-20 03:47:21,378 - nibabel.global - INFO - pixdim[0] (qfac) should be 1 (default) or -1; setting qfac to 1
pixdim[0] (qfac) should be 1 (default) or -1; setting qfac to 1
2025-07-20 03:47:21,570 - nibabel.global - INFO - pixdim[0] (qfac) should be 1 (default) or -1; setting qfac to 1
pixdim[0] (qfac) should be 1 (default) or -1; setting qfac to 1
2025-07-20 03:47:21,763 - nibabel.global - INFO - pixdim[0] (qfac) should be 1 (default) or -1; setting qfac to 1
pixdim[0] (qfac) should be 1 (default) or -1; setting qfac to 1
2025-07-20 03:47:21,958 - nibabel.global - INFO - pixdim[0] (qfac) should be 1 (default) or -1; setting qfac to 1
pixdim[0] (qfac) should be 1 (default) or -1; setting qfac to 1
2025-07-20 03:47:22,154 - nibabel.global - INFO - pixdim[0] (qfac) should be 1 (default) or -1; setting qfac to 1
pixdim[0] (qfac) should be 1 (default) or -1; setting qfac to 1
2025-07-20 03:47:22,345 - nibabel.global - INFO - pixdim[0] (qfac) should be 1 (default) or -1; setting qfac to 1
pixdim[0] (qfac) should be 1 (default) or -1; setting qfac to 1
2025-07-20 03:47:22,534 - nibabel.global - INFO - pixdim[0] (qfac) should be 1 (default) or -1; setting qfac to 1
pixdim[0] (qfac) should be 1 (default) or -1; setting qfac to 1
2025-07-20 03:47:22,725 - nibabel.global - INFO - pixdim[0] (qfac) should be 1 (default) or -1; setting qfac to 1
pixdim[0] (qfac) should be 1 (default) or -1; setting qfac to 1
2025-07-20 03:47:22,920 - nibabel.global - INFO - pixdim[0] (qfac) should be 1 (default) or -1; setting qfac to 1
pixdim[0] (qfac) should be 1 (default) or -1; setting qfac to 1
2025-07-20 03:47:23,103 - nibabel.global - INFO - pixdim[0] (qfac) should be 1 (default) or -1; setting qfac to 1
pixdim[0] (qfac) should be 1 (default) or -1; setting qfac to 1
2025-07-20 03:47:23,292 - nibabel.global - INFO - pixdim[0] (qfac) should be 1 (default) or -1; setting qfac to 1
pixdim[0] (qfac) should be 1 (default) or -1; setting qfac to 1
2025-07-20 03:47:23,487 - nibabel.global - INFO - pixdim[0] (qfac) should be 1 (default) or -1; setting qfac to 1
pixdim[0] (qfac) should be 1 (default) or -1; setting qfac to 1
2025-07-20 03:47:23,683 - nibabel.global - INFO - pixdim[0] (qfac) should be 1 (default) or -1; setting qfac to 1
pixdim[0] (qfac) should be 1 (default) or -1; setting qfac to 1
2025-07-20 03:47:23,890 - nibabel.global - INFO - pixdim[0] (qfac) should be 1 (default) or -1; setting qfac to 1
pixdim[0] (qfac) should be 1 (default) or -1; setting qfac to 1
2025-07-20 03:47:24,085 - nibabel.global - INFO - pixdim[0] (qfac) should be 1 (default) or -1; setting qfac to 1
pixdim[0] (qfac) should be 1 (default) or -1; setting qfac to 1
2025-07-20 03:47:24,279 - nibabel.global - INFO - pixdim[0] (qfac) should be 1 (default) or -1; setting qfac to 1
pixdim[0] (qfac) should be 1 (default) or -1; setting qfac to 1
2025-07-20 03:47:24,474 - nibabel.global - INFO - pixdim[0] (qfac) should be 1 (default) or -1; setting qfac to 1
pixdim[0] (qfac) should be 1 (default) or -1; setting qfac to 1
2025-07-20 03:47:24,668 - nibabel.global - INFO - pixdim[0] (qfac) should be 1 (default) or -1; setting qfac to 1
pixdim[0] (qfac) should be 1 (default) or -1; setting qfac to 1
2025-07-20 03:47:24,859 - nibabel.global - INFO - pixdim[0] (qfac) should be 1 (default) or -1; setting qfac to 1
pixdim[0] (qfac) should be 1 (default) or -1; setting qfac to 1
2025-07-20 03:47:25,049 - nibabel.global - INFO - pixdim[0] (qfac) should be 1 (default) or -1; setting qfac to 1
pixdim[0] (qfac) should be 1 (default) or -1; setting qfac to 1
2025-07-20 03:47:25,242 - nibabel.global - INFO - pixdim[0] (qfac) should be 1 (default) or -1; setting qfac to 1
pixdim[0] (qfac) should be 1 (default) or -1; setting qfac to 1
2025-07-20 03:47:25,435 - nibabel.global - INFO - pixdim[0] (qfac) should be 1 (default) or -1; setting qfac to 1
pixdim[0] (qfac) should be 1 (default) or -1; setting qfac to 1
2025-07-20 03:47:25,630 - nibabel.global - INFO - pixdim[0] (qfac) should be 1 (default) or -1; setting qfac to 1
pixdim[0] (qfac) should be 1 (default) or -1; setting qfac to 1
2025-07-20 03:47:25,820 - nibabel.global - INFO - pixdim[0] (qfac) should be 1 (default) or -1; setting qfac to 1
pixdim[0] (qfac) should be 1 (default) or -1; setting qfac to 1
2025-07-20 03:47:26,016 - nibabel.global - INFO - pixdim[0] (qfac) should be 1 (default) or -1; setting qfac to 1
pixdim[0] (qfac) should be 1 (default) or -1; setting qfac to 1
2025-07-20 03:47:26,210 - nibabel.global - INFO - pixdim[0] (qfac) should be 1 (default) or -1; setting qfac to 1
pixdim[0] (qfac) should be 1 (default) or -1; setting qfac to 1
2025-07-20 03:47:26,405 - nibabel.global - INFO - pixdim[0] (qfac) should be 1 (default) or -1; setting qfac to 1
pixdim[0] (qfac) should be 1 (default) or -1; setting qfac to 1
2025-07-20 03:47:26,601 - nibabel.global - INFO - pixdim[0] (qfac) should be 1 (default) or -1; setting qfac to 1
pixdim[0] (qfac) should be 1 (default) or -1; setting qfac to 1
2025-07-20 03:47:26,794 - nibabel.global - INFO - pixdim[0] (qfac) should be 1 (default) or -1; setting qfac to 1
pixdim[0] (qfac) should be 1 (default) or -1; setting qfac to 1
2025-07-20 03:47:26,978 - nibabel.global - INFO - pixdim[0] (qfac) should be 1 (default) or -1; setting qfac to 1
pixdim[0] (qfac) should be 1 (default) or -1; setting qfac to 1
2025-07-20 03:47:27,173 - nibabel.global - INFO - pixdim[0] (qfac) should be 1 (default) or -1; setting qfac to 1
pixdim[0] (qfac) should be 1 (default) or -1; setting qfac to 1
2025-07-20 03:47:27,365 - nibabel.global - INFO - pixdim[0] (qfac) should be 1 (default) or -1; setting qfac to 1
pixdim[0] (qfac) should be 1 (default) or -1; setting qfac to 1
2025-07-20 03:47:27,554 - nibabel.global - INFO - pixdim[0] (qfac) should be 1 (default) or -1; setting qfac to 1
pixdim[0] (qfac) should be 1 (default) or -1; setting qfac to 1
2025-07-20 03:47:27,748 - nibabel.global - INFO - pixdim[0] (qfac) should be 1 (default) or -1; setting qfac to 1
pixdim[0] (qfac) should be 1 (default) or -1; setting qfac to 1
2025-07-20 03:47:27,943 - nibabel.global - INFO - pixdim[0] (qfac) should be 1 (default) or -1; setting qfac to 1
pixdim[0] (qfac) should be 1 (default) or -1; setting qfac to 1
2025-07-20 03:47:28,137 - nibabel.global - INFO - pixdim[0] (qfac) should be 1 (default) or -1; setting qfac to 1
pixdim[0] (qfac) should be 1 (default) or -1; setting qfac to 1
2025-07-20 03:47:28,332 - nibabel.global - INFO - pixdim[0] (qfac) should be 1 (default) or -1; setting qfac to 1
pixdim[0] (qfac) should be 1 (default) or -1; setting qfac to 1
2025-07-20 03:47:28,526 - nibabel.global - INFO - pixdim[0] (qfac) should be 1 (default) or -1; setting qfac to 1
pixdim[0] (qfac) should be 1 (default) or -1; setting qfac to 1
2025-07-20 03:47:28,714 - nibabel.global - INFO - pixdim[0] (qfac) should be 1 (default) or -1; setting qfac to 1
pixdim[0] (qfac) should be 1 (default) or -1; setting qfac to 1
2025-07-20 03:47:28,906 - nibabel.global - INFO - pixdim[0] (qfac) should be 1 (default) or -1; setting qfac to 1
pixdim[0] (qfac) should be 1 (default) or -1; setting qfac to 1
2025-07-20 03:47:29,098 - nibabel.global - INFO - pixdim[0] (qfac) should be 1 (default) or -1; setting qfac to 1
pixdim[0] (qfac) should be 1 (default) or -1; setting qfac to 1
2025-07-20 03:47:29,290 - nibabel.global - INFO - pixdim[0] (qfac) should be 1 (default) or -1; setting qfac to 1
pixdim[0] (qfac) should be 1 (default) or -1; setting qfac to 1
2025-07-20 03:47:29,486 - nibabel.global - INFO - pixdim[0] (qfac) should be 1 (default) or -1; setting qfac to 1
pixdim[0] (qfac) should be 1 (default) or -1; setting qfac to 1
2025-07-20 03:47:29,679 - nibabel.global - INFO - pixdim[0] (qfac) should be 1 (default) or -1; setting qfac to 1
pixdim[0] (qfac) should be 1 (default) or -1; setting qfac to 1
2025-07-20 03:47:29,873 - nibabel.global - INFO - pixdim[0] (qfac) should be 1 (default) or -1; setting qfac to 1
pixdim[0] (qfac) should be 1 (default) or -1; setting qfac to 1
2025-07-20 03:47:30,069 - nibabel.global - INFO - pixdim[0] (qfac) should be 1 (default) or -1; setting qfac to 1
pixdim[0] (qfac) should be 1 (default) or -1; setting qfac to 1
2025-07-20 03:47:30,265 - nibabel.global - INFO - pixdim[0] (qfac) should be 1 (default) or -1; setting qfac to 1
pixdim[0] (qfac) should be 1 (default) or -1; setting qfac to 1
2025-07-20 03:47:30,459 - nibabel.global - INFO - pixdim[0] (qfac) should be 1 (default) or -1; setting qfac to 1
pixdim[0] (qfac) should be 1 (default) or -1; setting qfac to 1
2025-07-20 03:47:30,655 - nibabel.global - INFO - pixdim[0] (qfac) should be 1 (default) or -1; setting qfac to 1
pixdim[0] (qfac) should be 1 (default) or -1; setting qfac to 1
2025-07-20 03:47:30,844 - nibabel.global - INFO - pixdim[0] (qfac) should be 1 (default) or -1; setting qfac to 1
pixdim[0] (qfac) should be 1 (default) or -1; setting qfac to 1
2025-07-20 03:47:31,036 - nibabel.global - INFO - pixdim[0] (qfac) should be 1 (default) or -1; setting qfac to 1
pixdim[0] (qfac) should be 1 (default) or -1; setting qfac to 1
2025-07-20 03:47:31,231 - nibabel.global - INFO - pixdim[0] (qfac) should be 1 (default) or -1; setting qfac to 1
pixdim[0] (qfac) should be 1 (default) or -1; setting qfac to 1
2025-07-20 03:47:31,425 - nibabel.global - INFO - pixdim[0] (qfac) should be 1 (default) or -1; setting qfac to 1
pixdim[0] (qfac) should be 1 (default) or -1; setting qfac to 1
2025-07-20 03:47:31,630 - nibabel.global - INFO - pixdim[0] (qfac) should be 1 (default) or -1; setting qfac to 1
pixdim[0] (qfac) should be 1 (default) or -1; setting qfac to 1
2025-07-20 03:47:31,833 - nibabel.global - INFO - pixdim[0] (qfac) should be 1 (default) or -1; setting qfac to 1
pixdim[0] (qfac) should be 1 (default) or -1; setting qfac to 1
2025-07-20 03:47:32,026 - nibabel.global - INFO - pixdim[0] (qfac) should be 1 (default) or -1; setting qfac to 1
pixdim[0] (qfac) should be 1 (default) or -1; setting qfac to 1
2025-07-20 03:47:32,221 - nibabel.global - INFO - pixdim[0] (qfac) should be 1 (default) or -1; setting qfac to 1
pixdim[0] (qfac) should be 1 (default) or -1; setting qfac to 1
2025-07-20 03:47:32,412 - nibabel.global - INFO - pixdim[0] (qfac) should be 1 (default) or -1; setting qfac to 1
pixdim[0] (qfac) should be 1 (default) or -1; setting qfac to 1
2025-07-20 03:47:32,599 - nibabel.global - INFO - pixdim[0] (qfac) should be 1 (default) or -1; setting qfac to 1
pixdim[0] (qfac) should be 1 (default) or -1; setting qfac to 1
2025-07-20 03:47:32,793 - nibabel.global - INFO - pixdim[0] (qfac) should be 1 (default) or -1; setting qfac to 1
pixdim[0] (qfac) should be 1 (default) or -1; setting qfac to 1
2025-07-20 03:47:32,990 - nibabel.global - INFO - pixdim[0] (qfac) should be 1 (default) or -1; setting qfac to 1
pixdim[0] (qfac) should be 1 (default) or -1; setting qfac to 1
2025-07-20 03:47:33,184 - nibabel.global - INFO - pixdim[0] (qfac) should be 1 (default) or -1; setting qfac to 1
pixdim[0] (qfac) should be 1 (default) or -1; setting qfac to 1
2025-07-20 03:47:33,373 - nibabel.global - INFO - pixdim[0] (qfac) should be 1 (default) or -1; setting qfac to 1
pixdim[0] (qfac) should be 1 (default) or -1; setting qfac to 1
2025-07-20 03:47:33,560 - nibabel.global - INFO - pixdim[0] (qfac) should be 1 (default) or -1; setting qfac to 1
pixdim[0] (qfac) should be 1 (default) or -1; setting qfac to 1
2025-07-20 03:47:33,755 - nibabel.global - INFO - pixdim[0] (qfac) should be 1 (default) or -1; setting qfac to 1
pixdim[0] (qfac) should be 1 (default) or -1; setting qfac to 1
2025-07-20 03:47:33,948 - nibabel.global - INFO - pixdim[0] (qfac) should be 1 (default) or -1; setting qfac to 1
pixdim[0] (qfac) should be 1 (default) or -1; setting qfac to 1
2025-07-20 03:47:34,143 - nibabel.global - INFO - pixdim[0] (qfac) should be 1 (default) or -1; setting qfac to 1
pixdim[0] (qfac) should be 1 (default) or -1; setting qfac to 1
2025-07-20 03:47:34,336 - nibabel.global - INFO - pixdim[0] (qfac) should be 1 (default) or -1; setting qfac to 1
pixdim[0] (qfac) should be 1 (default) or -1; setting qfac to 1
2025-07-20 03:47:34,527 - nibabel.global - INFO - pixdim[0] (qfac) should be 1 (default) or -1; setting qfac to 1
pixdim[0] (qfac) should be 1 (default) or -1; setting qfac to 1
2025-07-20 03:47:34,721 - nibabel.global - INFO - pixdim[0] (qfac) should be 1 (default) or -1; setting qfac to 1
pixdim[0] (qfac) should be 1 (default) or -1; setting qfac to 1
2025-07-20 03:47:34,914 - nibabel.global - INFO - pixdim[0] (qfac) should be 1 (default) or -1; setting qfac to 1
pixdim[0] (qfac) should be 1 (default) or -1; setting qfac to 1
2025-07-20 03:47:35,107 - nibabel.global - INFO - pixdim[0] (qfac) should be 1 (default) or -1; setting qfac to 1
pixdim[0] (qfac) should be 1 (default) or -1; setting qfac to 1
2025-07-20 03:47:35,302 - nibabel.global - INFO - pixdim[0] (qfac) should be 1 (default) or -1; setting qfac to 1
pixdim[0] (qfac) should be 1 (default) or -1; setting qfac to 1
2025-07-20 03:47:35,496 - nibabel.global - INFO - pixdim[0] (qfac) should be 1 (default) or -1; setting qfac to 1
pixdim[0] (qfac) should be 1 (default) or -1; setting qfac to 1
2025-07-20 03:47:35,693 - nibabel.global - INFO - pixdim[0] (qfac) should be 1 (default) or -1; setting qfac to 1
pixdim[0] (qfac) should be 1 (default) or -1; setting qfac to 1
2025-07-20 03:47:35,887 - nibabel.global - INFO - pixdim[0] (qfac) should be 1 (default) or -1; setting qfac to 1
pixdim[0] (qfac) should be 1 (default) or -1; setting qfac to 1
2025-07-20 03:47:36,081 - nibabel.global - INFO - pixdim[0] (qfac) should be 1 (default) or -1; setting qfac to 1
pixdim[0] (qfac) should be 1 (default) or -1; setting qfac to 1
2025-07-20 03:47:36,275 - nibabel.global - INFO - pixdim[0] (qfac) should be 1 (default) or -1; setting qfac to 1
pixdim[0] (qfac) should be 1 (default) or -1; setting qfac to 1
2025-07-20 03:47:36,464 - nibabel.global - INFO - pixdim[0] (qfac) should be 1 (default) or -1; setting qfac to 1
pixdim[0] (qfac) should be 1 (default) or -1; setting qfac to 1
2025-07-20 03:47:36,653 - nibabel.global - INFO - pixdim[0] (qfac) should be 1 (default) or -1; setting qfac to 1
pixdim[0] (qfac) should be 1 (default) or -1; setting qfac to 1
2025-07-20 03:47:36,849 - nibabel.global - INFO - pixdim[0] (qfac) should be 1 (default) or -1; setting qfac to 1
pixdim[0] (qfac) should be 1 (default) or -1; setting qfac to 1
2025-07-20 03:47:37,043 - nibabel.global - INFO - pixdim[0] (qfac) should be 1 (default) or -1; setting qfac to 1
pixdim[0] (qfac) should be 1 (default) or -1; setting qfac to 1
2025-07-20 03:47:37,238 - nibabel.global - INFO - pixdim[0] (qfac) should be 1 (default) or -1; setting qfac to 1
pixdim[0] (qfac) should be 1 (default) or -1; setting qfac to 1
2025-07-20 03:47:37,432 - nibabel.global - INFO - pixdim[0] (qfac) should be 1 (default) or -1; setting qfac to 1
pixdim[0] (qfac) should be 1 (default) or -1; setting qfac to 1
2025-07-20 03:47:37,624 - nibabel.global - INFO - pixdim[0] (qfac) should be 1 (default) or -1; setting qfac to 1
pixdim[0] (qfac) should be 1 (default) or -1; setting qfac to 1
2025-07-20 03:47:37,814 - nibabel.global - INFO - pixdim[0] (qfac) should be 1 (default) or -1; setting qfac to 1
pixdim[0] (qfac) should be 1 (default) or -1; setting qfac to 1
2025-07-20 03:47:38,008 - nibabel.global - INFO - pixdim[0] (qfac) should be 1 (default) or -1; setting qfac to 1
pixdim[0] (qfac) should be 1 (default) or -1; setting qfac to 1
2025-07-20 03:47:38,200 - nibabel.global - INFO - pixdim[0] (qfac) should be 1 (default) or -1; setting qfac to 1
pixdim[0] (qfac) should be 1 (default) or -1; setting qfac to 1
2025-07-20 03:47:38,393 - nibabel.global - INFO - pixdim[0] (qfac) should be 1 (default) or -1; setting qfac to 1
pixdim[0] (qfac) should be 1 (default) or -1; setting qfac to 1
2025-07-20 03:47:38,587 - nibabel.global - INFO - pixdim[0] (qfac) should be 1 (default) or -1; setting qfac to 1
pixdim[0] (qfac) should be 1 (default) or -1; setting qfac to 1
2025-07-20 03:47:38,783 - nibabel.global - INFO - pixdim[0] (qfac) should be 1 (default) or -1; setting qfac to 1
pixdim[0] (qfac) should be 1 (default) or -1; setting qfac to 1
2025-07-20 03:47:38,977 - nibabel.global - INFO - pixdim[0] (qfac) should be 1 (default) or -1; setting qfac to 1
pixdim[0] (qfac) should be 1 (default) or -1; setting qfac to 1
2025-07-20 03:47:39,167 - nibabel.global - INFO - pixdim[0] (qfac) should be 1 (default) or -1; setting qfac to 1
pixdim[0] (qfac) should be 1 (default) or -1; setting qfac to 1
2025-07-20 03:47:39,361 - nibabel.global - INFO - pixdim[0] (qfac) should be 1 (default) or -1; setting qfac to 1
pixdim[0] (qfac) should be 1 (default) or -1; setting qfac to 1
2025-07-20 03:47:39,568 - nibabel.global - INFO - pixdim[0] (qfac) should be 1 (default) or -1; setting qfac to 1
pixdim[0] (qfac) should be 1 (default) or -1; setting qfac to 1
2025-07-20 03:47:39,762 - nibabel.global - INFO - pixdim[0] (qfac) should be 1 (default) or -1; setting qfac to 1
pixdim[0] (qfac) should be 1 (default) or -1; setting qfac to 1
2025-07-20 03:47:39,954 - nibabel.global - INFO - pixdim[0] (qfac) should be 1 (default) or -1; setting qfac to 1
pixdim[0] (qfac) should be 1 (default) or -1; setting qfac to 1
2025-07-20 03:47:40,147 - nibabel.global - INFO - pixdim[0] (qfac) should be 1 (default) or -1; setting qfac to 1
pixdim[0] (qfac) should be 1 (default) or -1; setting qfac to 1
2025-07-20 03:47:40,339 - nibabel.global - INFO - pixdim[0] (qfac) should be 1 (default) or -1; setting qfac to 1
pixdim[0] (qfac) should be 1 (default) or -1; setting qfac to 1
2025-07-20 03:47:40,528 - nibabel.global - INFO - pixdim[0] (qfac) should be 1 (default) or -1; setting qfac to 1
pixdim[0] (qfac) should be 1 (default) or -1; setting qfac to 1
2025-07-20 03:47:40,722 - nibabel.global - INFO - pixdim[0] (qfac) should be 1 (default) or -1; setting qfac to 1
pixdim[0] (qfac) should be 1 (default) or -1; setting qfac to 1
2025-07-20 03:47:40,915 - nibabel.global - INFO - pixdim[0] (qfac) should be 1 (default) or -1; setting qfac to 1
pixdim[0] (qfac) should be 1 (default) or -1; setting qfac to 1
2025-07-20 03:47:41,110 - nibabel.global - INFO - pixdim[0] (qfac) should be 1 (default) or -1; setting qfac to 1
pixdim[0] (qfac) should be 1 (default) or -1; setting qfac to 1
2025-07-20 03:47:41,304 - nibabel.global - INFO - pixdim[0] (qfac) should be 1 (default) or -1; setting qfac to 1
pixdim[0] (qfac) should be 1 (default) or -1; setting qfac to 1
2025-07-20 03:47:41,497 - nibabel.global - INFO - pixdim[0] (qfac) should be 1 (default) or -1; setting qfac to 1
pixdim[0] (qfac) should be 1 (default) or -1; setting qfac to 1
2025-07-20 03:47:41,690 - nibabel.global - INFO - pixdim[0] (qfac) should be 1 (default) or -1; setting qfac to 1
pixdim[0] (qfac) should be 1 (default) or -1; setting qfac to 1
2025-07-20 03:47:41,881 - nibabel.global - INFO - pixdim[0] (qfac) should be 1 (default) or -1; setting qfac to 1
pixdim[0] (qfac) should be 1 (default) or -1; setting qfac to 1
2025-07-20 03:47:42,074 - nibabel.global - INFO - pixdim[0] (qfac) should be 1 (default) or -1; setting qfac to 1
pixdim[0] (qfac) should be 1 (default) or -1; setting qfac to 1
2025-07-20 03:47:42,267 - nibabel.global - INFO - pixdim[0] (qfac) should be 1 (default) or -1; setting qfac to 1
pixdim[0] (qfac) should be 1 (default) or -1; setting qfac to 1
2025-07-20 03:47:42,461 - nibabel.global - INFO - pixdim[0] (qfac) should be 1 (default) or -1; setting qfac to 1
pixdim[0] (qfac) should be 1 (default) or -1; setting qfac to 1
2025-07-20 03:47:42,655 - nibabel.global - INFO - pixdim[0] (qfac) should be 1 (default) or -1; setting qfac to 1
pixdim[0] (qfac) should be 1 (default) or -1; setting qfac to 1
2025-07-20 03:47:42,848 - nibabel.global - INFO - pixdim[0] (qfac) should be 1 (default) or -1; setting qfac to 1
pixdim[0] (qfac) should be 1 (default) or -1; setting qfac to 1
2025-07-20 03:47:43,042 - nibabel.global - INFO - pixdim[0] (qfac) should be 1 (default) or -1; setting qfac to 1
pixdim[0] (qfac) should be 1 (default) or -1; setting qfac to 1
2025-07-20 03:47:43,235 - nibabel.global - INFO - pixdim[0] (qfac) should be 1 (default) or -1; setting qfac to 1
pixdim[0] (qfac) should be 1 (default) or -1; setting qfac to 1
2025-07-20 03:47:43,432 - nibabel.global - INFO - pixdim[0] (qfac) should be 1 (default) or -1; setting qfac to 1
pixdim[0] (qfac) should be 1 (default) or -1; setting qfac to 1
2025-07-20 03:47:43,625 - nibabel.global - INFO - pixdim[0] (qfac) should be 1 (default) or -1; setting qfac to 1
pixdim[0] (qfac) should be 1 (default) or -1; setting qfac to 1
2025-07-20 03:47:43,817 - nibabel.global - INFO - pixdim[0] (qfac) should be 1 (default) or -1; setting qfac to 1
pixdim[0] (qfac) should be 1 (default) or -1; setting qfac to 1
2025-07-20 03:47:44,012 - nibabel.global - INFO - pixdim[0] (qfac) should be 1 (default) or -1; setting qfac to 1
pixdim[0] (qfac) should be 1 (default) or -1; setting qfac to 1
2025-07-20 03:47:44,205 - nibabel.global - INFO - pixdim[0] (qfac) should be 1 (default) or -1; setting qfac to 1
pixdim[0] (qfac) should be 1 (default) or -1; setting qfac to 1
2025-07-20 03:47:44,398 - nibabel.global - INFO - pixdim[0] (qfac) should be 1 (default) or -1; setting qfac to 1
pixdim[0] (qfac) should be 1 (default) or -1; setting qfac to 1
2025-07-20 03:47:44,594 - nibabel.global - INFO - pixdim[0] (qfac) should be 1 (default) or -1; setting qfac to 1
pixdim[0] (qfac) should be 1 (default) or -1; setting qfac to 1
2025-07-20 03:47:44,783 - nibabel.global - INFO - pixdim[0] (qfac) should be 1 (default) or -1; setting qfac to 1
pixdim[0] (qfac) should be 1 (default) or -1; setting qfac to 1
2025-07-20 03:47:44,977 - nibabel.global - INFO - pixdim[0] (qfac) should be 1 (default) or -1; setting qfac to 1
pixdim[0] (qfac) should be 1 (default) or -1; setting qfac to 1
2025-07-20 03:47:45,171 - nibabel.global - INFO - pixdim[0] (qfac) should be 1 (default) or -1; setting qfac to 1
pixdim[0] (qfac) should be 1 (default) or -1; setting qfac to 1
2025-07-20 03:47:45,365 - nibabel.global - INFO - pixdim[0] (qfac) should be 1 (default) or -1; setting qfac to 1
pixdim[0] (qfac) should be 1 (default) or -1; setting qfac to 1
2025-07-20 03:47:45,553 - nibabel.global - INFO - pixdim[0] (qfac) should be 1 (default) or -1; setting qfac to 1
pixdim[0] (qfac) should be 1 (default) or -1; setting qfac to 1
2025-07-20 03:47:45,747 - nibabel.global - INFO - pixdim[0] (qfac) should be 1 (default) or -1; setting qfac to 1
pixdim[0] (qfac) should be 1 (default) or -1; setting qfac to 1
2025-07-20 03:47:45,939 - nibabel.global - INFO - pixdim[0] (qfac) should be 1 (default) or -1; setting qfac to 1
pixdim[0] (qfac) should be 1 (default) or -1; setting qfac to 1
2025-07-20 03:47:46,135 - nibabel.global - INFO - pixdim[0] (qfac) should be 1 (default) or -1; setting qfac to 1
pixdim[0] (qfac) should be 1 (default) or -1; setting qfac to 1
2025-07-20 03:47:46,328 - nibabel.global - INFO - pixdim[0] (qfac) should be 1 (default) or -1; setting qfac to 1
pixdim[0] (qfac) should be 1 (default) or -1; setting qfac to 1
2025-07-20 03:47:46,521 - nibabel.global - INFO - pixdim[0] (qfac) should be 1 (default) or -1; setting qfac to 1
pixdim[0] (qfac) should be 1 (default) or -1; setting qfac to 1
2025-07-20 03:47:46,712 - nibabel.global - INFO - pixdim[0] (qfac) should be 1 (default) or -1; setting qfac to 1
pixdim[0] (qfac) should be 1 (default) or -1; setting qfac to 1
2025-07-20 03:47:46,907 - nibabel.global - INFO - pixdim[0] (qfac) should be 1 (default) or -1; setting qfac to 1
pixdim[0] (qfac) should be 1 (default) or -1; setting qfac to 1
2025-07-20 03:47:47,101 - nibabel.global - INFO - pixdim[0] (qfac) should be 1 (default) or -1; setting qfac to 1
pixdim[0] (qfac) should be 1 (default) or -1; setting qfac to 1
2025-07-20 03:47:47,296 - nibabel.global - INFO - pixdim[0] (qfac) should be 1 (default) or -1; setting qfac to 1
pixdim[0] (qfac) should be 1 (default) or -1; setting qfac to 1
2025-07-20 03:47:47,490 - nibabel.global - INFO - pixdim[0] (qfac) should be 1 (default) or -1; setting qfac to 1
pixdim[0] (qfac) should be 1 (default) or -1; setting qfac to 1
2025-07-20 03:47:47,678 - nibabel.global - INFO - pixdim[0] (qfac) should be 1 (default) or -1; setting qfac to 1
pixdim[0] (qfac) should be 1 (default) or -1; setting qfac to 1
2025-07-20 03:47:47,871 - nibabel.global - INFO - pixdim[0] (qfac) should be 1 (default) or -1; setting qfac to 1
pixdim[0] (qfac) should be 1 (default) or -1; setting qfac to 1
2025-07-20 03:47:48,065 - nibabel.global - INFO - pixdim[0] (qfac) should be 1 (default) or -1; setting qfac to 1
pixdim[0] (qfac) should be 1 (default) or -1; setting qfac to 1
2025-07-20 03:47:48,259 - nibabel.global - INFO - pixdim[0] (qfac) should be 1 (default) or -1; setting qfac to 1
pixdim[0] (qfac) should be 1 (default) or -1; setting qfac to 1
2025-07-20 03:47:48,453 - nibabel.global - INFO - pixdim[0] (qfac) should be 1 (default) or -1; setting qfac to 1
pixdim[0] (qfac) should be 1 (default) or -1; setting qfac to 1
2025-07-20 03:47:48,647 - nibabel.global - INFO - pixdim[0] (qfac) should be 1 (default) or -1; setting qfac to 1
pixdim[0] (qfac) should be 1 (default) or -1; setting qfac to 1
2025-07-20 03:47:48,840 - nibabel.global - INFO - pixdim[0] (qfac) should be 1 (default) or -1; setting qfac to 1
pixdim[0] (qfac) should be 1 (default) or -1; setting qfac to 1
2025-07-20 03:47:49,035 - nibabel.global - INFO - pixdim[0] (qfac) should be 1 (default) or -1; setting qfac to 1
pixdim[0] (qfac) should be 1 (default) or -1; setting qfac to 1
2025-07-20 03:47:49,230 - nibabel.global - INFO - pixdim[0] (qfac) should be 1 (default) or -1; setting qfac to 1
pixdim[0] (qfac) should be 1 (default) or -1; setting qfac to 1
2025-07-20 03:47:49,420 - nibabel.global - INFO - pixdim[0] (qfac) should be 1 (default) or -1; setting qfac to 1
pixdim[0] (qfac) should be 1 (default) or -1; setting qfac to 1
2025-07-20 03:47:49,623 - nibabel.global - INFO - pixdim[0] (qfac) should be 1 (default) or -1; setting qfac to 1
pixdim[0] (qfac) should be 1 (default) or -1; setting qfac to 1
2025-07-20 03:47:49,812 - nibabel.global - INFO - pixdim[0] (qfac) should be 1 (default) or -1; setting qfac to 1
pixdim[0] (qfac) should be 1 (default) or -1; setting qfac to 1
2025-07-20 03:47:50,003 - nibabel.global - INFO - pixdim[0] (qfac) should be 1 (default) or -1; setting qfac to 1
pixdim[0] (qfac) should be 1 (default) or -1; setting qfac to 1
2025-07-20 03:47:50,195 - nibabel.global - INFO - pixdim[0] (qfac) should be 1 (default) or -1; setting qfac to 1
pixdim[0] (qfac) should be 1 (default) or -1; setting qfac to 1
2025-07-20 03:47:50,390 - nibabel.global - INFO - pixdim[0] (qfac) should be 1 (default) or -1; setting qfac to 1
pixdim[0] (qfac) should be 1 (default) or -1; setting qfac to 1
2025-07-20 03:47:50,583 - nibabel.global - INFO - pixdim[0] (qfac) should be 1 (default) or -1; setting qfac to 1
pixdim[0] (qfac) should be 1 (default) or -1; setting qfac to 1
2025-07-20 03:47:50,776 - nibabel.global - INFO - pixdim[0] (qfac) should be 1 (default) or -1; setting qfac to 1
pixdim[0] (qfac) should be 1 (default) or -1; setting qfac to 1
2025-07-20 03:47:50,970 - nibabel.global - INFO - pixdim[0] (qfac) should be 1 (default) or -1; setting qfac to 1
pixdim[0] (qfac) should be 1 (default) or -1; setting qfac to 1
2025-07-20 03:47:51,160 - nibabel.global - INFO - pixdim[0] (qfac) should be 1 (default) or -1; setting qfac to 1
pixdim[0] (qfac) should be 1 (default) or -1; setting qfac to 1
2025-07-20 03:47:51,354 - nibabel.global - INFO - pixdim[0] (qfac) should be 1 (default) or -1; setting qfac to 1
pixdim[0] (qfac) should be 1 (default) or -1; setting qfac to 1
2025-07-20 03:47:51,554 - nibabel.global - INFO - pixdim[0] (qfac) should be 1 (default) or -1; setting qfac to 1
pixdim[0] (qfac) should be 1 (default) or -1; setting qfac to 1
2025-07-20 03:47:51,752 - nibabel.global - INFO - pixdim[0] (qfac) should be 1 (default) or -1; setting qfac to 1
pixdim[0] (qfac) should be 1 (default) or -1; setting qfac to 1
2025-07-20 03:47:51,946 - nibabel.global - INFO - pixdim[0] (qfac) should be 1 (default) or -1; setting qfac to 1
pixdim[0] (qfac) should be 1 (default) or -1; setting qfac to 1
2025-07-20 03:47:52,139 - nibabel.global - INFO - pixdim[0] (qfac) should be 1 (default) or -1; setting qfac to 1
pixdim[0] (qfac) should be 1 (default) or -1; setting qfac to 1
2025-07-20 03:47:52,330 - nibabel.global - INFO - pixdim[0] (qfac) should be 1 (default) or -1; setting qfac to 1
pixdim[0] (qfac) should be 1 (default) or -1; setting qfac to 1
2025-07-20 03:47:52,523 - nibabel.global - INFO - pixdim[0] (qfac) should be 1 (default) or -1; setting qfac to 1
pixdim[0] (qfac) should be 1 (default) or -1; setting qfac to 1
2025-07-20 03:47:52,718 - nibabel.global - INFO - pixdim[0] (qfac) should be 1 (default) or -1; setting qfac to 1
pixdim[0] (qfac) should be 1 (default) or -1; setting qfac to 1
2025-07-20 03:47:52,911 - nibabel.global - INFO - pixdim[0] (qfac) should be 1 (default) or -1; setting qfac to 1
pixdim[0] (qfac) should be 1 (default) or -1; setting qfac to 1
2025-07-20 03:47:53,097 - nibabel.global - INFO - pixdim[0] (qfac) should be 1 (default) or -1; setting qfac to 1
pixdim[0] (qfac) should be 1 (default) or -1; setting qfac to 1
2025-07-20 03:47:53,291 - nibabel.global - INFO - pixdim[0] (qfac) should be 1 (default) or -1; setting qfac to 1
pixdim[0] (qfac) should be 1 (default) or -1; setting qfac to 1
2025-07-20 03:47:53,485 - nibabel.global - INFO - pixdim[0] (qfac) should be 1 (default) or -1; setting qfac to 1
pixdim[0] (qfac) should be 1 (default) or -1; setting qfac to 1
2025-07-20 03:47:53,673 - nibabel.global - INFO - pixdim[0] (qfac) should be 1 (default) or -1; setting qfac to 1
pixdim[0] (qfac) should be 1 (default) or -1; setting qfac to 1
2025-07-20 03:47:53,868 - nibabel.global - INFO - pixdim[0] (qfac) should be 1 (default) or -1; setting qfac to 1
pixdim[0] (qfac) should be 1 (default) or -1; setting qfac to 1
2025-07-20 03:47:54,062 - nibabel.global - INFO - pixdim[0] (qfac) should be 1 (default) or -1; setting qfac to 1
pixdim[0] (qfac) should be 1 (default) or -1; setting qfac to 1
2025-07-20 03:47:54,255 - nibabel.global - INFO - pixdim[0] (qfac) should be 1 (default) or -1; setting qfac to 1
pixdim[0] (qfac) should be 1 (default) or -1; setting qfac to 1
2025-07-20 03:47:54,442 - nibabel.global - INFO - pixdim[0] (qfac) should be 1 (default) or -1; setting qfac to 1
pixdim[0] (qfac) should be 1 (default) or -1; setting qfac to 1
2025-07-20 03:47:54,630 - nibabel.global - INFO - pixdim[0] (qfac) should be 1 (default) or -1; setting qfac to 1
pixdim[0] (qfac) should be 1 (default) or -1; setting qfac to 1
2025-07-20 03:47:54,824 - nibabel.global - INFO - pixdim[0] (qfac) should be 1 (default) or -1; setting qfac to 1
pixdim[0] (qfac) should be 1 (default) or -1; setting qfac to 1
2025-07-20 03:47:55,018 - nibabel.global - INFO - pixdim[0] (qfac) should be 1 (default) or -1; setting qfac to 1
pixdim[0] (qfac) should be 1 (default) or -1; setting qfac to 1
2025-07-20 03:47:55,211 - nibabel.global - INFO - pixdim[0] (qfac) should be 1 (default) or -1; setting qfac to 1
pixdim[0] (qfac) should be 1 (default) or -1; setting qfac to 1
2025-07-20 03:47:55,403 - nibabel.global - INFO - pixdim[0] (qfac) should be 1 (default) or -1; setting qfac to 1
pixdim[0] (qfac) should be 1 (default) or -1; setting qfac to 1
2025-07-20 03:47:55,593 - nibabel.global - INFO - pixdim[0] (qfac) should be 1 (default) or -1; setting qfac to 1
pixdim[0] (qfac) should be 1 (default) or -1; setting qfac to 1
2025-07-20 03:47:55,787 - nibabel.global - INFO - pixdim[0] (qfac) should be 1 (default) or -1; setting qfac to 1
pixdim[0] (qfac) should be 1 (default) or -1; setting qfac to 1
2025-07-20 03:47:55,981 - nibabel.global - INFO - pixdim[0] (qfac) should be 1 (default) or -1; setting qfac to 1
pixdim[0] (qfac) should be 1 (default) or -1; setting qfac to 1
2025-07-20 03:47:56,175 - nibabel.global - INFO - pixdim[0] (qfac) should be 1 (default) or -1; setting qfac to 1
pixdim[0] (qfac) should be 1 (default) or -1; setting qfac to 1
2025-07-20 03:47:56,368 - nibabel.global - INFO - pixdim[0] (qfac) should be 1 (default) or -1; setting qfac to 1
pixdim[0] (qfac) should be 1 (default) or -1; setting qfac to 1
2025-07-20 03:47:56,561 - nibabel.global - INFO - pixdim[0] (qfac) should be 1 (default) or -1; setting qfac to 1
pixdim[0] (qfac) should be 1 (default) or -1; setting qfac to 1
2025-07-20 03:47:56,754 - nibabel.global - INFO - pixdim[0] (qfac) should be 1 (default) or -1; setting qfac to 1
pixdim[0] (qfac) should be 1 (default) or -1; setting qfac to 1
2025-07-20 03:47:56,947 - nibabel.global - INFO - pixdim[0] (qfac) should be 1 (default) or -1; setting qfac to 1
pixdim[0] (qfac) should be 1 (default) or -1; setting qfac to 1
2025-07-20 03:47:57,140 - nibabel.global - INFO - pixdim[0] (qfac) should be 1 (default) or -1; setting qfac to 1
pixdim[0] (qfac) should be 1 (default) or -1; setting qfac to 1
2025-07-20 03:47:57,334 - nibabel.global - INFO - pixdim[0] (qfac) should be 1 (default) or -1; setting qfac to 1
pixdim[0] (qfac) should be 1 (default) or -1; setting qfac to 1
2025-07-20 03:47:57,526 - nibabel.global - INFO - pixdim[0] (qfac) should be 1 (default) or -1; setting qfac to 1
pixdim[0] (qfac) should be 1 (default) or -1; setting qfac to 1
2025-07-20 03:47:57,719 - nibabel.global - INFO - pixdim[0] (qfac) should be 1 (default) or -1; setting qfac to 1
pixdim[0] (qfac) should be 1 (default) or -1; setting qfac to 1
2025-07-20 03:47:57,914 - nibabel.global - INFO - pixdim[0] (qfac) should be 1 (default) or -1; setting qfac to 1
pixdim[0] (qfac) should be 1 (default) or -1; setting qfac to 1
2025-07-20 03:47:58,104 - nibabel.global - INFO - pixdim[0] (qfac) should be 1 (default) or -1; setting qfac to 1
pixdim[0] (qfac) should be 1 (default) or -1; setting qfac to 1
2025-07-20 03:47:58,289 - nibabel.global - INFO - pixdim[0] (qfac) should be 1 (default) or -1; setting qfac to 1
pixdim[0] (qfac) should be 1 (default) or -1; setting qfac to 1
2025-07-20 03:47:58,480 - nibabel.global - INFO - pixdim[0] (qfac) should be 1 (default) or -1; setting qfac to 1
pixdim[0] (qfac) should be 1 (default) or -1; setting qfac to 1
2025-07-20 03:47:58,673 - nibabel.global - INFO - pixdim[0] (qfac) should be 1 (default) or -1; setting qfac to 1
pixdim[0] (qfac) should be 1 (default) or -1; setting qfac to 1
2025-07-20 03:47:58,863 - nibabel.global - INFO - pixdim[0] (qfac) should be 1 (default) or -1; setting qfac to 1
pixdim[0] (qfac) should be 1 (default) or -1; setting qfac to 1
2025-07-20 03:47:59,057 - nibabel.global - INFO - pixdim[0] (qfac) should be 1 (default) or -1; setting qfac to 1
pixdim[0] (qfac) should be 1 (default) or -1; setting qfac to 1
2025-07-20 03:47:59,250 - nibabel.global - INFO - pixdim[0] (qfac) should be 1 (default) or -1; setting qfac to 1
pixdim[0] (qfac) should be 1 (default) or -1; setting qfac to 1
2025-07-20 03:47:59,445 - nibabel.global - INFO - pixdim[0] (qfac) should be 1 (default) or -1; setting qfac to 1
pixdim[0] (qfac) should be 1 (default) or -1; setting qfac to 1
2025-07-20 03:47:59,635 - nibabel.global - INFO - pixdim[0] (qfac) should be 1 (default) or -1; setting qfac to 1
pixdim[0] (qfac) should be 1 (default) or -1; setting qfac to 1
2025-07-20 03:47:59,851 - nibabel.global - INFO - pixdim[0] (qfac) should be 1 (default) or -1; setting qfac to 1
pixdim[0] (qfac) should be 1 (default) or -1; setting qfac to 1
2025-07-20 03:48:00,045 - nibabel.global - INFO - pixdim[0] (qfac) should be 1 (default) or -1; setting qfac to 1
pixdim[0] (qfac) should be 1 (default) or -1; setting qfac to 1
2025-07-20 03:48:00,240 - nibabel.global - INFO - pixdim[0] (qfac) should be 1 (default) or -1; setting qfac to 1
pixdim[0] (qfac) should be 1 (default) or -1; setting qfac to 1
2025-07-20 03:48:00,430 - nibabel.global - INFO - pixdim[0] (qfac) should be 1 (default) or -1; setting qfac to 1
pixdim[0] (qfac) should be 1 (default) or -1; setting qfac to 1
2025-07-20 03:48:00,618 - nibabel.global - INFO - pixdim[0] (qfac) should be 1 (default) or -1; setting qfac to 1
pixdim[0] (qfac) should be 1 (default) or -1; setting qfac to 1
2025-07-20 03:48:00,813 - nibabel.global - INFO - pixdim[0] (qfac) should be 1 (default) or -1; setting qfac to 1
pixdim[0] (qfac) should be 1 (default) or -1; setting qfac to 1
2025-07-20 03:48:01,006 - nibabel.global - INFO - pixdim[0] (qfac) should be 1 (default) or -1; setting qfac to 1
pixdim[0] (qfac) should be 1 (default) or -1; setting qfac to 1
2025-07-20 03:48:01,196 - nibabel.global - INFO - pixdim[0] (qfac) should be 1 (default) or -1; setting qfac to 1
pixdim[0] (qfac) should be 1 (default) or -1; setting qfac to 1
2025-07-20 03:48:01,390 - nibabel.global - INFO - pixdim[0] (qfac) should be 1 (default) or -1; setting qfac to 1
pixdim[0] (qfac) should be 1 (default) or -1; setting qfac to 1
2025-07-20 03:48:01,584 - nibabel.global - INFO - pixdim[0] (qfac) should be 1 (default) or -1; setting qfac to 1
pixdim[0] (qfac) should be 1 (default) or -1; setting qfac to 1
2025-07-20 03:48:01,772 - nibabel.global - INFO - pixdim[0] (qfac) should be 1 (default) or -1; setting qfac to 1
pixdim[0] (qfac) should be 1 (default) or -1; setting qfac to 1
2025-07-20 03:48:01,964 - nibabel.global - INFO - pixdim[0] (qfac) should be 1 (default) or -1; setting qfac to 1
pixdim[0] (qfac) should be 1 (default) or -1; setting qfac to 1
2025-07-20 03:48:02,150 - nibabel.global - INFO - pixdim[0] (qfac) should be 1 (default) or -1; setting qfac to 1
pixdim[0] (qfac) should be 1 (default) or -1; setting qfac to 1
2025-07-20 03:48:02,340 - nibabel.global - INFO - pixdim[0] (qfac) should be 1 (default) or -1; setting qfac to 1
pixdim[0] (qfac) should be 1 (default) or -1; setting qfac to 1
2025-07-20 03:48:02,536 - nibabel.global - INFO - pixdim[0] (qfac) should be 1 (default) or -1; setting qfac to 1
pixdim[0] (qfac) should be 1 (default) or -1; setting qfac to 1
2025-07-20 03:48:02,728 - nibabel.global - INFO - pixdim[0] (qfac) should be 1 (default) or -1; setting qfac to 1
pixdim[0] (qfac) should be 1 (default) or -1; setting qfac to 1
2025-07-20 03:48:02,922 - nibabel.global - INFO - pixdim[0] (qfac) should be 1 (default) or -1; setting qfac to 1
pixdim[0] (qfac) should be 1 (default) or -1; setting qfac to 1
2025-07-20 03:48:03,117 - nibabel.global - INFO - pixdim[0] (qfac) should be 1 (default) or -1; setting qfac to 1
pixdim[0] (qfac) should be 1 (default) or -1; setting qfac to 1
2025-07-20 03:48:03,307 - nibabel.global - INFO - pixdim[0] (qfac) should be 1 (default) or -1; setting qfac to 1
pixdim[0] (qfac) should be 1 (default) or -1; setting qfac to 1
2025-07-20 03:48:03,492 - nibabel.global - INFO - pixdim[0] (qfac) should be 1 (default) or -1; setting qfac to 1
pixdim[0] (qfac) should be 1 (default) or -1; setting qfac to 1
2025-07-20 03:48:03,686 - nibabel.global - INFO - pixdim[0] (qfac) should be 1 (default) or -1; setting qfac to 1
pixdim[0] (qfac) should be 1 (default) or -1; setting qfac to 1
2025-07-20 03:48:03,874 - nibabel.global - INFO - pixdim[0] (qfac) should be 1 (default) or -1; setting qfac to 1
pixdim[0] (qfac) should be 1 (default) or -1; setting qfac to 1
2025-07-20 03:48:04,062 - nibabel.global - INFO - pixdim[0] (qfac) should be 1 (default) or -1; setting qfac to 1
pixdim[0] (qfac) should be 1 (default) or -1; setting qfac to 1
2025-07-20 03:48:04,252 - nibabel.global - INFO - pixdim[0] (qfac) should be 1 (default) or -1; setting qfac to 1
pixdim[0] (qfac) should be 1 (default) or -1; setting qfac to 1
2025-07-20 03:48:04,445 - nibabel.global - INFO - pixdim[0] (qfac) should be 1 (default) or -1; setting qfac to 1
pixdim[0] (qfac) should be 1 (default) or -1; setting qfac to 1
2025-07-20 03:48:04,635 - nibabel.global - INFO - pixdim[0] (qfac) should be 1 (default) or -1; setting qfac to 1
pixdim[0] (qfac) should be 1 (default) or -1; setting qfac to 1
2025-07-20 03:48:04,829 - nibabel.global - INFO - pixdim[0] (qfac) should be 1 (default) or -1; setting qfac to 1
pixdim[0] (qfac) should be 1 (default) or -1; setting qfac to 1
2025-07-20 03:48:05,022 - nibabel.global - INFO - pixdim[0] (qfac) should be 1 (default) or -1; setting qfac to 1
pixdim[0] (qfac) should be 1 (default) or -1; setting qfac to 1
2025-07-20 03:48:05,213 - nibabel.global - INFO - pixdim[0] (qfac) should be 1 (default) or -1; setting qfac to 1
pixdim[0] (qfac) should be 1 (default) or -1; setting qfac to 1
2025-07-20 03:48:05,407 - nibabel.global - INFO - pixdim[0] (qfac) should be 1 (default) or -1; setting qfac to 1
pixdim[0] (qfac) should be 1 (default) or -1; setting qfac to 1
2025-07-20 03:48:05,602 - nibabel.global - INFO - pixdim[0] (qfac) should be 1 (default) or -1; setting qfac to 1
pixdim[0] (qfac) should be 1 (default) or -1; setting qfac to 1
2025-07-20 03:48:05,793 - nibabel.global - INFO - pixdim[0] (qfac) should be 1 (default) or -1; setting qfac to 1
pixdim[0] (qfac) should be 1 (default) or -1; setting qfac to 1
2025-07-20 03:48:05,986 - nibabel.global - INFO - pixdim[0] (qfac) should be 1 (default) or -1; setting qfac to 1
pixdim[0] (qfac) should be 1 (default) or -1; setting qfac to 1
2025-07-20 03:48:06,178 - nibabel.global - INFO - pixdim[0] (qfac) should be 1 (default) or -1; setting qfac to 1
pixdim[0] (qfac) should be 1 (default) or -1; setting qfac to 1
2025-07-20 03:48:06,372 - nibabel.global - INFO - pixdim[0] (qfac) should be 1 (default) or -1; setting qfac to 1
pixdim[0] (qfac) should be 1 (default) or -1; setting qfac to 1
2025-07-20 03:48:06,565 - nibabel.global - INFO - pixdim[0] (qfac) should be 1 (default) or -1; setting qfac to 1
pixdim[0] (qfac) should be 1 (default) or -1; setting qfac to 1
2025-07-20 03:48:06,752 - nibabel.global - INFO - pixdim[0] (qfac) should be 1 (default) or -1; setting qfac to 1
pixdim[0] (qfac) should be 1 (default) or -1; setting qfac to 1
2025-07-20 03:48:06,946 - nibabel.global - INFO - pixdim[0] (qfac) should be 1 (default) or -1; setting qfac to 1
pixdim[0] (qfac) should be 1 (default) or -1; setting qfac to 1
2025-07-20 03:48:07,142 - nibabel.global - INFO - pixdim[0] (qfac) should be 1 (default) or -1; setting qfac to 1
pixdim[0] (qfac) should be 1 (default) or -1; setting qfac to 1
2025-07-20 03:48:07,337 - nibabel.global - INFO - pixdim[0] (qfac) should be 1 (default) or -1; setting qfac to 1
pixdim[0] (qfac) should be 1 (default) or -1; setting qfac to 1
2025-07-20 03:48:07,530 - nibabel.global - INFO - pixdim[0] (qfac) should be 1 (default) or -1; setting qfac to 1
pixdim[0] (qfac) should be 1 (default) or -1; setting qfac to 1
2025-07-20 03:48:07,723 - nibabel.global - INFO - pixdim[0] (qfac) should be 1 (default) or -1; setting qfac to 1
pixdim[0] (qfac) should be 1 (default) or -1; setting qfac to 1
2025-07-20 03:48:07,918 - nibabel.global - INFO - pixdim[0] (qfac) should be 1 (default) or -1; setting qfac to 1
pixdim[0] (qfac) should be 1 (default) or -1; setting qfac to 1
2025-07-20 03:48:08,106 - nibabel.global - INFO - pixdim[0] (qfac) should be 1 (default) or -1; setting qfac to 1
pixdim[0] (qfac) should be 1 (default) or -1; setting qfac to 1
2025-07-20 03:48:08,301 - nibabel.global - INFO - pixdim[0] (qfac) should be 1 (default) or -1; setting qfac to 1
pixdim[0] (qfac) should be 1 (default) or -1; setting qfac to 1
2025-07-20 03:48:08,494 - nibabel.global - INFO - pixdim[0] (qfac) should be 1 (default) or -1; setting qfac to 1
pixdim[0] (qfac) should be 1 (default) or -1; setting qfac to 1
2025-07-20 03:48:08,682 - nibabel.global - INFO - pixdim[0] (qfac) should be 1 (default) or -1; setting qfac to 1
pixdim[0] (qfac) should be 1 (default) or -1; setting qfac to 1
2025-07-20 03:48:08,876 - nibabel.global - INFO - pixdim[0] (qfac) should be 1 (default) or -1; setting qfac to 1
pixdim[0] (qfac) should be 1 (default) or -1; setting qfac to 1
2025-07-20 03:48:09,068 - nibabel.global - INFO - pixdim[0] (qfac) should be 1 (default) or -1; setting qfac to 1
pixdim[0] (qfac) should be 1 (default) or -1; setting qfac to 1
2025-07-20 03:48:09,258 - nibabel.global - INFO - pixdim[0] (qfac) should be 1 (default) or -1; setting qfac to 1
pixdim[0] (qfac) should be 1 (default) or -1; setting qfac to 1
2025-07-20 03:48:09,452 - nibabel.global - INFO - pixdim[0] (qfac) should be 1 (default) or -1; setting qfac to 1
pixdim[0] (qfac) should be 1 (default) or -1; setting qfac to 1
2025-07-20 03:48:09,646 - nibabel.global - INFO - pixdim[0] (qfac) should be 1 (default) or -1; setting qfac to 1
pixdim[0] (qfac) should be 1 (default) or -1; setting qfac to 1
2025-07-20 03:48:09,840 - nibabel.global - INFO - pixdim[0] (qfac) should be 1 (default) or -1; setting qfac to 1
pixdim[0] (qfac) should be 1 (default) or -1; setting qfac to 1
2025-07-20 03:48:10,034 - nibabel.global - INFO - pixdim[0] (qfac) should be 1 (default) or -1; setting qfac to 1
pixdim[0] (qfac) should be 1 (default) or -1; setting qfac to 1
2025-07-20 03:48:10,223 - nibabel.global - INFO - pixdim[0] (qfac) should be 1 (default) or -1; setting qfac to 1
pixdim[0] (qfac) should be 1 (default) or -1; setting qfac to 1
2025-07-20 03:48:10,415 - nibabel.global - INFO - pixdim[0] (qfac) should be 1 (default) or -1; setting qfac to 1
pixdim[0] (qfac) should be 1 (default) or -1; setting qfac to 1
2025-07-20 03:48:10,611 - nibabel.global - INFO - pixdim[0] (qfac) should be 1 (default) or -1; setting qfac to 1
pixdim[0] (qfac) should be 1 (default) or -1; setting qfac to 1
2025-07-20 03:48:10,805 - nibabel.global - INFO - pixdim[0] (qfac) should be 1 (default) or -1; setting qfac to 1
pixdim[0] (qfac) should be 1 (default) or -1; setting qfac to 1
2025-07-20 03:48:10,998 - nibabel.global - INFO - pixdim[0] (qfac) should be 1 (default) or -1; setting qfac to 1
pixdim[0] (qfac) should be 1 (default) or -1; setting qfac to 1
2025-07-20 03:48:11,190 - nibabel.global - INFO - pixdim[0] (qfac) should be 1 (default) or -1; setting qfac to 1
pixdim[0] (qfac) should be 1 (default) or -1; setting qfac to 1
2025-07-20 03:48:11,380 - nibabel.global - INFO - pixdim[0] (qfac) should be 1 (default) or -1; setting qfac to 1
pixdim[0] (qfac) should be 1 (default) or -1; setting qfac to 1
2025-07-20 03:48:11,573 - nibabel.global - INFO - pixdim[0] (qfac) should be 1 (default) or -1; setting qfac to 1
pixdim[0] (qfac) should be 1 (default) or -1; setting qfac to 1
2025-07-20 03:48:11,767 - nibabel.global - INFO - pixdim[0] (qfac) should be 1 (default) or -1; setting qfac to 1
pixdim[0] (qfac) should be 1 (default) or -1; setting qfac to 1
2025-07-20 03:48:11,958 - nibabel.global - INFO - pixdim[0] (qfac) should be 1 (default) or -1; setting qfac to 1
pixdim[0] (qfac) should be 1 (default) or -1; setting qfac to 1
2025-07-20 03:48:12,150 - nibabel.global - INFO - pixdim[0] (qfac) should be 1 (default) or -1; setting qfac to 1
pixdim[0] (qfac) should be 1 (default) or -1; setting qfac to 1
2025-07-20 03:48:12,356 - nibabel.global - INFO - pixdim[0] (qfac) should be 1 (default) or -1; setting qfac to 1
pixdim[0] (qfac) should be 1 (default) or -1; setting qfac to 1
2025-07-20 03:48:12,546 - nibabel.global - INFO - pixdim[0] (qfac) should be 1 (default) or -1; setting qfac to 1
pixdim[0] (qfac) should be 1 (default) or -1; setting qfac to 1
2025-07-20 03:48:12,736 - nibabel.global - INFO - pixdim[0] (qfac) should be 1 (default) or -1; setting qfac to 1
pixdim[0] (qfac) should be 1 (default) or -1; setting qfac to 1
2025-07-20 03:48:12,929 - nibabel.global - INFO - pixdim[0] (qfac) should be 1 (default) or -1; setting qfac to 1
pixdim[0] (qfac) should be 1 (default) or -1; setting qfac to 1
2025-07-20 03:48:13,119 - nibabel.global - INFO - pixdim[0] (qfac) should be 1 (default) or -1; setting qfac to 1
pixdim[0] (qfac) should be 1 (default) or -1; setting qfac to 1
2025-07-20 03:48:13,312 - nibabel.global - INFO - pixdim[0] (qfac) should be 1 (default) or -1; setting qfac to 1
pixdim[0] (qfac) should be 1 (default) or -1; setting qfac to 1
2025-07-20 03:48:13,504 - nibabel.global - INFO - pixdim[0] (qfac) should be 1 (default) or -1; setting qfac to 1
pixdim[0] (qfac) should be 1 (default) or -1; setting qfac to 1
2025-07-20 03:48:13,694 - nibabel.global - INFO - pixdim[0] (qfac) should be 1 (default) or -1; setting qfac to 1
pixdim[0] (qfac) should be 1 (default) or -1; setting qfac to 1
2025-07-20 03:48:13,887 - nibabel.global - INFO - pixdim[0] (qfac) should be 1 (default) or -1; setting qfac to 1
pixdim[0] (qfac) should be 1 (default) or -1; setting qfac to 1
2025-07-20 03:48:14,083 - nibabel.global - INFO - pixdim[0] (qfac) should be 1 (default) or -1; setting qfac to 1
pixdim[0] (qfac) should be 1 (default) or -1; setting qfac to 1
2025-07-20 03:48:14,276 - nibabel.global - INFO - pixdim[0] (qfac) should be 1 (default) or -1; setting qfac to 1
pixdim[0] (qfac) should be 1 (default) or -1; setting qfac to 1
2025-07-20 03:48:14,469 - nibabel.global - INFO - pixdim[0] (qfac) should be 1 (default) or -1; setting qfac to 1
pixdim[0] (qfac) should be 1 (default) or -1; setting qfac to 1
2025-07-20 03:48:14,663 - nibabel.global - INFO - pixdim[0] (qfac) should be 1 (default) or -1; setting qfac to 1
pixdim[0] (qfac) should be 1 (default) or -1; setting qfac to 1
2025-07-20 03:48:14,856 - nibabel.global - INFO - pixdim[0] (qfac) should be 1 (default) or -1; setting qfac to 1
pixdim[0] (qfac) should be 1 (default) or -1; setting qfac to 1
2025-07-20 03:48:15,049 - nibabel.global - INFO - pixdim[0] (qfac) should be 1 (default) or -1; setting qfac to 1
pixdim[0] (qfac) should be 1 (default) or -1; setting qfac to 1
2025-07-20 03:48:15,242 - nibabel.global - INFO - pixdim[0] (qfac) should be 1 (default) or -1; setting qfac to 1
pixdim[0] (qfac) should be 1 (default) or -1; setting qfac to 1
2025-07-20 03:48:15,435 - nibabel.global - INFO - pixdim[0] (qfac) should be 1 (default) or -1; setting qfac to 1
pixdim[0] (qfac) should be 1 (default) or -1; setting qfac to 1
2025-07-20 03:48:15,628 - nibabel.global - INFO - pixdim[0] (qfac) should be 1 (default) or -1; setting qfac to 1
pixdim[0] (qfac) should be 1 (default) or -1; setting qfac to 1
2025-07-20 03:48:15,822 - nibabel.global - INFO - pixdim[0] (qfac) should be 1 (default) or -1; setting qfac to 1
pixdim[0] (qfac) should be 1 (default) or -1; setting qfac to 1
2025-07-20 03:48:16,014 - nibabel.global - INFO - pixdim[0] (qfac) should be 1 (default) or -1; setting qfac to 1
pixdim[0] (qfac) should be 1 (default) or -1; setting qfac to 1
2025-07-20 03:48:16,203 - nibabel.global - INFO - pixdim[0] (qfac) should be 1 (default) or -1; setting qfac to 1
pixdim[0] (qfac) should be 1 (default) or -1; setting qfac to 1
2025-07-20 03:48:16,392 - nibabel.global - INFO - pixdim[0] (qfac) should be 1 (default) or -1; setting qfac to 1
pixdim[0] (qfac) should be 1 (default) or -1; setting qfac to 1
2025-07-20 03:48:16,584 - nibabel.global - INFO - pixdim[0] (qfac) should be 1 (default) or -1; setting qfac to 1
pixdim[0] (qfac) should be 1 (default) or -1; setting qfac to 1
2025-07-20 03:48:16,775 - nibabel.global - INFO - pixdim[0] (qfac) should be 1 (default) or -1; setting qfac to 1
pixdim[0] (qfac) should be 1 (default) or -1; setting qfac to 1
2025-07-20 03:48:16,969 - nibabel.global - INFO - pixdim[0] (qfac) should be 1 (default) or -1; setting qfac to 1
pixdim[0] (qfac) should be 1 (default) or -1; setting qfac to 1
2025-07-20 03:48:17,157 - nibabel.global - INFO - pixdim[0] (qfac) should be 1 (default) or -1; setting qfac to 1
pixdim[0] (qfac) should be 1 (default) or -1; setting qfac to 1
2025-07-20 03:48:17,345 - nibabel.global - INFO - pixdim[0] (qfac) should be 1 (default) or -1; setting qfac to 1
pixdim[0] (qfac) should be 1 (default) or -1; setting qfac to 1
2025-07-20 03:48:17,539 - nibabel.global - INFO - pixdim[0] (qfac) should be 1 (default) or -1; setting qfac to 1
pixdim[0] (qfac) should be 1 (default) or -1; setting qfac to 1
2025-07-20 03:48:17,731 - nibabel.global - INFO - pixdim[0] (qfac) should be 1 (default) or -1; setting qfac to 1
pixdim[0] (qfac) should be 1 (default) or -1; setting qfac to 1
2025-07-20 03:48:17,920 - nibabel.global - INFO - pixdim[0] (qfac) should be 1 (default) or -1; setting qfac to 1
pixdim[0] (qfac) should be 1 (default) or -1; setting qfac to 1
2025-07-20 03:48:18,114 - nibabel.global - INFO - pixdim[0] (qfac) should be 1 (default) or -1; setting qfac to 1
pixdim[0] (qfac) should be 1 (default) or -1; setting qfac to 1
2025-07-20 03:48:18,307 - nibabel.global - INFO - pixdim[0] (qfac) should be 1 (default) or -1; setting qfac to 1
pixdim[0] (qfac) should be 1 (default) or -1; setting qfac to 1
2025-07-20 03:48:18,500 - nibabel.global - INFO - pixdim[0] (qfac) should be 1 (default) or -1; setting qfac to 1
pixdim[0] (qfac) should be 1 (default) or -1; setting qfac to 1
2025-07-20 03:48:18,694 - nibabel.global - INFO - pixdim[0] (qfac) should be 1 (default) or -1; setting qfac to 1
pixdim[0] (qfac) should be 1 (default) or -1; setting qfac to 1
2025-07-20 03:48:18,888 - nibabel.global - INFO - pixdim[0] (qfac) should be 1 (default) or -1; setting qfac to 1
pixdim[0] (qfac) should be 1 (default) or -1; setting qfac to 1
2025-07-20 03:48:19,081 - nibabel.global - INFO - pixdim[0] (qfac) should be 1 (default) or -1; setting qfac to 1
pixdim[0] (qfac) should be 1 (default) or -1; setting qfac to 1
2025-07-20 03:48:19,270 - nibabel.global - INFO - pixdim[0] (qfac) should be 1 (default) or -1; setting qfac to 1
pixdim[0] (qfac) should be 1 (default) or -1; setting qfac to 1
2025-07-20 03:48:19,462 - nibabel.global - INFO - pixdim[0] (qfac) should be 1 (default) or -1; setting qfac to 1
pixdim[0] (qfac) should be 1 (default) or -1; setting qfac to 1
2025-07-20 03:48:19,652 - nibabel.global - INFO - pixdim[0] (qfac) should be 1 (default) or -1; setting qfac to 1
pixdim[0] (qfac) should be 1 (default) or -1; setting qfac to 1
2025-07-20 03:48:19,845 - nibabel.global - INFO - pixdim[0] (qfac) should be 1 (default) or -1; setting qfac to 1
pixdim[0] (qfac) should be 1 (default) or -1; setting qfac to 1
2025-07-20 03:48:20,038 - nibabel.global - INFO - pixdim[0] (qfac) should be 1 (default) or -1; setting qfac to 1
pixdim[0] (qfac) should be 1 (default) or -1; setting qfac to 1
2025-07-20 03:48:20,226 - nibabel.global - INFO - pixdim[0] (qfac) should be 1 (default) or -1; setting qfac to 1
pixdim[0] (qfac) should be 1 (default) or -1; setting qfac to 1
2025-07-20 03:48:20,420 - nibabel.global - INFO - pixdim[0] (qfac) should be 1 (default) or -1; setting qfac to 1
pixdim[0] (qfac) should be 1 (default) or -1; setting qfac to 1
2025-07-20 03:48:20,613 - nibabel.global - INFO - pixdim[0] (qfac) should be 1 (default) or -1; setting qfac to 1
pixdim[0] (qfac) should be 1 (default) or -1; setting qfac to 1
2025-07-20 03:48:20,804 - nibabel.global - INFO - pixdim[0] (qfac) should be 1 (default) or -1; setting qfac to 1
pixdim[0] (qfac) should be 1 (default) or -1; setting qfac to 1
2025-07-20 03:48:20,997 - nibabel.global - INFO - pixdim[0] (qfac) should be 1 (default) or -1; setting qfac to 1
pixdim[0] (qfac) should be 1 (default) or -1; setting qfac to 1
2025-07-20 03:48:21,190 - nibabel.global - INFO - pixdim[0] (qfac) should be 1 (default) or -1; setting qfac to 1
pixdim[0] (qfac) should be 1 (default) or -1; setting qfac to 1
2025-07-20 03:48:21,382 - nibabel.global - INFO - pixdim[0] (qfac) should be 1 (default) or -1; setting qfac to 1
pixdim[0] (qfac) should be 1 (default) or -1; setting qfac to 1
2025-07-20 03:48:21,576 - nibabel.global - INFO - pixdim[0] (qfac) should be 1 (default) or -1; setting qfac to 1
pixdim[0] (qfac) should be 1 (default) or -1; setting qfac to 1
2025-07-20 03:48:21,764 - nibabel.global - INFO - pixdim[0] (qfac) should be 1 (default) or -1; setting qfac to 1
pixdim[0] (qfac) should be 1 (default) or -1; setting qfac to 1
2025-07-20 03:48:21,964 - nibabel.global - INFO - pixdim[0] (qfac) should be 1 (default) or -1; setting qfac to 1
pixdim[0] (qfac) should be 1 (default) or -1; setting qfac to 1
2025-07-20 03:48:22,160 - nibabel.global - INFO - pixdim[0] (qfac) should be 1 (default) or -1; setting qfac to 1
pixdim[0] (qfac) should be 1 (default) or -1; setting qfac to 1
2025-07-20 03:48:22,357 - nibabel.global - INFO - pixdim[0] (qfac) should be 1 (default) or -1; setting qfac to 1
pixdim[0] (qfac) should be 1 (default) or -1; setting qfac to 1
2025-07-20 03:48:22,542 - nibabel.global - INFO - pixdim[0] (qfac) should be 1 (default) or -1; setting qfac to 1
pixdim[0] (qfac) should be 1 (default) or -1; setting qfac to 1
2025-07-20 03:48:22,731 - nibabel.global - INFO - pixdim[0] (qfac) should be 1 (default) or -1; setting qfac to 1
pixdim[0] (qfac) should be 1 (default) or -1; setting qfac to 1
2025-07-20 03:48:22,925 - nibabel.global - INFO - pixdim[0] (qfac) should be 1 (default) or -1; setting qfac to 1
pixdim[0] (qfac) should be 1 (default) or -1; setting qfac to 1
2025-07-20 03:48:23,116 - nibabel.global - INFO - pixdim[0] (qfac) should be 1 (default) or -1; setting qfac to 1
pixdim[0] (qfac) should be 1 (default) or -1; setting qfac to 1
2025-07-20 03:48:23,307 - nibabel.global - INFO - pixdim[0] (qfac) should be 1 (default) or -1; setting qfac to 1
pixdim[0] (qfac) should be 1 (default) or -1; setting qfac to 1
2025-07-20 03:48:23,498 - nibabel.global - INFO - pixdim[0] (qfac) should be 1 (default) or -1; setting qfac to 1
pixdim[0] (qfac) should be 1 (default) or -1; setting qfac to 1
2025-07-20 03:48:23,691 - nibabel.global - INFO - pixdim[0] (qfac) should be 1 (default) or -1; setting qfac to 1
pixdim[0] (qfac) should be 1 (default) or -1; setting qfac to 1
2025-07-20 03:48:23,877 - nibabel.global - INFO - pixdim[0] (qfac) should be 1 (default) or -1; setting qfac to 1
pixdim[0] (qfac) should be 1 (default) or -1; setting qfac to 1
2025-07-20 03:48:24,065 - nibabel.global - INFO - pixdim[0] (qfac) should be 1 (default) or -1; setting qfac to 1
pixdim[0] (qfac) should be 1 (default) or -1; setting qfac to 1
2025-07-20 03:48:24,257 - nibabel.global - INFO - pixdim[0] (qfac) should be 1 (default) or -1; setting qfac to 1
pixdim[0] (qfac) should be 1 (default) or -1; setting qfac to 1
2025-07-20 03:48:24,450 - nibabel.global - INFO - pixdim[0] (qfac) should be 1 (default) or -1; setting qfac to 1
pixdim[0] (qfac) should be 1 (default) or -1; setting qfac to 1
2025-07-20 03:48:24,644 - nibabel.global - INFO - pixdim[0] (qfac) should be 1 (default) or -1; setting qfac to 1
pixdim[0] (qfac) should be 1 (default) or -1; setting qfac to 1
2025-07-20 03:48:24,835 - nibabel.global - INFO - pixdim[0] (qfac) should be 1 (default) or -1; setting qfac to 1
pixdim[0] (qfac) should be 1 (default) or -1; setting qfac to 1
2025-07-20 03:48:25,049 - nibabel.global - INFO - pixdim[0] (qfac) should be 1 (default) or -1; setting qfac to 1
pixdim[0] (qfac) should be 1 (default) or -1; setting qfac to 1
2025-07-20 03:48:25,236 - nibabel.global - INFO - pixdim[0] (qfac) should be 1 (default) or -1; setting qfac to 1
pixdim[0] (qfac) should be 1 (default) or -1; setting qfac to 1
2025-07-20 03:48:25,428 - nibabel.global - INFO - pixdim[0] (qfac) should be 1 (default) or -1; setting qfac to 1
pixdim[0] (qfac) should be 1 (default) or -1; setting qfac to 1
2025-07-20 03:48:25,614 - nibabel.global - INFO - pixdim[0] (qfac) should be 1 (default) or -1; setting qfac to 1
pixdim[0] (qfac) should be 1 (default) or -1; setting qfac to 1
2025-07-20 03:48:25,802 - nibabel.global - INFO - pixdim[0] (qfac) should be 1 (default) or -1; setting qfac to 1
pixdim[0] (qfac) should be 1 (default) or -1; setting qfac to 1
2025-07-20 03:48:25,994 - nibabel.global - INFO - pixdim[0] (qfac) should be 1 (default) or -1; setting qfac to 1
pixdim[0] (qfac) should be 1 (default) or -1; setting qfac to 1
2025-07-20 03:48:26,180 - nibabel.global - INFO - pixdim[0] (qfac) should be 1 (default) or -1; setting qfac to 1
pixdim[0] (qfac) should be 1 (default) or -1; setting qfac to 1
2025-07-20 03:48:26,374 - nibabel.global - INFO - pixdim[0] (qfac) should be 1 (default) or -1; setting qfac to 1
pixdim[0] (qfac) should be 1 (default) or -1; setting qfac to 1
2025-07-20 03:48:26,567 - nibabel.global - INFO - pixdim[0] (qfac) should be 1 (default) or -1; setting qfac to 1
pixdim[0] (qfac) should be 1 (default) or -1; setting qfac to 1
2025-07-20 03:48:26,758 - nibabel.global - INFO - pixdim[0] (qfac) should be 1 (default) or -1; setting qfac to 1
pixdim[0] (qfac) should be 1 (default) or -1; setting qfac to 1
2025-07-20 03:48:26,950 - nibabel.global - INFO - pixdim[0] (qfac) should be 1 (default) or -1; setting qfac to 1
pixdim[0] (qfac) should be 1 (default) or -1; setting qfac to 1
2025-07-20 03:48:27,141 - nibabel.global - INFO - pixdim[0] (qfac) should be 1 (default) or -1; setting qfac to 1
pixdim[0] (qfac) should be 1 (default) or -1; setting qfac to 1
2025-07-20 03:48:27,329 - nibabel.global - INFO - pixdim[0] (qfac) should be 1 (default) or -1; setting qfac to 1
pixdim[0] (qfac) should be 1 (default) or -1; setting qfac to 1
2025-07-20 03:48:27,523 - nibabel.global - INFO - pixdim[0] (qfac) should be 1 (default) or -1; setting qfac to 1
pixdim[0] (qfac) should be 1 (default) or -1; setting qfac to 1
2025-07-20 03:48:27,718 - nibabel.global - INFO - pixdim[0] (qfac) should be 1 (default) or -1; setting qfac to 1
pixdim[0] (qfac) should be 1 (default) or -1; setting qfac to 1
2025-07-20 03:48:27,909 - nibabel.global - INFO - pixdim[0] (qfac) should be 1 (default) or -1; setting qfac to 1
pixdim[0] (qfac) should be 1 (default) or -1; setting qfac to 1
2025-07-20 03:48:28,103 - nibabel.global - INFO - pixdim[0] (qfac) should be 1 (default) or -1; setting qfac to 1
pixdim[0] (qfac) should be 1 (default) or -1; setting qfac to 1
2025-07-20 03:48:28,293 - nibabel.global - INFO - pixdim[0] (qfac) should be 1 (default) or -1; setting qfac to 1
pixdim[0] (qfac) should be 1 (default) or -1; setting qfac to 1
2025-07-20 03:48:28,483 - nibabel.global - INFO - pixdim[0] (qfac) should be 1 (default) or -1; setting qfac to 1
pixdim[0] (qfac) should be 1 (default) or -1; setting qfac to 1
2025-07-20 03:48:28,674 - nibabel.global - INFO - pixdim[0] (qfac) should be 1 (default) or -1; setting qfac to 1
pixdim[0] (qfac) should be 1 (default) or -1; setting qfac to 1
2025-07-20 03:48:28,867 - nibabel.global - INFO - pixdim[0] (qfac) should be 1 (default) or -1; setting qfac to 1
pixdim[0] (qfac) should be 1 (default) or -1; setting qfac to 1
2025-07-20 03:48:29,060 - nibabel.global - INFO - pixdim[0] (qfac) should be 1 (default) or -1; setting qfac to 1
pixdim[0] (qfac) should be 1 (default) or -1; setting qfac to 1
2025-07-20 03:48:29,254 - nibabel.global - INFO - pixdim[0] (qfac) should be 1 (default) or -1; setting qfac to 1
pixdim[0] (qfac) should be 1 (default) or -1; setting qfac to 1
2025-07-20 03:48:29,445 - nibabel.global - INFO - pixdim[0] (qfac) should be 1 (default) or -1; setting qfac to 1
pixdim[0] (qfac) should be 1 (default) or -1; setting qfac to 1
2025-07-20 03:48:29,638 - nibabel.global - INFO - pixdim[0] (qfac) should be 1 (default) or -1; setting qfac to 1
pixdim[0] (qfac) should be 1 (default) or -1; setting qfac to 1
2025-07-20 03:48:29,829 - nibabel.global - INFO - pixdim[0] (qfac) should be 1 (default) or -1; setting qfac to 1
pixdim[0] (qfac) should be 1 (default) or -1; setting qfac to 1
2025-07-20 03:48:30,020 - nibabel.global - INFO - pixdim[0] (qfac) should be 1 (default) or -1; setting qfac to 1
pixdim[0] (qfac) should be 1 (default) or -1; setting qfac to 1
2025-07-20 03:48:30,210 - nibabel.global - INFO - pixdim[0] (qfac) should be 1 (default) or -1; setting qfac to 1
pixdim[0] (qfac) should be 1 (default) or -1; setting qfac to 1
2025-07-20 03:48:30,404 - nibabel.global - INFO - pixdim[0] (qfac) should be 1 (default) or -1; setting qfac to 1
pixdim[0] (qfac) should be 1 (default) or -1; setting qfac to 1
2025-07-20 03:48:30,594 - nibabel.global - INFO - pixdim[0] (qfac) should be 1 (default) or -1; setting qfac to 1
pixdim[0] (qfac) should be 1 (default) or -1; setting qfac to 1
2025-07-20 03:48:30,790 - nibabel.global - INFO - pixdim[0] (qfac) should be 1 (default) or -1; setting qfac to 1
pixdim[0] (qfac) should be 1 (default) or -1; setting qfac to 1
2025-07-20 03:48:30,984 - nibabel.global - INFO - pixdim[0] (qfac) should be 1 (default) or -1; setting qfac to 1
pixdim[0] (qfac) should be 1 (default) or -1; setting qfac to 1
2025-07-20 03:48:31,178 - nibabel.global - INFO - pixdim[0] (qfac) should be 1 (default) or -1; setting qfac to 1
pixdim[0] (qfac) should be 1 (default) or -1; setting qfac to 1
2025-07-20 03:48:31,371 - nibabel.global - INFO - pixdim[0] (qfac) should be 1 (default) or -1; setting qfac to 1
pixdim[0] (qfac) should be 1 (default) or -1; setting qfac to 1
2025-07-20 03:48:31,564 - nibabel.global - INFO - pixdim[0] (qfac) should be 1 (default) or -1; setting qfac to 1
pixdim[0] (qfac) should be 1 (default) or -1; setting qfac to 1
2025-07-20 03:48:31,757 - nibabel.global - INFO - pixdim[0] (qfac) should be 1 (default) or -1; setting qfac to 1
pixdim[0] (qfac) should be 1 (default) or -1; setting qfac to 1
2025-07-20 03:48:31,945 - nibabel.global - INFO - pixdim[0] (qfac) should be 1 (default) or -1; setting qfac to 1
pixdim[0] (qfac) should be 1 (default) or -1; setting qfac to 1
2025-07-20 03:48:32,136 - nibabel.global - INFO - pixdim[0] (qfac) should be 1 (default) or -1; setting qfac to 1
pixdim[0] (qfac) should be 1 (default) or -1; setting qfac to 1
2025-07-20 03:48:32,330 - nibabel.global - INFO - pixdim[0] (qfac) should be 1 (default) or -1; setting qfac to 1
pixdim[0] (qfac) should be 1 (default) or -1; setting qfac to 1
2025-07-20 03:48:32,522 - nibabel.global - INFO - pixdim[0] (qfac) should be 1 (default) or -1; setting qfac to 1
pixdim[0] (qfac) should be 1 (default) or -1; setting qfac to 1
2025-07-20 03:48:32,713 - nibabel.global - INFO - pixdim[0] (qfac) should be 1 (default) or -1; setting qfac to 1
pixdim[0] (qfac) should be 1 (default) or -1; setting qfac to 1
2025-07-20 03:48:32,907 - nibabel.global - INFO - pixdim[0] (qfac) should be 1 (default) or -1; setting qfac to 1
pixdim[0] (qfac) should be 1 (default) or -1; setting qfac to 1
2025-07-20 03:48:33,101 - nibabel.global - INFO - pixdim[0] (qfac) should be 1 (default) or -1; setting qfac to 1
pixdim[0] (qfac) should be 1 (default) or -1; setting qfac to 1
2025-07-20 03:48:33,292 - nibabel.global - INFO - pixdim[0] (qfac) should be 1 (default) or -1; setting qfac to 1
pixdim[0] (qfac) should be 1 (default) or -1; setting qfac to 1
2025-07-20 03:48:33,481 - nibabel.global - INFO - pixdim[0] (qfac) should be 1 (default) or -1; setting qfac to 1
pixdim[0] (qfac) should be 1 (default) or -1; setting qfac to 1
2025-07-20 03:48:33,671 - nibabel.global - INFO - pixdim[0] (qfac) should be 1 (default) or -1; setting qfac to 1
pixdim[0] (qfac) should be 1 (default) or -1; setting qfac to 1
2025-07-20 03:48:33,864 - nibabel.global - INFO - pixdim[0] (qfac) should be 1 (default) or -1; setting qfac to 1
pixdim[0] (qfac) should be 1 (default) or -1; setting qfac to 1
2025-07-20 03:48:34,058 - nibabel.global - INFO - pixdim[0] (qfac) should be 1 (default) or -1; setting qfac to 1
pixdim[0] (qfac) should be 1 (default) or -1; setting qfac to 1
2025-07-20 03:48:34,249 - nibabel.global - INFO - pixdim[0] (qfac) should be 1 (default) or -1; setting qfac to 1
pixdim[0] (qfac) should be 1 (default) or -1; setting qfac to 1
2025-07-20 03:48:34,437 - nibabel.global - INFO - pixdim[0] (qfac) should be 1 (default) or -1; setting qfac to 1
pixdim[0] (qfac) should be 1 (default) or -1; setting qfac to 1
2025-07-20 03:48:34,631 - nibabel.global - INFO - pixdim[0] (qfac) should be 1 (default) or -1; setting qfac to 1
pixdim[0] (qfac) should be 1 (default) or -1; setting qfac to 1
2025-07-20 03:48:34,823 - nibabel.global - INFO - pixdim[0] (qfac) should be 1 (default) or -1; setting qfac to 1
pixdim[0] (qfac) should be 1 (default) or -1; setting qfac to 1
2025-07-20 03:48:35,016 - nibabel.global - INFO - pixdim[0] (qfac) should be 1 (default) or -1; setting qfac to 1
pixdim[0] (qfac) should be 1 (default) or -1; setting qfac to 1
2025-07-20 03:48:35,204 - nibabel.global - INFO - pixdim[0] (qfac) should be 1 (default) or -1; setting qfac to 1
pixdim[0] (qfac) should be 1 (default) or -1; setting qfac to 1
2025-07-20 03:48:35,395 - nibabel.global - INFO - pixdim[0] (qfac) should be 1 (default) or -1; setting qfac to 1
pixdim[0] (qfac) should be 1 (default) or -1; setting qfac to 1
2025-07-20 03:48:35,589 - nibabel.global - INFO - pixdim[0] (qfac) should be 1 (default) or -1; setting qfac to 1
pixdim[0] (qfac) should be 1 (default) or -1; setting qfac to 1
2025-07-20 03:48:35,783 - nibabel.global - INFO - pixdim[0] (qfac) should be 1 (default) or -1; setting qfac to 1
pixdim[0] (qfac) should be 1 (default) or -1; setting qfac to 1
2025-07-20 03:48:35,977 - nibabel.global - INFO - pixdim[0] (qfac) should be 1 (default) or -1; setting qfac to 1
pixdim[0] (qfac) should be 1 (default) or -1; setting qfac to 1
2025-07-20 03:48:36,168 - nibabel.global - INFO - pixdim[0] (qfac) should be 1 (default) or -1; setting qfac to 1
pixdim[0] (qfac) should be 1 (default) or -1; setting qfac to 1
2025-07-20 03:48:36,357 - nibabel.global - INFO - pixdim[0] (qfac) should be 1 (default) or -1; setting qfac to 1
pixdim[0] (qfac) should be 1 (default) or -1; setting qfac to 1
2025-07-20 03:48:36,548 - nibabel.global - INFO - pixdim[0] (qfac) should be 1 (default) or -1; setting qfac to 1
pixdim[0] (qfac) should be 1 (default) or -1; setting qfac to 1
2025-07-20 03:48:36,738 - nibabel.global - INFO - pixdim[0] (qfac) should be 1 (default) or -1; setting qfac to 1
pixdim[0] (qfac) should be 1 (default) or -1; setting qfac to 1
2025-07-20 03:48:36,929 - nibabel.global - INFO - pixdim[0] (qfac) should be 1 (default) or -1; setting qfac to 1
pixdim[0] (qfac) should be 1 (default) or -1; setting qfac to 1
2025-07-20 03:48:37,123 - nibabel.global - INFO - pixdim[0] (qfac) should be 1 (default) or -1; setting qfac to 1
pixdim[0] (qfac) should be 1 (default) or -1; setting qfac to 1
2025-07-20 03:48:37,308 - nibabel.global - INFO - pixdim[0] (qfac) should be 1 (default) or -1; setting qfac to 1
pixdim[0] (qfac) should be 1 (default) or -1; setting qfac to 1
2025-07-20 03:48:37,501 - nibabel.global - INFO - pixdim[0] (qfac) should be 1 (default) or -1; setting qfac to 1
pixdim[0] (qfac) should be 1 (default) or -1; setting qfac to 1
2025-07-20 03:48:37,695 - nibabel.global - INFO - pixdim[0] (qfac) should be 1 (default) or -1; setting qfac to 1
pixdim[0] (qfac) should be 1 (default) or -1; setting qfac to 1
2025-07-20 03:48:37,885 - nibabel.global - INFO - pixdim[0] (qfac) should be 1 (default) or -1; setting qfac to 1
pixdim[0] (qfac) should be 1 (default) or -1; setting qfac to 1
2025-07-20 03:48:38,080 - nibabel.global - INFO - pixdim[0] (qfac) should be 1 (default) or -1; setting qfac to 1
pixdim[0] (qfac) should be 1 (default) or -1; setting qfac to 1
2025-07-20 03:48:38,271 - nibabel.global - INFO - pixdim[0] (qfac) should be 1 (default) or -1; setting qfac to 1
pixdim[0] (qfac) should be 1 (default) or -1; setting qfac to 1
2025-07-20 03:48:38,465 - nibabel.global - INFO - pixdim[0] (qfac) should be 1 (default) or -1; setting qfac to 1
pixdim[0] (qfac) should be 1 (default) or -1; setting qfac to 1
2025-07-20 03:48:38,657 - nibabel.global - INFO - pixdim[0] (qfac) should be 1 (default) or -1; setting qfac to 1
pixdim[0] (qfac) should be 1 (default) or -1; setting qfac to 1
2025-07-20 03:48:38,853 - nibabel.global - INFO - pixdim[0] (qfac) should be 1 (default) or -1; setting qfac to 1
pixdim[0] (qfac) should be 1 (default) or -1; setting qfac to 1
2025-07-20 03:48:39,040 - nibabel.global - INFO - pixdim[0] (qfac) should be 1 (default) or -1; setting qfac to 1
pixdim[0] (qfac) should be 1 (default) or -1; setting qfac to 1
2025-07-20 03:48:39,236 - nibabel.global - INFO - pixdim[0] (qfac) should be 1 (default) or -1; setting qfac to 1
pixdim[0] (qfac) should be 1 (default) or -1; setting qfac to 1
2025-07-20 03:48:39,429 - nibabel.global - INFO - pixdim[0] (qfac) should be 1 (default) or -1; setting qfac to 1
pixdim[0] (qfac) should be 1 (default) or -1; setting qfac to 1
2025-07-20 03:48:39,620 - nibabel.global - INFO - pixdim[0] (qfac) should be 1 (default) or -1; setting qfac to 1
pixdim[0] (qfac) should be 1 (default) or -1; setting qfac to 1
2025-07-20 03:48:39,812 - nibabel.global - INFO - pixdim[0] (qfac) should be 1 (default) or -1; setting qfac to 1
pixdim[0] (qfac) should be 1 (default) or -1; setting qfac to 1
2025-07-20 03:48:40,006 - nibabel.global - INFO - pixdim[0] (qfac) should be 1 (default) or -1; setting qfac to 1
pixdim[0] (qfac) should be 1 (default) or -1; setting qfac to 1
2025-07-20 03:48:40,199 - nibabel.global - INFO - pixdim[0] (qfac) should be 1 (default) or -1; setting qfac to 1
pixdim[0] (qfac) should be 1 (default) or -1; setting qfac to 1
2025-07-20 03:48:40,389 - nibabel.global - INFO - pixdim[0] (qfac) should be 1 (default) or -1; setting qfac to 1
pixdim[0] (qfac) should be 1 (default) or -1; setting qfac to 1
2025-07-20 03:48:40,594 - nibabel.global - INFO - pixdim[0] (qfac) should be 1 (default) or -1; setting qfac to 1
pixdim[0] (qfac) should be 1 (default) or -1; setting qfac to 1
2025-07-20 03:48:40,794 - nibabel.global - INFO - pixdim[0] (qfac) should be 1 (default) or -1; setting qfac to 1
pixdim[0] (qfac) should be 1 (default) or -1; setting qfac to 1
2025-07-20 03:48:40,988 - nibabel.global - INFO - pixdim[0] (qfac) should be 1 (default) or -1; setting qfac to 1
pixdim[0] (qfac) should be 1 (default) or -1; setting qfac to 1
2025-07-20 03:48:41,177 - nibabel.global - INFO - pixdim[0] (qfac) should be 1 (default) or -1; setting qfac to 1
pixdim[0] (qfac) should be 1 (default) or -1; setting qfac to 1
2025-07-20 03:48:41,366 - nibabel.global - INFO - pixdim[0] (qfac) should be 1 (default) or -1; setting qfac to 1
pixdim[0] (qfac) should be 1 (default) or -1; setting qfac to 1
2025-07-20 03:48:41,559 - nibabel.global - INFO - pixdim[0] (qfac) should be 1 (default) or -1; setting qfac to 1
pixdim[0] (qfac) should be 1 (default) or -1; setting qfac to 1
2025-07-20 03:48:41,748 - nibabel.global - INFO - pixdim[0] (qfac) should be 1 (default) or -1; setting qfac to 1
pixdim[0] (qfac) should be 1 (default) or -1; setting qfac to 1
2025-07-20 03:48:41,940 - nibabel.global - INFO - pixdim[0] (qfac) should be 1 (default) or -1; setting qfac to 1
pixdim[0] (qfac) should be 1 (default) or -1; setting qfac to 1
2025-07-20 03:48:42,133 - nibabel.global - INFO - pixdim[0] (qfac) should be 1 (default) or -1; setting qfac to 1
pixdim[0] (qfac) should be 1 (default) or -1; setting qfac to 1
2025-07-20 03:48:42,326 - nibabel.global - INFO - pixdim[0] (qfac) should be 1 (default) or -1; setting qfac to 1
pixdim[0] (qfac) should be 1 (default) or -1; setting qfac to 1
2025-07-20 03:48:42,519 - nibabel.global - INFO - pixdim[0] (qfac) should be 1 (default) or -1; setting qfac to 1
pixdim[0] (qfac) should be 1 (default) or -1; setting qfac to 1
2025-07-20 03:48:42,713 - nibabel.global - INFO - pixdim[0] (qfac) should be 1 (default) or -1; setting qfac to 1
pixdim[0] (qfac) should be 1 (default) or -1; setting qfac to 1
2025-07-20 03:48:42,902 - nibabel.global - INFO - pixdim[0] (qfac) should be 1 (default) or -1; setting qfac to 1
pixdim[0] (qfac) should be 1 (default) or -1; setting qfac to 1
2025-07-20 03:48:43,095 - nibabel.global - INFO - pixdim[0] (qfac) should be 1 (default) or -1; setting qfac to 1
pixdim[0] (qfac) should be 1 (default) or -1; setting qfac to 1
2025-07-20 03:48:43,288 - nibabel.global - INFO - pixdim[0] (qfac) should be 1 (default) or -1; setting qfac to 1
pixdim[0] (qfac) should be 1 (default) or -1; setting qfac to 1
2025-07-20 03:48:43,480 - nibabel.global - INFO - pixdim[0] (qfac) should be 1 (default) or -1; setting qfac to 1
pixdim[0] (qfac) should be 1 (default) or -1; setting qfac to 1
2025-07-20 03:48:43,671 - nibabel.global - INFO - pixdim[0] (qfac) should be 1 (default) or -1; setting qfac to 1
pixdim[0] (qfac) should be 1 (default) or -1; setting qfac to 1
2025-07-20 03:48:43,863 - nibabel.global - INFO - pixdim[0] (qfac) should be 1 (default) or -1; setting qfac to 1
pixdim[0] (qfac) should be 1 (default) or -1; setting qfac to 1
2025-07-20 03:48:44,061 - nibabel.global - INFO - pixdim[0] (qfac) should be 1 (default) or -1; setting qfac to 1
pixdim[0] (qfac) should be 1 (default) or -1; setting qfac to 1
2025-07-20 03:48:44,251 - nibabel.global - INFO - pixdim[0] (qfac) should be 1 (default) or -1; setting qfac to 1
pixdim[0] (qfac) should be 1 (default) or -1; setting qfac to 1
2025-07-20 03:48:44,445 - nibabel.global - INFO - pixdim[0] (qfac) should be 1 (default) or -1; setting qfac to 1
pixdim[0] (qfac) should be 1 (default) or -1; setting qfac to 1
2025-07-20 03:48:44,639 - nibabel.global - INFO - pixdim[0] (qfac) should be 1 (default) or -1; setting qfac to 1
pixdim[0] (qfac) should be 1 (default) or -1; setting qfac to 1
2025-07-20 03:48:44,832 - nibabel.global - INFO - pixdim[0] (qfac) should be 1 (default) or -1; setting qfac to 1
pixdim[0] (qfac) should be 1 (default) or -1; setting qfac to 1
2025-07-20 03:48:45,025 - nibabel.global - INFO - pixdim[0] (qfac) should be 1 (default) or -1; setting qfac to 1
pixdim[0] (qfac) should be 1 (default) or -1; setting qfac to 1
2025-07-20 03:48:45,218 - nibabel.global - INFO - pixdim[0] (qfac) should be 1 (default) or -1; setting qfac to 1
pixdim[0] (qfac) should be 1 (default) or -1; setting qfac to 1
2025-07-20 03:48:45,409 - nibabel.global - INFO - pixdim[0] (qfac) should be 1 (default) or -1; setting qfac to 1
pixdim[0] (qfac) should be 1 (default) or -1; setting qfac to 1
2025-07-20 03:48:45,597 - nibabel.global - INFO - pixdim[0] (qfac) should be 1 (default) or -1; setting qfac to 1
pixdim[0] (qfac) should be 1 (default) or -1; setting qfac to 1
2025-07-20 03:48:45,792 - nibabel.global - INFO - pixdim[0] (qfac) should be 1 (default) or -1; setting qfac to 1
pixdim[0] (qfac) should be 1 (default) or -1; setting qfac to 1
2025-07-20 03:48:45,978 - nibabel.global - INFO - pixdim[0] (qfac) should be 1 (default) or -1; setting qfac to 1
pixdim[0] (qfac) should be 1 (default) or -1; setting qfac to 1
2025-07-20 03:48:46,172 - nibabel.global - INFO - pixdim[0] (qfac) should be 1 (default) or -1; setting qfac to 1
pixdim[0] (qfac) should be 1 (default) or -1; setting qfac to 1
2025-07-20 03:48:46,365 - nibabel.global - INFO - pixdim[0] (qfac) should be 1 (default) or -1; setting qfac to 1
pixdim[0] (qfac) should be 1 (default) or -1; setting qfac to 1
2025-07-20 03:48:46,559 - nibabel.global - INFO - pixdim[0] (qfac) should be 1 (default) or -1; setting qfac to 1
pixdim[0] (qfac) should be 1 (default) or -1; setting qfac to 1
2025-07-20 03:48:46,752 - nibabel.global - INFO - pixdim[0] (qfac) should be 1 (default) or -1; setting qfac to 1
pixdim[0] (qfac) should be 1 (default) or -1; setting qfac to 1
2025-07-20 03:48:46,946 - nibabel.global - INFO - pixdim[0] (qfac) should be 1 (default) or -1; setting qfac to 1
pixdim[0] (qfac) should be 1 (default) or -1; setting qfac to 1
2025-07-20 03:48:47,135 - nibabel.global - INFO - pixdim[0] (qfac) should be 1 (default) or -1; setting qfac to 1
pixdim[0] (qfac) should be 1 (default) or -1; setting qfac to 1
2025-07-20 03:48:47,331 - nibabel.global - INFO - pixdim[0] (qfac) should be 1 (default) or -1; setting qfac to 1
pixdim[0] (qfac) should be 1 (default) or -1; setting qfac to 1
2025-07-20 03:48:47,524 - nibabel.global - INFO - pixdim[0] (qfac) should be 1 (default) or -1; setting qfac to 1
pixdim[0] (qfac) should be 1 (default) or -1; setting qfac to 1
2025-07-20 03:48:47,718 - nibabel.global - INFO - pixdim[0] (qfac) should be 1 (default) or -1; setting qfac to 1
pixdim[0] (qfac) should be 1 (default) or -1; setting qfac to 1
2025-07-20 03:48:47,911 - nibabel.global - INFO - pixdim[0] (qfac) should be 1 (default) or -1; setting qfac to 1
pixdim[0] (qfac) should be 1 (default) or -1; setting qfac to 1
2025-07-20 03:48:48,107 - nibabel.global - INFO - pixdim[0] (qfac) should be 1 (default) or -1; setting qfac to 1
pixdim[0] (qfac) should be 1 (default) or -1; setting qfac to 1
2025-07-20 03:48:48,300 - nibabel.global - INFO - pixdim[0] (qfac) should be 1 (default) or -1; setting qfac to 1
pixdim[0] (qfac) should be 1 (default) or -1; setting qfac to 1
2025-07-20 03:48:48,493 - nibabel.global - INFO - pixdim[0] (qfac) should be 1 (default) or -1; setting qfac to 1
pixdim[0] (qfac) should be 1 (default) or -1; setting qfac to 1
2025-07-20 03:48:48,680 - nibabel.global - INFO - pixdim[0] (qfac) should be 1 (default) or -1; setting qfac to 1
pixdim[0] (qfac) should be 1 (default) or -1; setting qfac to 1
2025-07-20 03:48:48,871 - nibabel.global - INFO - pixdim[0] (qfac) should be 1 (default) or -1; setting qfac to 1
pixdim[0] (qfac) should be 1 (default) or -1; setting qfac to 1
2025-07-20 03:48:49,063 - nibabel.global - INFO - pixdim[0] (qfac) should be 1 (default) or -1; setting qfac to 1
pixdim[0] (qfac) should be 1 (default) or -1; setting qfac to 1
2025-07-20 03:48:49,258 - nibabel.global - INFO - pixdim[0] (qfac) should be 1 (default) or -1; setting qfac to 1
pixdim[0] (qfac) should be 1 (default) or -1; setting qfac to 1
2025-07-20 03:48:49,445 - nibabel.global - INFO - pixdim[0] (qfac) should be 1 (default) or -1; setting qfac to 1
pixdim[0] (qfac) should be 1 (default) or -1; setting qfac to 1
2025-07-20 03:48:49,638 - nibabel.global - INFO - pixdim[0] (qfac) should be 1 (default) or -1; setting qfac to 1
pixdim[0] (qfac) should be 1 (default) or -1; setting qfac to 1
2025-07-20 03:48:49,831 - nibabel.global - INFO - pixdim[0] (qfac) should be 1 (default) or -1; setting qfac to 1
pixdim[0] (qfac) should be 1 (default) or -1; setting qfac to 1
2025-07-20 03:48:50,024 - nibabel.global - INFO - pixdim[0] (qfac) should be 1 (default) or -1; setting qfac to 1
pixdim[0] (qfac) should be 1 (default) or -1; setting qfac to 1
2025-07-20 03:48:50,213 - nibabel.global - INFO - pixdim[0] (qfac) should be 1 (default) or -1; setting qfac to 1
pixdim[0] (qfac) should be 1 (default) or -1; setting qfac to 1
2025-07-20 03:48:50,404 - nibabel.global - INFO - pixdim[0] (qfac) should be 1 (default) or -1; setting qfac to 1
pixdim[0] (qfac) should be 1 (default) or -1; setting qfac to 1
2025-07-20 03:48:50,593 - nibabel.global - INFO - pixdim[0] (qfac) should be 1 (default) or -1; setting qfac to 1
2025-07-20 03:48:50,781 - SmartSOTA - INFO - 📊 Created 655 image-mask pairs
2025-07-20 03:48:50,783 - SmartSOTA - INFO - 🧠 Class balance: 100.00% contain lesions
2025-07-20 03:48:50,785 - SmartSOTA - INFO - Memory at dataset_load_end: CPU=1.00GB | GPU0: 0.00GB | GPU1: 0.00GB | GPU2: 0.00GB | GPU3: 0.00GB | Disk: 245.7GB free
2025-07-20 03:48:50,786 - SmartSOTA - INFO - 🧮 Dataset split: Train=557 (85.0%), Validation=98 (15.0%)
2025-07-20 03:48:50,788 - SmartSOTA - INFO - ⚖️ Lesion representation: Train=100.0%, Validation=100.0%
2025-07-20 03:48:50,790 - SmartSOTA - INFO - 🔧 Data generator initialized: 524 samples, cache=enabled
2025-07-20 03:48:50,791 - SmartSOTA - INFO - 🔧 Data generator initialized: 98 samples, cache=enabled
2025-07-20 03:48:50,792 - SmartSOTA - INFO - Memory at generator_creation_end: CPU=1.00GB | GPU0: 0.00GB | GPU1: 0.00GB | GPU2: 0.00GB | GPU3: 0.00GB | Disk: 245.7GB free
2025-07-20 03:48:50,793 - SmartSOTA - INFO - ✅ Created optimized generators: Train=262 batches, Val=49 batches
2025-07-20 03:48:50,794 - SmartSOTA - INFO - 🧪 Testing data generators...
pixdim[0] (qfac) should be 1 (default) or -1; setting qfac to 1
2025-07-20 03:48:51,577 - nibabel.global - INFO - pixdim[0] (qfac) should be 1 (default) or -1; setting qfac to 1
pixdim[0] (qfac) should be 1 (default) or -1; setting qfac to 1
2025-07-20 03:48:51,607 - nibabel.global - INFO - pixdim[0] (qfac) should be 1 (default) or -1; setting qfac to 1
2025-07-20 03:48:51,990 - SmartSOTA - INFO - ✅ Generator test successful: X shape: (2, 192, 224, 176, 1), Y shape: (2, 192, 224, 176, 1)
2025-07-20 03:48:52,056 - SmartSOTA - INFO - Memory at data_loading_complete: CPU=1.14GB | GPU0: 0.00GB | GPU1: 0.00GB | GPU2: 0.00GB | GPU3: 0.00GB | Disk: 245.7GB free
2025-07-20 03:48:52,058 - SmartSOTA - INFO - 🏗️ Building model...
2025-07-20 03:48:52,240 - tensorflow - INFO - Reduce to /job:localhost/replica:0/task:0/device:CPU:0 then broadcast to ('/job:localhost/replica:0/task:0/device:CPU:0',).
2025-07-20 03:48:52,246 - tensorflow - INFO - Reduce to /job:localhost/replica:0/task:0/device:CPU:0 then broadcast to ('/job:localhost/replica:0/task:0/device:CPU:0',).
2025-07-20 03:48:52,291 - tensorflow - INFO - Reduce to /job:localhost/replica:0/task:0/device:CPU:0 then broadcast to ('/job:localhost/replica:0/task:0/device:CPU:0',).
2025-07-20 03:48:52,296 - tensorflow - INFO - Reduce to /job:localhost/replica:0/task:0/device:CPU:0 then broadcast to ('/job:localhost/replica:0/task:0/device:CPU:0',).
2025-07-20 03:48:52,338 - tensorflow - INFO - Reduce to /job:localhost/replica:0/task:0/device:CPU:0 then broadcast to ('/job:localhost/replica:0/task:0/device:CPU:0',).
2025-07-20 03:48:52,342 - tensorflow - INFO - Reduce to /job:localhost/replica:0/task:0/device:CPU:0 then broadcast to ('/job:localhost/replica:0/task:0/device:CPU:0',).
2025-07-20 03:48:52,401 - tensorflow - INFO - Reduce to /job:localhost/replica:0/task:0/device:CPU:0 then broadcast to ('/job:localhost/replica:0/task:0/device:CPU:0',).
2025-07-20 03:48:52,406 - tensorflow - INFO - Reduce to /job:localhost/replica:0/task:0/device:CPU:0 then broadcast to ('/job:localhost/replica:0/task:0/device:CPU:0',).
2025-07-20 03:48:52,449 - tensorflow - INFO - Reduce to /job:localhost/replica:0/task:0/device:CPU:0 then broadcast to ('/job:localhost/replica:0/task:0/device:CPU:0',).
2025-07-20 03:48:52,454 - tensorflow - INFO - Reduce to /job:localhost/replica:0/task:0/device:CPU:0 then broadcast to ('/job:localhost/replica:0/task:0/device:CPU:0',).
2025-07-20 03:48:54,169 - SmartSOTA - INFO - ✅ Built model with 5.13M parameters
2025-07-20 03:48:54,197 - SmartSOTA - INFO - ✅ Model compiled: 5.13M parameters
2025-07-20 03:48:54,199 - SmartSOTA - INFO - Memory at model_build_complete: CPU=1.18GB | GPU0: 0.02GB | GPU1: 0.02GB | GPU2: 0.02GB | GPU3: 0.02GB | Disk: 245.7GB free
2025-07-20 03:48:54,209 - SmartSOTA - INFO - ✅ Configured 7 callbacks
2025-07-20 03:48:54,210 - SmartSOTA - INFO - 🚀 Starting training...
2025-07-20 03:48:54,211 - SmartSOTA - INFO - Memory at training_start: CPU=1.18GB | GPU0: 0.02GB | GPU1: 0.02GB | GPU2: 0.02GB | GPU3: 0.02GB | Disk: 245.7GB free
2025-07-20 03:48:54,212 - SmartSOTA - INFO - 🔍 Running pre-training validation...
pixdim[0] (qfac) should be 1 (default) or -1; setting qfac to 1
2025-07-20 03:48:54,850 - nibabel.global - INFO - pixdim[0] (qfac) should be 1 (default) or -1; setting qfac to 1
pixdim[0] (qfac) should be 1 (default) or -1; setting qfac to 1
2025-07-20 03:48:55,718 - nibabel.global - INFO - pixdim[0] (qfac) should be 1 (default) or -1; setting qfac to 1
pixdim[0] (qfac) should be 1 (default) or -1; setting qfac to 1
2025-07-20 03:49:01,934 - nibabel.global - INFO - pixdim[0] (qfac) should be 1 (default) or -1; setting qfac to 1
pixdim[0] (qfac) should be 1 (default) or -1; setting qfac to 1
2025-07-20 03:49:02,197 - nibabel.global - INFO - pixdim[0] (qfac) should be 1 (default) or -1; setting qfac to 1
pixdim[0] (qfac) should be 1 (default) or -1; setting qfac to 1
2025-07-20 03:49:03,336 - nibabel.global - INFO - pixdim[0] (qfac) should be 1 (default) or -1; setting qfac to 1
pixdim[0] (qfac) should be 1 (default) or -1; setting qfac to 1
2025-07-20 03:49:04,261 - nibabel.global - INFO - pixdim[0] (qfac) should be 1 (default) or -1; setting qfac to 1
pixdim[0] (qfac) should be 1 (default) or -1; setting qfac to 1
2025-07-20 03:49:05,328 - nibabel.global - INFO - pixdim[0] (qfac) should be 1 (default) or -1; setting qfac to 1
pixdim[0] (qfac) should be 1 (default) or -1; setting qfac to 1
2025-07-20 03:49:06,245 - nibabel.global - INFO - pixdim[0] (qfac) should be 1 (default) or -1; setting qfac to 1
pixdim[0] (qfac) should be 1 (default) or -1; setting qfac to 1
2025-07-20 03:49:07,335 - nibabel.global - INFO - pixdim[0] (qfac) should be 1 (default) or -1; setting qfac to 1
pixdim[0] (qfac) should be 1 (default) or -1; setting qfac to 1
2025-07-20 03:49:08,252 - nibabel.global - INFO - pixdim[0] (qfac) should be 1 (default) or -1; setting qfac to 1
pixdim[0] (qfac) should be 1 (default) or -1; setting qfac to 1
2025-07-20 03:49:09,340 - nibabel.global - INFO - pixdim[0] (qfac) should be 1 (default) or -1; setting qfac to 1
pixdim[0] (qfac) should be 1 (default) or -1; setting qfac to 1
2025-07-20 03:49:10,331 - nibabel.global - INFO - pixdim[0] (qfac) should be 1 (default) or -1; setting qfac to 1
pixdim[0] (qfac) should be 1 (default) or -1; setting qfac to 1
2025-07-20 03:49:11,457 - nibabel.global - INFO - pixdim[0] (qfac) should be 1 (default) or -1; setting qfac to 1
pixdim[0] (qfac) should be 1 (default) or -1; setting qfac to 1
2025-07-20 03:49:12,318 - nibabel.global - INFO - pixdim[0] (qfac) should be 1 (default) or -1; setting qfac to 1
pixdim[0] (qfac) should be 1 (default) or -1; setting qfac to 1
2025-07-20 03:49:13,434 - nibabel.global - INFO - pixdim[0] (qfac) should be 1 (default) or -1; setting qfac to 1
pixdim[0] (qfac) should be 1 (default) or -1; setting qfac to 1
2025-07-20 03:49:14,329 - nibabel.global - INFO - pixdim[0] (qfac) should be 1 (default) or -1; setting qfac to 1
 1/49 [..............................] - ETA: 14:36 - loss: 2.3778 - dice_coefficient: 0.5012 2/49 [>.............................] - ETA: 10s - loss: 2.3749 - dice_coefficient: 0.5026   3/49 [>.............................] - ETA: 8s - loss: 2.3753 - dice_coefficient: 0.5024  4/49 [=>............................] - ETA: 7s - loss: 2.3711 - dice_coefficient: 0.5045 5/49 [==>...........................] - ETA: 7s - loss: 2.3728 - dice_coefficient: 0.5036 6/49 [==>...........................] - ETA: 7s - loss: 2.3721 - dice_coefficient: 0.5040 7/49 [===>..........................] - ETA: 6s - loss: 2.3709 - dice_coefficient: 0.5046pixdim[0] (qfac) should be 1 (default) or -1; setting qfac to 1
2025-07-20 03:49:15,518 - nibabel.global - INFO - pixdim[0] (qfac) should be 1 (default) or -1; setting qfac to 1
pixdim[0] (qfac) should be 1 (default) or -1; setting qfac to 1
2025-07-20 03:49:16,437 - nibabel.global - INFO - pixdim[0] (qfac) should be 1 (default) or -1; setting qfac to 1
 8/49 [===>..........................] - ETA: 14s - loss: 2.3701 - dice_coefficient: 0.5050pixdim[0] (qfac) should be 1 (default) or -1; setting qfac to 1
2025-07-20 03:49:17,469 - nibabel.global - INFO - pixdim[0] (qfac) should be 1 (default) or -1; setting qfac to 1
pixdim[0] (qfac) should be 1 (default) or -1; setting qfac to 1
2025-07-20 03:49:18,392 - nibabel.global - INFO - pixdim[0] (qfac) should be 1 (default) or -1; setting qfac to 1
 9/49 [====>.........................] - ETA: 22s - loss: 2.3706 - dice_coefficient: 0.5047pixdim[0] (qfac) should be 1 (default) or -1; setting qfac to 1
2025-07-20 03:49:19,492 - nibabel.global - INFO - pixdim[0] (qfac) should be 1 (default) or -1; setting qfac to 1
pixdim[0] (qfac) should be 1 (default) or -1; setting qfac to 1
2025-07-20 03:49:20,432 - nibabel.global - INFO - pixdim[0] (qfac) should be 1 (default) or -1; setting qfac to 1
10/49 [=====>........................] - ETA: 28s - loss: 2.3715 - dice_coefficient: 0.5043pixdim[0] (qfac) should be 1 (default) or -1; setting qfac to 1
2025-07-20 03:49:21,502 - nibabel.global - INFO - pixdim[0] (qfac) should be 1 (default) or -1; setting qfac to 1
pixdim[0] (qfac) should be 1 (default) or -1; setting qfac to 1
2025-07-20 03:49:22,409 - nibabel.global - INFO - pixdim[0] (qfac) should be 1 (default) or -1; setting qfac to 1
11/49 [=====>........................] - ETA: 32s - loss: 2.3722 - dice_coefficient: 0.5039pixdim[0] (qfac) should be 1 (default) or -1; setting qfac to 1
2025-07-20 03:49:23,490 - nibabel.global - INFO - pixdim[0] (qfac) should be 1 (default) or -1; setting qfac to 1
pixdim[0] (qfac) should be 1 (default) or -1; setting qfac to 1
2025-07-20 03:49:24,409 - nibabel.global - INFO - pixdim[0] (qfac) should be 1 (default) or -1; setting qfac to 1
12/49 [======>.......................] - ETA: 35s - loss: 2.3722 - dice_coefficient: 0.5039pixdim[0] (qfac) should be 1 (default) or -1; setting qfac to 1
2025-07-20 03:49:25,492 - nibabel.global - INFO - pixdim[0] (qfac) should be 1 (default) or -1; setting qfac to 1
pixdim[0] (qfac) should be 1 (default) or -1; setting qfac to 1
2025-07-20 03:49:26,394 - nibabel.global - INFO - pixdim[0] (qfac) should be 1 (default) or -1; setting qfac to 1
13/49 [======>.......................] - ETA: 37s - loss: 2.3726 - dice_coefficient: 0.5037pixdim[0] (qfac) should be 1 (default) or -1; setting qfac to 1
2025-07-20 03:49:27,464 - nibabel.global - INFO - pixdim[0] (qfac) should be 1 (default) or -1; setting qfac to 1
pixdim[0] (qfac) should be 1 (default) or -1; setting qfac to 1
2025-07-20 03:49:28,359 - nibabel.global - INFO - pixdim[0] (qfac) should be 1 (default) or -1; setting qfac to 1
14/49 [=======>......................] - ETA: 38s - loss: 2.3730 - dice_coefficient: 0.5035pixdim[0] (qfac) should be 1 (default) or -1; setting qfac to 1
2025-07-20 03:49:29,468 - nibabel.global - INFO - pixdim[0] (qfac) should be 1 (default) or -1; setting qfac to 1
pixdim[0] (qfac) should be 1 (default) or -1; setting qfac to 1
2025-07-20 03:49:30,392 - nibabel.global - INFO - pixdim[0] (qfac) should be 1 (default) or -1; setting qfac to 1
15/49 [========>.....................] - ETA: 40s - loss: 2.3698 - dice_coefficient: 0.5051pixdim[0] (qfac) should be 1 (default) or -1; setting qfac to 1
2025-07-20 03:49:31,520 - nibabel.global - INFO - pixdim[0] (qfac) should be 1 (default) or -1; setting qfac to 1
pixdim[0] (qfac) should be 1 (default) or -1; setting qfac to 1
2025-07-20 03:49:32,431 - nibabel.global - INFO - pixdim[0] (qfac) should be 1 (default) or -1; setting qfac to 1
16/49 [========>.....................] - ETA: 40s - loss: 2.3703 - dice_coefficient: 0.5049pixdim[0] (qfac) should be 1 (default) or -1; setting qfac to 1
2025-07-20 03:49:33,512 - nibabel.global - INFO - pixdim[0] (qfac) should be 1 (default) or -1; setting qfac to 1
pixdim[0] (qfac) should be 1 (default) or -1; setting qfac to 1
2025-07-20 03:49:34,430 - nibabel.global - INFO - pixdim[0] (qfac) should be 1 (default) or -1; setting qfac to 1
17/49 [=========>....................] - ETA: 41s - loss: 2.3708 - dice_coefficient: 0.5046pixdim[0] (qfac) should be 1 (default) or -1; setting qfac to 1
2025-07-20 03:49:35,573 - nibabel.global - INFO - pixdim[0] (qfac) should be 1 (default) or -1; setting qfac to 1
pixdim[0] (qfac) should be 1 (default) or -1; setting qfac to 1
2025-07-20 03:49:36,475 - nibabel.global - INFO - pixdim[0] (qfac) should be 1 (default) or -1; setting qfac to 1
18/49 [==========>...................] - ETA: 41s - loss: 2.3713 - dice_coefficient: 0.5044pixdim[0] (qfac) should be 1 (default) or -1; setting qfac to 1
2025-07-20 03:49:37,574 - nibabel.global - INFO - pixdim[0] (qfac) should be 1 (default) or -1; setting qfac to 1
pixdim[0] (qfac) should be 1 (default) or -1; setting qfac to 1
2025-07-20 03:49:38,474 - nibabel.global - INFO - pixdim[0] (qfac) should be 1 (default) or -1; setting qfac to 1
19/49 [==========>...................] - ETA: 40s - loss: 2.3712 - dice_coefficient: 0.5045pixdim[0] (qfac) should be 1 (default) or -1; setting qfac to 1
2025-07-20 03:49:39,563 - nibabel.global - INFO - pixdim[0] (qfac) should be 1 (default) or -1; setting qfac to 1
pixdim[0] (qfac) should be 1 (default) or -1; setting qfac to 1
2025-07-20 03:49:40,502 - nibabel.global - INFO - pixdim[0] (qfac) should be 1 (default) or -1; setting qfac to 1
20/49 [===========>..................] - ETA: 40s - loss: 2.3716 - dice_coefficient: 0.5043pixdim[0] (qfac) should be 1 (default) or -1; setting qfac to 1
2025-07-20 03:49:41,550 - nibabel.global - INFO - pixdim[0] (qfac) should be 1 (default) or -1; setting qfac to 1
pixdim[0] (qfac) should be 1 (default) or -1; setting qfac to 1
2025-07-20 03:49:42,469 - nibabel.global - INFO - pixdim[0] (qfac) should be 1 (default) or -1; setting qfac to 1
21/49 [===========>..................] - ETA: 39s - loss: 2.3717 - dice_coefficient: 0.5042pixdim[0] (qfac) should be 1 (default) or -1; setting qfac to 1
2025-07-20 03:49:43,560 - nibabel.global - INFO - pixdim[0] (qfac) should be 1 (default) or -1; setting qfac to 1
pixdim[0] (qfac) should be 1 (default) or -1; setting qfac to 1
2025-07-20 03:49:44,452 - nibabel.global - INFO - pixdim[0] (qfac) should be 1 (default) or -1; setting qfac to 1
22/49 [============>.................] - ETA: 39s - loss: 2.3720 - dice_coefficient: 0.5041pixdim[0] (qfac) should be 1 (default) or -1; setting qfac to 1
2025-07-20 03:49:45,569 - nibabel.global - INFO - pixdim[0] (qfac) should be 1 (default) or -1; setting qfac to 1
pixdim[0] (qfac) should be 1 (default) or -1; setting qfac to 1
2025-07-20 03:49:46,565 - nibabel.global - INFO - pixdim[0] (qfac) should be 1 (default) or -1; setting qfac to 1
23/49 [=============>................] - ETA: 38s - loss: 2.3723 - dice_coefficient: 0.5039pixdim[0] (qfac) should be 1 (default) or -1; setting qfac to 1
2025-07-20 03:49:47,649 - nibabel.global - INFO - pixdim[0] (qfac) should be 1 (default) or -1; setting qfac to 1
pixdim[0] (qfac) should be 1 (default) or -1; setting qfac to 1
2025-07-20 03:49:48,544 - nibabel.global - INFO - pixdim[0] (qfac) should be 1 (default) or -1; setting qfac to 1
24/49 [=============>................] - ETA: 37s - loss: 2.3704 - dice_coefficient: 0.5048pixdim[0] (qfac) should be 1 (default) or -1; setting qfac to 1
2025-07-20 03:49:49,636 - nibabel.global - INFO - pixdim[0] (qfac) should be 1 (default) or -1; setting qfac to 1
pixdim[0] (qfac) should be 1 (default) or -1; setting qfac to 1
2025-07-20 03:49:50,538 - nibabel.global - INFO - pixdim[0] (qfac) should be 1 (default) or -1; setting qfac to 1
25/49 [==============>...............] - ETA: 36s - loss: 2.3703 - dice_coefficient: 0.5049pixdim[0] (qfac) should be 1 (default) or -1; setting qfac to 1
2025-07-20 03:49:51,619 - nibabel.global - INFO - pixdim[0] (qfac) should be 1 (default) or -1; setting qfac to 1
pixdim[0] (qfac) should be 1 (default) or -1; setting qfac to 1
2025-07-20 03:49:52,548 - nibabel.global - INFO - pixdim[0] (qfac) should be 1 (default) or -1; setting qfac to 1
26/49 [==============>...............] - ETA: 35s - loss: 2.3701 - dice_coefficient: 0.5050pixdim[0] (qfac) should be 1 (default) or -1; setting qfac to 1
2025-07-20 03:49:53,637 - nibabel.global - INFO - pixdim[0] (qfac) should be 1 (default) or -1; setting qfac to 1
pixdim[0] (qfac) should be 1 (default) or -1; setting qfac to 1
2025-07-20 03:49:54,571 - nibabel.global - INFO - pixdim[0] (qfac) should be 1 (default) or -1; setting qfac to 1
27/49 [===============>..............] - ETA: 34s - loss: 2.3704 - dice_coefficient: 0.5048pixdim[0] (qfac) should be 1 (default) or -1; setting qfac to 1
2025-07-20 03:49:55,637 - nibabel.global - INFO - pixdim[0] (qfac) should be 1 (default) or -1; setting qfac to 1
pixdim[0] (qfac) should be 1 (default) or -1; setting qfac to 1
2025-07-20 03:49:55,899 - nibabel.global - INFO - pixdim[0] (qfac) should be 1 (default) or -1; setting qfac to 1
pixdim[0] (qfac) should be 1 (default) or -1; setting qfac to 1
2025-07-20 03:49:56,616 - nibabel.global - INFO - pixdim[0] (qfac) should be 1 (default) or -1; setting qfac to 1
28/49 [================>.............] - ETA: 33s - loss: 2.3705 - dice_coefficient: 0.5048pixdim[0] (qfac) should be 1 (default) or -1; setting qfac to 1
2025-07-20 03:49:57,694 - nibabel.global - INFO - pixdim[0] (qfac) should be 1 (default) or -1; setting qfac to 1
pixdim[0] (qfac) should be 1 (default) or -1; setting qfac to 1
2025-07-20 03:49:58,610 - nibabel.global - INFO - pixdim[0] (qfac) should be 1 (default) or -1; setting qfac to 1
29/49 [================>.............] - ETA: 31s - loss: 2.3707 - dice_coefficient: 0.5047pixdim[0] (qfac) should be 1 (default) or -1; setting qfac to 1
2025-07-20 03:49:59,760 - nibabel.global - INFO - pixdim[0] (qfac) should be 1 (default) or -1; setting qfac to 1
pixdim[0] (qfac) should be 1 (default) or -1; setting qfac to 1
2025-07-20 03:50:00,717 - nibabel.global - INFO - pixdim[0] (qfac) should be 1 (default) or -1; setting qfac to 1
30/49 [=================>............] - ETA: 30s - loss: 2.3710 - dice_coefficient: 0.5046pixdim[0] (qfac) should be 1 (default) or -1; setting qfac to 1
2025-07-20 03:50:01,792 - nibabel.global - INFO - pixdim[0] (qfac) should be 1 (default) or -1; setting qfac to 1
pixdim[0] (qfac) should be 1 (default) or -1; setting qfac to 1
2025-07-20 03:50:02,718 - nibabel.global - INFO - pixdim[0] (qfac) should be 1 (default) or -1; setting qfac to 1
31/49 [=================>............] - ETA: 29s - loss: 2.3712 - dice_coefficient: 0.5045pixdim[0] (qfac) should be 1 (default) or -1; setting qfac to 1
2025-07-20 03:50:03,814 - nibabel.global - INFO - pixdim[0] (qfac) should be 1 (default) or -1; setting qfac to 1
pixdim[0] (qfac) should be 1 (default) or -1; setting qfac to 1
2025-07-20 03:50:04,764 - nibabel.global - INFO - pixdim[0] (qfac) should be 1 (default) or -1; setting qfac to 1
32/49 [==================>...........] - ETA: 27s - loss: 2.3711 - dice_coefficient: 0.5045pixdim[0] (qfac) should be 1 (default) or -1; setting qfac to 1
2025-07-20 03:50:05,813 - nibabel.global - INFO - pixdim[0] (qfac) should be 1 (default) or -1; setting qfac to 1
pixdim[0] (qfac) should be 1 (default) or -1; setting qfac to 1
2025-07-20 03:50:06,716 - nibabel.global - INFO - pixdim[0] (qfac) should be 1 (default) or -1; setting qfac to 1
33/49 [===================>..........] - ETA: 26s - loss: 2.3709 - dice_coefficient: 0.5046pixdim[0] (qfac) should be 1 (default) or -1; setting qfac to 1
2025-07-20 03:50:07,777 - nibabel.global - INFO - pixdim[0] (qfac) should be 1 (default) or -1; setting qfac to 1
pixdim[0] (qfac) should be 1 (default) or -1; setting qfac to 1
2025-07-20 03:50:08,696 - nibabel.global - INFO - pixdim[0] (qfac) should be 1 (default) or -1; setting qfac to 1
34/49 [===================>..........] - ETA: 24s - loss: 2.3712 - dice_coefficient: 0.5045pixdim[0] (qfac) should be 1 (default) or -1; setting qfac to 1
2025-07-20 03:50:09,783 - nibabel.global - INFO - pixdim[0] (qfac) should be 1 (default) or -1; setting qfac to 1
pixdim[0] (qfac) should be 1 (default) or -1; setting qfac to 1
2025-07-20 03:50:10,689 - nibabel.global - INFO - pixdim[0] (qfac) should be 1 (default) or -1; setting qfac to 1
35/49 [====================>.........] - ETA: 23s - loss: 2.3714 - dice_coefficient: 0.5044pixdim[0] (qfac) should be 1 (default) or -1; setting qfac to 1
2025-07-20 03:50:11,855 - nibabel.global - INFO - pixdim[0] (qfac) should be 1 (default) or -1; setting qfac to 1
pixdim[0] (qfac) should be 1 (default) or -1; setting qfac to 1
2025-07-20 03:50:12,794 - nibabel.global - INFO - pixdim[0] (qfac) should be 1 (default) or -1; setting qfac to 1
36/49 [=====================>........] - ETA: 21s - loss: 2.3716 - dice_coefficient: 0.5042pixdim[0] (qfac) should be 1 (default) or -1; setting qfac to 1
2025-07-20 03:50:13,865 - nibabel.global - INFO - pixdim[0] (qfac) should be 1 (default) or -1; setting qfac to 1
pixdim[0] (qfac) should be 1 (default) or -1; setting qfac to 1
2025-07-20 03:50:14,796 - nibabel.global - INFO - pixdim[0] (qfac) should be 1 (default) or -1; setting qfac to 1
37/49 [=====================>........] - ETA: 20s - loss: 2.3717 - dice_coefficient: 0.5042pixdim[0] (qfac) should be 1 (default) or -1; setting qfac to 1
2025-07-20 03:50:15,859 - nibabel.global - INFO - pixdim[0] (qfac) should be 1 (default) or -1; setting qfac to 1
pixdim[0] (qfac) should be 1 (default) or -1; setting qfac to 1
2025-07-20 03:50:16,751 - nibabel.global - INFO - pixdim[0] (qfac) should be 1 (default) or -1; setting qfac to 1
38/49 [======================>.......] - ETA: 18s - loss: 2.3719 - dice_coefficient: 0.5041pixdim[0] (qfac) should be 1 (default) or -1; setting qfac to 1
2025-07-20 03:50:17,803 - nibabel.global - INFO - pixdim[0] (qfac) should be 1 (default) or -1; setting qfac to 1
pixdim[0] (qfac) should be 1 (default) or -1; setting qfac to 1
2025-07-20 03:50:18,675 - nibabel.global - INFO - pixdim[0] (qfac) should be 1 (default) or -1; setting qfac to 1
39/49 [======================>.......] - ETA: 17s - loss: 2.3719 - dice_coefficient: 0.5041pixdim[0] (qfac) should be 1 (default) or -1; setting qfac to 1
2025-07-20 03:50:19,710 - nibabel.global - INFO - pixdim[0] (qfac) should be 1 (default) or -1; setting qfac to 1
pixdim[0] (qfac) should be 1 (default) or -1; setting qfac to 1
2025-07-20 03:50:20,654 - nibabel.global - INFO - pixdim[0] (qfac) should be 1 (default) or -1; setting qfac to 1
40/49 [=======================>......] - ETA: 15s - loss: 2.3719 - dice_coefficient: 0.5041pixdim[0] (qfac) should be 1 (default) or -1; setting qfac to 1
2025-07-20 03:50:21,719 - nibabel.global - INFO - pixdim[0] (qfac) should be 1 (default) or -1; setting qfac to 1
pixdim[0] (qfac) should be 1 (default) or -1; setting qfac to 1
2025-07-20 03:50:22,587 - nibabel.global - INFO - pixdim[0] (qfac) should be 1 (default) or -1; setting qfac to 1
41/49 [========================>.....] - ETA: 13s - loss: 2.3720 - dice_coefficient: 0.5041pixdim[0] (qfac) should be 1 (default) or -1; setting qfac to 1
2025-07-20 03:50:23,639 - nibabel.global - INFO - pixdim[0] (qfac) should be 1 (default) or -1; setting qfac to 1
pixdim[0] (qfac) should be 1 (default) or -1; setting qfac to 1
2025-07-20 03:50:24,520 - nibabel.global - INFO - pixdim[0] (qfac) should be 1 (default) or -1; setting qfac to 1
42/49 [========================>.....] - ETA: 12s - loss: 2.3718 - dice_coefficient: 0.5042pixdim[0] (qfac) should be 1 (default) or -1; setting qfac to 1
2025-07-20 03:50:25,625 - nibabel.global - INFO - pixdim[0] (qfac) should be 1 (default) or -1; setting qfac to 1
pixdim[0] (qfac) should be 1 (default) or -1; setting qfac to 1
2025-07-20 03:50:26,562 - nibabel.global - INFO - pixdim[0] (qfac) should be 1 (default) or -1; setting qfac to 1
43/49 [=========================>....] - ETA: 10s - loss: 2.3719 - dice_coefficient: 0.5041pixdim[0] (qfac) should be 1 (default) or -1; setting qfac to 1
2025-07-20 03:50:27,650 - nibabel.global - INFO - pixdim[0] (qfac) should be 1 (default) or -1; setting qfac to 1
pixdim[0] (qfac) should be 1 (default) or -1; setting qfac to 1
2025-07-20 03:50:28,553 - nibabel.global - INFO - pixdim[0] (qfac) should be 1 (default) or -1; setting qfac to 1
44/49 [=========================>....] - ETA: 8s - loss: 2.3721 - dice_coefficient: 0.5040 pixdim[0] (qfac) should be 1 (default) or -1; setting qfac to 1
2025-07-20 03:50:29,596 - nibabel.global - INFO - pixdim[0] (qfac) should be 1 (default) or -1; setting qfac to 1
pixdim[0] (qfac) should be 1 (default) or -1; setting qfac to 1
2025-07-20 03:50:30,489 - nibabel.global - INFO - pixdim[0] (qfac) should be 1 (default) or -1; setting qfac to 1
45/49 [==========================>...] - ETA: 6s - loss: 2.3722 - dice_coefficient: 0.5039pixdim[0] (qfac) should be 1 (default) or -1; setting qfac to 1
2025-07-20 03:50:31,603 - nibabel.global - INFO - pixdim[0] (qfac) should be 1 (default) or -1; setting qfac to 1
pixdim[0] (qfac) should be 1 (default) or -1; setting qfac to 1
2025-07-20 03:50:32,498 - nibabel.global - INFO - pixdim[0] (qfac) should be 1 (default) or -1; setting qfac to 1
46/49 [===========================>..] - ETA: 5s - loss: 2.3724 - dice_coefficient: 0.5038pixdim[0] (qfac) should be 1 (default) or -1; setting qfac to 1
2025-07-20 03:50:33,644 - nibabel.global - INFO - pixdim[0] (qfac) should be 1 (default) or -1; setting qfac to 1
pixdim[0] (qfac) should be 1 (default) or -1; setting qfac to 1
2025-07-20 03:50:34,568 - nibabel.global - INFO - pixdim[0] (qfac) should be 1 (default) or -1; setting qfac to 1
47/49 [===========================>..] - ETA: 3s - loss: 2.3725 - dice_coefficient: 0.5038pixdim[0] (qfac) should be 1 (default) or -1; setting qfac to 1
2025-07-20 03:50:35,638 - nibabel.global - INFO - pixdim[0] (qfac) should be 1 (default) or -1; setting qfac to 1
pixdim[0] (qfac) should be 1 (default) or -1; setting qfac to 1
2025-07-20 03:50:36,550 - nibabel.global - INFO - pixdim[0] (qfac) should be 1 (default) or -1; setting qfac to 1
48/49 [============================>.] - ETA: 1s - loss: 2.3725 - dice_coefficient: 0.5038pixdim[0] (qfac) should be 1 (default) or -1; setting qfac to 1
2025-07-20 03:50:37,615 - nibabel.global - INFO - pixdim[0] (qfac) should be 1 (default) or -1; setting qfac to 1
pixdim[0] (qfac) should be 1 (default) or -1; setting qfac to 1
2025-07-20 03:50:38,564 - nibabel.global - INFO - pixdim[0] (qfac) should be 1 (default) or -1; setting qfac to 1
49/49 [==============================] - ETA: 0s - loss: 2.3725 - dice_coefficient: 0.50382025-07-20 03:50:39,230 - SmartSOTA - INFO - 🧹 Cache cleared for memory optimization
49/49 [==============================] - 103s 2s/step - loss: 2.3725 - dice_coefficient: 0.5038
2025-07-20 03:50:39,245 - SmartSOTA - INFO - Pre-training validation: {'loss': 2.372490167617798, 'dice_coefficient': 0.5037956237792969}
pixdim[0] (qfac) should be 1 (default) or -1; setting qfac to 1
pixdim[0] (qfac) should be 1 (default) or -1; setting qfac to 1
2025-07-20 03:50:39,262 - nibabel.global - INFO - pixdim[0] (qfac) should be 1 (default) or -1; setting qfac to 1
2025-07-20 03:50:39,263 - nibabel.global - INFO - pixdim[0] (qfac) should be 1 (default) or -1; setting qfac to 1
2025-07-20 03:50:40,616 - SmartSOTA - INFO - 🔥 Epoch 1: LR = 2.50e-06
2025-07-20 03:50:40,618 - SmartSOTA - INFO - Memory at epoch_0_start: CPU=2.85GB | GPU0: 0.02GB | GPU1: 0.02GB | GPU2: 0.02GB | GPU3: 0.02GB | Disk: 245.7GB free
Epoch 1/200
2025-07-20 03:50:40,620 - SmartSOTA - INFO - Memory at batch_0: CPU=2.85GB | GPU0: 0.02GB | GPU1: 0.02GB | GPU2: 0.02GB | GPU3: 0.02GB | Disk: 245.7GB free
2025-07-20 03:50:45,778 - tensorflow - INFO - Reduce to /job:localhost/replica:0/task:0/device:GPU:0 then broadcast to ('/job:localhost/replica:0/task:0/device:GPU:0', '/job:localhost/replica:0/task:0/device:GPU:1', '/job:localhost/replica:0/task:0/device:GPU:2', '/job:localhost/replica:0/task:0/device:GPU:3').
2025-07-20 03:50:45,782 - tensorflow - INFO - Reduce to /job:localhost/replica:0/task:0/device:GPU:0 then broadcast to ('/job:localhost/replica:0/task:0/device:GPU:0', '/job:localhost/replica:0/task:0/device:GPU:1', '/job:localhost/replica:0/task:0/device:GPU:2', '/job:localhost/replica:0/task:0/device:GPU:3').
2025-07-20 03:50:45,785 - tensorflow - INFO - Reduce to /job:localhost/replica:0/task:0/device:GPU:0 then broadcast to ('/job:localhost/replica:0/task:0/device:GPU:0', '/job:localhost/replica:0/task:0/device:GPU:1', '/job:localhost/replica:0/task:0/device:GPU:2', '/job:localhost/replica:0/task:0/device:GPU:3').
2025-07-20 03:50:45,787 - tensorflow - INFO - Reduce to /job:localhost/replica:0/task:0/device:GPU:0 then broadcast to ('/job:localhost/replica:0/task:0/device:GPU:0', '/job:localhost/replica:0/task:0/device:GPU:1', '/job:localhost/replica:0/task:0/device:GPU:2', '/job:localhost/replica:0/task:0/device:GPU:3').
2025-07-20 03:50:45,790 - tensorflow - INFO - Reduce to /job:localhost/replica:0/task:0/device:GPU:0 then broadcast to ('/job:localhost/replica:0/task:0/device:GPU:0', '/job:localhost/replica:0/task:0/device:GPU:1', '/job:localhost/replica:0/task:0/device:GPU:2', '/job:localhost/replica:0/task:0/device:GPU:3').
2025-07-20 03:50:45,793 - tensorflow - INFO - Reduce to /job:localhost/replica:0/task:0/device:GPU:0 then broadcast to ('/job:localhost/replica:0/task:0/device:GPU:0', '/job:localhost/replica:0/task:0/device:GPU:1', '/job:localhost/replica:0/task:0/device:GPU:2', '/job:localhost/replica:0/task:0/device:GPU:3').
2025-07-20 03:50:45,795 - tensorflow - INFO - Reduce to /job:localhost/replica:0/task:0/device:GPU:0 then broadcast to ('/job:localhost/replica:0/task:0/device:GPU:0', '/job:localhost/replica:0/task:0/device:GPU:1', '/job:localhost/replica:0/task:0/device:GPU:2', '/job:localhost/replica:0/task:0/device:GPU:3').
2025-07-20 03:50:45,798 - tensorflow - INFO - Reduce to /job:localhost/replica:0/task:0/device:GPU:0 then broadcast to ('/job:localhost/replica:0/task:0/device:GPU:0', '/job:localhost/replica:0/task:0/device:GPU:1', '/job:localhost/replica:0/task:0/device:GPU:2', '/job:localhost/replica:0/task:0/device:GPU:3').
2025-07-20 03:50:45,800 - tensorflow - INFO - Reduce to /job:localhost/replica:0/task:0/device:GPU:0 then broadcast to ('/job:localhost/replica:0/task:0/device:GPU:0', '/job:localhost/replica:0/task:0/device:GPU:1', '/job:localhost/replica:0/task:0/device:GPU:2', '/job:localhost/replica:0/task:0/device:GPU:3').
2025-07-20 03:50:45,803 - tensorflow - INFO - Reduce to /job:localhost/replica:0/task:0/device:GPU:0 then broadcast to ('/job:localhost/replica:0/task:0/device:GPU:0', '/job:localhost/replica:0/task:0/device:GPU:1', '/job:localhost/replica:0/task:0/device:GPU:2', '/job:localhost/replica:0/task:0/device:GPU:3').
pixdim[0] (qfac) should be 1 (default) or -1; setting qfac to 1
pixdim[0] (qfac) should be 1 (default) or -1; setting qfac to 1
2025-07-20 03:51:24,768 - nibabel.global - INFO - pixdim[0] (qfac) should be 1 (default) or -1; setting qfac to 1
2025-07-20 03:51:24,768 - nibabel.global - INFO - pixdim[0] (qfac) should be 1 (default) or -1; setting qfac to 1
pixdim[0] (qfac) should be 1 (default) or -1; setting qfac to 1
2025-07-20 03:51:27,273 - nibabel.global - INFO - pixdim[0] (qfac) should be 1 (default) or -1; setting qfac to 1
pixdim[0] (qfac) should be 1 (default) or -1; setting qfac to 1
2025-07-20 03:51:27,285 - nibabel.global - INFO - pixdim[0] (qfac) should be 1 (default) or -1; setting qfac to 1
pixdim[0] (qfac) should be 1 (default) or -1; setting qfac to 1
2025-07-20 03:51:29,579 - nibabel.global - INFO - pixdim[0] (qfac) should be 1 (default) or -1; setting qfac to 1
pixdim[0] (qfac) should be 1 (default) or -1; setting qfac to 1
2025-07-20 03:51:29,668 - nibabel.global - INFO - pixdim[0] (qfac) should be 1 (default) or -1; setting qfac to 1
pixdim[0] (qfac) should be 1 (default) or -1; setting qfac to 1
2025-07-20 03:51:31,624 - nibabel.global - INFO - pixdim[0] (qfac) should be 1 (default) or -1; setting qfac to 1
pixdim[0] (qfac) should be 1 (default) or -1; setting qfac to 1
2025-07-20 03:51:31,642 - nibabel.global - INFO - pixdim[0] (qfac) should be 1 (default) or -1; setting qfac to 1
pixdim[0] (qfac) should be 1 (default) or -1; setting qfac to 1
2025-07-20 03:51:33,703 - nibabel.global - INFO - pixdim[0] (qfac) should be 1 (default) or -1; setting qfac to 1
pixdim[0] (qfac) should be 1 (default) or -1; setting qfac to 1
2025-07-20 03:51:33,736 - nibabel.global - INFO - pixdim[0] (qfac) should be 1 (default) or -1; setting qfac to 1
pixdim[0] (qfac) should be 1 (default) or -1; setting qfac to 1
2025-07-20 03:51:35,624 - nibabel.global - INFO - pixdim[0] (qfac) should be 1 (default) or -1; setting qfac to 1
pixdim[0] (qfac) should be 1 (default) or -1; setting qfac to 1
2025-07-20 03:51:35,647 - nibabel.global - INFO - pixdim[0] (qfac) should be 1 (default) or -1; setting qfac to 1
pixdim[0] (qfac) should be 1 (default) or -1; setting qfac to 1
2025-07-20 03:51:37,657 - nibabel.global - INFO - pixdim[0] (qfac) should be 1 (default) or -1; setting qfac to 1
pixdim[0] (qfac) should be 1 (default) or -1; setting qfac to 1
2025-07-20 03:51:37,673 - nibabel.global - INFO - pixdim[0] (qfac) should be 1 (default) or -1; setting qfac to 1
2025-07-20 03:51:54,252 - SmartSOTA - ERROR - ❌ Training failed: Graph execution error:

Detected at node gradient_tape/replica_2/SmartSOTA_2025/output/Conv3D/Conv3DBackpropFilterV2 defined at (most recent call last):
  File "/mnt/beegfs/hellgate/home/rb194958e/.conda/envs/tf215_env/lib/python3.11/threading.py", line 1002, in _bootstrap

  File "/mnt/beegfs/hellgate/home/rb194958e/.conda/envs/tf215_env/lib/python3.11/threading.py", line 1045, in _bootstrap_inner

  File "/mnt/beegfs/hellgate/home/rb194958e/.conda/envs/tf215_env/lib/python3.11/site-packages/keras/src/engine/training.py", line 1373, in run_step

  File "/mnt/beegfs/hellgate/home/rb194958e/.conda/envs/tf215_env/lib/python3.11/site-packages/keras/src/engine/training.py", line 1154, in train_step

  File "/mnt/beegfs/hellgate/home/rb194958e/.conda/envs/tf215_env/lib/python3.11/site-packages/keras/src/optimizers/optimizer.py", line 543, in minimize

  File "/mnt/beegfs/hellgate/home/rb194958e/.conda/envs/tf215_env/lib/python3.11/site-packages/keras/src/optimizers/optimizer.py", line 276, in compute_gradients

Detected at node gradient_tape/replica_2/SmartSOTA_2025/output/Conv3D/Conv3DBackpropFilterV2 defined at (most recent call last):
  File "/mnt/beegfs/hellgate/home/rb194958e/.conda/envs/tf215_env/lib/python3.11/threading.py", line 1002, in _bootstrap

  File "/mnt/beegfs/hellgate/home/rb194958e/.conda/envs/tf215_env/lib/python3.11/threading.py", line 1045, in _bootstrap_inner

  File "/mnt/beegfs/hellgate/home/rb194958e/.conda/envs/tf215_env/lib/python3.11/site-packages/keras/src/engine/training.py", line 1373, in run_step

  File "/mnt/beegfs/hellgate/home/rb194958e/.conda/envs/tf215_env/lib/python3.11/site-packages/keras/src/engine/training.py", line 1154, in train_step

  File "/mnt/beegfs/hellgate/home/rb194958e/.conda/envs/tf215_env/lib/python3.11/site-packages/keras/src/optimizers/optimizer.py", line 543, in minimize

  File "/mnt/beegfs/hellgate/home/rb194958e/.conda/envs/tf215_env/lib/python3.11/site-packages/keras/src/optimizers/optimizer.py", line 276, in compute_gradients

Detected at node gradient_tape/replica_2/SmartSOTA_2025/output/Conv3D/Conv3DBackpropFilterV2 defined at (most recent call last):
  File "/mnt/beegfs/hellgate/home/rb194958e/.conda/envs/tf215_env/lib/python3.11/threading.py", line 1002, in _bootstrap

  File "/mnt/beegfs/hellgate/home/rb194958e/.conda/envs/tf215_env/lib/python3.11/threading.py", line 1045, in _bootstrap_inner

  File "/mnt/beegfs/hellgate/home/rb194958e/.conda/envs/tf215_env/lib/python3.11/site-packages/keras/src/engine/training.py", line 1373, in run_step

  File "/mnt/beegfs/hellgate/home/rb194958e/.conda/envs/tf215_env/lib/python3.11/site-packages/keras/src/engine/training.py", line 1154, in train_step

  File "/mnt/beegfs/hellgate/home/rb194958e/.conda/envs/tf215_env/lib/python3.11/site-packages/keras/src/optimizers/optimizer.py", line 543, in minimize

  File "/mnt/beegfs/hellgate/home/rb194958e/.conda/envs/tf215_env/lib/python3.11/site-packages/keras/src/optimizers/optimizer.py", line 276, in compute_gradients

Detected at node gradient_tape/replica_2/SmartSOTA_2025/output/Conv3D/Conv3DBackpropFilterV2 defined at (most recent call last):
  File "/mnt/beegfs/hellgate/home/rb194958e/.conda/envs/tf215_env/lib/python3.11/threading.py", line 1002, in _bootstrap

  File "/mnt/beegfs/hellgate/home/rb194958e/.conda/envs/tf215_env/lib/python3.11/threading.py", line 1045, in _bootstrap_inner

  File "/mnt/beegfs/hellgate/home/rb194958e/.conda/envs/tf215_env/lib/python3.11/site-packages/keras/src/engine/training.py", line 1373, in run_step

  File "/mnt/beegfs/hellgate/home/rb194958e/.conda/envs/tf215_env/lib/python3.11/site-packages/keras/src/engine/training.py", line 1154, in train_step

  File "/mnt/beegfs/hellgate/home/rb194958e/.conda/envs/tf215_env/lib/python3.11/site-packages/keras/src/optimizers/optimizer.py", line 543, in minimize

  File "/mnt/beegfs/hellgate/home/rb194958e/.conda/envs/tf215_env/lib/python3.11/site-packages/keras/src/optimizers/optimizer.py", line 276, in compute_gradients

Detected at node gradient_tape/replica_2/SmartSOTA_2025/output/Conv3D/Conv3DBackpropFilterV2 defined at (most recent call last):
  File "/mnt/beegfs/hellgate/home/rb194958e/.conda/envs/tf215_env/lib/python3.11/threading.py", line 1002, in _bootstrap

  File "/mnt/beegfs/hellgate/home/rb194958e/.conda/envs/tf215_env/lib/python3.11/threading.py", line 1045, in _bootstrap_inner

  File "/mnt/beegfs/hellgate/home/rb194958e/.conda/envs/tf215_env/lib/python3.11/site-packages/keras/src/engine/training.py", line 1373, in run_step

  File "/mnt/beegfs/hellgate/home/rb194958e/.conda/envs/tf215_env/lib/python3.11/site-packages/keras/src/engine/training.py", line 1154, in train_step

  File "/mnt/beegfs/hellgate/home/rb194958e/.conda/envs/tf215_env/lib/python3.11/site-packages/keras/src/optimizers/optimizer.py", line 543, in minimize

  File "/mnt/beegfs/hellgate/home/rb194958e/.conda/envs/tf215_env/lib/python3.11/site-packages/keras/src/optimizers/optimizer.py", line 276, in compute_gradients

5 root error(s) found.
  (0) UNKNOWN:  CUDNN_STATUS_BAD_PARAM
in external/local_xla/xla/stream_executor/cuda/cuda_dnn.cc(3558): 'tensor' CUDNN_BACKEND_TENSOR_DESCRIPTOR: Check and Set the CUDNN_ATTR_TENSOR_DIMENSIONS Correctly
	 [[{{node gradient_tape/replica_2/SmartSOTA_2025/output/Conv3D/Conv3DBackpropFilterV2}}]]
	 [[AddN_112/_2038]]
	 [[gradient_tape/replica_3/SmartSOTA_2025/residual_conv_block_6/batch_normalization_1/FusedBatchNormGradV3/_1352]]
	 [[AddN_205/_980]]
	 [[div_no_nan/ReadVariableOp_5/_784]]
  (1) UNKNOWN:  CUDNN_STATUS_BAD_PARAM
in external/local_xla/xla/stream_executor/cuda/cuda_dnn.cc(3558): 'tensor' CUDNN_BACKEND_TENSOR_DESCRIPTOR: Check and Set the CUDNN_ATTR_TENSOR_DIMENSIONS Correctly
	 [[{{node gradient_tape/replica_2/SmartSOTA_2025/output/Conv3D/Conv3DBackpropFilterV2}}]]
	 [[AddN_112/_2038]]
	 [[gradient_tape/replica_3/SmartSOTA_2025/residual_conv_block_6/batch_normalization_1/FusedBatchNormGradV3/_1352]]
	 [[AddN_205/_980]]
  (2) UNKNOWN:  CUDNN_STATUS_BAD_PARAM
in external/local_xla/xla/stream_executor/cuda/cuda_dnn.cc(3558): 'tensor' CUDNN_BACKEND_TENSOR_DESCRIPTOR: Check and Set the CUDNN_ATTR_TENSOR_DIMENSIONS Correctly
	 [[{{node gradient_tape/replica_2/SmartSOTA_2025/output/Conv3D/Conv3DBackpropFilterV2}}]]
	 [[AddN_112/_2038]]
	 [[gradient_tape/replica_3/SmartSOTA_2025/residual_conv_block_6/batch_normalization_1/FusedBatchNormGradV3/_1352]]
  (3) UNKNOWN:  CUDNN_STATUS_BAD_PARAM
in external/local_xla/xla/stream_executor/cuda/cuda_dnn.cc(3558): 'tensor' CUDNN_BACKEND_TENSOR_DESCRIPTOR: Check and Set the CUDNN_ATTR_TENSOR_DIMENSIONS Correctly
	 [[{{node gradient_tape/replica_2/SmartSOTA_2025/output/Conv3D/Conv3DBackpropFilterV2}}]]
	 [[AddN_112/_2038]]
  (4) UNKNOWN:  CUDNN_STATUS_BAD_PARAM
in external/local_xla/xla/stream_executor/cuda/cuda_dnn.cc(3558): 'tensor' CUDNN_BACKEND_TENSOR_DESCRIPTOR: Check and Set the CUDNN_ATTR_TENSOR_DIMENSIONS Correctly
	 [[{{node gradient_tape/replica_2/SmartSOTA_2025/output/Conv3D/Conv3DBackpropFilterV2}}]]
0 successful operations.
0 derived errors ignored. [Op:__inference_train_function_116111]
Traceback (most recent call last):
  File "/mnt/beegfs/hellgate/home/rb194958e/stroke_segmentation_sota/smart_sota_2025_claude.py", line 1183, in main
    history = model.fit(
              ^^^^^^^^^^
  File "/mnt/beegfs/hellgate/home/rb194958e/.conda/envs/tf215_env/lib/python3.11/site-packages/keras/src/utils/traceback_utils.py", line 70, in error_handler
    raise e.with_traceback(filtered_tb) from None
  File "/mnt/beegfs/hellgate/home/rb194958e/.conda/envs/tf215_env/lib/python3.11/site-packages/tensorflow/python/eager/execute.py", line 59, in quick_execute
    except TypeError as e:
tensorflow.python.framework.errors_impl.UnknownError: Graph execution error:

Detected at node gradient_tape/replica_2/SmartSOTA_2025/output/Conv3D/Conv3DBackpropFilterV2 defined at (most recent call last):
  File "/mnt/beegfs/hellgate/home/rb194958e/.conda/envs/tf215_env/lib/python3.11/threading.py", line 1002, in _bootstrap

  File "/mnt/beegfs/hellgate/home/rb194958e/.conda/envs/tf215_env/lib/python3.11/threading.py", line 1045, in _bootstrap_inner

  File "/mnt/beegfs/hellgate/home/rb194958e/.conda/envs/tf215_env/lib/python3.11/site-packages/keras/src/engine/training.py", line 1373, in run_step

  File "/mnt/beegfs/hellgate/home/rb194958e/.conda/envs/tf215_env/lib/python3.11/site-packages/keras/src/engine/training.py", line 1154, in train_step

  File "/mnt/beegfs/hellgate/home/rb194958e/.conda/envs/tf215_env/lib/python3.11/site-packages/keras/src/optimizers/optimizer.py", line 543, in minimize

  File "/mnt/beegfs/hellgate/home/rb194958e/.conda/envs/tf215_env/lib/python3.11/site-packages/keras/src/optimizers/optimizer.py", line 276, in compute_gradients

Detected at node gradient_tape/replica_2/SmartSOTA_2025/output/Conv3D/Conv3DBackpropFilterV2 defined at (most recent call last):
  File "/mnt/beegfs/hellgate/home/rb194958e/.conda/envs/tf215_env/lib/python3.11/threading.py", line 1002, in _bootstrap

  File "/mnt/beegfs/hellgate/home/rb194958e/.conda/envs/tf215_env/lib/python3.11/threading.py", line 1045, in _bootstrap_inner

  File "/mnt/beegfs/hellgate/home/rb194958e/.conda/envs/tf215_env/lib/python3.11/site-packages/keras/src/engine/training.py", line 1373, in run_step

  File "/mnt/beegfs/hellgate/home/rb194958e/.conda/envs/tf215_env/lib/python3.11/site-packages/keras/src/engine/training.py", line 1154, in train_step

  File "/mnt/beegfs/hellgate/home/rb194958e/.conda/envs/tf215_env/lib/python3.11/site-packages/keras/src/optimizers/optimizer.py", line 543, in minimize

  File "/mnt/beegfs/hellgate/home/rb194958e/.conda/envs/tf215_env/lib/python3.11/site-packages/keras/src/optimizers/optimizer.py", line 276, in compute_gradients

Detected at node gradient_tape/replica_2/SmartSOTA_2025/output/Conv3D/Conv3DBackpropFilterV2 defined at (most recent call last):
  File "/mnt/beegfs/hellgate/home/rb194958e/.conda/envs/tf215_env/lib/python3.11/threading.py", line 1002, in _bootstrap

  File "/mnt/beegfs/hellgate/home/rb194958e/.conda/envs/tf215_env/lib/python3.11/threading.py", line 1045, in _bootstrap_inner

  File "/mnt/beegfs/hellgate/home/rb194958e/.conda/envs/tf215_env/lib/python3.11/site-packages/keras/src/engine/training.py", line 1373, in run_step

  File "/mnt/beegfs/hellgate/home/rb194958e/.conda/envs/tf215_env/lib/python3.11/site-packages/keras/src/engine/training.py", line 1154, in train_step

  File "/mnt/beegfs/hellgate/home/rb194958e/.conda/envs/tf215_env/lib/python3.11/site-packages/keras/src/optimizers/optimizer.py", line 543, in minimize

  File "/mnt/beegfs/hellgate/home/rb194958e/.conda/envs/tf215_env/lib/python3.11/site-packages/keras/src/optimizers/optimizer.py", line 276, in compute_gradients

Detected at node gradient_tape/replica_2/SmartSOTA_2025/output/Conv3D/Conv3DBackpropFilterV2 defined at (most recent call last):
  File "/mnt/beegfs/hellgate/home/rb194958e/.conda/envs/tf215_env/lib/python3.11/threading.py", line 1002, in _bootstrap

  File "/mnt/beegfs/hellgate/home/rb194958e/.conda/envs/tf215_env/lib/python3.11/threading.py", line 1045, in _bootstrap_inner

  File "/mnt/beegfs/hellgate/home/rb194958e/.conda/envs/tf215_env/lib/python3.11/site-packages/keras/src/engine/training.py", line 1373, in run_step

  File "/mnt/beegfs/hellgate/home/rb194958e/.conda/envs/tf215_env/lib/python3.11/site-packages/keras/src/engine/training.py", line 1154, in train_step

  File "/mnt/beegfs/hellgate/home/rb194958e/.conda/envs/tf215_env/lib/python3.11/site-packages/keras/src/optimizers/optimizer.py", line 543, in minimize

  File "/mnt/beegfs/hellgate/home/rb194958e/.conda/envs/tf215_env/lib/python3.11/site-packages/keras/src/optimizers/optimizer.py", line 276, in compute_gradients

Detected at node gradient_tape/replica_2/SmartSOTA_2025/output/Conv3D/Conv3DBackpropFilterV2 defined at (most recent call last):
  File "/mnt/beegfs/hellgate/home/rb194958e/.conda/envs/tf215_env/lib/python3.11/threading.py", line 1002, in _bootstrap

  File "/mnt/beegfs/hellgate/home/rb194958e/.conda/envs/tf215_env/lib/python3.11/threading.py", line 1045, in _bootstrap_inner

  File "/mnt/beegfs/hellgate/home/rb194958e/.conda/envs/tf215_env/lib/python3.11/site-packages/keras/src/engine/training.py", line 1373, in run_step

  File "/mnt/beegfs/hellgate/home/rb194958e/.conda/envs/tf215_env/lib/python3.11/site-packages/keras/src/engine/training.py", line 1154, in train_step

  File "/mnt/beegfs/hellgate/home/rb194958e/.conda/envs/tf215_env/lib/python3.11/site-packages/keras/src/optimizers/optimizer.py", line 543, in minimize

  File "/mnt/beegfs/hellgate/home/rb194958e/.conda/envs/tf215_env/lib/python3.11/site-packages/keras/src/optimizers/optimizer.py", line 276, in compute_gradients

5 root error(s) found.
  (0) UNKNOWN:  CUDNN_STATUS_BAD_PARAM
in external/local_xla/xla/stream_executor/cuda/cuda_dnn.cc(3558): 'tensor' CUDNN_BACKEND_TENSOR_DESCRIPTOR: Check and Set the CUDNN_ATTR_TENSOR_DIMENSIONS Correctly
	 [[{{node gradient_tape/replica_2/SmartSOTA_2025/output/Conv3D/Conv3DBackpropFilterV2}}]]
	 [[AddN_112/_2038]]
	 [[gradient_tape/replica_3/SmartSOTA_2025/residual_conv_block_6/batch_normalization_1/FusedBatchNormGradV3/_1352]]
	 [[AddN_205/_980]]
	 [[div_no_nan/ReadVariableOp_5/_784]]
  (1) UNKNOWN:  CUDNN_STATUS_BAD_PARAM
in external/local_xla/xla/stream_executor/cuda/cuda_dnn.cc(3558): 'tensor' CUDNN_BACKEND_TENSOR_DESCRIPTOR: Check and Set the CUDNN_ATTR_TENSOR_DIMENSIONS Correctly
	 [[{{node gradient_tape/replica_2/SmartSOTA_2025/output/Conv3D/Conv3DBackpropFilterV2}}]]
	 [[AddN_112/_2038]]
	 [[gradient_tape/replica_3/SmartSOTA_2025/residual_conv_block_6/batch_normalization_1/FusedBatchNormGradV3/_1352]]
	 [[AddN_205/_980]]
  (2) UNKNOWN:  CUDNN_STATUS_BAD_PARAM
in external/local_xla/xla/stream_executor/cuda/cuda_dnn.cc(3558): 'tensor' CUDNN_BACKEND_TENSOR_DESCRIPTOR: Check and Set the CUDNN_ATTR_TENSOR_DIMENSIONS Correctly
	 [[{{node gradient_tape/replica_2/SmartSOTA_2025/output/Conv3D/Conv3DBackpropFilterV2}}]]
	 [[AddN_112/_2038]]
	 [[gradient_tape/replica_3/SmartSOTA_2025/residual_conv_block_6/batch_normalization_1/FusedBatchNormGradV3/_1352]]
  (3) UNKNOWN:  CUDNN_STATUS_BAD_PARAM
in external/local_xla/xla/stream_executor/cuda/cuda_dnn.cc(3558): 'tensor' CUDNN_BACKEND_TENSOR_DESCRIPTOR: Check and Set the CUDNN_ATTR_TENSOR_DIMENSIONS Correctly
	 [[{{node gradient_tape/replica_2/SmartSOTA_2025/output/Conv3D/Conv3DBackpropFilterV2}}]]
	 [[AddN_112/_2038]]
  (4) UNKNOWN:  CUDNN_STATUS_BAD_PARAM
in external/local_xla/xla/stream_executor/cuda/cuda_dnn.cc(3558): 'tensor' CUDNN_BACKEND_TENSOR_DESCRIPTOR: Check and Set the CUDNN_ATTR_TENSOR_DIMENSIONS Correctly
	 [[{{node gradient_tape/replica_2/SmartSOTA_2025/output/Conv3D/Conv3DBackpropFilterV2}}]]
0 successful operations.
0 derived errors ignored. [Op:__inference_train_function_116111]
2025-07-20 03:51:54,267 - SmartSOTA - INFO - Memory at training_failed: CPU=6.03GB | GPU0: 0.12GB | GPU1: 0.12GB | GPU2: 0.06GB | GPU3: 0.06GB | Disk: 245.7GB free
2025-07-20 03:51:54,880 - SmartSOTA - INFO - 💾 Emergency model save: models/production/emergency_save_20250720_034644.keras
Training end time: Sun Jul 20 03:51:59 UTC 2025
Python exit code: 1
=== IMMEDIATE POST-RUN ANALYSIS ===
Checking if training started...
✅ Training initialization detected
Checking for common errors...
Number of training epochs detected: 1
=== DETAILED ERROR ANALYSIS ===
❌ Training failed with exit code: 1
Last 100 lines of training output:
    raise e.with_traceback(filtered_tb) from None
  File "/mnt/beegfs/hellgate/home/rb194958e/.conda/envs/tf215_env/lib/python3.11/site-packages/tensorflow/python/eager/execute.py", line 59, in quick_execute
    except TypeError as e:
tensorflow.python.framework.errors_impl.UnknownError: Graph execution error:

Detected at node gradient_tape/replica_2/SmartSOTA_2025/output/Conv3D/Conv3DBackpropFilterV2 defined at (most recent call last):
  File "/mnt/beegfs/hellgate/home/rb194958e/.conda/envs/tf215_env/lib/python3.11/threading.py", line 1002, in _bootstrap

  File "/mnt/beegfs/hellgate/home/rb194958e/.conda/envs/tf215_env/lib/python3.11/threading.py", line 1045, in _bootstrap_inner

  File "/mnt/beegfs/hellgate/home/rb194958e/.conda/envs/tf215_env/lib/python3.11/site-packages/keras/src/engine/training.py", line 1373, in run_step

  File "/mnt/beegfs/hellgate/home/rb194958e/.conda/envs/tf215_env/lib/python3.11/site-packages/keras/src/engine/training.py", line 1154, in train_step

  File "/mnt/beegfs/hellgate/home/rb194958e/.conda/envs/tf215_env/lib/python3.11/site-packages/keras/src/optimizers/optimizer.py", line 543, in minimize

  File "/mnt/beegfs/hellgate/home/rb194958e/.conda/envs/tf215_env/lib/python3.11/site-packages/keras/src/optimizers/optimizer.py", line 276, in compute_gradients

Detected at node gradient_tape/replica_2/SmartSOTA_2025/output/Conv3D/Conv3DBackpropFilterV2 defined at (most recent call last):
  File "/mnt/beegfs/hellgate/home/rb194958e/.conda/envs/tf215_env/lib/python3.11/threading.py", line 1002, in _bootstrap

  File "/mnt/beegfs/hellgate/home/rb194958e/.conda/envs/tf215_env/lib/python3.11/threading.py", line 1045, in _bootstrap_inner

  File "/mnt/beegfs/hellgate/home/rb194958e/.conda/envs/tf215_env/lib/python3.11/site-packages/keras/src/engine/training.py", line 1373, in run_step

  File "/mnt/beegfs/hellgate/home/rb194958e/.conda/envs/tf215_env/lib/python3.11/site-packages/keras/src/engine/training.py", line 1154, in train_step

  File "/mnt/beegfs/hellgate/home/rb194958e/.conda/envs/tf215_env/lib/python3.11/site-packages/keras/src/optimizers/optimizer.py", line 543, in minimize

  File "/mnt/beegfs/hellgate/home/rb194958e/.conda/envs/tf215_env/lib/python3.11/site-packages/keras/src/optimizers/optimizer.py", line 276, in compute_gradients

Detected at node gradient_tape/replica_2/SmartSOTA_2025/output/Conv3D/Conv3DBackpropFilterV2 defined at (most recent call last):
  File "/mnt/beegfs/hellgate/home/rb194958e/.conda/envs/tf215_env/lib/python3.11/threading.py", line 1002, in _bootstrap

  File "/mnt/beegfs/hellgate/home/rb194958e/.conda/envs/tf215_env/lib/python3.11/threading.py", line 1045, in _bootstrap_inner

  File "/mnt/beegfs/hellgate/home/rb194958e/.conda/envs/tf215_env/lib/python3.11/site-packages/keras/src/engine/training.py", line 1373, in run_step

  File "/mnt/beegfs/hellgate/home/rb194958e/.conda/envs/tf215_env/lib/python3.11/site-packages/keras/src/engine/training.py", line 1154, in train_step

  File "/mnt/beegfs/hellgate/home/rb194958e/.conda/envs/tf215_env/lib/python3.11/site-packages/keras/src/optimizers/optimizer.py", line 543, in minimize

  File "/mnt/beegfs/hellgate/home/rb194958e/.conda/envs/tf215_env/lib/python3.11/site-packages/keras/src/optimizers/optimizer.py", line 276, in compute_gradients

Detected at node gradient_tape/replica_2/SmartSOTA_2025/output/Conv3D/Conv3DBackpropFilterV2 defined at (most recent call last):
  File "/mnt/beegfs/hellgate/home/rb194958e/.conda/envs/tf215_env/lib/python3.11/threading.py", line 1002, in _bootstrap

  File "/mnt/beegfs/hellgate/home/rb194958e/.conda/envs/tf215_env/lib/python3.11/threading.py", line 1045, in _bootstrap_inner

  File "/mnt/beegfs/hellgate/home/rb194958e/.conda/envs/tf215_env/lib/python3.11/site-packages/keras/src/engine/training.py", line 1373, in run_step

  File "/mnt/beegfs/hellgate/home/rb194958e/.conda/envs/tf215_env/lib/python3.11/site-packages/keras/src/engine/training.py", line 1154, in train_step

  File "/mnt/beegfs/hellgate/home/rb194958e/.conda/envs/tf215_env/lib/python3.11/site-packages/keras/src/optimizers/optimizer.py", line 543, in minimize

  File "/mnt/beegfs/hellgate/home/rb194958e/.conda/envs/tf215_env/lib/python3.11/site-packages/keras/src/optimizers/optimizer.py", line 276, in compute_gradients

Detected at node gradient_tape/replica_2/SmartSOTA_2025/output/Conv3D/Conv3DBackpropFilterV2 defined at (most recent call last):
  File "/mnt/beegfs/hellgate/home/rb194958e/.conda/envs/tf215_env/lib/python3.11/threading.py", line 1002, in _bootstrap

  File "/mnt/beegfs/hellgate/home/rb194958e/.conda/envs/tf215_env/lib/python3.11/threading.py", line 1045, in _bootstrap_inner

  File "/mnt/beegfs/hellgate/home/rb194958e/.conda/envs/tf215_env/lib/python3.11/site-packages/keras/src/engine/training.py", line 1373, in run_step

  File "/mnt/beegfs/hellgate/home/rb194958e/.conda/envs/tf215_env/lib/python3.11/site-packages/keras/src/engine/training.py", line 1154, in train_step

  File "/mnt/beegfs/hellgate/home/rb194958e/.conda/envs/tf215_env/lib/python3.11/site-packages/keras/src/optimizers/optimizer.py", line 543, in minimize

  File "/mnt/beegfs/hellgate/home/rb194958e/.conda/envs/tf215_env/lib/python3.11/site-packages/keras/src/optimizers/optimizer.py", line 276, in compute_gradients

5 root error(s) found.
  (0) UNKNOWN:  CUDNN_STATUS_BAD_PARAM
in external/local_xla/xla/stream_executor/cuda/cuda_dnn.cc(3558): 'tensor' CUDNN_BACKEND_TENSOR_DESCRIPTOR: Check and Set the CUDNN_ATTR_TENSOR_DIMENSIONS Correctly
	 [[{{node gradient_tape/replica_2/SmartSOTA_2025/output/Conv3D/Conv3DBackpropFilterV2}}]]
	 [[AddN_112/_2038]]
	 [[gradient_tape/replica_3/SmartSOTA_2025/residual_conv_block_6/batch_normalization_1/FusedBatchNormGradV3/_1352]]
	 [[AddN_205/_980]]
	 [[div_no_nan/ReadVariableOp_5/_784]]
  (1) UNKNOWN:  CUDNN_STATUS_BAD_PARAM
in external/local_xla/xla/stream_executor/cuda/cuda_dnn.cc(3558): 'tensor' CUDNN_BACKEND_TENSOR_DESCRIPTOR: Check and Set the CUDNN_ATTR_TENSOR_DIMENSIONS Correctly
	 [[{{node gradient_tape/replica_2/SmartSOTA_2025/output/Conv3D/Conv3DBackpropFilterV2}}]]
	 [[AddN_112/_2038]]
	 [[gradient_tape/replica_3/SmartSOTA_2025/residual_conv_block_6/batch_normalization_1/FusedBatchNormGradV3/_1352]]
	 [[AddN_205/_980]]
  (2) UNKNOWN:  CUDNN_STATUS_BAD_PARAM
in external/local_xla/xla/stream_executor/cuda/cuda_dnn.cc(3558): 'tensor' CUDNN_BACKEND_TENSOR_DESCRIPTOR: Check and Set the CUDNN_ATTR_TENSOR_DIMENSIONS Correctly
	 [[{{node gradient_tape/replica_2/SmartSOTA_2025/output/Conv3D/Conv3DBackpropFilterV2}}]]
	 [[AddN_112/_2038]]
	 [[gradient_tape/replica_3/SmartSOTA_2025/residual_conv_block_6/batch_normalization_1/FusedBatchNormGradV3/_1352]]
  (3) UNKNOWN:  CUDNN_STATUS_BAD_PARAM
in external/local_xla/xla/stream_executor/cuda/cuda_dnn.cc(3558): 'tensor' CUDNN_BACKEND_TENSOR_DESCRIPTOR: Check and Set the CUDNN_ATTR_TENSOR_DIMENSIONS Correctly
	 [[{{node gradient_tape/replica_2/SmartSOTA_2025/output/Conv3D/Conv3DBackpropFilterV2}}]]
	 [[AddN_112/_2038]]
  (4) UNKNOWN:  CUDNN_STATUS_BAD_PARAM
in external/local_xla/xla/stream_executor/cuda/cuda_dnn.cc(3558): 'tensor' CUDNN_BACKEND_TENSOR_DESCRIPTOR: Check and Set the CUDNN_ATTR_TENSOR_DIMENSIONS Correctly
	 [[{{node gradient_tape/replica_2/SmartSOTA_2025/output/Conv3D/Conv3DBackpropFilterV2}}]]
0 successful operations.
0 derived errors ignored. [Op:__inference_train_function_116111]
2025-07-20 03:51:54,267 - SmartSOTA - INFO - Memory at training_failed: CPU=6.03GB | GPU0: 0.12GB | GPU1: 0.12GB | GPU2: 0.06GB | GPU3: 0.06GB | Disk: 245.7GB free
2025-07-20 03:51:54,880 - SmartSOTA - INFO - 💾 Emergency model save: models/production/emergency_save_20250720_034644.keras
Last 50 lines of error log:
2025-07-20 03:45:28.671552: E external/local_xla/xla/stream_executor/cuda/cuda_dnn.cc:9261] Unable to register cuDNN factory: Attempting to register factory for plugin cuDNN when one has already been registered
2025-07-20 03:45:28.672530: E external/local_xla/xla/stream_executor/cuda/cuda_fft.cc:607] Unable to register cuFFT factory: Attempting to register factory for plugin cuFFT when one has already been registered
2025-07-20 03:45:28.878045: E external/local_xla/xla/stream_executor/cuda/cuda_blas.cc:1515] Unable to register cuBLAS factory: Attempting to register factory for plugin cuBLAS when one has already been registered
Checking for specific error patterns:
=== FINAL SYSTEM STATE ===
Final memory usage:
              total        used        free      shared  buff/cache   available
Mem:          503Gi       5.0Gi       480Gi       4.2Gi        17Gi       491Gi
Swap:            0B          0B          0B
memory.used [MiB]
1 MiB
1 MiB
1 MiB
1 MiB
Checking for OOM events:
SLURM memory accounting:
1160120            300G              00:07:07    RUNNING 
1160120.bat+                         00:07:07    RUNNING 
1160120.ext+                         00:07:07    RUNNING 
=== OUTPUT FILE CHECK ===
Checking for generated files...
Model directory contents:
models/full_retrain_20250622_074312.h5
models/comprehensive_fixed/config.json
models/comprehensive_fixed/smart_sota_20250706_030326.keras
models/proven_enhanced_20250625_192140.h5
models/smart_sota_2025_dropout_only_20250627_194038.h5
models/correct_full_20250622_222712.h5
models/comprehensive/config.json
models/fine_tuned_20250624_220018.h5
models/smart_sota_2025_dropout_only_20250628_192551.h5
models/sota_final_20250616_190015.h5
Log files generated:
-rw-r--r--  1 rb194958e GeneralUsers     1137 Jul 20 03:49 memory_usage_1160120.log
-rw-r--r--  1 rb194958e GeneralUsers      635 Jul 20 03:42 smart_sota_1160120.err
-rw-r--r--  1 rb194958e GeneralUsers   185483 Jul 20 03:49 smart_sota_1160120.out
-rw-r--r--  1 rb194958e GeneralUsers   172694 Jul 20 03:49 training_output_1160120.log
=== FINAL SUMMARY ===
Job duration: 00:07:08
❌ Training failed - check error logs above
Job completed at: Sun Jul 20 03:52:05 UTC 2025
Cleaning up at: Sun Jul 20 03:52:05 UTC 2025
