2025-07-02 17:53:08.814911: E external/local_xla/xla/stream_executor/cuda/cuda_dnn.cc:9261] Unable to register cuDNN factory: Attempting to register factory for plugin cuDNN when one has already been registered
2025-07-02 17:53:08.816049: E external/local_xla/xla/stream_executor/cuda/cuda_fft.cc:607] Unable to register cuFFT factory: Attempting to register factory for plugin cuFFT when one has already been registered
2025-07-02 17:53:08.929785: E external/local_xla/xla/stream_executor/cuda/cuda_blas.cc:1515] Unable to register cuBLAS factory: Attempting to register factory for plugin cuBLAS when one has already been registered
2025-07-02 17:53:09.171251: I tensorflow/core/platform/cpu_feature_guard.cc:182] This TensorFlow binary is optimized to use available CPU instructions in performance-critical operations.
To enable the following instructions: AVX2 AVX512F AVX512_VNNI FMA, in other operations, rebuild TensorFlow with the appropriate compiler flags.
2025-07-02 17:53:15.747572: W tensorflow/compiler/tf2tensorrt/utils/py_utils.cc:38] TF-TRT Warning: Could not find TensorRT
2025-07-02 17:53:30.847508: W tensorflow/core/common_runtime/gpu/gpu_bfc_allocator.cc:47] Overriding orig_value setting because the TF_FORCE_GPU_ALLOW_GROWTH environment variable is set. Original config value was 0.
2025-07-02 17:53:30.848358: I tensorflow/core/common_runtime/gpu/gpu_process_state.cc:236] Using CUDA malloc Async allocator for GPU: 0
2025-07-02 17:53:30.849275: I tensorflow/core/common_runtime/gpu/gpu_device.cc:1929] Created device /job:localhost/replica:0/task:0/device:GPU:0 with 22483 MB memory:  -> device: 0, name: NVIDIA RTX 4500 Ada Generation, pci bus id: 0000:1c:00.0, compute capability: 8.9
2025-07-02 17:53:30.850172: W tensorflow/core/common_runtime/gpu/gpu_bfc_allocator.cc:47] Overriding orig_value setting because the TF_FORCE_GPU_ALLOW_GROWTH environment variable is set. Original config value was 0.
2025-07-02 17:53:30.850620: I tensorflow/core/common_runtime/gpu/gpu_process_state.cc:236] Using CUDA malloc Async allocator for GPU: 1
2025-07-02 17:53:30.851253: I tensorflow/core/common_runtime/gpu/gpu_device.cc:1929] Created device /job:localhost/replica:0/task:0/device:GPU:1 with 22483 MB memory:  -> device: 1, name: NVIDIA RTX 4500 Ada Generation, pci bus id: 0000:4f:00.0, compute capability: 8.9
2025-07-02 17:53:30.851884: W tensorflow/core/common_runtime/gpu/gpu_bfc_allocator.cc:47] Overriding orig_value setting because the TF_FORCE_GPU_ALLOW_GROWTH environment variable is set. Original config value was 0.
2025-07-02 17:53:30.852297: I tensorflow/core/common_runtime/gpu/gpu_process_state.cc:236] Using CUDA malloc Async allocator for GPU: 2
2025-07-02 17:53:30.852933: I tensorflow/core/common_runtime/gpu/gpu_device.cc:1929] Created device /job:localhost/replica:0/task:0/device:GPU:2 with 22483 MB memory:  -> device: 2, name: NVIDIA RTX 4500 Ada Generation, pci bus id: 0000:9d:00.0, compute capability: 8.9
2025-07-02 17:53:30.853791: W tensorflow/core/common_runtime/gpu/gpu_bfc_allocator.cc:47] Overriding orig_value setting because the TF_FORCE_GPU_ALLOW_GROWTH environment variable is set. Original config value was 0.
2025-07-02 17:53:30.854214: I tensorflow/core/common_runtime/gpu/gpu_process_state.cc:236] Using CUDA malloc Async allocator for GPU: 3
2025-07-02 17:53:30.854802: I tensorflow/core/common_runtime/gpu/gpu_device.cc:1929] Created device /job:localhost/replica:0/task:0/device:GPU:3 with 22483 MB memory:  -> device: 3, name: NVIDIA RTX 4500 Ada Generation, pci bus id: 0000:ce:00.0, compute capability: 8.9
2025-07-02 17:53:37.309289: E external/local_xla/xla/stream_executor/cuda/cuda_dnn.cc:9261] Unable to register cuDNN factory: Attempting to register factory for plugin cuDNN when one has already been registered
2025-07-02 17:53:37.309912: E external/local_xla/xla/stream_executor/cuda/cuda_fft.cc:607] Unable to register cuFFT factory: Attempting to register factory for plugin cuFFT when one has already been registered
2025-07-02 17:53:37.426073: E external/local_xla/xla/stream_executor/cuda/cuda_blas.cc:1515] Unable to register cuBLAS factory: Attempting to register factory for plugin cuBLAS when one has already been registered
2025-07-02 17:53:57,999 - INFO - 🎉 SOTA 2025: FINAL TRAINING RUN
INFO:tensorflow:Mixed precision compatibility check (mixed_float16): OK
Your GPUs will likely run quickly with dtype policy mixed_float16 as they all have compute capability of at least 7.0
2025-07-02 17:54:02,183 - INFO - Mixed precision compatibility check (mixed_float16): OK
Your GPUs will likely run quickly with dtype policy mixed_float16 as they all have compute capability of at least 7.0
INFO:tensorflow:Using MirroredStrategy with devices ('/job:localhost/replica:0/task:0/device:GPU:0', '/job:localhost/replica:0/task:0/device:GPU:1', '/job:localhost/replica:0/task:0/device:GPU:2', '/job:localhost/replica:0/task:0/device:GPU:3')
2025-07-02 17:54:02,429 - INFO - Using MirroredStrategy with devices ('/job:localhost/replica:0/task:0/device:GPU:0', '/job:localhost/replica:0/task:0/device:GPU:1', '/job:localhost/replica:0/task:0/device:GPU:2', '/job:localhost/replica:0/task:0/device:GPU:3')
2025-07-02 17:54:02,466 - INFO - 🚀 MirroredStrategy with 4 devices
2025-07-02 17:54:07,343 - INFO - Found 655 images and 655 masks.
2025-07-02 17:54:07,345 - INFO - Successfully paired 655 samples.
2025-07-02 17:54:07,349 - INFO - 🏗️ Building Final Model...
INFO:tensorflow:Reduce to /job:localhost/replica:0/task:0/device:CPU:0 then broadcast to ('/job:localhost/replica:0/task:0/device:CPU:0',).
2025-07-02 17:54:07,495 - INFO - Reduce to /job:localhost/replica:0/task:0/device:CPU:0 then broadcast to ('/job:localhost/replica:0/task:0/device:CPU:0',).
INFO:tensorflow:Reduce to /job:localhost/replica:0/task:0/device:CPU:0 then broadcast to ('/job:localhost/replica:0/task:0/device:CPU:0',).
2025-07-02 17:54:07,502 - INFO - Reduce to /job:localhost/replica:0/task:0/device:CPU:0 then broadcast to ('/job:localhost/replica:0/task:0/device:CPU:0',).
INFO:tensorflow:Reduce to /job:localhost/replica:0/task:0/device:CPU:0 then broadcast to ('/job:localhost/replica:0/task:0/device:CPU:0',).
2025-07-02 17:54:07,542 - INFO - Reduce to /job:localhost/replica:0/task:0/device:CPU:0 then broadcast to ('/job:localhost/replica:0/task:0/device:CPU:0',).
INFO:tensorflow:Reduce to /job:localhost/replica:0/task:0/device:CPU:0 then broadcast to ('/job:localhost/replica:0/task:0/device:CPU:0',).
2025-07-02 17:54:07,547 - INFO - Reduce to /job:localhost/replica:0/task:0/device:CPU:0 then broadcast to ('/job:localhost/replica:0/task:0/device:CPU:0',).
INFO:tensorflow:Reduce to /job:localhost/replica:0/task:0/device:CPU:0 then broadcast to ('/job:localhost/replica:0/task:0/device:CPU:0',).
2025-07-02 17:54:07,722 - INFO - Reduce to /job:localhost/replica:0/task:0/device:CPU:0 then broadcast to ('/job:localhost/replica:0/task:0/device:CPU:0',).
INFO:tensorflow:Reduce to /job:localhost/replica:0/task:0/device:CPU:0 then broadcast to ('/job:localhost/replica:0/task:0/device:CPU:0',).
2025-07-02 17:54:07,728 - INFO - Reduce to /job:localhost/replica:0/task:0/device:CPU:0 then broadcast to ('/job:localhost/replica:0/task:0/device:CPU:0',).
INFO:tensorflow:Reduce to /job:localhost/replica:0/task:0/device:CPU:0 then broadcast to ('/job:localhost/replica:0/task:0/device:CPU:0',).
2025-07-02 17:54:07,767 - INFO - Reduce to /job:localhost/replica:0/task:0/device:CPU:0 then broadcast to ('/job:localhost/replica:0/task:0/device:CPU:0',).
INFO:tensorflow:Reduce to /job:localhost/replica:0/task:0/device:CPU:0 then broadcast to ('/job:localhost/replica:0/task:0/device:CPU:0',).
2025-07-02 17:54:07,773 - INFO - Reduce to /job:localhost/replica:0/task:0/device:CPU:0 then broadcast to ('/job:localhost/replica:0/task:0/device:CPU:0',).
INFO:tensorflow:Reduce to /job:localhost/replica:0/task:0/device:CPU:0 then broadcast to ('/job:localhost/replica:0/task:0/device:CPU:0',).
2025-07-02 17:54:08,082 - INFO - Reduce to /job:localhost/replica:0/task:0/device:CPU:0 then broadcast to ('/job:localhost/replica:0/task:0/device:CPU:0',).
INFO:tensorflow:Reduce to /job:localhost/replica:0/task:0/device:CPU:0 then broadcast to ('/job:localhost/replica:0/task:0/device:CPU:0',).
2025-07-02 17:54:08,087 - INFO - Reduce to /job:localhost/replica:0/task:0/device:CPU:0 then broadcast to ('/job:localhost/replica:0/task:0/device:CPU:0',).
2025-07-02 17:54:09,192 - INFO - ✅ Model built: 2,996,978 parameters
2025-07-02 17:54:09,246 - INFO - 🚀 Starting training... Logs will be saved to: logs/20250702_175409
pixdim[0] (qfac) should be 1 (default) or -1; setting qfac to 1
2025-07-02 17:54:09,531 - INFO - pixdim[0] (qfac) should be 1 (default) or -1; setting qfac to 1
pixdim[0] (qfac) should be 1 (default) or -1; setting qfac to 1
2025-07-02 17:54:10,462 - INFO - pixdim[0] (qfac) should be 1 (default) or -1; setting qfac to 1
pixdim[0] (qfac) should be 1 (default) or -1; setting qfac to 1
2025-07-02 17:54:11,417 - INFO - pixdim[0] (qfac) should be 1 (default) or -1; setting qfac to 1
pixdim[0] (qfac) should be 1 (default) or -1; setting qfac to 1
2025-07-02 17:54:12,359 - INFO - pixdim[0] (qfac) should be 1 (default) or -1; setting qfac to 1
INFO:tensorflow:Collective all_reduce tensors: 143 all_reduces, num_devices = 4, group_size = 4, implementation = CommunicationImplementation.NCCL, num_packs = 1
2025-07-02 17:54:20,811 - INFO - Collective all_reduce tensors: 143 all_reduces, num_devices = 4, group_size = 4, implementation = CommunicationImplementation.NCCL, num_packs = 1
INFO:tensorflow:Collective all_reduce tensors: 143 all_reduces, num_devices = 4, group_size = 4, implementation = CommunicationImplementation.NCCL, num_packs = 1
2025-07-02 17:54:41,614 - INFO - Collective all_reduce tensors: 143 all_reduces, num_devices = 4, group_size = 4, implementation = CommunicationImplementation.NCCL, num_packs = 1
pixdim[0] (qfac) should be 1 (default) or -1; setting qfac to 1
2025-07-02 17:54:59,867 - INFO - pixdim[0] (qfac) should be 1 (default) or -1; setting qfac to 1
pixdim[0] (qfac) should be 1 (default) or -1; setting qfac to 1
2025-07-02 17:55:00,858 - INFO - pixdim[0] (qfac) should be 1 (default) or -1; setting qfac to 1
pixdim[0] (qfac) should be 1 (default) or -1; setting qfac to 1
2025-07-02 17:55:01,801 - INFO - pixdim[0] (qfac) should be 1 (default) or -1; setting qfac to 1
pixdim[0] (qfac) should be 1 (default) or -1; setting qfac to 1
2025-07-02 17:55:02,738 - INFO - pixdim[0] (qfac) should be 1 (default) or -1; setting qfac to 1
pixdim[0] (qfac) should be 1 (default) or -1; setting qfac to 1
2025-07-02 17:55:03,783 - INFO - pixdim[0] (qfac) should be 1 (default) or -1; setting qfac to 1
pixdim[0] (qfac) should be 1 (default) or -1; setting qfac to 1
2025-07-02 17:55:04,734 - INFO - pixdim[0] (qfac) should be 1 (default) or -1; setting qfac to 1
pixdim[0] (qfac) should be 1 (default) or -1; setting qfac to 1
2025-07-02 17:55:05,641 - INFO - pixdim[0] (qfac) should be 1 (default) or -1; setting qfac to 1
pixdim[0] (qfac) should be 1 (default) or -1; setting qfac to 1
2025-07-02 17:55:06,600 - INFO - pixdim[0] (qfac) should be 1 (default) or -1; setting qfac to 1
pixdim[0] (qfac) should be 1 (default) or -1; setting qfac to 1
2025-07-02 17:55:07,700 - INFO - pixdim[0] (qfac) should be 1 (default) or -1; setting qfac to 1
pixdim[0] (qfac) should be 1 (default) or -1; setting qfac to 1
2025-07-02 17:55:08,703 - INFO - pixdim[0] (qfac) should be 1 (default) or -1; setting qfac to 1
pixdim[0] (qfac) should be 1 (default) or -1; setting qfac to 1
2025-07-02 17:55:09,699 - INFO - pixdim[0] (qfac) should be 1 (default) or -1; setting qfac to 1
pixdim[0] (qfac) should be 1 (default) or -1; setting qfac to 1
2025-07-02 17:55:10,632 - INFO - pixdim[0] (qfac) should be 1 (default) or -1; setting qfac to 1
pixdim[0] (qfac) should be 1 (default) or -1; setting qfac to 1
2025-07-02 17:55:11,701 - INFO - pixdim[0] (qfac) should be 1 (default) or -1; setting qfac to 1
pixdim[0] (qfac) should be 1 (default) or -1; setting qfac to 1
2025-07-02 17:55:12,621 - INFO - pixdim[0] (qfac) should be 1 (default) or -1; setting qfac to 1
pixdim[0] (qfac) should be 1 (default) or -1; setting qfac to 1
2025-07-02 17:55:13,569 - INFO - pixdim[0] (qfac) should be 1 (default) or -1; setting qfac to 1
pixdim[0] (qfac) should be 1 (default) or -1; setting qfac to 1
2025-07-02 17:55:14,566 - INFO - pixdim[0] (qfac) should be 1 (default) or -1; setting qfac to 1
pixdim[0] (qfac) should be 1 (default) or -1; setting qfac to 1
2025-07-02 17:55:15,687 - INFO - pixdim[0] (qfac) should be 1 (default) or -1; setting qfac to 1
pixdim[0] (qfac) should be 1 (default) or -1; setting qfac to 1
2025-07-02 17:55:16,639 - INFO - pixdim[0] (qfac) should be 1 (default) or -1; setting qfac to 1
pixdim[0] (qfac) should be 1 (default) or -1; setting qfac to 1
2025-07-02 17:55:17,627 - INFO - pixdim[0] (qfac) should be 1 (default) or -1; setting qfac to 1
pixdim[0] (qfac) should be 1 (default) or -1; setting qfac to 1
2025-07-02 17:55:18,608 - INFO - pixdim[0] (qfac) should be 1 (default) or -1; setting qfac to 1
pixdim[0] (qfac) should be 1 (default) or -1; setting qfac to 1
2025-07-02 17:55:19,672 - INFO - pixdim[0] (qfac) should be 1 (default) or -1; setting qfac to 1
pixdim[0] (qfac) should be 1 (default) or -1; setting qfac to 1
2025-07-02 17:55:20,609 - INFO - pixdim[0] (qfac) should be 1 (default) or -1; setting qfac to 1
pixdim[0] (qfac) should be 1 (default) or -1; setting qfac to 1
2025-07-02 17:55:21,523 - INFO - pixdim[0] (qfac) should be 1 (default) or -1; setting qfac to 1
pixdim[0] (qfac) should be 1 (default) or -1; setting qfac to 1
2025-07-02 17:55:22,414 - INFO - pixdim[0] (qfac) should be 1 (default) or -1; setting qfac to 1
pixdim[0] (qfac) should be 1 (default) or -1; setting qfac to 1
2025-07-02 17:55:23,410 - INFO - pixdim[0] (qfac) should be 1 (default) or -1; setting qfac to 1
pixdim[0] (qfac) should be 1 (default) or -1; setting qfac to 1
2025-07-02 17:55:24,249 - INFO - pixdim[0] (qfac) should be 1 (default) or -1; setting qfac to 1
pixdim[0] (qfac) should be 1 (default) or -1; setting qfac to 1
2025-07-02 17:55:25,200 - INFO - pixdim[0] (qfac) should be 1 (default) or -1; setting qfac to 1
pixdim[0] (qfac) should be 1 (default) or -1; setting qfac to 1
2025-07-02 17:55:26,129 - INFO - pixdim[0] (qfac) should be 1 (default) or -1; setting qfac to 1
WARNING: All log messages before absl::InitializeLog() is called are written to STDERR
I0000 00:00:1751478953.570684  131169 device_compiler.h:186] Compiled cluster using XLA!  This line is logged at most once for the lifetime of the process.
pixdim[0] (qfac) should be 1 (default) or -1; setting qfac to 1
2025-07-02 17:56:03,771 - INFO - pixdim[0] (qfac) should be 1 (default) or -1; setting qfac to 1
pixdim[0] (qfac) should be 1 (default) or -1; setting qfac to 1
2025-07-02 17:56:04,777 - INFO - pixdim[0] (qfac) should be 1 (default) or -1; setting qfac to 1
pixdim[0] (qfac) should be 1 (default) or -1; setting qfac to 1
2025-07-02 17:56:05,735 - INFO - pixdim[0] (qfac) should be 1 (default) or -1; setting qfac to 1
pixdim[0] (qfac) should be 1 (default) or -1; setting qfac to 1
2025-07-02 17:56:06,642 - INFO - pixdim[0] (qfac) should be 1 (default) or -1; setting qfac to 1
pixdim[0] (qfac) should be 1 (default) or -1; setting qfac to 1
2025-07-02 17:56:07,739 - INFO - pixdim[0] (qfac) should be 1 (default) or -1; setting qfac to 1
pixdim[0] (qfac) should be 1 (default) or -1; setting qfac to 1
2025-07-02 17:56:08,708 - INFO - pixdim[0] (qfac) should be 1 (default) or -1; setting qfac to 1
pixdim[0] (qfac) should be 1 (default) or -1; setting qfac to 1
2025-07-02 17:56:09,622 - INFO - pixdim[0] (qfac) should be 1 (default) or -1; setting qfac to 1
pixdim[0] (qfac) should be 1 (default) or -1; setting qfac to 1
2025-07-02 17:56:10,321 - INFO - pixdim[0] (qfac) should be 1 (default) or -1; setting qfac to 1
pixdim[0] (qfac) should be 1 (default) or -1; setting qfac to 1
2025-07-02 17:56:10,491 - INFO - pixdim[0] (qfac) should be 1 (default) or -1; setting qfac to 1
pixdim[0] (qfac) should be 1 (default) or -1; setting qfac to 1
2025-07-02 17:56:11,515 - INFO - pixdim[0] (qfac) should be 1 (default) or -1; setting qfac to 1
pixdim[0] (qfac) should be 1 (default) or -1; setting qfac to 1
2025-07-02 17:56:12,464 - INFO - pixdim[0] (qfac) should be 1 (default) or -1; setting qfac to 1
pixdim[0] (qfac) should be 1 (default) or -1; setting qfac to 1
2025-07-02 17:56:13,391 - INFO - pixdim[0] (qfac) should be 1 (default) or -1; setting qfac to 1
pixdim[0] (qfac) should be 1 (default) or -1; setting qfac to 1
2025-07-02 17:56:14,294 - INFO - pixdim[0] (qfac) should be 1 (default) or -1; setting qfac to 1
pixdim[0] (qfac) should be 1 (default) or -1; setting qfac to 1
2025-07-02 17:56:15,333 - INFO - pixdim[0] (qfac) should be 1 (default) or -1; setting qfac to 1
pixdim[0] (qfac) should be 1 (default) or -1; setting qfac to 1
2025-07-02 17:56:16,183 - INFO - pixdim[0] (qfac) should be 1 (default) or -1; setting qfac to 1
pixdim[0] (qfac) should be 1 (default) or -1; setting qfac to 1
2025-07-02 17:56:17,128 - INFO - pixdim[0] (qfac) should be 1 (default) or -1; setting qfac to 1
pixdim[0] (qfac) should be 1 (default) or -1; setting qfac to 1
2025-07-02 17:56:18,011 - INFO - pixdim[0] (qfac) should be 1 (default) or -1; setting qfac to 1
pixdim[0] (qfac) should be 1 (default) or -1; setting qfac to 1
2025-07-02 17:56:19,085 - INFO - pixdim[0] (qfac) should be 1 (default) or -1; setting qfac to 1
pixdim[0] (qfac) should be 1 (default) or -1; setting qfac to 1
2025-07-02 17:56:19,992 - INFO - pixdim[0] (qfac) should be 1 (default) or -1; setting qfac to 1
pixdim[0] (qfac) should be 1 (default) or -1; setting qfac to 1
2025-07-02 17:56:20,946 - INFO - pixdim[0] (qfac) should be 1 (default) or -1; setting qfac to 1
pixdim[0] (qfac) should be 1 (default) or -1; setting qfac to 1
2025-07-02 17:56:21,971 - INFO - pixdim[0] (qfac) should be 1 (default) or -1; setting qfac to 1
pixdim[0] (qfac) should be 1 (default) or -1; setting qfac to 1
2025-07-02 17:56:23,022 - INFO - pixdim[0] (qfac) should be 1 (default) or -1; setting qfac to 1
pixdim[0] (qfac) should be 1 (default) or -1; setting qfac to 1
2025-07-02 17:56:23,757 - INFO - pixdim[0] (qfac) should be 1 (default) or -1; setting qfac to 1
pixdim[0] (qfac) should be 1 (default) or -1; setting qfac to 1
2025-07-02 17:56:23,983 - INFO - pixdim[0] (qfac) should be 1 (default) or -1; setting qfac to 1
pixdim[0] (qfac) should be 1 (default) or -1; setting qfac to 1
2025-07-02 17:56:24,903 - INFO - pixdim[0] (qfac) should be 1 (default) or -1; setting qfac to 1
pixdim[0] (qfac) should be 1 (default) or -1; setting qfac to 1
2025-07-02 17:56:25,834 - INFO - pixdim[0] (qfac) should be 1 (default) or -1; setting qfac to 1
pixdim[0] (qfac) should be 1 (default) or -1; setting qfac to 1
2025-07-02 17:56:26,714 - INFO - pixdim[0] (qfac) should be 1 (default) or -1; setting qfac to 1
pixdim[0] (qfac) should be 1 (default) or -1; setting qfac to 1
2025-07-02 17:56:26,925 - INFO - pixdim[0] (qfac) should be 1 (default) or -1; setting qfac to 1
pixdim[0] (qfac) should be 1 (default) or -1; setting qfac to 1
2025-07-02 17:56:27,870 - INFO - pixdim[0] (qfac) should be 1 (default) or -1; setting qfac to 1
pixdim[0] (qfac) should be 1 (default) or -1; setting qfac to 1
2025-07-02 17:56:28,798 - INFO - pixdim[0] (qfac) should be 1 (default) or -1; setting qfac to 1
pixdim[0] (qfac) should be 1 (default) or -1; setting qfac to 1
2025-07-02 17:56:29,731 - INFO - pixdim[0] (qfac) should be 1 (default) or -1; setting qfac to 1
pixdim[0] (qfac) should be 1 (default) or -1; setting qfac to 1
2025-07-02 17:56:30,799 - INFO - pixdim[0] (qfac) should be 1 (default) or -1; setting qfac to 1
pixdim[0] (qfac) should be 1 (default) or -1; setting qfac to 1
2025-07-02 17:56:31,726 - INFO - pixdim[0] (qfac) should be 1 (default) or -1; setting qfac to 1
pixdim[0] (qfac) should be 1 (default) or -1; setting qfac to 1
2025-07-02 17:56:32,666 - INFO - pixdim[0] (qfac) should be 1 (default) or -1; setting qfac to 1
pixdim[0] (qfac) should be 1 (default) or -1; setting qfac to 1
2025-07-02 17:56:33,635 - INFO - pixdim[0] (qfac) should be 1 (default) or -1; setting qfac to 1
pixdim[0] (qfac) should be 1 (default) or -1; setting qfac to 1
2025-07-02 17:56:34,688 - INFO - pixdim[0] (qfac) should be 1 (default) or -1; setting qfac to 1
pixdim[0] (qfac) should be 1 (default) or -1; setting qfac to 1
2025-07-02 17:56:35,626 - INFO - pixdim[0] (qfac) should be 1 (default) or -1; setting qfac to 1
pixdim[0] (qfac) should be 1 (default) or -1; setting qfac to 1
2025-07-02 17:56:36,623 - INFO - pixdim[0] (qfac) should be 1 (default) or -1; setting qfac to 1
pixdim[0] (qfac) should be 1 (default) or -1; setting qfac to 1
2025-07-02 17:56:37,556 - INFO - pixdim[0] (qfac) should be 1 (default) or -1; setting qfac to 1
pixdim[0] (qfac) should be 1 (default) or -1; setting qfac to 1
2025-07-02 17:56:38,601 - INFO - pixdim[0] (qfac) should be 1 (default) or -1; setting qfac to 1
pixdim[0] (qfac) should be 1 (default) or -1; setting qfac to 1
2025-07-02 17:56:39,491 - INFO - pixdim[0] (qfac) should be 1 (default) or -1; setting qfac to 1
pixdim[0] (qfac) should be 1 (default) or -1; setting qfac to 1
2025-07-02 17:56:40,212 - INFO - pixdim[0] (qfac) should be 1 (default) or -1; setting qfac to 1
pixdim[0] (qfac) should be 1 (default) or -1; setting qfac to 1
2025-07-02 17:56:40,432 - INFO - pixdim[0] (qfac) should be 1 (default) or -1; setting qfac to 1
pixdim[0] (qfac) should be 1 (default) or -1; setting qfac to 1
2025-07-02 17:56:41,382 - INFO - pixdim[0] (qfac) should be 1 (default) or -1; setting qfac to 1
pixdim[0] (qfac) should be 1 (default) or -1; setting qfac to 1
2025-07-02 17:56:42,400 - INFO - pixdim[0] (qfac) should be 1 (default) or -1; setting qfac to 1
pixdim[0] (qfac) should be 1 (default) or -1; setting qfac to 1
2025-07-02 17:56:43,358 - INFO - pixdim[0] (qfac) should be 1 (default) or -1; setting qfac to 1
pixdim[0] (qfac) should be 1 (default) or -1; setting qfac to 1
2025-07-02 17:56:44,282 - INFO - pixdim[0] (qfac) should be 1 (default) or -1; setting qfac to 1
pixdim[0] (qfac) should be 1 (default) or -1; setting qfac to 1
2025-07-02 17:56:45,266 - INFO - pixdim[0] (qfac) should be 1 (default) or -1; setting qfac to 1
pixdim[0] (qfac) should be 1 (default) or -1; setting qfac to 1
2025-07-02 17:56:46,339 - INFO - pixdim[0] (qfac) should be 1 (default) or -1; setting qfac to 1
pixdim[0] (qfac) should be 1 (default) or -1; setting qfac to 1
2025-07-02 17:56:47,195 - INFO - pixdim[0] (qfac) should be 1 (default) or -1; setting qfac to 1
pixdim[0] (qfac) should be 1 (default) or -1; setting qfac to 1
2025-07-02 17:56:48,077 - INFO - pixdim[0] (qfac) should be 1 (default) or -1; setting qfac to 1
pixdim[0] (qfac) should be 1 (default) or -1; setting qfac to 1
2025-07-02 17:56:48,912 - INFO - pixdim[0] (qfac) should be 1 (default) or -1; setting qfac to 1
pixdim[0] (qfac) should be 1 (default) or -1; setting qfac to 1
2025-07-02 17:56:49,910 - INFO - pixdim[0] (qfac) should be 1 (default) or -1; setting qfac to 1
pixdim[0] (qfac) should be 1 (default) or -1; setting qfac to 1
2025-07-02 17:56:50,850 - INFO - pixdim[0] (qfac) should be 1 (default) or -1; setting qfac to 1
pixdim[0] (qfac) should be 1 (default) or -1; setting qfac to 1
2025-07-02 17:56:51,773 - INFO - pixdim[0] (qfac) should be 1 (default) or -1; setting qfac to 1
pixdim[0] (qfac) should be 1 (default) or -1; setting qfac to 1
2025-07-02 17:56:52,723 - INFO - pixdim[0] (qfac) should be 1 (default) or -1; setting qfac to 1
pixdim[0] (qfac) should be 1 (default) or -1; setting qfac to 1
2025-07-02 17:56:53,775 - INFO - pixdim[0] (qfac) should be 1 (default) or -1; setting qfac to 1
pixdim[0] (qfac) should be 1 (default) or -1; setting qfac to 1
2025-07-02 17:56:54,700 - INFO - pixdim[0] (qfac) should be 1 (default) or -1; setting qfac to 1
pixdim[0] (qfac) should be 1 (default) or -1; setting qfac to 1
2025-07-02 17:56:55,604 - INFO - pixdim[0] (qfac) should be 1 (default) or -1; setting qfac to 1
pixdim[0] (qfac) should be 1 (default) or -1; setting qfac to 1
2025-07-02 17:56:56,549 - INFO - pixdim[0] (qfac) should be 1 (default) or -1; setting qfac to 1
pixdim[0] (qfac) should be 1 (default) or -1; setting qfac to 1
2025-07-02 17:56:57,557 - INFO - pixdim[0] (qfac) should be 1 (default) or -1; setting qfac to 1
pixdim[0] (qfac) should be 1 (default) or -1; setting qfac to 1
2025-07-02 17:56:58,564 - INFO - pixdim[0] (qfac) should be 1 (default) or -1; setting qfac to 1
pixdim[0] (qfac) should be 1 (default) or -1; setting qfac to 1
2025-07-02 17:56:59,480 - INFO - pixdim[0] (qfac) should be 1 (default) or -1; setting qfac to 1
pixdim[0] (qfac) should be 1 (default) or -1; setting qfac to 1
2025-07-02 17:57:00,385 - INFO - pixdim[0] (qfac) should be 1 (default) or -1; setting qfac to 1
pixdim[0] (qfac) should be 1 (default) or -1; setting qfac to 1
2025-07-02 17:57:01,414 - INFO - pixdim[0] (qfac) should be 1 (default) or -1; setting qfac to 1
pixdim[0] (qfac) should be 1 (default) or -1; setting qfac to 1
2025-07-02 17:57:02,268 - INFO - pixdim[0] (qfac) should be 1 (default) or -1; setting qfac to 1
pixdim[0] (qfac) should be 1 (default) or -1; setting qfac to 1
2025-07-02 17:57:03,178 - INFO - pixdim[0] (qfac) should be 1 (default) or -1; setting qfac to 1
pixdim[0] (qfac) should be 1 (default) or -1; setting qfac to 1
2025-07-02 17:57:04,082 - INFO - pixdim[0] (qfac) should be 1 (default) or -1; setting qfac to 1
pixdim[0] (qfac) should be 1 (default) or -1; setting qfac to 1
2025-07-02 17:57:05,113 - INFO - pixdim[0] (qfac) should be 1 (default) or -1; setting qfac to 1
pixdim[0] (qfac) should be 1 (default) or -1; setting qfac to 1
2025-07-02 17:57:06,101 - INFO - pixdim[0] (qfac) should be 1 (default) or -1; setting qfac to 1
pixdim[0] (qfac) should be 1 (default) or -1; setting qfac to 1
2025-07-02 17:57:06,998 - INFO - pixdim[0] (qfac) should be 1 (default) or -1; setting qfac to 1
pixdim[0] (qfac) should be 1 (default) or -1; setting qfac to 1
2025-07-02 17:57:07,915 - INFO - pixdim[0] (qfac) should be 1 (default) or -1; setting qfac to 1
pixdim[0] (qfac) should be 1 (default) or -1; setting qfac to 1
2025-07-02 17:57:08,924 - INFO - pixdim[0] (qfac) should be 1 (default) or -1; setting qfac to 1
pixdim[0] (qfac) should be 1 (default) or -1; setting qfac to 1
2025-07-02 17:57:09,849 - INFO - pixdim[0] (qfac) should be 1 (default) or -1; setting qfac to 1
pixdim[0] (qfac) should be 1 (default) or -1; setting qfac to 1
2025-07-02 17:57:10,745 - INFO - pixdim[0] (qfac) should be 1 (default) or -1; setting qfac to 1
pixdim[0] (qfac) should be 1 (default) or -1; setting qfac to 1
2025-07-02 17:57:11,679 - INFO - pixdim[0] (qfac) should be 1 (default) or -1; setting qfac to 1
pixdim[0] (qfac) should be 1 (default) or -1; setting qfac to 1
2025-07-02 17:57:12,723 - INFO - pixdim[0] (qfac) should be 1 (default) or -1; setting qfac to 1
pixdim[0] (qfac) should be 1 (default) or -1; setting qfac to 1
2025-07-02 17:57:13,667 - INFO - pixdim[0] (qfac) should be 1 (default) or -1; setting qfac to 1
pixdim[0] (qfac) should be 1 (default) or -1; setting qfac to 1
2025-07-02 17:57:14,608 - INFO - pixdim[0] (qfac) should be 1 (default) or -1; setting qfac to 1
pixdim[0] (qfac) should be 1 (default) or -1; setting qfac to 1
2025-07-02 17:57:15,550 - INFO - pixdim[0] (qfac) should be 1 (default) or -1; setting qfac to 1
pixdim[0] (qfac) should be 1 (default) or -1; setting qfac to 1
2025-07-02 17:57:16,610 - INFO - pixdim[0] (qfac) should be 1 (default) or -1; setting qfac to 1
pixdim[0] (qfac) should be 1 (default) or -1; setting qfac to 1
2025-07-02 17:57:17,355 - INFO - pixdim[0] (qfac) should be 1 (default) or -1; setting qfac to 1
pixdim[0] (qfac) should be 1 (default) or -1; setting qfac to 1
2025-07-02 17:57:17,569 - INFO - pixdim[0] (qfac) should be 1 (default) or -1; setting qfac to 1
pixdim[0] (qfac) should be 1 (default) or -1; setting qfac to 1
2025-07-02 17:57:18,445 - INFO - pixdim[0] (qfac) should be 1 (default) or -1; setting qfac to 1
pixdim[0] (qfac) should be 1 (default) or -1; setting qfac to 1
2025-07-02 17:57:19,359 - INFO - pixdim[0] (qfac) should be 1 (default) or -1; setting qfac to 1
pixdim[0] (qfac) should be 1 (default) or -1; setting qfac to 1
2025-07-02 17:57:20,418 - INFO - pixdim[0] (qfac) should be 1 (default) or -1; setting qfac to 1
pixdim[0] (qfac) should be 1 (default) or -1; setting qfac to 1
2025-07-02 17:57:21,384 - INFO - pixdim[0] (qfac) should be 1 (default) or -1; setting qfac to 1
pixdim[0] (qfac) should be 1 (default) or -1; setting qfac to 1
2025-07-02 17:57:22,290 - INFO - pixdim[0] (qfac) should be 1 (default) or -1; setting qfac to 1
pixdim[0] (qfac) should be 1 (default) or -1; setting qfac to 1
2025-07-02 17:57:23,199 - INFO - pixdim[0] (qfac) should be 1 (default) or -1; setting qfac to 1
pixdim[0] (qfac) should be 1 (default) or -1; setting qfac to 1
2025-07-02 17:57:24,210 - INFO - pixdim[0] (qfac) should be 1 (default) or -1; setting qfac to 1
pixdim[0] (qfac) should be 1 (default) or -1; setting qfac to 1
2025-07-02 17:57:25,143 - INFO - pixdim[0] (qfac) should be 1 (default) or -1; setting qfac to 1
pixdim[0] (qfac) should be 1 (default) or -1; setting qfac to 1
2025-07-02 17:57:26,080 - INFO - pixdim[0] (qfac) should be 1 (default) or -1; setting qfac to 1
pixdim[0] (qfac) should be 1 (default) or -1; setting qfac to 1
2025-07-02 17:57:27,044 - INFO - pixdim[0] (qfac) should be 1 (default) or -1; setting qfac to 1
pixdim[0] (qfac) should be 1 (default) or -1; setting qfac to 1
2025-07-02 17:57:28,097 - INFO - pixdim[0] (qfac) should be 1 (default) or -1; setting qfac to 1
pixdim[0] (qfac) should be 1 (default) or -1; setting qfac to 1
2025-07-02 17:57:29,076 - INFO - pixdim[0] (qfac) should be 1 (default) or -1; setting qfac to 1
pixdim[0] (qfac) should be 1 (default) or -1; setting qfac to 1
2025-07-02 17:57:29,939 - INFO - pixdim[0] (qfac) should be 1 (default) or -1; setting qfac to 1
pixdim[0] (qfac) should be 1 (default) or -1; setting qfac to 1
2025-07-02 17:57:30,821 - INFO - pixdim[0] (qfac) should be 1 (default) or -1; setting qfac to 1
pixdim[0] (qfac) should be 1 (default) or -1; setting qfac to 1
2025-07-02 17:57:31,791 - INFO - pixdim[0] (qfac) should be 1 (default) or -1; setting qfac to 1
pixdim[0] (qfac) should be 1 (default) or -1; setting qfac to 1
2025-07-02 17:57:32,696 - INFO - pixdim[0] (qfac) should be 1 (default) or -1; setting qfac to 1
pixdim[0] (qfac) should be 1 (default) or -1; setting qfac to 1
2025-07-02 17:57:33,659 - INFO - pixdim[0] (qfac) should be 1 (default) or -1; setting qfac to 1
pixdim[0] (qfac) should be 1 (default) or -1; setting qfac to 1
2025-07-02 17:57:34,568 - INFO - pixdim[0] (qfac) should be 1 (default) or -1; setting qfac to 1
pixdim[0] (qfac) should be 1 (default) or -1; setting qfac to 1
2025-07-02 17:57:35,587 - INFO - pixdim[0] (qfac) should be 1 (default) or -1; setting qfac to 1
pixdim[0] (qfac) should be 1 (default) or -1; setting qfac to 1
2025-07-02 17:57:36,542 - INFO - pixdim[0] (qfac) should be 1 (default) or -1; setting qfac to 1
pixdim[0] (qfac) should be 1 (default) or -1; setting qfac to 1
2025-07-02 17:57:37,366 - INFO - pixdim[0] (qfac) should be 1 (default) or -1; setting qfac to 1
pixdim[0] (qfac) should be 1 (default) or -1; setting qfac to 1
2025-07-02 17:57:38,257 - INFO - pixdim[0] (qfac) should be 1 (default) or -1; setting qfac to 1
pixdim[0] (qfac) should be 1 (default) or -1; setting qfac to 1
2025-07-02 17:57:39,278 - INFO - pixdim[0] (qfac) should be 1 (default) or -1; setting qfac to 1
pixdim[0] (qfac) should be 1 (default) or -1; setting qfac to 1
2025-07-02 17:57:40,185 - INFO - pixdim[0] (qfac) should be 1 (default) or -1; setting qfac to 1
pixdim[0] (qfac) should be 1 (default) or -1; setting qfac to 1
2025-07-02 17:57:41,071 - INFO - pixdim[0] (qfac) should be 1 (default) or -1; setting qfac to 1
pixdim[0] (qfac) should be 1 (default) or -1; setting qfac to 1
2025-07-02 17:57:41,968 - INFO - pixdim[0] (qfac) should be 1 (default) or -1; setting qfac to 1
pixdim[0] (qfac) should be 1 (default) or -1; setting qfac to 1
2025-07-02 17:57:43,010 - INFO - pixdim[0] (qfac) should be 1 (default) or -1; setting qfac to 1
pixdim[0] (qfac) should be 1 (default) or -1; setting qfac to 1
2025-07-02 17:57:43,955 - INFO - pixdim[0] (qfac) should be 1 (default) or -1; setting qfac to 1
pixdim[0] (qfac) should be 1 (default) or -1; setting qfac to 1
2025-07-02 17:57:44,852 - INFO - pixdim[0] (qfac) should be 1 (default) or -1; setting qfac to 1
pixdim[0] (qfac) should be 1 (default) or -1; setting qfac to 1
2025-07-02 17:57:45,784 - INFO - pixdim[0] (qfac) should be 1 (default) or -1; setting qfac to 1
pixdim[0] (qfac) should be 1 (default) or -1; setting qfac to 1
2025-07-02 17:57:46,838 - INFO - pixdim[0] (qfac) should be 1 (default) or -1; setting qfac to 1
pixdim[0] (qfac) should be 1 (default) or -1; setting qfac to 1
2025-07-02 17:57:47,767 - INFO - pixdim[0] (qfac) should be 1 (default) or -1; setting qfac to 1
pixdim[0] (qfac) should be 1 (default) or -1; setting qfac to 1
2025-07-02 17:57:48,662 - INFO - pixdim[0] (qfac) should be 1 (default) or -1; setting qfac to 1
pixdim[0] (qfac) should be 1 (default) or -1; setting qfac to 1
2025-07-02 17:57:49,559 - INFO - pixdim[0] (qfac) should be 1 (default) or -1; setting qfac to 1
pixdim[0] (qfac) should be 1 (default) or -1; setting qfac to 1
2025-07-02 17:57:50,563 - INFO - pixdim[0] (qfac) should be 1 (default) or -1; setting qfac to 1
pixdim[0] (qfac) should be 1 (default) or -1; setting qfac to 1
2025-07-02 17:57:51,494 - INFO - pixdim[0] (qfac) should be 1 (default) or -1; setting qfac to 1
pixdim[0] (qfac) should be 1 (default) or -1; setting qfac to 1
2025-07-02 17:57:52,402 - INFO - pixdim[0] (qfac) should be 1 (default) or -1; setting qfac to 1
pixdim[0] (qfac) should be 1 (default) or -1; setting qfac to 1
2025-07-02 17:57:53,274 - INFO - pixdim[0] (qfac) should be 1 (default) or -1; setting qfac to 1
pixdim[0] (qfac) should be 1 (default) or -1; setting qfac to 1
2025-07-02 17:57:54,288 - INFO - pixdim[0] (qfac) should be 1 (default) or -1; setting qfac to 1
pixdim[0] (qfac) should be 1 (default) or -1; setting qfac to 1
2025-07-02 17:57:55,230 - INFO - pixdim[0] (qfac) should be 1 (default) or -1; setting qfac to 1
pixdim[0] (qfac) should be 1 (default) or -1; setting qfac to 1
2025-07-02 17:57:56,108 - INFO - pixdim[0] (qfac) should be 1 (default) or -1; setting qfac to 1
pixdim[0] (qfac) should be 1 (default) or -1; setting qfac to 1
2025-07-02 17:57:57,001 - INFO - pixdim[0] (qfac) should be 1 (default) or -1; setting qfac to 1
pixdim[0] (qfac) should be 1 (default) or -1; setting qfac to 1
2025-07-02 17:57:57,932 - INFO - pixdim[0] (qfac) should be 1 (default) or -1; setting qfac to 1
pixdim[0] (qfac) should be 1 (default) or -1; setting qfac to 1
2025-07-02 17:57:58,694 - INFO - pixdim[0] (qfac) should be 1 (default) or -1; setting qfac to 1
pixdim[0] (qfac) should be 1 (default) or -1; setting qfac to 1
2025-07-02 17:57:58,927 - INFO - pixdim[0] (qfac) should be 1 (default) or -1; setting qfac to 1
pixdim[0] (qfac) should be 1 (default) or -1; setting qfac to 1
2025-07-02 17:57:59,858 - INFO - pixdim[0] (qfac) should be 1 (default) or -1; setting qfac to 1
pixdim[0] (qfac) should be 1 (default) or -1; setting qfac to 1
2025-07-02 17:58:00,845 - INFO - pixdim[0] (qfac) should be 1 (default) or -1; setting qfac to 1
pixdim[0] (qfac) should be 1 (default) or -1; setting qfac to 1
2025-07-02 17:58:01,906 - INFO - pixdim[0] (qfac) should be 1 (default) or -1; setting qfac to 1
pixdim[0] (qfac) should be 1 (default) or -1; setting qfac to 1
2025-07-02 17:58:02,829 - INFO - pixdim[0] (qfac) should be 1 (default) or -1; setting qfac to 1
pixdim[0] (qfac) should be 1 (default) or -1; setting qfac to 1
2025-07-02 17:58:03,722 - INFO - pixdim[0] (qfac) should be 1 (default) or -1; setting qfac to 1
pixdim[0] (qfac) should be 1 (default) or -1; setting qfac to 1
2025-07-02 17:58:04,635 - INFO - pixdim[0] (qfac) should be 1 (default) or -1; setting qfac to 1
pixdim[0] (qfac) should be 1 (default) or -1; setting qfac to 1
2025-07-02 17:58:05,675 - INFO - pixdim[0] (qfac) should be 1 (default) or -1; setting qfac to 1
pixdim[0] (qfac) should be 1 (default) or -1; setting qfac to 1
2025-07-02 17:58:06,601 - INFO - pixdim[0] (qfac) should be 1 (default) or -1; setting qfac to 1
pixdim[0] (qfac) should be 1 (default) or -1; setting qfac to 1
2025-07-02 17:58:07,490 - INFO - pixdim[0] (qfac) should be 1 (default) or -1; setting qfac to 1
pixdim[0] (qfac) should be 1 (default) or -1; setting qfac to 1
2025-07-02 17:58:08,431 - INFO - pixdim[0] (qfac) should be 1 (default) or -1; setting qfac to 1
pixdim[0] (qfac) should be 1 (default) or -1; setting qfac to 1
2025-07-02 17:58:09,498 - INFO - pixdim[0] (qfac) should be 1 (default) or -1; setting qfac to 1
pixdim[0] (qfac) should be 1 (default) or -1; setting qfac to 1
2025-07-02 17:58:10,374 - INFO - pixdim[0] (qfac) should be 1 (default) or -1; setting qfac to 1
pixdim[0] (qfac) should be 1 (default) or -1; setting qfac to 1
2025-07-02 17:58:11,291 - INFO - pixdim[0] (qfac) should be 1 (default) or -1; setting qfac to 1
pixdim[0] (qfac) should be 1 (default) or -1; setting qfac to 1
2025-07-02 17:58:12,168 - INFO - pixdim[0] (qfac) should be 1 (default) or -1; setting qfac to 1
pixdim[0] (qfac) should be 1 (default) or -1; setting qfac to 1
2025-07-02 17:58:13,190 - INFO - pixdim[0] (qfac) should be 1 (default) or -1; setting qfac to 1
pixdim[0] (qfac) should be 1 (default) or -1; setting qfac to 1
2025-07-02 17:58:14,130 - INFO - pixdim[0] (qfac) should be 1 (default) or -1; setting qfac to 1
pixdim[0] (qfac) should be 1 (default) or -1; setting qfac to 1
2025-07-02 17:58:15,032 - INFO - pixdim[0] (qfac) should be 1 (default) or -1; setting qfac to 1
pixdim[0] (qfac) should be 1 (default) or -1; setting qfac to 1
2025-07-02 17:58:15,980 - INFO - pixdim[0] (qfac) should be 1 (default) or -1; setting qfac to 1
pixdim[0] (qfac) should be 1 (default) or -1; setting qfac to 1
2025-07-02 17:58:17,000 - INFO - pixdim[0] (qfac) should be 1 (default) or -1; setting qfac to 1
pixdim[0] (qfac) should be 1 (default) or -1; setting qfac to 1
2025-07-02 17:58:17,953 - INFO - pixdim[0] (qfac) should be 1 (default) or -1; setting qfac to 1
pixdim[0] (qfac) should be 1 (default) or -1; setting qfac to 1
2025-07-02 17:58:18,898 - INFO - pixdim[0] (qfac) should be 1 (default) or -1; setting qfac to 1
pixdim[0] (qfac) should be 1 (default) or -1; setting qfac to 1
2025-07-02 17:58:19,806 - INFO - pixdim[0] (qfac) should be 1 (default) or -1; setting qfac to 1
pixdim[0] (qfac) should be 1 (default) or -1; setting qfac to 1
2025-07-02 17:58:20,875 - INFO - pixdim[0] (qfac) should be 1 (default) or -1; setting qfac to 1
pixdim[0] (qfac) should be 1 (default) or -1; setting qfac to 1
2025-07-02 17:58:21,765 - INFO - pixdim[0] (qfac) should be 1 (default) or -1; setting qfac to 1
pixdim[0] (qfac) should be 1 (default) or -1; setting qfac to 1
2025-07-02 17:58:22,643 - INFO - pixdim[0] (qfac) should be 1 (default) or -1; setting qfac to 1
pixdim[0] (qfac) should be 1 (default) or -1; setting qfac to 1
2025-07-02 17:58:23,558 - INFO - pixdim[0] (qfac) should be 1 (default) or -1; setting qfac to 1
pixdim[0] (qfac) should be 1 (default) or -1; setting qfac to 1
2025-07-02 17:58:24,622 - INFO - pixdim[0] (qfac) should be 1 (default) or -1; setting qfac to 1
pixdim[0] (qfac) should be 1 (default) or -1; setting qfac to 1
2025-07-02 17:58:25,591 - INFO - pixdim[0] (qfac) should be 1 (default) or -1; setting qfac to 1
pixdim[0] (qfac) should be 1 (default) or -1; setting qfac to 1
2025-07-02 17:58:26,495 - INFO - pixdim[0] (qfac) should be 1 (default) or -1; setting qfac to 1
pixdim[0] (qfac) should be 1 (default) or -1; setting qfac to 1
2025-07-02 17:58:27,297 - INFO - pixdim[0] (qfac) should be 1 (default) or -1; setting qfac to 1
pixdim[0] (qfac) should be 1 (default) or -1; setting qfac to 1
2025-07-02 17:58:28,360 - INFO - pixdim[0] (qfac) should be 1 (default) or -1; setting qfac to 1
pixdim[0] (qfac) should be 1 (default) or -1; setting qfac to 1
2025-07-02 17:58:29,275 - INFO - pixdim[0] (qfac) should be 1 (default) or -1; setting qfac to 1
pixdim[0] (qfac) should be 1 (default) or -1; setting qfac to 1
2025-07-02 17:58:30,232 - INFO - pixdim[0] (qfac) should be 1 (default) or -1; setting qfac to 1
pixdim[0] (qfac) should be 1 (default) or -1; setting qfac to 1
2025-07-02 17:58:31,150 - INFO - pixdim[0] (qfac) should be 1 (default) or -1; setting qfac to 1
pixdim[0] (qfac) should be 1 (default) or -1; setting qfac to 1
2025-07-02 17:58:32,163 - INFO - pixdim[0] (qfac) should be 1 (default) or -1; setting qfac to 1
pixdim[0] (qfac) should be 1 (default) or -1; setting qfac to 1
2025-07-02 17:58:33,047 - INFO - pixdim[0] (qfac) should be 1 (default) or -1; setting qfac to 1
pixdim[0] (qfac) should be 1 (default) or -1; setting qfac to 1
2025-07-02 17:58:33,949 - INFO - pixdim[0] (qfac) should be 1 (default) or -1; setting qfac to 1
pixdim[0] (qfac) should be 1 (default) or -1; setting qfac to 1
2025-07-02 17:58:34,892 - INFO - pixdim[0] (qfac) should be 1 (default) or -1; setting qfac to 1
pixdim[0] (qfac) should be 1 (default) or -1; setting qfac to 1
2025-07-02 17:58:35,936 - INFO - pixdim[0] (qfac) should be 1 (default) or -1; setting qfac to 1
pixdim[0] (qfac) should be 1 (default) or -1; setting qfac to 1
2025-07-02 17:58:36,841 - INFO - pixdim[0] (qfac) should be 1 (default) or -1; setting qfac to 1
pixdim[0] (qfac) should be 1 (default) or -1; setting qfac to 1
2025-07-02 17:58:37,820 - INFO - pixdim[0] (qfac) should be 1 (default) or -1; setting qfac to 1
pixdim[0] (qfac) should be 1 (default) or -1; setting qfac to 1
2025-07-02 17:58:38,752 - INFO - pixdim[0] (qfac) should be 1 (default) or -1; setting qfac to 1
pixdim[0] (qfac) should be 1 (default) or -1; setting qfac to 1
2025-07-02 17:58:39,785 - INFO - pixdim[0] (qfac) should be 1 (default) or -1; setting qfac to 1
pixdim[0] (qfac) should be 1 (default) or -1; setting qfac to 1
2025-07-02 17:58:40,751 - INFO - pixdim[0] (qfac) should be 1 (default) or -1; setting qfac to 1
pixdim[0] (qfac) should be 1 (default) or -1; setting qfac to 1
2025-07-02 17:58:41,653 - INFO - pixdim[0] (qfac) should be 1 (default) or -1; setting qfac to 1
pixdim[0] (qfac) should be 1 (default) or -1; setting qfac to 1
2025-07-02 17:58:42,567 - INFO - pixdim[0] (qfac) should be 1 (default) or -1; setting qfac to 1
pixdim[0] (qfac) should be 1 (default) or -1; setting qfac to 1
2025-07-02 17:58:43,636 - INFO - pixdim[0] (qfac) should be 1 (default) or -1; setting qfac to 1
pixdim[0] (qfac) should be 1 (default) or -1; setting qfac to 1
2025-07-02 17:58:44,592 - INFO - pixdim[0] (qfac) should be 1 (default) or -1; setting qfac to 1
pixdim[0] (qfac) should be 1 (default) or -1; setting qfac to 1
2025-07-02 17:58:45,517 - INFO - pixdim[0] (qfac) should be 1 (default) or -1; setting qfac to 1
pixdim[0] (qfac) should be 1 (default) or -1; setting qfac to 1
2025-07-02 17:58:46,324 - INFO - pixdim[0] (qfac) should be 1 (default) or -1; setting qfac to 1
pixdim[0] (qfac) should be 1 (default) or -1; setting qfac to 1
2025-07-02 17:58:47,378 - INFO - pixdim[0] (qfac) should be 1 (default) or -1; setting qfac to 1
pixdim[0] (qfac) should be 1 (default) or -1; setting qfac to 1
2025-07-02 17:58:48,312 - INFO - pixdim[0] (qfac) should be 1 (default) or -1; setting qfac to 1
pixdim[0] (qfac) should be 1 (default) or -1; setting qfac to 1
2025-07-02 17:58:49,265 - INFO - pixdim[0] (qfac) should be 1 (default) or -1; setting qfac to 1
pixdim[0] (qfac) should be 1 (default) or -1; setting qfac to 1
2025-07-02 17:58:50,212 - INFO - pixdim[0] (qfac) should be 1 (default) or -1; setting qfac to 1
pixdim[0] (qfac) should be 1 (default) or -1; setting qfac to 1
2025-07-02 17:58:51,237 - INFO - pixdim[0] (qfac) should be 1 (default) or -1; setting qfac to 1
pixdim[0] (qfac) should be 1 (default) or -1; setting qfac to 1
2025-07-02 17:58:52,210 - INFO - pixdim[0] (qfac) should be 1 (default) or -1; setting qfac to 1
pixdim[0] (qfac) should be 1 (default) or -1; setting qfac to 1
2025-07-02 17:58:53,172 - INFO - pixdim[0] (qfac) should be 1 (default) or -1; setting qfac to 1
pixdim[0] (qfac) should be 1 (default) or -1; setting qfac to 1
2025-07-02 17:58:54,005 - INFO - pixdim[0] (qfac) should be 1 (default) or -1; setting qfac to 1
pixdim[0] (qfac) should be 1 (default) or -1; setting qfac to 1
2025-07-02 17:58:55,131 - INFO - pixdim[0] (qfac) should be 1 (default) or -1; setting qfac to 1
pixdim[0] (qfac) should be 1 (default) or -1; setting qfac to 1
2025-07-02 17:58:56,070 - INFO - pixdim[0] (qfac) should be 1 (default) or -1; setting qfac to 1
pixdim[0] (qfac) should be 1 (default) or -1; setting qfac to 1
2025-07-02 17:58:56,980 - INFO - pixdim[0] (qfac) should be 1 (default) or -1; setting qfac to 1
pixdim[0] (qfac) should be 1 (default) or -1; setting qfac to 1
2025-07-02 17:58:57,855 - INFO - pixdim[0] (qfac) should be 1 (default) or -1; setting qfac to 1
pixdim[0] (qfac) should be 1 (default) or -1; setting qfac to 1
2025-07-02 17:58:58,951 - INFO - pixdim[0] (qfac) should be 1 (default) or -1; setting qfac to 1
pixdim[0] (qfac) should be 1 (default) or -1; setting qfac to 1
2025-07-02 17:58:59,884 - INFO - pixdim[0] (qfac) should be 1 (default) or -1; setting qfac to 1
pixdim[0] (qfac) should be 1 (default) or -1; setting qfac to 1
2025-07-02 17:59:00,815 - INFO - pixdim[0] (qfac) should be 1 (default) or -1; setting qfac to 1
pixdim[0] (qfac) should be 1 (default) or -1; setting qfac to 1
2025-07-02 17:59:01,570 - INFO - pixdim[0] (qfac) should be 1 (default) or -1; setting qfac to 1
pixdim[0] (qfac) should be 1 (default) or -1; setting qfac to 1
2025-07-02 17:59:01,785 - INFO - pixdim[0] (qfac) should be 1 (default) or -1; setting qfac to 1
pixdim[0] (qfac) should be 1 (default) or -1; setting qfac to 1
2025-07-02 17:59:02,819 - INFO - pixdim[0] (qfac) should be 1 (default) or -1; setting qfac to 1
pixdim[0] (qfac) should be 1 (default) or -1; setting qfac to 1
2025-07-02 17:59:03,743 - INFO - pixdim[0] (qfac) should be 1 (default) or -1; setting qfac to 1
pixdim[0] (qfac) should be 1 (default) or -1; setting qfac to 1
2025-07-02 17:59:04,717 - INFO - pixdim[0] (qfac) should be 1 (default) or -1; setting qfac to 1
pixdim[0] (qfac) should be 1 (default) or -1; setting qfac to 1
2025-07-02 17:59:05,645 - INFO - pixdim[0] (qfac) should be 1 (default) or -1; setting qfac to 1
pixdim[0] (qfac) should be 1 (default) or -1; setting qfac to 1
2025-07-02 17:59:06,688 - INFO - pixdim[0] (qfac) should be 1 (default) or -1; setting qfac to 1
pixdim[0] (qfac) should be 1 (default) or -1; setting qfac to 1
2025-07-02 17:59:07,641 - INFO - pixdim[0] (qfac) should be 1 (default) or -1; setting qfac to 1
pixdim[0] (qfac) should be 1 (default) or -1; setting qfac to 1
2025-07-02 17:59:08,565 - INFO - pixdim[0] (qfac) should be 1 (default) or -1; setting qfac to 1
pixdim[0] (qfac) should be 1 (default) or -1; setting qfac to 1
2025-07-02 17:59:09,469 - INFO - pixdim[0] (qfac) should be 1 (default) or -1; setting qfac to 1
pixdim[0] (qfac) should be 1 (default) or -1; setting qfac to 1
2025-07-02 17:59:10,573 - INFO - pixdim[0] (qfac) should be 1 (default) or -1; setting qfac to 1
pixdim[0] (qfac) should be 1 (default) or -1; setting qfac to 1
2025-07-02 17:59:11,508 - INFO - pixdim[0] (qfac) should be 1 (default) or -1; setting qfac to 1
pixdim[0] (qfac) should be 1 (default) or -1; setting qfac to 1
2025-07-02 17:59:12,474 - INFO - pixdim[0] (qfac) should be 1 (default) or -1; setting qfac to 1
pixdim[0] (qfac) should be 1 (default) or -1; setting qfac to 1
2025-07-02 17:59:13,414 - INFO - pixdim[0] (qfac) should be 1 (default) or -1; setting qfac to 1
pixdim[0] (qfac) should be 1 (default) or -1; setting qfac to 1
2025-07-02 17:59:14,511 - INFO - pixdim[0] (qfac) should be 1 (default) or -1; setting qfac to 1
pixdim[0] (qfac) should be 1 (default) or -1; setting qfac to 1
2025-07-02 17:59:15,462 - INFO - pixdim[0] (qfac) should be 1 (default) or -1; setting qfac to 1
pixdim[0] (qfac) should be 1 (default) or -1; setting qfac to 1
2025-07-02 17:59:16,447 - INFO - pixdim[0] (qfac) should be 1 (default) or -1; setting qfac to 1
pixdim[0] (qfac) should be 1 (default) or -1; setting qfac to 1
2025-07-02 17:59:17,408 - INFO - pixdim[0] (qfac) should be 1 (default) or -1; setting qfac to 1
pixdim[0] (qfac) should be 1 (default) or -1; setting qfac to 1
2025-07-02 17:59:18,466 - INFO - pixdim[0] (qfac) should be 1 (default) or -1; setting qfac to 1
pixdim[0] (qfac) should be 1 (default) or -1; setting qfac to 1
2025-07-02 17:59:19,385 - INFO - pixdim[0] (qfac) should be 1 (default) or -1; setting qfac to 1
pixdim[0] (qfac) should be 1 (default) or -1; setting qfac to 1
2025-07-02 17:59:20,302 - INFO - pixdim[0] (qfac) should be 1 (default) or -1; setting qfac to 1
pixdim[0] (qfac) should be 1 (default) or -1; setting qfac to 1
2025-07-02 17:59:21,180 - INFO - pixdim[0] (qfac) should be 1 (default) or -1; setting qfac to 1
pixdim[0] (qfac) should be 1 (default) or -1; setting qfac to 1
2025-07-02 17:59:22,223 - INFO - pixdim[0] (qfac) should be 1 (default) or -1; setting qfac to 1
pixdim[0] (qfac) should be 1 (default) or -1; setting qfac to 1
2025-07-02 17:59:23,133 - INFO - pixdim[0] (qfac) should be 1 (default) or -1; setting qfac to 1
pixdim[0] (qfac) should be 1 (default) or -1; setting qfac to 1
2025-07-02 17:59:24,028 - INFO - pixdim[0] (qfac) should be 1 (default) or -1; setting qfac to 1
pixdim[0] (qfac) should be 1 (default) or -1; setting qfac to 1
2025-07-02 17:59:25,002 - INFO - pixdim[0] (qfac) should be 1 (default) or -1; setting qfac to 1
pixdim[0] (qfac) should be 1 (default) or -1; setting qfac to 1
2025-07-02 17:59:25,915 - INFO - pixdim[0] (qfac) should be 1 (default) or -1; setting qfac to 1
pixdim[0] (qfac) should be 1 (default) or -1; setting qfac to 1
2025-07-02 17:59:26,871 - INFO - pixdim[0] (qfac) should be 1 (default) or -1; setting qfac to 1
pixdim[0] (qfac) should be 1 (default) or -1; setting qfac to 1
2025-07-02 17:59:27,735 - INFO - pixdim[0] (qfac) should be 1 (default) or -1; setting qfac to 1
pixdim[0] (qfac) should be 1 (default) or -1; setting qfac to 1
2025-07-02 17:59:28,678 - INFO - pixdim[0] (qfac) should be 1 (default) or -1; setting qfac to 1
pixdim[0] (qfac) should be 1 (default) or -1; setting qfac to 1
2025-07-02 17:59:29,757 - INFO - pixdim[0] (qfac) should be 1 (default) or -1; setting qfac to 1
pixdim[0] (qfac) should be 1 (default) or -1; setting qfac to 1
2025-07-02 17:59:30,724 - INFO - pixdim[0] (qfac) should be 1 (default) or -1; setting qfac to 1
pixdim[0] (qfac) should be 1 (default) or -1; setting qfac to 1
2025-07-02 17:59:31,650 - INFO - pixdim[0] (qfac) should be 1 (default) or -1; setting qfac to 1
pixdim[0] (qfac) should be 1 (default) or -1; setting qfac to 1
2025-07-02 17:59:32,595 - INFO - pixdim[0] (qfac) should be 1 (default) or -1; setting qfac to 1
pixdim[0] (qfac) should be 1 (default) or -1; setting qfac to 1
2025-07-02 17:59:33,629 - INFO - pixdim[0] (qfac) should be 1 (default) or -1; setting qfac to 1
pixdim[0] (qfac) should be 1 (default) or -1; setting qfac to 1
2025-07-02 17:59:34,553 - INFO - pixdim[0] (qfac) should be 1 (default) or -1; setting qfac to 1
pixdim[0] (qfac) should be 1 (default) or -1; setting qfac to 1
2025-07-02 17:59:35,481 - INFO - pixdim[0] (qfac) should be 1 (default) or -1; setting qfac to 1
pixdim[0] (qfac) should be 1 (default) or -1; setting qfac to 1
2025-07-02 17:59:36,178 - INFO - pixdim[0] (qfac) should be 1 (default) or -1; setting qfac to 1
pixdim[0] (qfac) should be 1 (default) or -1; setting qfac to 1
2025-07-02 17:59:36,378 - INFO - pixdim[0] (qfac) should be 1 (default) or -1; setting qfac to 1
pixdim[0] (qfac) should be 1 (default) or -1; setting qfac to 1
2025-07-02 17:59:37,408 - INFO - pixdim[0] (qfac) should be 1 (default) or -1; setting qfac to 1
pixdim[0] (qfac) should be 1 (default) or -1; setting qfac to 1
2025-07-02 17:59:38,317 - INFO - pixdim[0] (qfac) should be 1 (default) or -1; setting qfac to 1
pixdim[0] (qfac) should be 1 (default) or -1; setting qfac to 1
2025-07-02 17:59:39,030 - INFO - pixdim[0] (qfac) should be 1 (default) or -1; setting qfac to 1
pixdim[0] (qfac) should be 1 (default) or -1; setting qfac to 1
2025-07-02 17:59:39,257 - INFO - pixdim[0] (qfac) should be 1 (default) or -1; setting qfac to 1
pixdim[0] (qfac) should be 1 (default) or -1; setting qfac to 1
2025-07-02 17:59:40,153 - INFO - pixdim[0] (qfac) should be 1 (default) or -1; setting qfac to 1
pixdim[0] (qfac) should be 1 (default) or -1; setting qfac to 1
2025-07-02 17:59:41,181 - INFO - pixdim[0] (qfac) should be 1 (default) or -1; setting qfac to 1
pixdim[0] (qfac) should be 1 (default) or -1; setting qfac to 1
2025-07-02 17:59:42,074 - INFO - pixdim[0] (qfac) should be 1 (default) or -1; setting qfac to 1
pixdim[0] (qfac) should be 1 (default) or -1; setting qfac to 1
2025-07-02 17:59:42,976 - INFO - pixdim[0] (qfac) should be 1 (default) or -1; setting qfac to 1
pixdim[0] (qfac) should be 1 (default) or -1; setting qfac to 1
2025-07-02 17:59:43,875 - INFO - pixdim[0] (qfac) should be 1 (default) or -1; setting qfac to 1
pixdim[0] (qfac) should be 1 (default) or -1; setting qfac to 1
2025-07-02 17:59:44,886 - INFO - pixdim[0] (qfac) should be 1 (default) or -1; setting qfac to 1
pixdim[0] (qfac) should be 1 (default) or -1; setting qfac to 1
2025-07-02 17:59:45,833 - INFO - pixdim[0] (qfac) should be 1 (default) or -1; setting qfac to 1
pixdim[0] (qfac) should be 1 (default) or -1; setting qfac to 1
2025-07-02 17:59:46,711 - INFO - pixdim[0] (qfac) should be 1 (default) or -1; setting qfac to 1
pixdim[0] (qfac) should be 1 (default) or -1; setting qfac to 1
2025-07-02 17:59:47,634 - INFO - pixdim[0] (qfac) should be 1 (default) or -1; setting qfac to 1
pixdim[0] (qfac) should be 1 (default) or -1; setting qfac to 1
2025-07-02 17:59:48,695 - INFO - pixdim[0] (qfac) should be 1 (default) or -1; setting qfac to 1
pixdim[0] (qfac) should be 1 (default) or -1; setting qfac to 1
2025-07-02 17:59:49,568 - INFO - pixdim[0] (qfac) should be 1 (default) or -1; setting qfac to 1
pixdim[0] (qfac) should be 1 (default) or -1; setting qfac to 1
2025-07-02 17:59:50,506 - INFO - pixdim[0] (qfac) should be 1 (default) or -1; setting qfac to 1
pixdim[0] (qfac) should be 1 (default) or -1; setting qfac to 1
2025-07-02 17:59:51,439 - INFO - pixdim[0] (qfac) should be 1 (default) or -1; setting qfac to 1
pixdim[0] (qfac) should be 1 (default) or -1; setting qfac to 1
2025-07-02 17:59:52,417 - INFO - pixdim[0] (qfac) should be 1 (default) or -1; setting qfac to 1
pixdim[0] (qfac) should be 1 (default) or -1; setting qfac to 1
2025-07-02 17:59:53,334 - INFO - pixdim[0] (qfac) should be 1 (default) or -1; setting qfac to 1
pixdim[0] (qfac) should be 1 (default) or -1; setting qfac to 1
2025-07-02 17:59:54,314 - INFO - pixdim[0] (qfac) should be 1 (default) or -1; setting qfac to 1
pixdim[0] (qfac) should be 1 (default) or -1; setting qfac to 1
2025-07-02 17:59:55,194 - INFO - pixdim[0] (qfac) should be 1 (default) or -1; setting qfac to 1
pixdim[0] (qfac) should be 1 (default) or -1; setting qfac to 1
2025-07-02 17:59:56,186 - INFO - pixdim[0] (qfac) should be 1 (default) or -1; setting qfac to 1
pixdim[0] (qfac) should be 1 (default) or -1; setting qfac to 1
2025-07-02 17:59:56,990 - INFO - pixdim[0] (qfac) should be 1 (default) or -1; setting qfac to 1
pixdim[0] (qfac) should be 1 (default) or -1; setting qfac to 1
2025-07-02 17:59:57,809 - INFO - pixdim[0] (qfac) should be 1 (default) or -1; setting qfac to 1
pixdim[0] (qfac) should be 1 (default) or -1; setting qfac to 1
2025-07-02 17:59:58,621 - INFO - pixdim[0] (qfac) should be 1 (default) or -1; setting qfac to 1
pixdim[0] (qfac) should be 1 (default) or -1; setting qfac to 1
2025-07-02 17:59:59,559 - INFO - pixdim[0] (qfac) should be 1 (default) or -1; setting qfac to 1
pixdim[0] (qfac) should be 1 (default) or -1; setting qfac to 1
2025-07-02 18:00:00,535 - INFO - pixdim[0] (qfac) should be 1 (default) or -1; setting qfac to 1
pixdim[0] (qfac) should be 1 (default) or -1; setting qfac to 1
2025-07-02 18:00:01,469 - INFO - pixdim[0] (qfac) should be 1 (default) or -1; setting qfac to 1
pixdim[0] (qfac) should be 1 (default) or -1; setting qfac to 1
2025-07-02 18:00:02,395 - INFO - pixdim[0] (qfac) should be 1 (default) or -1; setting qfac to 1
pixdim[0] (qfac) should be 1 (default) or -1; setting qfac to 1
2025-07-02 18:00:03,458 - INFO - pixdim[0] (qfac) should be 1 (default) or -1; setting qfac to 1
pixdim[0] (qfac) should be 1 (default) or -1; setting qfac to 1
2025-07-02 18:00:04,366 - INFO - pixdim[0] (qfac) should be 1 (default) or -1; setting qfac to 1
pixdim[0] (qfac) should be 1 (default) or -1; setting qfac to 1
2025-07-02 18:00:05,259 - INFO - pixdim[0] (qfac) should be 1 (default) or -1; setting qfac to 1
pixdim[0] (qfac) should be 1 (default) or -1; setting qfac to 1
2025-07-02 18:00:06,187 - INFO - pixdim[0] (qfac) should be 1 (default) or -1; setting qfac to 1
pixdim[0] (qfac) should be 1 (default) or -1; setting qfac to 1
2025-07-02 18:00:07,249 - INFO - pixdim[0] (qfac) should be 1 (default) or -1; setting qfac to 1
pixdim[0] (qfac) should be 1 (default) or -1; setting qfac to 1
2025-07-02 18:00:08,163 - INFO - pixdim[0] (qfac) should be 1 (default) or -1; setting qfac to 1
pixdim[0] (qfac) should be 1 (default) or -1; setting qfac to 1
2025-07-02 18:00:09,104 - INFO - pixdim[0] (qfac) should be 1 (default) or -1; setting qfac to 1
pixdim[0] (qfac) should be 1 (default) or -1; setting qfac to 1
2025-07-02 18:00:10,071 - INFO - pixdim[0] (qfac) should be 1 (default) or -1; setting qfac to 1
pixdim[0] (qfac) should be 1 (default) or -1; setting qfac to 1
2025-07-02 18:00:11,102 - INFO - pixdim[0] (qfac) should be 1 (default) or -1; setting qfac to 1
pixdim[0] (qfac) should be 1 (default) or -1; setting qfac to 1
2025-07-02 18:00:12,054 - INFO - pixdim[0] (qfac) should be 1 (default) or -1; setting qfac to 1
pixdim[0] (qfac) should be 1 (default) or -1; setting qfac to 1
2025-07-02 18:00:12,963 - INFO - pixdim[0] (qfac) should be 1 (default) or -1; setting qfac to 1
pixdim[0] (qfac) should be 1 (default) or -1; setting qfac to 1
2025-07-02 18:00:13,841 - INFO - pixdim[0] (qfac) should be 1 (default) or -1; setting qfac to 1
pixdim[0] (qfac) should be 1 (default) or -1; setting qfac to 1
2025-07-02 18:00:14,818 - INFO - pixdim[0] (qfac) should be 1 (default) or -1; setting qfac to 1
pixdim[0] (qfac) should be 1 (default) or -1; setting qfac to 1
2025-07-02 18:00:15,755 - INFO - pixdim[0] (qfac) should be 1 (default) or -1; setting qfac to 1
pixdim[0] (qfac) should be 1 (default) or -1; setting qfac to 1
2025-07-02 18:00:16,673 - INFO - pixdim[0] (qfac) should be 1 (default) or -1; setting qfac to 1
pixdim[0] (qfac) should be 1 (default) or -1; setting qfac to 1
2025-07-02 18:00:17,564 - INFO - pixdim[0] (qfac) should be 1 (default) or -1; setting qfac to 1
pixdim[0] (qfac) should be 1 (default) or -1; setting qfac to 1
2025-07-02 18:00:18,567 - INFO - pixdim[0] (qfac) should be 1 (default) or -1; setting qfac to 1
pixdim[0] (qfac) should be 1 (default) or -1; setting qfac to 1
2025-07-02 18:00:19,499 - INFO - pixdim[0] (qfac) should be 1 (default) or -1; setting qfac to 1
pixdim[0] (qfac) should be 1 (default) or -1; setting qfac to 1
2025-07-02 18:00:20,390 - INFO - pixdim[0] (qfac) should be 1 (default) or -1; setting qfac to 1
pixdim[0] (qfac) should be 1 (default) or -1; setting qfac to 1
2025-07-02 18:00:21,327 - INFO - pixdim[0] (qfac) should be 1 (default) or -1; setting qfac to 1
pixdim[0] (qfac) should be 1 (default) or -1; setting qfac to 1
2025-07-02 18:00:22,374 - INFO - pixdim[0] (qfac) should be 1 (default) or -1; setting qfac to 1
pixdim[0] (qfac) should be 1 (default) or -1; setting qfac to 1
2025-07-02 18:00:23,292 - INFO - pixdim[0] (qfac) should be 1 (default) or -1; setting qfac to 1
pixdim[0] (qfac) should be 1 (default) or -1; setting qfac to 1
2025-07-02 18:00:24,177 - INFO - pixdim[0] (qfac) should be 1 (default) or -1; setting qfac to 1
pixdim[0] (qfac) should be 1 (default) or -1; setting qfac to 1
2025-07-02 18:00:25,038 - INFO - pixdim[0] (qfac) should be 1 (default) or -1; setting qfac to 1
pixdim[0] (qfac) should be 1 (default) or -1; setting qfac to 1
2025-07-02 18:00:26,115 - INFO - pixdim[0] (qfac) should be 1 (default) or -1; setting qfac to 1
pixdim[0] (qfac) should be 1 (default) or -1; setting qfac to 1
2025-07-02 18:00:27,017 - INFO - pixdim[0] (qfac) should be 1 (default) or -1; setting qfac to 1
pixdim[0] (qfac) should be 1 (default) or -1; setting qfac to 1
2025-07-02 18:00:27,952 - INFO - pixdim[0] (qfac) should be 1 (default) or -1; setting qfac to 1
pixdim[0] (qfac) should be 1 (default) or -1; setting qfac to 1
2025-07-02 18:00:28,835 - INFO - pixdim[0] (qfac) should be 1 (default) or -1; setting qfac to 1
pixdim[0] (qfac) should be 1 (default) or -1; setting qfac to 1
2025-07-02 18:00:29,853 - INFO - pixdim[0] (qfac) should be 1 (default) or -1; setting qfac to 1
pixdim[0] (qfac) should be 1 (default) or -1; setting qfac to 1
2025-07-02 18:00:30,767 - INFO - pixdim[0] (qfac) should be 1 (default) or -1; setting qfac to 1
pixdim[0] (qfac) should be 1 (default) or -1; setting qfac to 1
2025-07-02 18:00:31,717 - INFO - pixdim[0] (qfac) should be 1 (default) or -1; setting qfac to 1
pixdim[0] (qfac) should be 1 (default) or -1; setting qfac to 1
2025-07-02 18:00:32,652 - INFO - pixdim[0] (qfac) should be 1 (default) or -1; setting qfac to 1
pixdim[0] (qfac) should be 1 (default) or -1; setting qfac to 1
2025-07-02 18:00:33,656 - INFO - pixdim[0] (qfac) should be 1 (default) or -1; setting qfac to 1
pixdim[0] (qfac) should be 1 (default) or -1; setting qfac to 1
2025-07-02 18:00:34,506 - INFO - pixdim[0] (qfac) should be 1 (default) or -1; setting qfac to 1
pixdim[0] (qfac) should be 1 (default) or -1; setting qfac to 1
2025-07-02 18:00:35,447 - INFO - pixdim[0] (qfac) should be 1 (default) or -1; setting qfac to 1
pixdim[0] (qfac) should be 1 (default) or -1; setting qfac to 1
2025-07-02 18:00:36,353 - INFO - pixdim[0] (qfac) should be 1 (default) or -1; setting qfac to 1
pixdim[0] (qfac) should be 1 (default) or -1; setting qfac to 1
2025-07-02 18:00:37,391 - INFO - pixdim[0] (qfac) should be 1 (default) or -1; setting qfac to 1
pixdim[0] (qfac) should be 1 (default) or -1; setting qfac to 1
2025-07-02 18:00:38,382 - INFO - pixdim[0] (qfac) should be 1 (default) or -1; setting qfac to 1
pixdim[0] (qfac) should be 1 (default) or -1; setting qfac to 1
2025-07-02 18:00:39,285 - INFO - pixdim[0] (qfac) should be 1 (default) or -1; setting qfac to 1
pixdim[0] (qfac) should be 1 (default) or -1; setting qfac to 1
2025-07-02 18:00:40,238 - INFO - pixdim[0] (qfac) should be 1 (default) or -1; setting qfac to 1
pixdim[0] (qfac) should be 1 (default) or -1; setting qfac to 1
2025-07-02 18:00:41,257 - INFO - pixdim[0] (qfac) should be 1 (default) or -1; setting qfac to 1
pixdim[0] (qfac) should be 1 (default) or -1; setting qfac to 1
2025-07-02 18:00:42,173 - INFO - pixdim[0] (qfac) should be 1 (default) or -1; setting qfac to 1
pixdim[0] (qfac) should be 1 (default) or -1; setting qfac to 1
2025-07-02 18:00:43,040 - INFO - pixdim[0] (qfac) should be 1 (default) or -1; setting qfac to 1
pixdim[0] (qfac) should be 1 (default) or -1; setting qfac to 1
2025-07-02 18:00:43,952 - INFO - pixdim[0] (qfac) should be 1 (default) or -1; setting qfac to 1
pixdim[0] (qfac) should be 1 (default) or -1; setting qfac to 1
2025-07-02 18:00:44,948 - INFO - pixdim[0] (qfac) should be 1 (default) or -1; setting qfac to 1
pixdim[0] (qfac) should be 1 (default) or -1; setting qfac to 1
2025-07-02 18:00:45,928 - INFO - pixdim[0] (qfac) should be 1 (default) or -1; setting qfac to 1
pixdim[0] (qfac) should be 1 (default) or -1; setting qfac to 1
2025-07-02 18:00:46,849 - INFO - pixdim[0] (qfac) should be 1 (default) or -1; setting qfac to 1
pixdim[0] (qfac) should be 1 (default) or -1; setting qfac to 1
2025-07-02 18:00:47,665 - INFO - pixdim[0] (qfac) should be 1 (default) or -1; setting qfac to 1
pixdim[0] (qfac) should be 1 (default) or -1; setting qfac to 1
2025-07-02 18:00:48,712 - INFO - pixdim[0] (qfac) should be 1 (default) or -1; setting qfac to 1
pixdim[0] (qfac) should be 1 (default) or -1; setting qfac to 1
2025-07-02 18:00:49,646 - INFO - pixdim[0] (qfac) should be 1 (default) or -1; setting qfac to 1
pixdim[0] (qfac) should be 1 (default) or -1; setting qfac to 1
2025-07-02 18:00:50,587 - INFO - pixdim[0] (qfac) should be 1 (default) or -1; setting qfac to 1
pixdim[0] (qfac) should be 1 (default) or -1; setting qfac to 1
2025-07-02 18:00:51,492 - INFO - pixdim[0] (qfac) should be 1 (default) or -1; setting qfac to 1
pixdim[0] (qfac) should be 1 (default) or -1; setting qfac to 1
2025-07-02 18:00:52,543 - INFO - pixdim[0] (qfac) should be 1 (default) or -1; setting qfac to 1
pixdim[0] (qfac) should be 1 (default) or -1; setting qfac to 1
2025-07-02 18:00:53,512 - INFO - pixdim[0] (qfac) should be 1 (default) or -1; setting qfac to 1
pixdim[0] (qfac) should be 1 (default) or -1; setting qfac to 1
2025-07-02 18:00:54,424 - INFO - pixdim[0] (qfac) should be 1 (default) or -1; setting qfac to 1
pixdim[0] (qfac) should be 1 (default) or -1; setting qfac to 1
2025-07-02 18:00:55,377 - INFO - pixdim[0] (qfac) should be 1 (default) or -1; setting qfac to 1
pixdim[0] (qfac) should be 1 (default) or -1; setting qfac to 1
2025-07-02 18:00:56,402 - INFO - pixdim[0] (qfac) should be 1 (default) or -1; setting qfac to 1
pixdim[0] (qfac) should be 1 (default) or -1; setting qfac to 1
2025-07-02 18:00:57,363 - INFO - pixdim[0] (qfac) should be 1 (default) or -1; setting qfac to 1
pixdim[0] (qfac) should be 1 (default) or -1; setting qfac to 1
2025-07-02 18:00:58,288 - INFO - pixdim[0] (qfac) should be 1 (default) or -1; setting qfac to 1
pixdim[0] (qfac) should be 1 (default) or -1; setting qfac to 1
2025-07-02 18:00:59,215 - INFO - pixdim[0] (qfac) should be 1 (default) or -1; setting qfac to 1
pixdim[0] (qfac) should be 1 (default) or -1; setting qfac to 1
2025-07-02 18:01:00,245 - INFO - pixdim[0] (qfac) should be 1 (default) or -1; setting qfac to 1
pixdim[0] (qfac) should be 1 (default) or -1; setting qfac to 1
2025-07-02 18:01:01,172 - INFO - pixdim[0] (qfac) should be 1 (default) or -1; setting qfac to 1
pixdim[0] (qfac) should be 1 (default) or -1; setting qfac to 1
2025-07-02 18:01:02,142 - INFO - pixdim[0] (qfac) should be 1 (default) or -1; setting qfac to 1
pixdim[0] (qfac) should be 1 (default) or -1; setting qfac to 1
2025-07-02 18:01:02,908 - INFO - pixdim[0] (qfac) should be 1 (default) or -1; setting qfac to 1
pixdim[0] (qfac) should be 1 (default) or -1; setting qfac to 1
2025-07-02 18:01:03,135 - INFO - pixdim[0] (qfac) should be 1 (default) or -1; setting qfac to 1
pixdim[0] (qfac) should be 1 (default) or -1; setting qfac to 1
2025-07-02 18:01:04,192 - INFO - pixdim[0] (qfac) should be 1 (default) or -1; setting qfac to 1
pixdim[0] (qfac) should be 1 (default) or -1; setting qfac to 1
2025-07-02 18:01:05,104 - INFO - pixdim[0] (qfac) should be 1 (default) or -1; setting qfac to 1
pixdim[0] (qfac) should be 1 (default) or -1; setting qfac to 1
2025-07-02 18:01:05,836 - INFO - pixdim[0] (qfac) should be 1 (default) or -1; setting qfac to 1
pixdim[0] (qfac) should be 1 (default) or -1; setting qfac to 1
2025-07-02 18:01:06,066 - INFO - pixdim[0] (qfac) should be 1 (default) or -1; setting qfac to 1
pixdim[0] (qfac) should be 1 (default) or -1; setting qfac to 1
2025-07-02 18:01:07,006 - INFO - pixdim[0] (qfac) should be 1 (default) or -1; setting qfac to 1
pixdim[0] (qfac) should be 1 (default) or -1; setting qfac to 1
2025-07-02 18:01:08,042 - INFO - pixdim[0] (qfac) should be 1 (default) or -1; setting qfac to 1
pixdim[0] (qfac) should be 1 (default) or -1; setting qfac to 1
2025-07-02 18:01:08,975 - INFO - pixdim[0] (qfac) should be 1 (default) or -1; setting qfac to 1
pixdim[0] (qfac) should be 1 (default) or -1; setting qfac to 1
2025-07-02 18:01:09,909 - INFO - pixdim[0] (qfac) should be 1 (default) or -1; setting qfac to 1
pixdim[0] (qfac) should be 1 (default) or -1; setting qfac to 1
2025-07-02 18:01:10,722 - INFO - pixdim[0] (qfac) should be 1 (default) or -1; setting qfac to 1
pixdim[0] (qfac) should be 1 (default) or -1; setting qfac to 1
2025-07-02 18:01:11,729 - INFO - pixdim[0] (qfac) should be 1 (default) or -1; setting qfac to 1
pixdim[0] (qfac) should be 1 (default) or -1; setting qfac to 1
2025-07-02 18:01:12,622 - INFO - pixdim[0] (qfac) should be 1 (default) or -1; setting qfac to 1
pixdim[0] (qfac) should be 1 (default) or -1; setting qfac to 1
2025-07-02 18:01:13,572 - INFO - pixdim[0] (qfac) should be 1 (default) or -1; setting qfac to 1
pixdim[0] (qfac) should be 1 (default) or -1; setting qfac to 1
2025-07-02 18:01:14,472 - INFO - pixdim[0] (qfac) should be 1 (default) or -1; setting qfac to 1
pixdim[0] (qfac) should be 1 (default) or -1; setting qfac to 1
2025-07-02 18:01:15,319 - INFO - pixdim[0] (qfac) should be 1 (default) or -1; setting qfac to 1
pixdim[0] (qfac) should be 1 (default) or -1; setting qfac to 1
2025-07-02 18:01:15,572 - INFO - pixdim[0] (qfac) should be 1 (default) or -1; setting qfac to 1
pixdim[0] (qfac) should be 1 (default) or -1; setting qfac to 1
2025-07-02 18:01:16,496 - INFO - pixdim[0] (qfac) should be 1 (default) or -1; setting qfac to 1
pixdim[0] (qfac) should be 1 (default) or -1; setting qfac to 1
2025-07-02 18:01:17,244 - INFO - pixdim[0] (qfac) should be 1 (default) or -1; setting qfac to 1
pixdim[0] (qfac) should be 1 (default) or -1; setting qfac to 1
2025-07-02 18:01:17,470 - INFO - pixdim[0] (qfac) should be 1 (default) or -1; setting qfac to 1
pixdim[0] (qfac) should be 1 (default) or -1; setting qfac to 1
2025-07-02 18:01:18,415 - INFO - pixdim[0] (qfac) should be 1 (default) or -1; setting qfac to 1
pixdim[0] (qfac) should be 1 (default) or -1; setting qfac to 1
2025-07-02 18:01:19,475 - INFO - pixdim[0] (qfac) should be 1 (default) or -1; setting qfac to 1
pixdim[0] (qfac) should be 1 (default) or -1; setting qfac to 1
2025-07-02 18:01:20,380 - INFO - pixdim[0] (qfac) should be 1 (default) or -1; setting qfac to 1
pixdim[0] (qfac) should be 1 (default) or -1; setting qfac to 1
2025-07-02 18:01:21,315 - INFO - pixdim[0] (qfac) should be 1 (default) or -1; setting qfac to 1
pixdim[0] (qfac) should be 1 (default) or -1; setting qfac to 1
2025-07-02 18:01:22,238 - INFO - pixdim[0] (qfac) should be 1 (default) or -1; setting qfac to 1
pixdim[0] (qfac) should be 1 (default) or -1; setting qfac to 1
2025-07-02 18:01:23,297 - INFO - pixdim[0] (qfac) should be 1 (default) or -1; setting qfac to 1
pixdim[0] (qfac) should be 1 (default) or -1; setting qfac to 1
2025-07-02 18:01:24,233 - INFO - pixdim[0] (qfac) should be 1 (default) or -1; setting qfac to 1
pixdim[0] (qfac) should be 1 (default) or -1; setting qfac to 1
2025-07-02 18:01:25,140 - INFO - pixdim[0] (qfac) should be 1 (default) or -1; setting qfac to 1
pixdim[0] (qfac) should be 1 (default) or -1; setting qfac to 1
2025-07-02 18:01:26,104 - INFO - pixdim[0] (qfac) should be 1 (default) or -1; setting qfac to 1
pixdim[0] (qfac) should be 1 (default) or -1; setting qfac to 1
2025-07-02 18:01:27,155 - INFO - pixdim[0] (qfac) should be 1 (default) or -1; setting qfac to 1
pixdim[0] (qfac) should be 1 (default) or -1; setting qfac to 1
2025-07-02 18:01:28,055 - INFO - pixdim[0] (qfac) should be 1 (default) or -1; setting qfac to 1
pixdim[0] (qfac) should be 1 (default) or -1; setting qfac to 1
2025-07-02 18:01:28,985 - INFO - pixdim[0] (qfac) should be 1 (default) or -1; setting qfac to 1
pixdim[0] (qfac) should be 1 (default) or -1; setting qfac to 1
2025-07-02 18:01:29,920 - INFO - pixdim[0] (qfac) should be 1 (default) or -1; setting qfac to 1
pixdim[0] (qfac) should be 1 (default) or -1; setting qfac to 1
2025-07-02 18:01:31,022 - INFO - pixdim[0] (qfac) should be 1 (default) or -1; setting qfac to 1
pixdim[0] (qfac) should be 1 (default) or -1; setting qfac to 1
2025-07-02 18:01:32,008 - INFO - pixdim[0] (qfac) should be 1 (default) or -1; setting qfac to 1
pixdim[0] (qfac) should be 1 (default) or -1; setting qfac to 1
2025-07-02 18:01:33,065 - INFO - pixdim[0] (qfac) should be 1 (default) or -1; setting qfac to 1
pixdim[0] (qfac) should be 1 (default) or -1; setting qfac to 1
2025-07-02 18:01:34,046 - INFO - pixdim[0] (qfac) should be 1 (default) or -1; setting qfac to 1
pixdim[0] (qfac) should be 1 (default) or -1; setting qfac to 1
2025-07-02 18:01:35,150 - INFO - pixdim[0] (qfac) should be 1 (default) or -1; setting qfac to 1
pixdim[0] (qfac) should be 1 (default) or -1; setting qfac to 1
2025-07-02 18:01:36,073 - INFO - pixdim[0] (qfac) should be 1 (default) or -1; setting qfac to 1
pixdim[0] (qfac) should be 1 (default) or -1; setting qfac to 1
2025-07-02 18:01:37,077 - INFO - pixdim[0] (qfac) should be 1 (default) or -1; setting qfac to 1
pixdim[0] (qfac) should be 1 (default) or -1; setting qfac to 1
2025-07-02 18:01:38,002 - INFO - pixdim[0] (qfac) should be 1 (default) or -1; setting qfac to 1
pixdim[0] (qfac) should be 1 (default) or -1; setting qfac to 1
2025-07-02 18:01:38,999 - INFO - pixdim[0] (qfac) should be 1 (default) or -1; setting qfac to 1
pixdim[0] (qfac) should be 1 (default) or -1; setting qfac to 1
2025-07-02 18:01:39,835 - INFO - pixdim[0] (qfac) should be 1 (default) or -1; setting qfac to 1
pixdim[0] (qfac) should be 1 (default) or -1; setting qfac to 1
2025-07-02 18:01:40,811 - INFO - pixdim[0] (qfac) should be 1 (default) or -1; setting qfac to 1
pixdim[0] (qfac) should be 1 (default) or -1; setting qfac to 1
2025-07-02 18:01:41,806 - INFO - pixdim[0] (qfac) should be 1 (default) or -1; setting qfac to 1
pixdim[0] (qfac) should be 1 (default) or -1; setting qfac to 1
2025-07-02 18:01:42,779 - INFO - pixdim[0] (qfac) should be 1 (default) or -1; setting qfac to 1
pixdim[0] (qfac) should be 1 (default) or -1; setting qfac to 1
2025-07-02 18:01:43,595 - INFO - pixdim[0] (qfac) should be 1 (default) or -1; setting qfac to 1
pixdim[0] (qfac) should be 1 (default) or -1; setting qfac to 1
2025-07-02 18:01:44,533 - INFO - pixdim[0] (qfac) should be 1 (default) or -1; setting qfac to 1
pixdim[0] (qfac) should be 1 (default) or -1; setting qfac to 1
2025-07-02 18:01:45,471 - INFO - pixdim[0] (qfac) should be 1 (default) or -1; setting qfac to 1
pixdim[0] (qfac) should be 1 (default) or -1; setting qfac to 1
2025-07-02 18:01:46,478 - INFO - pixdim[0] (qfac) should be 1 (default) or -1; setting qfac to 1
pixdim[0] (qfac) should be 1 (default) or -1; setting qfac to 1
2025-07-02 18:01:47,405 - INFO - pixdim[0] (qfac) should be 1 (default) or -1; setting qfac to 1
pixdim[0] (qfac) should be 1 (default) or -1; setting qfac to 1
2025-07-02 18:01:48,358 - INFO - pixdim[0] (qfac) should be 1 (default) or -1; setting qfac to 1
pixdim[0] (qfac) should be 1 (default) or -1; setting qfac to 1
2025-07-02 18:01:49,316 - INFO - pixdim[0] (qfac) should be 1 (default) or -1; setting qfac to 1
pixdim[0] (qfac) should be 1 (default) or -1; setting qfac to 1
2025-07-02 18:01:50,401 - INFO - pixdim[0] (qfac) should be 1 (default) or -1; setting qfac to 1
pixdim[0] (qfac) should be 1 (default) or -1; setting qfac to 1
2025-07-02 18:01:51,285 - INFO - pixdim[0] (qfac) should be 1 (default) or -1; setting qfac to 1
pixdim[0] (qfac) should be 1 (default) or -1; setting qfac to 1
2025-07-02 18:01:52,195 - INFO - pixdim[0] (qfac) should be 1 (default) or -1; setting qfac to 1
pixdim[0] (qfac) should be 1 (default) or -1; setting qfac to 1
2025-07-02 18:01:53,171 - INFO - pixdim[0] (qfac) should be 1 (default) or -1; setting qfac to 1
pixdim[0] (qfac) should be 1 (default) or -1; setting qfac to 1
2025-07-02 18:01:54,247 - INFO - pixdim[0] (qfac) should be 1 (default) or -1; setting qfac to 1
pixdim[0] (qfac) should be 1 (default) or -1; setting qfac to 1
2025-07-02 18:01:55,187 - INFO - pixdim[0] (qfac) should be 1 (default) or -1; setting qfac to 1
pixdim[0] (qfac) should be 1 (default) or -1; setting qfac to 1
2025-07-02 18:01:56,151 - INFO - pixdim[0] (qfac) should be 1 (default) or -1; setting qfac to 1
pixdim[0] (qfac) should be 1 (default) or -1; setting qfac to 1
2025-07-02 18:01:57,191 - INFO - pixdim[0] (qfac) should be 1 (default) or -1; setting qfac to 1
pixdim[0] (qfac) should be 1 (default) or -1; setting qfac to 1
2025-07-02 18:01:58,280 - INFO - pixdim[0] (qfac) should be 1 (default) or -1; setting qfac to 1
pixdim[0] (qfac) should be 1 (default) or -1; setting qfac to 1
2025-07-02 18:01:59,228 - INFO - pixdim[0] (qfac) should be 1 (default) or -1; setting qfac to 1
pixdim[0] (qfac) should be 1 (default) or -1; setting qfac to 1
2025-07-02 18:02:00,133 - INFO - pixdim[0] (qfac) should be 1 (default) or -1; setting qfac to 1
pixdim[0] (qfac) should be 1 (default) or -1; setting qfac to 1
2025-07-02 18:02:01,007 - INFO - pixdim[0] (qfac) should be 1 (default) or -1; setting qfac to 1
pixdim[0] (qfac) should be 1 (default) or -1; setting qfac to 1
2025-07-02 18:02:02,061 - INFO - pixdim[0] (qfac) should be 1 (default) or -1; setting qfac to 1
pixdim[0] (qfac) should be 1 (default) or -1; setting qfac to 1
2025-07-02 18:02:03,084 - INFO - pixdim[0] (qfac) should be 1 (default) or -1; setting qfac to 1
pixdim[0] (qfac) should be 1 (default) or -1; setting qfac to 1
2025-07-02 18:02:04,038 - INFO - pixdim[0] (qfac) should be 1 (default) or -1; setting qfac to 1
pixdim[0] (qfac) should be 1 (default) or -1; setting qfac to 1
2025-07-02 18:02:05,071 - INFO - pixdim[0] (qfac) should be 1 (default) or -1; setting qfac to 1
pixdim[0] (qfac) should be 1 (default) or -1; setting qfac to 1
2025-07-02 18:02:06,202 - INFO - pixdim[0] (qfac) should be 1 (default) or -1; setting qfac to 1
pixdim[0] (qfac) should be 1 (default) or -1; setting qfac to 1
2025-07-02 18:02:07,128 - INFO - pixdim[0] (qfac) should be 1 (default) or -1; setting qfac to 1
pixdim[0] (qfac) should be 1 (default) or -1; setting qfac to 1
2025-07-02 18:02:08,060 - INFO - pixdim[0] (qfac) should be 1 (default) or -1; setting qfac to 1
pixdim[0] (qfac) should be 1 (default) or -1; setting qfac to 1
2025-07-02 18:02:08,892 - INFO - pixdim[0] (qfac) should be 1 (default) or -1; setting qfac to 1
pixdim[0] (qfac) should be 1 (default) or -1; setting qfac to 1
2025-07-02 18:02:09,962 - INFO - pixdim[0] (qfac) should be 1 (default) or -1; setting qfac to 1
pixdim[0] (qfac) should be 1 (default) or -1; setting qfac to 1
2025-07-02 18:02:10,925 - INFO - pixdim[0] (qfac) should be 1 (default) or -1; setting qfac to 1
pixdim[0] (qfac) should be 1 (default) or -1; setting qfac to 1
2025-07-02 18:02:11,905 - INFO - pixdim[0] (qfac) should be 1 (default) or -1; setting qfac to 1
pixdim[0] (qfac) should be 1 (default) or -1; setting qfac to 1
2025-07-02 18:02:12,856 - INFO - pixdim[0] (qfac) should be 1 (default) or -1; setting qfac to 1
pixdim[0] (qfac) should be 1 (default) or -1; setting qfac to 1
2025-07-02 18:02:13,923 - INFO - pixdim[0] (qfac) should be 1 (default) or -1; setting qfac to 1
pixdim[0] (qfac) should be 1 (default) or -1; setting qfac to 1
2025-07-02 18:02:14,860 - INFO - pixdim[0] (qfac) should be 1 (default) or -1; setting qfac to 1
pixdim[0] (qfac) should be 1 (default) or -1; setting qfac to 1
2025-07-02 18:02:15,811 - INFO - pixdim[0] (qfac) should be 1 (default) or -1; setting qfac to 1
pixdim[0] (qfac) should be 1 (default) or -1; setting qfac to 1
2025-07-02 18:02:16,814 - INFO - pixdim[0] (qfac) should be 1 (default) or -1; setting qfac to 1
pixdim[0] (qfac) should be 1 (default) or -1; setting qfac to 1
2025-07-02 18:02:17,829 - INFO - pixdim[0] (qfac) should be 1 (default) or -1; setting qfac to 1
pixdim[0] (qfac) should be 1 (default) or -1; setting qfac to 1
2025-07-02 18:02:18,668 - INFO - pixdim[0] (qfac) should be 1 (default) or -1; setting qfac to 1
pixdim[0] (qfac) should be 1 (default) or -1; setting qfac to 1
2025-07-02 18:02:19,607 - INFO - pixdim[0] (qfac) should be 1 (default) or -1; setting qfac to 1
pixdim[0] (qfac) should be 1 (default) or -1; setting qfac to 1
2025-07-02 18:02:20,613 - INFO - pixdim[0] (qfac) should be 1 (default) or -1; setting qfac to 1
pixdim[0] (qfac) should be 1 (default) or -1; setting qfac to 1
2025-07-02 18:02:21,687 - INFO - pixdim[0] (qfac) should be 1 (default) or -1; setting qfac to 1
pixdim[0] (qfac) should be 1 (default) or -1; setting qfac to 1
2025-07-02 18:02:22,592 - INFO - pixdim[0] (qfac) should be 1 (default) or -1; setting qfac to 1
pixdim[0] (qfac) should be 1 (default) or -1; setting qfac to 1
2025-07-02 18:02:23,463 - INFO - pixdim[0] (qfac) should be 1 (default) or -1; setting qfac to 1
pixdim[0] (qfac) should be 1 (default) or -1; setting qfac to 1
2025-07-02 18:02:24,458 - INFO - pixdim[0] (qfac) should be 1 (default) or -1; setting qfac to 1
pixdim[0] (qfac) should be 1 (default) or -1; setting qfac to 1
2025-07-02 18:02:25,455 - INFO - pixdim[0] (qfac) should be 1 (default) or -1; setting qfac to 1
pixdim[0] (qfac) should be 1 (default) or -1; setting qfac to 1
2025-07-02 18:02:26,397 - INFO - pixdim[0] (qfac) should be 1 (default) or -1; setting qfac to 1
pixdim[0] (qfac) should be 1 (default) or -1; setting qfac to 1
2025-07-02 18:02:27,353 - INFO - pixdim[0] (qfac) should be 1 (default) or -1; setting qfac to 1
pixdim[0] (qfac) should be 1 (default) or -1; setting qfac to 1
2025-07-02 18:02:28,291 - INFO - pixdim[0] (qfac) should be 1 (default) or -1; setting qfac to 1
pixdim[0] (qfac) should be 1 (default) or -1; setting qfac to 1
2025-07-02 18:02:29,424 - INFO - pixdim[0] (qfac) should be 1 (default) or -1; setting qfac to 1
pixdim[0] (qfac) should be 1 (default) or -1; setting qfac to 1
2025-07-02 18:02:30,322 - INFO - pixdim[0] (qfac) should be 1 (default) or -1; setting qfac to 1
pixdim[0] (qfac) should be 1 (default) or -1; setting qfac to 1
2025-07-02 18:02:31,220 - INFO - pixdim[0] (qfac) should be 1 (default) or -1; setting qfac to 1
pixdim[0] (qfac) should be 1 (default) or -1; setting qfac to 1
2025-07-02 18:02:32,119 - INFO - pixdim[0] (qfac) should be 1 (default) or -1; setting qfac to 1
pixdim[0] (qfac) should be 1 (default) or -1; setting qfac to 1
2025-07-02 18:02:33,159 - INFO - pixdim[0] (qfac) should be 1 (default) or -1; setting qfac to 1
pixdim[0] (qfac) should be 1 (default) or -1; setting qfac to 1
2025-07-02 18:02:34,197 - INFO - pixdim[0] (qfac) should be 1 (default) or -1; setting qfac to 1
pixdim[0] (qfac) should be 1 (default) or -1; setting qfac to 1
2025-07-02 18:02:35,186 - INFO - pixdim[0] (qfac) should be 1 (default) or -1; setting qfac to 1
pixdim[0] (qfac) should be 1 (default) or -1; setting qfac to 1
2025-07-02 18:02:36,132 - INFO - pixdim[0] (qfac) should be 1 (default) or -1; setting qfac to 1
pixdim[0] (qfac) should be 1 (default) or -1; setting qfac to 1
2025-07-02 18:02:37,176 - INFO - pixdim[0] (qfac) should be 1 (default) or -1; setting qfac to 1
pixdim[0] (qfac) should be 1 (default) or -1; setting qfac to 1
2025-07-02 18:02:38,016 - INFO - pixdim[0] (qfac) should be 1 (default) or -1; setting qfac to 1
pixdim[0] (qfac) should be 1 (default) or -1; setting qfac to 1
2025-07-02 18:02:38,931 - INFO - pixdim[0] (qfac) should be 1 (default) or -1; setting qfac to 1
pixdim[0] (qfac) should be 1 (default) or -1; setting qfac to 1
2025-07-02 18:02:39,839 - INFO - pixdim[0] (qfac) should be 1 (default) or -1; setting qfac to 1
pixdim[0] (qfac) should be 1 (default) or -1; setting qfac to 1
2025-07-02 18:02:40,661 - INFO - pixdim[0] (qfac) should be 1 (default) or -1; setting qfac to 1
pixdim[0] (qfac) should be 1 (default) or -1; setting qfac to 1
2025-07-02 18:02:40,918 - INFO - pixdim[0] (qfac) should be 1 (default) or -1; setting qfac to 1
pixdim[0] (qfac) should be 1 (default) or -1; setting qfac to 1
2025-07-02 18:02:41,928 - INFO - pixdim[0] (qfac) should be 1 (default) or -1; setting qfac to 1
pixdim[0] (qfac) should be 1 (default) or -1; setting qfac to 1
2025-07-02 18:02:42,929 - INFO - pixdim[0] (qfac) should be 1 (default) or -1; setting qfac to 1
pixdim[0] (qfac) should be 1 (default) or -1; setting qfac to 1
2025-07-02 18:02:43,926 - INFO - pixdim[0] (qfac) should be 1 (default) or -1; setting qfac to 1
pixdim[0] (qfac) should be 1 (default) or -1; setting qfac to 1
2025-07-02 18:02:45,073 - INFO - pixdim[0] (qfac) should be 1 (default) or -1; setting qfac to 1
pixdim[0] (qfac) should be 1 (default) or -1; setting qfac to 1
2025-07-02 18:02:45,987 - INFO - pixdim[0] (qfac) should be 1 (default) or -1; setting qfac to 1
pixdim[0] (qfac) should be 1 (default) or -1; setting qfac to 1
2025-07-02 18:02:46,877 - INFO - pixdim[0] (qfac) should be 1 (default) or -1; setting qfac to 1
pixdim[0] (qfac) should be 1 (default) or -1; setting qfac to 1
2025-07-02 18:02:47,809 - INFO - pixdim[0] (qfac) should be 1 (default) or -1; setting qfac to 1
pixdim[0] (qfac) should be 1 (default) or -1; setting qfac to 1
2025-07-02 18:02:48,875 - INFO - pixdim[0] (qfac) should be 1 (default) or -1; setting qfac to 1
pixdim[0] (qfac) should be 1 (default) or -1; setting qfac to 1
2025-07-02 18:02:49,799 - INFO - pixdim[0] (qfac) should be 1 (default) or -1; setting qfac to 1
pixdim[0] (qfac) should be 1 (default) or -1; setting qfac to 1
2025-07-02 18:02:50,801 - INFO - pixdim[0] (qfac) should be 1 (default) or -1; setting qfac to 1
pixdim[0] (qfac) should be 1 (default) or -1; setting qfac to 1
2025-07-02 18:02:51,760 - INFO - pixdim[0] (qfac) should be 1 (default) or -1; setting qfac to 1
pixdim[0] (qfac) should be 1 (default) or -1; setting qfac to 1
2025-07-02 18:02:52,781 - INFO - pixdim[0] (qfac) should be 1 (default) or -1; setting qfac to 1
pixdim[0] (qfac) should be 1 (default) or -1; setting qfac to 1
2025-07-02 18:02:53,656 - INFO - pixdim[0] (qfac) should be 1 (default) or -1; setting qfac to 1
pixdim[0] (qfac) should be 1 (default) or -1; setting qfac to 1
2025-07-02 18:02:54,621 - INFO - pixdim[0] (qfac) should be 1 (default) or -1; setting qfac to 1
pixdim[0] (qfac) should be 1 (default) or -1; setting qfac to 1
2025-07-02 18:02:55,528 - INFO - pixdim[0] (qfac) should be 1 (default) or -1; setting qfac to 1
pixdim[0] (qfac) should be 1 (default) or -1; setting qfac to 1
2025-07-02 18:02:56,526 - INFO - pixdim[0] (qfac) should be 1 (default) or -1; setting qfac to 1
pixdim[0] (qfac) should be 1 (default) or -1; setting qfac to 1
2025-07-02 18:02:57,511 - INFO - pixdim[0] (qfac) should be 1 (default) or -1; setting qfac to 1
pixdim[0] (qfac) should be 1 (default) or -1; setting qfac to 1
2025-07-02 18:02:58,471 - INFO - pixdim[0] (qfac) should be 1 (default) or -1; setting qfac to 1
pixdim[0] (qfac) should be 1 (default) or -1; setting qfac to 1
2025-07-02 18:02:59,358 - INFO - pixdim[0] (qfac) should be 1 (default) or -1; setting qfac to 1
pixdim[0] (qfac) should be 1 (default) or -1; setting qfac to 1
2025-07-02 18:03:00,413 - INFO - pixdim[0] (qfac) should be 1 (default) or -1; setting qfac to 1
pixdim[0] (qfac) should be 1 (default) or -1; setting qfac to 1
2025-07-02 18:03:01,299 - INFO - pixdim[0] (qfac) should be 1 (default) or -1; setting qfac to 1
pixdim[0] (qfac) should be 1 (default) or -1; setting qfac to 1
2025-07-02 18:03:02,197 - INFO - pixdim[0] (qfac) should be 1 (default) or -1; setting qfac to 1
pixdim[0] (qfac) should be 1 (default) or -1; setting qfac to 1
2025-07-02 18:03:03,165 - INFO - pixdim[0] (qfac) should be 1 (default) or -1; setting qfac to 1
pixdim[0] (qfac) should be 1 (default) or -1; setting qfac to 1
2025-07-02 18:03:04,243 - INFO - pixdim[0] (qfac) should be 1 (default) or -1; setting qfac to 1
pixdim[0] (qfac) should be 1 (default) or -1; setting qfac to 1
2025-07-02 18:03:05,232 - INFO - pixdim[0] (qfac) should be 1 (default) or -1; setting qfac to 1
pixdim[0] (qfac) should be 1 (default) or -1; setting qfac to 1
2025-07-02 18:03:06,272 - INFO - pixdim[0] (qfac) should be 1 (default) or -1; setting qfac to 1
pixdim[0] (qfac) should be 1 (default) or -1; setting qfac to 1
2025-07-02 18:03:07,195 - INFO - pixdim[0] (qfac) should be 1 (default) or -1; setting qfac to 1
pixdim[0] (qfac) should be 1 (default) or -1; setting qfac to 1
2025-07-02 18:03:08,302 - INFO - pixdim[0] (qfac) should be 1 (default) or -1; setting qfac to 1
pixdim[0] (qfac) should be 1 (default) or -1; setting qfac to 1
2025-07-02 18:03:09,004 - INFO - pixdim[0] (qfac) should be 1 (default) or -1; setting qfac to 1
pixdim[0] (qfac) should be 1 (default) or -1; setting qfac to 1
2025-07-02 18:03:09,253 - INFO - pixdim[0] (qfac) should be 1 (default) or -1; setting qfac to 1
pixdim[0] (qfac) should be 1 (default) or -1; setting qfac to 1
2025-07-02 18:03:10,221 - INFO - pixdim[0] (qfac) should be 1 (default) or -1; setting qfac to 1
pixdim[0] (qfac) should be 1 (default) or -1; setting qfac to 1
2025-07-02 18:03:11,211 - INFO - pixdim[0] (qfac) should be 1 (default) or -1; setting qfac to 1
pixdim[0] (qfac) should be 1 (default) or -1; setting qfac to 1
2025-07-02 18:03:12,315 - INFO - pixdim[0] (qfac) should be 1 (default) or -1; setting qfac to 1
pixdim[0] (qfac) should be 1 (default) or -1; setting qfac to 1
2025-07-02 18:03:13,067 - INFO - pixdim[0] (qfac) should be 1 (default) or -1; setting qfac to 1
pixdim[0] (qfac) should be 1 (default) or -1; setting qfac to 1
2025-07-02 18:03:13,317 - INFO - pixdim[0] (qfac) should be 1 (default) or -1; setting qfac to 1
pixdim[0] (qfac) should be 1 (default) or -1; setting qfac to 1
2025-07-02 18:03:14,147 - INFO - pixdim[0] (qfac) should be 1 (default) or -1; setting qfac to 1
pixdim[0] (qfac) should be 1 (default) or -1; setting qfac to 1
2025-07-02 18:03:15,119 - INFO - pixdim[0] (qfac) should be 1 (default) or -1; setting qfac to 1
pixdim[0] (qfac) should be 1 (default) or -1; setting qfac to 1
2025-07-02 18:03:16,203 - INFO - pixdim[0] (qfac) should be 1 (default) or -1; setting qfac to 1
pixdim[0] (qfac) should be 1 (default) or -1; setting qfac to 1
2025-07-02 18:03:17,128 - INFO - pixdim[0] (qfac) should be 1 (default) or -1; setting qfac to 1
pixdim[0] (qfac) should be 1 (default) or -1; setting qfac to 1
2025-07-02 18:03:18,106 - INFO - pixdim[0] (qfac) should be 1 (default) or -1; setting qfac to 1
pixdim[0] (qfac) should be 1 (default) or -1; setting qfac to 1
2025-07-02 18:03:19,035 - INFO - pixdim[0] (qfac) should be 1 (default) or -1; setting qfac to 1
pixdim[0] (qfac) should be 1 (default) or -1; setting qfac to 1
2025-07-02 18:03:20,101 - INFO - pixdim[0] (qfac) should be 1 (default) or -1; setting qfac to 1
pixdim[0] (qfac) should be 1 (default) or -1; setting qfac to 1
2025-07-02 18:03:21,095 - INFO - pixdim[0] (qfac) should be 1 (default) or -1; setting qfac to 1
pixdim[0] (qfac) should be 1 (default) or -1; setting qfac to 1
2025-07-02 18:03:22,087 - INFO - pixdim[0] (qfac) should be 1 (default) or -1; setting qfac to 1
pixdim[0] (qfac) should be 1 (default) or -1; setting qfac to 1
2025-07-02 18:03:23,073 - INFO - pixdim[0] (qfac) should be 1 (default) or -1; setting qfac to 1
pixdim[0] (qfac) should be 1 (default) or -1; setting qfac to 1
2025-07-02 18:03:24,143 - INFO - pixdim[0] (qfac) should be 1 (default) or -1; setting qfac to 1
pixdim[0] (qfac) should be 1 (default) or -1; setting qfac to 1
2025-07-02 18:03:25,167 - INFO - pixdim[0] (qfac) should be 1 (default) or -1; setting qfac to 1
pixdim[0] (qfac) should be 1 (default) or -1; setting qfac to 1
2025-07-02 18:03:26,134 - INFO - pixdim[0] (qfac) should be 1 (default) or -1; setting qfac to 1
pixdim[0] (qfac) should be 1 (default) or -1; setting qfac to 1
2025-07-02 18:03:27,038 - INFO - pixdim[0] (qfac) should be 1 (default) or -1; setting qfac to 1
pixdim[0] (qfac) should be 1 (default) or -1; setting qfac to 1
2025-07-02 18:03:28,094 - INFO - pixdim[0] (qfac) should be 1 (default) or -1; setting qfac to 1
pixdim[0] (qfac) should be 1 (default) or -1; setting qfac to 1
2025-07-02 18:03:29,103 - INFO - pixdim[0] (qfac) should be 1 (default) or -1; setting qfac to 1
pixdim[0] (qfac) should be 1 (default) or -1; setting qfac to 1
2025-07-02 18:03:30,034 - INFO - pixdim[0] (qfac) should be 1 (default) or -1; setting qfac to 1
pixdim[0] (qfac) should be 1 (default) or -1; setting qfac to 1
2025-07-02 18:03:31,011 - INFO - pixdim[0] (qfac) should be 1 (default) or -1; setting qfac to 1
pixdim[0] (qfac) should be 1 (default) or -1; setting qfac to 1
2025-07-02 18:03:32,096 - INFO - pixdim[0] (qfac) should be 1 (default) or -1; setting qfac to 1
pixdim[0] (qfac) should be 1 (default) or -1; setting qfac to 1
2025-07-02 18:03:33,079 - INFO - pixdim[0] (qfac) should be 1 (default) or -1; setting qfac to 1
pixdim[0] (qfac) should be 1 (default) or -1; setting qfac to 1
2025-07-02 18:03:33,966 - INFO - pixdim[0] (qfac) should be 1 (default) or -1; setting qfac to 1
pixdim[0] (qfac) should be 1 (default) or -1; setting qfac to 1
2025-07-02 18:03:34,931 - INFO - pixdim[0] (qfac) should be 1 (default) or -1; setting qfac to 1
pixdim[0] (qfac) should be 1 (default) or -1; setting qfac to 1
2025-07-02 18:03:36,025 - INFO - pixdim[0] (qfac) should be 1 (default) or -1; setting qfac to 1
pixdim[0] (qfac) should be 1 (default) or -1; setting qfac to 1
2025-07-02 18:03:36,972 - INFO - pixdim[0] (qfac) should be 1 (default) or -1; setting qfac to 1
pixdim[0] (qfac) should be 1 (default) or -1; setting qfac to 1
2025-07-02 18:03:37,970 - INFO - pixdim[0] (qfac) should be 1 (default) or -1; setting qfac to 1
pixdim[0] (qfac) should be 1 (default) or -1; setting qfac to 1
2025-07-02 18:03:38,894 - INFO - pixdim[0] (qfac) should be 1 (default) or -1; setting qfac to 1
pixdim[0] (qfac) should be 1 (default) or -1; setting qfac to 1
2025-07-02 18:03:39,997 - INFO - pixdim[0] (qfac) should be 1 (default) or -1; setting qfac to 1
pixdim[0] (qfac) should be 1 (default) or -1; setting qfac to 1
2025-07-02 18:03:40,916 - INFO - pixdim[0] (qfac) should be 1 (default) or -1; setting qfac to 1
pixdim[0] (qfac) should be 1 (default) or -1; setting qfac to 1
2025-07-02 18:03:41,885 - INFO - pixdim[0] (qfac) should be 1 (default) or -1; setting qfac to 1
pixdim[0] (qfac) should be 1 (default) or -1; setting qfac to 1
2025-07-02 18:03:42,762 - INFO - pixdim[0] (qfac) should be 1 (default) or -1; setting qfac to 1
pixdim[0] (qfac) should be 1 (default) or -1; setting qfac to 1
2025-07-02 18:03:43,742 - INFO - pixdim[0] (qfac) should be 1 (default) or -1; setting qfac to 1
pixdim[0] (qfac) should be 1 (default) or -1; setting qfac to 1
2025-07-02 18:03:44,690 - INFO - pixdim[0] (qfac) should be 1 (default) or -1; setting qfac to 1
pixdim[0] (qfac) should be 1 (default) or -1; setting qfac to 1
2025-07-02 18:03:45,736 - INFO - pixdim[0] (qfac) should be 1 (default) or -1; setting qfac to 1
pixdim[0] (qfac) should be 1 (default) or -1; setting qfac to 1
2025-07-02 18:03:46,743 - INFO - pixdim[0] (qfac) should be 1 (default) or -1; setting qfac to 1
pixdim[0] (qfac) should be 1 (default) or -1; setting qfac to 1
2025-07-02 18:03:47,816 - INFO - pixdim[0] (qfac) should be 1 (default) or -1; setting qfac to 1
pixdim[0] (qfac) should be 1 (default) or -1; setting qfac to 1
2025-07-02 18:03:48,800 - INFO - pixdim[0] (qfac) should be 1 (default) or -1; setting qfac to 1
pixdim[0] (qfac) should be 1 (default) or -1; setting qfac to 1
2025-07-02 18:03:49,762 - INFO - pixdim[0] (qfac) should be 1 (default) or -1; setting qfac to 1
pixdim[0] (qfac) should be 1 (default) or -1; setting qfac to 1
2025-07-02 18:03:50,588 - INFO - pixdim[0] (qfac) should be 1 (default) or -1; setting qfac to 1
pixdim[0] (qfac) should be 1 (default) or -1; setting qfac to 1
2025-07-02 18:03:51,653 - INFO - pixdim[0] (qfac) should be 1 (default) or -1; setting qfac to 1
pixdim[0] (qfac) should be 1 (default) or -1; setting qfac to 1
2025-07-02 18:03:52,615 - INFO - pixdim[0] (qfac) should be 1 (default) or -1; setting qfac to 1
pixdim[0] (qfac) should be 1 (default) or -1; setting qfac to 1
2025-07-02 18:03:53,546 - INFO - pixdim[0] (qfac) should be 1 (default) or -1; setting qfac to 1
pixdim[0] (qfac) should be 1 (default) or -1; setting qfac to 1
2025-07-02 18:03:54,551 - INFO - pixdim[0] (qfac) should be 1 (default) or -1; setting qfac to 1
pixdim[0] (qfac) should be 1 (default) or -1; setting qfac to 1
2025-07-02 18:03:55,615 - INFO - pixdim[0] (qfac) should be 1 (default) or -1; setting qfac to 1
pixdim[0] (qfac) should be 1 (default) or -1; setting qfac to 1
2025-07-02 18:03:56,558 - INFO - pixdim[0] (qfac) should be 1 (default) or -1; setting qfac to 1
pixdim[0] (qfac) should be 1 (default) or -1; setting qfac to 1
2025-07-02 18:03:57,500 - INFO - pixdim[0] (qfac) should be 1 (default) or -1; setting qfac to 1
pixdim[0] (qfac) should be 1 (default) or -1; setting qfac to 1
2025-07-02 18:03:58,347 - INFO - pixdim[0] (qfac) should be 1 (default) or -1; setting qfac to 1
pixdim[0] (qfac) should be 1 (default) or -1; setting qfac to 1
2025-07-02 18:03:59,415 - INFO - pixdim[0] (qfac) should be 1 (default) or -1; setting qfac to 1
pixdim[0] (qfac) should be 1 (default) or -1; setting qfac to 1
2025-07-02 18:04:00,371 - INFO - pixdim[0] (qfac) should be 1 (default) or -1; setting qfac to 1
pixdim[0] (qfac) should be 1 (default) or -1; setting qfac to 1
2025-07-02 18:04:01,388 - INFO - pixdim[0] (qfac) should be 1 (default) or -1; setting qfac to 1
pixdim[0] (qfac) should be 1 (default) or -1; setting qfac to 1
2025-07-02 18:04:02,407 - INFO - pixdim[0] (qfac) should be 1 (default) or -1; setting qfac to 1
pixdim[0] (qfac) should be 1 (default) or -1; setting qfac to 1
2025-07-02 18:04:03,491 - INFO - pixdim[0] (qfac) should be 1 (default) or -1; setting qfac to 1
pixdim[0] (qfac) should be 1 (default) or -1; setting qfac to 1
2025-07-02 18:04:04,467 - INFO - pixdim[0] (qfac) should be 1 (default) or -1; setting qfac to 1
pixdim[0] (qfac) should be 1 (default) or -1; setting qfac to 1
2025-07-02 18:04:05,433 - INFO - pixdim[0] (qfac) should be 1 (default) or -1; setting qfac to 1
pixdim[0] (qfac) should be 1 (default) or -1; setting qfac to 1
2025-07-02 18:04:06,364 - INFO - pixdim[0] (qfac) should be 1 (default) or -1; setting qfac to 1
pixdim[0] (qfac) should be 1 (default) or -1; setting qfac to 1
2025-07-02 18:04:07,429 - INFO - pixdim[0] (qfac) should be 1 (default) or -1; setting qfac to 1
pixdim[0] (qfac) should be 1 (default) or -1; setting qfac to 1
2025-07-02 18:04:08,349 - INFO - pixdim[0] (qfac) should be 1 (default) or -1; setting qfac to 1
pixdim[0] (qfac) should be 1 (default) or -1; setting qfac to 1
2025-07-02 18:04:09,328 - INFO - pixdim[0] (qfac) should be 1 (default) or -1; setting qfac to 1
pixdim[0] (qfac) should be 1 (default) or -1; setting qfac to 1
2025-07-02 18:04:10,261 - INFO - pixdim[0] (qfac) should be 1 (default) or -1; setting qfac to 1
pixdim[0] (qfac) should be 1 (default) or -1; setting qfac to 1
2025-07-02 18:04:11,318 - INFO - pixdim[0] (qfac) should be 1 (default) or -1; setting qfac to 1
pixdim[0] (qfac) should be 1 (default) or -1; setting qfac to 1
2025-07-02 18:04:12,285 - INFO - pixdim[0] (qfac) should be 1 (default) or -1; setting qfac to 1
pixdim[0] (qfac) should be 1 (default) or -1; setting qfac to 1
2025-07-02 18:04:13,165 - INFO - pixdim[0] (qfac) should be 1 (default) or -1; setting qfac to 1
pixdim[0] (qfac) should be 1 (default) or -1; setting qfac to 1
2025-07-02 18:04:14,166 - INFO - pixdim[0] (qfac) should be 1 (default) or -1; setting qfac to 1
pixdim[0] (qfac) should be 1 (default) or -1; setting qfac to 1
2025-07-02 18:04:15,222 - INFO - pixdim[0] (qfac) should be 1 (default) or -1; setting qfac to 1
pixdim[0] (qfac) should be 1 (default) or -1; setting qfac to 1
2025-07-02 18:04:16,258 - INFO - pixdim[0] (qfac) should be 1 (default) or -1; setting qfac to 1
pixdim[0] (qfac) should be 1 (default) or -1; setting qfac to 1
2025-07-02 18:04:17,098 - INFO - pixdim[0] (qfac) should be 1 (default) or -1; setting qfac to 1
pixdim[0] (qfac) should be 1 (default) or -1; setting qfac to 1
2025-07-02 18:04:18,040 - INFO - pixdim[0] (qfac) should be 1 (default) or -1; setting qfac to 1
pixdim[0] (qfac) should be 1 (default) or -1; setting qfac to 1
2025-07-02 18:04:19,095 - INFO - pixdim[0] (qfac) should be 1 (default) or -1; setting qfac to 1
pixdim[0] (qfac) should be 1 (default) or -1; setting qfac to 1
2025-07-02 18:04:19,994 - INFO - pixdim[0] (qfac) should be 1 (default) or -1; setting qfac to 1
pixdim[0] (qfac) should be 1 (default) or -1; setting qfac to 1
2025-07-02 18:04:20,900 - INFO - pixdim[0] (qfac) should be 1 (default) or -1; setting qfac to 1
pixdim[0] (qfac) should be 1 (default) or -1; setting qfac to 1
2025-07-02 18:04:21,856 - INFO - pixdim[0] (qfac) should be 1 (default) or -1; setting qfac to 1
pixdim[0] (qfac) should be 1 (default) or -1; setting qfac to 1
2025-07-02 18:04:22,902 - INFO - pixdim[0] (qfac) should be 1 (default) or -1; setting qfac to 1
pixdim[0] (qfac) should be 1 (default) or -1; setting qfac to 1
2025-07-02 18:04:23,863 - INFO - pixdim[0] (qfac) should be 1 (default) or -1; setting qfac to 1
pixdim[0] (qfac) should be 1 (default) or -1; setting qfac to 1
2025-07-02 18:04:24,794 - INFO - pixdim[0] (qfac) should be 1 (default) or -1; setting qfac to 1
pixdim[0] (qfac) should be 1 (default) or -1; setting qfac to 1
2025-07-02 18:04:25,748 - INFO - pixdim[0] (qfac) should be 1 (default) or -1; setting qfac to 1
pixdim[0] (qfac) should be 1 (default) or -1; setting qfac to 1
2025-07-02 18:04:26,859 - INFO - pixdim[0] (qfac) should be 1 (default) or -1; setting qfac to 1
pixdim[0] (qfac) should be 1 (default) or -1; setting qfac to 1
2025-07-02 18:04:27,855 - INFO - pixdim[0] (qfac) should be 1 (default) or -1; setting qfac to 1
pixdim[0] (qfac) should be 1 (default) or -1; setting qfac to 1
2025-07-02 18:04:28,746 - INFO - pixdim[0] (qfac) should be 1 (default) or -1; setting qfac to 1
pixdim[0] (qfac) should be 1 (default) or -1; setting qfac to 1
2025-07-02 18:04:29,628 - INFO - pixdim[0] (qfac) should be 1 (default) or -1; setting qfac to 1
pixdim[0] (qfac) should be 1 (default) or -1; setting qfac to 1
2025-07-02 18:04:31,457 - INFO - pixdim[0] (qfac) should be 1 (default) or -1; setting qfac to 1
pixdim[0] (qfac) should be 1 (default) or -1; setting qfac to 1
2025-07-02 18:04:32,427 - INFO - pixdim[0] (qfac) should be 1 (default) or -1; setting qfac to 1
pixdim[0] (qfac) should be 1 (default) or -1; setting qfac to 1
2025-07-02 18:04:33,399 - INFO - pixdim[0] (qfac) should be 1 (default) or -1; setting qfac to 1
pixdim[0] (qfac) should be 1 (default) or -1; setting qfac to 1
2025-07-02 18:04:34,363 - INFO - pixdim[0] (qfac) should be 1 (default) or -1; setting qfac to 1
pixdim[0] (qfac) should be 1 (default) or -1; setting qfac to 1
2025-07-02 18:04:39,680 - INFO - pixdim[0] (qfac) should be 1 (default) or -1; setting qfac to 1
pixdim[0] (qfac) should be 1 (default) or -1; setting qfac to 1
2025-07-02 18:04:40,508 - INFO - pixdim[0] (qfac) should be 1 (default) or -1; setting qfac to 1
pixdim[0] (qfac) should be 1 (default) or -1; setting qfac to 1
2025-07-02 18:04:41,365 - INFO - pixdim[0] (qfac) should be 1 (default) or -1; setting qfac to 1
pixdim[0] (qfac) should be 1 (default) or -1; setting qfac to 1
2025-07-02 18:04:42,206 - INFO - pixdim[0] (qfac) should be 1 (default) or -1; setting qfac to 1
pixdim[0] (qfac) should be 1 (default) or -1; setting qfac to 1
2025-07-02 18:04:43,332 - INFO - pixdim[0] (qfac) should be 1 (default) or -1; setting qfac to 1
pixdim[0] (qfac) should be 1 (default) or -1; setting qfac to 1
2025-07-02 18:04:44,306 - INFO - pixdim[0] (qfac) should be 1 (default) or -1; setting qfac to 1
pixdim[0] (qfac) should be 1 (default) or -1; setting qfac to 1
2025-07-02 18:04:45,236 - INFO - pixdim[0] (qfac) should be 1 (default) or -1; setting qfac to 1
pixdim[0] (qfac) should be 1 (default) or -1; setting qfac to 1
2025-07-02 18:04:46,213 - INFO - pixdim[0] (qfac) should be 1 (default) or -1; setting qfac to 1
pixdim[0] (qfac) should be 1 (default) or -1; setting qfac to 1
2025-07-02 18:04:47,316 - INFO - pixdim[0] (qfac) should be 1 (default) or -1; setting qfac to 1
pixdim[0] (qfac) should be 1 (default) or -1; setting qfac to 1
2025-07-02 18:04:48,284 - INFO - pixdim[0] (qfac) should be 1 (default) or -1; setting qfac to 1
pixdim[0] (qfac) should be 1 (default) or -1; setting qfac to 1
2025-07-02 18:04:49,009 - INFO - pixdim[0] (qfac) should be 1 (default) or -1; setting qfac to 1
pixdim[0] (qfac) should be 1 (default) or -1; setting qfac to 1
2025-07-02 18:04:49,226 - INFO - pixdim[0] (qfac) should be 1 (default) or -1; setting qfac to 1
pixdim[0] (qfac) should be 1 (default) or -1; setting qfac to 1
2025-07-02 18:04:50,166 - INFO - pixdim[0] (qfac) should be 1 (default) or -1; setting qfac to 1
pixdim[0] (qfac) should be 1 (default) or -1; setting qfac to 1
2025-07-02 18:04:51,213 - INFO - pixdim[0] (qfac) should be 1 (default) or -1; setting qfac to 1
pixdim[0] (qfac) should be 1 (default) or -1; setting qfac to 1
2025-07-02 18:04:52,240 - INFO - pixdim[0] (qfac) should be 1 (default) or -1; setting qfac to 1
pixdim[0] (qfac) should be 1 (default) or -1; setting qfac to 1
2025-07-02 18:04:53,291 - INFO - pixdim[0] (qfac) should be 1 (default) or -1; setting qfac to 1
pixdim[0] (qfac) should be 1 (default) or -1; setting qfac to 1
2025-07-02 18:04:54,289 - INFO - pixdim[0] (qfac) should be 1 (default) or -1; setting qfac to 1
pixdim[0] (qfac) should be 1 (default) or -1; setting qfac to 1
2025-07-02 18:04:55,361 - INFO - pixdim[0] (qfac) should be 1 (default) or -1; setting qfac to 1
pixdim[0] (qfac) should be 1 (default) or -1; setting qfac to 1
2025-07-02 18:04:56,287 - INFO - pixdim[0] (qfac) should be 1 (default) or -1; setting qfac to 1
pixdim[0] (qfac) should be 1 (default) or -1; setting qfac to 1
2025-07-02 18:04:57,224 - INFO - pixdim[0] (qfac) should be 1 (default) or -1; setting qfac to 1
pixdim[0] (qfac) should be 1 (default) or -1; setting qfac to 1
2025-07-02 18:04:58,161 - INFO - pixdim[0] (qfac) should be 1 (default) or -1; setting qfac to 1
pixdim[0] (qfac) should be 1 (default) or -1; setting qfac to 1
2025-07-02 18:04:59,248 - INFO - pixdim[0] (qfac) should be 1 (default) or -1; setting qfac to 1
pixdim[0] (qfac) should be 1 (default) or -1; setting qfac to 1
2025-07-02 18:05:00,217 - INFO - pixdim[0] (qfac) should be 1 (default) or -1; setting qfac to 1
pixdim[0] (qfac) should be 1 (default) or -1; setting qfac to 1
2025-07-02 18:05:01,098 - INFO - pixdim[0] (qfac) should be 1 (default) or -1; setting qfac to 1
pixdim[0] (qfac) should be 1 (default) or -1; setting qfac to 1
2025-07-02 18:05:02,099 - INFO - pixdim[0] (qfac) should be 1 (default) or -1; setting qfac to 1
pixdim[0] (qfac) should be 1 (default) or -1; setting qfac to 1
2025-07-02 18:05:03,158 - INFO - pixdim[0] (qfac) should be 1 (default) or -1; setting qfac to 1
pixdim[0] (qfac) should be 1 (default) or -1; setting qfac to 1
2025-07-02 18:05:04,204 - INFO - pixdim[0] (qfac) should be 1 (default) or -1; setting qfac to 1
pixdim[0] (qfac) should be 1 (default) or -1; setting qfac to 1
2025-07-02 18:05:05,121 - INFO - pixdim[0] (qfac) should be 1 (default) or -1; setting qfac to 1
pixdim[0] (qfac) should be 1 (default) or -1; setting qfac to 1
2025-07-02 18:05:06,058 - INFO - pixdim[0] (qfac) should be 1 (default) or -1; setting qfac to 1
pixdim[0] (qfac) should be 1 (default) or -1; setting qfac to 1
2025-07-02 18:05:07,125 - INFO - pixdim[0] (qfac) should be 1 (default) or -1; setting qfac to 1
pixdim[0] (qfac) should be 1 (default) or -1; setting qfac to 1
2025-07-02 18:05:08,015 - INFO - pixdim[0] (qfac) should be 1 (default) or -1; setting qfac to 1
pixdim[0] (qfac) should be 1 (default) or -1; setting qfac to 1
2025-07-02 18:05:09,032 - INFO - pixdim[0] (qfac) should be 1 (default) or -1; setting qfac to 1
pixdim[0] (qfac) should be 1 (default) or -1; setting qfac to 1
2025-07-02 18:05:09,987 - INFO - pixdim[0] (qfac) should be 1 (default) or -1; setting qfac to 1
pixdim[0] (qfac) should be 1 (default) or -1; setting qfac to 1
2025-07-02 18:05:11,031 - INFO - pixdim[0] (qfac) should be 1 (default) or -1; setting qfac to 1
pixdim[0] (qfac) should be 1 (default) or -1; setting qfac to 1
2025-07-02 18:05:12,065 - INFO - pixdim[0] (qfac) should be 1 (default) or -1; setting qfac to 1
pixdim[0] (qfac) should be 1 (default) or -1; setting qfac to 1
2025-07-02 18:05:13,107 - INFO - pixdim[0] (qfac) should be 1 (default) or -1; setting qfac to 1
pixdim[0] (qfac) should be 1 (default) or -1; setting qfac to 1
2025-07-02 18:05:14,003 - INFO - pixdim[0] (qfac) should be 1 (default) or -1; setting qfac to 1
pixdim[0] (qfac) should be 1 (default) or -1; setting qfac to 1
2025-07-02 18:05:15,091 - INFO - pixdim[0] (qfac) should be 1 (default) or -1; setting qfac to 1
pixdim[0] (qfac) should be 1 (default) or -1; setting qfac to 1
2025-07-02 18:05:16,030 - INFO - pixdim[0] (qfac) should be 1 (default) or -1; setting qfac to 1
pixdim[0] (qfac) should be 1 (default) or -1; setting qfac to 1
2025-07-02 18:05:17,082 - INFO - pixdim[0] (qfac) should be 1 (default) or -1; setting qfac to 1
pixdim[0] (qfac) should be 1 (default) or -1; setting qfac to 1
2025-07-02 18:05:18,004 - INFO - pixdim[0] (qfac) should be 1 (default) or -1; setting qfac to 1
pixdim[0] (qfac) should be 1 (default) or -1; setting qfac to 1
2025-07-02 18:05:19,128 - INFO - pixdim[0] (qfac) should be 1 (default) or -1; setting qfac to 1
pixdim[0] (qfac) should be 1 (default) or -1; setting qfac to 1
2025-07-02 18:05:20,109 - INFO - pixdim[0] (qfac) should be 1 (default) or -1; setting qfac to 1
pixdim[0] (qfac) should be 1 (default) or -1; setting qfac to 1
2025-07-02 18:05:21,085 - INFO - pixdim[0] (qfac) should be 1 (default) or -1; setting qfac to 1
pixdim[0] (qfac) should be 1 (default) or -1; setting qfac to 1
2025-07-02 18:05:22,046 - INFO - pixdim[0] (qfac) should be 1 (default) or -1; setting qfac to 1
pixdim[0] (qfac) should be 1 (default) or -1; setting qfac to 1
2025-07-02 18:05:23,196 - INFO - pixdim[0] (qfac) should be 1 (default) or -1; setting qfac to 1
pixdim[0] (qfac) should be 1 (default) or -1; setting qfac to 1
2025-07-02 18:05:24,171 - INFO - pixdim[0] (qfac) should be 1 (default) or -1; setting qfac to 1
pixdim[0] (qfac) should be 1 (default) or -1; setting qfac to 1
2025-07-02 18:05:24,914 - INFO - pixdim[0] (qfac) should be 1 (default) or -1; setting qfac to 1
pixdim[0] (qfac) should be 1 (default) or -1; setting qfac to 1
2025-07-02 18:05:25,150 - INFO - pixdim[0] (qfac) should be 1 (default) or -1; setting qfac to 1
pixdim[0] (qfac) should be 1 (default) or -1; setting qfac to 1
2025-07-02 18:05:26,174 - INFO - pixdim[0] (qfac) should be 1 (default) or -1; setting qfac to 1
pixdim[0] (qfac) should be 1 (default) or -1; setting qfac to 1
2025-07-02 18:05:27,390 - INFO - pixdim[0] (qfac) should be 1 (default) or -1; setting qfac to 1
pixdim[0] (qfac) should be 1 (default) or -1; setting qfac to 1
2025-07-02 18:05:28,365 - INFO - pixdim[0] (qfac) should be 1 (default) or -1; setting qfac to 1
pixdim[0] (qfac) should be 1 (default) or -1; setting qfac to 1
2025-07-02 18:05:29,332 - INFO - pixdim[0] (qfac) should be 1 (default) or -1; setting qfac to 1
pixdim[0] (qfac) should be 1 (default) or -1; setting qfac to 1
2025-07-02 18:05:30,296 - INFO - pixdim[0] (qfac) should be 1 (default) or -1; setting qfac to 1
pixdim[0] (qfac) should be 1 (default) or -1; setting qfac to 1
2025-07-02 18:05:31,342 - INFO - pixdim[0] (qfac) should be 1 (default) or -1; setting qfac to 1
pixdim[0] (qfac) should be 1 (default) or -1; setting qfac to 1
2025-07-02 18:05:32,283 - INFO - pixdim[0] (qfac) should be 1 (default) or -1; setting qfac to 1
pixdim[0] (qfac) should be 1 (default) or -1; setting qfac to 1
2025-07-02 18:05:33,266 - INFO - pixdim[0] (qfac) should be 1 (default) or -1; setting qfac to 1
pixdim[0] (qfac) should be 1 (default) or -1; setting qfac to 1
2025-07-02 18:05:34,210 - INFO - pixdim[0] (qfac) should be 1 (default) or -1; setting qfac to 1
pixdim[0] (qfac) should be 1 (default) or -1; setting qfac to 1
2025-07-02 18:05:35,340 - INFO - pixdim[0] (qfac) should be 1 (default) or -1; setting qfac to 1
pixdim[0] (qfac) should be 1 (default) or -1; setting qfac to 1
2025-07-02 18:05:36,291 - INFO - pixdim[0] (qfac) should be 1 (default) or -1; setting qfac to 1
pixdim[0] (qfac) should be 1 (default) or -1; setting qfac to 1
2025-07-02 18:05:37,358 - INFO - pixdim[0] (qfac) should be 1 (default) or -1; setting qfac to 1
pixdim[0] (qfac) should be 1 (default) or -1; setting qfac to 1
2025-07-02 18:05:38,337 - INFO - pixdim[0] (qfac) should be 1 (default) or -1; setting qfac to 1
pixdim[0] (qfac) should be 1 (default) or -1; setting qfac to 1
2025-07-02 18:05:39,410 - INFO - pixdim[0] (qfac) should be 1 (default) or -1; setting qfac to 1
pixdim[0] (qfac) should be 1 (default) or -1; setting qfac to 1
2025-07-02 18:05:40,374 - INFO - pixdim[0] (qfac) should be 1 (default) or -1; setting qfac to 1
pixdim[0] (qfac) should be 1 (default) or -1; setting qfac to 1
2025-07-02 18:05:41,354 - INFO - pixdim[0] (qfac) should be 1 (default) or -1; setting qfac to 1
pixdim[0] (qfac) should be 1 (default) or -1; setting qfac to 1
2025-07-02 18:05:42,319 - INFO - pixdim[0] (qfac) should be 1 (default) or -1; setting qfac to 1
pixdim[0] (qfac) should be 1 (default) or -1; setting qfac to 1
2025-07-02 18:05:43,441 - INFO - pixdim[0] (qfac) should be 1 (default) or -1; setting qfac to 1
pixdim[0] (qfac) should be 1 (default) or -1; setting qfac to 1
2025-07-02 18:05:44,374 - INFO - pixdim[0] (qfac) should be 1 (default) or -1; setting qfac to 1
pixdim[0] (qfac) should be 1 (default) or -1; setting qfac to 1
2025-07-02 18:05:45,245 - INFO - pixdim[0] (qfac) should be 1 (default) or -1; setting qfac to 1
pixdim[0] (qfac) should be 1 (default) or -1; setting qfac to 1
2025-07-02 18:05:46,169 - INFO - pixdim[0] (qfac) should be 1 (default) or -1; setting qfac to 1
pixdim[0] (qfac) should be 1 (default) or -1; setting qfac to 1
2025-07-02 18:05:47,306 - INFO - pixdim[0] (qfac) should be 1 (default) or -1; setting qfac to 1
pixdim[0] (qfac) should be 1 (default) or -1; setting qfac to 1
2025-07-02 18:05:48,229 - INFO - pixdim[0] (qfac) should be 1 (default) or -1; setting qfac to 1
pixdim[0] (qfac) should be 1 (default) or -1; setting qfac to 1
2025-07-02 18:05:49,176 - INFO - pixdim[0] (qfac) should be 1 (default) or -1; setting qfac to 1
pixdim[0] (qfac) should be 1 (default) or -1; setting qfac to 1
2025-07-02 18:05:50,126 - INFO - pixdim[0] (qfac) should be 1 (default) or -1; setting qfac to 1
pixdim[0] (qfac) should be 1 (default) or -1; setting qfac to 1
2025-07-02 18:05:51,187 - INFO - pixdim[0] (qfac) should be 1 (default) or -1; setting qfac to 1
pixdim[0] (qfac) should be 1 (default) or -1; setting qfac to 1
2025-07-02 18:05:52,183 - INFO - pixdim[0] (qfac) should be 1 (default) or -1; setting qfac to 1
pixdim[0] (qfac) should be 1 (default) or -1; setting qfac to 1
2025-07-02 18:05:53,113 - INFO - pixdim[0] (qfac) should be 1 (default) or -1; setting qfac to 1
pixdim[0] (qfac) should be 1 (default) or -1; setting qfac to 1
2025-07-02 18:05:54,040 - INFO - pixdim[0] (qfac) should be 1 (default) or -1; setting qfac to 1
pixdim[0] (qfac) should be 1 (default) or -1; setting qfac to 1
2025-07-02 18:05:55,130 - INFO - pixdim[0] (qfac) should be 1 (default) or -1; setting qfac to 1
pixdim[0] (qfac) should be 1 (default) or -1; setting qfac to 1
2025-07-02 18:05:56,093 - INFO - pixdim[0] (qfac) should be 1 (default) or -1; setting qfac to 1
pixdim[0] (qfac) should be 1 (default) or -1; setting qfac to 1
2025-07-02 18:05:57,036 - INFO - pixdim[0] (qfac) should be 1 (default) or -1; setting qfac to 1
pixdim[0] (qfac) should be 1 (default) or -1; setting qfac to 1
2025-07-02 18:05:57,925 - INFO - pixdim[0] (qfac) should be 1 (default) or -1; setting qfac to 1
pixdim[0] (qfac) should be 1 (default) or -1; setting qfac to 1
2025-07-02 18:05:58,971 - INFO - pixdim[0] (qfac) should be 1 (default) or -1; setting qfac to 1
pixdim[0] (qfac) should be 1 (default) or -1; setting qfac to 1
2025-07-02 18:05:59,910 - INFO - pixdim[0] (qfac) should be 1 (default) or -1; setting qfac to 1
pixdim[0] (qfac) should be 1 (default) or -1; setting qfac to 1
2025-07-02 18:06:00,930 - INFO - pixdim[0] (qfac) should be 1 (default) or -1; setting qfac to 1
pixdim[0] (qfac) should be 1 (default) or -1; setting qfac to 1
2025-07-02 18:06:01,963 - INFO - pixdim[0] (qfac) should be 1 (default) or -1; setting qfac to 1
pixdim[0] (qfac) should be 1 (default) or -1; setting qfac to 1
2025-07-02 18:06:03,041 - INFO - pixdim[0] (qfac) should be 1 (default) or -1; setting qfac to 1
pixdim[0] (qfac) should be 1 (default) or -1; setting qfac to 1
2025-07-02 18:06:04,026 - INFO - pixdim[0] (qfac) should be 1 (default) or -1; setting qfac to 1
pixdim[0] (qfac) should be 1 (default) or -1; setting qfac to 1
2025-07-02 18:06:04,947 - INFO - pixdim[0] (qfac) should be 1 (default) or -1; setting qfac to 1
pixdim[0] (qfac) should be 1 (default) or -1; setting qfac to 1
2025-07-02 18:06:05,879 - INFO - pixdim[0] (qfac) should be 1 (default) or -1; setting qfac to 1
pixdim[0] (qfac) should be 1 (default) or -1; setting qfac to 1
2025-07-02 18:06:06,957 - INFO - pixdim[0] (qfac) should be 1 (default) or -1; setting qfac to 1
pixdim[0] (qfac) should be 1 (default) or -1; setting qfac to 1
2025-07-02 18:06:07,890 - INFO - pixdim[0] (qfac) should be 1 (default) or -1; setting qfac to 1
pixdim[0] (qfac) should be 1 (default) or -1; setting qfac to 1
2025-07-02 18:06:08,876 - INFO - pixdim[0] (qfac) should be 1 (default) or -1; setting qfac to 1
pixdim[0] (qfac) should be 1 (default) or -1; setting qfac to 1
2025-07-02 18:06:09,834 - INFO - pixdim[0] (qfac) should be 1 (default) or -1; setting qfac to 1
pixdim[0] (qfac) should be 1 (default) or -1; setting qfac to 1
2025-07-02 18:06:10,944 - INFO - pixdim[0] (qfac) should be 1 (default) or -1; setting qfac to 1
pixdim[0] (qfac) should be 1 (default) or -1; setting qfac to 1
2025-07-02 18:06:11,922 - INFO - pixdim[0] (qfac) should be 1 (default) or -1; setting qfac to 1
pixdim[0] (qfac) should be 1 (default) or -1; setting qfac to 1
2025-07-02 18:06:12,873 - INFO - pixdim[0] (qfac) should be 1 (default) or -1; setting qfac to 1
pixdim[0] (qfac) should be 1 (default) or -1; setting qfac to 1
2025-07-02 18:06:13,802 - INFO - pixdim[0] (qfac) should be 1 (default) or -1; setting qfac to 1
/mnt/beegfs/hellgate/home/rb194958e/.conda/envs/tf215_env/lib/python3.11/site-packages/keras/src/engine/training.py:3103: UserWarning: You are saving your model as an HDF5 file via `model.save()`. This file format is considered legacy. We recommend using instead the native Keras format, e.g. `model.save('my_model.keras')`.
  saving_api.save_model(
2025-07-02 18:06:15,401 - ERROR - ❌ Training pipeline failed: Unable to synchronously create dataset (name already exists)
Traceback (most recent call last):
  File "/mnt/beegfs/hellgate/home/rb194958e/stroke_segmentation_sota/smart_sota_2025_final.py", line 235, in train
    model.fit(train_gen, validation_data=val_gen, epochs=Config.EPOCHS, callbacks=callbacks, verbose=1)
  File "/mnt/beegfs/hellgate/home/rb194958e/.conda/envs/tf215_env/lib/python3.11/site-packages/keras/src/utils/traceback_utils.py", line 70, in error_handler
    raise e.with_traceback(filtered_tb) from None
  File "/mnt/beegfs/hellgate/home/rb194958e/.conda/envs/tf215_env/lib/python3.11/site-packages/h5py/_hl/group.py", line 186, in create_dataset
    dsid = dataset.make_new_dset(group, shape, dtype, data, name, **kwds)
           ^^^^^^^^^^^^^^^^^^^^^^^^^^^^^^^^^^^^^^^^^^^^^^^^^^^^^^^^^^^^^^
  File "/mnt/beegfs/hellgate/home/rb194958e/.conda/envs/tf215_env/lib/python3.11/site-packages/h5py/_hl/dataset.py", line 175, in make_new_dset
    dset_id = h5d.create(parent.id, name, tid, sid, dcpl=dcpl, dapl=dapl)
              ^^^^^^^^^^^^^^^^^^^^^^^^^^^^^^^^^^^^^^^^^^^^^^^^^^^^^^^^^^^
  File "h5py/_objects.pyx", line 56, in h5py._objects.with_phil.wrapper
  File "h5py/_objects.pyx", line 57, in h5py._objects.with_phil.wrapper
  File "h5py/h5d.pyx", line 136, in h5py.h5d.create
ValueError: Unable to synchronously create dataset (name already exists)

2025-07-02 18:06:15,410 - INFO - 🎉🎉🎉 SCRIPT FINISHED! 🎉🎉🎉
