2025-06-14 09:05:04.197482: I tensorflow/core/util/port.cc:113] oneDNN custom operations are on. You may see slightly different numerical results due to floating-point round-off errors from different computation orders. To turn them off, set the environment variable `TF_ENABLE_ONEDNN_OPTS=0`.
2025-06-14 09:05:05.038376: E external/local_xla/xla/stream_executor/cuda/cuda_dnn.cc:9261] Unable to register cuDNN factory: Attempting to register factory for plugin cuDNN when one has already been registered
2025-06-14 09:05:05.039055: E external/local_xla/xla/stream_executor/cuda/cuda_fft.cc:607] Unable to register cuFFT factory: Attempting to register factory for plugin cuFFT when one has already been registered
2025-06-14 09:05:05.166681: E external/local_xla/xla/stream_executor/cuda/cuda_blas.cc:1515] Unable to register cuBLAS factory: Attempting to register factory for plugin cuBLAS when one has already been registered
2025-06-14 09:05:05.435803: I tensorflow/core/platform/cpu_feature_guard.cc:182] This TensorFlow binary is optimized to use available CPU instructions in performance-critical operations.
To enable the following instructions: AVX2 AVX512F AVX512_VNNI FMA, in other operations, rebuild TensorFlow with the appropriate compiler flags.
2025-06-14 09:05:12.135858: W tensorflow/compiler/tf2tensorrt/utils/py_utils.cc:38] TF-TRT Warning: Could not find TensorRT
2025-06-14 09:05:23,282 - INFO - 🚀 Starting Stroke Lesion Segmentation Training
2025-06-14 09:05:25,445 - INFO - Detected 1 GPU(s)
2025-06-14 09:05:25,447 - INFO - Using GPU devices: ['0']
2025-06-14 09:05:25.505727: I tensorflow/core/common_runtime/gpu/gpu_device.cc:1929] Created device /job:localhost/replica:0/task:0/device:GPU:0 with 22483 MB memory:  -> device: 0, name: NVIDIA RTX 4500 Ada Generation, pci bus id: 0000:1c:00.0, compute capability: 8.9
2025-06-14 09:05:25,542 - INFO - GPU test successful: 6.0
2025-06-14 09:05:25,544 - WARNING - Config file config/default_config.yaml not found, using defaults
INFO:tensorflow:Using MirroredStrategy with devices ('/job:localhost/replica:0/task:0/device:GPU:0',)
2025-06-14 09:05:25,545 - INFO - Using MirroredStrategy with devices ('/job:localhost/replica:0/task:0/device:GPU:0',)
2025-06-14 09:05:25,548 - INFO - Using MirroredStrategy with 1 GPUs
2025-06-14 09:05:25,549 - INFO - Global batch size: 2
2025-06-14 09:05:25,550 - INFO - Configuration: {'model': {'input_shape': [192, 224, 176, 1], 'base_filters': 32, 'depth': 5, 'use_attention': True, 'use_deep_supervision': True}, 'training': {'epochs': 100, 'batch_size_per_gpu': 2, 'learning_rate': 0.0001, 'validation_split': 0.2, 'patience': 15, 'global_batch_size': 2}, 'data': {'data_dir': '/mnt/beegfs/hellgate/home/rb194958e/Atlas_2/Training', 'cache_dir': '/tmp/stroke_cache', 'num_workers': 4, 'prefetch': 2}}
INFO:tensorflow:Reduce to /job:localhost/replica:0/task:0/device:CPU:0 then broadcast to ('/job:localhost/replica:0/task:0/device:CPU:0',).
2025-06-14 09:05:26,172 - INFO - Reduce to /job:localhost/replica:0/task:0/device:CPU:0 then broadcast to ('/job:localhost/replica:0/task:0/device:CPU:0',).
INFO:tensorflow:Reduce to /job:localhost/replica:0/task:0/device:CPU:0 then broadcast to ('/job:localhost/replica:0/task:0/device:CPU:0',).
2025-06-14 09:05:26,176 - INFO - Reduce to /job:localhost/replica:0/task:0/device:CPU:0 then broadcast to ('/job:localhost/replica:0/task:0/device:CPU:0',).
INFO:tensorflow:Reduce to /job:localhost/replica:0/task:0/device:CPU:0 then broadcast to ('/job:localhost/replica:0/task:0/device:CPU:0',).
2025-06-14 09:05:26,198 - INFO - Reduce to /job:localhost/replica:0/task:0/device:CPU:0 then broadcast to ('/job:localhost/replica:0/task:0/device:CPU:0',).
INFO:tensorflow:Reduce to /job:localhost/replica:0/task:0/device:CPU:0 then broadcast to ('/job:localhost/replica:0/task:0/device:CPU:0',).
2025-06-14 09:05:26,202 - INFO - Reduce to /job:localhost/replica:0/task:0/device:CPU:0 then broadcast to ('/job:localhost/replica:0/task:0/device:CPU:0',).
INFO:tensorflow:Reduce to /job:localhost/replica:0/task:0/device:CPU:0 then broadcast to ('/job:localhost/replica:0/task:0/device:CPU:0',).
2025-06-14 09:05:26,225 - INFO - Reduce to /job:localhost/replica:0/task:0/device:CPU:0 then broadcast to ('/job:localhost/replica:0/task:0/device:CPU:0',).
INFO:tensorflow:Reduce to /job:localhost/replica:0/task:0/device:CPU:0 then broadcast to ('/job:localhost/replica:0/task:0/device:CPU:0',).
2025-06-14 09:05:26,229 - INFO - Reduce to /job:localhost/replica:0/task:0/device:CPU:0 then broadcast to ('/job:localhost/replica:0/task:0/device:CPU:0',).
INFO:tensorflow:Reduce to /job:localhost/replica:0/task:0/device:CPU:0 then broadcast to ('/job:localhost/replica:0/task:0/device:CPU:0',).
2025-06-14 09:05:26,251 - INFO - Reduce to /job:localhost/replica:0/task:0/device:CPU:0 then broadcast to ('/job:localhost/replica:0/task:0/device:CPU:0',).
INFO:tensorflow:Reduce to /job:localhost/replica:0/task:0/device:CPU:0 then broadcast to ('/job:localhost/replica:0/task:0/device:CPU:0',).
2025-06-14 09:05:26,255 - INFO - Reduce to /job:localhost/replica:0/task:0/device:CPU:0 then broadcast to ('/job:localhost/replica:0/task:0/device:CPU:0',).
INFO:tensorflow:Reduce to /job:localhost/replica:0/task:0/device:CPU:0 then broadcast to ('/job:localhost/replica:0/task:0/device:CPU:0',).
2025-06-14 09:05:26,300 - INFO - Reduce to /job:localhost/replica:0/task:0/device:CPU:0 then broadcast to ('/job:localhost/replica:0/task:0/device:CPU:0',).
INFO:tensorflow:Reduce to /job:localhost/replica:0/task:0/device:CPU:0 then broadcast to ('/job:localhost/replica:0/task:0/device:CPU:0',).
2025-06-14 09:05:26,303 - INFO - Reduce to /job:localhost/replica:0/task:0/device:CPU:0 then broadcast to ('/job:localhost/replica:0/task:0/device:CPU:0',).
2025-06-14 09:05:26,822 - INFO - Model created with 22,850,782 parameters
2025-06-14 09:05:26,824 - INFO - 📊 Creating real ATLAS 2.0 data loader...
2025-06-14 09:05:27,459 - INFO - Found 655 image-mask pairs
2025-06-14 09:05:27,504 - INFO - Training samples: 524, Validation samples: 131
pixdim[0] (qfac) should be 1 (default) or -1; setting qfac to 1
2025-06-14 09:05:35,731 - INFO - pixdim[0] (qfac) should be 1 (default) or -1; setting qfac to 1
pixdim[0] (qfac) should be 1 (default) or -1; setting qfac to 1
2025-06-14 09:05:36,954 - INFO - pixdim[0] (qfac) should be 1 (default) or -1; setting qfac to 1
pixdim[0] (qfac) should be 1 (default) or -1; setting qfac to 1
2025-06-14 09:05:38,144 - INFO - pixdim[0] (qfac) should be 1 (default) or -1; setting qfac to 1
pixdim[0] (qfac) should be 1 (default) or -1; setting qfac to 1
2025-06-14 09:05:39,336 - INFO - pixdim[0] (qfac) should be 1 (default) or -1; setting qfac to 1
pixdim[0] (qfac) should be 1 (default) or -1; setting qfac to 1
2025-06-14 09:05:39,938 - INFO - pixdim[0] (qfac) should be 1 (default) or -1; setting qfac to 1
pixdim[0] (qfac) should be 1 (default) or -1; setting qfac to 1
2025-06-14 09:05:40,545 - INFO - pixdim[0] (qfac) should be 1 (default) or -1; setting qfac to 1
pixdim[0] (qfac) should be 1 (default) or -1; setting qfac to 1
2025-06-14 09:05:41,715 - INFO - pixdim[0] (qfac) should be 1 (default) or -1; setting qfac to 1
pixdim[0] (qfac) should be 1 (default) or -1; setting qfac to 1
2025-06-14 09:05:42,902 - INFO - pixdim[0] (qfac) should be 1 (default) or -1; setting qfac to 1
pixdim[0] (qfac) should be 1 (default) or -1; setting qfac to 1
2025-06-14 09:05:44,091 - INFO - pixdim[0] (qfac) should be 1 (default) or -1; setting qfac to 1
pixdim[0] (qfac) should be 1 (default) or -1; setting qfac to 1
2025-06-14 09:05:45,275 - INFO - pixdim[0] (qfac) should be 1 (default) or -1; setting qfac to 1
2025-06-14 09:05:45.881069: I tensorflow/core/kernels/data/shuffle_dataset_op.cc:422] ShuffleDatasetV3:2: Filling up shuffle buffer (this may take a while): 9 of 100
pixdim[0] (qfac) should be 1 (default) or -1; setting qfac to 1
2025-06-14 09:05:46,452 - INFO - pixdim[0] (qfac) should be 1 (default) or -1; setting qfac to 1
pixdim[0] (qfac) should be 1 (default) or -1; setting qfac to 1
2025-06-14 09:05:47,631 - INFO - pixdim[0] (qfac) should be 1 (default) or -1; setting qfac to 1
pixdim[0] (qfac) should be 1 (default) or -1; setting qfac to 1
2025-06-14 09:05:48,847 - INFO - pixdim[0] (qfac) should be 1 (default) or -1; setting qfac to 1
pixdim[0] (qfac) should be 1 (default) or -1; setting qfac to 1
2025-06-14 09:05:50,065 - INFO - pixdim[0] (qfac) should be 1 (default) or -1; setting qfac to 1
pixdim[0] (qfac) should be 1 (default) or -1; setting qfac to 1
2025-06-14 09:05:51,275 - INFO - pixdim[0] (qfac) should be 1 (default) or -1; setting qfac to 1
pixdim[0] (qfac) should be 1 (default) or -1; setting qfac to 1
2025-06-14 09:05:52,492 - INFO - pixdim[0] (qfac) should be 1 (default) or -1; setting qfac to 1
pixdim[0] (qfac) should be 1 (default) or -1; setting qfac to 1
2025-06-14 09:05:53,693 - INFO - pixdim[0] (qfac) should be 1 (default) or -1; setting qfac to 1
pixdim[0] (qfac) should be 1 (default) or -1; setting qfac to 1
2025-06-14 09:05:54,874 - INFO - pixdim[0] (qfac) should be 1 (default) or -1; setting qfac to 1
pixdim[0] (qfac) should be 1 (default) or -1; setting qfac to 1
2025-06-14 09:05:56,055 - INFO - pixdim[0] (qfac) should be 1 (default) or -1; setting qfac to 1
pixdim[0] (qfac) should be 1 (default) or -1; setting qfac to 1
2025-06-14 09:05:57,230 - INFO - pixdim[0] (qfac) should be 1 (default) or -1; setting qfac to 1
pixdim[0] (qfac) should be 1 (default) or -1; setting qfac to 1
2025-06-14 09:05:58,416 - INFO - pixdim[0] (qfac) should be 1 (default) or -1; setting qfac to 1
pixdim[0] (qfac) should be 1 (default) or -1; setting qfac to 1
2025-06-14 09:05:59,647 - INFO - pixdim[0] (qfac) should be 1 (default) or -1; setting qfac to 1
pixdim[0] (qfac) should be 1 (default) or -1; setting qfac to 1
2025-06-14 09:06:00,830 - INFO - pixdim[0] (qfac) should be 1 (default) or -1; setting qfac to 1
pixdim[0] (qfac) should be 1 (default) or -1; setting qfac to 1
2025-06-14 09:06:02,023 - INFO - pixdim[0] (qfac) should be 1 (default) or -1; setting qfac to 1
pixdim[0] (qfac) should be 1 (default) or -1; setting qfac to 1
2025-06-14 09:06:03,181 - INFO - pixdim[0] (qfac) should be 1 (default) or -1; setting qfac to 1
pixdim[0] (qfac) should be 1 (default) or -1; setting qfac to 1
2025-06-14 09:06:04,340 - INFO - pixdim[0] (qfac) should be 1 (default) or -1; setting qfac to 1
pixdim[0] (qfac) should be 1 (default) or -1; setting qfac to 1
2025-06-14 09:06:05,519 - INFO - pixdim[0] (qfac) should be 1 (default) or -1; setting qfac to 1
2025-06-14 09:06:06.124684: I tensorflow/core/kernels/data/shuffle_dataset_op.cc:422] ShuffleDatasetV3:2: Filling up shuffle buffer (this may take a while): 26 of 100
pixdim[0] (qfac) should be 1 (default) or -1; setting qfac to 1
2025-06-14 09:06:06,703 - INFO - pixdim[0] (qfac) should be 1 (default) or -1; setting qfac to 1
pixdim[0] (qfac) should be 1 (default) or -1; setting qfac to 1
2025-06-14 09:06:07,917 - INFO - pixdim[0] (qfac) should be 1 (default) or -1; setting qfac to 1
pixdim[0] (qfac) should be 1 (default) or -1; setting qfac to 1
2025-06-14 09:06:09,108 - INFO - pixdim[0] (qfac) should be 1 (default) or -1; setting qfac to 1
pixdim[0] (qfac) should be 1 (default) or -1; setting qfac to 1
2025-06-14 09:06:10,283 - INFO - pixdim[0] (qfac) should be 1 (default) or -1; setting qfac to 1
pixdim[0] (qfac) should be 1 (default) or -1; setting qfac to 1
2025-06-14 09:06:11,443 - INFO - pixdim[0] (qfac) should be 1 (default) or -1; setting qfac to 1
pixdim[0] (qfac) should be 1 (default) or -1; setting qfac to 1
2025-06-14 09:06:12,608 - INFO - pixdim[0] (qfac) should be 1 (default) or -1; setting qfac to 1
pixdim[0] (qfac) should be 1 (default) or -1; setting qfac to 1
2025-06-14 09:06:13,791 - INFO - pixdim[0] (qfac) should be 1 (default) or -1; setting qfac to 1
pixdim[0] (qfac) should be 1 (default) or -1; setting qfac to 1
2025-06-14 09:06:15,001 - INFO - pixdim[0] (qfac) should be 1 (default) or -1; setting qfac to 1
pixdim[0] (qfac) should be 1 (default) or -1; setting qfac to 1
2025-06-14 09:06:16,223 - INFO - pixdim[0] (qfac) should be 1 (default) or -1; setting qfac to 1
pixdim[0] (qfac) should be 1 (default) or -1; setting qfac to 1
2025-06-14 09:06:16,829 - INFO - pixdim[0] (qfac) should be 1 (default) or -1; setting qfac to 1
pixdim[0] (qfac) should be 1 (default) or -1; setting qfac to 1
2025-06-14 09:06:17,452 - INFO - pixdim[0] (qfac) should be 1 (default) or -1; setting qfac to 1
pixdim[0] (qfac) should be 1 (default) or -1; setting qfac to 1
2025-06-14 09:06:18,647 - INFO - pixdim[0] (qfac) should be 1 (default) or -1; setting qfac to 1
pixdim[0] (qfac) should be 1 (default) or -1; setting qfac to 1
2025-06-14 09:06:19,827 - INFO - pixdim[0] (qfac) should be 1 (default) or -1; setting qfac to 1
pixdim[0] (qfac) should be 1 (default) or -1; setting qfac to 1
2025-06-14 09:06:21,067 - INFO - pixdim[0] (qfac) should be 1 (default) or -1; setting qfac to 1
pixdim[0] (qfac) should be 1 (default) or -1; setting qfac to 1
2025-06-14 09:06:22,256 - INFO - pixdim[0] (qfac) should be 1 (default) or -1; setting qfac to 1
pixdim[0] (qfac) should be 1 (default) or -1; setting qfac to 1
2025-06-14 09:06:23,438 - INFO - pixdim[0] (qfac) should be 1 (default) or -1; setting qfac to 1
pixdim[0] (qfac) should be 1 (default) or -1; setting qfac to 1
2025-06-14 09:06:24,628 - INFO - pixdim[0] (qfac) should be 1 (default) or -1; setting qfac to 1
2025-06-14 09:06:25.227912: I tensorflow/core/kernels/data/shuffle_dataset_op.cc:422] ShuffleDatasetV3:2: Filling up shuffle buffer (this may take a while): 42 of 100
pixdim[0] (qfac) should be 1 (default) or -1; setting qfac to 1
2025-06-14 09:06:25,859 - INFO - pixdim[0] (qfac) should be 1 (default) or -1; setting qfac to 1
pixdim[0] (qfac) should be 1 (default) or -1; setting qfac to 1
2025-06-14 09:06:27,072 - INFO - pixdim[0] (qfac) should be 1 (default) or -1; setting qfac to 1
pixdim[0] (qfac) should be 1 (default) or -1; setting qfac to 1
2025-06-14 09:06:28,274 - INFO - pixdim[0] (qfac) should be 1 (default) or -1; setting qfac to 1
pixdim[0] (qfac) should be 1 (default) or -1; setting qfac to 1
2025-06-14 09:06:29,472 - INFO - pixdim[0] (qfac) should be 1 (default) or -1; setting qfac to 1
pixdim[0] (qfac) should be 1 (default) or -1; setting qfac to 1
2025-06-14 09:06:30,725 - INFO - pixdim[0] (qfac) should be 1 (default) or -1; setting qfac to 1
pixdim[0] (qfac) should be 1 (default) or -1; setting qfac to 1
2025-06-14 09:06:31,965 - INFO - pixdim[0] (qfac) should be 1 (default) or -1; setting qfac to 1
pixdim[0] (qfac) should be 1 (default) or -1; setting qfac to 1
2025-06-14 09:06:33,177 - INFO - pixdim[0] (qfac) should be 1 (default) or -1; setting qfac to 1
pixdim[0] (qfac) should be 1 (default) or -1; setting qfac to 1
2025-06-14 09:06:34,398 - INFO - pixdim[0] (qfac) should be 1 (default) or -1; setting qfac to 1
pixdim[0] (qfac) should be 1 (default) or -1; setting qfac to 1
2025-06-14 09:06:35,607 - INFO - pixdim[0] (qfac) should be 1 (default) or -1; setting qfac to 1
2025-06-14 09:06:36.226173: I tensorflow/core/kernels/data/shuffle_dataset_op.cc:422] ShuffleDatasetV3:2: Filling up shuffle buffer (this may take a while): 51 of 100
pixdim[0] (qfac) should be 1 (default) or -1; setting qfac to 1
2025-06-14 09:06:36,844 - INFO - pixdim[0] (qfac) should be 1 (default) or -1; setting qfac to 1
pixdim[0] (qfac) should be 1 (default) or -1; setting qfac to 1
2025-06-14 09:06:38,057 - INFO - pixdim[0] (qfac) should be 1 (default) or -1; setting qfac to 1
pixdim[0] (qfac) should be 1 (default) or -1; setting qfac to 1
2025-06-14 09:06:39,261 - INFO - pixdim[0] (qfac) should be 1 (default) or -1; setting qfac to 1
pixdim[0] (qfac) should be 1 (default) or -1; setting qfac to 1
2025-06-14 09:06:40,483 - INFO - pixdim[0] (qfac) should be 1 (default) or -1; setting qfac to 1
pixdim[0] (qfac) should be 1 (default) or -1; setting qfac to 1
2025-06-14 09:06:41,655 - INFO - pixdim[0] (qfac) should be 1 (default) or -1; setting qfac to 1
pixdim[0] (qfac) should be 1 (default) or -1; setting qfac to 1
2025-06-14 09:06:42,866 - INFO - pixdim[0] (qfac) should be 1 (default) or -1; setting qfac to 1
pixdim[0] (qfac) should be 1 (default) or -1; setting qfac to 1
2025-06-14 09:06:44,038 - INFO - pixdim[0] (qfac) should be 1 (default) or -1; setting qfac to 1
pixdim[0] (qfac) should be 1 (default) or -1; setting qfac to 1
2025-06-14 09:06:45,292 - INFO - pixdim[0] (qfac) should be 1 (default) or -1; setting qfac to 1
pixdim[0] (qfac) should be 1 (default) or -1; setting qfac to 1
2025-06-14 09:06:46,497 - INFO - pixdim[0] (qfac) should be 1 (default) or -1; setting qfac to 1
pixdim[0] (qfac) should be 1 (default) or -1; setting qfac to 1
2025-06-14 09:06:47,687 - INFO - pixdim[0] (qfac) should be 1 (default) or -1; setting qfac to 1
pixdim[0] (qfac) should be 1 (default) or -1; setting qfac to 1
2025-06-14 09:06:48,900 - INFO - pixdim[0] (qfac) should be 1 (default) or -1; setting qfac to 1
pixdim[0] (qfac) should be 1 (default) or -1; setting qfac to 1
2025-06-14 09:06:50,107 - INFO - pixdim[0] (qfac) should be 1 (default) or -1; setting qfac to 1
pixdim[0] (qfac) should be 1 (default) or -1; setting qfac to 1
2025-06-14 09:06:51,300 - INFO - pixdim[0] (qfac) should be 1 (default) or -1; setting qfac to 1
pixdim[0] (qfac) should be 1 (default) or -1; setting qfac to 1
2025-06-14 09:06:52,499 - INFO - pixdim[0] (qfac) should be 1 (default) or -1; setting qfac to 1
pixdim[0] (qfac) should be 1 (default) or -1; setting qfac to 1
2025-06-14 09:06:53,750 - INFO - pixdim[0] (qfac) should be 1 (default) or -1; setting qfac to 1
pixdim[0] (qfac) should be 1 (default) or -1; setting qfac to 1
2025-06-14 09:06:54,914 - INFO - pixdim[0] (qfac) should be 1 (default) or -1; setting qfac to 1
2025-06-14 09:06:55.535418: I tensorflow/core/kernels/data/shuffle_dataset_op.cc:422] ShuffleDatasetV3:2: Filling up shuffle buffer (this may take a while): 67 of 100
pixdim[0] (qfac) should be 1 (default) or -1; setting qfac to 1
2025-06-14 09:06:56,096 - INFO - pixdim[0] (qfac) should be 1 (default) or -1; setting qfac to 1
pixdim[0] (qfac) should be 1 (default) or -1; setting qfac to 1
2025-06-14 09:06:57,285 - INFO - pixdim[0] (qfac) should be 1 (default) or -1; setting qfac to 1
pixdim[0] (qfac) should be 1 (default) or -1; setting qfac to 1
2025-06-14 09:06:58,486 - INFO - pixdim[0] (qfac) should be 1 (default) or -1; setting qfac to 1
pixdim[0] (qfac) should be 1 (default) or -1; setting qfac to 1
2025-06-14 09:06:59,713 - INFO - pixdim[0] (qfac) should be 1 (default) or -1; setting qfac to 1
pixdim[0] (qfac) should be 1 (default) or -1; setting qfac to 1
2025-06-14 09:07:00,911 - INFO - pixdim[0] (qfac) should be 1 (default) or -1; setting qfac to 1
pixdim[0] (qfac) should be 1 (default) or -1; setting qfac to 1
2025-06-14 09:07:02,128 - INFO - pixdim[0] (qfac) should be 1 (default) or -1; setting qfac to 1
pixdim[0] (qfac) should be 1 (default) or -1; setting qfac to 1
2025-06-14 09:07:03,373 - INFO - pixdim[0] (qfac) should be 1 (default) or -1; setting qfac to 1
pixdim[0] (qfac) should be 1 (default) or -1; setting qfac to 1
2025-06-14 09:07:04,579 - INFO - pixdim[0] (qfac) should be 1 (default) or -1; setting qfac to 1
pixdim[0] (qfac) should be 1 (default) or -1; setting qfac to 1
2025-06-14 09:07:05,771 - INFO - pixdim[0] (qfac) should be 1 (default) or -1; setting qfac to 1
pixdim[0] (qfac) should be 1 (default) or -1; setting qfac to 1
2025-06-14 09:07:07,010 - INFO - pixdim[0] (qfac) should be 1 (default) or -1; setting qfac to 1
pixdim[0] (qfac) should be 1 (default) or -1; setting qfac to 1
2025-06-14 09:07:08,211 - INFO - pixdim[0] (qfac) should be 1 (default) or -1; setting qfac to 1
pixdim[0] (qfac) should be 1 (default) or -1; setting qfac to 1
2025-06-14 09:07:09,413 - INFO - pixdim[0] (qfac) should be 1 (default) or -1; setting qfac to 1
pixdim[0] (qfac) should be 1 (default) or -1; setting qfac to 1
2025-06-14 09:07:10,608 - INFO - pixdim[0] (qfac) should be 1 (default) or -1; setting qfac to 1
pixdim[0] (qfac) should be 1 (default) or -1; setting qfac to 1
2025-06-14 09:07:11,818 - INFO - pixdim[0] (qfac) should be 1 (default) or -1; setting qfac to 1
pixdim[0] (qfac) should be 1 (default) or -1; setting qfac to 1
2025-06-14 09:07:13,058 - INFO - pixdim[0] (qfac) should be 1 (default) or -1; setting qfac to 1
pixdim[0] (qfac) should be 1 (default) or -1; setting qfac to 1
2025-06-14 09:07:14,292 - INFO - pixdim[0] (qfac) should be 1 (default) or -1; setting qfac to 1
pixdim[0] (qfac) should be 1 (default) or -1; setting qfac to 1
2025-06-14 09:07:15,522 - INFO - pixdim[0] (qfac) should be 1 (default) or -1; setting qfac to 1
2025-06-14 09:07:16.142004: I tensorflow/core/kernels/data/shuffle_dataset_op.cc:422] ShuffleDatasetV3:2: Filling up shuffle buffer (this may take a while): 84 of 100
pixdim[0] (qfac) should be 1 (default) or -1; setting qfac to 1
2025-06-14 09:07:16,736 - INFO - pixdim[0] (qfac) should be 1 (default) or -1; setting qfac to 1
pixdim[0] (qfac) should be 1 (default) or -1; setting qfac to 1
2025-06-14 09:07:17,991 - INFO - pixdim[0] (qfac) should be 1 (default) or -1; setting qfac to 1
pixdim[0] (qfac) should be 1 (default) or -1; setting qfac to 1
2025-06-14 09:07:19,206 - INFO - pixdim[0] (qfac) should be 1 (default) or -1; setting qfac to 1
pixdim[0] (qfac) should be 1 (default) or -1; setting qfac to 1
2025-06-14 09:07:20,421 - INFO - pixdim[0] (qfac) should be 1 (default) or -1; setting qfac to 1
pixdim[0] (qfac) should be 1 (default) or -1; setting qfac to 1
2025-06-14 09:07:21,621 - INFO - pixdim[0] (qfac) should be 1 (default) or -1; setting qfac to 1
pixdim[0] (qfac) should be 1 (default) or -1; setting qfac to 1
2025-06-14 09:07:22,806 - INFO - pixdim[0] (qfac) should be 1 (default) or -1; setting qfac to 1
pixdim[0] (qfac) should be 1 (default) or -1; setting qfac to 1
2025-06-14 09:07:24,016 - INFO - pixdim[0] (qfac) should be 1 (default) or -1; setting qfac to 1
pixdim[0] (qfac) should be 1 (default) or -1; setting qfac to 1
2025-06-14 09:07:25,231 - INFO - pixdim[0] (qfac) should be 1 (default) or -1; setting qfac to 1
pixdim[0] (qfac) should be 1 (default) or -1; setting qfac to 1
2025-06-14 09:07:26,457 - INFO - pixdim[0] (qfac) should be 1 (default) or -1; setting qfac to 1
pixdim[0] (qfac) should be 1 (default) or -1; setting qfac to 1
2025-06-14 09:07:27,654 - INFO - pixdim[0] (qfac) should be 1 (default) or -1; setting qfac to 1
pixdim[0] (qfac) should be 1 (default) or -1; setting qfac to 1
2025-06-14 09:07:28,896 - INFO - pixdim[0] (qfac) should be 1 (default) or -1; setting qfac to 1
pixdim[0] (qfac) should be 1 (default) or -1; setting qfac to 1
2025-06-14 09:07:30,091 - INFO - pixdim[0] (qfac) should be 1 (default) or -1; setting qfac to 1
pixdim[0] (qfac) should be 1 (default) or -1; setting qfac to 1
2025-06-14 09:07:31,294 - INFO - pixdim[0] (qfac) should be 1 (default) or -1; setting qfac to 1
pixdim[0] (qfac) should be 1 (default) or -1; setting qfac to 1
2025-06-14 09:07:32,515 - INFO - pixdim[0] (qfac) should be 1 (default) or -1; setting qfac to 1
pixdim[0] (qfac) should be 1 (default) or -1; setting qfac to 1
2025-06-14 09:07:33,695 - INFO - pixdim[0] (qfac) should be 1 (default) or -1; setting qfac to 1
pixdim[0] (qfac) should be 1 (default) or -1; setting qfac to 1
2025-06-14 09:07:34,971 - INFO - pixdim[0] (qfac) should be 1 (default) or -1; setting qfac to 1
2025-06-14 09:07:35.580537: I tensorflow/core/kernels/data/shuffle_dataset_op.cc:452] Shuffle buffer filled.
pixdim[0] (qfac) should be 1 (default) or -1; setting qfac to 1
2025-06-14 09:07:36,225 - INFO - pixdim[0] (qfac) should be 1 (default) or -1; setting qfac to 1
pixdim[0] (qfac) should be 1 (default) or -1; setting qfac to 1
2025-06-14 09:07:37,472 - INFO - pixdim[0] (qfac) should be 1 (default) or -1; setting qfac to 1
2025-06-14 09:07:37.503074: I external/local_xla/xla/stream_executor/cuda/cuda_dnn.cc:454] Loaded cuDNN version 8907
pixdim[0] (qfac) should be 1 (default) or -1; setting qfac to 1
2025-06-14 09:07:38,086 - INFO - pixdim[0] (qfac) should be 1 (default) or -1; setting qfac to 1
pixdim[0] (qfac) should be 1 (default) or -1; setting qfac to 1
2025-06-14 09:07:38,694 - INFO - pixdim[0] (qfac) should be 1 (default) or -1; setting qfac to 1
pixdim[0] (qfac) should be 1 (default) or -1; setting qfac to 1
2025-06-14 09:07:39,880 - INFO - pixdim[0] (qfac) should be 1 (default) or -1; setting qfac to 1
pixdim[0] (qfac) should be 1 (default) or -1; setting qfac to 1
2025-06-14 09:07:41,070 - INFO - pixdim[0] (qfac) should be 1 (default) or -1; setting qfac to 1
pixdim[0] (qfac) should be 1 (default) or -1; setting qfac to 1
2025-06-14 09:07:42,311 - INFO - pixdim[0] (qfac) should be 1 (default) or -1; setting qfac to 1
pixdim[0] (qfac) should be 1 (default) or -1; setting qfac to 1
2025-06-14 09:07:43,539 - INFO - pixdim[0] (qfac) should be 1 (default) or -1; setting qfac to 1
2025-06-14 09:07:44.375490: W external/local_tsl/tsl/framework/bfc_allocator.cc:296] Allocator (GPU_0_bfc) ran out of memory trying to allocate 3.62GiB with freed_by_count=0. The caller indicates that this is not a failure, but this may mean that there could be performance gains if more memory were available.
2025-06-14 09:07:44.376374: W external/local_tsl/tsl/framework/bfc_allocator.cc:296] Allocator (GPU_0_bfc) ran out of memory trying to allocate 3.62GiB with freed_by_count=0. The caller indicates that this is not a failure, but this may mean that there could be performance gains if more memory were available.
2025-06-14 09:07:44.419522: W external/local_tsl/tsl/framework/bfc_allocator.cc:296] Allocator (GPU_0_bfc) ran out of memory trying to allocate 3.62GiB with freed_by_count=0. The caller indicates that this is not a failure, but this may mean that there could be performance gains if more memory were available.
2025-06-14 09:07:44.420336: W external/local_tsl/tsl/framework/bfc_allocator.cc:296] Allocator (GPU_0_bfc) ran out of memory trying to allocate 3.62GiB with freed_by_count=0. The caller indicates that this is not a failure, but this may mean that there could be performance gains if more memory were available.
2025-06-14 09:07:44.420857: W external/local_tsl/tsl/framework/bfc_allocator.cc:296] Allocator (GPU_0_bfc) ran out of memory trying to allocate 3.62GiB with freed_by_count=0. The caller indicates that this is not a failure, but this may mean that there could be performance gains if more memory were available.
2025-06-14 09:07:44.442396: W external/local_tsl/tsl/framework/bfc_allocator.cc:296] Allocator (GPU_0_bfc) ran out of memory trying to allocate 3.62GiB with freed_by_count=0. The caller indicates that this is not a failure, but this may mean that there could be performance gains if more memory were available.
2025-06-14 09:07:44.443243: W external/local_tsl/tsl/framework/bfc_allocator.cc:296] Allocator (GPU_0_bfc) ran out of memory trying to allocate 3.62GiB with freed_by_count=0. The caller indicates that this is not a failure, but this may mean that there could be performance gains if more memory were available.
2025-06-14 09:07:44.443961: W external/local_tsl/tsl/framework/bfc_allocator.cc:296] Allocator (GPU_0_bfc) ran out of memory trying to allocate 3.62GiB with freed_by_count=0. The caller indicates that this is not a failure, but this may mean that there could be performance gains if more memory were available.
2025-06-14 09:07:44.465446: W external/local_tsl/tsl/framework/bfc_allocator.cc:296] Allocator (GPU_0_bfc) ran out of memory trying to allocate 3.63GiB with freed_by_count=0. The caller indicates that this is not a failure, but this may mean that there could be performance gains if more memory were available.
2025-06-14 09:07:44.466348: W external/local_tsl/tsl/framework/bfc_allocator.cc:296] Allocator (GPU_0_bfc) ran out of memory trying to allocate 5.43GiB with freed_by_count=0. The caller indicates that this is not a failure, but this may mean that there could be performance gains if more memory were available.
pixdim[0] (qfac) should be 1 (default) or -1; setting qfac to 1
2025-06-14 09:07:44,774 - INFO - pixdim[0] (qfac) should be 1 (default) or -1; setting qfac to 1
pixdim[0] (qfac) should be 1 (default) or -1; setting qfac to 1
2025-06-14 09:07:45,967 - INFO - pixdim[0] (qfac) should be 1 (default) or -1; setting qfac to 1
2025-06-14 09:08:00.954201: W external/local_tsl/tsl/framework/bfc_allocator.cc:485] Allocator (GPU_0_bfc) ran out of memory trying to allocate 231.00MiB (rounded to 242221056)requested by op model/up_sampling3d_1/concat_2
If the cause is memory fragmentation maybe the environment variable 'TF_GPU_ALLOCATOR=cuda_malloc_async' will improve the situation. 
Current allocation summary follows.
Current allocation summary follows.
2025-06-14 09:08:00.955230: I external/local_tsl/tsl/framework/bfc_allocator.cc:1039] BFCAllocator dump for GPU_0_bfc
2025-06-14 09:08:00.955966: I external/local_tsl/tsl/framework/bfc_allocator.cc:1046] Bin (256): 	Total Chunks: 290, Chunks in use: 288. 72.5KiB allocated for chunks. 72.0KiB in use in bin. 26.4KiB client-requested in use in bin.
2025-06-14 09:08:00.956428: I external/local_tsl/tsl/framework/bfc_allocator.cc:1046] Bin (512): 	Total Chunks: 67, Chunks in use: 66. 33.8KiB allocated for chunks. 33.2KiB in use in bin. 33.0KiB client-requested in use in bin.
2025-06-14 09:08:00.956863: I external/local_tsl/tsl/framework/bfc_allocator.cc:1046] Bin (1024): 	Total Chunks: 70, Chunks in use: 70. 70.8KiB allocated for chunks. 70.8KiB in use in bin. 70.0KiB client-requested in use in bin.
2025-06-14 09:08:00.957224: I external/local_tsl/tsl/framework/bfc_allocator.cc:1046] Bin (2048): 	Total Chunks: 42, Chunks in use: 40. 88.5KiB allocated for chunks. 84.5KiB in use in bin. 84.1KiB client-requested in use in bin.
2025-06-14 09:08:00.957590: I external/local_tsl/tsl/framework/bfc_allocator.cc:1046] Bin (4096): 	Total Chunks: 8, Chunks in use: 8. 32.0KiB allocated for chunks. 32.0KiB in use in bin. 32.0KiB client-requested in use in bin.
2025-06-14 09:08:00.957958: I external/local_tsl/tsl/framework/bfc_allocator.cc:1046] Bin (8192): 	Total Chunks: 6, Chunks in use: 6. 55.0KiB allocated for chunks. 55.0KiB in use in bin. 48.0KiB client-requested in use in bin.
2025-06-14 09:08:00.958385: I external/local_tsl/tsl/framework/bfc_allocator.cc:1046] Bin (16384): 	Total Chunks: 6, Chunks in use: 6. 109.2KiB allocated for chunks. 109.2KiB in use in bin. 96.0KiB client-requested in use in bin.
2025-06-14 09:08:00.958794: I external/local_tsl/tsl/framework/bfc_allocator.cc:1046] Bin (32768): 	Total Chunks: 6, Chunks in use: 6. 195.0KiB allocated for chunks. 195.0KiB in use in bin. 192.0KiB client-requested in use in bin.
2025-06-14 09:08:00.959197: I external/local_tsl/tsl/framework/bfc_allocator.cc:1046] Bin (65536): 	Total Chunks: 15, Chunks in use: 15. 1.20MiB allocated for chunks. 1.20MiB in use in bin. 1.20MiB client-requested in use in bin.
2025-06-14 09:08:00.959542: I external/local_tsl/tsl/framework/bfc_allocator.cc:1046] Bin (131072): 	Total Chunks: 12, Chunks in use: 12. 1.95MiB allocated for chunks. 1.95MiB in use in bin. 1.91MiB client-requested in use in bin.
2025-06-14 09:08:00.959932: I external/local_tsl/tsl/framework/bfc_allocator.cc:1046] Bin (262144): 	Total Chunks: 15, Chunks in use: 15. 4.87MiB allocated for chunks. 4.87MiB in use in bin. 4.57MiB client-requested in use in bin.
2025-06-14 09:08:00.960280: I external/local_tsl/tsl/framework/bfc_allocator.cc:1046] Bin (524288): 	Total Chunks: 7, Chunks in use: 7. 5.69MiB allocated for chunks. 5.69MiB in use in bin. 5.48MiB client-requested in use in bin.
2025-06-14 09:08:00.960693: I external/local_tsl/tsl/framework/bfc_allocator.cc:1046] Bin (1048576): 	Total Chunks: 6, Chunks in use: 6. 8.49MiB allocated for chunks. 8.49MiB in use in bin. 8.06MiB client-requested in use in bin.
2025-06-14 09:08:00.961069: I external/local_tsl/tsl/framework/bfc_allocator.cc:1046] Bin (2097152): 	Total Chunks: 10, Chunks in use: 10. 31.12MiB allocated for chunks. 31.12MiB in use in bin. 29.16MiB client-requested in use in bin.
2025-06-14 09:08:00.961409: I external/local_tsl/tsl/framework/bfc_allocator.cc:1046] Bin (4194304): 	Total Chunks: 37, Chunks in use: 37. 212.50MiB allocated for chunks. 212.50MiB in use in bin. 207.47MiB client-requested in use in bin.
2025-06-14 09:08:00.961845: I external/local_tsl/tsl/framework/bfc_allocator.cc:1046] Bin (8388608): 	Total Chunks: 8, Chunks in use: 8. 112.79MiB allocated for chunks. 112.79MiB in use in bin. 103.59MiB client-requested in use in bin.
2025-06-14 09:08:00.962203: I external/local_tsl/tsl/framework/bfc_allocator.cc:1046] Bin (16777216): 	Total Chunks: 17, Chunks in use: 17. 478.06MiB allocated for chunks. 478.06MiB in use in bin. 471.75MiB client-requested in use in bin.
2025-06-14 09:08:00.962589: I external/local_tsl/tsl/framework/bfc_allocator.cc:1046] Bin (33554432): 	Total Chunks: 10, Chunks in use: 10. 559.00MiB allocated for chunks. 559.00MiB in use in bin. 517.88MiB client-requested in use in bin.
2025-06-14 09:08:00.962931: I external/local_tsl/tsl/framework/bfc_allocator.cc:1046] Bin (67108864): 	Total Chunks: 8, Chunks in use: 8. 878.67MiB allocated for chunks. 878.67MiB in use in bin. 808.50MiB client-requested in use in bin.
2025-06-14 09:08:00.963287: I external/local_tsl/tsl/framework/bfc_allocator.cc:1046] Bin (134217728): 	Total Chunks: 6, Chunks in use: 5. 1.22GiB allocated for chunks. 1.03GiB in use in bin. 808.50MiB client-requested in use in bin.
2025-06-14 09:08:00.963616: I external/local_tsl/tsl/framework/bfc_allocator.cc:1046] Bin (268435456): 	Total Chunks: 17, Chunks in use: 17. 18.50GiB allocated for chunks. 18.50GiB in use in bin. 18.50GiB client-requested in use in bin.
2025-06-14 09:08:00.964038: I external/local_tsl/tsl/framework/bfc_allocator.cc:1062] Bin for 231.00MiB was 128.00MiB, Chunk State: 
2025-06-14 09:08:00.964424: I external/local_tsl/tsl/framework/bfc_allocator.cc:1068]   Size: 193.15MiB | Requested Size: 115.50MiB | in_use: 0 | bin_num: 19, prev:   Size: 5.89MiB | Requested Size: 5.25MiB | in_use: 1 | bin_num: -1
2025-06-14 09:08:00.964757: I external/local_tsl/tsl/framework/bfc_allocator.cc:1075] Next region of size 5324275712
2025-06-14 09:08:00.965180: I external/local_tsl/tsl/framework/bfc_allocator.cc:1095] InUse at 7f5996000000 of size 484442112 next 568
2025-06-14 09:08:00.965532: I external/local_tsl/tsl/framework/bfc_allocator.cc:1095] InUse at 7f59b2e00000 of size 484442112 next 566
2025-06-14 09:08:00.965884: I external/local_tsl/tsl/framework/bfc_allocator.cc:1095] InUse at 7f59cfc00000 of size 484442112 next 570
2025-06-14 09:08:00.966226: I external/local_tsl/tsl/framework/bfc_allocator.cc:1095] InUse at 7f59eca00000 of size 484442112 next 571
2025-06-14 09:08:00.966590: I external/local_tsl/tsl/framework/bfc_allocator.cc:1095] InUse at 7f5a09800000 of size 484442112 next 577
2025-06-14 09:08:00.966915: I external/local_tsl/tsl/framework/bfc_allocator.cc:1095] InUse at 7f5a26600000 of size 484442112 next 30
2025-06-14 09:08:00.967239: I external/local_tsl/tsl/framework/bfc_allocator.cc:1095] InUse at 7f5a43400000 of size 484442112 next 580
2025-06-14 09:08:00.967621: I external/local_tsl/tsl/framework/bfc_allocator.cc:1095] InUse at 7f5a60200000 of size 484442112 next 39
2025-06-14 09:08:00.968009: I external/local_tsl/tsl/framework/bfc_allocator.cc:1095] InUse at 7f5a7d000000 of size 121110528 next 586
2025-06-14 09:08:00.968337: I external/local_tsl/tsl/framework/bfc_allocator.cc:1095] InUse at 7f5a84380000 of size 121110528 next 591
2025-06-14 09:08:00.968711: I external/local_tsl/tsl/framework/bfc_allocator.cc:1095] InUse at 7f5a8b700000 of size 121110528 next 597
2025-06-14 09:08:00.969060: I external/local_tsl/tsl/framework/bfc_allocator.cc:1095] InUse at 7f5a92a80000 of size 121110528 next 598
2025-06-14 09:08:00.969412: I external/local_tsl/tsl/framework/bfc_allocator.cc:1095] InUse at 7f5a99e00000 of size 121110528 next 599
2025-06-14 09:08:00.969754: I external/local_tsl/tsl/framework/bfc_allocator.cc:1095] InUse at 7f5aa1180000 of size 30277632 next 604
2025-06-14 09:08:00.970140: I external/local_tsl/tsl/framework/bfc_allocator.cc:1095] InUse at 7f5aa2e60000 of size 30277632 next 605
2025-06-14 09:08:00.970518: I external/local_tsl/tsl/framework/bfc_allocator.cc:1095] InUse at 7f5aa4b40000 of size 30277632 next 610
2025-06-14 09:08:00.970890: I external/local_tsl/tsl/framework/bfc_allocator.cc:1095] InUse at 7f5aa6820000 of size 30277632 next 614
2025-06-14 09:08:00.971251: I external/local_tsl/tsl/framework/bfc_allocator.cc:1095] InUse at 7f5aa8500000 of size 30277632 next 615
2025-06-14 09:08:00.971580: I external/local_tsl/tsl/framework/bfc_allocator.cc:1095] InUse at 7f5aaa1e0000 of size 118272 next 637
2025-06-14 09:08:00.971939: I external/local_tsl/tsl/framework/bfc_allocator.cc:1095] InUse at 7f5aaa1fce00 of size 5505024 next 668
2025-06-14 09:08:00.972271: I external/local_tsl/tsl/framework/bfc_allocator.cc:1095] InUse at 7f5aaa73ce00 of size 5505024 next 670
2025-06-14 09:08:00.972598: I external/local_tsl/tsl/framework/bfc_allocator.cc:1095] InUse at 7f5aaac7ce00 of size 5505024 next 667
2025-06-14 09:08:00.972938: I external/local_tsl/tsl/framework/bfc_allocator.cc:1095] InUse at 7f5aab1bce00 of size 5505024 next 669
2025-06-14 09:08:00.973331: I external/local_tsl/tsl/framework/bfc_allocator.cc:1095] InUse at 7f5aab6fce00 of size 8139264 next 616
2025-06-14 09:08:00.973648: I external/local_tsl/tsl/framework/bfc_allocator.cc:1095] InUse at 7f5aabec0000 of size 2048 next 89
2025-06-14 09:08:00.974089: I external/local_tsl/tsl/framework/bfc_allocator.cc:1095] InUse at 7f5aabec0800 of size 2048 next 531
2025-06-14 09:08:00.974498: I external/local_tsl/tsl/framework/bfc_allocator.cc:1095] InUse at 7f5aabec1000 of size 7569408 next 619
2025-06-14 09:08:00.974956: I external/local_tsl/tsl/framework/bfc_allocator.cc:1095] InUse at 7f5aac5f9000 of size 7569408 next 620
2025-06-14 09:08:00.975312: I external/local_tsl/tsl/framework/bfc_allocator.cc:1095] InUse at 7f5aacd31000 of size 7569408 next 621
2025-06-14 09:08:00.975681: I external/local_tsl/tsl/framework/bfc_allocator.cc:1095] InUse at 7f5aad469000 of size 2048 next 622
2025-06-14 09:08:00.976099: I external/local_tsl/tsl/framework/bfc_allocator.cc:1095] InUse at 7f5aad469800 of size 2048 next 623
2025-06-14 09:08:00.976598: I external/local_tsl/tsl/framework/bfc_allocator.cc:1095] InUse at 7f5aad46a000 of size 2048 next 624
2025-06-14 09:08:00.977028: I external/local_tsl/tsl/framework/bfc_allocator.cc:1095] InUse at 7f5aad46a800 of size 2048 next 625
2025-06-14 09:08:00.977448: I external/local_tsl/tsl/framework/bfc_allocator.cc:1095] InUse at 7f5aad46b000 of size 7569408 next 626
2025-06-14 09:08:00.977797: I external/local_tsl/tsl/framework/bfc_allocator.cc:1095] InUse at 7f5aadba3000 of size 4096 next 627
2025-06-14 09:08:00.978244: I external/local_tsl/tsl/framework/bfc_allocator.cc:1095] Free  at 7f5aadba4000 of size 512 next 629
2025-06-14 09:08:00.978669: I external/local_tsl/tsl/framework/bfc_allocator.cc:1095] InUse at 7f5aadba4200 of size 4096 next 630
2025-06-14 09:08:00.979078: I external/local_tsl/tsl/framework/bfc_allocator.cc:1095] InUse at 7f5aadba5200 of size 30277632 next 638
2025-06-14 09:08:00.979422: I external/local_tsl/tsl/framework/bfc_allocator.cc:1095] InUse at 7f5aaf885200 of size 31653888 next 639
2025-06-14 09:08:00.979850: I external/local_tsl/tsl/framework/bfc_allocator.cc:1095] InUse at 7f5ab16b5200 of size 60555264 next 640
2025-06-14 09:08:00.980242: I external/local_tsl/tsl/framework/bfc_allocator.cc:1095] InUse at 7f5ab5075200 of size 30277632 next 636
2025-06-14 09:08:00.980627: I external/local_tsl/tsl/framework/bfc_allocator.cc:1095] InUse at 7f5ab6d55200 of size 60555264 next 635
2025-06-14 09:08:00.981027: I external/local_tsl/tsl/framework/bfc_allocator.cc:1095] InUse at 7f5aba715200 of size 30277632 next 634
2025-06-14 09:08:00.981364: I external/local_tsl/tsl/framework/bfc_allocator.cc:1095] InUse at 7f5abc3f5200 of size 30277632 next 632
2025-06-14 09:08:00.981708: I external/local_tsl/tsl/framework/bfc_allocator.cc:1095] InUse at 7f5abe0d5200 of size 30277632 next 631
2025-06-14 09:08:00.982071: I external/local_tsl/tsl/framework/bfc_allocator.cc:1095] InUse at 7f5abfdb5200 of size 30277632 next 106
2025-06-14 09:08:00.982486: I external/local_tsl/tsl/framework/bfc_allocator.cc:1095] InUse at 7f5ac1a95200 of size 5505024 next 645
2025-06-14 09:08:00.982840: I external/local_tsl/tsl/framework/bfc_allocator.cc:1095] InUse at 7f5ac1fd5200 of size 5505024 next 646
2025-06-14 09:08:00.983226: I external/local_tsl/tsl/framework/bfc_allocator.cc:1095] InUse at 7f5ac2515200 of size 5505024 next 647
2025-06-14 09:08:00.983557: I external/local_tsl/tsl/framework/bfc_allocator.cc:1095] InUse at 7f5ac2a55200 of size 5505024 next 648
2025-06-14 09:08:00.983955: I external/local_tsl/tsl/framework/bfc_allocator.cc:1095] InUse at 7f5ac2f95200 of size 5505024 next 649
2025-06-14 09:08:00.984286: I external/local_tsl/tsl/framework/bfc_allocator.cc:1095] InUse at 7f5ac34d5200 of size 5505024 next 650
2025-06-14 09:08:00.984609: I external/local_tsl/tsl/framework/bfc_allocator.cc:1095] InUse at 7f5ac3a15200 of size 5505024 next 651
2025-06-14 09:08:00.984991: I external/local_tsl/tsl/framework/bfc_allocator.cc:1095] InUse at 7f5ac3f55200 of size 5505024 next 652
2025-06-14 09:08:00.985364: I external/local_tsl/tsl/framework/bfc_allocator.cc:1095] InUse at 7f5ac4495200 of size 5505024 next 653
2025-06-14 09:08:00.985753: I external/local_tsl/tsl/framework/bfc_allocator.cc:1095] InUse at 7f5ac49d5200 of size 5505024 next 654
2025-06-14 09:08:00.986112: I external/local_tsl/tsl/framework/bfc_allocator.cc:1095] InUse at 7f5ac4f15200 of size 5505024 next 655
2025-06-14 09:08:00.986480: I external/local_tsl/tsl/framework/bfc_allocator.cc:1095] InUse at 7f5ac5455200 of size 5505024 next 656
2025-06-14 09:08:00.986865: I external/local_tsl/tsl/framework/bfc_allocator.cc:1095] InUse at 7f5ac5995200 of size 5505024 next 657
2025-06-14 09:08:00.987203: I external/local_tsl/tsl/framework/bfc_allocator.cc:1095] InUse at 7f5ac5ed5200 of size 5505024 next 658
2025-06-14 09:08:00.987536: I external/local_tsl/tsl/framework/bfc_allocator.cc:1095] InUse at 7f5ac6415200 of size 5505024 next 659
2025-06-14 09:08:00.987898: I external/local_tsl/tsl/framework/bfc_allocator.cc:1095] InUse at 7f5ac6955200 of size 5505024 next 660
2025-06-14 09:08:00.988233: I external/local_tsl/tsl/framework/bfc_allocator.cc:1095] InUse at 7f5ac6e95200 of size 6176768 next 671
2025-06-14 09:08:00.988561: I external/local_tsl/tsl/framework/bfc_allocator.cc:1095] Free  at 7f5ac7479200 of size 202534400 next 18446744073709551615
2025-06-14 09:08:00.988923: I external/local_tsl/tsl/framework/bfc_allocator.cc:1075] Next region of size 8589934592
2025-06-14 09:08:00.989390: I external/local_tsl/tsl/framework/bfc_allocator.cc:1095] InUse at 7f5ae6000000 of size 1937768448 next 556
2025-06-14 09:08:00.989715: I external/local_tsl/tsl/framework/bfc_allocator.cc:1095] InUse at 7f5b59800000 of size 1937768448 next 562
2025-06-14 09:08:00.990062: I external/local_tsl/tsl/framework/bfc_allocator.cc:1095] InUse at 7f5bcd000000 of size 1937768448 next 563
2025-06-14 09:08:00.990400: I external/local_tsl/tsl/framework/bfc_allocator.cc:1095] InUse at 7f5c40800000 of size 1937768448 next 12
2025-06-14 09:08:00.990739: I external/local_tsl/tsl/framework/bfc_allocator.cc:1095] InUse at 7f5cb4000000 of size 484442112 next 567
2025-06-14 09:08:00.991064: I external/local_tsl/tsl/framework/bfc_allocator.cc:1095] InUse at 7f5cd0e00000 of size 121110528 next 585
2025-06-14 09:08:00.991396: I external/local_tsl/tsl/framework/bfc_allocator.cc:1095] InUse at 7f5cd8180000 of size 233308160 next 18446744073709551615
2025-06-14 09:08:00.991718: I external/local_tsl/tsl/framework/bfc_allocator.cc:1075] Next region of size 4294967296
2025-06-14 09:08:00.992174: I external/local_tsl/tsl/framework/bfc_allocator.cc:1095] InUse at 7f5cfc000000 of size 1937768448 next 554
2025-06-14 09:08:00.992523: I external/local_tsl/tsl/framework/bfc_allocator.cc:1095] InUse at 7f5d6f800000 of size 1937768448 next 555
2025-06-14 09:08:00.992887: I external/local_tsl/tsl/framework/bfc_allocator.cc:1095] InUse at 7f5de3000000 of size 242221056 next 565
2025-06-14 09:08:00.993236: I external/local_tsl/tsl/framework/bfc_allocator.cc:1095] InUse at 7f5df1700000 of size 177209344 next 18446744073709551615
2025-06-14 09:08:00.993599: I external/local_tsl/tsl/framework/bfc_allocator.cc:1075] Next region of size 2147483648
2025-06-14 09:08:00.994031: I external/local_tsl/tsl/framework/bfc_allocator.cc:1095] InUse at 7f5e2c000000 of size 1937768448 next 547
2025-06-14 09:08:00.994374: I external/local_tsl/tsl/framework/bfc_allocator.cc:1095] InUse at 7f5e9f800000 of size 209715200 next 18446744073709551615
2025-06-14 09:08:00.994741: I external/local_tsl/tsl/framework/bfc_allocator.cc:1075] Next region of size 2147483648
2025-06-14 09:08:00.995211: I external/local_tsl/tsl/framework/bfc_allocator.cc:1095] InUse at 7f5eb2000000 of size 1937768448 next 542
2025-06-14 09:08:00.995550: I external/local_tsl/tsl/framework/bfc_allocator.cc:1095] InUse at 7f5f25800000 of size 60555264 next 543
2025-06-14 09:08:00.995882: I external/local_tsl/tsl/framework/bfc_allocator.cc:1095] InUse at 7f5f291c0000 of size 60555264 next 545
2025-06-14 09:08:00.996248: I external/local_tsl/tsl/framework/bfc_allocator.cc:1095] InUse at 7f5f2cb80000 of size 88604672 next 18446744073709551615
2025-06-14 09:08:00.996640: I external/local_tsl/tsl/framework/bfc_allocator.cc:1075] Next region of size 536870912
2025-06-14 09:08:00.997112: I external/local_tsl/tsl/framework/bfc_allocator.cc:1095] InUse at 7f5f32000000 of size 60555264 next 538
2025-06-14 09:08:00.997497: I external/local_tsl/tsl/framework/bfc_allocator.cc:1095] InUse at 7f5f359c0000 of size 256 next 548
2025-06-14 09:08:00.997947: I external/local_tsl/tsl/framework/bfc_allocator.cc:1095] InUse at 7f5f359c0100 of size 256 next 549
2025-06-14 09:08:00.998439: I external/local_tsl/tsl/framework/bfc_allocator.cc:1095] InUse at 7f5f359c0200 of size 256 next 550
2025-06-14 09:08:00.998944: I external/local_tsl/tsl/framework/bfc_allocator.cc:1095] InUse at 7f5f359c0300 of size 256 next 551
2025-06-14 09:08:00.999400: I external/local_tsl/tsl/framework/bfc_allocator.cc:1095] InUse at 7f5f359c0400 of size 256 next 552
2025-06-14 09:08:00.999830: I external/local_tsl/tsl/framework/bfc_allocator.cc:1095] InUse at 7f5f359c0500 of size 256 next 553
2025-06-14 09:08:01.000240: I external/local_tsl/tsl/framework/bfc_allocator.cc:1095] InUse at 7f5f359c0600 of size 256 next 558
2025-06-14 09:08:01.000648: I external/local_tsl/tsl/framework/bfc_allocator.cc:1095] InUse at 7f5f359c0700 of size 256 next 559
2025-06-14 09:08:01.001074: I external/local_tsl/tsl/framework/bfc_allocator.cc:1095] InUse at 7f5f359c0800 of size 256 next 560
2025-06-14 09:08:01.001543: I external/local_tsl/tsl/framework/bfc_allocator.cc:1095] InUse at 7f5f359c0900 of size 256 next 572
2025-06-14 09:08:01.001947: I external/local_tsl/tsl/framework/bfc_allocator.cc:1095] InUse at 7f5f359c0a00 of size 256 next 573
2025-06-14 09:08:01.002373: I external/local_tsl/tsl/framework/bfc_allocator.cc:1095] InUse at 7f5f359c0b00 of size 256 next 574
2025-06-14 09:08:01.002779: I external/local_tsl/tsl/framework/bfc_allocator.cc:1095] InUse at 7f5f359c0c00 of size 256 next 575
2025-06-14 09:08:01.003230: I external/local_tsl/tsl/framework/bfc_allocator.cc:1095] InUse at 7f5f359c0d00 of size 256 next 576
2025-06-14 09:08:01.003671: I external/local_tsl/tsl/framework/bfc_allocator.cc:1095] InUse at 7f5f359c0e00 of size 512 next 578
2025-06-14 09:08:01.004121: I external/local_tsl/tsl/framework/bfc_allocator.cc:1095] InUse at 7f5f359c1000 of size 256 next 579
2025-06-14 09:08:01.004565: I external/local_tsl/tsl/framework/bfc_allocator.cc:1095] InUse at 7f5f359c1100 of size 512 next 582
2025-06-14 09:08:01.005046: I external/local_tsl/tsl/framework/bfc_allocator.cc:1095] InUse at 7f5f359c1300 of size 512 next 583
2025-06-14 09:08:01.005505: I external/local_tsl/tsl/framework/bfc_allocator.cc:1095] InUse at 7f5f359c1500 of size 512 next 584
2025-06-14 09:08:01.005929: I external/local_tsl/tsl/framework/bfc_allocator.cc:1095] InUse at 7f5f359c1700 of size 512 next 587
2025-06-14 09:08:01.006333: I external/local_tsl/tsl/framework/bfc_allocator.cc:1095] InUse at 7f5f359c1900 of size 512 next 588
2025-06-14 09:08:01.006785: I external/local_tsl/tsl/framework/bfc_allocator.cc:1095] InUse at 7f5f359c1b00 of size 512 next 589
2025-06-14 09:08:01.007198: I external/local_tsl/tsl/framework/bfc_allocator.cc:1095] InUse at 7f5f359c1d00 of size 512 next 590
2025-06-14 09:08:01.007659: I external/local_tsl/tsl/framework/bfc_allocator.cc:1095] InUse at 7f5f359c1f00 of size 1024 next 592
2025-06-14 09:08:01.008095: I external/local_tsl/tsl/framework/bfc_allocator.cc:1095] InUse at 7f5f359c2300 of size 256 next 593
2025-06-14 09:08:01.008514: I external/local_tsl/tsl/framework/bfc_allocator.cc:1095] InUse at 7f5f359c2400 of size 256 next 594
2025-06-14 09:08:01.008949: I external/local_tsl/tsl/framework/bfc_allocator.cc:1095] InUse at 7f5f359c2500 of size 256 next 595
2025-06-14 09:08:01.009366: I external/local_tsl/tsl/framework/bfc_allocator.cc:1095] InUse at 7f5f359c2600 of size 1024 next 596
2025-06-14 09:08:01.009807: I external/local_tsl/tsl/framework/bfc_allocator.cc:1095] InUse at 7f5f359c2a00 of size 15138816 next 600
2025-06-14 09:08:01.010184: I external/local_tsl/tsl/framework/bfc_allocator.cc:1095] InUse at 7f5f36832a00 of size 15138816 next 601
2025-06-14 09:08:01.010524: I external/local_tsl/tsl/framework/bfc_allocator.cc:1095] InUse at 7f5f376a2a00 of size 1024 next 602
2025-06-14 09:08:01.010982: I external/local_tsl/tsl/framework/bfc_allocator.cc:1095] InUse at 7f5f376a2e00 of size 1024 next 603
2025-06-14 09:08:01.011432: I external/local_tsl/tsl/framework/bfc_allocator.cc:1095] InUse at 7f5f376a3200 of size 1024 next 606
2025-06-14 09:08:01.011916: I external/local_tsl/tsl/framework/bfc_allocator.cc:1095] InUse at 7f5f376a3600 of size 1024 next 607
2025-06-14 09:08:01.012351: I external/local_tsl/tsl/framework/bfc_allocator.cc:1095] InUse at 7f5f376a3a00 of size 1024 next 608
2025-06-14 09:08:01.012744: I external/local_tsl/tsl/framework/bfc_allocator.cc:1095] InUse at 7f5f376a3e00 of size 1024 next 609
2025-06-14 09:08:01.013206: I external/local_tsl/tsl/framework/bfc_allocator.cc:1095] InUse at 7f5f376a4200 of size 2048 next 611
2025-06-14 09:08:01.013733: I external/local_tsl/tsl/framework/bfc_allocator.cc:1095] InUse at 7f5f376a4a00 of size 256 next 612
2025-06-14 09:08:01.014162: I external/local_tsl/tsl/framework/bfc_allocator.cc:1095] InUse at 7f5f376a4b00 of size 2048 next 613
2025-06-14 09:08:01.014613: I external/local_tsl/tsl/framework/bfc_allocator.cc:1095] InUse at 7f5f376a5300 of size 3784704 next 617
2025-06-14 09:08:01.014991: I external/local_tsl/tsl/framework/bfc_allocator.cc:1095] InUse at 7f5f37a41300 of size 3784704 next 618
2025-06-14 09:08:01.015404: I external/local_tsl/tsl/framework/bfc_allocator.cc:1095] InUse at 7f5f37ddd300 of size 7569408 next 80
2025-06-14 09:08:01.015758: I external/local_tsl/tsl/framework/bfc_allocator.cc:1095] InUse at 7f5f38515300 of size 15117568 next 539
2025-06-14 09:08:01.016122: I external/local_tsl/tsl/framework/bfc_allocator.cc:1095] InUse at 7f5f39380000 of size 256 next 540
2025-06-14 09:08:01.016571: I external/local_tsl/tsl/framework/bfc_allocator.cc:1095] InUse at 7f5f39380100 of size 242221056 next 561
2025-06-14 09:08:01.016955: I external/local_tsl/tsl/framework/bfc_allocator.cc:1095] InUse at 7f5f47a80100 of size 60555264 next 581
2025-06-14 09:08:01.017284: I external/local_tsl/tsl/framework/bfc_allocator.cc:1095] InUse at 7f5f4b440100 of size 30277632 next 53
2025-06-14 09:08:01.017618: I external/local_tsl/tsl/framework/bfc_allocator.cc:1095] InUse at 7f5f4d120100 of size 30277632 next 63
2025-06-14 09:08:01.017980: I external/local_tsl/tsl/framework/bfc_allocator.cc:1095] InUse at 7f5f4ee00100 of size 52428544 next 18446744073709551615
2025-06-14 09:08:01.018308: I external/local_tsl/tsl/framework/bfc_allocator.cc:1075] Next region of size 268435456
2025-06-14 09:08:01.018723: I external/local_tsl/tsl/framework/bfc_allocator.cc:1095] InUse at 7f6194000000 of size 14155776 next 361
2025-06-14 09:08:01.019071: I external/local_tsl/tsl/framework/bfc_allocator.cc:1095] InUse at 7f6194d80000 of size 7077888 next 367
2025-06-14 09:08:01.019407: I external/local_tsl/tsl/framework/bfc_allocator.cc:1095] InUse at 7f6195440000 of size 7077888 next 368
2025-06-14 09:08:01.019762: I external/local_tsl/tsl/framework/bfc_allocator.cc:1095] InUse at 7f6195b00000 of size 3538944 next 390
2025-06-14 09:08:01.020149: I external/local_tsl/tsl/framework/bfc_allocator.cc:1095] InUse at 7f6195e60000 of size 3538944 next 391
2025-06-14 09:08:01.020496: I external/local_tsl/tsl/framework/bfc_allocator.cc:1095] InUse at 7f61961c0000 of size 1769472 next 398
2025-06-14 09:08:01.020841: I external/local_tsl/tsl/framework/bfc_allocator.cc:1095] InUse at 7f6196370000 of size 512 next 399
2025-06-14 09:08:01.021266: I external/local_tsl/tsl/framework/bfc_allocator.cc:1095] InUse at 7f6196370200 of size 512 next 400
2025-06-14 09:08:01.021675: I external/local_tsl/tsl/framework/bfc_allocator.cc:1095] InUse at 7f6196370400 of size 512 next 401
2025-06-14 09:08:01.022103: I external/local_tsl/tsl/framework/bfc_allocator.cc:1095] InUse at 7f6196370600 of size 512 next 402
2025-06-14 09:08:01.022550: I external/local_tsl/tsl/framework/bfc_allocator.cc:1095] InUse at 7f6196370800 of size 512 next 403
2025-06-14 09:08:01.022980: I external/local_tsl/tsl/framework/bfc_allocator.cc:1095] InUse at 7f6196370a00 of size 512 next 404
2025-06-14 09:08:01.023420: I external/local_tsl/tsl/framework/bfc_allocator.cc:1095] InUse at 7f6196370c00 of size 262144 next 405
2025-06-14 09:08:01.023770: I external/local_tsl/tsl/framework/bfc_allocator.cc:1095] InUse at 7f61963b0c00 of size 262144 next 406
2025-06-14 09:08:01.024183: I external/local_tsl/tsl/framework/bfc_allocator.cc:1095] InUse at 7f61963f0c00 of size 256 next 407
2025-06-14 09:08:01.024635: I external/local_tsl/tsl/framework/bfc_allocator.cc:1095] InUse at 7f61963f0d00 of size 256 next 408
2025-06-14 09:08:01.025098: I external/local_tsl/tsl/framework/bfc_allocator.cc:1095] InUse at 7f61963f0e00 of size 16384 next 409
2025-06-14 09:08:01.025442: I external/local_tsl/tsl/framework/bfc_allocator.cc:1095] InUse at 7f61963f4e00 of size 16384 next 410
2025-06-14 09:08:01.025830: I external/local_tsl/tsl/framework/bfc_allocator.cc:1095] InUse at 7f61963f8e00 of size 256 next 411
2025-06-14 09:08:01.026259: I external/local_tsl/tsl/framework/bfc_allocator.cc:1095] InUse at 7f61963f8f00 of size 256 next 412
2025-06-14 09:08:01.026678: I external/local_tsl/tsl/framework/bfc_allocator.cc:1095] InUse at 7f61963f9000 of size 16384 next 413
2025-06-14 09:08:01.027012: I external/local_tsl/tsl/framework/bfc_allocator.cc:1095] InUse at 7f61963fd000 of size 16384 next 414
2025-06-14 09:08:01.027346: I external/local_tsl/tsl/framework/bfc_allocator.cc:1095] InUse at 7f6196401000 of size 256 next 415
2025-06-14 09:08:01.027811: I external/local_tsl/tsl/framework/bfc_allocator.cc:1095] InUse at 7f6196401100 of size 256 next 416
2025-06-14 09:08:01.028246: I external/local_tsl/tsl/framework/bfc_allocator.cc:1095] InUse at 7f6196401200 of size 256 next 417
2025-06-14 09:08:01.028635: I external/local_tsl/tsl/framework/bfc_allocator.cc:1095] InUse at 7f6196401300 of size 256 next 418
2025-06-14 09:08:01.029133: I external/local_tsl/tsl/framework/bfc_allocator.cc:1095] InUse at 7f6196401400 of size 256 next 419
2025-06-14 09:08:01.029556: I external/local_tsl/tsl/framework/bfc_allocator.cc:1095] InUse at 7f6196401500 of size 256 next 420
2025-06-14 09:08:01.030015: I external/local_tsl/tsl/framework/bfc_allocator.cc:1095] InUse at 7f6196401600 of size 884736 next 421
2025-06-14 09:08:01.030380: I external/local_tsl/tsl/framework/bfc_allocator.cc:1095] InUse at 7f61964d9600 of size 884736 next 422
2025-06-14 09:08:01.030733: I external/local_tsl/tsl/framework/bfc_allocator.cc:1095] InUse at 7f61965b1600 of size 256 next 423
2025-06-14 09:08:01.031174: I external/local_tsl/tsl/framework/bfc_allocator.cc:1095] InUse at 7f61965b1700 of size 256 next 424
2025-06-14 09:08:01.031605: I external/local_tsl/tsl/framework/bfc_allocator.cc:1095] InUse at 7f61965b1800 of size 256 next 425
2025-06-14 09:08:01.032020: I external/local_tsl/tsl/framework/bfc_allocator.cc:1095] InUse at 7f61965b1900 of size 256 next 426
2025-06-14 09:08:01.032501: I external/local_tsl/tsl/framework/bfc_allocator.cc:1095] InUse at 7f61965b1a00 of size 256 next 427
2025-06-14 09:08:01.032956: I external/local_tsl/tsl/framework/bfc_allocator.cc:1095] InUse at 7f61965b1b00 of size 256 next 428
2025-06-14 09:08:01.033398: I external/local_tsl/tsl/framework/bfc_allocator.cc:1095] InUse at 7f61965b1c00 of size 442368 next 429
2025-06-14 09:08:01.033757: I external/local_tsl/tsl/framework/bfc_allocator.cc:1095] InUse at 7f619661dc00 of size 442368 next 430
2025-06-14 09:08:01.034147: I external/local_tsl/tsl/framework/bfc_allocator.cc:1095] InUse at 7f6196689c00 of size 256 next 431
2025-06-14 09:08:01.034612: I external/local_tsl/tsl/framework/bfc_allocator.cc:1095] InUse at 7f6196689d00 of size 256 next 432
2025-06-14 09:08:01.035065: I external/local_tsl/tsl/framework/bfc_allocator.cc:1095] InUse at 7f6196689e00 of size 256 next 433
2025-06-14 09:08:01.035501: I external/local_tsl/tsl/framework/bfc_allocator.cc:1095] InUse at 7f6196689f00 of size 256 next 434
2025-06-14 09:08:01.036042: I external/local_tsl/tsl/framework/bfc_allocator.cc:1095] InUse at 7f619668a000 of size 256 next 435
2025-06-14 09:08:01.036486: I external/local_tsl/tsl/framework/bfc_allocator.cc:1095] InUse at 7f619668a100 of size 256 next 436
2025-06-14 09:08:01.036912: I external/local_tsl/tsl/framework/bfc_allocator.cc:1095] InUse at 7f619668a200 of size 65536 next 437
2025-06-14 09:08:01.037285: I external/local_tsl/tsl/framework/bfc_allocator.cc:1095] InUse at 7f619669a200 of size 65536 next 438
2025-06-14 09:08:01.037660: I external/local_tsl/tsl/framework/bfc_allocator.cc:1095] InUse at 7f61966aa200 of size 256 next 439
2025-06-14 09:08:01.038098: I external/local_tsl/tsl/framework/bfc_allocator.cc:1095] InUse at 7f61966aa300 of size 256 next 440
2025-06-14 09:08:01.038517: I external/local_tsl/tsl/framework/bfc_allocator.cc:1095] InUse at 7f61966aa400 of size 4096 next 441
2025-06-14 09:08:01.038963: I external/local_tsl/tsl/framework/bfc_allocator.cc:1095] InUse at 7f61966ab400 of size 4096 next 442
2025-06-14 09:08:01.039418: I external/local_tsl/tsl/framework/bfc_allocator.cc:1095] InUse at 7f61966ac400 of size 256 next 443
2025-06-14 09:08:01.039846: I external/local_tsl/tsl/framework/bfc_allocator.cc:1095] InUse at 7f61966ac500 of size 256 next 444
2025-06-14 09:08:01.040274: I external/local_tsl/tsl/framework/bfc_allocator.cc:1095] InUse at 7f61966ac600 of size 4096 next 445
2025-06-14 09:08:01.040728: I external/local_tsl/tsl/framework/bfc_allocator.cc:1095] InUse at 7f61966ad600 of size 4096 next 446
2025-06-14 09:08:01.041220: I external/local_tsl/tsl/framework/bfc_allocator.cc:1095] InUse at 7f61966ae600 of size 256 next 447
2025-06-14 09:08:01.041681: I external/local_tsl/tsl/framework/bfc_allocator.cc:1095] InUse at 7f61966ae700 of size 256 next 448
2025-06-14 09:08:01.042135: I external/local_tsl/tsl/framework/bfc_allocator.cc:1095] InUse at 7f61966ae800 of size 256 next 449
2025-06-14 09:08:01.042633: I external/local_tsl/tsl/framework/bfc_allocator.cc:1095] InUse at 7f61966ae900 of size 256 next 450
2025-06-14 09:08:01.043109: I external/local_tsl/tsl/framework/bfc_allocator.cc:1095] InUse at 7f61966aea00 of size 256 next 451
2025-06-14 09:08:01.043547: I external/local_tsl/tsl/framework/bfc_allocator.cc:1095] InUse at 7f61966aeb00 of size 256 next 452
2025-06-14 09:08:01.043989: I external/local_tsl/tsl/framework/bfc_allocator.cc:1095] InUse at 7f61966aec00 of size 221184 next 453
2025-06-14 09:08:01.044360: I external/local_tsl/tsl/framework/bfc_allocator.cc:1095] InUse at 7f61966e4c00 of size 221184 next 454
2025-06-14 09:08:01.044748: I external/local_tsl/tsl/framework/bfc_allocator.cc:1095] InUse at 7f619671ac00 of size 256 next 455
2025-06-14 09:08:01.045240: I external/local_tsl/tsl/framework/bfc_allocator.cc:1095] InUse at 7f619671ad00 of size 256 next 456
2025-06-14 09:08:01.045716: I external/local_tsl/tsl/framework/bfc_allocator.cc:1095] InUse at 7f619671ae00 of size 256 next 457
2025-06-14 09:08:01.046196: I external/local_tsl/tsl/framework/bfc_allocator.cc:1095] InUse at 7f619671af00 of size 256 next 458
2025-06-14 09:08:01.046634: I external/local_tsl/tsl/framework/bfc_allocator.cc:1095] InUse at 7f619671b000 of size 256 next 459
2025-06-14 09:08:01.047067: I external/local_tsl/tsl/framework/bfc_allocator.cc:1095] InUse at 7f619671b100 of size 256 next 460
2025-06-14 09:08:01.047526: I external/local_tsl/tsl/framework/bfc_allocator.cc:1095] InUse at 7f619671b200 of size 110592 next 461
2025-06-14 09:08:01.047933: I external/local_tsl/tsl/framework/bfc_allocator.cc:1095] InUse at 7f6196736200 of size 110592 next 462
2025-06-14 09:08:01.048336: I external/local_tsl/tsl/framework/bfc_allocator.cc:1095] InUse at 7f6196751200 of size 256 next 463
2025-06-14 09:08:01.048776: I external/local_tsl/tsl/framework/bfc_allocator.cc:1095] InUse at 7f6196751300 of size 256 next 464
2025-06-14 09:08:01.049223: I external/local_tsl/tsl/framework/bfc_allocator.cc:1095] InUse at 7f6196751400 of size 256 next 465
2025-06-14 09:08:01.049675: I external/local_tsl/tsl/framework/bfc_allocator.cc:1095] InUse at 7f6196751500 of size 256 next 466
2025-06-14 09:08:01.050094: I external/local_tsl/tsl/framework/bfc_allocator.cc:1095] InUse at 7f6196751600 of size 256 next 467
2025-06-14 09:08:01.050533: I external/local_tsl/tsl/framework/bfc_allocator.cc:1095] InUse at 7f6196751700 of size 256 next 468
2025-06-14 09:08:01.050978: I external/local_tsl/tsl/framework/bfc_allocator.cc:1095] InUse at 7f6196751800 of size 256 next 469
2025-06-14 09:08:01.051467: I external/local_tsl/tsl/framework/bfc_allocator.cc:1095] InUse at 7f6196751900 of size 256 next 470
2025-06-14 09:08:01.051902: I external/local_tsl/tsl/framework/bfc_allocator.cc:1095] InUse at 7f6196751a00 of size 256 next 471
2025-06-14 09:08:01.052354: I external/local_tsl/tsl/framework/bfc_allocator.cc:1095] InUse at 7f6196751b00 of size 256 next 472
2025-06-14 09:08:01.052765: I external/local_tsl/tsl/framework/bfc_allocator.cc:1095] InUse at 7f6196751c00 of size 256 next 473
2025-06-14 09:08:01.053237: I external/local_tsl/tsl/framework/bfc_allocator.cc:1095] InUse at 7f6196751d00 of size 256 next 474
2025-06-14 09:08:01.053660: I external/local_tsl/tsl/framework/bfc_allocator.cc:1095] InUse at 7f6196751e00 of size 256 next 475
2025-06-14 09:08:01.054084: I external/local_tsl/tsl/framework/bfc_allocator.cc:1095] InUse at 7f6196751f00 of size 256 next 476
2025-06-14 09:08:01.054509: I external/local_tsl/tsl/framework/bfc_allocator.cc:1095] InUse at 7f6196752000 of size 256 next 477
2025-06-14 09:08:01.054964: I external/local_tsl/tsl/framework/bfc_allocator.cc:1095] InUse at 7f6196752100 of size 256 next 478
2025-06-14 09:08:01.055386: I external/local_tsl/tsl/framework/bfc_allocator.cc:1095] InUse at 7f6196752200 of size 256 next 479
2025-06-14 09:08:01.055813: I external/local_tsl/tsl/framework/bfc_allocator.cc:1095] InUse at 7f6196752300 of size 256 next 480
2025-06-14 09:08:01.056254: I external/local_tsl/tsl/framework/bfc_allocator.cc:1095] InUse at 7f6196752400 of size 256 next 481
2025-06-14 09:08:01.056747: I external/local_tsl/tsl/framework/bfc_allocator.cc:1095] InUse at 7f6196752500 of size 256 next 482
2025-06-14 09:08:01.057174: I external/local_tsl/tsl/framework/bfc_allocator.cc:1095] InUse at 7f6196752600 of size 256 next 483
2025-06-14 09:08:01.057620: I external/local_tsl/tsl/framework/bfc_allocator.cc:1095] InUse at 7f6196752700 of size 256 next 484
2025-06-14 09:08:01.058073: I external/local_tsl/tsl/framework/bfc_allocator.cc:1095] InUse at 7f6196752800 of size 256 next 485
2025-06-14 09:08:01.058556: I external/local_tsl/tsl/framework/bfc_allocator.cc:1095] InUse at 7f6196752900 of size 256 next 486
2025-06-14 09:08:01.058994: I external/local_tsl/tsl/framework/bfc_allocator.cc:1095] InUse at 7f6196752a00 of size 256 next 487
2025-06-14 09:08:01.059422: I external/local_tsl/tsl/framework/bfc_allocator.cc:1095] InUse at 7f6196752b00 of size 256 next 488
2025-06-14 09:08:01.059849: I external/local_tsl/tsl/framework/bfc_allocator.cc:1095] InUse at 7f6196752c00 of size 256 next 489
2025-06-14 09:08:01.060294: I external/local_tsl/tsl/framework/bfc_allocator.cc:1095] InUse at 7f6196752d00 of size 256 next 490
2025-06-14 09:08:01.060717: I external/local_tsl/tsl/framework/bfc_allocator.cc:1095] InUse at 7f6196752e00 of size 256 next 491
2025-06-14 09:08:01.061129: I external/local_tsl/tsl/framework/bfc_allocator.cc:1095] InUse at 7f6196752f00 of size 256 next 492
2025-06-14 09:08:01.061565: I external/local_tsl/tsl/framework/bfc_allocator.cc:1095] InUse at 7f6196753000 of size 256 next 493
2025-06-14 09:08:01.062076: I external/local_tsl/tsl/framework/bfc_allocator.cc:1095] InUse at 7f6196753100 of size 256 next 494
2025-06-14 09:08:01.062492: I external/local_tsl/tsl/framework/bfc_allocator.cc:1095] InUse at 7f6196753200 of size 256 next 495
2025-06-14 09:08:01.062902: I external/local_tsl/tsl/framework/bfc_allocator.cc:1095] InUse at 7f6196753300 of size 256 next 496
2025-06-14 09:08:01.063331: I external/local_tsl/tsl/framework/bfc_allocator.cc:1095] InUse at 7f6196753400 of size 256 next 497
2025-06-14 09:08:01.063829: I external/local_tsl/tsl/framework/bfc_allocator.cc:1095] InUse at 7f6196753500 of size 256 next 498
2025-06-14 09:08:01.064277: I external/local_tsl/tsl/framework/bfc_allocator.cc:1095] InUse at 7f6196753600 of size 256 next 499
2025-06-14 09:08:01.064714: I external/local_tsl/tsl/framework/bfc_allocator.cc:1095] InUse at 7f6196753700 of size 256 next 500
2025-06-14 09:08:01.065166: I external/local_tsl/tsl/framework/bfc_allocator.cc:1095] InUse at 7f6196753800 of size 256 next 501
2025-06-14 09:08:01.065625: I external/local_tsl/tsl/framework/bfc_allocator.cc:1095] InUse at 7f6196753900 of size 256 next 502
2025-06-14 09:08:01.066070: I external/local_tsl/tsl/framework/bfc_allocator.cc:1095] InUse at 7f6196753a00 of size 256 next 503
2025-06-14 09:08:01.066501: I external/local_tsl/tsl/framework/bfc_allocator.cc:1095] InUse at 7f6196753b00 of size 256 next 504
2025-06-14 09:08:01.066943: I external/local_tsl/tsl/framework/bfc_allocator.cc:1095] InUse at 7f6196753c00 of size 256 next 505
2025-06-14 09:08:01.067421: I external/local_tsl/tsl/framework/bfc_allocator.cc:1095] InUse at 7f6196753d00 of size 256 next 506
2025-06-14 09:08:01.067869: I external/local_tsl/tsl/framework/bfc_allocator.cc:1095] InUse at 7f6196753e00 of size 256 next 507
2025-06-14 09:08:01.068317: I external/local_tsl/tsl/framework/bfc_allocator.cc:1095] InUse at 7f6196753f00 of size 256 next 508
2025-06-14 09:08:01.068724: I external/local_tsl/tsl/framework/bfc_allocator.cc:1095] InUse at 7f6196754000 of size 256 next 509
2025-06-14 09:08:01.069185: I external/local_tsl/tsl/framework/bfc_allocator.cc:1095] InUse at 7f6196754100 of size 256 next 510
2025-06-14 09:08:01.069589: I external/local_tsl/tsl/framework/bfc_allocator.cc:1095] InUse at 7f6196754200 of size 256 next 511
2025-06-14 09:08:01.070048: I external/local_tsl/tsl/framework/bfc_allocator.cc:1095] InUse at 7f6196754300 of size 256 next 512
2025-06-14 09:08:01.070481: I external/local_tsl/tsl/framework/bfc_allocator.cc:1095] InUse at 7f6196754400 of size 256 next 513
2025-06-14 09:08:01.070935: I external/local_tsl/tsl/framework/bfc_allocator.cc:1095] InUse at 7f6196754500 of size 256 next 514
2025-06-14 09:08:01.071346: I external/local_tsl/tsl/framework/bfc_allocator.cc:1095] InUse at 7f6196754600 of size 256 next 515
2025-06-14 09:08:01.071801: I external/local_tsl/tsl/framework/bfc_allocator.cc:1095] InUse at 7f6196754700 of size 256 next 516
2025-06-14 09:08:01.072237: I external/local_tsl/tsl/framework/bfc_allocator.cc:1095] InUse at 7f6196754800 of size 256 next 517
2025-06-14 09:08:01.072705: I external/local_tsl/tsl/framework/bfc_allocator.cc:1095] InUse at 7f6196754900 of size 256 next 518
2025-06-14 09:08:01.073141: I external/local_tsl/tsl/framework/bfc_allocator.cc:1095] InUse at 7f6196754a00 of size 256 next 519
2025-06-14 09:08:01.073585: I external/local_tsl/tsl/framework/bfc_allocator.cc:1095] InUse at 7f6196754b00 of size 256 next 520
2025-06-14 09:08:01.074029: I external/local_tsl/tsl/framework/bfc_allocator.cc:1095] InUse at 7f6196754c00 of size 256 next 521
2025-06-14 09:08:01.074452: I external/local_tsl/tsl/framework/bfc_allocator.cc:1095] InUse at 7f6196754d00 of size 256 next 522
2025-06-14 09:08:01.074897: I external/local_tsl/tsl/framework/bfc_allocator.cc:1095] InUse at 7f6196754e00 of size 256 next 523
2025-06-14 09:08:01.075322: I external/local_tsl/tsl/framework/bfc_allocator.cc:1095] InUse at 7f6196754f00 of size 256 next 524
2025-06-14 09:08:01.075758: I external/local_tsl/tsl/framework/bfc_allocator.cc:1095] InUse at 7f6196755000 of size 256 next 525
2025-06-14 09:08:01.076214: I external/local_tsl/tsl/framework/bfc_allocator.cc:1095] InUse at 7f6196755100 of size 256 next 526
2025-06-14 09:08:01.076675: I external/local_tsl/tsl/framework/bfc_allocator.cc:1095] InUse at 7f6196755200 of size 256 next 527
2025-06-14 09:08:01.077120: I external/local_tsl/tsl/framework/bfc_allocator.cc:1095] Free  at 7f6196755300 of size 256 next 528
2025-06-14 09:08:01.077538: I external/local_tsl/tsl/framework/bfc_allocator.cc:1095] InUse at 7f6196755400 of size 256 next 529
2025-06-14 09:08:01.078022: I external/local_tsl/tsl/framework/bfc_allocator.cc:1095] InUse at 7f6196755500 of size 256 next 530
2025-06-14 09:08:01.078476: I external/local_tsl/tsl/framework/bfc_allocator.cc:1095] InUse at 7f6196755600 of size 512 next 532
2025-06-14 09:08:01.078938: I external/local_tsl/tsl/framework/bfc_allocator.cc:1095] Free  at 7f6196755800 of size 256 next 533
2025-06-14 09:08:01.079408: I external/local_tsl/tsl/framework/bfc_allocator.cc:1095] InUse at 7f6196755900 of size 256 next 534
2025-06-14 09:08:01.079954: I external/local_tsl/tsl/framework/bfc_allocator.cc:1095] InUse at 7f6196755a00 of size 60555264 next 535
2025-06-14 09:08:01.080311: I external/local_tsl/tsl/framework/bfc_allocator.cc:1095] InUse at 7f619a115a00 of size 60555264 next 536
2025-06-14 09:08:01.080722: I external/local_tsl/tsl/framework/bfc_allocator.cc:1095] InUse at 7f619dad5a00 of size 106079744 next 18446744073709551615
2025-06-14 09:08:01.081155: I external/local_tsl/tsl/framework/bfc_allocator.cc:1075] Next region of size 134217728
2025-06-14 09:08:01.081641: I external/local_tsl/tsl/framework/bfc_allocator.cc:1095] InUse at 7f6234000000 of size 14155776 next 141
2025-06-14 09:08:01.082048: I external/local_tsl/tsl/framework/bfc_allocator.cc:1095] InUse at 7f6234d80000 of size 3538944 next 166
2025-06-14 09:08:01.082401: I external/local_tsl/tsl/framework/bfc_allocator.cc:1095] InUse at 7f62350e0000 of size 884736 next 280
2025-06-14 09:08:01.082798: I external/local_tsl/tsl/framework/bfc_allocator.cc:1095] InUse at 7f62351b8000 of size 2654208 next 148
2025-06-14 09:08:01.083139: I external/local_tsl/tsl/framework/bfc_allocator.cc:1095] InUse at 7f6235440000 of size 7077888 next 114
2025-06-14 09:08:01.083483: I external/local_tsl/tsl/framework/bfc_allocator.cc:1095] InUse at 7f6235b00000 of size 28311552 next 112
2025-06-14 09:08:01.083859: I external/local_tsl/tsl/framework/bfc_allocator.cc:1095] InUse at 7f6237600000 of size 28311552 next 329
2025-06-14 09:08:01.084218: I external/local_tsl/tsl/framework/bfc_allocator.cc:1095] InUse at 7f6239100000 of size 49283072 next 18446744073709551615
2025-06-14 09:08:01.084592: I external/local_tsl/tsl/framework/bfc_allocator.cc:1075] Next region of size 67108864
2025-06-14 09:08:01.085030: I external/local_tsl/tsl/framework/bfc_allocator.cc:1095] InUse at 7f623c000000 of size 7077888 next 308
2025-06-14 09:08:01.085371: I external/local_tsl/tsl/framework/bfc_allocator.cc:1095] InUse at 7f623c6c0000 of size 7077888 next 104
2025-06-14 09:08:01.085725: I external/local_tsl/tsl/framework/bfc_allocator.cc:1095] InUse at 7f623cd80000 of size 14155776 next 102
2025-06-14 09:08:01.086057: I external/local_tsl/tsl/framework/bfc_allocator.cc:1095] InUse at 7f623db00000 of size 14155776 next 322
2025-06-14 09:08:01.086395: I external/local_tsl/tsl/framework/bfc_allocator.cc:1095] InUse at 7f623e880000 of size 4194304 next 344
2025-06-14 09:08:01.086749: I external/local_tsl/tsl/framework/bfc_allocator.cc:1095] InUse at 7f623ec80000 of size 4194304 next 345
2025-06-14 09:08:01.087137: I external/local_tsl/tsl/framework/bfc_allocator.cc:1095] InUse at 7f623f080000 of size 16252928 next 18446744073709551615
2025-06-14 09:08:01.087492: I external/local_tsl/tsl/framework/bfc_allocator.cc:1075] Next region of size 33554432
2025-06-14 09:08:01.087922: I external/local_tsl/tsl/framework/bfc_allocator.cc:1095] InUse at 7f625e000000 of size 3538944 next 301
2025-06-14 09:08:01.088287: I external/local_tsl/tsl/framework/bfc_allocator.cc:1095] InUse at 7f625e360000 of size 1048576 next 375
2025-06-14 09:08:01.088689: I external/local_tsl/tsl/framework/bfc_allocator.cc:1095] InUse at 7f625e460000 of size 512 next 376
2025-06-14 09:08:01.089127: I external/local_tsl/tsl/framework/bfc_allocator.cc:1095] InUse at 7f625e460200 of size 512 next 377
2025-06-14 09:08:01.089534: I external/local_tsl/tsl/framework/bfc_allocator.cc:1095] InUse at 7f625e460400 of size 65536 next 378
2025-06-14 09:08:01.089936: I external/local_tsl/tsl/framework/bfc_allocator.cc:1095] InUse at 7f625e470400 of size 65536 next 379
2025-06-14 09:08:01.090316: I external/local_tsl/tsl/framework/bfc_allocator.cc:1095] InUse at 7f625e480400 of size 512 next 380
2025-06-14 09:08:01.090709: I external/local_tsl/tsl/framework/bfc_allocator.cc:1095] InUse at 7f625e480600 of size 512 next 381
2025-06-14 09:08:01.091185: I external/local_tsl/tsl/framework/bfc_allocator.cc:1095] InUse at 7f625e480800 of size 65536 next 382
2025-06-14 09:08:01.091540: I external/local_tsl/tsl/framework/bfc_allocator.cc:1095] InUse at 7f625e490800 of size 65536 next 383
2025-06-14 09:08:01.091900: I external/local_tsl/tsl/framework/bfc_allocator.cc:1095] InUse at 7f625e4a0800 of size 512 next 384
2025-06-14 09:08:01.092336: I external/local_tsl/tsl/framework/bfc_allocator.cc:1095] InUse at 7f625e4a0a00 of size 512 next 385
2025-06-14 09:08:01.092752: I external/local_tsl/tsl/framework/bfc_allocator.cc:1095] InUse at 7f625e4a0c00 of size 512 next 386
2025-06-14 09:08:01.093164: I external/local_tsl/tsl/framework/bfc_allocator.cc:1095] InUse at 7f625e4a0e00 of size 512 next 387
2025-06-14 09:08:01.093640: I external/local_tsl/tsl/framework/bfc_allocator.cc:1095] InUse at 7f625e4a1000 of size 256 next 388
2025-06-14 09:08:01.094066: I external/local_tsl/tsl/framework/bfc_allocator.cc:1095] InUse at 7f625e4a1100 of size 256 next 389
2025-06-14 09:08:01.094470: I external/local_tsl/tsl/framework/bfc_allocator.cc:1095] InUse at 7f625e4a1200 of size 512 next 392
2025-06-14 09:08:01.094916: I external/local_tsl/tsl/framework/bfc_allocator.cc:1095] InUse at 7f625e4a1400 of size 512 next 393
2025-06-14 09:08:01.095381: I external/local_tsl/tsl/framework/bfc_allocator.cc:1095] InUse at 7f625e4a1600 of size 512 next 394
2025-06-14 09:08:01.095826: I external/local_tsl/tsl/framework/bfc_allocator.cc:1095] InUse at 7f625e4a1800 of size 512 next 395
2025-06-14 09:08:01.096308: I external/local_tsl/tsl/framework/bfc_allocator.cc:1095] InUse at 7f625e4a1a00 of size 512 next 396
2025-06-14 09:08:01.096750: I external/local_tsl/tsl/framework/bfc_allocator.cc:1095] InUse at 7f625e4a1c00 of size 512 next 397
2025-06-14 09:08:01.097191: I external/local_tsl/tsl/framework/bfc_allocator.cc:1095] InUse at 7f625e4a1e00 of size 2220544 next 88
2025-06-14 09:08:01.097556: I external/local_tsl/tsl/framework/bfc_allocator.cc:1095] InUse at 7f625e6c0000 of size 7077888 next 86
2025-06-14 09:08:01.097949: I external/local_tsl/tsl/framework/bfc_allocator.cc:1095] InUse at 7f625ed80000 of size 19398656 next 18446744073709551615
2025-06-14 09:08:01.098329: I external/local_tsl/tsl/framework/bfc_allocator.cc:1075] Next region of size 16777216
2025-06-14 09:08:01.098753: I external/local_tsl/tsl/framework/bfc_allocator.cc:1095] InUse at 7f6266000000 of size 1048576 next 155
2025-06-14 09:08:01.099117: I external/local_tsl/tsl/framework/bfc_allocator.cc:1095] InUse at 7f6266100000 of size 2490368 next 78
2025-06-14 09:08:01.099474: I external/local_tsl/tsl/framework/bfc_allocator.cc:1095] InUse at 7f6266360000 of size 3538944 next 76
2025-06-14 09:08:01.099927: I external/local_tsl/tsl/framework/bfc_allocator.cc:1095] InUse at 7f62666c0000 of size 4194304 next 129
2025-06-14 09:08:01.100309: I external/local_tsl/tsl/framework/bfc_allocator.cc:1095] InUse at 7f6266ac0000 of size 5505024 next 18446744073709551615
2025-06-14 09:08:01.100675: I external/local_tsl/tsl/framework/bfc_allocator.cc:1075] Next region of size 2097152
2025-06-14 09:08:01.101139: I external/local_tsl/tsl/framework/bfc_allocator.cc:1095] InUse at 7f62b4e00000 of size 256 next 1
2025-06-14 09:08:01.101585: I external/local_tsl/tsl/framework/bfc_allocator.cc:1095] InUse at 7f62b4e00100 of size 1280 next 2
2025-06-14 09:08:01.102032: I external/local_tsl/tsl/framework/bfc_allocator.cc:1095] InUse at 7f62b4e00600 of size 256 next 3
2025-06-14 09:08:01.102454: I external/local_tsl/tsl/framework/bfc_allocator.cc:1095] InUse at 7f62b4e00700 of size 256 next 4
2025-06-14 09:08:01.102866: I external/local_tsl/tsl/framework/bfc_allocator.cc:1095] InUse at 7f62b4e00800 of size 256 next 6
2025-06-14 09:08:01.103308: I external/local_tsl/tsl/framework/bfc_allocator.cc:1095] InUse at 7f62b4e00900 of size 256 next 7
2025-06-14 09:08:01.103730: I external/local_tsl/tsl/framework/bfc_allocator.cc:1095] InUse at 7f62b4e00a00 of size 256 next 5
2025-06-14 09:08:01.104169: I external/local_tsl/tsl/framework/bfc_allocator.cc:1095] InUse at 7f62b4e00b00 of size 256 next 8
2025-06-14 09:08:01.104596: I external/local_tsl/tsl/framework/bfc_allocator.cc:1095] InUse at 7f62b4e00c00 of size 256 next 11
2025-06-14 09:08:01.105053: I external/local_tsl/tsl/framework/bfc_allocator.cc:1095] InUse at 7f62b4e00d00 of size 256 next 569
2025-06-14 09:08:01.105538: I external/local_tsl/tsl/framework/bfc_allocator.cc:1095] InUse at 7f62b4e00e00 of size 256 next 13
2025-06-14 09:08:01.106013: I external/local_tsl/tsl/framework/bfc_allocator.cc:1095] InUse at 7f62b4e00f00 of size 256 next 14
2025-06-14 09:08:01.106474: I external/local_tsl/tsl/framework/bfc_allocator.cc:1095] InUse at 7f62b4e01000 of size 256 next 15
2025-06-14 09:08:01.106945: I external/local_tsl/tsl/framework/bfc_allocator.cc:1095] InUse at 7f62b4e01100 of size 256 next 18
2025-06-14 09:08:01.107399: I external/local_tsl/tsl/framework/bfc_allocator.cc:1095] InUse at 7f62b4e01200 of size 256 next 16
2025-06-14 09:08:01.107845: I external/local_tsl/tsl/framework/bfc_allocator.cc:1095] InUse at 7f62b4e01300 of size 256 next 17
2025-06-14 09:08:01.108305: I external/local_tsl/tsl/framework/bfc_allocator.cc:1095] InUse at 7f62b4e01400 of size 256 next 21
2025-06-14 09:08:01.108762: I external/local_tsl/tsl/framework/bfc_allocator.cc:1095] InUse at 7f62b4e01500 of size 256 next 22
2025-06-14 09:08:01.109238: I external/local_tsl/tsl/framework/bfc_allocator.cc:1095] InUse at 7f62b4e01600 of size 256 next 23
2025-06-14 09:08:01.109687: I external/local_tsl/tsl/framework/bfc_allocator.cc:1095] InUse at 7f62b4e01700 of size 256 next 24
2025-06-14 09:08:01.110173: I external/local_tsl/tsl/framework/bfc_allocator.cc:1095] InUse at 7f62b4e01800 of size 256 next 25
2025-06-14 09:08:01.110632: I external/local_tsl/tsl/framework/bfc_allocator.cc:1095] InUse at 7f62b4e01900 of size 256 next 26
2025-06-14 09:08:01.111102: I external/local_tsl/tsl/framework/bfc_allocator.cc:1095] InUse at 7f62b4e01a00 of size 256 next 29
2025-06-14 09:08:01.111544: I external/local_tsl/tsl/framework/bfc_allocator.cc:1095] InUse at 7f62b4e01b00 of size 512 next 31
2025-06-14 09:08:01.112033: I external/local_tsl/tsl/framework/bfc_allocator.cc:1095] InUse at 7f62b4e01d00 of size 256 next 32
2025-06-14 09:08:01.112577: I external/local_tsl/tsl/framework/bfc_allocator.cc:1095] InUse at 7f62b4e01e00 of size 256 next 33
2025-06-14 09:08:01.112998: I external/local_tsl/tsl/framework/bfc_allocator.cc:1095] InUse at 7f62b4e01f00 of size 256 next 36
2025-06-14 09:08:01.113466: I external/local_tsl/tsl/framework/bfc_allocator.cc:1095] InUse at 7f62b4e02000 of size 256 next 34
2025-06-14 09:08:01.113920: I external/local_tsl/tsl/framework/bfc_allocator.cc:1095] InUse at 7f62b4e02100 of size 256 next 35
2025-06-14 09:08:01.114415: I external/local_tsl/tsl/framework/bfc_allocator.cc:1095] InUse at 7f62b4e02200 of size 512 next 40
2025-06-14 09:08:01.114883: I external/local_tsl/tsl/framework/bfc_allocator.cc:1095] InUse at 7f62b4e02400 of size 256 next 41
2025-06-14 09:08:01.115312: I external/local_tsl/tsl/framework/bfc_allocator.cc:1095] InUse at 7f62b4e02500 of size 256 next 42
2025-06-14 09:08:01.115742: I external/local_tsl/tsl/framework/bfc_allocator.cc:1095] InUse at 7f62b4e02600 of size 256 next 9
2025-06-14 09:08:01.116250: I external/local_tsl/tsl/framework/bfc_allocator.cc:1095] InUse at 7f62b4e02700 of size 3584 next 10
2025-06-14 09:08:01.116672: I external/local_tsl/tsl/framework/bfc_allocator.cc:1095] InUse at 7f62b4e03500 of size 256 next 44
2025-06-14 09:08:01.117121: I external/local_tsl/tsl/framework/bfc_allocator.cc:1095] InUse at 7f62b4e03600 of size 256 next 43
2025-06-14 09:08:01.117549: I external/local_tsl/tsl/framework/bfc_allocator.cc:1095] InUse at 7f62b4e03700 of size 256 next 49
2025-06-14 09:08:01.118019: I external/local_tsl/tsl/framework/bfc_allocator.cc:1095] InUse at 7f62b4e03800 of size 512 next 48
2025-06-14 09:08:01.118485: I external/local_tsl/tsl/framework/bfc_allocator.cc:1095] InUse at 7f62b4e03a00 of size 512 next 50
2025-06-14 09:08:01.118968: I external/local_tsl/tsl/framework/bfc_allocator.cc:1095] InUse at 7f62b4e03c00 of size 768 next 45
2025-06-14 09:08:01.119438: I external/local_tsl/tsl/framework/bfc_allocator.cc:1095] InUse at 7f62b4e03f00 of size 2048 next 46
2025-06-14 09:08:01.119888: I external/local_tsl/tsl/framework/bfc_allocator.cc:1095] InUse at 7f62b4e04700 of size 2048 next 47
2025-06-14 09:08:01.120325: I external/local_tsl/tsl/framework/bfc_allocator.cc:1095] InUse at 7f62b4e04f00 of size 1024 next 54
2025-06-14 09:08:01.120753: I external/local_tsl/tsl/framework/bfc_allocator.cc:1095] InUse at 7f62b4e05300 of size 256 next 55
2025-06-14 09:08:01.121180: I external/local_tsl/tsl/framework/bfc_allocator.cc:1095] InUse at 7f62b4e05400 of size 256 next 56
2025-06-14 09:08:01.121638: I external/local_tsl/tsl/framework/bfc_allocator.cc:1095] InUse at 7f62b4e05500 of size 512 next 57
2025-06-14 09:08:01.122071: I external/local_tsl/tsl/framework/bfc_allocator.cc:1095] InUse at 7f62b4e05700 of size 512 next 58
2025-06-14 09:08:01.122484: I external/local_tsl/tsl/framework/bfc_allocator.cc:1095] InUse at 7f62b4e05900 of size 512 next 62
2025-06-14 09:08:01.122912: I external/local_tsl/tsl/framework/bfc_allocator.cc:1095] InUse at 7f62b4e05b00 of size 1024 next 64
2025-06-14 09:08:01.123380: I external/local_tsl/tsl/framework/bfc_allocator.cc:1095] InUse at 7f62b4e05f00 of size 256 next 65
2025-06-14 09:08:01.123797: I external/local_tsl/tsl/framework/bfc_allocator.cc:1095] InUse at 7f62b4e06000 of size 256 next 66
2025-06-14 09:08:01.124218: I external/local_tsl/tsl/framework/bfc_allocator.cc:1095] InUse at 7f62b4e06100 of size 256 next 68
2025-06-14 09:08:01.124634: I external/local_tsl/tsl/framework/bfc_allocator.cc:1095] InUse at 7f62b4e06200 of size 512 next 67
2025-06-14 09:08:01.125098: I external/local_tsl/tsl/framework/bfc_allocator.cc:1095] InUse at 7f62b4e06400 of size 256 next 69
2025-06-14 09:08:01.125553: I external/local_tsl/tsl/framework/bfc_allocator.cc:1095] InUse at 7f62b4e06500 of size 256 next 74
2025-06-14 09:08:01.126001: I external/local_tsl/tsl/framework/bfc_allocator.cc:1095] InUse at 7f62b4e06600 of size 1024 next 73
2025-06-14 09:08:01.126433: I external/local_tsl/tsl/framework/bfc_allocator.cc:1095] InUse at 7f62b4e06a00 of size 1024 next 75
2025-06-14 09:08:01.126903: I external/local_tsl/tsl/framework/bfc_allocator.cc:1095] InUse at 7f62b4e06e00 of size 1024 next 79
2025-06-14 09:08:01.127324: I external/local_tsl/tsl/framework/bfc_allocator.cc:1095] InUse at 7f62b4e07200 of size 2048 next 81
2025-06-14 09:08:01.127743: I external/local_tsl/tsl/framework/bfc_allocator.cc:1095] InUse at 7f62b4e07a00 of size 256 next 82
2025-06-14 09:08:01.128171: I external/local_tsl/tsl/framework/bfc_allocator.cc:1095] InUse at 7f62b4e07b00 of size 256 next 83
2025-06-14 09:08:01.128658: I external/local_tsl/tsl/framework/bfc_allocator.cc:1095] InUse at 7f62b4e07c00 of size 1024 next 84
2025-06-14 09:08:01.129141: I external/local_tsl/tsl/framework/bfc_allocator.cc:1095] InUse at 7f62b4e08000 of size 1024 next 70
2025-06-14 09:08:01.129565: I external/local_tsl/tsl/framework/bfc_allocator.cc:1095] InUse at 7f62b4e08400 of size 8192 next 71
2025-06-14 09:08:01.129998: I external/local_tsl/tsl/framework/bfc_allocator.cc:1095] InUse at 7f62b4e0a400 of size 8192 next 72
2025-06-14 09:08:01.130454: I external/local_tsl/tsl/framework/bfc_allocator.cc:1095] InUse at 7f62b4e0c400 of size 1024 next 85
2025-06-14 09:08:01.130896: I external/local_tsl/tsl/framework/bfc_allocator.cc:1095] InUse at 7f62b4e0c800 of size 2048 next 90
2025-06-14 09:08:01.131329: I external/local_tsl/tsl/framework/bfc_allocator.cc:1095] InUse at 7f62b4e0d000 of size 256 next 91
2025-06-14 09:08:01.131824: I external/local_tsl/tsl/framework/bfc_allocator.cc:1095] InUse at 7f62b4e0d100 of size 256 next 92
2025-06-14 09:08:01.132309: I external/local_tsl/tsl/framework/bfc_allocator.cc:1095] InUse at 7f62b4e0d200 of size 256 next 94
2025-06-14 09:08:01.132756: I external/local_tsl/tsl/framework/bfc_allocator.cc:1095] InUse at 7f62b4e0d300 of size 1024 next 93
2025-06-14 09:08:01.133206: I external/local_tsl/tsl/framework/bfc_allocator.cc:1095] InUse at 7f62b4e0d700 of size 256 next 95
2025-06-14 09:08:01.133620: I external/local_tsl/tsl/framework/bfc_allocator.cc:1095] InUse at 7f62b4e0d800 of size 256 next 100
2025-06-14 09:08:01.134089: I external/local_tsl/tsl/framework/bfc_allocator.cc:1095] InUse at 7f62b4e0d900 of size 2048 next 99
2025-06-14 09:08:01.134530: I external/local_tsl/tsl/framework/bfc_allocator.cc:1095] InUse at 7f62b4e0e100 of size 2048 next 101
2025-06-14 09:08:01.134984: I external/local_tsl/tsl/framework/bfc_allocator.cc:1095] InUse at 7f62b4e0e900 of size 2048 next 105
2025-06-14 09:08:01.135414: I external/local_tsl/tsl/framework/bfc_allocator.cc:1095] InUse at 7f62b4e0f100 of size 1024 next 628
2025-06-14 09:08:01.135874: I external/local_tsl/tsl/framework/bfc_allocator.cc:1095] InUse at 7f62b4e0f500 of size 1024 next 633
2025-06-14 09:08:01.136283: I external/local_tsl/tsl/framework/bfc_allocator.cc:1095] InUse at 7f62b4e0f900 of size 1024 next 643
2025-06-14 09:08:01.136739: I external/local_tsl/tsl/framework/bfc_allocator.cc:1095] InUse at 7f62b4e0fd00 of size 1024 next 107
2025-06-14 09:08:01.137159: I external/local_tsl/tsl/framework/bfc_allocator.cc:1095] InUse at 7f62b4e10100 of size 256 next 108
2025-06-14 09:08:01.137646: I external/local_tsl/tsl/framework/bfc_allocator.cc:1095] InUse at 7f62b4e10200 of size 256 next 109
2025-06-14 09:08:01.138089: I external/local_tsl/tsl/framework/bfc_allocator.cc:1095] InUse at 7f62b4e10300 of size 2048 next 110
2025-06-14 09:08:01.138522: I external/local_tsl/tsl/framework/bfc_allocator.cc:1095] InUse at 7f62b4e10b00 of size 2048 next 111
2025-06-14 09:08:01.138960: I external/local_tsl/tsl/framework/bfc_allocator.cc:1095] InUse at 7f62b4e11300 of size 2048 next 115
2025-06-14 09:08:01.139472: I external/local_tsl/tsl/framework/bfc_allocator.cc:1095] InUse at 7f62b4e11b00 of size 1024 next 641
2025-06-14 09:08:01.139937: I external/local_tsl/tsl/framework/bfc_allocator.cc:1095] InUse at 7f62b4e11f00 of size 1024 next 642
2025-06-14 09:08:01.140363: I external/local_tsl/tsl/framework/bfc_allocator.cc:1095] InUse at 7f62b4e12300 of size 1024 next 644
2025-06-14 09:08:01.140806: I external/local_tsl/tsl/framework/bfc_allocator.cc:1095] InUse at 7f62b4e12700 of size 1024 next 117
2025-06-14 09:08:01.141293: I external/local_tsl/tsl/framework/bfc_allocator.cc:1095] InUse at 7f62b4e12b00 of size 256 next 118
2025-06-14 09:08:01.141706: I external/local_tsl/tsl/framework/bfc_allocator.cc:1095] InUse at 7f62b4e12c00 of size 256 next 119
2025-06-14 09:08:01.142130: I external/local_tsl/tsl/framework/bfc_allocator.cc:1095] InUse at 7f62b4e12d00 of size 256 next 120
2025-06-14 09:08:01.142556: I external/local_tsl/tsl/framework/bfc_allocator.cc:1095] InUse at 7f62b4e12e00 of size 2048 next 121
2025-06-14 09:08:01.143026: I external/local_tsl/tsl/framework/bfc_allocator.cc:1095] InUse at 7f62b4e13600 of size 256 next 124
2025-06-14 09:08:01.143425: I external/local_tsl/tsl/framework/bfc_allocator.cc:1095] InUse at 7f62b4e13700 of size 256 next 126
2025-06-14 09:08:01.143866: I external/local_tsl/tsl/framework/bfc_allocator.cc:1095] InUse at 7f62b4e13800 of size 1024 next 127
2025-06-14 09:08:01.144290: I external/local_tsl/tsl/framework/bfc_allocator.cc:1095] InUse at 7f62b4e13c00 of size 256 next 128
2025-06-14 09:08:01.144756: I external/local_tsl/tsl/framework/bfc_allocator.cc:1095] InUse at 7f62b4e13d00 of size 256 next 130
2025-06-14 09:08:01.145256: I external/local_tsl/tsl/framework/bfc_allocator.cc:1095] InUse at 7f62b4e13e00 of size 1024 next 131
2025-06-14 09:08:01.145740: I external/local_tsl/tsl/framework/bfc_allocator.cc:1095] InUse at 7f62b4e14200 of size 1024 next 132
2025-06-14 09:08:01.146179: I external/local_tsl/tsl/framework/bfc_allocator.cc:1095] InUse at 7f62b4e14600 of size 256 next 135
2025-06-14 09:08:01.146659: I external/local_tsl/tsl/framework/bfc_allocator.cc:1095] InUse at 7f62b4e14700 of size 256 next 137
2025-06-14 09:08:01.147125: I external/local_tsl/tsl/framework/bfc_allocator.cc:1095] InUse at 7f62b4e14800 of size 256 next 139
2025-06-14 09:08:01.147599: I external/local_tsl/tsl/framework/bfc_allocator.cc:1095] InUse at 7f62b4e14900 of size 1024 next 140
2025-06-14 09:08:01.148057: I external/local_tsl/tsl/framework/bfc_allocator.cc:1095] InUse at 7f62b4e14d00 of size 1024 next 138
2025-06-14 09:08:01.148564: I external/local_tsl/tsl/framework/bfc_allocator.cc:1095] InUse at 7f62b4e15100 of size 1024 next 96
2025-06-14 09:08:01.149028: I external/local_tsl/tsl/framework/bfc_allocator.cc:1095] InUse at 7f62b4e15500 of size 32768 next 97
2025-06-14 09:08:01.149477: I external/local_tsl/tsl/framework/bfc_allocator.cc:1095] InUse at 7f62b4e1d500 of size 32768 next 98
2025-06-14 09:08:01.149921: I external/local_tsl/tsl/framework/bfc_allocator.cc:1095] InUse at 7f62b4e25500 of size 1024 next 142
2025-06-14 09:08:01.150388: I external/local_tsl/tsl/framework/bfc_allocator.cc:1095] Free  at 7f62b4e25900 of size 2048 next 144
2025-06-14 09:08:01.150815: I external/local_tsl/tsl/framework/bfc_allocator.cc:1095] InUse at 7f62b4e26100 of size 1024 next 145
2025-06-14 09:08:01.151234: I external/local_tsl/tsl/framework/bfc_allocator.cc:1095] InUse at 7f62b4e26500 of size 1024 next 146
2025-06-14 09:08:01.151657: I external/local_tsl/tsl/framework/bfc_allocator.cc:1095] InUse at 7f62b4e26900 of size 1024 next 147
2025-06-14 09:08:01.152118: I external/local_tsl/tsl/framework/bfc_allocator.cc:1095] Free  at 7f62b4e26d00 of size 2048 next 150
2025-06-14 09:08:01.152539: I external/local_tsl/tsl/framework/bfc_allocator.cc:1095] InUse at 7f62b4e27500 of size 256 next 151
2025-06-14 09:08:01.152955: I external/local_tsl/tsl/framework/bfc_allocator.cc:1095] InUse at 7f62b4e27600 of size 256 next 152
2025-06-14 09:08:01.153385: I external/local_tsl/tsl/framework/bfc_allocator.cc:1095] InUse at 7f62b4e27700 of size 512 next 153
2025-06-14 09:08:01.153891: I external/local_tsl/tsl/framework/bfc_allocator.cc:1095] InUse at 7f62b4e27900 of size 256 next 154
2025-06-14 09:08:01.154351: I external/local_tsl/tsl/framework/bfc_allocator.cc:1095] InUse at 7f62b4e27a00 of size 256 next 156
2025-06-14 09:08:01.154792: I external/local_tsl/tsl/framework/bfc_allocator.cc:1095] InUse at 7f62b4e27b00 of size 512 next 158
2025-06-14 09:08:01.155213: I external/local_tsl/tsl/framework/bfc_allocator.cc:1095] InUse at 7f62b4e27d00 of size 512 next 159
2025-06-14 09:08:01.155718: I external/local_tsl/tsl/framework/bfc_allocator.cc:1095] InUse at 7f62b4e27f00 of size 256 next 157
2025-06-14 09:08:01.156155: I external/local_tsl/tsl/framework/bfc_allocator.cc:1095] InUse at 7f62b4e28000 of size 256 next 161
2025-06-14 09:08:01.156582: I external/local_tsl/tsl/framework/bfc_allocator.cc:1095] InUse at 7f62b4e28100 of size 256 next 164
2025-06-14 09:08:01.157007: I external/local_tsl/tsl/framework/bfc_allocator.cc:1095] InUse at 7f62b4e28200 of size 512 next 165
2025-06-14 09:08:01.157477: I external/local_tsl/tsl/framework/bfc_allocator.cc:1095] InUse at 7f62b4e28400 of size 512 next 163
2025-06-14 09:08:01.157924: I external/local_tsl/tsl/framework/bfc_allocator.cc:1095] InUse at 7f62b4e28600 of size 512 next 167
2025-06-14 09:08:01.158369: I external/local_tsl/tsl/framework/bfc_allocator.cc:1095] InUse at 7f62b4e28800 of size 512 next 168
2025-06-14 09:08:01.158788: I external/local_tsl/tsl/framework/bfc_allocator.cc:1095] InUse at 7f62b4e28a00 of size 512 next 169
2025-06-14 09:08:01.159226: I external/local_tsl/tsl/framework/bfc_allocator.cc:1095] InUse at 7f62b4e28c00 of size 512 next 170
2025-06-14 09:08:01.159636: I external/local_tsl/tsl/framework/bfc_allocator.cc:1095] InUse at 7f62b4e28e00 of size 512 next 171
2025-06-14 09:08:01.160108: I external/local_tsl/tsl/framework/bfc_allocator.cc:1095] InUse at 7f62b4e29000 of size 512 next 172
2025-06-14 09:08:01.160553: I external/local_tsl/tsl/framework/bfc_allocator.cc:1095] InUse at 7f62b4e29200 of size 512 next 173
2025-06-14 09:08:01.160999: I external/local_tsl/tsl/framework/bfc_allocator.cc:1095] InUse at 7f62b4e29400 of size 512 next 174
2025-06-14 09:08:01.161435: I external/local_tsl/tsl/framework/bfc_allocator.cc:1095] InUse at 7f62b4e29600 of size 512 next 175
2025-06-14 09:08:01.161887: I external/local_tsl/tsl/framework/bfc_allocator.cc:1095] InUse at 7f62b4e29800 of size 256 next 176
2025-06-14 09:08:01.162408: I external/local_tsl/tsl/framework/bfc_allocator.cc:1095] InUse at 7f62b4e29900 of size 256 next 177
2025-06-14 09:08:01.162913: I external/local_tsl/tsl/framework/bfc_allocator.cc:1095] InUse at 7f62b4e29a00 of size 256 next 178
2025-06-14 09:08:01.163387: I external/local_tsl/tsl/framework/bfc_allocator.cc:1095] InUse at 7f62b4e29b00 of size 256 next 179
2025-06-14 09:08:01.163814: I external/local_tsl/tsl/framework/bfc_allocator.cc:1095] InUse at 7f62b4e29c00 of size 256 next 180
2025-06-14 09:08:01.164286: I external/local_tsl/tsl/framework/bfc_allocator.cc:1095] InUse at 7f62b4e29d00 of size 256 next 182
2025-06-14 09:08:01.164736: I external/local_tsl/tsl/framework/bfc_allocator.cc:1095] InUse at 7f62b4e29e00 of size 256 next 181
2025-06-14 09:08:01.165220: I external/local_tsl/tsl/framework/bfc_allocator.cc:1095] InUse at 7f62b4e29f00 of size 256 next 183
2025-06-14 09:08:01.165648: I external/local_tsl/tsl/framework/bfc_allocator.cc:1095] InUse at 7f62b4e2a000 of size 256 next 187
2025-06-14 09:08:01.166124: I external/local_tsl/tsl/framework/bfc_allocator.cc:1095] InUse at 7f62b4e2a100 of size 256 next 188
2025-06-14 09:08:01.166549: I external/local_tsl/tsl/framework/bfc_allocator.cc:1095] InUse at 7f62b4e2a200 of size 256 next 191
2025-06-14 09:08:01.166999: I external/local_tsl/tsl/framework/bfc_allocator.cc:1095] InUse at 7f62b4e2a300 of size 256 next 189
2025-06-14 09:08:01.167455: I external/local_tsl/tsl/framework/bfc_allocator.cc:1095] InUse at 7f62b4e2a400 of size 256 next 190
2025-06-14 09:08:01.167947: I external/local_tsl/tsl/framework/bfc_allocator.cc:1095] InUse at 7f62b4e2a500 of size 256 next 186
2025-06-14 09:08:01.168386: I external/local_tsl/tsl/framework/bfc_allocator.cc:1095] InUse at 7f62b4e2a600 of size 256 next 193
2025-06-14 09:08:01.168813: I external/local_tsl/tsl/framework/bfc_allocator.cc:1095] InUse at 7f62b4e2a700 of size 256 next 194
2025-06-14 09:08:01.169244: I external/local_tsl/tsl/framework/bfc_allocator.cc:1095] InUse at 7f62b4e2a800 of size 256 next 195
2025-06-14 09:08:01.169695: I external/local_tsl/tsl/framework/bfc_allocator.cc:1095] InUse at 7f62b4e2a900 of size 256 next 196
2025-06-14 09:08:01.170110: I external/local_tsl/tsl/framework/bfc_allocator.cc:1095] InUse at 7f62b4e2aa00 of size 256 next 197
2025-06-14 09:08:01.170528: I external/local_tsl/tsl/framework/bfc_allocator.cc:1095] InUse at 7f62b4e2ab00 of size 256 next 199
2025-06-14 09:08:01.170968: I external/local_tsl/tsl/framework/bfc_allocator.cc:1095] InUse at 7f62b4e2ac00 of size 256 next 200
2025-06-14 09:08:01.171424: I external/local_tsl/tsl/framework/bfc_allocator.cc:1095] InUse at 7f62b4e2ad00 of size 256 next 201
2025-06-14 09:08:01.171880: I external/local_tsl/tsl/framework/bfc_allocator.cc:1095] InUse at 7f62b4e2ae00 of size 256 next 202
2025-06-14 09:08:01.172365: I external/local_tsl/tsl/framework/bfc_allocator.cc:1095] InUse at 7f62b4e2af00 of size 256 next 203
2025-06-14 09:08:01.172786: I external/local_tsl/tsl/framework/bfc_allocator.cc:1095] InUse at 7f62b4e2b000 of size 256 next 204
2025-06-14 09:08:01.173237: I external/local_tsl/tsl/framework/bfc_allocator.cc:1095] InUse at 7f62b4e2b100 of size 256 next 205
2025-06-14 09:08:01.173654: I external/local_tsl/tsl/framework/bfc_allocator.cc:1095] InUse at 7f62b4e2b200 of size 256 next 208
2025-06-14 09:08:01.174094: I external/local_tsl/tsl/framework/bfc_allocator.cc:1095] InUse at 7f62b4e2b300 of size 256 next 207
2025-06-14 09:08:01.174542: I external/local_tsl/tsl/framework/bfc_allocator.cc:1095] InUse at 7f62b4e2b400 of size 256 next 210
2025-06-14 09:08:01.175028: I external/local_tsl/tsl/framework/bfc_allocator.cc:1095] InUse at 7f62b4e2b500 of size 256 next 209
2025-06-14 09:08:01.175437: I external/local_tsl/tsl/framework/bfc_allocator.cc:1095] InUse at 7f62b4e2b600 of size 256 next 214
2025-06-14 09:08:01.175871: I external/local_tsl/tsl/framework/bfc_allocator.cc:1095] InUse at 7f62b4e2b700 of size 256 next 212
2025-06-14 09:08:01.176285: I external/local_tsl/tsl/framework/bfc_allocator.cc:1095] InUse at 7f62b4e2b800 of size 256 next 215
2025-06-14 09:08:01.176746: I external/local_tsl/tsl/framework/bfc_allocator.cc:1095] InUse at 7f62b4e2b900 of size 256 next 216
2025-06-14 09:08:01.177194: I external/local_tsl/tsl/framework/bfc_allocator.cc:1095] InUse at 7f62b4e2ba00 of size 256 next 217
2025-06-14 09:08:01.177618: I external/local_tsl/tsl/framework/bfc_allocator.cc:1095] InUse at 7f62b4e2bb00 of size 256 next 219
2025-06-14 09:08:01.178054: I external/local_tsl/tsl/framework/bfc_allocator.cc:1095] InUse at 7f62b4e2bc00 of size 256 next 220
2025-06-14 09:08:01.178548: I external/local_tsl/tsl/framework/bfc_allocator.cc:1095] InUse at 7f62b4e2bd00 of size 256 next 223
2025-06-14 09:08:01.179004: I external/local_tsl/tsl/framework/bfc_allocator.cc:1095] InUse at 7f62b4e2be00 of size 256 next 221
2025-06-14 09:08:01.179446: I external/local_tsl/tsl/framework/bfc_allocator.cc:1095] InUse at 7f62b4e2bf00 of size 256 next 222
2025-06-14 09:08:01.179887: I external/local_tsl/tsl/framework/bfc_allocator.cc:1095] InUse at 7f62b4e2c000 of size 256 next 225
2025-06-14 09:08:01.180369: I external/local_tsl/tsl/framework/bfc_allocator.cc:1095] InUse at 7f62b4e2c100 of size 256 next 226
2025-06-14 09:08:01.180829: I external/local_tsl/tsl/framework/bfc_allocator.cc:1095] InUse at 7f62b4e2c200 of size 256 next 227
2025-06-14 09:08:01.181312: I external/local_tsl/tsl/framework/bfc_allocator.cc:1095] InUse at 7f62b4e2c300 of size 256 next 228
2025-06-14 09:08:01.181793: I external/local_tsl/tsl/framework/bfc_allocator.cc:1095] InUse at 7f62b4e2c400 of size 256 next 230
2025-06-14 09:08:01.182312: I external/local_tsl/tsl/framework/bfc_allocator.cc:1095] InUse at 7f62b4e2c500 of size 256 next 229
2025-06-14 09:08:01.182748: I external/local_tsl/tsl/framework/bfc_allocator.cc:1095] InUse at 7f62b4e2c600 of size 256 next 231
2025-06-14 09:08:01.183198: I external/local_tsl/tsl/framework/bfc_allocator.cc:1095] InUse at 7f62b4e2c700 of size 256 next 232
2025-06-14 09:08:01.183655: I external/local_tsl/tsl/framework/bfc_allocator.cc:1095] InUse at 7f62b4e2c800 of size 256 next 233
2025-06-14 09:08:01.184163: I external/local_tsl/tsl/framework/bfc_allocator.cc:1095] InUse at 7f62b4e2c900 of size 256 next 234
2025-06-14 09:08:01.184595: I external/local_tsl/tsl/framework/bfc_allocator.cc:1095] InUse at 7f62b4e2ca00 of size 256 next 235
2025-06-14 09:08:01.185041: I external/local_tsl/tsl/framework/bfc_allocator.cc:1095] InUse at 7f62b4e2cb00 of size 256 next 236
2025-06-14 09:08:01.185468: I external/local_tsl/tsl/framework/bfc_allocator.cc:1095] InUse at 7f62b4e2cc00 of size 256 next 237
2025-06-14 09:08:01.185971: I external/local_tsl/tsl/framework/bfc_allocator.cc:1095] InUse at 7f62b4e2cd00 of size 256 next 238
2025-06-14 09:08:01.186382: I external/local_tsl/tsl/framework/bfc_allocator.cc:1095] InUse at 7f62b4e2ce00 of size 256 next 239
2025-06-14 09:08:01.186798: I external/local_tsl/tsl/framework/bfc_allocator.cc:1095] InUse at 7f62b4e2cf00 of size 256 next 240
2025-06-14 09:08:01.187213: I external/local_tsl/tsl/framework/bfc_allocator.cc:1095] InUse at 7f62b4e2d000 of size 256 next 241
2025-06-14 09:08:01.187686: I external/local_tsl/tsl/framework/bfc_allocator.cc:1095] InUse at 7f62b4e2d100 of size 256 next 242
2025-06-14 09:08:01.188132: I external/local_tsl/tsl/framework/bfc_allocator.cc:1095] InUse at 7f62b4e2d200 of size 256 next 243
2025-06-14 09:08:01.188547: I external/local_tsl/tsl/framework/bfc_allocator.cc:1095] InUse at 7f62b4e2d300 of size 256 next 246
2025-06-14 09:08:01.188986: I external/local_tsl/tsl/framework/bfc_allocator.cc:1095] InUse at 7f62b4e2d400 of size 256 next 247
2025-06-14 09:08:01.189477: I external/local_tsl/tsl/framework/bfc_allocator.cc:1095] InUse at 7f62b4e2d500 of size 256 next 248
2025-06-14 09:08:01.189887: I external/local_tsl/tsl/framework/bfc_allocator.cc:1095] InUse at 7f62b4e2d600 of size 256 next 249
2025-06-14 09:08:01.190305: I external/local_tsl/tsl/framework/bfc_allocator.cc:1095] InUse at 7f62b4e2d700 of size 256 next 250
2025-06-14 09:08:01.190766: I external/local_tsl/tsl/framework/bfc_allocator.cc:1095] InUse at 7f62b4e2d800 of size 256 next 252
2025-06-14 09:08:01.191258: I external/local_tsl/tsl/framework/bfc_allocator.cc:1095] InUse at 7f62b4e2d900 of size 256 next 253
2025-06-14 09:08:01.191700: I external/local_tsl/tsl/framework/bfc_allocator.cc:1095] InUse at 7f62b4e2da00 of size 256 next 254
2025-06-14 09:08:01.192132: I external/local_tsl/tsl/framework/bfc_allocator.cc:1095] InUse at 7f62b4e2db00 of size 256 next 255
2025-06-14 09:08:01.192570: I external/local_tsl/tsl/framework/bfc_allocator.cc:1095] InUse at 7f62b4e2dc00 of size 256 next 256
2025-06-14 09:08:01.193040: I external/local_tsl/tsl/framework/bfc_allocator.cc:1095] InUse at 7f62b4e2dd00 of size 256 next 257
2025-06-14 09:08:01.193456: I external/local_tsl/tsl/framework/bfc_allocator.cc:1095] InUse at 7f62b4e2de00 of size 256 next 259
2025-06-14 09:08:01.193936: I external/local_tsl/tsl/framework/bfc_allocator.cc:1095] InUse at 7f62b4e2df00 of size 256 next 184
2025-06-14 09:08:01.194353: I external/local_tsl/tsl/framework/bfc_allocator.cc:1095] InUse at 7f62b4e2e000 of size 16384 next 185
2025-06-14 09:08:01.194746: I external/local_tsl/tsl/framework/bfc_allocator.cc:1095] InUse at 7f62b4e32000 of size 29952 next 20
2025-06-14 09:08:01.195232: I external/local_tsl/tsl/framework/bfc_allocator.cc:1095] InUse at 7f62b4e39500 of size 110592 next 19
2025-06-14 09:08:01.195594: I external/local_tsl/tsl/framework/bfc_allocator.cc:1095] InUse at 7f62b4e54500 of size 65536 next 160
2025-06-14 09:08:01.195997: I external/local_tsl/tsl/framework/bfc_allocator.cc:1095] InUse at 7f62b4e64500 of size 65536 next 162
2025-06-14 09:08:01.196408: I external/local_tsl/tsl/framework/bfc_allocator.cc:1095] InUse at 7f62b4e74500 of size 8192 next 298
2025-06-14 09:08:01.196824: I external/local_tsl/tsl/framework/bfc_allocator.cc:1095] InUse at 7f62b4e76500 of size 512 next 299
2025-06-14 09:08:01.197287: I external/local_tsl/tsl/framework/bfc_allocator.cc:1095] InUse at 7f62b4e76700 of size 512 next 300
2025-06-14 09:08:01.197718: I external/local_tsl/tsl/framework/bfc_allocator.cc:1095] InUse at 7f62b4e76900 of size 1024 next 302
2025-06-14 09:08:01.198201: I external/local_tsl/tsl/framework/bfc_allocator.cc:1095] InUse at 7f62b4e76d00 of size 1024 next 303
2025-06-14 09:08:01.198652: I external/local_tsl/tsl/framework/bfc_allocator.cc:1095] InUse at 7f62b4e77100 of size 1024 next 304
2025-06-14 09:08:01.199089: I external/local_tsl/tsl/framework/bfc_allocator.cc:1095] InUse at 7f62b4e77500 of size 1024 next 305
2025-06-14 09:08:01.199546: I external/local_tsl/tsl/framework/bfc_allocator.cc:1095] InUse at 7f62b4e77900 of size 1024 next 306
2025-06-14 09:08:01.200018: I external/local_tsl/tsl/framework/bfc_allocator.cc:1095] InUse at 7f62b4e77d00 of size 1024 next 307
2025-06-14 09:08:01.200451: I external/local_tsl/tsl/framework/bfc_allocator.cc:1095] InUse at 7f62b4e78100 of size 1024 next 309
2025-06-14 09:08:01.200895: I external/local_tsl/tsl/framework/bfc_allocator.cc:1095] InUse at 7f62b4e78500 of size 1024 next 310
2025-06-14 09:08:01.201323: I external/local_tsl/tsl/framework/bfc_allocator.cc:1095] InUse at 7f62b4e78900 of size 1024 next 311
2025-06-14 09:08:01.201801: I external/local_tsl/tsl/framework/bfc_allocator.cc:1095] InUse at 7f62b4e78d00 of size 1024 next 312
2025-06-14 09:08:01.202202: I external/local_tsl/tsl/framework/bfc_allocator.cc:1095] InUse at 7f62b4e79100 of size 1024 next 313
2025-06-14 09:08:01.202625: I external/local_tsl/tsl/framework/bfc_allocator.cc:1095] InUse at 7f62b4e79500 of size 1024 next 314
2025-06-14 09:08:01.203054: I external/local_tsl/tsl/framework/bfc_allocator.cc:1095] InUse at 7f62b4e79900 of size 32768 next 315
2025-06-14 09:08:01.203414: I external/local_tsl/tsl/framework/bfc_allocator.cc:1095] InUse at 7f62b4e81900 of size 35840 next 28
2025-06-14 09:08:01.203807: I external/local_tsl/tsl/framework/bfc_allocator.cc:1095] InUse at 7f62b4e8a500 of size 221184 next 27
2025-06-14 09:08:01.204189: I external/local_tsl/tsl/framework/bfc_allocator.cc:1095] InUse at 7f62b4ec0500 of size 110592 next 224
2025-06-14 09:08:01.204639: I external/local_tsl/tsl/framework/bfc_allocator.cc:1095] InUse at 7f62b4edb500 of size 151552 next 134
2025-06-14 09:08:01.204966: I external/local_tsl/tsl/framework/bfc_allocator.cc:1095] InUse at 7f62b4f00500 of size 262144 next 133
2025-06-14 09:08:01.205316: I external/local_tsl/tsl/framework/bfc_allocator.cc:1095] InUse at 7f62b4f40500 of size 262144 next 136
2025-06-14 09:08:01.205683: I external/local_tsl/tsl/framework/bfc_allocator.cc:1095] InUse at 7f62b4f80500 of size 523008 next 18446744073709551615
2025-06-14 09:08:01.206077: I external/local_tsl/tsl/framework/bfc_allocator.cc:1075] Next region of size 4194304
2025-06-14 09:08:01.206499: I external/local_tsl/tsl/framework/bfc_allocator.cc:1095] InUse at 7f62b5400000 of size 442368 next 38
2025-06-14 09:08:01.206864: I external/local_tsl/tsl/framework/bfc_allocator.cc:1095] InUse at 7f62b546c000 of size 4096 next 211
2025-06-14 09:08:01.207279: I external/local_tsl/tsl/framework/bfc_allocator.cc:1095] InUse at 7f62b546d000 of size 4096 next 213
2025-06-14 09:08:01.207733: I external/local_tsl/tsl/framework/bfc_allocator.cc:1095] InUse at 7f62b546e000 of size 3584 next 244
2025-06-14 09:08:01.208155: I external/local_tsl/tsl/framework/bfc_allocator.cc:1095] InUse at 7f62b546ee00 of size 3584 next 245
2025-06-14 09:08:01.208585: I external/local_tsl/tsl/framework/bfc_allocator.cc:1095] InUse at 7f62b546fc00 of size 256 next 260
2025-06-14 09:08:01.209042: I external/local_tsl/tsl/framework/bfc_allocator.cc:1095] InUse at 7f62b546fd00 of size 256 next 261
2025-06-14 09:08:01.209511: I external/local_tsl/tsl/framework/bfc_allocator.cc:1095] InUse at 7f62b546fe00 of size 256 next 262
2025-06-14 09:08:01.209973: I external/local_tsl/tsl/framework/bfc_allocator.cc:1095] InUse at 7f62b546ff00 of size 256 next 263
2025-06-14 09:08:01.210403: I external/local_tsl/tsl/framework/bfc_allocator.cc:1095] InUse at 7f62b5470000 of size 256 next 266
2025-06-14 09:08:01.210842: I external/local_tsl/tsl/framework/bfc_allocator.cc:1095] InUse at 7f62b5470100 of size 256 next 267
2025-06-14 09:08:01.211290: I external/local_tsl/tsl/framework/bfc_allocator.cc:1095] InUse at 7f62b5470200 of size 256 next 268
2025-06-14 09:08:01.211757: I external/local_tsl/tsl/framework/bfc_allocator.cc:1095] InUse at 7f62b5470300 of size 256 next 269
2025-06-14 09:08:01.212220: I external/local_tsl/tsl/framework/bfc_allocator.cc:1095] InUse at 7f62b5470400 of size 256 next 270
2025-06-14 09:08:01.212670: I external/local_tsl/tsl/framework/bfc_allocator.cc:1095] InUse at 7f62b5470500 of size 256 next 271
2025-06-14 09:08:01.213217: I external/local_tsl/tsl/framework/bfc_allocator.cc:1095] InUse at 7f62b5470600 of size 2048 next 272
2025-06-14 09:08:01.213645: I external/local_tsl/tsl/framework/bfc_allocator.cc:1095] InUse at 7f62b5470e00 of size 2048 next 273
2025-06-14 09:08:01.214101: I external/local_tsl/tsl/framework/bfc_allocator.cc:1095] InUse at 7f62b5471600 of size 256 next 274
2025-06-14 09:08:01.214564: I external/local_tsl/tsl/framework/bfc_allocator.cc:1095] InUse at 7f62b5471700 of size 256 next 275
2025-06-14 09:08:01.215058: I external/local_tsl/tsl/framework/bfc_allocator.cc:1095] InUse at 7f62b5471800 of size 2048 next 276
2025-06-14 09:08:01.215502: I external/local_tsl/tsl/framework/bfc_allocator.cc:1095] InUse at 7f62b5472000 of size 2048 next 277
2025-06-14 09:08:01.215934: I external/local_tsl/tsl/framework/bfc_allocator.cc:1095] InUse at 7f62b5472800 of size 256 next 278
2025-06-14 09:08:01.216381: I external/local_tsl/tsl/framework/bfc_allocator.cc:1095] InUse at 7f62b5472900 of size 256 next 279
2025-06-14 09:08:01.216854: I external/local_tsl/tsl/framework/bfc_allocator.cc:1095] InUse at 7f62b5472a00 of size 512 next 281
2025-06-14 09:08:01.217309: I external/local_tsl/tsl/framework/bfc_allocator.cc:1095] InUse at 7f62b5472c00 of size 512 next 282
2025-06-14 09:08:01.217754: I external/local_tsl/tsl/framework/bfc_allocator.cc:1095] InUse at 7f62b5472e00 of size 512 next 283
2025-06-14 09:08:01.218216: I external/local_tsl/tsl/framework/bfc_allocator.cc:1095] InUse at 7f62b5473000 of size 512 next 284
2025-06-14 09:08:01.218759: I external/local_tsl/tsl/framework/bfc_allocator.cc:1095] InUse at 7f62b5473200 of size 512 next 285
2025-06-14 09:08:01.219227: I external/local_tsl/tsl/framework/bfc_allocator.cc:1095] InUse at 7f62b5473400 of size 512 next 286
2025-06-14 09:08:01.219644: I external/local_tsl/tsl/framework/bfc_allocator.cc:1095] InUse at 7f62b5473600 of size 512 next 288
2025-06-14 09:08:01.220064: I external/local_tsl/tsl/framework/bfc_allocator.cc:1095] InUse at 7f62b5473800 of size 512 next 289
2025-06-14 09:08:01.220509: I external/local_tsl/tsl/framework/bfc_allocator.cc:1095] InUse at 7f62b5473a00 of size 512 next 290
2025-06-14 09:08:01.220946: I external/local_tsl/tsl/framework/bfc_allocator.cc:1095] InUse at 7f62b5473c00 of size 512 next 291
2025-06-14 09:08:01.221371: I external/local_tsl/tsl/framework/bfc_allocator.cc:1095] InUse at 7f62b5473e00 of size 512 next 292
2025-06-14 09:08:01.221792: I external/local_tsl/tsl/framework/bfc_allocator.cc:1095] InUse at 7f62b5474000 of size 512 next 293
2025-06-14 09:08:01.222272: I external/local_tsl/tsl/framework/bfc_allocator.cc:1095] InUse at 7f62b5474200 of size 8192 next 294
2025-06-14 09:08:01.222684: I external/local_tsl/tsl/framework/bfc_allocator.cc:1095] InUse at 7f62b5476200 of size 8192 next 295
2025-06-14 09:08:01.223085: I external/local_tsl/tsl/framework/bfc_allocator.cc:1095] InUse at 7f62b5478200 of size 256 next 296
2025-06-14 09:08:01.223508: I external/local_tsl/tsl/framework/bfc_allocator.cc:1095] InUse at 7f62b5478300 of size 256 next 297
2025-06-14 09:08:01.223981: I external/local_tsl/tsl/framework/bfc_allocator.cc:1095] InUse at 7f62b5478400 of size 15360 next 206
2025-06-14 09:08:01.224336: I external/local_tsl/tsl/framework/bfc_allocator.cc:1095] InUse at 7f62b547c000 of size 65536 next 123
2025-06-14 09:08:01.224740: I external/local_tsl/tsl/framework/bfc_allocator.cc:1095] InUse at 7f62b548c000 of size 131072 next 122
2025-06-14 09:08:01.225114: I external/local_tsl/tsl/framework/bfc_allocator.cc:1095] InUse at 7f62b54ac000 of size 131072 next 125
2025-06-14 09:08:01.225511: I external/local_tsl/tsl/framework/bfc_allocator.cc:1095] InUse at 7f62b54cc000 of size 221184 next 258
2025-06-14 09:08:01.225845: I external/local_tsl/tsl/framework/bfc_allocator.cc:1095] InUse at 7f62b5502000 of size 270336 next 52
2025-06-14 09:08:01.226187: I external/local_tsl/tsl/framework/bfc_allocator.cc:1095] InUse at 7f62b5544000 of size 884736 next 51
2025-06-14 09:08:01.226506: I external/local_tsl/tsl/framework/bfc_allocator.cc:1095] InUse at 7f62b561c000 of size 884736 next 192
2025-06-14 09:08:01.226836: I external/local_tsl/tsl/framework/bfc_allocator.cc:1095] InUse at 7f62b56f4000 of size 110592 next 251
2025-06-14 09:08:01.227214: I external/local_tsl/tsl/framework/bfc_allocator.cc:1095] InUse at 7f62b570f000 of size 256 next 316
2025-06-14 09:08:01.227639: I external/local_tsl/tsl/framework/bfc_allocator.cc:1095] InUse at 7f62b570f100 of size 256 next 317
2025-06-14 09:08:01.228102: I external/local_tsl/tsl/framework/bfc_allocator.cc:1095] InUse at 7f62b570f200 of size 32768 next 318
2025-06-14 09:08:01.228533: I external/local_tsl/tsl/framework/bfc_allocator.cc:1095] InUse at 7f62b5717200 of size 32768 next 319
2025-06-14 09:08:01.228904: I external/local_tsl/tsl/framework/bfc_allocator.cc:1095] InUse at 7f62b571f200 of size 1024 next 320
2025-06-14 09:08:01.229409: I external/local_tsl/tsl/framework/bfc_allocator.cc:1095] InUse at 7f62b571f600 of size 1024 next 321
2025-06-14 09:08:01.229868: I external/local_tsl/tsl/framework/bfc_allocator.cc:1095] InUse at 7f62b571fa00 of size 2048 next 323
2025-06-14 09:08:01.230468: I external/local_tsl/tsl/framework/bfc_allocator.cc:1095] InUse at 7f62b5720200 of size 2048 next 324
2025-06-14 09:08:01.230935: I external/local_tsl/tsl/framework/bfc_allocator.cc:1095] InUse at 7f62b5720a00 of size 2048 next 325
2025-06-14 09:08:01.231351: I external/local_tsl/tsl/framework/bfc_allocator.cc:1095] InUse at 7f62b5721200 of size 2048 next 326
2025-06-14 09:08:01.231749: I external/local_tsl/tsl/framework/bfc_allocator.cc:1095] InUse at 7f62b5721a00 of size 2048 next 327
2025-06-14 09:08:01.232224: I external/local_tsl/tsl/framework/bfc_allocator.cc:1095] InUse at 7f62b5722200 of size 2048 next 328
2025-06-14 09:08:01.232654: I external/local_tsl/tsl/framework/bfc_allocator.cc:1095] InUse at 7f62b5722a00 of size 2048 next 330
2025-06-14 09:08:01.233101: I external/local_tsl/tsl/framework/bfc_allocator.cc:1095] InUse at 7f62b5723200 of size 2048 next 331
2025-06-14 09:08:01.233641: I external/local_tsl/tsl/framework/bfc_allocator.cc:1095] InUse at 7f62b5723a00 of size 2048 next 332
2025-06-14 09:08:01.234081: I external/local_tsl/tsl/framework/bfc_allocator.cc:1095] InUse at 7f62b5724200 of size 2048 next 333
2025-06-14 09:08:01.234520: I external/local_tsl/tsl/framework/bfc_allocator.cc:1095] InUse at 7f62b5724a00 of size 2048 next 334
2025-06-14 09:08:01.234954: I external/local_tsl/tsl/framework/bfc_allocator.cc:1095] InUse at 7f62b5725200 of size 2048 next 335
2025-06-14 09:08:01.235460: I external/local_tsl/tsl/framework/bfc_allocator.cc:1095] InUse at 7f62b5725a00 of size 256 next 338
2025-06-14 09:08:01.235920: I external/local_tsl/tsl/framework/bfc_allocator.cc:1095] InUse at 7f62b5725b00 of size 256 next 339
2025-06-14 09:08:01.236357: I external/local_tsl/tsl/framework/bfc_allocator.cc:1095] InUse at 7f62b5725c00 of size 2048 next 342
2025-06-14 09:08:01.236792: I external/local_tsl/tsl/framework/bfc_allocator.cc:1095] InUse at 7f62b5726400 of size 2048 next 343
2025-06-14 09:08:01.237294: I external/local_tsl/tsl/framework/bfc_allocator.cc:1095] InUse at 7f62b5726c00 of size 1024 next 346
2025-06-14 09:08:01.237713: I external/local_tsl/tsl/framework/bfc_allocator.cc:1095] InUse at 7f62b5727000 of size 1024 next 347
2025-06-14 09:08:01.238173: I external/local_tsl/tsl/framework/bfc_allocator.cc:1095] InUse at 7f62b5727400 of size 1024 next 350
2025-06-14 09:08:01.238599: I external/local_tsl/tsl/framework/bfc_allocator.cc:1095] InUse at 7f62b5727800 of size 1024 next 351
2025-06-14 09:08:01.239101: I external/local_tsl/tsl/framework/bfc_allocator.cc:1095] InUse at 7f62b5727c00 of size 1024 next 354
2025-06-14 09:08:01.239539: I external/local_tsl/tsl/framework/bfc_allocator.cc:1095] InUse at 7f62b5728000 of size 1024 next 355
2025-06-14 09:08:01.239964: I external/local_tsl/tsl/framework/bfc_allocator.cc:1095] InUse at 7f62b5728400 of size 1024 next 356
2025-06-14 09:08:01.240380: I external/local_tsl/tsl/framework/bfc_allocator.cc:1095] InUse at 7f62b5728800 of size 1024 next 357
2025-06-14 09:08:01.240894: I external/local_tsl/tsl/framework/bfc_allocator.cc:1095] InUse at 7f62b5728c00 of size 256 next 358
2025-06-14 09:08:01.241364: I external/local_tsl/tsl/framework/bfc_allocator.cc:1095] InUse at 7f62b5728d00 of size 256 next 359
2025-06-14 09:08:01.241803: I external/local_tsl/tsl/framework/bfc_allocator.cc:1095] InUse at 7f62b5728e00 of size 1024 next 362
2025-06-14 09:08:01.242226: I external/local_tsl/tsl/framework/bfc_allocator.cc:1095] InUse at 7f62b5729200 of size 1024 next 363
2025-06-14 09:08:01.242696: I external/local_tsl/tsl/framework/bfc_allocator.cc:1095] InUse at 7f62b5729600 of size 1024 next 364
2025-06-14 09:08:01.243148: I external/local_tsl/tsl/framework/bfc_allocator.cc:1095] InUse at 7f62b5729a00 of size 1536 next 218
2025-06-14 09:08:01.243593: I external/local_tsl/tsl/framework/bfc_allocator.cc:1095] InUse at 7f62b572a000 of size 221184 next 198
2025-06-14 09:08:01.243988: I external/local_tsl/tsl/framework/bfc_allocator.cc:1095] InUse at 7f62b5760000 of size 655360 next 18446744073709551615
2025-06-14 09:08:01.244397: I external/local_tsl/tsl/framework/bfc_allocator.cc:1075] Next region of size 8388608
2025-06-14 09:08:01.244833: I external/local_tsl/tsl/framework/bfc_allocator.cc:1095] InUse at 7f62b5800000 of size 442368 next 264
2025-06-14 09:08:01.245167: I external/local_tsl/tsl/framework/bfc_allocator.cc:1095] InUse at 7f62b586c000 of size 442368 next 265
2025-06-14 09:08:01.245488: I external/local_tsl/tsl/framework/bfc_allocator.cc:1095] InUse at 7f62b58d8000 of size 884736 next 61
2025-06-14 09:08:01.245930: I external/local_tsl/tsl/framework/bfc_allocator.cc:1095] InUse at 7f62b59b0000 of size 1769472 next 59
2025-06-14 09:08:01.246309: I external/local_tsl/tsl/framework/bfc_allocator.cc:1095] InUse at 7f62b5b60000 of size 1769472 next 287
2025-06-14 09:08:01.246645: I external/local_tsl/tsl/framework/bfc_allocator.cc:1095] InUse at 7f62b5d10000 of size 131072 next 336
2025-06-14 09:08:01.246980: I external/local_tsl/tsl/framework/bfc_allocator.cc:1095] InUse at 7f62b5d30000 of size 131072 next 337
2025-06-14 09:08:01.247353: I external/local_tsl/tsl/framework/bfc_allocator.cc:1095] InUse at 7f62b5d50000 of size 131072 next 340
2025-06-14 09:08:01.247700: I external/local_tsl/tsl/framework/bfc_allocator.cc:1095] InUse at 7f62b5d70000 of size 131072 next 341
2025-06-14 09:08:01.248036: I external/local_tsl/tsl/framework/bfc_allocator.cc:1095] InUse at 7f62b5d90000 of size 262144 next 348
2025-06-14 09:08:01.248398: I external/local_tsl/tsl/framework/bfc_allocator.cc:1095] InUse at 7f62b5dd0000 of size 262144 next 349
2025-06-14 09:08:01.248788: I external/local_tsl/tsl/framework/bfc_allocator.cc:1095] InUse at 7f62b5e10000 of size 262144 next 352
2025-06-14 09:08:01.249135: I external/local_tsl/tsl/framework/bfc_allocator.cc:1095] InUse at 7f62b5e50000 of size 262144 next 353
2025-06-14 09:08:01.249472: I external/local_tsl/tsl/framework/bfc_allocator.cc:1095] InUse at 7f62b5e90000 of size 1024 next 365
2025-06-14 09:08:01.249882: I external/local_tsl/tsl/framework/bfc_allocator.cc:1095] InUse at 7f62b5e90400 of size 1024 next 366
2025-06-14 09:08:01.250353: I external/local_tsl/tsl/framework/bfc_allocator.cc:1095] InUse at 7f62b5e90800 of size 1024 next 369
2025-06-14 09:08:01.250772: I external/local_tsl/tsl/framework/bfc_allocator.cc:1095] InUse at 7f62b5e90c00 of size 1024 next 370
2025-06-14 09:08:01.251225: I external/local_tsl/tsl/framework/bfc_allocator.cc:1095] InUse at 7f62b5e91000 of size 1024 next 371
2025-06-14 09:08:01.251657: I external/local_tsl/tsl/framework/bfc_allocator.cc:1095] InUse at 7f62b5e91400 of size 1024 next 372
2025-06-14 09:08:01.252162: I external/local_tsl/tsl/framework/bfc_allocator.cc:1095] InUse at 7f62b5e91800 of size 1024 next 373
2025-06-14 09:08:01.252599: I external/local_tsl/tsl/framework/bfc_allocator.cc:1095] InUse at 7f62b5e91c00 of size 1024 next 374
2025-06-14 09:08:01.253016: I external/local_tsl/tsl/framework/bfc_allocator.cc:1095] InUse at 7f62b5e92000 of size 1499136 next 18446744073709551615
2025-06-14 09:08:01.253400: I external/local_tsl/tsl/framework/bfc_allocator.cc:1100]      Summary of in-use Chunks by size: 
2025-06-14 09:08:01.253810: I external/local_tsl/tsl/framework/bfc_allocator.cc:1103] 288 Chunks of size 256 totalling 72.0KiB
2025-06-14 09:08:01.254220: I external/local_tsl/tsl/framework/bfc_allocator.cc:1103] 65 Chunks of size 512 totalling 32.5KiB
2025-06-14 09:08:01.254668: I external/local_tsl/tsl/framework/bfc_allocator.cc:1103] 1 Chunks of size 768 totalling 768B
2025-06-14 09:08:01.255210: I external/local_tsl/tsl/framework/bfc_allocator.cc:1103] 68 Chunks of size 1024 totalling 68.0KiB
2025-06-14 09:08:01.255618: I external/local_tsl/tsl/framework/bfc_allocator.cc:1103] 1 Chunks of size 1280 totalling 1.2KiB
2025-06-14 09:08:01.256080: I external/local_tsl/tsl/framework/bfc_allocator.cc:1103] 1 Chunks of size 1536 totalling 1.5KiB
2025-06-14 09:08:01.256489: I external/local_tsl/tsl/framework/bfc_allocator.cc:1103] 37 Chunks of size 2048 totalling 74.0KiB
2025-06-14 09:08:01.256919: I external/local_tsl/tsl/framework/bfc_allocator.cc:1103] 3 Chunks of size 3584 totalling 10.5KiB
2025-06-14 09:08:01.257412: I external/local_tsl/tsl/framework/bfc_allocator.cc:1103] 8 Chunks of size 4096 totalling 32.0KiB
2025-06-14 09:08:01.258094: I external/local_tsl/tsl/framework/bfc_allocator.cc:1103] 5 Chunks of size 8192 totalling 40.0KiB
2025-06-14 09:08:01.258882: I external/local_tsl/tsl/framework/bfc_allocator.cc:1103] 1 Chunks of size 15360 totalling 15.0KiB
2025-06-14 09:08:01.259481: I external/local_tsl/tsl/framework/bfc_allocator.cc:1103] 5 Chunks of size 16384 totalling 80.0KiB
2025-06-14 09:08:01.260444: I external/local_tsl/tsl/framework/bfc_allocator.cc:1103] 1 Chunks of size 29952 totalling 29.2KiB
2025-06-14 09:08:01.261134: I external/local_tsl/tsl/framework/bfc_allocator.cc:1103] 5 Chunks of size 32768 totalling 160.0KiB
2025-06-14 09:08:01.261785: I external/local_tsl/tsl/framework/bfc_allocator.cc:1103] 1 Chunks of size 35840 totalling 35.0KiB
2025-06-14 09:08:01.262468: I external/local_tsl/tsl/framework/bfc_allocator.cc:1103] 9 Chunks of size 65536 totalling 576.0KiB
2025-06-14 09:08:01.263315: I external/local_tsl/tsl/framework/bfc_allocator.cc:1103] 5 Chunks of size 110592 totalling 540.0KiB
2025-06-14 09:08:01.264507: I external/local_tsl/tsl/framework/bfc_allocator.cc:1103] 1 Chunks of size 118272 totalling 115.5KiB
2025-06-14 09:08:01.265109: I external/local_tsl/tsl/framework/bfc_allocator.cc:1103] 6 Chunks of size 131072 totalling 768.0KiB
2025-06-14 09:08:01.265634: I external/local_tsl/tsl/framework/bfc_allocator.cc:1103] 1 Chunks of size 151552 totalling 148.0KiB
2025-06-14 09:08:01.266228: I external/local_tsl/tsl/framework/bfc_allocator.cc:1103] 5 Chunks of size 221184 totalling 1.05MiB
2025-06-14 09:08:01.266675: I external/local_tsl/tsl/framework/bfc_allocator.cc:1103] 8 Chunks of size 262144 totalling 2.00MiB
2025-06-14 09:08:01.267121: I external/local_tsl/tsl/framework/bfc_allocator.cc:1103] 1 Chunks of size 270336 totalling 264.0KiB
2025-06-14 09:08:01.267543: I external/local_tsl/tsl/framework/bfc_allocator.cc:1103] 5 Chunks of size 442368 totalling 2.11MiB
2025-06-14 09:08:01.268022: I external/local_tsl/tsl/framework/bfc_allocator.cc:1103] 1 Chunks of size 523008 totalling 510.8KiB
2025-06-14 09:08:01.268432: I external/local_tsl/tsl/framework/bfc_allocator.cc:1103] 1 Chunks of size 655360 totalling 640.0KiB
2025-06-14 09:08:01.268842: I external/local_tsl/tsl/framework/bfc_allocator.cc:1103] 6 Chunks of size 884736 totalling 5.06MiB
2025-06-14 09:08:01.269254: I external/local_tsl/tsl/framework/bfc_allocator.cc:1103] 2 Chunks of size 1048576 totalling 2.00MiB
2025-06-14 09:08:01.269710: I external/local_tsl/tsl/framework/bfc_allocator.cc:1103] 1 Chunks of size 1499136 totalling 1.43MiB
2025-06-14 09:08:01.270113: I external/local_tsl/tsl/framework/bfc_allocator.cc:1103] 3 Chunks of size 1769472 totalling 5.06MiB
2025-06-14 09:08:01.270535: I external/local_tsl/tsl/framework/bfc_allocator.cc:1103] 1 Chunks of size 2220544 totalling 2.12MiB
2025-06-14 09:08:01.270995: I external/local_tsl/tsl/framework/bfc_allocator.cc:1103] 1 Chunks of size 2490368 totalling 2.38MiB
2025-06-14 09:08:01.271410: I external/local_tsl/tsl/framework/bfc_allocator.cc:1103] 1 Chunks of size 2654208 totalling 2.53MiB
2025-06-14 09:08:01.271842: I external/local_tsl/tsl/framework/bfc_allocator.cc:1103] 5 Chunks of size 3538944 totalling 16.88MiB
2025-06-14 09:08:01.272295: I external/local_tsl/tsl/framework/bfc_allocator.cc:1103] 2 Chunks of size 3784704 totalling 7.22MiB
2025-06-14 09:08:01.272731: I external/local_tsl/tsl/framework/bfc_allocator.cc:1103] 3 Chunks of size 4194304 totalling 12.00MiB
2025-06-14 09:08:01.273140: I external/local_tsl/tsl/framework/bfc_allocator.cc:1103] 21 Chunks of size 5505024 totalling 110.25MiB
2025-06-14 09:08:01.273504: I external/local_tsl/tsl/framework/bfc_allocator.cc:1103] 1 Chunks of size 6176768 totalling 5.89MiB
2025-06-14 09:08:01.273965: I external/local_tsl/tsl/framework/bfc_allocator.cc:1103] 6 Chunks of size 7077888 totalling 40.50MiB
2025-06-14 09:08:01.274449: I external/local_tsl/tsl/framework/bfc_allocator.cc:1103] 5 Chunks of size 7569408 totalling 36.09MiB
2025-06-14 09:08:01.274884: I external/local_tsl/tsl/framework/bfc_allocator.cc:1103] 1 Chunks of size 8139264 totalling 7.76MiB
2025-06-14 09:08:01.275317: I external/local_tsl/tsl/framework/bfc_allocator.cc:1103] 4 Chunks of size 14155776 totalling 54.00MiB
2025-06-14 09:08:01.275656: I external/local_tsl/tsl/framework/bfc_allocator.cc:1103] 1 Chunks of size 15117568 totalling 14.42MiB
2025-06-14 09:08:01.276018: I external/local_tsl/tsl/framework/bfc_allocator.cc:1103] 2 Chunks of size 15138816 totalling 28.88MiB
2025-06-14 09:08:01.276370: I external/local_tsl/tsl/framework/bfc_allocator.cc:1103] 1 Chunks of size 16252928 totalling 15.50MiB
2025-06-14 09:08:01.276684: I external/local_tsl/tsl/framework/bfc_allocator.cc:1103] 1 Chunks of size 19398656 totalling 18.50MiB
2025-06-14 09:08:01.277063: I external/local_tsl/tsl/framework/bfc_allocator.cc:1103] 2 Chunks of size 28311552 totalling 54.00MiB
2025-06-14 09:08:01.277412: I external/local_tsl/tsl/framework/bfc_allocator.cc:1103] 13 Chunks of size 30277632 totalling 375.38MiB
2025-06-14 09:08:01.277798: I external/local_tsl/tsl/framework/bfc_allocator.cc:1103] 1 Chunks of size 31653888 totalling 30.19MiB
2025-06-14 09:08:01.278150: I external/local_tsl/tsl/framework/bfc_allocator.cc:1103] 1 Chunks of size 49283072 totalling 47.00MiB
2025-06-14 09:08:01.278481: I external/local_tsl/tsl/framework/bfc_allocator.cc:1103] 1 Chunks of size 52428544 totalling 50.00MiB
2025-06-14 09:08:01.278837: I external/local_tsl/tsl/framework/bfc_allocator.cc:1103] 8 Chunks of size 60555264 totalling 462.00MiB
2025-06-14 09:08:01.279196: I external/local_tsl/tsl/framework/bfc_allocator.cc:1103] 1 Chunks of size 88604672 totalling 84.50MiB
2025-06-14 09:08:01.279539: I external/local_tsl/tsl/framework/bfc_allocator.cc:1103] 1 Chunks of size 106079744 totalling 101.17MiB
2025-06-14 09:08:01.279878: I external/local_tsl/tsl/framework/bfc_allocator.cc:1103] 6 Chunks of size 121110528 totalling 693.00MiB
2025-06-14 09:08:01.280261: I external/local_tsl/tsl/framework/bfc_allocator.cc:1103] 1 Chunks of size 177209344 totalling 169.00MiB
2025-06-14 09:08:01.280609: I external/local_tsl/tsl/framework/bfc_allocator.cc:1103] 1 Chunks of size 209715200 totalling 200.00MiB
2025-06-14 09:08:01.280947: I external/local_tsl/tsl/framework/bfc_allocator.cc:1103] 1 Chunks of size 233308160 totalling 222.50MiB
2025-06-14 09:08:01.281385: I external/local_tsl/tsl/framework/bfc_allocator.cc:1103] 2 Chunks of size 242221056 totalling 462.00MiB
2025-06-14 09:08:01.281786: I external/local_tsl/tsl/framework/bfc_allocator.cc:1103] 9 Chunks of size 484442112 totalling 4.06GiB
2025-06-14 09:08:01.282224: I external/local_tsl/tsl/framework/bfc_allocator.cc:1103] 8 Chunks of size 1937768448 totalling 14.44GiB
2025-06-14 09:08:01.282573: I external/local_tsl/tsl/framework/bfc_allocator.cc:1107] Sum Total of in-use chunks: 21.77GiB
2025-06-14 09:08:01.283022: I external/local_tsl/tsl/framework/bfc_allocator.cc:1109] Total bytes in pool: 23575789568 memory_limit_: 23575789568 available bytes: 0 curr_region_allocation_bytes_: 34359738368
2025-06-14 09:08:01.283379: I external/local_tsl/tsl/framework/bfc_allocator.cc:1114] Stats: 
Limit:                     23575789568
InUse:                     23373250048
MaxInUse:                  23575789312
NumAllocs:                        1764
MaxAllocSize:               4135495424
Reserved:                            0
PeakReserved:                        0
LargestFreeBlock:                    0

2025-06-14 09:08:01.283825: W external/local_tsl/tsl/framework/bfc_allocator.cc:497] ****************************************************************************************************
2025-06-14 09:08:01.284188: W tensorflow/core/framework/op_kernel.cc:1839] OP_REQUIRES failed at concat_op.cc:165 : RESOURCE_EXHAUSTED: OOM when allocating tensor with shape[2,256,48,56,44] and type float on /job:localhost/replica:0/task:0/device:GPU:0 by allocator GPU_0_bfc
2025-06-14 09:08:01.284588: I tensorflow/core/framework/local_rendezvous.cc:421] Local rendezvous recv item cancelled. Key hash: 14921304889025167854
2025-06-14 09:08:01.284979: I tensorflow/core/framework/local_rendezvous.cc:421] Local rendezvous recv item cancelled. Key hash: 4991780422829538051
2025-06-14 09:08:01.285321: I tensorflow/core/framework/local_rendezvous.cc:421] Local rendezvous recv item cancelled. Key hash: 12349114475735854757
2025-06-14 09:08:01.285713: I tensorflow/core/framework/local_rendezvous.cc:421] Local rendezvous recv item cancelled. Key hash: 5713388479103677180
2025-06-14 09:08:01.286136: I tensorflow/core/framework/local_rendezvous.cc:421] Local rendezvous recv item cancelled. Key hash: 8836061960131937936
2025-06-14 09:08:01.286479: I tensorflow/core/framework/local_rendezvous.cc:421] Local rendezvous recv item cancelled. Key hash: 8125913509863863878
2025-06-14 09:08:01.286850: I tensorflow/core/framework/local_rendezvous.cc:421] Local rendezvous recv item cancelled. Key hash: 1993577656703122708
2025-06-14 09:08:01.287224: I tensorflow/core/framework/local_rendezvous.cc:421] Local rendezvous recv item cancelled. Key hash: 5779544768604953956
2025-06-14 09:08:01,354 - ERROR - ❌ Training failed: Graph execution error:

Detected at node model/up_sampling3d_1/concat_2 defined at (most recent call last):
  File "/mnt/beegfs/hellgate/home/rb194958e/.conda/envs/tf215_env/lib/python3.11/threading.py", line 1002, in _bootstrap

  File "/mnt/beegfs/hellgate/home/rb194958e/.conda/envs/tf215_env/lib/python3.11/threading.py", line 1045, in _bootstrap_inner

  File "/mnt/beegfs/hellgate/home/rb194958e/.conda/envs/tf215_env/lib/python3.11/site-packages/keras/src/engine/training.py", line 1373, in run_step

  File "/mnt/beegfs/hellgate/home/rb194958e/.conda/envs/tf215_env/lib/python3.11/site-packages/keras/src/engine/training.py", line 1150, in train_step

  File "/mnt/beegfs/hellgate/home/rb194958e/.conda/envs/tf215_env/lib/python3.11/site-packages/keras/src/utils/traceback_utils.py", line 65, in error_handler

  File "/mnt/beegfs/hellgate/home/rb194958e/.conda/envs/tf215_env/lib/python3.11/site-packages/keras/src/engine/training.py", line 590, in __call__

  File "/mnt/beegfs/hellgate/home/rb194958e/.conda/envs/tf215_env/lib/python3.11/site-packages/keras/src/utils/traceback_utils.py", line 65, in error_handler

  File "/mnt/beegfs/hellgate/home/rb194958e/.conda/envs/tf215_env/lib/python3.11/site-packages/keras/src/engine/base_layer.py", line 1149, in __call__

  File "/mnt/beegfs/hellgate/home/rb194958e/.conda/envs/tf215_env/lib/python3.11/site-packages/keras/src/utils/traceback_utils.py", line 96, in error_handler

  File "/mnt/beegfs/hellgate/home/rb194958e/.conda/envs/tf215_env/lib/python3.11/site-packages/keras/src/engine/functional.py", line 515, in call

  File "/mnt/beegfs/hellgate/home/rb194958e/.conda/envs/tf215_env/lib/python3.11/site-packages/keras/src/engine/functional.py", line 672, in _run_internal_graph

  File "/mnt/beegfs/hellgate/home/rb194958e/.conda/envs/tf215_env/lib/python3.11/site-packages/keras/src/utils/traceback_utils.py", line 65, in error_handler

  File "/mnt/beegfs/hellgate/home/rb194958e/.conda/envs/tf215_env/lib/python3.11/site-packages/keras/src/engine/base_layer.py", line 1149, in __call__

  File "/mnt/beegfs/hellgate/home/rb194958e/.conda/envs/tf215_env/lib/python3.11/site-packages/keras/src/utils/traceback_utils.py", line 96, in error_handler

  File "/mnt/beegfs/hellgate/home/rb194958e/.conda/envs/tf215_env/lib/python3.11/site-packages/keras/src/layers/reshaping/up_sampling3d.py", line 124, in call

  File "/mnt/beegfs/hellgate/home/rb194958e/.conda/envs/tf215_env/lib/python3.11/site-packages/keras/src/backend.py", line 3741, in resize_volumes

  File "/mnt/beegfs/hellgate/home/rb194958e/.conda/envs/tf215_env/lib/python3.11/site-packages/keras/src/backend.py", line 3779, in repeat_elements

  File "/mnt/beegfs/hellgate/home/rb194958e/.conda/envs/tf215_env/lib/python3.11/site-packages/keras/src/backend.py", line 3580, in concatenate

Detected at node model/up_sampling3d_1/concat_2 defined at (most recent call last):
  File "/mnt/beegfs/hellgate/home/rb194958e/.conda/envs/tf215_env/lib/python3.11/threading.py", line 1002, in _bootstrap

  File "/mnt/beegfs/hellgate/home/rb194958e/.conda/envs/tf215_env/lib/python3.11/threading.py", line 1045, in _bootstrap_inner

  File "/mnt/beegfs/hellgate/home/rb194958e/.conda/envs/tf215_env/lib/python3.11/site-packages/keras/src/engine/training.py", line 1373, in run_step

  File "/mnt/beegfs/hellgate/home/rb194958e/.conda/envs/tf215_env/lib/python3.11/site-packages/keras/src/engine/training.py", line 1150, in train_step

  File "/mnt/beegfs/hellgate/home/rb194958e/.conda/envs/tf215_env/lib/python3.11/site-packages/keras/src/utils/traceback_utils.py", line 65, in error_handler

  File "/mnt/beegfs/hellgate/home/rb194958e/.conda/envs/tf215_env/lib/python3.11/site-packages/keras/src/engine/training.py", line 590, in __call__

  File "/mnt/beegfs/hellgate/home/rb194958e/.conda/envs/tf215_env/lib/python3.11/site-packages/keras/src/utils/traceback_utils.py", line 65, in error_handler

  File "/mnt/beegfs/hellgate/home/rb194958e/.conda/envs/tf215_env/lib/python3.11/site-packages/keras/src/engine/base_layer.py", line 1149, in __call__

  File "/mnt/beegfs/hellgate/home/rb194958e/.conda/envs/tf215_env/lib/python3.11/site-packages/keras/src/utils/traceback_utils.py", line 96, in error_handler

  File "/mnt/beegfs/hellgate/home/rb194958e/.conda/envs/tf215_env/lib/python3.11/site-packages/keras/src/engine/functional.py", line 515, in call

  File "/mnt/beegfs/hellgate/home/rb194958e/.conda/envs/tf215_env/lib/python3.11/site-packages/keras/src/engine/functional.py", line 672, in _run_internal_graph

  File "/mnt/beegfs/hellgate/home/rb194958e/.conda/envs/tf215_env/lib/python3.11/site-packages/keras/src/utils/traceback_utils.py", line 65, in error_handler

  File "/mnt/beegfs/hellgate/home/rb194958e/.conda/envs/tf215_env/lib/python3.11/site-packages/keras/src/engine/base_layer.py", line 1149, in __call__

  File "/mnt/beegfs/hellgate/home/rb194958e/.conda/envs/tf215_env/lib/python3.11/site-packages/keras/src/utils/traceback_utils.py", line 96, in error_handler

  File "/mnt/beegfs/hellgate/home/rb194958e/.conda/envs/tf215_env/lib/python3.11/site-packages/keras/src/layers/reshaping/up_sampling3d.py", line 124, in call

  File "/mnt/beegfs/hellgate/home/rb194958e/.conda/envs/tf215_env/lib/python3.11/site-packages/keras/src/backend.py", line 3741, in resize_volumes

  File "/mnt/beegfs/hellgate/home/rb194958e/.conda/envs/tf215_env/lib/python3.11/site-packages/keras/src/backend.py", line 3779, in repeat_elements

  File "/mnt/beegfs/hellgate/home/rb194958e/.conda/envs/tf215_env/lib/python3.11/site-packages/keras/src/backend.py", line 3580, in concatenate

2 root error(s) found.
  (0) RESOURCE_EXHAUSTED:  OOM when allocating tensor with shape[2,256,48,56,44] and type float on /job:localhost/replica:0/task:0/device:GPU:0 by allocator GPU_0_bfc
	 [[{{node model/up_sampling3d_1/concat_2}}]]
Hint: If you want to see a list of allocated tensors when OOM happens, add report_tensor_allocations_upon_oom to RunOptions for current allocation info. This isn't available when running in Eager mode.

	 [[div_no_nan/ReadVariableOp_1/_108]]
Hint: If you want to see a list of allocated tensors when OOM happens, add report_tensor_allocations_upon_oom to RunOptions for current allocation info. This isn't available when running in Eager mode.

  (1) RESOURCE_EXHAUSTED:  OOM when allocating tensor with shape[2,256,48,56,44] and type float on /job:localhost/replica:0/task:0/device:GPU:0 by allocator GPU_0_bfc
	 [[{{node model/up_sampling3d_1/concat_2}}]]
Hint: If you want to see a list of allocated tensors when OOM happens, add report_tensor_allocations_upon_oom to RunOptions for current allocation info. This isn't available when running in Eager mode.

0 successful operations.
0 derived errors ignored. [Op:__inference_train_function_22515]
2025-06-14 09:08:01,355 - ERROR - 💥 Training pipeline failed: Graph execution error:

Detected at node model/up_sampling3d_1/concat_2 defined at (most recent call last):
  File "/mnt/beegfs/hellgate/home/rb194958e/.conda/envs/tf215_env/lib/python3.11/threading.py", line 1002, in _bootstrap

  File "/mnt/beegfs/hellgate/home/rb194958e/.conda/envs/tf215_env/lib/python3.11/threading.py", line 1045, in _bootstrap_inner

  File "/mnt/beegfs/hellgate/home/rb194958e/.conda/envs/tf215_env/lib/python3.11/site-packages/keras/src/engine/training.py", line 1373, in run_step

  File "/mnt/beegfs/hellgate/home/rb194958e/.conda/envs/tf215_env/lib/python3.11/site-packages/keras/src/engine/training.py", line 1150, in train_step

  File "/mnt/beegfs/hellgate/home/rb194958e/.conda/envs/tf215_env/lib/python3.11/site-packages/keras/src/utils/traceback_utils.py", line 65, in error_handler

  File "/mnt/beegfs/hellgate/home/rb194958e/.conda/envs/tf215_env/lib/python3.11/site-packages/keras/src/engine/training.py", line 590, in __call__

  File "/mnt/beegfs/hellgate/home/rb194958e/.conda/envs/tf215_env/lib/python3.11/site-packages/keras/src/utils/traceback_utils.py", line 65, in error_handler

  File "/mnt/beegfs/hellgate/home/rb194958e/.conda/envs/tf215_env/lib/python3.11/site-packages/keras/src/engine/base_layer.py", line 1149, in __call__

  File "/mnt/beegfs/hellgate/home/rb194958e/.conda/envs/tf215_env/lib/python3.11/site-packages/keras/src/utils/traceback_utils.py", line 96, in error_handler

  File "/mnt/beegfs/hellgate/home/rb194958e/.conda/envs/tf215_env/lib/python3.11/site-packages/keras/src/engine/functional.py", line 515, in call

  File "/mnt/beegfs/hellgate/home/rb194958e/.conda/envs/tf215_env/lib/python3.11/site-packages/keras/src/engine/functional.py", line 672, in _run_internal_graph

  File "/mnt/beegfs/hellgate/home/rb194958e/.conda/envs/tf215_env/lib/python3.11/site-packages/keras/src/utils/traceback_utils.py", line 65, in error_handler

  File "/mnt/beegfs/hellgate/home/rb194958e/.conda/envs/tf215_env/lib/python3.11/site-packages/keras/src/engine/base_layer.py", line 1149, in __call__

  File "/mnt/beegfs/hellgate/home/rb194958e/.conda/envs/tf215_env/lib/python3.11/site-packages/keras/src/utils/traceback_utils.py", line 96, in error_handler

  File "/mnt/beegfs/hellgate/home/rb194958e/.conda/envs/tf215_env/lib/python3.11/site-packages/keras/src/layers/reshaping/up_sampling3d.py", line 124, in call

  File "/mnt/beegfs/hellgate/home/rb194958e/.conda/envs/tf215_env/lib/python3.11/site-packages/keras/src/backend.py", line 3741, in resize_volumes

  File "/mnt/beegfs/hellgate/home/rb194958e/.conda/envs/tf215_env/lib/python3.11/site-packages/keras/src/backend.py", line 3779, in repeat_elements

  File "/mnt/beegfs/hellgate/home/rb194958e/.conda/envs/tf215_env/lib/python3.11/site-packages/keras/src/backend.py", line 3580, in concatenate

Detected at node model/up_sampling3d_1/concat_2 defined at (most recent call last):
  File "/mnt/beegfs/hellgate/home/rb194958e/.conda/envs/tf215_env/lib/python3.11/threading.py", line 1002, in _bootstrap

  File "/mnt/beegfs/hellgate/home/rb194958e/.conda/envs/tf215_env/lib/python3.11/threading.py", line 1045, in _bootstrap_inner

  File "/mnt/beegfs/hellgate/home/rb194958e/.conda/envs/tf215_env/lib/python3.11/site-packages/keras/src/engine/training.py", line 1373, in run_step

  File "/mnt/beegfs/hellgate/home/rb194958e/.conda/envs/tf215_env/lib/python3.11/site-packages/keras/src/engine/training.py", line 1150, in train_step

  File "/mnt/beegfs/hellgate/home/rb194958e/.conda/envs/tf215_env/lib/python3.11/site-packages/keras/src/utils/traceback_utils.py", line 65, in error_handler

  File "/mnt/beegfs/hellgate/home/rb194958e/.conda/envs/tf215_env/lib/python3.11/site-packages/keras/src/engine/training.py", line 590, in __call__

  File "/mnt/beegfs/hellgate/home/rb194958e/.conda/envs/tf215_env/lib/python3.11/site-packages/keras/src/utils/traceback_utils.py", line 65, in error_handler

  File "/mnt/beegfs/hellgate/home/rb194958e/.conda/envs/tf215_env/lib/python3.11/site-packages/keras/src/engine/base_layer.py", line 1149, in __call__

  File "/mnt/beegfs/hellgate/home/rb194958e/.conda/envs/tf215_env/lib/python3.11/site-packages/keras/src/utils/traceback_utils.py", line 96, in error_handler

  File "/mnt/beegfs/hellgate/home/rb194958e/.conda/envs/tf215_env/lib/python3.11/site-packages/keras/src/engine/functional.py", line 515, in call

  File "/mnt/beegfs/hellgate/home/rb194958e/.conda/envs/tf215_env/lib/python3.11/site-packages/keras/src/engine/functional.py", line 672, in _run_internal_graph

  File "/mnt/beegfs/hellgate/home/rb194958e/.conda/envs/tf215_env/lib/python3.11/site-packages/keras/src/utils/traceback_utils.py", line 65, in error_handler

  File "/mnt/beegfs/hellgate/home/rb194958e/.conda/envs/tf215_env/lib/python3.11/site-packages/keras/src/engine/base_layer.py", line 1149, in __call__

  File "/mnt/beegfs/hellgate/home/rb194958e/.conda/envs/tf215_env/lib/python3.11/site-packages/keras/src/utils/traceback_utils.py", line 96, in error_handler

  File "/mnt/beegfs/hellgate/home/rb194958e/.conda/envs/tf215_env/lib/python3.11/site-packages/keras/src/layers/reshaping/up_sampling3d.py", line 124, in call

  File "/mnt/beegfs/hellgate/home/rb194958e/.conda/envs/tf215_env/lib/python3.11/site-packages/keras/src/backend.py", line 3741, in resize_volumes

  File "/mnt/beegfs/hellgate/home/rb194958e/.conda/envs/tf215_env/lib/python3.11/site-packages/keras/src/backend.py", line 3779, in repeat_elements

  File "/mnt/beegfs/hellgate/home/rb194958e/.conda/envs/tf215_env/lib/python3.11/site-packages/keras/src/backend.py", line 3580, in concatenate

2 root error(s) found.
  (0) RESOURCE_EXHAUSTED:  OOM when allocating tensor with shape[2,256,48,56,44] and type float on /job:localhost/replica:0/task:0/device:GPU:0 by allocator GPU_0_bfc
	 [[{{node model/up_sampling3d_1/concat_2}}]]
Hint: If you want to see a list of allocated tensors when OOM happens, add report_tensor_allocations_upon_oom to RunOptions for current allocation info. This isn't available when running in Eager mode.

	 [[div_no_nan/ReadVariableOp_1/_108]]
Hint: If you want to see a list of allocated tensors when OOM happens, add report_tensor_allocations_upon_oom to RunOptions for current allocation info. This isn't available when running in Eager mode.

  (1) RESOURCE_EXHAUSTED:  OOM when allocating tensor with shape[2,256,48,56,44] and type float on /job:localhost/replica:0/task:0/device:GPU:0 by allocator GPU_0_bfc
	 [[{{node model/up_sampling3d_1/concat_2}}]]
Hint: If you want to see a list of allocated tensors when OOM happens, add report_tensor_allocations_upon_oom to RunOptions for current allocation info. This isn't available when running in Eager mode.

0 successful operations.
0 derived errors ignored. [Op:__inference_train_function_22515]
