/var/spool/slurmd/job1123599/slurm_script: line 45: /opt/anaconda3/etc/profile.d/conda.sh: No such file or directory

CondaError: Run 'conda init' before 'conda activate'

2025-06-14 05:02:10.021027: E external/local_xla/xla/stream_executor/cuda/cuda_dnn.cc:9261] Unable to register cuDNN factory: Attempting to register factory for plugin cuDNN when one has already been registered
2025-06-14 05:02:10.021624: E external/local_xla/xla/stream_executor/cuda/cuda_fft.cc:607] Unable to register cuFFT factory: Attempting to register factory for plugin cuFFT when one has already been registered
2025-06-14 05:02:10.145936: E external/local_xla/xla/stream_executor/cuda/cuda_blas.cc:1515] Unable to register cuBLAS factory: Attempting to register factory for plugin cuBLAS when one has already been registered
2025-06-14 05:02:37.655957: E external/local_xla/xla/stream_executor/cuda/cuda_dnn.cc:9261] Unable to register cuDNN factory: Attempting to register factory for plugin cuDNN when one has already been registered
2025-06-14 05:02:37.656586: E external/local_xla/xla/stream_executor/cuda/cuda_fft.cc:607] Unable to register cuFFT factory: Attempting to register factory for plugin cuFFT when one has already been registered
2025-06-14 05:02:37.772346: E external/local_xla/xla/stream_executor/cuda/cuda_blas.cc:1515] Unable to register cuBLAS factory: Attempting to register factory for plugin cuBLAS when one has already been registered
2025-06-14 05:03:01,085 - INFO - 🚀 Starting Stroke Lesion Segmentation Training
2025-06-14 05:03:03,303 - INFO - Detected 1 GPU(s)
2025-06-14 05:03:03,305 - INFO - Using GPU devices: ['0']
2025-06-14 05:03:03,419 - INFO - GPU test successful: 6.0
2025-06-14 05:03:03,422 - WARNING - Config file config/default_config.yaml not found, using defaults
INFO:tensorflow:Using MirroredStrategy with devices ('/job:localhost/replica:0/task:0/device:GPU:0',)
2025-06-14 05:03:03,423 - INFO - Using MirroredStrategy with devices ('/job:localhost/replica:0/task:0/device:GPU:0',)
2025-06-14 05:03:03,429 - INFO - Using MirroredStrategy with 1 GPUs
2025-06-14 05:03:03,431 - INFO - Global batch size: 2
2025-06-14 05:03:03,432 - INFO - Configuration: {'model': {'input_shape': [192, 224, 176, 1], 'base_filters': 32, 'depth': 5, 'use_attention': True, 'use_deep_supervision': True}, 'training': {'epochs': 100, 'batch_size_per_gpu': 2, 'learning_rate': 0.0001, 'validation_split': 0.2, 'patience': 15, 'global_batch_size': 2}, 'data': {'data_dir': '/mnt/beegfs/hellgate/home/rb194958e/Atlas_2/Training', 'cache_dir': '/tmp/stroke_cache', 'num_workers': 4, 'prefetch': 2}}
INFO:tensorflow:Reduce to /job:localhost/replica:0/task:0/device:CPU:0 then broadcast to ('/job:localhost/replica:0/task:0/device:CPU:0',).
2025-06-14 05:03:04,226 - INFO - Reduce to /job:localhost/replica:0/task:0/device:CPU:0 then broadcast to ('/job:localhost/replica:0/task:0/device:CPU:0',).
INFO:tensorflow:Reduce to /job:localhost/replica:0/task:0/device:CPU:0 then broadcast to ('/job:localhost/replica:0/task:0/device:CPU:0',).
2025-06-14 05:03:04,231 - INFO - Reduce to /job:localhost/replica:0/task:0/device:CPU:0 then broadcast to ('/job:localhost/replica:0/task:0/device:CPU:0',).
INFO:tensorflow:Reduce to /job:localhost/replica:0/task:0/device:CPU:0 then broadcast to ('/job:localhost/replica:0/task:0/device:CPU:0',).
2025-06-14 05:03:04,254 - INFO - Reduce to /job:localhost/replica:0/task:0/device:CPU:0 then broadcast to ('/job:localhost/replica:0/task:0/device:CPU:0',).
INFO:tensorflow:Reduce to /job:localhost/replica:0/task:0/device:CPU:0 then broadcast to ('/job:localhost/replica:0/task:0/device:CPU:0',).
2025-06-14 05:03:04,258 - INFO - Reduce to /job:localhost/replica:0/task:0/device:CPU:0 then broadcast to ('/job:localhost/replica:0/task:0/device:CPU:0',).
INFO:tensorflow:Reduce to /job:localhost/replica:0/task:0/device:CPU:0 then broadcast to ('/job:localhost/replica:0/task:0/device:CPU:0',).
2025-06-14 05:03:04,281 - INFO - Reduce to /job:localhost/replica:0/task:0/device:CPU:0 then broadcast to ('/job:localhost/replica:0/task:0/device:CPU:0',).
INFO:tensorflow:Reduce to /job:localhost/replica:0/task:0/device:CPU:0 then broadcast to ('/job:localhost/replica:0/task:0/device:CPU:0',).
2025-06-14 05:03:04,286 - INFO - Reduce to /job:localhost/replica:0/task:0/device:CPU:0 then broadcast to ('/job:localhost/replica:0/task:0/device:CPU:0',).
INFO:tensorflow:Reduce to /job:localhost/replica:0/task:0/device:CPU:0 then broadcast to ('/job:localhost/replica:0/task:0/device:CPU:0',).
2025-06-14 05:03:04,307 - INFO - Reduce to /job:localhost/replica:0/task:0/device:CPU:0 then broadcast to ('/job:localhost/replica:0/task:0/device:CPU:0',).
INFO:tensorflow:Reduce to /job:localhost/replica:0/task:0/device:CPU:0 then broadcast to ('/job:localhost/replica:0/task:0/device:CPU:0',).
2025-06-14 05:03:04,311 - INFO - Reduce to /job:localhost/replica:0/task:0/device:CPU:0 then broadcast to ('/job:localhost/replica:0/task:0/device:CPU:0',).
INFO:tensorflow:Reduce to /job:localhost/replica:0/task:0/device:CPU:0 then broadcast to ('/job:localhost/replica:0/task:0/device:CPU:0',).
2025-06-14 05:03:04,358 - INFO - Reduce to /job:localhost/replica:0/task:0/device:CPU:0 then broadcast to ('/job:localhost/replica:0/task:0/device:CPU:0',).
INFO:tensorflow:Reduce to /job:localhost/replica:0/task:0/device:CPU:0 then broadcast to ('/job:localhost/replica:0/task:0/device:CPU:0',).
2025-06-14 05:03:04,362 - INFO - Reduce to /job:localhost/replica:0/task:0/device:CPU:0 then broadcast to ('/job:localhost/replica:0/task:0/device:CPU:0',).
2025-06-14 05:03:04,880 - INFO - Model created with 22,850,782 parameters
2025-06-14 05:03:04,882 - INFO - 📊 Creating real ATLAS 2.0 data loader...
2025-06-14 05:03:05,734 - INFO - Found 655 image-mask pairs
2025-06-14 05:03:05,812 - INFO - Training samples: 524, Validation samples: 131
2025-06-14 05:03:13,781 - ERROR - Error loading /mnt/beegfs/hellgate/home/rb194958e/Atlas_2/Training/Images/sub-r002s010_ses-1_space-MNI152NLin2009aSym_T1w.nii.gz: 'images' must have either 3 or 4 dimensions.
pixdim[0] (qfac) should be 1 (default) or -1; setting qfac to 1
2025-06-14 05:03:13,789 - INFO - pixdim[0] (qfac) should be 1 (default) or -1; setting qfac to 1
2025-06-14 05:03:13,987 - ERROR - Error loading /mnt/beegfs/hellgate/home/rb194958e/Atlas_2/Training/Masks/sub-r002s010_ses-1_space-MNI152NLin2009aSym_label-L_desc-T1lesion_mask.nii.gz: 'images' must have either 3 or 4 dimensions.
2025-06-14 05:03:14,334 - ERROR - Error loading /mnt/beegfs/hellgate/home/rb194958e/Atlas_2/Training/Images/sub-r002s008_ses-1_space-MNI152NLin2009aSym_T1w.nii.gz: 'images' must have either 3 or 4 dimensions.
pixdim[0] (qfac) should be 1 (default) or -1; setting qfac to 1
2025-06-14 05:03:14,345 - INFO - pixdim[0] (qfac) should be 1 (default) or -1; setting qfac to 1
2025-06-14 05:03:14,543 - ERROR - Error loading /mnt/beegfs/hellgate/home/rb194958e/Atlas_2/Training/Masks/sub-r002s008_ses-1_space-MNI152NLin2009aSym_label-L_desc-T1lesion_mask.nii.gz: 'images' must have either 3 or 4 dimensions.
2025-06-14 05:03:14,879 - ERROR - Error loading /mnt/beegfs/hellgate/home/rb194958e/Atlas_2/Training/Images/sub-r027s013_ses-1_space-MNI152NLin2009aSym_T1w.nii.gz: 'images' must have either 3 or 4 dimensions.
pixdim[0] (qfac) should be 1 (default) or -1; setting qfac to 1
2025-06-14 05:03:14,890 - INFO - pixdim[0] (qfac) should be 1 (default) or -1; setting qfac to 1
2025-06-14 05:03:15,082 - ERROR - Error loading /mnt/beegfs/hellgate/home/rb194958e/Atlas_2/Training/Masks/sub-r027s013_ses-1_space-MNI152NLin2009aSym_label-L_desc-T1lesion_mask.nii.gz: 'images' must have either 3 or 4 dimensions.
2025-06-14 05:03:15,435 - ERROR - Error loading /mnt/beegfs/hellgate/home/rb194958e/Atlas_2/Training/Images/sub-r027s042_ses-1_space-MNI152NLin2009aSym_T1w.nii.gz: 'images' must have either 3 or 4 dimensions.
pixdim[0] (qfac) should be 1 (default) or -1; setting qfac to 1
2025-06-14 05:03:15,446 - INFO - pixdim[0] (qfac) should be 1 (default) or -1; setting qfac to 1
2025-06-14 05:03:15,645 - ERROR - Error loading /mnt/beegfs/hellgate/home/rb194958e/Atlas_2/Training/Masks/sub-r027s042_ses-1_space-MNI152NLin2009aSym_label-L_desc-T1lesion_mask.nii.gz: 'images' must have either 3 or 4 dimensions.
pixdim[0] (qfac) should be 1 (default) or -1; setting qfac to 1
2025-06-14 05:03:15,713 - INFO - pixdim[0] (qfac) should be 1 (default) or -1; setting qfac to 1
2025-06-14 05:03:16,022 - ERROR - Error loading /mnt/beegfs/hellgate/home/rb194958e/Atlas_2/Training/Images/sub-r048s016_ses-1_space-MNI152NLin2009aSym_T1w.nii.gz: 'images' must have either 3 or 4 dimensions.
pixdim[0] (qfac) should be 1 (default) or -1; setting qfac to 1
2025-06-14 05:03:16,031 - INFO - pixdim[0] (qfac) should be 1 (default) or -1; setting qfac to 1
2025-06-14 05:03:16,220 - ERROR - Error loading /mnt/beegfs/hellgate/home/rb194958e/Atlas_2/Training/Masks/sub-r048s016_ses-1_space-MNI152NLin2009aSym_label-L_desc-T1lesion_mask.nii.gz: 'images' must have either 3 or 4 dimensions.
2025-06-14 05:03:16,575 - ERROR - Error loading /mnt/beegfs/hellgate/home/rb194958e/Atlas_2/Training/Images/sub-r034s036_ses-1_space-MNI152NLin2009aSym_T1w.nii.gz: 'images' must have either 3 or 4 dimensions.
pixdim[0] (qfac) should be 1 (default) or -1; setting qfac to 1
2025-06-14 05:03:16,588 - INFO - pixdim[0] (qfac) should be 1 (default) or -1; setting qfac to 1
2025-06-14 05:03:16,785 - ERROR - Error loading /mnt/beegfs/hellgate/home/rb194958e/Atlas_2/Training/Masks/sub-r034s036_ses-1_space-MNI152NLin2009aSym_label-L_desc-T1lesion_mask.nii.gz: 'images' must have either 3 or 4 dimensions.
2025-06-14 05:03:17,146 - ERROR - Error loading /mnt/beegfs/hellgate/home/rb194958e/Atlas_2/Training/Images/sub-r038s048_ses-1_space-MNI152NLin2009aSym_T1w.nii.gz: 'images' must have either 3 or 4 dimensions.
pixdim[0] (qfac) should be 1 (default) or -1; setting qfac to 1
2025-06-14 05:03:17,155 - INFO - pixdim[0] (qfac) should be 1 (default) or -1; setting qfac to 1
2025-06-14 05:03:17,347 - ERROR - Error loading /mnt/beegfs/hellgate/home/rb194958e/Atlas_2/Training/Masks/sub-r038s048_ses-1_space-MNI152NLin2009aSym_label-L_desc-T1lesion_mask.nii.gz: 'images' must have either 3 or 4 dimensions.
2025-06-14 05:03:17,706 - ERROR - Error loading /mnt/beegfs/hellgate/home/rb194958e/Atlas_2/Training/Images/sub-r009s005_ses-1_space-MNI152NLin2009aSym_T1w.nii.gz: 'images' must have either 3 or 4 dimensions.
pixdim[0] (qfac) should be 1 (default) or -1; setting qfac to 1
2025-06-14 05:03:17,716 - INFO - pixdim[0] (qfac) should be 1 (default) or -1; setting qfac to 1
2025-06-14 05:03:17,912 - ERROR - Error loading /mnt/beegfs/hellgate/home/rb194958e/Atlas_2/Training/Masks/sub-r009s005_ses-1_space-MNI152NLin2009aSym_label-L_desc-T1lesion_mask.nii.gz: 'images' must have either 3 or 4 dimensions.
2025-06-14 05:03:18,253 - ERROR - Error loading /mnt/beegfs/hellgate/home/rb194958e/Atlas_2/Training/Images/sub-r024s013_ses-1_space-MNI152NLin2009aSym_T1w.nii.gz: 'images' must have either 3 or 4 dimensions.
pixdim[0] (qfac) should be 1 (default) or -1; setting qfac to 1
2025-06-14 05:03:18,263 - INFO - pixdim[0] (qfac) should be 1 (default) or -1; setting qfac to 1
2025-06-14 05:03:18,457 - ERROR - Error loading /mnt/beegfs/hellgate/home/rb194958e/Atlas_2/Training/Masks/sub-r024s013_ses-1_space-MNI152NLin2009aSym_label-L_desc-T1lesion_mask.nii.gz: 'images' must have either 3 or 4 dimensions.
2025-06-14 05:03:18,814 - ERROR - Error loading /mnt/beegfs/hellgate/home/rb194958e/Atlas_2/Training/Images/sub-r009s114_ses-1_space-MNI152NLin2009aSym_T1w.nii.gz: 'images' must have either 3 or 4 dimensions.
pixdim[0] (qfac) should be 1 (default) or -1; setting qfac to 1
2025-06-14 05:03:18,826 - INFO - pixdim[0] (qfac) should be 1 (default) or -1; setting qfac to 1
2025-06-14 05:03:19,026 - ERROR - Error loading /mnt/beegfs/hellgate/home/rb194958e/Atlas_2/Training/Masks/sub-r009s114_ses-1_space-MNI152NLin2009aSym_label-L_desc-T1lesion_mask.nii.gz: 'images' must have either 3 or 4 dimensions.
2025-06-14 05:03:19,389 - ERROR - Error loading /mnt/beegfs/hellgate/home/rb194958e/Atlas_2/Training/Images/sub-r009s054_ses-1_space-MNI152NLin2009aSym_T1w.nii.gz: 'images' must have either 3 or 4 dimensions.
pixdim[0] (qfac) should be 1 (default) or -1; setting qfac to 1
2025-06-14 05:03:19,399 - INFO - pixdim[0] (qfac) should be 1 (default) or -1; setting qfac to 1
2025-06-14 05:03:19,592 - ERROR - Error loading /mnt/beegfs/hellgate/home/rb194958e/Atlas_2/Training/Masks/sub-r009s054_ses-1_space-MNI152NLin2009aSym_label-L_desc-T1lesion_mask.nii.gz: 'images' must have either 3 or 4 dimensions.
2025-06-14 05:03:19,972 - ERROR - Error loading /mnt/beegfs/hellgate/home/rb194958e/Atlas_2/Training/Images/sub-r001s010_ses-1_space-MNI152NLin2009aSym_T1w.nii.gz: 'images' must have either 3 or 4 dimensions.
pixdim[0] (qfac) should be 1 (default) or -1; setting qfac to 1
2025-06-14 05:03:19,980 - INFO - pixdim[0] (qfac) should be 1 (default) or -1; setting qfac to 1
2025-06-14 05:03:20,177 - ERROR - Error loading /mnt/beegfs/hellgate/home/rb194958e/Atlas_2/Training/Masks/sub-r001s010_ses-1_space-MNI152NLin2009aSym_label-L_desc-T1lesion_mask.nii.gz: 'images' must have either 3 or 4 dimensions.
2025-06-14 05:03:20,548 - ERROR - Error loading /mnt/beegfs/hellgate/home/rb194958e/Atlas_2/Training/Images/sub-r001s008_ses-1_space-MNI152NLin2009aSym_T1w.nii.gz: 'images' must have either 3 or 4 dimensions.
pixdim[0] (qfac) should be 1 (default) or -1; setting qfac to 1
2025-06-14 05:03:20,557 - INFO - pixdim[0] (qfac) should be 1 (default) or -1; setting qfac to 1
2025-06-14 05:03:20,750 - ERROR - Error loading /mnt/beegfs/hellgate/home/rb194958e/Atlas_2/Training/Masks/sub-r001s008_ses-1_space-MNI152NLin2009aSym_label-L_desc-T1lesion_mask.nii.gz: 'images' must have either 3 or 4 dimensions.
2025-06-14 05:03:21,116 - ERROR - Error loading /mnt/beegfs/hellgate/home/rb194958e/Atlas_2/Training/Images/sub-r047s021_ses-1_space-MNI152NLin2009aSym_T1w.nii.gz: 'images' must have either 3 or 4 dimensions.
pixdim[0] (qfac) should be 1 (default) or -1; setting qfac to 1
2025-06-14 05:03:21,125 - INFO - pixdim[0] (qfac) should be 1 (default) or -1; setting qfac to 1
2025-06-14 05:03:21,319 - ERROR - Error loading /mnt/beegfs/hellgate/home/rb194958e/Atlas_2/Training/Masks/sub-r047s021_ses-1_space-MNI152NLin2009aSym_label-L_desc-T1lesion_mask.nii.gz: 'images' must have either 3 or 4 dimensions.
2025-06-14 05:03:21,714 - ERROR - Error loading /mnt/beegfs/hellgate/home/rb194958e/Atlas_2/Training/Images/sub-r047s039_ses-1_space-MNI152NLin2009aSym_T1w.nii.gz: 'images' must have either 3 or 4 dimensions.
pixdim[0] (qfac) should be 1 (default) or -1; setting qfac to 1
2025-06-14 05:03:21,723 - INFO - pixdim[0] (qfac) should be 1 (default) or -1; setting qfac to 1
2025-06-14 05:03:21,915 - ERROR - Error loading /mnt/beegfs/hellgate/home/rb194958e/Atlas_2/Training/Masks/sub-r047s039_ses-1_space-MNI152NLin2009aSym_label-L_desc-T1lesion_mask.nii.gz: 'images' must have either 3 or 4 dimensions.
2025-06-14 05:03:22,283 - ERROR - Error loading /mnt/beegfs/hellgate/home/rb194958e/Atlas_2/Training/Images/sub-r045s003_ses-1_space-MNI152NLin2009aSym_T1w.nii.gz: 'images' must have either 3 or 4 dimensions.
pixdim[0] (qfac) should be 1 (default) or -1; setting qfac to 1
2025-06-14 05:03:22,292 - INFO - pixdim[0] (qfac) should be 1 (default) or -1; setting qfac to 1
2025-06-14 05:03:22,490 - ERROR - Error loading /mnt/beegfs/hellgate/home/rb194958e/Atlas_2/Training/Masks/sub-r045s003_ses-1_space-MNI152NLin2009aSym_label-L_desc-T1lesion_mask.nii.gz: 'images' must have either 3 or 4 dimensions.
2025-06-14 05:03:22,825 - ERROR - Error loading /mnt/beegfs/hellgate/home/rb194958e/Atlas_2/Training/Images/sub-r035s014_ses-1_space-MNI152NLin2009aSym_T1w.nii.gz: 'images' must have either 3 or 4 dimensions.
pixdim[0] (qfac) should be 1 (default) or -1; setting qfac to 1
2025-06-14 05:03:22,834 - INFO - pixdim[0] (qfac) should be 1 (default) or -1; setting qfac to 1
2025-06-14 05:03:23,025 - ERROR - Error loading /mnt/beegfs/hellgate/home/rb194958e/Atlas_2/Training/Masks/sub-r035s014_ses-1_space-MNI152NLin2009aSym_label-L_desc-T1lesion_mask.nii.gz: 'images' must have either 3 or 4 dimensions.
2025-06-14 05:03:23,353 - ERROR - Error loading /mnt/beegfs/hellgate/home/rb194958e/Atlas_2/Training/Images/sub-r031s036_ses-1_space-MNI152NLin2009aSym_T1w.nii.gz: 'images' must have either 3 or 4 dimensions.
pixdim[0] (qfac) should be 1 (default) or -1; setting qfac to 1
2025-06-14 05:03:23,364 - INFO - pixdim[0] (qfac) should be 1 (default) or -1; setting qfac to 1
2025-06-14 05:03:23,561 - ERROR - Error loading /mnt/beegfs/hellgate/home/rb194958e/Atlas_2/Training/Masks/sub-r031s036_ses-1_space-MNI152NLin2009aSym_label-L_desc-T1lesion_mask.nii.gz: 'images' must have either 3 or 4 dimensions.
2025-06-14 05:03:23,920 - ERROR - Error loading /mnt/beegfs/hellgate/home/rb194958e/Atlas_2/Training/Images/sub-r004s008_ses-1_space-MNI152NLin2009aSym_T1w.nii.gz: 'images' must have either 3 or 4 dimensions.
pixdim[0] (qfac) should be 1 (default) or -1; setting qfac to 1
2025-06-14 05:03:23,930 - INFO - pixdim[0] (qfac) should be 1 (default) or -1; setting qfac to 1
2025-06-14 05:03:24,123 - ERROR - Error loading /mnt/beegfs/hellgate/home/rb194958e/Atlas_2/Training/Masks/sub-r004s008_ses-1_space-MNI152NLin2009aSym_label-L_desc-T1lesion_mask.nii.gz: 'images' must have either 3 or 4 dimensions.
2025-06-14 05:03:24,472 - ERROR - Error loading /mnt/beegfs/hellgate/home/rb194958e/Atlas_2/Training/Images/sub-r004s010_ses-1_space-MNI152NLin2009aSym_T1w.nii.gz: 'images' must have either 3 or 4 dimensions.
pixdim[0] (qfac) should be 1 (default) or -1; setting qfac to 1
2025-06-14 05:03:24,482 - INFO - pixdim[0] (qfac) should be 1 (default) or -1; setting qfac to 1
2025-06-14 05:03:24,678 - ERROR - Error loading /mnt/beegfs/hellgate/home/rb194958e/Atlas_2/Training/Masks/sub-r004s010_ses-1_space-MNI152NLin2009aSym_label-L_desc-T1lesion_mask.nii.gz: 'images' must have either 3 or 4 dimensions.
2025-06-14 05:03:25,089 - ERROR - Error loading /mnt/beegfs/hellgate/home/rb194958e/Atlas_2/Training/Images/sub-r042s021_ses-1_space-MNI152NLin2009aSym_T1w.nii.gz: 'images' must have either 3 or 4 dimensions.
pixdim[0] (qfac) should be 1 (default) or -1; setting qfac to 1
2025-06-14 05:03:25,100 - INFO - pixdim[0] (qfac) should be 1 (default) or -1; setting qfac to 1
2025-06-14 05:03:25,293 - ERROR - Error loading /mnt/beegfs/hellgate/home/rb194958e/Atlas_2/Training/Masks/sub-r042s021_ses-1_space-MNI152NLin2009aSym_label-L_desc-T1lesion_mask.nii.gz: 'images' must have either 3 or 4 dimensions.
2025-06-14 05:03:25,645 - ERROR - Error loading /mnt/beegfs/hellgate/home/rb194958e/Atlas_2/Training/Images/sub-r004s027_ses-1_space-MNI152NLin2009aSym_T1w.nii.gz: 'images' must have either 3 or 4 dimensions.
pixdim[0] (qfac) should be 1 (default) or -1; setting qfac to 1
2025-06-14 05:03:25,656 - INFO - pixdim[0] (qfac) should be 1 (default) or -1; setting qfac to 1
2025-06-14 05:03:25,852 - ERROR - Error loading /mnt/beegfs/hellgate/home/rb194958e/Atlas_2/Training/Masks/sub-r004s027_ses-1_space-MNI152NLin2009aSym_label-L_desc-T1lesion_mask.nii.gz: 'images' must have either 3 or 4 dimensions.
2025-06-14 05:03:26,207 - ERROR - Error loading /mnt/beegfs/hellgate/home/rb194958e/Atlas_2/Training/Images/sub-r014s002_ses-1_space-MNI152NLin2009aSym_T1w.nii.gz: 'images' must have either 3 or 4 dimensions.
pixdim[0] (qfac) should be 1 (default) or -1; setting qfac to 1
2025-06-14 05:03:26,216 - INFO - pixdim[0] (qfac) should be 1 (default) or -1; setting qfac to 1
2025-06-14 05:03:26,408 - ERROR - Error loading /mnt/beegfs/hellgate/home/rb194958e/Atlas_2/Training/Masks/sub-r014s002_ses-1_space-MNI152NLin2009aSym_label-L_desc-T1lesion_mask.nii.gz: 'images' must have either 3 or 4 dimensions.
2025-06-14 05:03:26,712 - ERROR - Error loading /mnt/beegfs/hellgate/home/rb194958e/Atlas_2/Training/Images/sub-r031s019_ses-1_space-MNI152NLin2009aSym_T1w.nii.gz: 'images' must have either 3 or 4 dimensions.
pixdim[0] (qfac) should be 1 (default) or -1; setting qfac to 1
2025-06-14 05:03:26,721 - INFO - pixdim[0] (qfac) should be 1 (default) or -1; setting qfac to 1
2025-06-14 05:03:26,920 - ERROR - Error loading /mnt/beegfs/hellgate/home/rb194958e/Atlas_2/Training/Masks/sub-r031s019_ses-1_space-MNI152NLin2009aSym_label-L_desc-T1lesion_mask.nii.gz: 'images' must have either 3 or 4 dimensions.
2025-06-14 05:03:27,255 - ERROR - Error loading /mnt/beegfs/hellgate/home/rb194958e/Atlas_2/Training/Images/sub-r031s001_ses-1_space-MNI152NLin2009aSym_T1w.nii.gz: 'images' must have either 3 or 4 dimensions.
pixdim[0] (qfac) should be 1 (default) or -1; setting qfac to 1
2025-06-14 05:03:27,265 - INFO - pixdim[0] (qfac) should be 1 (default) or -1; setting qfac to 1
2025-06-14 05:03:27,455 - ERROR - Error loading /mnt/beegfs/hellgate/home/rb194958e/Atlas_2/Training/Masks/sub-r031s001_ses-1_space-MNI152NLin2009aSym_label-L_desc-T1lesion_mask.nii.gz: 'images' must have either 3 or 4 dimensions.
2025-06-14 05:03:27,807 - ERROR - Error loading /mnt/beegfs/hellgate/home/rb194958e/Atlas_2/Training/Images/sub-r003s005_ses-1_space-MNI152NLin2009aSym_T1w.nii.gz: 'images' must have either 3 or 4 dimensions.
pixdim[0] (qfac) should be 1 (default) or -1; setting qfac to 1
2025-06-14 05:03:27,818 - INFO - pixdim[0] (qfac) should be 1 (default) or -1; setting qfac to 1
2025-06-14 05:03:28,012 - ERROR - Error loading /mnt/beegfs/hellgate/home/rb194958e/Atlas_2/Training/Masks/sub-r003s005_ses-1_space-MNI152NLin2009aSym_label-L_desc-T1lesion_mask.nii.gz: 'images' must have either 3 or 4 dimensions.
2025-06-14 05:03:28,354 - ERROR - Error loading /mnt/beegfs/hellgate/home/rb194958e/Atlas_2/Training/Images/sub-r009s063_ses-1_space-MNI152NLin2009aSym_T1w.nii.gz: 'images' must have either 3 or 4 dimensions.
pixdim[0] (qfac) should be 1 (default) or -1; setting qfac to 1
2025-06-14 05:03:28,364 - INFO - pixdim[0] (qfac) should be 1 (default) or -1; setting qfac to 1
2025-06-14 05:03:28,555 - ERROR - Error loading /mnt/beegfs/hellgate/home/rb194958e/Atlas_2/Training/Masks/sub-r009s063_ses-1_space-MNI152NLin2009aSym_label-L_desc-T1lesion_mask.nii.gz: 'images' must have either 3 or 4 dimensions.
2025-06-14 05:03:28,956 - ERROR - Error loading /mnt/beegfs/hellgate/home/rb194958e/Atlas_2/Training/Images/sub-r001s027_ses-1_space-MNI152NLin2009aSym_T1w.nii.gz: 'images' must have either 3 or 4 dimensions.
pixdim[0] (qfac) should be 1 (default) or -1; setting qfac to 1
2025-06-14 05:03:28,966 - INFO - pixdim[0] (qfac) should be 1 (default) or -1; setting qfac to 1
2025-06-14 05:03:29,164 - ERROR - Error loading /mnt/beegfs/hellgate/home/rb194958e/Atlas_2/Training/Masks/sub-r001s027_ses-1_space-MNI152NLin2009aSym_label-L_desc-T1lesion_mask.nii.gz: 'images' must have either 3 or 4 dimensions.
2025-06-14 05:03:29,518 - ERROR - Error loading /mnt/beegfs/hellgate/home/rb194958e/Atlas_2/Training/Images/sub-r047s016_ses-1_space-MNI152NLin2009aSym_T1w.nii.gz: 'images' must have either 3 or 4 dimensions.
pixdim[0] (qfac) should be 1 (default) or -1; setting qfac to 1
2025-06-14 05:03:29,528 - INFO - pixdim[0] (qfac) should be 1 (default) or -1; setting qfac to 1
2025-06-14 05:03:29,721 - ERROR - Error loading /mnt/beegfs/hellgate/home/rb194958e/Atlas_2/Training/Masks/sub-r047s016_ses-1_space-MNI152NLin2009aSym_label-L_desc-T1lesion_mask.nii.gz: 'images' must have either 3 or 4 dimensions.
2025-06-14 05:03:30,064 - ERROR - Error loading /mnt/beegfs/hellgate/home/rb194958e/Atlas_2/Training/Images/sub-r009s123_ses-1_space-MNI152NLin2009aSym_T1w.nii.gz: 'images' must have either 3 or 4 dimensions.
pixdim[0] (qfac) should be 1 (default) or -1; setting qfac to 1
2025-06-14 05:03:30,073 - INFO - pixdim[0] (qfac) should be 1 (default) or -1; setting qfac to 1
2025-06-14 05:03:30,271 - ERROR - Error loading /mnt/beegfs/hellgate/home/rb194958e/Atlas_2/Training/Masks/sub-r009s123_ses-1_space-MNI152NLin2009aSym_label-L_desc-T1lesion_mask.nii.gz: 'images' must have either 3 or 4 dimensions.
2025-06-14 05:03:30,590 - ERROR - Error loading /mnt/beegfs/hellgate/home/rb194958e/Atlas_2/Training/Images/sub-r028s013_ses-1_space-MNI152NLin2009aSym_T1w.nii.gz: 'images' must have either 3 or 4 dimensions.
pixdim[0] (qfac) should be 1 (default) or -1; setting qfac to 1
2025-06-14 05:03:30,599 - INFO - pixdim[0] (qfac) should be 1 (default) or -1; setting qfac to 1
2025-06-14 05:03:30,793 - ERROR - Error loading /mnt/beegfs/hellgate/home/rb194958e/Atlas_2/Training/Masks/sub-r028s013_ses-1_space-MNI152NLin2009aSym_label-L_desc-T1lesion_mask.nii.gz: 'images' must have either 3 or 4 dimensions.
2025-06-14 05:03:31,142 - ERROR - Error loading /mnt/beegfs/hellgate/home/rb194958e/Atlas_2/Training/Images/sub-r050s009_ses-1_space-MNI152NLin2009aSym_T1w.nii.gz: 'images' must have either 3 or 4 dimensions.
pixdim[0] (qfac) should be 1 (default) or -1; setting qfac to 1
2025-06-14 05:03:31,151 - INFO - pixdim[0] (qfac) should be 1 (default) or -1; setting qfac to 1
2025-06-14 05:03:31,343 - ERROR - Error loading /mnt/beegfs/hellgate/home/rb194958e/Atlas_2/Training/Masks/sub-r050s009_ses-1_space-MNI152NLin2009aSym_label-L_desc-T1lesion_mask.nii.gz: 'images' must have either 3 or 4 dimensions.
2025-06-14 05:03:31,742 - ERROR - Error loading /mnt/beegfs/hellgate/home/rb194958e/Atlas_2/Training/Images/sub-r009s032_ses-1_space-MNI152NLin2009aSym_T1w.nii.gz: 'images' must have either 3 or 4 dimensions.
pixdim[0] (qfac) should be 1 (default) or -1; setting qfac to 1
2025-06-14 05:03:31,751 - INFO - pixdim[0] (qfac) should be 1 (default) or -1; setting qfac to 1
2025-06-14 05:03:31,950 - ERROR - Error loading /mnt/beegfs/hellgate/home/rb194958e/Atlas_2/Training/Masks/sub-r009s032_ses-1_space-MNI152NLin2009aSym_label-L_desc-T1lesion_mask.nii.gz: 'images' must have either 3 or 4 dimensions.
2025-06-14 05:03:32,355 - ERROR - Error loading /mnt/beegfs/hellgate/home/rb194958e/Atlas_2/Training/Images/sub-r048s021_ses-1_space-MNI152NLin2009aSym_T1w.nii.gz: 'images' must have either 3 or 4 dimensions.
pixdim[0] (qfac) should be 1 (default) or -1; setting qfac to 1
2025-06-14 05:03:32,364 - INFO - pixdim[0] (qfac) should be 1 (default) or -1; setting qfac to 1
2025-06-14 05:03:32,558 - ERROR - Error loading /mnt/beegfs/hellgate/home/rb194958e/Atlas_2/Training/Masks/sub-r048s021_ses-1_space-MNI152NLin2009aSym_label-L_desc-T1lesion_mask.nii.gz: 'images' must have either 3 or 4 dimensions.
2025-06-14 05:03:32,954 - ERROR - Error loading /mnt/beegfs/hellgate/home/rb194958e/Atlas_2/Training/Images/sub-r048s039_ses-1_space-MNI152NLin2009aSym_T1w.nii.gz: 'images' must have either 3 or 4 dimensions.
pixdim[0] (qfac) should be 1 (default) or -1; setting qfac to 1
2025-06-14 05:03:32,964 - INFO - pixdim[0] (qfac) should be 1 (default) or -1; setting qfac to 1
2025-06-14 05:03:33,162 - ERROR - Error loading /mnt/beegfs/hellgate/home/rb194958e/Atlas_2/Training/Masks/sub-r048s039_ses-1_space-MNI152NLin2009aSym_label-L_desc-T1lesion_mask.nii.gz: 'images' must have either 3 or 4 dimensions.
pixdim[0] (qfac) should be 1 (default) or -1; setting qfac to 1
2025-06-14 05:03:33,233 - INFO - pixdim[0] (qfac) should be 1 (default) or -1; setting qfac to 1
2025-06-14 05:03:33,583 - ERROR - Error loading /mnt/beegfs/hellgate/home/rb194958e/Atlas_2/Training/Images/sub-r038s067_ses-1_space-MNI152NLin2009aSym_T1w.nii.gz: 'images' must have either 3 or 4 dimensions.
pixdim[0] (qfac) should be 1 (default) or -1; setting qfac to 1
2025-06-14 05:03:33,593 - INFO - pixdim[0] (qfac) should be 1 (default) or -1; setting qfac to 1
2025-06-14 05:03:33,786 - ERROR - Error loading /mnt/beegfs/hellgate/home/rb194958e/Atlas_2/Training/Masks/sub-r038s067_ses-1_space-MNI152NLin2009aSym_label-L_desc-T1lesion_mask.nii.gz: 'images' must have either 3 or 4 dimensions.
2025-06-14 05:03:34,166 - ERROR - Error loading /mnt/beegfs/hellgate/home/rb194958e/Atlas_2/Training/Images/sub-r009s090_ses-1_space-MNI152NLin2009aSym_T1w.nii.gz: 'images' must have either 3 or 4 dimensions.
pixdim[0] (qfac) should be 1 (default) or -1; setting qfac to 1
2025-06-14 05:03:34,175 - INFO - pixdim[0] (qfac) should be 1 (default) or -1; setting qfac to 1
2025-06-14 05:03:34,373 - ERROR - Error loading /mnt/beegfs/hellgate/home/rb194958e/Atlas_2/Training/Masks/sub-r009s090_ses-1_space-MNI152NLin2009aSym_label-L_desc-T1lesion_mask.nii.gz: 'images' must have either 3 or 4 dimensions.
2025-06-14 05:03:34,719 - ERROR - Error loading /mnt/beegfs/hellgate/home/rb194958e/Atlas_2/Training/Images/sub-r009s088_ses-1_space-MNI152NLin2009aSym_T1w.nii.gz: 'images' must have either 3 or 4 dimensions.
pixdim[0] (qfac) should be 1 (default) or -1; setting qfac to 1
2025-06-14 05:03:34,729 - INFO - pixdim[0] (qfac) should be 1 (default) or -1; setting qfac to 1
2025-06-14 05:03:34,921 - ERROR - Error loading /mnt/beegfs/hellgate/home/rb194958e/Atlas_2/Training/Masks/sub-r009s088_ses-1_space-MNI152NLin2009aSym_label-L_desc-T1lesion_mask.nii.gz: 'images' must have either 3 or 4 dimensions.
2025-06-14 05:03:35,326 - ERROR - Error loading /mnt/beegfs/hellgate/home/rb194958e/Atlas_2/Training/Images/sub-r011s002_ses-1_space-MNI152NLin2009aSym_T1w.nii.gz: 'images' must have either 3 or 4 dimensions.
pixdim[0] (qfac) should be 1 (default) or -1; setting qfac to 1
2025-06-14 05:03:35,336 - INFO - pixdim[0] (qfac) should be 1 (default) or -1; setting qfac to 1
2025-06-14 05:03:35,534 - ERROR - Error loading /mnt/beegfs/hellgate/home/rb194958e/Atlas_2/Training/Masks/sub-r011s002_ses-1_space-MNI152NLin2009aSym_label-L_desc-T1lesion_mask.nii.gz: 'images' must have either 3 or 4 dimensions.
2025-06-14 05:03:35,880 - ERROR - Error loading /mnt/beegfs/hellgate/home/rb194958e/Atlas_2/Training/Images/sub-r038s036_ses-1_space-MNI152NLin2009aSym_T1w.nii.gz: 'images' must have either 3 or 4 dimensions.
pixdim[0] (qfac) should be 1 (default) or -1; setting qfac to 1
2025-06-14 05:03:35,889 - INFO - pixdim[0] (qfac) should be 1 (default) or -1; setting qfac to 1
2025-06-14 05:03:36,081 - ERROR - Error loading /mnt/beegfs/hellgate/home/rb194958e/Atlas_2/Training/Masks/sub-r038s036_ses-1_space-MNI152NLin2009aSym_label-L_desc-T1lesion_mask.nii.gz: 'images' must have either 3 or 4 dimensions.
2025-06-14 05:03:36,413 - ERROR - Error loading /mnt/beegfs/hellgate/home/rb194958e/Atlas_2/Training/Images/sub-r034s048_ses-1_space-MNI152NLin2009aSym_T1w.nii.gz: 'images' must have either 3 or 4 dimensions.
pixdim[0] (qfac) should be 1 (default) or -1; setting qfac to 1
2025-06-14 05:03:36,422 - INFO - pixdim[0] (qfac) should be 1 (default) or -1; setting qfac to 1
2025-06-14 05:03:36,621 - ERROR - Error loading /mnt/beegfs/hellgate/home/rb194958e/Atlas_2/Training/Masks/sub-r034s048_ses-1_space-MNI152NLin2009aSym_label-L_desc-T1lesion_mask.nii.gz: 'images' must have either 3 or 4 dimensions.
2025-06-14 05:03:36,987 - ERROR - Error loading /mnt/beegfs/hellgate/home/rb194958e/Atlas_2/Training/Images/sub-r027s052_ses-1_space-MNI152NLin2009aSym_T1w.nii.gz: 'images' must have either 3 or 4 dimensions.
pixdim[0] (qfac) should be 1 (default) or -1; setting qfac to 1
2025-06-14 05:03:36,997 - INFO - pixdim[0] (qfac) should be 1 (default) or -1; setting qfac to 1
2025-06-14 05:03:37,187 - ERROR - Error loading /mnt/beegfs/hellgate/home/rb194958e/Atlas_2/Training/Masks/sub-r027s052_ses-1_space-MNI152NLin2009aSym_label-L_desc-T1lesion_mask.nii.gz: 'images' must have either 3 or 4 dimensions.
2025-06-14 05:03:37,623 - ERROR - Error loading /mnt/beegfs/hellgate/home/rb194958e/Atlas_2/Training/Images/sub-r011s025_ses-1_space-MNI152NLin2009aSym_T1w.nii.gz: 'images' must have either 3 or 4 dimensions.
pixdim[0] (qfac) should be 1 (default) or -1; setting qfac to 1
2025-06-14 05:03:37,632 - INFO - pixdim[0] (qfac) should be 1 (default) or -1; setting qfac to 1
2025-06-14 05:03:37,830 - ERROR - Error loading /mnt/beegfs/hellgate/home/rb194958e/Atlas_2/Training/Masks/sub-r011s025_ses-1_space-MNI152NLin2009aSym_label-L_desc-T1lesion_mask.nii.gz: 'images' must have either 3 or 4 dimensions.
2025-06-14 05:03:38,190 - ERROR - Error loading /mnt/beegfs/hellgate/home/rb194958e/Atlas_2/Training/Images/sub-r038s040_ses-1_space-MNI152NLin2009aSym_T1w.nii.gz: 'images' must have either 3 or 4 dimensions.
pixdim[0] (qfac) should be 1 (default) or -1; setting qfac to 1
2025-06-14 05:03:38,199 - INFO - pixdim[0] (qfac) should be 1 (default) or -1; setting qfac to 1
2025-06-14 05:03:38,389 - ERROR - Error loading /mnt/beegfs/hellgate/home/rb194958e/Atlas_2/Training/Masks/sub-r038s040_ses-1_space-MNI152NLin2009aSym_label-L_desc-T1lesion_mask.nii.gz: 'images' must have either 3 or 4 dimensions.
2025-06-14 05:03:38,739 - ERROR - Error loading /mnt/beegfs/hellgate/home/rb194958e/Atlas_2/Training/Images/sub-r034s026_ses-1_space-MNI152NLin2009aSym_T1w.nii.gz: 'images' must have either 3 or 4 dimensions.
pixdim[0] (qfac) should be 1 (default) or -1; setting qfac to 1
2025-06-14 05:03:38,749 - INFO - pixdim[0] (qfac) should be 1 (default) or -1; setting qfac to 1
2025-06-14 05:03:38,945 - ERROR - Error loading /mnt/beegfs/hellgate/home/rb194958e/Atlas_2/Training/Masks/sub-r034s026_ses-1_space-MNI152NLin2009aSym_label-L_desc-T1lesion_mask.nii.gz: 'images' must have either 3 or 4 dimensions.
2025-06-14 05:03:39,293 - ERROR - Error loading /mnt/beegfs/hellgate/home/rb194958e/Atlas_2/Training/Images/sub-r038s058_ses-1_space-MNI152NLin2009aSym_T1w.nii.gz: 'images' must have either 3 or 4 dimensions.
pixdim[0] (qfac) should be 1 (default) or -1; setting qfac to 1
2025-06-14 05:03:39,303 - INFO - pixdim[0] (qfac) should be 1 (default) or -1; setting qfac to 1
2025-06-14 05:03:39,492 - ERROR - Error loading /mnt/beegfs/hellgate/home/rb194958e/Atlas_2/Training/Masks/sub-r038s058_ses-1_space-MNI152NLin2009aSym_label-L_desc-T1lesion_mask.nii.gz: 'images' must have either 3 or 4 dimensions.
2025-06-14 05:03:39,885 - ERROR - Error loading /mnt/beegfs/hellgate/home/rb194958e/Atlas_2/Training/Images/sub-r040s042_ses-1_space-MNI152NLin2009aSym_T1w.nii.gz: 'images' must have either 3 or 4 dimensions.
pixdim[0] (qfac) should be 1 (default) or -1; setting qfac to 1
2025-06-14 05:03:39,895 - INFO - pixdim[0] (qfac) should be 1 (default) or -1; setting qfac to 1
2025-06-14 05:03:40,092 - ERROR - Error loading /mnt/beegfs/hellgate/home/rb194958e/Atlas_2/Training/Masks/sub-r040s042_ses-1_space-MNI152NLin2009aSym_label-L_desc-T1lesion_mask.nii.gz: 'images' must have either 3 or 4 dimensions.
2025-06-14 05:03:40,481 - ERROR - Error loading /mnt/beegfs/hellgate/home/rb194958e/Atlas_2/Training/Images/sub-r048s006_ses-1_space-MNI152NLin2009aSym_T1w.nii.gz: 'images' must have either 3 or 4 dimensions.
pixdim[0] (qfac) should be 1 (default) or -1; setting qfac to 1
2025-06-14 05:03:40,490 - INFO - pixdim[0] (qfac) should be 1 (default) or -1; setting qfac to 1
2025-06-14 05:03:40,680 - ERROR - Error loading /mnt/beegfs/hellgate/home/rb194958e/Atlas_2/Training/Masks/sub-r048s006_ses-1_space-MNI152NLin2009aSym_label-L_desc-T1lesion_mask.nii.gz: 'images' must have either 3 or 4 dimensions.
2025-06-14 05:03:41,035 - ERROR - Error loading /mnt/beegfs/hellgate/home/rb194958e/Atlas_2/Training/Images/sub-r040s013_ses-1_space-MNI152NLin2009aSym_T1w.nii.gz: 'images' must have either 3 or 4 dimensions.
pixdim[0] (qfac) should be 1 (default) or -1; setting qfac to 1
2025-06-14 05:03:41,045 - INFO - pixdim[0] (qfac) should be 1 (default) or -1; setting qfac to 1
2025-06-14 05:03:41,235 - ERROR - Error loading /mnt/beegfs/hellgate/home/rb194958e/Atlas_2/Training/Masks/sub-r040s013_ses-1_space-MNI152NLin2009aSym_label-L_desc-T1lesion_mask.nii.gz: 'images' must have either 3 or 4 dimensions.
2025-06-14 05:03:41,577 - ERROR - Error loading /mnt/beegfs/hellgate/home/rb194958e/Atlas_2/Training/Images/sub-r024s003_ses-1_space-MNI152NLin2009aSym_T1w.nii.gz: 'images' must have either 3 or 4 dimensions.
pixdim[0] (qfac) should be 1 (default) or -1; setting qfac to 1
2025-06-14 05:03:41,586 - INFO - pixdim[0] (qfac) should be 1 (default) or -1; setting qfac to 1
2025-06-14 05:03:41,777 - ERROR - Error loading /mnt/beegfs/hellgate/home/rb194958e/Atlas_2/Training/Masks/sub-r024s003_ses-1_space-MNI152NLin2009aSym_label-L_desc-T1lesion_mask.nii.gz: 'images' must have either 3 or 4 dimensions.
2025-06-14 05:03:42,117 - ERROR - Error loading /mnt/beegfs/hellgate/home/rb194958e/Atlas_2/Training/Images/sub-r009s044_ses-1_space-MNI152NLin2009aSym_T1w.nii.gz: 'images' must have either 3 or 4 dimensions.
pixdim[0] (qfac) should be 1 (default) or -1; setting qfac to 1
2025-06-14 05:03:42,126 - INFO - pixdim[0] (qfac) should be 1 (default) or -1; setting qfac to 1
2025-06-14 05:03:42,316 - ERROR - Error loading /mnt/beegfs/hellgate/home/rb194958e/Atlas_2/Training/Masks/sub-r009s044_ses-1_space-MNI152NLin2009aSym_label-L_desc-T1lesion_mask.nii.gz: 'images' must have either 3 or 4 dimensions.
2025-06-14 05:03:42,708 - ERROR - Error loading /mnt/beegfs/hellgate/home/rb194958e/Atlas_2/Training/Images/sub-r001s018_ses-1_space-MNI152NLin2009aSym_T1w.nii.gz: 'images' must have either 3 or 4 dimensions.
pixdim[0] (qfac) should be 1 (default) or -1; setting qfac to 1
2025-06-14 05:03:42,718 - INFO - pixdim[0] (qfac) should be 1 (default) or -1; setting qfac to 1
2025-06-14 05:03:42,911 - ERROR - Error loading /mnt/beegfs/hellgate/home/rb194958e/Atlas_2/Training/Masks/sub-r001s018_ses-1_space-MNI152NLin2009aSym_label-L_desc-T1lesion_mask.nii.gz: 'images' must have either 3 or 4 dimensions.
2025-06-14 05:03:43,277 - ERROR - Error loading /mnt/beegfs/hellgate/home/rb194958e/Atlas_2/Training/Images/sub-r047s031_ses-1_space-MNI152NLin2009aSym_T1w.nii.gz: 'images' must have either 3 or 4 dimensions.
pixdim[0] (qfac) should be 1 (default) or -1; setting qfac to 1
2025-06-14 05:03:43,287 - INFO - pixdim[0] (qfac) should be 1 (default) or -1; setting qfac to 1
2025-06-14 05:03:43,477 - ERROR - Error loading /mnt/beegfs/hellgate/home/rb194958e/Atlas_2/Training/Masks/sub-r047s031_ses-1_space-MNI152NLin2009aSym_label-L_desc-T1lesion_mask.nii.gz: 'images' must have either 3 or 4 dimensions.
2025-06-14 05:03:43,840 - ERROR - Error loading /mnt/beegfs/hellgate/home/rb194958e/Atlas_2/Training/Images/sub-r009s015_ses-1_space-MNI152NLin2009aSym_T1w.nii.gz: 'images' must have either 3 or 4 dimensions.
pixdim[0] (qfac) should be 1 (default) or -1; setting qfac to 1
2025-06-14 05:03:43,849 - INFO - pixdim[0] (qfac) should be 1 (default) or -1; setting qfac to 1
2025-06-14 05:03:44,041 - ERROR - Error loading /mnt/beegfs/hellgate/home/rb194958e/Atlas_2/Training/Masks/sub-r009s015_ses-1_space-MNI152NLin2009aSym_label-L_desc-T1lesion_mask.nii.gz: 'images' must have either 3 or 4 dimensions.
2025-06-14 05:03:44,403 - ERROR - Error loading /mnt/beegfs/hellgate/home/rb194958e/Atlas_2/Training/Images/sub-r005s073_ses-1_space-MNI152NLin2009aSym_T1w.nii.gz: 'images' must have either 3 or 4 dimensions.
pixdim[0] (qfac) should be 1 (default) or -1; setting qfac to 1
2025-06-14 05:03:44,412 - INFO - pixdim[0] (qfac) should be 1 (default) or -1; setting qfac to 1
2025-06-14 05:03:44,604 - ERROR - Error loading /mnt/beegfs/hellgate/home/rb194958e/Atlas_2/Training/Masks/sub-r005s073_ses-1_space-MNI152NLin2009aSym_label-L_desc-T1lesion_mask.nii.gz: 'images' must have either 3 or 4 dimensions.
2025-06-14 05:03:44,912 - ERROR - Error loading /mnt/beegfs/hellgate/home/rb194958e/Atlas_2/Training/Images/sub-r031s026_ses-1_space-MNI152NLin2009aSym_T1w.nii.gz: 'images' must have either 3 or 4 dimensions.
pixdim[0] (qfac) should be 1 (default) or -1; setting qfac to 1
2025-06-14 05:03:44,922 - INFO - pixdim[0] (qfac) should be 1 (default) or -1; setting qfac to 1
2025-06-14 05:03:45,114 - ERROR - Error loading /mnt/beegfs/hellgate/home/rb194958e/Atlas_2/Training/Masks/sub-r031s026_ses-1_space-MNI152NLin2009aSym_label-L_desc-T1lesion_mask.nii.gz: 'images' must have either 3 or 4 dimensions.
2025-06-14 05:03:45,447 - ERROR - Error loading /mnt/beegfs/hellgate/home/rb194958e/Atlas_2/Training/Images/sub-r049s024_ses-1_space-MNI152NLin2009aSym_T1w.nii.gz: 'images' must have either 3 or 4 dimensions.
pixdim[0] (qfac) should be 1 (default) or -1; setting qfac to 1
2025-06-14 05:03:45,456 - INFO - pixdim[0] (qfac) should be 1 (default) or -1; setting qfac to 1
2025-06-14 05:03:45,648 - ERROR - Error loading /mnt/beegfs/hellgate/home/rb194958e/Atlas_2/Training/Masks/sub-r049s024_ses-1_space-MNI152NLin2009aSym_label-L_desc-T1lesion_mask.nii.gz: 'images' must have either 3 or 4 dimensions.
2025-06-14 05:03:45,969 - ERROR - Error loading /mnt/beegfs/hellgate/home/rb194958e/Atlas_2/Training/Images/sub-r052s014_ses-1_space-MNI152NLin2009aSym_T1w.nii.gz: 'images' must have either 3 or 4 dimensions.
pixdim[0] (qfac) should be 1 (default) or -1; setting qfac to 1
2025-06-14 05:03:45,977 - INFO - pixdim[0] (qfac) should be 1 (default) or -1; setting qfac to 1
2025-06-14 05:03:46,169 - ERROR - Error loading /mnt/beegfs/hellgate/home/rb194958e/Atlas_2/Training/Masks/sub-r052s014_ses-1_space-MNI152NLin2009aSym_label-L_desc-T1lesion_mask.nii.gz: 'images' must have either 3 or 4 dimensions.
2025-06-14 05:03:46,569 - ERROR - Error loading /mnt/beegfs/hellgate/home/rb194958e/Atlas_2/Training/Images/sub-r010s007_ses-1_space-MNI152NLin2009aSym_T1w.nii.gz: 'images' must have either 3 or 4 dimensions.
pixdim[0] (qfac) should be 1 (default) or -1; setting qfac to 1
2025-06-14 05:03:46,580 - INFO - pixdim[0] (qfac) should be 1 (default) or -1; setting qfac to 1
2025-06-14 05:03:46,771 - ERROR - Error loading /mnt/beegfs/hellgate/home/rb194958e/Atlas_2/Training/Masks/sub-r010s007_ses-1_space-MNI152NLin2009aSym_label-L_desc-T1lesion_mask.nii.gz: 'images' must have either 3 or 4 dimensions.
2025-06-14 05:03:47,118 - ERROR - Error loading /mnt/beegfs/hellgate/home/rb194958e/Atlas_2/Training/Images/sub-r018s012_ses-1_space-MNI152NLin2009aSym_T1w.nii.gz: 'images' must have either 3 or 4 dimensions.
pixdim[0] (qfac) should be 1 (default) or -1; setting qfac to 1
2025-06-14 05:03:47,128 - INFO - pixdim[0] (qfac) should be 1 (default) or -1; setting qfac to 1
2025-06-14 05:03:47,319 - ERROR - Error loading /mnt/beegfs/hellgate/home/rb194958e/Atlas_2/Training/Masks/sub-r018s012_ses-1_space-MNI152NLin2009aSym_label-L_desc-T1lesion_mask.nii.gz: 'images' must have either 3 or 4 dimensions.
2025-06-14 05:03:47,667 - ERROR - Error loading /mnt/beegfs/hellgate/home/rb194958e/Atlas_2/Training/Images/sub-r004s018_ses-1_space-MNI152NLin2009aSym_T1w.nii.gz: 'images' must have either 3 or 4 dimensions.
pixdim[0] (qfac) should be 1 (default) or -1; setting qfac to 1
2025-06-14 05:03:47,676 - INFO - pixdim[0] (qfac) should be 1 (default) or -1; setting qfac to 1
2025-06-14 05:03:47,865 - ERROR - Error loading /mnt/beegfs/hellgate/home/rb194958e/Atlas_2/Training/Masks/sub-r004s018_ses-1_space-MNI152NLin2009aSym_label-L_desc-T1lesion_mask.nii.gz: 'images' must have either 3 or 4 dimensions.
2025-06-14 05:03:48,201 - ERROR - Error loading /mnt/beegfs/hellgate/home/rb194958e/Atlas_2/Training/Images/sub-r042s029_ses-1_space-MNI152NLin2009aSym_T1w.nii.gz: 'images' must have either 3 or 4 dimensions.
pixdim[0] (qfac) should be 1 (default) or -1; setting qfac to 1
2025-06-14 05:03:48,210 - INFO - pixdim[0] (qfac) should be 1 (default) or -1; setting qfac to 1
2025-06-14 05:03:48,402 - ERROR - Error loading /mnt/beegfs/hellgate/home/rb194958e/Atlas_2/Training/Masks/sub-r042s029_ses-1_space-MNI152NLin2009aSym_label-L_desc-T1lesion_mask.nii.gz: 'images' must have either 3 or 4 dimensions.
2025-06-14 05:03:48,772 - ERROR - Error loading /mnt/beegfs/hellgate/home/rb194958e/Atlas_2/Training/Images/sub-r004s037_ses-1_space-MNI152NLin2009aSym_T1w.nii.gz: 'images' must have either 3 or 4 dimensions.
pixdim[0] (qfac) should be 1 (default) or -1; setting qfac to 1
2025-06-14 05:03:48,782 - INFO - pixdim[0] (qfac) should be 1 (default) or -1; setting qfac to 1
2025-06-14 05:03:48,979 - ERROR - Error loading /mnt/beegfs/hellgate/home/rb194958e/Atlas_2/Training/Masks/sub-r004s037_ses-1_space-MNI152NLin2009aSym_label-L_desc-T1lesion_mask.nii.gz: 'images' must have either 3 or 4 dimensions.
2025-06-14 05:03:49,324 - ERROR - Error loading /mnt/beegfs/hellgate/home/rb194958e/Atlas_2/Training/Images/sub-r003s015_ses-1_space-MNI152NLin2009aSym_T1w.nii.gz: 'images' must have either 3 or 4 dimensions.
pixdim[0] (qfac) should be 1 (default) or -1; setting qfac to 1
2025-06-14 05:03:49,334 - INFO - pixdim[0] (qfac) should be 1 (default) or -1; setting qfac to 1
2025-06-14 05:03:49,527 - ERROR - Error loading /mnt/beegfs/hellgate/home/rb194958e/Atlas_2/Training/Masks/sub-r003s015_ses-1_space-MNI152NLin2009aSym_label-L_desc-T1lesion_mask.nii.gz: 'images' must have either 3 or 4 dimensions.
2025-06-14 05:03:49,845 - ERROR - Error loading /mnt/beegfs/hellgate/home/rb194958e/Atlas_2/Training/Images/sub-r052s023_ses-1_space-MNI152NLin2009aSym_T1w.nii.gz: 'images' must have either 3 or 4 dimensions.
pixdim[0] (qfac) should be 1 (default) or -1; setting qfac to 1
2025-06-14 05:03:49,855 - INFO - pixdim[0] (qfac) should be 1 (default) or -1; setting qfac to 1
2025-06-14 05:03:50,053 - ERROR - Error loading /mnt/beegfs/hellgate/home/rb194958e/Atlas_2/Training/Masks/sub-r052s023_ses-1_space-MNI152NLin2009aSym_label-L_desc-T1lesion_mask.nii.gz: 'images' must have either 3 or 4 dimensions.
2025-06-14 05:03:50,462 - ERROR - Error loading /mnt/beegfs/hellgate/home/rb194958e/Atlas_2/Training/Images/sub-r010s028_ses-1_space-MNI152NLin2009aSym_T1w.nii.gz: 'images' must have either 3 or 4 dimensions.
pixdim[0] (qfac) should be 1 (default) or -1; setting qfac to 1
2025-06-14 05:03:50,471 - INFO - pixdim[0] (qfac) should be 1 (default) or -1; setting qfac to 1
2025-06-14 05:03:50,663 - ERROR - Error loading /mnt/beegfs/hellgate/home/rb194958e/Atlas_2/Training/Masks/sub-r010s028_ses-1_space-MNI152NLin2009aSym_label-L_desc-T1lesion_mask.nii.gz: 'images' must have either 3 or 4 dimensions.
2025-06-14 05:03:50,983 - ERROR - Error loading /mnt/beegfs/hellgate/home/rb194958e/Atlas_2/Training/Images/sub-r031s009_ses-1_space-MNI152NLin2009aSym_T1w.nii.gz: 'images' must have either 3 or 4 dimensions.
pixdim[0] (qfac) should be 1 (default) or -1; setting qfac to 1
2025-06-14 05:03:50,994 - INFO - pixdim[0] (qfac) should be 1 (default) or -1; setting qfac to 1
2025-06-14 05:03:51,189 - ERROR - Error loading /mnt/beegfs/hellgate/home/rb194958e/Atlas_2/Training/Masks/sub-r031s009_ses-1_space-MNI152NLin2009aSym_label-L_desc-T1lesion_mask.nii.gz: 'images' must have either 3 or 4 dimensions.
2025-06-14 05:03:51,512 - ERROR - Error loading /mnt/beegfs/hellgate/home/rb194958e/Atlas_2/Training/Images/sub-r031s011_ses-1_space-MNI152NLin2009aSym_T1w.nii.gz: 'images' must have either 3 or 4 dimensions.
pixdim[0] (qfac) should be 1 (default) or -1; setting qfac to 1
2025-06-14 05:03:51,521 - INFO - pixdim[0] (qfac) should be 1 (default) or -1; setting qfac to 1
2025-06-14 05:03:51,712 - ERROR - Error loading /mnt/beegfs/hellgate/home/rb194958e/Atlas_2/Training/Masks/sub-r031s011_ses-1_space-MNI152NLin2009aSym_label-L_desc-T1lesion_mask.nii.gz: 'images' must have either 3 or 4 dimensions.
2025-06-14 05:03:52,054 - ERROR - Error loading /mnt/beegfs/hellgate/home/rb194958e/Atlas_2/Training/Images/sub-r009s022_ses-1_space-MNI152NLin2009aSym_T1w.nii.gz: 'images' must have either 3 or 4 dimensions.
pixdim[0] (qfac) should be 1 (default) or -1; setting qfac to 1
2025-06-14 05:03:52,063 - INFO - pixdim[0] (qfac) should be 1 (default) or -1; setting qfac to 1
2025-06-14 05:03:52,260 - ERROR - Error loading /mnt/beegfs/hellgate/home/rb194958e/Atlas_2/Training/Masks/sub-r009s022_ses-1_space-MNI152NLin2009aSym_label-L_desc-T1lesion_mask.nii.gz: 'images' must have either 3 or 4 dimensions.
2025-06-14 05:03:52,610 - ERROR - Error loading /mnt/beegfs/hellgate/home/rb194958e/Atlas_2/Training/Images/sub-r005s015_ses-1_space-MNI152NLin2009aSym_T1w.nii.gz: 'images' must have either 3 or 4 dimensions.
pixdim[0] (qfac) should be 1 (default) or -1; setting qfac to 1
2025-06-14 05:03:52,620 - INFO - pixdim[0] (qfac) should be 1 (default) or -1; setting qfac to 1
2025-06-14 05:03:52,807 - ERROR - Error loading /mnt/beegfs/hellgate/home/rb194958e/Atlas_2/Training/Masks/sub-r005s015_ses-1_space-MNI152NLin2009aSym_label-L_desc-T1lesion_mask.nii.gz: 'images' must have either 3 or 4 dimensions.
2025-06-14 05:03:53,225 - ERROR - Error loading /mnt/beegfs/hellgate/home/rb194958e/Atlas_2/Training/Images/sub-r001s037_ses-1_space-MNI152NLin2009aSym_T1w.nii.gz: 'images' must have either 3 or 4 dimensions.
pixdim[0] (qfac) should be 1 (default) or -1; setting qfac to 1
2025-06-14 05:03:53,235 - INFO - pixdim[0] (qfac) should be 1 (default) or -1; setting qfac to 1
2025-06-14 05:03:53,433 - ERROR - Error loading /mnt/beegfs/hellgate/home/rb194958e/Atlas_2/Training/Masks/sub-r001s037_ses-1_space-MNI152NLin2009aSym_label-L_desc-T1lesion_mask.nii.gz: 'images' must have either 3 or 4 dimensions.
2025-06-14 05:03:53,777 - ERROR - Error loading /mnt/beegfs/hellgate/home/rb194958e/Atlas_2/Training/Images/sub-r009s073_ses-1_space-MNI152NLin2009aSym_T1w.nii.gz: 'images' must have either 3 or 4 dimensions.
pixdim[0] (qfac) should be 1 (default) or -1; setting qfac to 1
2025-06-14 05:03:53,786 - INFO - pixdim[0] (qfac) should be 1 (default) or -1; setting qfac to 1
2025-06-14 05:03:53,979 - ERROR - Error loading /mnt/beegfs/hellgate/home/rb194958e/Atlas_2/Training/Masks/sub-r009s073_ses-1_space-MNI152NLin2009aSym_label-L_desc-T1lesion_mask.nii.gz: 'images' must have either 3 or 4 dimensions.
2025-06-14 05:03:54,334 - ERROR - Error loading /mnt/beegfs/hellgate/home/rb194958e/Atlas_2/Training/Images/sub-r047s006_ses-1_space-MNI152NLin2009aSym_T1w.nii.gz: 'images' must have either 3 or 4 dimensions.
pixdim[0] (qfac) should be 1 (default) or -1; setting qfac to 1
2025-06-14 05:03:54,344 - INFO - pixdim[0] (qfac) should be 1 (default) or -1; setting qfac to 1
2025-06-14 05:03:54,542 - ERROR - Error loading /mnt/beegfs/hellgate/home/rb194958e/Atlas_2/Training/Masks/sub-r047s006_ses-1_space-MNI152NLin2009aSym_label-L_desc-T1lesion_mask.nii.gz: 'images' must have either 3 or 4 dimensions.
2025-06-14 05:03:54,905 - ERROR - Error loading /mnt/beegfs/hellgate/home/rb194958e/Atlas_2/Training/Images/sub-r040s086_ses-1_space-MNI152NLin2009aSym_T1w.nii.gz: 'images' must have either 3 or 4 dimensions.
pixdim[0] (qfac) should be 1 (default) or -1; setting qfac to 1
2025-06-14 05:03:54,915 - INFO - pixdim[0] (qfac) should be 1 (default) or -1; setting qfac to 1
2025-06-14 05:03:55,104 - ERROR - Error loading /mnt/beegfs/hellgate/home/rb194958e/Atlas_2/Training/Masks/sub-r040s086_ses-1_space-MNI152NLin2009aSym_label-L_desc-T1lesion_mask.nii.gz: 'images' must have either 3 or 4 dimensions.
2025-06-14 05:03:55,505 - ERROR - Error loading /mnt/beegfs/hellgate/home/rb194958e/Atlas_2/Training/Images/sub-r038s084_ses-1_space-MNI152NLin2009aSym_T1w.nii.gz: 'images' must have either 3 or 4 dimensions.
pixdim[0] (qfac) should be 1 (default) or -1; setting qfac to 1
2025-06-14 05:03:55,516 - INFO - pixdim[0] (qfac) should be 1 (default) or -1; setting qfac to 1
2025-06-14 05:03:55,714 - ERROR - Error loading /mnt/beegfs/hellgate/home/rb194958e/Atlas_2/Training/Masks/sub-r038s084_ses-1_space-MNI152NLin2009aSym_label-L_desc-T1lesion_mask.nii.gz: 'images' must have either 3 or 4 dimensions.
2025-06-14 05:03:56,043 - ERROR - Error loading /mnt/beegfs/hellgate/home/rb194958e/Atlas_2/Training/Images/sub-r019s007_ses-1_space-MNI152NLin2009aSym_T1w.nii.gz: 'images' must have either 3 or 4 dimensions.
pixdim[0] (qfac) should be 1 (default) or -1; setting qfac to 1
2025-06-14 05:03:56,054 - INFO - pixdim[0] (qfac) should be 1 (default) or -1; setting qfac to 1
2025-06-14 05:03:56,246 - ERROR - Error loading /mnt/beegfs/hellgate/home/rb194958e/Atlas_2/Training/Masks/sub-r019s007_ses-1_space-MNI152NLin2009aSym_label-L_desc-T1lesion_mask.nii.gz: 'images' must have either 3 or 4 dimensions.
2025-06-14 05:03:56,633 - ERROR - Error loading /mnt/beegfs/hellgate/home/rb194958e/Atlas_2/Training/Images/sub-r040s024_ses-1_space-MNI152NLin2009aSym_T1w.nii.gz: 'images' must have either 3 or 4 dimensions.
pixdim[0] (qfac) should be 1 (default) or -1; setting qfac to 1
2025-06-14 05:03:56,643 - INFO - pixdim[0] (qfac) should be 1 (default) or -1; setting qfac to 1
2025-06-14 05:03:56,840 - ERROR - Error loading /mnt/beegfs/hellgate/home/rb194958e/Atlas_2/Training/Masks/sub-r040s024_ses-1_space-MNI152NLin2009aSym_label-L_desc-T1lesion_mask.nii.gz: 'images' must have either 3 or 4 dimensions.
2025-06-14 05:03:57,155 - ERROR - Error loading /mnt/beegfs/hellgate/home/rb194958e/Atlas_2/Training/Images/sub-r034s040_ses-1_space-MNI152NLin2009aSym_T1w.nii.gz: 'images' must have either 3 or 4 dimensions.
pixdim[0] (qfac) should be 1 (default) or -1; setting qfac to 1
2025-06-14 05:03:57,165 - INFO - pixdim[0] (qfac) should be 1 (default) or -1; setting qfac to 1
2025-06-14 05:03:57,358 - ERROR - Error loading /mnt/beegfs/hellgate/home/rb194958e/Atlas_2/Training/Masks/sub-r034s040_ses-1_space-MNI152NLin2009aSym_label-L_desc-T1lesion_mask.nii.gz: 'images' must have either 3 or 4 dimensions.
2025-06-14 05:03:57,704 - ERROR - Error loading /mnt/beegfs/hellgate/home/rb194958e/Atlas_2/Training/Images/sub-r038s026_ses-1_space-MNI152NLin2009aSym_T1w.nii.gz: 'images' must have either 3 or 4 dimensions.
pixdim[0] (qfac) should be 1 (default) or -1; setting qfac to 1
2025-06-14 05:03:57,714 - INFO - pixdim[0] (qfac) should be 1 (default) or -1; setting qfac to 1
2025-06-14 05:03:57,912 - ERROR - Error loading /mnt/beegfs/hellgate/home/rb194958e/Atlas_2/Training/Masks/sub-r038s026_ses-1_space-MNI152NLin2009aSym_label-L_desc-T1lesion_mask.nii.gz: 'images' must have either 3 or 4 dimensions.
2025-06-14 05:03:58,250 - ERROR - Error loading /mnt/beegfs/hellgate/home/rb194958e/Atlas_2/Training/Images/sub-r034s011_ses-1_space-MNI152NLin2009aSym_T1w.nii.gz: 'images' must have either 3 or 4 dimensions.
pixdim[0] (qfac) should be 1 (default) or -1; setting qfac to 1
2025-06-14 05:03:58,259 - INFO - pixdim[0] (qfac) should be 1 (default) or -1; setting qfac to 1
2025-06-14 05:03:58,451 - ERROR - Error loading /mnt/beegfs/hellgate/home/rb194958e/Atlas_2/Training/Masks/sub-r034s011_ses-1_space-MNI152NLin2009aSym_label-L_desc-T1lesion_mask.nii.gz: 'images' must have either 3 or 4 dimensions.
2025-06-14 05:03:58,814 - ERROR - Error loading /mnt/beegfs/hellgate/home/rb194958e/Atlas_2/Training/Images/sub-r034s009_ses-1_space-MNI152NLin2009aSym_T1w.nii.gz: 'images' must have either 3 or 4 dimensions.
pixdim[0] (qfac) should be 1 (default) or -1; setting qfac to 1
2025-06-14 05:03:58,825 - INFO - pixdim[0] (qfac) should be 1 (default) or -1; setting qfac to 1
2025-06-14 05:03:59,021 - ERROR - Error loading /mnt/beegfs/hellgate/home/rb194958e/Atlas_2/Training/Masks/sub-r034s009_ses-1_space-MNI152NLin2009aSym_label-L_desc-T1lesion_mask.nii.gz: 'images' must have either 3 or 4 dimensions.
2025-06-14 05:03:59,401 - ERROR - Error loading /mnt/beegfs/hellgate/home/rb194958e/Atlas_2/Training/Images/sub-r040s075_ses-1_space-MNI152NLin2009aSym_T1w.nii.gz: 'images' must have either 3 or 4 dimensions.
pixdim[0] (qfac) should be 1 (default) or -1; setting qfac to 1
2025-06-14 05:03:59,410 - INFO - pixdim[0] (qfac) should be 1 (default) or -1; setting qfac to 1
2025-06-14 05:03:59,602 - ERROR - Error loading /mnt/beegfs/hellgate/home/rb194958e/Atlas_2/Training/Masks/sub-r040s075_ses-1_space-MNI152NLin2009aSym_label-L_desc-T1lesion_mask.nii.gz: 'images' must have either 3 or 4 dimensions.
2025-06-14 05:04:00,013 - ERROR - Error loading /mnt/beegfs/hellgate/home/rb194958e/Atlas_2/Training/Images/sub-r048s031_ses-1_space-MNI152NLin2009aSym_T1w.nii.gz: 'images' must have either 3 or 4 dimensions.
pixdim[0] (qfac) should be 1 (default) or -1; setting qfac to 1
2025-06-14 05:04:00,022 - INFO - pixdim[0] (qfac) should be 1 (default) or -1; setting qfac to 1
2025-06-14 05:04:00,220 - ERROR - Error loading /mnt/beegfs/hellgate/home/rb194958e/Atlas_2/Training/Masks/sub-r048s031_ses-1_space-MNI152NLin2009aSym_label-L_desc-T1lesion_mask.nii.gz: 'images' must have either 3 or 4 dimensions.
2025-06-14 05:04:00,614 - ERROR - Error loading /mnt/beegfs/hellgate/home/rb194958e/Atlas_2/Training/Images/sub-r048s029_ses-1_space-MNI152NLin2009aSym_T1w.nii.gz: 'images' must have either 3 or 4 dimensions.
pixdim[0] (qfac) should be 1 (default) or -1; setting qfac to 1
2025-06-14 05:04:00,624 - INFO - pixdim[0] (qfac) should be 1 (default) or -1; setting qfac to 1
2025-06-14 05:04:00,817 - ERROR - Error loading /mnt/beegfs/hellgate/home/rb194958e/Atlas_2/Training/Masks/sub-r048s029_ses-1_space-MNI152NLin2009aSym_label-L_desc-T1lesion_mask.nii.gz: 'images' must have either 3 or 4 dimensions.
2025-06-14 05:04:01,175 - ERROR - Error loading /mnt/beegfs/hellgate/home/rb194958e/Atlas_2/Training/Images/sub-r009s098_ses-1_space-MNI152NLin2009aSym_T1w.nii.gz: 'images' must have either 3 or 4 dimensions.
pixdim[0] (qfac) should be 1 (default) or -1; setting qfac to 1
2025-06-14 05:04:01,185 - INFO - pixdim[0] (qfac) should be 1 (default) or -1; setting qfac to 1
2025-06-14 05:04:01,385 - ERROR - Error loading /mnt/beegfs/hellgate/home/rb194958e/Atlas_2/Training/Masks/sub-r009s098_ses-1_space-MNI152NLin2009aSym_label-L_desc-T1lesion_mask.nii.gz: 'images' must have either 3 or 4 dimensions.
2025-06-14 05:04:01,779 - ERROR - Error loading /mnt/beegfs/hellgate/home/rb194958e/Atlas_2/Training/Images/sub-r011s012_ses-1_space-MNI152NLin2009aSym_T1w.nii.gz: 'images' must have either 3 or 4 dimensions.
pixdim[0] (qfac) should be 1 (default) or -1; setting qfac to 1
2025-06-14 05:04:01,788 - INFO - pixdim[0] (qfac) should be 1 (default) or -1; setting qfac to 1
2025-06-14 05:04:01,981 - ERROR - Error loading /mnt/beegfs/hellgate/home/rb194958e/Atlas_2/Training/Masks/sub-r011s012_ses-1_space-MNI152NLin2009aSym_label-L_desc-T1lesion_mask.nii.gz: 'images' must have either 3 or 4 dimensions.
2025-06-14 05:04:02,342 - ERROR - Error loading /mnt/beegfs/hellgate/home/rb194958e/Atlas_2/Training/Images/sub-r047s050_ses-1_space-MNI152NLin2009aSym_T1w.nii.gz: 'images' must have either 3 or 4 dimensions.
pixdim[0] (qfac) should be 1 (default) or -1; setting qfac to 1
2025-06-14 05:04:02,352 - INFO - pixdim[0] (qfac) should be 1 (default) or -1; setting qfac to 1
2025-06-14 05:04:02,549 - ERROR - Error loading /mnt/beegfs/hellgate/home/rb194958e/Atlas_2/Training/Masks/sub-r047s050_ses-1_space-MNI152NLin2009aSym_label-L_desc-T1lesion_mask.nii.gz: 'images' must have either 3 or 4 dimensions.
2025-06-14 05:04:02,927 - ERROR - Error loading /mnt/beegfs/hellgate/home/rb194958e/Atlas_2/Training/Images/sub-r047s048_ses-1_space-MNI152NLin2009aSym_T1w.nii.gz: 'images' must have either 3 or 4 dimensions.
pixdim[0] (qfac) should be 1 (default) or -1; setting qfac to 1
2025-06-14 05:04:02,936 - INFO - pixdim[0] (qfac) should be 1 (default) or -1; setting qfac to 1
2025-06-14 05:04:03,129 - ERROR - Error loading /mnt/beegfs/hellgate/home/rb194958e/Atlas_2/Training/Masks/sub-r047s048_ses-1_space-MNI152NLin2009aSym_label-L_desc-T1lesion_mask.nii.gz: 'images' must have either 3 or 4 dimensions.
2025-06-14 05:04:03,492 - ERROR - Error loading /mnt/beegfs/hellgate/home/rb194958e/Atlas_2/Training/Images/sub-r009s025_ses-1_space-MNI152NLin2009aSym_T1w.nii.gz: 'images' must have either 3 or 4 dimensions.
pixdim[0] (qfac) should be 1 (default) or -1; setting qfac to 1
2025-06-14 05:04:03,502 - INFO - pixdim[0] (qfac) should be 1 (default) or -1; setting qfac to 1
2025-06-14 05:04:03,700 - ERROR - Error loading /mnt/beegfs/hellgate/home/rb194958e/Atlas_2/Training/Masks/sub-r009s025_ses-1_space-MNI152NLin2009aSym_label-L_desc-T1lesion_mask.nii.gz: 'images' must have either 3 or 4 dimensions.
2025-06-14 05:04:04,024 - ERROR - Error loading /mnt/beegfs/hellgate/home/rb194958e/Atlas_2/Training/Images/sub-r028s004_ses-1_space-MNI152NLin2009aSym_T1w.nii.gz: 'images' must have either 3 or 4 dimensions.
pixdim[0] (qfac) should be 1 (default) or -1; setting qfac to 1
2025-06-14 05:04:04,034 - INFO - pixdim[0] (qfac) should be 1 (default) or -1; setting qfac to 1
2025-06-14 05:04:04,226 - ERROR - Error loading /mnt/beegfs/hellgate/home/rb194958e/Atlas_2/Training/Masks/sub-r028s004_ses-1_space-MNI152NLin2009aSym_label-L_desc-T1lesion_mask.nii.gz: 'images' must have either 3 or 4 dimensions.
2025-06-14 05:04:04,560 - ERROR - Error loading /mnt/beegfs/hellgate/home/rb194958e/Atlas_2/Training/Images/sub-r050s006_ses-1_space-MNI152NLin2009aSym_T1w.nii.gz: 'images' must have either 3 or 4 dimensions.
pixdim[0] (qfac) should be 1 (default) or -1; setting qfac to 1
2025-06-14 05:04:04,571 - INFO - pixdim[0] (qfac) should be 1 (default) or -1; setting qfac to 1
2025-06-14 05:04:04,769 - ERROR - Error loading /mnt/beegfs/hellgate/home/rb194958e/Atlas_2/Training/Masks/sub-r050s006_ses-1_space-MNI152NLin2009aSym_label-L_desc-T1lesion_mask.nii.gz: 'images' must have either 3 or 4 dimensions.
2025-06-14 05:04:05,154 - ERROR - Error loading /mnt/beegfs/hellgate/home/rb194958e/Atlas_2/Training/Images/sub-r047s001_ses-1_space-MNI152NLin2009aSym_T1w.nii.gz: 'images' must have either 3 or 4 dimensions.
pixdim[0] (qfac) should be 1 (default) or -1; setting qfac to 1
2025-06-14 05:04:05,165 - INFO - pixdim[0] (qfac) should be 1 (default) or -1; setting qfac to 1
2025-06-14 05:04:05,357 - ERROR - Error loading /mnt/beegfs/hellgate/home/rb194958e/Atlas_2/Training/Masks/sub-r047s001_ses-1_space-MNI152NLin2009aSym_label-L_desc-T1lesion_mask.nii.gz: 'images' must have either 3 or 4 dimensions.
2025-06-14 05:04:05,756 - ERROR - Error loading /mnt/beegfs/hellgate/home/rb194958e/Atlas_2/Training/Images/sub-r001s030_ses-1_space-MNI152NLin2009aSym_T1w.nii.gz: 'images' must have either 3 or 4 dimensions.
pixdim[0] (qfac) should be 1 (default) or -1; setting qfac to 1
2025-06-14 05:04:05,766 - INFO - pixdim[0] (qfac) should be 1 (default) or -1; setting qfac to 1
2025-06-14 05:04:05,963 - ERROR - Error loading /mnt/beegfs/hellgate/home/rb194958e/Atlas_2/Training/Masks/sub-r001s030_ses-1_space-MNI152NLin2009aSym_label-L_desc-T1lesion_mask.nii.gz: 'images' must have either 3 or 4 dimensions.
2025-06-14 05:04:06,315 - ERROR - Error loading /mnt/beegfs/hellgate/home/rb194958e/Atlas_2/Training/Images/sub-r009s074_ses-1_space-MNI152NLin2009aSym_T1w.nii.gz: 'images' must have either 3 or 4 dimensions.
pixdim[0] (qfac) should be 1 (default) or -1; setting qfac to 1
2025-06-14 05:04:06,324 - INFO - pixdim[0] (qfac) should be 1 (default) or -1; setting qfac to 1
2025-06-14 05:04:06,517 - ERROR - Error loading /mnt/beegfs/hellgate/home/rb194958e/Atlas_2/Training/Masks/sub-r009s074_ses-1_space-MNI152NLin2009aSym_label-L_desc-T1lesion_mask.nii.gz: 'images' must have either 3 or 4 dimensions.
2025-06-14 05:04:06,883 - ERROR - Error loading /mnt/beegfs/hellgate/home/rb194958e/Atlas_2/Training/Images/sub-r001s028_ses-1_space-MNI152NLin2009aSym_T1w.nii.gz: 'images' must have either 3 or 4 dimensions.
pixdim[0] (qfac) should be 1 (default) or -1; setting qfac to 1
2025-06-14 05:04:06,893 - INFO - pixdim[0] (qfac) should be 1 (default) or -1; setting qfac to 1
2025-06-14 05:04:07,091 - ERROR - Error loading /mnt/beegfs/hellgate/home/rb194958e/Atlas_2/Training/Masks/sub-r001s028_ses-1_space-MNI152NLin2009aSym_label-L_desc-T1lesion_mask.nii.gz: 'images' must have either 3 or 4 dimensions.
2025-06-14 05:04:07,437 - ERROR - Error loading /mnt/beegfs/hellgate/home/rb194958e/Atlas_2/Training/Images/sub-r034s047_ses-1_space-MNI152NLin2009aSym_T1w.nii.gz: 'images' must have either 3 or 4 dimensions.
pixdim[0] (qfac) should be 1 (default) or -1; setting qfac to 1
2025-06-14 05:04:07,447 - INFO - pixdim[0] (qfac) should be 1 (default) or -1; setting qfac to 1
2025-06-14 05:04:07,639 - ERROR - Error loading /mnt/beegfs/hellgate/home/rb194958e/Atlas_2/Training/Masks/sub-r034s047_ses-1_space-MNI152NLin2009aSym_label-L_desc-T1lesion_mask.nii.gz: 'images' must have either 3 or 4 dimensions.
2025-06-14 05:04:08,010 - ERROR - Error loading /mnt/beegfs/hellgate/home/rb194958e/Atlas_2/Training/Images/sub-r038s021_ses-1_space-MNI152NLin2009aSym_T1w.nii.gz: 'images' must have either 3 or 4 dimensions.
pixdim[0] (qfac) should be 1 (default) or -1; setting qfac to 1
2025-06-14 05:04:08,019 - INFO - pixdim[0] (qfac) should be 1 (default) or -1; setting qfac to 1
2025-06-14 05:04:08,218 - ERROR - Error loading /mnt/beegfs/hellgate/home/rb194958e/Atlas_2/Training/Masks/sub-r038s021_ses-1_space-MNI152NLin2009aSym_label-L_desc-T1lesion_mask.nii.gz: 'images' must have either 3 or 4 dimensions.
2025-06-14 05:04:08,562 - ERROR - Error loading /mnt/beegfs/hellgate/home/rb194958e/Atlas_2/Training/Images/sub-r023s009_ses-1_space-MNI152NLin2009aSym_T1w.nii.gz: 'images' must have either 3 or 4 dimensions.
pixdim[0] (qfac) should be 1 (default) or -1; setting qfac to 1
2025-06-14 05:04:08,573 - INFO - pixdim[0] (qfac) should be 1 (default) or -1; setting qfac to 1
2025-06-14 05:04:08,765 - ERROR - Error loading /mnt/beegfs/hellgate/home/rb194958e/Atlas_2/Training/Masks/sub-r023s009_ses-1_space-MNI152NLin2009aSym_label-L_desc-T1lesion_mask.nii.gz: 'images' must have either 3 or 4 dimensions.
2025-06-14 05:04:09,121 - ERROR - Error loading /mnt/beegfs/hellgate/home/rb194958e/Atlas_2/Training/Images/sub-r009s087_ses-1_space-MNI152NLin2009aSym_T1w.nii.gz: 'images' must have either 3 or 4 dimensions.
pixdim[0] (qfac) should be 1 (default) or -1; setting qfac to 1
2025-06-14 05:04:09,131 - INFO - pixdim[0] (qfac) should be 1 (default) or -1; setting qfac to 1
2025-06-14 05:04:09,329 - ERROR - Error loading /mnt/beegfs/hellgate/home/rb194958e/Atlas_2/Training/Masks/sub-r009s087_ses-1_space-MNI152NLin2009aSym_label-L_desc-T1lesion_mask.nii.gz: 'images' must have either 3 or 4 dimensions.
2025-06-14 05:04:09,735 - ERROR - Error loading /mnt/beegfs/hellgate/home/rb194958e/Atlas_2/Training/Images/sub-r011s015_ses-1_space-MNI152NLin2009aSym_T1w.nii.gz: 'images' must have either 3 or 4 dimensions.
pixdim[0] (qfac) should be 1 (default) or -1; setting qfac to 1
2025-06-14 05:04:09,744 - INFO - pixdim[0] (qfac) should be 1 (default) or -1; setting qfac to 1
2025-06-14 05:04:09,936 - ERROR - Error loading /mnt/beegfs/hellgate/home/rb194958e/Atlas_2/Training/Masks/sub-r011s015_ses-1_space-MNI152NLin2009aSym_label-L_desc-T1lesion_mask.nii.gz: 'images' must have either 3 or 4 dimensions.
2025-06-14 05:04:10,355 - ERROR - Error loading /mnt/beegfs/hellgate/home/rb194958e/Atlas_2/Training/Images/sub-r040s072_ses-1_space-MNI152NLin2009aSym_T1w.nii.gz: 'images' must have either 3 or 4 dimensions.
pixdim[0] (qfac) should be 1 (default) or -1; setting qfac to 1
2025-06-14 05:04:10,365 - INFO - pixdim[0] (qfac) should be 1 (default) or -1; setting qfac to 1
2025-06-14 05:04:10,563 - ERROR - Error loading /mnt/beegfs/hellgate/home/rb194958e/Atlas_2/Training/Masks/sub-r040s072_ses-1_space-MNI152NLin2009aSym_label-L_desc-T1lesion_mask.nii.gz: 'images' must have either 3 or 4 dimensions.
2025-06-14 05:04:10,954 - ERROR - Error loading /mnt/beegfs/hellgate/home/rb194958e/Atlas_2/Training/Images/sub-r048s036_ses-1_space-MNI152NLin2009aSym_T1w.nii.gz: 'images' must have either 3 or 4 dimensions.
pixdim[0] (qfac) should be 1 (default) or -1; setting qfac to 1
2025-06-14 05:04:10,964 - INFO - pixdim[0] (qfac) should be 1 (default) or -1; setting qfac to 1
2025-06-14 05:04:11,157 - ERROR - Error loading /mnt/beegfs/hellgate/home/rb194958e/Atlas_2/Training/Masks/sub-r048s036_ses-1_space-MNI152NLin2009aSym_label-L_desc-T1lesion_mask.nii.gz: 'images' must have either 3 or 4 dimensions.
pixdim[0] (qfac) should be 1 (default) or -1; setting qfac to 1
2025-06-14 05:04:11,227 - INFO - pixdim[0] (qfac) should be 1 (default) or -1; setting qfac to 1
2025-06-14 05:04:11,529 - ERROR - Error loading /mnt/beegfs/hellgate/home/rb194958e/Atlas_2/Training/Images/sub-r038s068_ses-1_space-MNI152NLin2009aSym_T1w.nii.gz: 'images' must have either 3 or 4 dimensions.
pixdim[0] (qfac) should be 1 (default) or -1; setting qfac to 1
2025-06-14 05:04:11,540 - INFO - pixdim[0] (qfac) should be 1 (default) or -1; setting qfac to 1
2025-06-14 05:04:11,738 - ERROR - Error loading /mnt/beegfs/hellgate/home/rb194958e/Atlas_2/Training/Masks/sub-r038s068_ses-1_space-MNI152NLin2009aSym_label-L_desc-T1lesion_mask.nii.gz: 'images' must have either 3 or 4 dimensions.
2025-06-14 05:04:12,079 - ERROR - Error loading /mnt/beegfs/hellgate/home/rb194958e/Atlas_2/Training/Images/sub-r017s104_ses-1_space-MNI152NLin2009aSym_T1w.nii.gz: 'images' must have either 3 or 4 dimensions.
pixdim[0] (qfac) should be 1 (default) or -1; setting qfac to 1
2025-06-14 05:04:12,088 - INFO - pixdim[0] (qfac) should be 1 (default) or -1; setting qfac to 1
2025-06-14 05:04:12,280 - ERROR - Error loading /mnt/beegfs/hellgate/home/rb194958e/Atlas_2/Training/Masks/sub-r017s104_ses-1_space-MNI152NLin2009aSym_label-L_desc-T1lesion_mask.nii.gz: 'images' must have either 3 or 4 dimensions.
2025-06-14 05:04:12,649 - ERROR - Error loading /mnt/beegfs/hellgate/home/rb194958e/Atlas_2/Training/Images/sub-r042s001_ses-1_space-MNI152NLin2009aSym_T1w.nii.gz: 'images' must have either 3 or 4 dimensions.
pixdim[0] (qfac) should be 1 (default) or -1; setting qfac to 1
2025-06-14 05:04:12,659 - INFO - pixdim[0] (qfac) should be 1 (default) or -1; setting qfac to 1
2025-06-14 05:04:12,858 - ERROR - Error loading /mnt/beegfs/hellgate/home/rb194958e/Atlas_2/Training/Masks/sub-r042s001_ses-1_space-MNI152NLin2009aSym_label-L_desc-T1lesion_mask.nii.gz: 'images' must have either 3 or 4 dimensions.
2025-06-14 05:04:13,234 - ERROR - Error loading /mnt/beegfs/hellgate/home/rb194958e/Atlas_2/Training/Images/sub-r004s028_ses-1_space-MNI152NLin2009aSym_T1w.nii.gz: 'images' must have either 3 or 4 dimensions.
pixdim[0] (qfac) should be 1 (default) or -1; setting qfac to 1
2025-06-14 05:04:13,244 - INFO - pixdim[0] (qfac) should be 1 (default) or -1; setting qfac to 1
2025-06-14 05:04:13,435 - ERROR - Error loading /mnt/beegfs/hellgate/home/rb194958e/Atlas_2/Training/Masks/sub-r004s028_ses-1_space-MNI152NLin2009aSym_label-L_desc-T1lesion_mask.nii.gz: 'images' must have either 3 or 4 dimensions.
2025-06-14 05:04:13,795 - ERROR - Error loading /mnt/beegfs/hellgate/home/rb194958e/Atlas_2/Training/Images/sub-r004s030_ses-1_space-MNI152NLin2009aSym_T1w.nii.gz: 'images' must have either 3 or 4 dimensions.
pixdim[0] (qfac) should be 1 (default) or -1; setting qfac to 1
2025-06-14 05:04:13,805 - INFO - pixdim[0] (qfac) should be 1 (default) or -1; setting qfac to 1
2025-06-14 05:04:14,000 - ERROR - Error loading /mnt/beegfs/hellgate/home/rb194958e/Atlas_2/Training/Masks/sub-r004s030_ses-1_space-MNI152NLin2009aSym_label-L_desc-T1lesion_mask.nii.gz: 'images' must have either 3 or 4 dimensions.
2025-06-14 05:04:14,349 - ERROR - Error loading /mnt/beegfs/hellgate/home/rb194958e/Atlas_2/Training/Images/sub-r039s003_ses-1_space-MNI152NLin2009aSym_T1w.nii.gz: 'images' must have either 3 or 4 dimensions.
pixdim[0] (qfac) should be 1 (default) or -1; setting qfac to 1
2025-06-14 05:04:14,358 - INFO - pixdim[0] (qfac) should be 1 (default) or -1; setting qfac to 1
2025-06-14 05:04:14,551 - ERROR - Error loading /mnt/beegfs/hellgate/home/rb194958e/Atlas_2/Training/Masks/sub-r039s003_ses-1_space-MNI152NLin2009aSym_label-L_desc-T1lesion_mask.nii.gz: 'images' must have either 3 or 4 dimensions.
2025-06-14 05:04:14,891 - ERROR - Error loading /mnt/beegfs/hellgate/home/rb194958e/Atlas_2/Training/Images/sub-r003s012_ses-1_space-MNI152NLin2009aSym_T1w.nii.gz: 'images' must have either 3 or 4 dimensions.
pixdim[0] (qfac) should be 1 (default) or -1; setting qfac to 1
2025-06-14 05:04:14,901 - INFO - pixdim[0] (qfac) should be 1 (default) or -1; setting qfac to 1
2025-06-14 05:04:15,098 - ERROR - Error loading /mnt/beegfs/hellgate/home/rb194958e/Atlas_2/Training/Masks/sub-r003s012_ses-1_space-MNI152NLin2009aSym_label-L_desc-T1lesion_mask.nii.gz: 'images' must have either 3 or 4 dimensions.
2025-06-14 05:04:15,419 - ERROR - Error loading /mnt/beegfs/hellgate/home/rb194958e/Atlas_2/Training/Images/sub-r031s016_ses-1_space-MNI152NLin2009aSym_T1w.nii.gz: 'images' must have either 3 or 4 dimensions.
pixdim[0] (qfac) should be 1 (default) or -1; setting qfac to 1
2025-06-14 05:04:15,429 - INFO - pixdim[0] (qfac) should be 1 (default) or -1; setting qfac to 1
2025-06-14 05:04:15,622 - ERROR - Error loading /mnt/beegfs/hellgate/home/rb194958e/Atlas_2/Training/Masks/sub-r031s016_ses-1_space-MNI152NLin2009aSym_label-L_desc-T1lesion_mask.nii.gz: 'images' must have either 3 or 4 dimensions.
2025-06-14 05:04:15,970 - ERROR - Error loading /mnt/beegfs/hellgate/home/rb194958e/Atlas_2/Training/Images/sub-r014s015_ses-1_space-MNI152NLin2009aSym_T1w.nii.gz: 'images' must have either 3 or 4 dimensions.
pixdim[0] (qfac) should be 1 (default) or -1; setting qfac to 1
2025-06-14 05:04:15,980 - INFO - pixdim[0] (qfac) should be 1 (default) or -1; setting qfac to 1
2025-06-14 05:04:16,171 - ERROR - Error loading /mnt/beegfs/hellgate/home/rb194958e/Atlas_2/Training/Masks/sub-r014s015_ses-1_space-MNI152NLin2009aSym_label-L_desc-T1lesion_mask.nii.gz: 'images' must have either 3 or 4 dimensions.
2025-06-14 05:04:16,541 - ERROR - Error loading /mnt/beegfs/hellgate/home/rb194958e/Atlas_2/Training/Images/sub-r010s018_ses-1_space-MNI152NLin2009aSym_T1w.nii.gz: 'images' must have either 3 or 4 dimensions.
pixdim[0] (qfac) should be 1 (default) or -1; setting qfac to 1
2025-06-14 05:04:16,550 - INFO - pixdim[0] (qfac) should be 1 (default) or -1; setting qfac to 1
2025-06-14 05:04:16,743 - ERROR - Error loading /mnt/beegfs/hellgate/home/rb194958e/Atlas_2/Training/Masks/sub-r010s018_ses-1_space-MNI152NLin2009aSym_label-L_desc-T1lesion_mask.nii.gz: 'images' must have either 3 or 4 dimensions.
2025-06-14 05:04:17,063 - ERROR - Error loading /mnt/beegfs/hellgate/home/rb194958e/Atlas_2/Training/Images/sub-r031s021_ses-1_space-MNI152NLin2009aSym_T1w.nii.gz: 'images' must have either 3 or 4 dimensions.
pixdim[0] (qfac) should be 1 (default) or -1; setting qfac to 1
2025-06-14 05:04:17,073 - INFO - pixdim[0] (qfac) should be 1 (default) or -1; setting qfac to 1
2025-06-14 05:04:17,264 - ERROR - Error loading /mnt/beegfs/hellgate/home/rb194958e/Atlas_2/Training/Masks/sub-r031s021_ses-1_space-MNI152NLin2009aSym_label-L_desc-T1lesion_mask.nii.gz: 'images' must have either 3 or 4 dimensions.
2025-06-14 05:04:17,613 - ERROR - Error loading /mnt/beegfs/hellgate/home/rb194958e/Atlas_2/Training/Images/sub-r035s003_ses-1_space-MNI152NLin2009aSym_T1w.nii.gz: 'images' must have either 3 or 4 dimensions.
pixdim[0] (qfac) should be 1 (default) or -1; setting qfac to 1
2025-06-14 05:04:17,624 - INFO - pixdim[0] (qfac) should be 1 (default) or -1; setting qfac to 1
2025-06-14 05:04:17,818 - ERROR - Error loading /mnt/beegfs/hellgate/home/rb194958e/Atlas_2/Training/Masks/sub-r035s003_ses-1_space-MNI152NLin2009aSym_label-L_desc-T1lesion_mask.nii.gz: 'images' must have either 3 or 4 dimensions.
2025-06-14 05:04:18,147 - ERROR - Error loading /mnt/beegfs/hellgate/home/rb194958e/Atlas_2/Training/Images/sub-r004s007_ses-1_space-MNI152NLin2009aSym_T1w.nii.gz: 'images' must have either 3 or 4 dimensions.
pixdim[0] (qfac) should be 1 (default) or -1; setting qfac to 1
2025-06-14 05:04:18,157 - INFO - pixdim[0] (qfac) should be 1 (default) or -1; setting qfac to 1
2025-06-14 05:04:18,348 - ERROR - Error loading /mnt/beegfs/hellgate/home/rb194958e/Atlas_2/Training/Masks/sub-r004s007_ses-1_space-MNI152NLin2009aSym_label-L_desc-T1lesion_mask.nii.gz: 'images' must have either 3 or 4 dimensions.
2025-06-14 05:04:18,611 - ERROR - Error loading /mnt/beegfs/hellgate/home/rb194958e/Atlas_2/Training/Images/sub-r029s009_ses-1_space-MNI152NLin2009aSym_T1w.nii.gz: 'images' must have either 3 or 4 dimensions.
pixdim[0] (qfac) should be 1 (default) or -1; setting qfac to 1
2025-06-14 05:04:18,620 - INFO - pixdim[0] (qfac) should be 1 (default) or -1; setting qfac to 1
2025-06-14 05:04:18,811 - ERROR - Error loading /mnt/beegfs/hellgate/home/rb194958e/Atlas_2/Training/Masks/sub-r029s009_ses-1_space-MNI152NLin2009aSym_label-L_desc-T1lesion_mask.nii.gz: 'images' must have either 3 or 4 dimensions.
2025-06-14 05:04:19,266 - ERROR - Error loading /mnt/beegfs/hellgate/home/rb194958e/Atlas_2/Training/Images/sub-r040s045_ses-1_space-MNI152NLin2009aSym_T1w.nii.gz: 'images' must have either 3 or 4 dimensions.
pixdim[0] (qfac) should be 1 (default) or -1; setting qfac to 1
2025-06-14 05:04:19,276 - INFO - pixdim[0] (qfac) should be 1 (default) or -1; setting qfac to 1
2025-06-14 05:04:19,475 - ERROR - Error loading /mnt/beegfs/hellgate/home/rb194958e/Atlas_2/Training/Masks/sub-r040s045_ses-1_space-MNI152NLin2009aSym_label-L_desc-T1lesion_mask.nii.gz: 'images' must have either 3 or 4 dimensions.
2025-06-14 05:04:19,823 - ERROR - Error loading /mnt/beegfs/hellgate/home/rb194958e/Atlas_2/Training/Images/sub-r038s047_ses-1_space-MNI152NLin2009aSym_T1w.nii.gz: 'images' must have either 3 or 4 dimensions.
pixdim[0] (qfac) should be 1 (default) or -1; setting qfac to 1
2025-06-14 05:04:19,832 - INFO - pixdim[0] (qfac) should be 1 (default) or -1; setting qfac to 1
2025-06-14 05:04:20,023 - ERROR - Error loading /mnt/beegfs/hellgate/home/rb194958e/Atlas_2/Training/Masks/sub-r038s047_ses-1_space-MNI152NLin2009aSym_label-L_desc-T1lesion_mask.nii.gz: 'images' must have either 3 or 4 dimensions.
2025-06-14 05:04:20,376 - ERROR - Error loading /mnt/beegfs/hellgate/home/rb194958e/Atlas_2/Training/Images/sub-r034s021_ses-1_space-MNI152NLin2009aSym_T1w.nii.gz: 'images' must have either 3 or 4 dimensions.
pixdim[0] (qfac) should be 1 (default) or -1; setting qfac to 1
2025-06-14 05:04:20,386 - INFO - pixdim[0] (qfac) should be 1 (default) or -1; setting qfac to 1
2025-06-14 05:04:20,584 - ERROR - Error loading /mnt/beegfs/hellgate/home/rb194958e/Atlas_2/Training/Masks/sub-r034s021_ses-1_space-MNI152NLin2009aSym_label-L_desc-T1lesion_mask.nii.gz: 'images' must have either 3 or 4 dimensions.
2025-06-14 05:04:20,914 - ERROR - Error loading /mnt/beegfs/hellgate/home/rb194958e/Atlas_2/Training/Images/sub-r034s039_ses-1_space-MNI152NLin2009aSym_T1w.nii.gz: 'images' must have either 3 or 4 dimensions.
pixdim[0] (qfac) should be 1 (default) or -1; setting qfac to 1
2025-06-14 05:04:20,923 - INFO - pixdim[0] (qfac) should be 1 (default) or -1; setting qfac to 1
2025-06-14 05:04:21,113 - ERROR - Error loading /mnt/beegfs/hellgate/home/rb194958e/Atlas_2/Training/Masks/sub-r034s039_ses-1_space-MNI152NLin2009aSym_label-L_desc-T1lesion_mask.nii.gz: 'images' must have either 3 or 4 dimensions.
2025-06-14 05:04:21,532 - ERROR - Error loading /mnt/beegfs/hellgate/home/rb194958e/Atlas_2/Training/Images/sub-r011s022_ses-1_space-MNI152NLin2009aSym_T1w.nii.gz: 'images' must have either 3 or 4 dimensions.
pixdim[0] (qfac) should be 1 (default) or -1; setting qfac to 1
2025-06-14 05:04:21,542 - INFO - pixdim[0] (qfac) should be 1 (default) or -1; setting qfac to 1
2025-06-14 05:04:21,740 - ERROR - Error loading /mnt/beegfs/hellgate/home/rb194958e/Atlas_2/Training/Masks/sub-r011s022_ses-1_space-MNI152NLin2009aSym_label-L_desc-T1lesion_mask.nii.gz: 'images' must have either 3 or 4 dimensions.
2025-06-14 05:04:22,085 - ERROR - Error loading /mnt/beegfs/hellgate/home/rb194958e/Atlas_2/Training/Images/sub-r015s018_ses-1_space-MNI152NLin2009aSym_T1w.nii.gz: 'images' must have either 3 or 4 dimensions.
pixdim[0] (qfac) should be 1 (default) or -1; setting qfac to 1
2025-06-14 05:04:22,094 - INFO - pixdim[0] (qfac) should be 1 (default) or -1; setting qfac to 1
2025-06-14 05:04:22,285 - ERROR - Error loading /mnt/beegfs/hellgate/home/rb194958e/Atlas_2/Training/Masks/sub-r015s018_ses-1_space-MNI152NLin2009aSym_label-L_desc-T1lesion_mask.nii.gz: 'images' must have either 3 or 4 dimensions.
2025-06-14 05:04:22,637 - ERROR - Error loading /mnt/beegfs/hellgate/home/rb194958e/Atlas_2/Training/Images/sub-r038s016_ses-1_space-MNI152NLin2009aSym_T1w.nii.gz: 'images' must have either 3 or 4 dimensions.
pixdim[0] (qfac) should be 1 (default) or -1; setting qfac to 1
2025-06-14 05:04:22,648 - INFO - pixdim[0] (qfac) should be 1 (default) or -1; setting qfac to 1
2025-06-14 05:04:22,846 - ERROR - Error loading /mnt/beegfs/hellgate/home/rb194958e/Atlas_2/Training/Masks/sub-r038s016_ses-1_space-MNI152NLin2009aSym_label-L_desc-T1lesion_mask.nii.gz: 'images' must have either 3 or 4 dimensions.
2025-06-14 05:04:23,186 - ERROR - Error loading /mnt/beegfs/hellgate/home/rb194958e/Atlas_2/Training/Images/sub-r002s007_ses-1_space-MNI152NLin2009aSym_T1w.nii.gz: 'images' must have either 3 or 4 dimensions.
pixdim[0] (qfac) should be 1 (default) or -1; setting qfac to 1
2025-06-14 05:04:23,194 - INFO - pixdim[0] (qfac) should be 1 (default) or -1; setting qfac to 1
2025-06-14 05:04:23,385 - ERROR - Error loading /mnt/beegfs/hellgate/home/rb194958e/Atlas_2/Training/Masks/sub-r002s007_ses-1_space-MNI152NLin2009aSym_label-L_desc-T1lesion_mask.nii.gz: 'images' must have either 3 or 4 dimensions.
2025-06-14 05:04:23,748 - ERROR - Error loading /mnt/beegfs/hellgate/home/rb194958e/Atlas_2/Training/Images/sub-r047s036_ses-1_space-MNI152NLin2009aSym_T1w.nii.gz: 'images' must have either 3 or 4 dimensions.
pixdim[0] (qfac) should be 1 (default) or -1; setting qfac to 1
2025-06-14 05:04:23,758 - INFO - pixdim[0] (qfac) should be 1 (default) or -1; setting qfac to 1
2025-06-14 05:04:23,956 - ERROR - Error loading /mnt/beegfs/hellgate/home/rb194958e/Atlas_2/Training/Masks/sub-r047s036_ses-1_space-MNI152NLin2009aSym_label-L_desc-T1lesion_mask.nii.gz: 'images' must have either 3 or 4 dimensions.
2025-06-14 05:04:24,342 - ERROR - Error loading /mnt/beegfs/hellgate/home/rb194958e/Atlas_2/Training/Images/sub-r001s007_ses-1_space-MNI152NLin2009aSym_T1w.nii.gz: 'images' must have either 3 or 4 dimensions.
pixdim[0] (qfac) should be 1 (default) or -1; setting qfac to 1
2025-06-14 05:04:24,352 - INFO - pixdim[0] (qfac) should be 1 (default) or -1; setting qfac to 1
2025-06-14 05:04:24,542 - ERROR - Error loading /mnt/beegfs/hellgate/home/rb194958e/Atlas_2/Training/Masks/sub-r001s007_ses-1_space-MNI152NLin2009aSym_label-L_desc-T1lesion_mask.nii.gz: 'images' must have either 3 or 4 dimensions.
2025-06-14 05:04:24,906 - ERROR - Error loading /mnt/beegfs/hellgate/home/rb194958e/Atlas_2/Training/Images/sub-r009s043_ses-1_space-MNI152NLin2009aSym_T1w.nii.gz: 'images' must have either 3 or 4 dimensions.
pixdim[0] (qfac) should be 1 (default) or -1; setting qfac to 1
2025-06-14 05:04:24,919 - INFO - pixdim[0] (qfac) should be 1 (default) or -1; setting qfac to 1
2025-06-14 05:04:25,118 - ERROR - Error loading /mnt/beegfs/hellgate/home/rb194958e/Atlas_2/Training/Masks/sub-r009s043_ses-1_space-MNI152NLin2009aSym_label-L_desc-T1lesion_mask.nii.gz: 'images' must have either 3 or 4 dimensions.
pixdim[0] (qfac) should be 1 (default) or -1; setting qfac to 1
2025-06-14 05:04:25,194 - INFO - pixdim[0] (qfac) should be 1 (default) or -1; setting qfac to 1
2025-06-14 05:04:25,498 - ERROR - Error loading /mnt/beegfs/hellgate/home/rb194958e/Atlas_2/Training/Images/sub-r009s103_ses-1_space-MNI152NLin2009aSym_T1w.nii.gz: 'images' must have either 3 or 4 dimensions.
pixdim[0] (qfac) should be 1 (default) or -1; setting qfac to 1
2025-06-14 05:04:25,509 - INFO - pixdim[0] (qfac) should be 1 (default) or -1; setting qfac to 1
2025-06-14 05:04:25,699 - ERROR - Error loading /mnt/beegfs/hellgate/home/rb194958e/Atlas_2/Training/Masks/sub-r009s103_ses-1_space-MNI152NLin2009aSym_label-L_desc-T1lesion_mask.nii.gz: 'images' must have either 3 or 4 dimensions.
2025-06-14 05:04:26,067 - ERROR - Error loading /mnt/beegfs/hellgate/home/rb194958e/Atlas_2/Training/Images/sub-r009s012_ses-1_space-MNI152NLin2009aSym_T1w.nii.gz: 'images' must have either 3 or 4 dimensions.
pixdim[0] (qfac) should be 1 (default) or -1; setting qfac to 1
2025-06-14 05:04:26,076 - INFO - pixdim[0] (qfac) should be 1 (default) or -1; setting qfac to 1
2025-06-14 05:04:26,267 - ERROR - Error loading /mnt/beegfs/hellgate/home/rb194958e/Atlas_2/Training/Masks/sub-r009s012_ses-1_space-MNI152NLin2009aSym_label-L_desc-T1lesion_mask.nii.gz: 'images' must have either 3 or 4 dimensions.
2025-06-14 05:04:26,628 - ERROR - Error loading /mnt/beegfs/hellgate/home/rb194958e/Atlas_2/Training/Images/sub-r005s074_ses-1_space-MNI152NLin2009aSym_T1w.nii.gz: 'images' must have either 3 or 4 dimensions.
pixdim[0] (qfac) should be 1 (default) or -1; setting qfac to 1
2025-06-14 05:04:26,638 - INFO - pixdim[0] (qfac) should be 1 (default) or -1; setting qfac to 1
2025-06-14 05:04:26,828 - ERROR - Error loading /mnt/beegfs/hellgate/home/rb194958e/Atlas_2/Training/Masks/sub-r005s074_ses-1_space-MNI152NLin2009aSym_label-L_desc-T1lesion_mask.nii.gz: 'images' must have either 3 or 4 dimensions.
2025-06-14 05:04:27,215 - ERROR - Error loading /mnt/beegfs/hellgate/home/rb194958e/Atlas_2/Training/Images/sub-r038s093_ses-1_space-MNI152NLin2009aSym_T1w.nii.gz: 'images' must have either 3 or 4 dimensions.
pixdim[0] (qfac) should be 1 (default) or -1; setting qfac to 1
2025-06-14 05:04:27,225 - INFO - pixdim[0] (qfac) should be 1 (default) or -1; setting qfac to 1
2025-06-14 05:04:27,423 - ERROR - Error loading /mnt/beegfs/hellgate/home/rb194958e/Atlas_2/Training/Masks/sub-r038s093_ses-1_space-MNI152NLin2009aSym_label-L_desc-T1lesion_mask.nii.gz: 'images' must have either 3 or 4 dimensions.
2025-06-14 05:04:27,776 - ERROR - Error loading /mnt/beegfs/hellgate/home/rb194958e/Atlas_2/Training/Images/sub-r009s124_ses-1_space-MNI152NLin2009aSym_T1w.nii.gz: 'images' must have either 3 or 4 dimensions.
pixdim[0] (qfac) should be 1 (default) or -1; setting qfac to 1
2025-06-14 05:04:27,786 - INFO - pixdim[0] (qfac) should be 1 (default) or -1; setting qfac to 1
2025-06-14 05:04:27,979 - ERROR - Error loading /mnt/beegfs/hellgate/home/rb194958e/Atlas_2/Training/Masks/sub-r009s124_ses-1_space-MNI152NLin2009aSym_label-L_desc-T1lesion_mask.nii.gz: 'images' must have either 3 or 4 dimensions.
2025-06-14 05:04:28,339 - ERROR - Error loading /mnt/beegfs/hellgate/home/rb194958e/Atlas_2/Training/Images/sub-r009s064_ses-1_space-MNI152NLin2009aSym_T1w.nii.gz: 'images' must have either 3 or 4 dimensions.
pixdim[0] (qfac) should be 1 (default) or -1; setting qfac to 1
2025-06-14 05:04:28,348 - INFO - pixdim[0] (qfac) should be 1 (default) or -1; setting qfac to 1
2025-06-14 05:04:28,547 - ERROR - Error loading /mnt/beegfs/hellgate/home/rb194958e/Atlas_2/Training/Masks/sub-r009s064_ses-1_space-MNI152NLin2009aSym_label-L_desc-T1lesion_mask.nii.gz: 'images' must have either 3 or 4 dimensions.
2025-06-14 05:04:28,927 - ERROR - Error loading /mnt/beegfs/hellgate/home/rb194958e/Atlas_2/Training/Images/sub-r001s020_ses-1_space-MNI152NLin2009aSym_T1w.nii.gz: 'images' must have either 3 or 4 dimensions.
pixdim[0] (qfac) should be 1 (default) or -1; setting qfac to 1
2025-06-14 05:04:28,936 - INFO - pixdim[0] (qfac) should be 1 (default) or -1; setting qfac to 1
2025-06-14 05:04:29,127 - ERROR - Error loading /mnt/beegfs/hellgate/home/rb194958e/Atlas_2/Training/Masks/sub-r001s020_ses-1_space-MNI152NLin2009aSym_label-L_desc-T1lesion_mask.nii.gz: 'images' must have either 3 or 4 dimensions.
2025-06-14 05:04:29,511 - ERROR - Error loading /mnt/beegfs/hellgate/home/rb194958e/Atlas_2/Training/Images/sub-r001s038_ses-1_space-MNI152NLin2009aSym_T1w.nii.gz: 'images' must have either 3 or 4 dimensions.
pixdim[0] (qfac) should be 1 (default) or -1; setting qfac to 1
2025-06-14 05:04:29,521 - INFO - pixdim[0] (qfac) should be 1 (default) or -1; setting qfac to 1
2025-06-14 05:04:29,719 - ERROR - Error loading /mnt/beegfs/hellgate/home/rb194958e/Atlas_2/Training/Masks/sub-r001s038_ses-1_space-MNI152NLin2009aSym_label-L_desc-T1lesion_mask.nii.gz: 'images' must have either 3 or 4 dimensions.
2025-06-14 05:04:30,078 - ERROR - Error loading /mnt/beegfs/hellgate/home/rb194958e/Atlas_2/Training/Images/sub-r009s035_ses-1_space-MNI152NLin2009aSym_T1w.nii.gz: 'images' must have either 3 or 4 dimensions.
pixdim[0] (qfac) should be 1 (default) or -1; setting qfac to 1
2025-06-14 05:04:30,088 - INFO - pixdim[0] (qfac) should be 1 (default) or -1; setting qfac to 1
2025-06-14 05:04:30,280 - ERROR - Error loading /mnt/beegfs/hellgate/home/rb194958e/Atlas_2/Training/Masks/sub-r009s035_ses-1_space-MNI152NLin2009aSym_label-L_desc-T1lesion_mask.nii.gz: 'images' must have either 3 or 4 dimensions.
2025-06-14 05:04:30,599 - ERROR - Error loading /mnt/beegfs/hellgate/home/rb194958e/Atlas_2/Training/Images/sub-r028s014_ses-1_space-MNI152NLin2009aSym_T1w.nii.gz: 'images' must have either 3 or 4 dimensions.
pixdim[0] (qfac) should be 1 (default) or -1; setting qfac to 1
2025-06-14 05:04:30,610 - INFO - pixdim[0] (qfac) should be 1 (default) or -1; setting qfac to 1
2025-06-14 05:04:30,807 - ERROR - Error loading /mnt/beegfs/hellgate/home/rb194958e/Atlas_2/Training/Masks/sub-r028s014_ses-1_space-MNI152NLin2009aSym_label-L_desc-T1lesion_mask.nii.gz: 'images' must have either 3 or 4 dimensions.
2025-06-14 05:04:31,162 - ERROR - Error loading /mnt/beegfs/hellgate/home/rb194958e/Atlas_2/Training/Images/sub-r009s097_ses-1_space-MNI152NLin2009aSym_T1w.nii.gz: 'images' must have either 3 or 4 dimensions.
pixdim[0] (qfac) should be 1 (default) or -1; setting qfac to 1
2025-06-14 05:04:31,172 - INFO - pixdim[0] (qfac) should be 1 (default) or -1; setting qfac to 1
2025-06-14 05:04:31,365 - ERROR - Error loading /mnt/beegfs/hellgate/home/rb194958e/Atlas_2/Training/Masks/sub-r009s097_ses-1_space-MNI152NLin2009aSym_label-L_desc-T1lesion_mask.nii.gz: 'images' must have either 3 or 4 dimensions.
2025-06-14 05:04:31,792 - ERROR - Error loading /mnt/beegfs/hellgate/home/rb194958e/Atlas_2/Training/Images/sub-r015s027_ses-1_space-MNI152NLin2009aSym_T1w.nii.gz: 'images' must have either 3 or 4 dimensions.
pixdim[0] (qfac) should be 1 (default) or -1; setting qfac to 1
2025-06-14 05:04:31,802 - INFO - pixdim[0] (qfac) should be 1 (default) or -1; setting qfac to 1
2025-06-14 05:04:32,001 - ERROR - Error loading /mnt/beegfs/hellgate/home/rb194958e/Atlas_2/Training/Masks/sub-r015s027_ses-1_space-MNI152NLin2009aSym_label-L_desc-T1lesion_mask.nii.gz: 'images' must have either 3 or 4 dimensions.
2025-06-14 05:04:32,359 - ERROR - Error loading /mnt/beegfs/hellgate/home/rb194958e/Atlas_2/Training/Images/sub-r034s006_ses-1_space-MNI152NLin2009aSym_T1w.nii.gz: 'images' must have either 3 or 4 dimensions.
pixdim[0] (qfac) should be 1 (default) or -1; setting qfac to 1
2025-06-14 05:04:32,368 - INFO - pixdim[0] (qfac) should be 1 (default) or -1; setting qfac to 1
2025-06-14 05:04:32,561 - ERROR - Error loading /mnt/beegfs/hellgate/home/rb194958e/Atlas_2/Training/Masks/sub-r034s006_ses-1_space-MNI152NLin2009aSym_label-L_desc-T1lesion_mask.nii.gz: 'images' must have either 3 or 4 dimensions.
2025-06-14 05:04:32,961 - ERROR - Error loading /mnt/beegfs/hellgate/home/rb194958e/Atlas_2/Training/Images/sub-r038s060_ses-1_space-MNI152NLin2009aSym_T1w.nii.gz: 'images' must have either 3 or 4 dimensions.
pixdim[0] (qfac) should be 1 (default) or -1; setting qfac to 1
2025-06-14 05:04:32,973 - INFO - pixdim[0] (qfac) should be 1 (default) or -1; setting qfac to 1
2025-06-14 05:04:33,169 - ERROR - Error loading /mnt/beegfs/hellgate/home/rb194958e/Atlas_2/Training/Masks/sub-r038s060_ses-1_space-MNI152NLin2009aSym_label-L_desc-T1lesion_mask.nii.gz: 'images' must have either 3 or 4 dimensions.
2025-06-14 05:04:33,518 - ERROR - Error loading /mnt/beegfs/hellgate/home/rb194958e/Atlas_2/Training/Images/sub-r038s078_ses-1_space-MNI152NLin2009aSym_T1w.nii.gz: 'images' must have either 3 or 4 dimensions.
pixdim[0] (qfac) should be 1 (default) or -1; setting qfac to 1
2025-06-14 05:04:33,529 - INFO - pixdim[0] (qfac) should be 1 (default) or -1; setting qfac to 1
2025-06-14 05:04:33,718 - ERROR - Error loading /mnt/beegfs/hellgate/home/rb194958e/Atlas_2/Training/Masks/sub-r038s078_ses-1_space-MNI152NLin2009aSym_label-L_desc-T1lesion_mask.nii.gz: 'images' must have either 3 or 4 dimensions.
2025-06-14 05:04:34,073 - ERROR - Error loading /mnt/beegfs/hellgate/home/rb194958e/Atlas_2/Training/Images/sub-r019s010_ses-1_space-MNI152NLin2009aSym_T1w.nii.gz: 'images' must have either 3 or 4 dimensions.
pixdim[0] (qfac) should be 1 (default) or -1; setting qfac to 1
2025-06-14 05:04:34,082 - INFO - pixdim[0] (qfac) should be 1 (default) or -1; setting qfac to 1
2025-06-14 05:04:34,280 - ERROR - Error loading /mnt/beegfs/hellgate/home/rb194958e/Atlas_2/Training/Masks/sub-r019s010_ses-1_space-MNI152NLin2009aSym_label-L_desc-T1lesion_mask.nii.gz: 'images' must have either 3 or 4 dimensions.
2025-06-14 05:04:34,606 - ERROR - Error loading /mnt/beegfs/hellgate/home/rb194958e/Atlas_2/Training/Images/sub-r019s008_ses-1_space-MNI152NLin2009aSym_T1w.nii.gz: 'images' must have either 3 or 4 dimensions.
pixdim[0] (qfac) should be 1 (default) or -1; setting qfac to 1
2025-06-14 05:04:34,615 - INFO - pixdim[0] (qfac) should be 1 (default) or -1; setting qfac to 1
2025-06-14 05:04:34,808 - ERROR - Error loading /mnt/beegfs/hellgate/home/rb194958e/Atlas_2/Training/Masks/sub-r019s008_ses-1_space-MNI152NLin2009aSym_label-L_desc-T1lesion_mask.nii.gz: 'images' must have either 3 or 4 dimensions.
2025-06-14 05:04:35,169 - ERROR - Error loading /mnt/beegfs/hellgate/home/rb194958e/Atlas_2/Training/Images/sub-r023s001_ses-1_space-MNI152NLin2009aSym_T1w.nii.gz: 'images' must have either 3 or 4 dimensions.
pixdim[0] (qfac) should be 1 (default) or -1; setting qfac to 1
2025-06-14 05:04:35,178 - INFO - pixdim[0] (qfac) should be 1 (default) or -1; setting qfac to 1
2025-06-14 05:04:35,377 - ERROR - Error loading /mnt/beegfs/hellgate/home/rb194958e/Atlas_2/Training/Masks/sub-r023s001_ses-1_space-MNI152NLin2009aSym_label-L_desc-T1lesion_mask.nii.gz: 'images' must have either 3 or 4 dimensions.
2025-06-14 05:04:35,718 - ERROR - Error loading /mnt/beegfs/hellgate/home/rb194958e/Atlas_2/Training/Images/sub-r027s023_ses-1_space-MNI152NLin2009aSym_T1w.nii.gz: 'images' must have either 3 or 4 dimensions.
pixdim[0] (qfac) should be 1 (default) or -1; setting qfac to 1
2025-06-14 05:04:35,728 - INFO - pixdim[0] (qfac) should be 1 (default) or -1; setting qfac to 1
2025-06-14 05:04:35,921 - ERROR - Error loading /mnt/beegfs/hellgate/home/rb194958e/Atlas_2/Training/Masks/sub-r027s023_ses-1_space-MNI152NLin2009aSym_label-L_desc-T1lesion_mask.nii.gz: 'images' must have either 3 or 4 dimensions.
2025-06-14 05:04:36,297 - ERROR - Error loading /mnt/beegfs/hellgate/home/rb194958e/Atlas_2/Training/Images/sub-r042s011_ses-1_space-MNI152NLin2009aSym_T1w.nii.gz: 'images' must have either 3 or 4 dimensions.
pixdim[0] (qfac) should be 1 (default) or -1; setting qfac to 1
2025-06-14 05:04:36,306 - INFO - pixdim[0] (qfac) should be 1 (default) or -1; setting qfac to 1
2025-06-14 05:04:36,504 - ERROR - Error loading /mnt/beegfs/hellgate/home/rb194958e/Atlas_2/Training/Masks/sub-r042s011_ses-1_space-MNI152NLin2009aSym_label-L_desc-T1lesion_mask.nii.gz: 'images' must have either 3 or 4 dimensions.
2025-06-14 05:04:36,851 - ERROR - Error loading /mnt/beegfs/hellgate/home/rb194958e/Atlas_2/Training/Images/sub-r004s020_ses-1_space-MNI152NLin2009aSym_T1w.nii.gz: 'images' must have either 3 or 4 dimensions.
pixdim[0] (qfac) should be 1 (default) or -1; setting qfac to 1
2025-06-14 05:04:36,862 - INFO - pixdim[0] (qfac) should be 1 (default) or -1; setting qfac to 1
2025-06-14 05:04:37,053 - ERROR - Error loading /mnt/beegfs/hellgate/home/rb194958e/Atlas_2/Training/Masks/sub-r004s020_ses-1_space-MNI152NLin2009aSym_label-L_desc-T1lesion_mask.nii.gz: 'images' must have either 3 or 4 dimensions.
2025-06-14 05:04:37,380 - ERROR - Error loading /mnt/beegfs/hellgate/home/rb194958e/Atlas_2/Training/Images/sub-r031s006_ses-1_space-MNI152NLin2009aSym_T1w.nii.gz: 'images' must have either 3 or 4 dimensions.
pixdim[0] (qfac) should be 1 (default) or -1; setting qfac to 1
2025-06-14 05:04:37,389 - INFO - pixdim[0] (qfac) should be 1 (default) or -1; setting qfac to 1
2025-06-14 05:04:37,581 - ERROR - Error loading /mnt/beegfs/hellgate/home/rb194958e/Atlas_2/Training/Masks/sub-r031s006_ses-1_space-MNI152NLin2009aSym_label-L_desc-T1lesion_mask.nii.gz: 'images' must have either 3 or 4 dimensions.
2025-06-14 05:04:37,975 - ERROR - Error loading /mnt/beegfs/hellgate/home/rb194958e/Atlas_2/Training/Images/sub-r010s027_ses-1_space-MNI152NLin2009aSym_T1w.nii.gz: 'images' must have either 3 or 4 dimensions.
pixdim[0] (qfac) should be 1 (default) or -1; setting qfac to 1
2025-06-14 05:04:37,985 - INFO - pixdim[0] (qfac) should be 1 (default) or -1; setting qfac to 1
2025-06-14 05:04:38,182 - ERROR - Error loading /mnt/beegfs/hellgate/home/rb194958e/Atlas_2/Training/Masks/sub-r010s027_ses-1_space-MNI152NLin2009aSym_label-L_desc-T1lesion_mask.nii.gz: 'images' must have either 3 or 4 dimensions.
2025-06-14 05:04:38,532 - ERROR - Error loading /mnt/beegfs/hellgate/home/rb194958e/Atlas_2/Training/Images/sub-r003s002_ses-1_space-MNI152NLin2009aSym_T1w.nii.gz: 'images' must have either 3 or 4 dimensions.
pixdim[0] (qfac) should be 1 (default) or -1; setting qfac to 1
2025-06-14 05:04:38,541 - INFO - pixdim[0] (qfac) should be 1 (default) or -1; setting qfac to 1
2025-06-14 05:04:38,733 - ERROR - Error loading /mnt/beegfs/hellgate/home/rb194958e/Atlas_2/Training/Masks/sub-r003s002_ses-1_space-MNI152NLin2009aSym_label-L_desc-T1lesion_mask.nii.gz: 'images' must have either 3 or 4 dimensions.
2025-06-14 05:04:39,153 - ERROR - Error loading /mnt/beegfs/hellgate/home/rb194958e/Atlas_2/Training/Images/sub-r010s008_ses-1_space-MNI152NLin2009aSym_T1w.nii.gz: 'images' must have either 3 or 4 dimensions.
pixdim[0] (qfac) should be 1 (default) or -1; setting qfac to 1
2025-06-14 05:04:39,163 - INFO - pixdim[0] (qfac) should be 1 (default) or -1; setting qfac to 1
2025-06-14 05:04:39,361 - ERROR - Error loading /mnt/beegfs/hellgate/home/rb194958e/Atlas_2/Training/Masks/sub-r010s008_ses-1_space-MNI152NLin2009aSym_label-L_desc-T1lesion_mask.nii.gz: 'images' must have either 3 or 4 dimensions.
2025-06-14 05:04:39,772 - ERROR - Error loading /mnt/beegfs/hellgate/home/rb194958e/Atlas_2/Training/Images/sub-r010s010_ses-1_space-MNI152NLin2009aSym_T1w.nii.gz: 'images' must have either 3 or 4 dimensions.
pixdim[0] (qfac) should be 1 (default) or -1; setting qfac to 1
2025-06-14 05:04:39,782 - INFO - pixdim[0] (qfac) should be 1 (default) or -1; setting qfac to 1
2025-06-14 05:04:39,973 - ERROR - Error loading /mnt/beegfs/hellgate/home/rb194958e/Atlas_2/Training/Masks/sub-r010s010_ses-1_space-MNI152NLin2009aSym_label-L_desc-T1lesion_mask.nii.gz: 'images' must have either 3 or 4 dimensions.
2025-06-14 05:04:40,296 - ERROR - Error loading /mnt/beegfs/hellgate/home/rb194958e/Atlas_2/Training/Images/sub-r031s029_ses-1_space-MNI152NLin2009aSym_T1w.nii.gz: 'images' must have either 3 or 4 dimensions.
pixdim[0] (qfac) should be 1 (default) or -1; setting qfac to 1
2025-06-14 05:04:40,306 - INFO - pixdim[0] (qfac) should be 1 (default) or -1; setting qfac to 1
2025-06-14 05:04:40,503 - ERROR - Error loading /mnt/beegfs/hellgate/home/rb194958e/Atlas_2/Training/Masks/sub-r031s029_ses-1_space-MNI152NLin2009aSym_label-L_desc-T1lesion_mask.nii.gz: 'images' must have either 3 or 4 dimensions.
2025-06-14 05:04:40,875 - ERROR - Error loading /mnt/beegfs/hellgate/home/rb194958e/Atlas_2/Training/Images/sub-r035s013_ses-1_space-MNI152NLin2009aSym_T1w.nii.gz: 'images' must have either 3 or 4 dimensions.
pixdim[0] (qfac) should be 1 (default) or -1; setting qfac to 1
2025-06-14 05:04:40,884 - INFO - pixdim[0] (qfac) should be 1 (default) or -1; setting qfac to 1
2025-06-14 05:04:41,075 - ERROR - Error loading /mnt/beegfs/hellgate/home/rb194958e/Atlas_2/Training/Masks/sub-r035s013_ses-1_space-MNI152NLin2009aSym_label-L_desc-T1lesion_mask.nii.gz: 'images' must have either 3 or 4 dimensions.
2025-06-14 05:04:41,414 - ERROR - Error loading /mnt/beegfs/hellgate/home/rb194958e/Atlas_2/Training/Images/sub-r031s031_ses-1_space-MNI152NLin2009aSym_T1w.nii.gz: 'images' must have either 3 or 4 dimensions.
pixdim[0] (qfac) should be 1 (default) or -1; setting qfac to 1
2025-06-14 05:04:41,424 - INFO - pixdim[0] (qfac) should be 1 (default) or -1; setting qfac to 1
2025-06-14 05:04:41,625 - ERROR - Error loading /mnt/beegfs/hellgate/home/rb194958e/Atlas_2/Training/Masks/sub-r031s031_ses-1_space-MNI152NLin2009aSym_label-L_desc-T1lesion_mask.nii.gz: 'images' must have either 3 or 4 dimensions.
2025-06-14 05:04:41,969 - ERROR - Error loading /mnt/beegfs/hellgate/home/rb194958e/Atlas_2/Training/Images/sub-r004s017_ses-1_space-MNI152NLin2009aSym_T1w.nii.gz: 'images' must have either 3 or 4 dimensions.
pixdim[0] (qfac) should be 1 (default) or -1; setting qfac to 1
2025-06-14 05:04:41,979 - INFO - pixdim[0] (qfac) should be 1 (default) or -1; setting qfac to 1
2025-06-14 05:04:42,177 - ERROR - Error loading /mnt/beegfs/hellgate/home/rb194958e/Atlas_2/Training/Masks/sub-r004s017_ses-1_space-MNI152NLin2009aSym_label-L_desc-T1lesion_mask.nii.gz: 'images' must have either 3 or 4 dimensions.
2025-06-14 05:04:42,508 - ERROR - Error loading /mnt/beegfs/hellgate/home/rb194958e/Atlas_2/Training/Images/sub-r040s004_ses-1_space-MNI152NLin2009aSym_T1w.nii.gz: 'images' must have either 3 or 4 dimensions.
pixdim[0] (qfac) should be 1 (default) or -1; setting qfac to 1
2025-06-14 05:04:42,517 - INFO - pixdim[0] (qfac) should be 1 (default) or -1; setting qfac to 1
2025-06-14 05:04:42,715 - ERROR - Error loading /mnt/beegfs/hellgate/home/rb194958e/Atlas_2/Training/Masks/sub-r040s004_ses-1_space-MNI152NLin2009aSym_label-L_desc-T1lesion_mask.nii.gz: 'images' must have either 3 or 4 dimensions.
2025-06-14 05:04:43,073 - ERROR - Error loading /mnt/beegfs/hellgate/home/rb194958e/Atlas_2/Training/Images/sub-r038s006_ses-1_space-MNI152NLin2009aSym_T1w.nii.gz: 'images' must have either 3 or 4 dimensions.
pixdim[0] (qfac) should be 1 (default) or -1; setting qfac to 1
2025-06-14 05:04:43,083 - INFO - pixdim[0] (qfac) should be 1 (default) or -1; setting qfac to 1
2025-06-14 05:04:43,283 - ERROR - Error loading /mnt/beegfs/hellgate/home/rb194958e/Atlas_2/Training/Masks/sub-r038s006_ses-1_space-MNI152NLin2009aSym_label-L_desc-T1lesion_mask.nii.gz: 'images' must have either 3 or 4 dimensions.
2025-06-14 05:04:43,644 - ERROR - Error loading /mnt/beegfs/hellgate/home/rb194958e/Atlas_2/Training/Images/sub-r038s057_ses-1_space-MNI152NLin2009aSym_T1w.nii.gz: 'images' must have either 3 or 4 dimensions.
pixdim[0] (qfac) should be 1 (default) or -1; setting qfac to 1
2025-06-14 05:04:43,653 - INFO - pixdim[0] (qfac) should be 1 (default) or -1; setting qfac to 1
2025-06-14 05:04:43,852 - ERROR - Error loading /mnt/beegfs/hellgate/home/rb194958e/Atlas_2/Training/Masks/sub-r038s057_ses-1_space-MNI152NLin2009aSym_label-L_desc-T1lesion_mask.nii.gz: 'images' must have either 3 or 4 dimensions.
2025-06-14 05:04:44,285 - ERROR - Error loading /mnt/beegfs/hellgate/home/rb194958e/Atlas_2/Training/Images/sub-r048s011_ses-1_space-MNI152NLin2009aSym_T1w.nii.gz: 'images' must have either 3 or 4 dimensions.
pixdim[0] (qfac) should be 1 (default) or -1; setting qfac to 1
2025-06-14 05:04:44,294 - INFO - pixdim[0] (qfac) should be 1 (default) or -1; setting qfac to 1
2025-06-14 05:04:44,492 - ERROR - Error loading /mnt/beegfs/hellgate/home/rb194958e/Atlas_2/Training/Masks/sub-r048s011_ses-1_space-MNI152NLin2009aSym_label-L_desc-T1lesion_mask.nii.gz: 'images' must have either 3 or 4 dimensions.
2025-06-14 05:04:44,891 - ERROR - Error loading /mnt/beegfs/hellgate/home/rb194958e/Atlas_2/Training/Images/sub-r011s032_ses-1_space-MNI152NLin2009aSym_T1w.nii.gz: 'images' must have either 3 or 4 dimensions.
pixdim[0] (qfac) should be 1 (default) or -1; setting qfac to 1
2025-06-14 05:04:44,903 - INFO - pixdim[0] (qfac) should be 1 (default) or -1; setting qfac to 1
2025-06-14 05:04:45,101 - ERROR - Error loading /mnt/beegfs/hellgate/home/rb194958e/Atlas_2/Training/Masks/sub-r011s032_ses-1_space-MNI152NLin2009aSym_label-L_desc-T1lesion_mask.nii.gz: 'images' must have either 3 or 4 dimensions.
2025-06-14 05:04:45,457 - ERROR - Error loading /mnt/beegfs/hellgate/home/rb194958e/Atlas_2/Training/Images/sub-r015s010_ses-1_space-MNI152NLin2009aSym_T1w.nii.gz: 'images' must have either 3 or 4 dimensions.
pixdim[0] (qfac) should be 1 (default) or -1; setting qfac to 1
2025-06-14 05:04:45,471 - INFO - pixdim[0] (qfac) should be 1 (default) or -1; setting qfac to 1
2025-06-14 05:04:45,668 - ERROR - Error loading /mnt/beegfs/hellgate/home/rb194958e/Atlas_2/Training/Masks/sub-r015s010_ses-1_space-MNI152NLin2009aSym_label-L_desc-T1lesion_mask.nii.gz: 'images' must have either 3 or 4 dimensions.
2025-06-14 05:04:46,010 - ERROR - Error loading /mnt/beegfs/hellgate/home/rb194958e/Atlas_2/Training/Images/sub-r015s008_ses-1_space-MNI152NLin2009aSym_T1w.nii.gz: 'images' must have either 3 or 4 dimensions.
pixdim[0] (qfac) should be 1 (default) or -1; setting qfac to 1
2025-06-14 05:04:46,020 - INFO - pixdim[0] (qfac) should be 1 (default) or -1; setting qfac to 1
2025-06-14 05:04:46,218 - ERROR - Error loading /mnt/beegfs/hellgate/home/rb194958e/Atlas_2/Training/Masks/sub-r015s008_ses-1_space-MNI152NLin2009aSym_label-L_desc-T1lesion_mask.nii.gz: 'images' must have either 3 or 4 dimensions.
2025-06-14 05:04:46,583 - ERROR - Error loading /mnt/beegfs/hellgate/home/rb194958e/Atlas_2/Training/Images/sub-r009s002_ses-1_space-MNI152NLin2009aSym_T1w.nii.gz: 'images' must have either 3 or 4 dimensions.
pixdim[0] (qfac) should be 1 (default) or -1; setting qfac to 1
2025-06-14 05:04:46,592 - INFO - pixdim[0] (qfac) should be 1 (default) or -1; setting qfac to 1
2025-06-14 05:04:46,792 - ERROR - Error loading /mnt/beegfs/hellgate/home/rb194958e/Atlas_2/Training/Masks/sub-r009s002_ses-1_space-MNI152NLin2009aSym_label-L_desc-T1lesion_mask.nii.gz: 'images' must have either 3 or 4 dimensions.
2025-06-14 05:04:47,154 - ERROR - Error loading /mnt/beegfs/hellgate/home/rb194958e/Atlas_2/Training/Images/sub-r047s026_ses-1_space-MNI152NLin2009aSym_T1w.nii.gz: 'images' must have either 3 or 4 dimensions.
pixdim[0] (qfac) should be 1 (default) or -1; setting qfac to 1
2025-06-14 05:04:47,167 - INFO - pixdim[0] (qfac) should be 1 (default) or -1; setting qfac to 1
2025-06-14 05:04:47,364 - ERROR - Error loading /mnt/beegfs/hellgate/home/rb194958e/Atlas_2/Training/Masks/sub-r047s026_ses-1_space-MNI152NLin2009aSym_label-L_desc-T1lesion_mask.nii.gz: 'images' must have either 3 or 4 dimensions.
2025-06-14 05:04:47,713 - ERROR - Error loading /mnt/beegfs/hellgate/home/rb194958e/Atlas_2/Training/Images/sub-r009s053_ses-1_space-MNI152NLin2009aSym_T1w.nii.gz: 'images' must have either 3 or 4 dimensions.
pixdim[0] (qfac) should be 1 (default) or -1; setting qfac to 1
2025-06-14 05:04:47,724 - INFO - pixdim[0] (qfac) should be 1 (default) or -1; setting qfac to 1
2025-06-14 05:04:47,924 - ERROR - Error loading /mnt/beegfs/hellgate/home/rb194958e/Atlas_2/Training/Masks/sub-r009s053_ses-1_space-MNI152NLin2009aSym_label-L_desc-T1lesion_mask.nii.gz: 'images' must have either 3 or 4 dimensions.
2025-06-14 05:04:48,310 - ERROR - Error loading /mnt/beegfs/hellgate/home/rb194958e/Atlas_2/Training/Images/sub-r001s017_ses-1_space-MNI152NLin2009aSym_T1w.nii.gz: 'images' must have either 3 or 4 dimensions.
pixdim[0] (qfac) should be 1 (default) or -1; setting qfac to 1
2025-06-14 05:04:48,321 - INFO - pixdim[0] (qfac) should be 1 (default) or -1; setting qfac to 1
2025-06-14 05:04:48,519 - ERROR - Error loading /mnt/beegfs/hellgate/home/rb194958e/Atlas_2/Training/Masks/sub-r001s017_ses-1_space-MNI152NLin2009aSym_label-L_desc-T1lesion_mask.nii.gz: 'images' must have either 3 or 4 dimensions.
2025-06-14 05:04:48,880 - ERROR - Error loading /mnt/beegfs/hellgate/home/rb194958e/Atlas_2/Training/Images/sub-r009s113_ses-1_space-MNI152NLin2009aSym_T1w.nii.gz: 'images' must have either 3 or 4 dimensions.
pixdim[0] (qfac) should be 1 (default) or -1; setting qfac to 1
2025-06-14 05:04:48,890 - INFO - pixdim[0] (qfac) should be 1 (default) or -1; setting qfac to 1
2025-06-14 05:04:49,089 - ERROR - Error loading /mnt/beegfs/hellgate/home/rb194958e/Atlas_2/Training/Masks/sub-r009s113_ses-1_space-MNI152NLin2009aSym_label-L_desc-T1lesion_mask.nii.gz: 'images' must have either 3 or 4 dimensions.
2025-06-14 05:04:49,447 - ERROR - Error loading /mnt/beegfs/hellgate/home/rb194958e/Atlas_2/Training/Images/sub-r024s014_ses-1_space-MNI152NLin2009aSym_T1w.nii.gz: 'images' must have either 3 or 4 dimensions.
pixdim[0] (qfac) should be 1 (default) or -1; setting qfac to 1
2025-06-14 05:04:49,458 - INFO - pixdim[0] (qfac) should be 1 (default) or -1; setting qfac to 1
2025-06-14 05:04:49,656 - ERROR - Error loading /mnt/beegfs/hellgate/home/rb194958e/Atlas_2/Training/Masks/sub-r024s014_ses-1_space-MNI152NLin2009aSym_label-L_desc-T1lesion_mask.nii.gz: 'images' must have either 3 or 4 dimensions.
2025-06-14 05:04:50,019 - ERROR - Error loading /mnt/beegfs/hellgate/home/rb194958e/Atlas_2/Training/Images/sub-r052s015_ses-1_space-MNI152NLin2009aSym_T1w.nii.gz: 'images' must have either 3 or 4 dimensions.
pixdim[0] (qfac) should be 1 (default) or -1; setting qfac to 1
2025-06-14 05:04:50,030 - INFO - pixdim[0] (qfac) should be 1 (default) or -1; setting qfac to 1
2025-06-14 05:04:50,222 - ERROR - Error loading /mnt/beegfs/hellgate/home/rb194958e/Atlas_2/Training/Masks/sub-r052s015_ses-1_space-MNI152NLin2009aSym_label-L_desc-T1lesion_mask.nii.gz: 'images' must have either 3 or 4 dimensions.
2025-06-14 05:04:50,622 - ERROR - Error loading /mnt/beegfs/hellgate/home/rb194958e/Atlas_2/Training/Images/sub-r010s006_ses-1_space-MNI152NLin2009aSym_T1w.nii.gz: 'images' must have either 3 or 4 dimensions.
pixdim[0] (qfac) should be 1 (default) or -1; setting qfac to 1
2025-06-14 05:04:50,633 - INFO - pixdim[0] (qfac) should be 1 (default) or -1; setting qfac to 1
2025-06-14 05:04:50,829 - ERROR - Error loading /mnt/beegfs/hellgate/home/rb194958e/Atlas_2/Training/Masks/sub-r010s006_ses-1_space-MNI152NLin2009aSym_label-L_desc-T1lesion_mask.nii.gz: 'images' must have either 3 or 4 dimensions.
2025-06-14 05:04:51,182 - ERROR - Error loading /mnt/beegfs/hellgate/home/rb194958e/Atlas_2/Training/Images/sub-r035s005_ses-1_space-MNI152NLin2009aSym_T1w.nii.gz: 'images' must have either 3 or 4 dimensions.
pixdim[0] (qfac) should be 1 (default) or -1; setting qfac to 1
2025-06-14 05:04:51,192 - INFO - pixdim[0] (qfac) should be 1 (default) or -1; setting qfac to 1
2025-06-14 05:04:51,385 - ERROR - Error loading /mnt/beegfs/hellgate/home/rb194958e/Atlas_2/Training/Masks/sub-r035s005_ses-1_space-MNI152NLin2009aSym_label-L_desc-T1lesion_mask.nii.gz: 'images' must have either 3 or 4 dimensions.
2025-06-14 05:04:51,719 - ERROR - Error loading /mnt/beegfs/hellgate/home/rb194958e/Atlas_2/Training/Images/sub-r031s027_ses-1_space-MNI152NLin2009aSym_T1w.nii.gz: 'images' must have either 3 or 4 dimensions.
pixdim[0] (qfac) should be 1 (default) or -1; setting qfac to 1
2025-06-14 05:04:51,731 - INFO - pixdim[0] (qfac) should be 1 (default) or -1; setting qfac to 1
2025-06-14 05:04:51,929 - ERROR - Error loading /mnt/beegfs/hellgate/home/rb194958e/Atlas_2/Training/Masks/sub-r031s027_ses-1_space-MNI152NLin2009aSym_label-L_desc-T1lesion_mask.nii.gz: 'images' must have either 3 or 4 dimensions.
2025-06-14 05:04:52,288 - ERROR - Error loading /mnt/beegfs/hellgate/home/rb194958e/Atlas_2/Training/Images/sub-r049s025_ses-1_space-MNI152NLin2009aSym_T1w.nii.gz: 'images' must have either 3 or 4 dimensions.
pixdim[0] (qfac) should be 1 (default) or -1; setting qfac to 1
2025-06-14 05:04:52,299 - INFO - pixdim[0] (qfac) should be 1 (default) or -1; setting qfac to 1
2025-06-14 05:04:52,496 - ERROR - Error loading /mnt/beegfs/hellgate/home/rb194958e/Atlas_2/Training/Masks/sub-r049s025_ses-1_space-MNI152NLin2009aSym_label-L_desc-T1lesion_mask.nii.gz: 'images' must have either 3 or 4 dimensions.
2025-06-14 05:04:52,856 - ERROR - Error loading /mnt/beegfs/hellgate/home/rb194958e/Atlas_2/Training/Images/sub-r004s001_ses-1_space-MNI152NLin2009aSym_T1w.nii.gz: 'images' must have either 3 or 4 dimensions.
pixdim[0] (qfac) should be 1 (default) or -1; setting qfac to 1
2025-06-14 05:04:52,868 - INFO - pixdim[0] (qfac) should be 1 (default) or -1; setting qfac to 1
2025-06-14 05:04:53,065 - ERROR - Error loading /mnt/beegfs/hellgate/home/rb194958e/Atlas_2/Training/Masks/sub-r004s001_ses-1_space-MNI152NLin2009aSym_label-L_desc-T1lesion_mask.nii.gz: 'images' must have either 3 or 4 dimensions.
2025-06-14 05:04:53,405 - ERROR - Error loading /mnt/beegfs/hellgate/home/rb194958e/Atlas_2/Training/Images/sub-r004s019_ses-1_space-MNI152NLin2009aSym_T1w.nii.gz: 'images' must have either 3 or 4 dimensions.
pixdim[0] (qfac) should be 1 (default) or -1; setting qfac to 1
2025-06-14 05:04:53,414 - INFO - pixdim[0] (qfac) should be 1 (default) or -1; setting qfac to 1
2025-06-14 05:04:53,610 - ERROR - Error loading /mnt/beegfs/hellgate/home/rb194958e/Atlas_2/Training/Masks/sub-r004s019_ses-1_space-MNI152NLin2009aSym_label-L_desc-T1lesion_mask.nii.gz: 'images' must have either 3 or 4 dimensions.
2025-06-14 05:04:53,974 - ERROR - Error loading /mnt/beegfs/hellgate/home/rb194958e/Atlas_2/Training/Images/sub-r046s012_ses-1_space-MNI152NLin2009aSym_T1w.nii.gz: 'images' must have either 3 or 4 dimensions.
pixdim[0] (qfac) should be 1 (default) or -1; setting qfac to 1
2025-06-14 05:04:53,985 - INFO - pixdim[0] (qfac) should be 1 (default) or -1; setting qfac to 1
2025-06-14 05:04:54,183 - ERROR - Error loading /mnt/beegfs/hellgate/home/rb194958e/Atlas_2/Training/Masks/sub-r046s012_ses-1_space-MNI152NLin2009aSym_label-L_desc-T1lesion_mask.nii.gz: 'images' must have either 3 or 4 dimensions.
2025-06-14 05:04:54,510 - ERROR - Error loading /mnt/beegfs/hellgate/home/rb194958e/Atlas_2/Training/Images/sub-r042s030_ses-1_space-MNI152NLin2009aSym_T1w.nii.gz: 'images' must have either 3 or 4 dimensions.
pixdim[0] (qfac) should be 1 (default) or -1; setting qfac to 1
2025-06-14 05:04:54,520 - INFO - pixdim[0] (qfac) should be 1 (default) or -1; setting qfac to 1
2025-06-14 05:04:54,719 - ERROR - Error loading /mnt/beegfs/hellgate/home/rb194958e/Atlas_2/Training/Masks/sub-r042s030_ses-1_space-MNI152NLin2009aSym_label-L_desc-T1lesion_mask.nii.gz: 'images' must have either 3 or 4 dimensions.
2025-06-14 05:04:55,064 - ERROR - Error loading /mnt/beegfs/hellgate/home/rb194958e/Atlas_2/Training/Images/sub-r042s028_ses-1_space-MNI152NLin2009aSym_T1w.nii.gz: 'images' must have either 3 or 4 dimensions.
pixdim[0] (qfac) should be 1 (default) or -1; setting qfac to 1
2025-06-14 05:04:55,075 - INFO - pixdim[0] (qfac) should be 1 (default) or -1; setting qfac to 1
2025-06-14 05:04:55,270 - ERROR - Error loading /mnt/beegfs/hellgate/home/rb194958e/Atlas_2/Training/Masks/sub-r042s028_ses-1_space-MNI152NLin2009aSym_label-L_desc-T1lesion_mask.nii.gz: 'images' must have either 3 or 4 dimensions.
2025-06-14 05:04:55,606 - ERROR - Error loading /mnt/beegfs/hellgate/home/rb194958e/Atlas_2/Training/Images/sub-r038s041_ses-1_space-MNI152NLin2009aSym_T1w.nii.gz: 'images' must have either 3 or 4 dimensions.
pixdim[0] (qfac) should be 1 (default) or -1; setting qfac to 1
2025-06-14 05:04:55,616 - INFO - pixdim[0] (qfac) should be 1 (default) or -1; setting qfac to 1
2025-06-14 05:04:55,816 - ERROR - Error loading /mnt/beegfs/hellgate/home/rb194958e/Atlas_2/Training/Masks/sub-r038s041_ses-1_space-MNI152NLin2009aSym_label-L_desc-T1lesion_mask.nii.gz: 'images' must have either 3 or 4 dimensions.
2025-06-14 05:04:56,250 - ERROR - Error loading /mnt/beegfs/hellgate/home/rb194958e/Atlas_2/Training/Images/sub-r040s043_ses-1_space-MNI152NLin2009aSym_T1w.nii.gz: 'images' must have either 3 or 4 dimensions.
pixdim[0] (qfac) should be 1 (default) or -1; setting qfac to 1
2025-06-14 05:04:56,262 - INFO - pixdim[0] (qfac) should be 1 (default) or -1; setting qfac to 1
2025-06-14 05:04:56,459 - ERROR - Error loading /mnt/beegfs/hellgate/home/rb194958e/Atlas_2/Training/Masks/sub-r040s043_ses-1_space-MNI152NLin2009aSym_label-L_desc-T1lesion_mask.nii.gz: 'images' must have either 3 or 4 dimensions.
2025-06-14 05:04:56,881 - ERROR - Error loading /mnt/beegfs/hellgate/home/rb194958e/Atlas_2/Training/Images/sub-r011s024_ses-1_space-MNI152NLin2009aSym_T1w.nii.gz: 'images' must have either 3 or 4 dimensions.
pixdim[0] (qfac) should be 1 (default) or -1; setting qfac to 1
2025-06-14 05:04:56,894 - INFO - pixdim[0] (qfac) should be 1 (default) or -1; setting qfac to 1
2025-06-14 05:04:57,096 - ERROR - Error loading /mnt/beegfs/hellgate/home/rb194958e/Atlas_2/Training/Masks/sub-r011s024_ses-1_space-MNI152NLin2009aSym_label-L_desc-T1lesion_mask.nii.gz: 'images' must have either 3 or 4 dimensions.
2025-06-14 05:04:57,451 - ERROR - Error loading /mnt/beegfs/hellgate/home/rb194958e/Atlas_2/Training/Images/sub-r015s006_ses-1_space-MNI152NLin2009aSym_T1w.nii.gz: 'images' must have either 3 or 4 dimensions.
pixdim[0] (qfac) should be 1 (default) or -1; setting qfac to 1
2025-06-14 05:04:57,462 - INFO - pixdim[0] (qfac) should be 1 (default) or -1; setting qfac to 1
2025-06-14 05:04:57,660 - ERROR - Error loading /mnt/beegfs/hellgate/home/rb194958e/Atlas_2/Training/Masks/sub-r015s006_ses-1_space-MNI152NLin2009aSym_label-L_desc-T1lesion_mask.nii.gz: 'images' must have either 3 or 4 dimensions.
2025-06-14 05:04:58,012 - ERROR - Error loading /mnt/beegfs/hellgate/home/rb194958e/Atlas_2/Training/Images/sub-r005s081_ses-1_space-MNI152NLin2009aSym_T1w.nii.gz: 'images' must have either 3 or 4 dimensions.
pixdim[0] (qfac) should be 1 (default) or -1; setting qfac to 1
2025-06-14 05:04:58,021 - INFO - pixdim[0] (qfac) should be 1 (default) or -1; setting qfac to 1
2025-06-14 05:04:58,219 - ERROR - Error loading /mnt/beegfs/hellgate/home/rb194958e/Atlas_2/Training/Masks/sub-r005s081_ses-1_space-MNI152NLin2009aSym_label-L_desc-T1lesion_mask.nii.gz: 'images' must have either 3 or 4 dimensions.
2025-06-14 05:04:58,557 - ERROR - Error loading /mnt/beegfs/hellgate/home/rb194958e/Atlas_2/Training/Images/sub-r002s001_ses-1_space-MNI152NLin2009aSym_T1w.nii.gz: 'images' must have either 3 or 4 dimensions.
pixdim[0] (qfac) should be 1 (default) or -1; setting qfac to 1
2025-06-14 05:04:58,569 - INFO - pixdim[0] (qfac) should be 1 (default) or -1; setting qfac to 1
2025-06-14 05:04:58,767 - ERROR - Error loading /mnt/beegfs/hellgate/home/rb194958e/Atlas_2/Training/Masks/sub-r002s001_ses-1_space-MNI152NLin2009aSym_label-L_desc-T1lesion_mask.nii.gz: 'images' must have either 3 or 4 dimensions.
2025-06-14 05:04:59,117 - ERROR - Error loading /mnt/beegfs/hellgate/home/rb194958e/Atlas_2/Training/Images/sub-r038s010_ses-1_space-MNI152NLin2009aSym_T1w.nii.gz: 'images' must have either 3 or 4 dimensions.
pixdim[0] (qfac) should be 1 (default) or -1; setting qfac to 1
2025-06-14 05:04:59,127 - INFO - pixdim[0] (qfac) should be 1 (default) or -1; setting qfac to 1
2025-06-14 05:04:59,326 - ERROR - Error loading /mnt/beegfs/hellgate/home/rb194958e/Atlas_2/Training/Masks/sub-r038s010_ses-1_space-MNI152NLin2009aSym_label-L_desc-T1lesion_mask.nii.gz: 'images' must have either 3 or 4 dimensions.
2025-06-14 05:04:59,708 - ERROR - Error loading /mnt/beegfs/hellgate/home/rb194958e/Atlas_2/Training/Images/sub-r001s019_ses-1_space-MNI152NLin2009aSym_T1w.nii.gz: 'images' must have either 3 or 4 dimensions.
pixdim[0] (qfac) should be 1 (default) or -1; setting qfac to 1
2025-06-14 05:04:59,719 - INFO - pixdim[0] (qfac) should be 1 (default) or -1; setting qfac to 1
2025-06-14 05:04:59,917 - ERROR - Error loading /mnt/beegfs/hellgate/home/rb194958e/Atlas_2/Training/Masks/sub-r001s019_ses-1_space-MNI152NLin2009aSym_label-L_desc-T1lesion_mask.nii.gz: 'images' must have either 3 or 4 dimensions.
2025-06-14 05:05:00,308 - ERROR - Error loading /mnt/beegfs/hellgate/home/rb194958e/Atlas_2/Training/Images/sub-r001s001_ses-1_space-MNI152NLin2009aSym_T1w.nii.gz: 'images' must have either 3 or 4 dimensions.
pixdim[0] (qfac) should be 1 (default) or -1; setting qfac to 1
2025-06-14 05:05:00,317 - INFO - pixdim[0] (qfac) should be 1 (default) or -1; setting qfac to 1
2025-06-14 05:05:00,514 - ERROR - Error loading /mnt/beegfs/hellgate/home/rb194958e/Atlas_2/Training/Masks/sub-r001s001_ses-1_space-MNI152NLin2009aSym_label-L_desc-T1lesion_mask.nii.gz: 'images' must have either 3 or 4 dimensions.
2025-06-14 05:05:00,854 - ERROR - Error loading /mnt/beegfs/hellgate/home/rb194958e/Atlas_2/Training/Images/sub-r009s045_ses-1_space-MNI152NLin2009aSym_T1w.nii.gz: 'images' must have either 3 or 4 dimensions.
pixdim[0] (qfac) should be 1 (default) or -1; setting qfac to 1
2025-06-14 05:05:00,865 - INFO - pixdim[0] (qfac) should be 1 (default) or -1; setting qfac to 1
2025-06-14 05:05:01,063 - ERROR - Error loading /mnt/beegfs/hellgate/home/rb194958e/Atlas_2/Training/Masks/sub-r009s045_ses-1_space-MNI152NLin2009aSym_label-L_desc-T1lesion_mask.nii.gz: 'images' must have either 3 or 4 dimensions.
2025-06-14 05:05:01,448 - ERROR - Error loading /mnt/beegfs/hellgate/home/rb194958e/Atlas_2/Training/Images/sub-r009s105_ses-1_space-MNI152NLin2009aSym_T1w.nii.gz: 'images' must have either 3 or 4 dimensions.
pixdim[0] (qfac) should be 1 (default) or -1; setting qfac to 1
2025-06-14 05:05:01,458 - INFO - pixdim[0] (qfac) should be 1 (default) or -1; setting qfac to 1
2025-06-14 05:05:01,657 - ERROR - Error loading /mnt/beegfs/hellgate/home/rb194958e/Atlas_2/Training/Masks/sub-r009s105_ses-1_space-MNI152NLin2009aSym_label-L_desc-T1lesion_mask.nii.gz: 'images' must have either 3 or 4 dimensions.
2025-06-14 05:05:02,020 - ERROR - Error loading /mnt/beegfs/hellgate/home/rb194958e/Atlas_2/Training/Images/sub-r024s002_ses-1_space-MNI152NLin2009aSym_T1w.nii.gz: 'images' must have either 3 or 4 dimensions.
pixdim[0] (qfac) should be 1 (default) or -1; setting qfac to 1
2025-06-14 05:05:02,031 - INFO - pixdim[0] (qfac) should be 1 (default) or -1; setting qfac to 1
2025-06-14 05:05:02,227 - ERROR - Error loading /mnt/beegfs/hellgate/home/rb194958e/Atlas_2/Training/Masks/sub-r024s002_ses-1_space-MNI152NLin2009aSym_label-L_desc-T1lesion_mask.nii.gz: 'images' must have either 3 or 4 dimensions.
pixdim[0] (qfac) should be 1 (default) or -1; setting qfac to 1
2025-06-14 05:05:02,300 - INFO - pixdim[0] (qfac) should be 1 (default) or -1; setting qfac to 1
2025-06-14 05:05:02,605 - ERROR - Error loading /mnt/beegfs/hellgate/home/rb194958e/Atlas_2/Training/Images/sub-r009s014_ses-1_space-MNI152NLin2009aSym_T1w.nii.gz: 'images' must have either 3 or 4 dimensions.
pixdim[0] (qfac) should be 1 (default) or -1; setting qfac to 1
2025-06-14 05:05:02,615 - INFO - pixdim[0] (qfac) should be 1 (default) or -1; setting qfac to 1
2025-06-14 05:05:02,813 - ERROR - Error loading /mnt/beegfs/hellgate/home/rb194958e/Atlas_2/Training/Masks/sub-r009s014_ses-1_space-MNI152NLin2009aSym_label-L_desc-T1lesion_mask.nii.gz: 'images' must have either 3 or 4 dimensions.
2025-06-14 05:05:03,200 - ERROR - Error loading /mnt/beegfs/hellgate/home/rb194958e/Atlas_2/Training/Images/sub-r005s045_ses-1_space-MNI152NLin2009aSym_T1w.nii.gz: 'images' must have either 3 or 4 dimensions.
pixdim[0] (qfac) should be 1 (default) or -1; setting qfac to 1
2025-06-14 05:05:03,211 - INFO - pixdim[0] (qfac) should be 1 (default) or -1; setting qfac to 1
2025-06-14 05:05:03,408 - ERROR - Error loading /mnt/beegfs/hellgate/home/rb194958e/Atlas_2/Training/Masks/sub-r005s045_ses-1_space-MNI152NLin2009aSym_label-L_desc-T1lesion_mask.nii.gz: 'images' must have either 3 or 4 dimensions.
2025-06-14 05:05:03,743 - ERROR - Error loading /mnt/beegfs/hellgate/home/rb194958e/Atlas_2/Training/Images/sub-r028s002_ses-1_space-MNI152NLin2009aSym_T1w.nii.gz: 'images' must have either 3 or 4 dimensions.
pixdim[0] (qfac) should be 1 (default) or -1; setting qfac to 1
2025-06-14 05:05:03,754 - INFO - pixdim[0] (qfac) should be 1 (default) or -1; setting qfac to 1
2025-06-14 05:05:03,953 - ERROR - Error loading /mnt/beegfs/hellgate/home/rb194958e/Atlas_2/Training/Masks/sub-r028s002_ses-1_space-MNI152NLin2009aSym_label-L_desc-T1lesion_mask.nii.gz: 'images' must have either 3 or 4 dimensions.
pixdim[0] (qfac) should be 1 (default) or -1; setting qfac to 1
2025-06-14 05:05:04,028 - INFO - pixdim[0] (qfac) should be 1 (default) or -1; setting qfac to 1
2025-06-14 05:05:04,352 - ERROR - Error loading /mnt/beegfs/hellgate/home/rb194958e/Atlas_2/Training/Images/sub-r038s085_ses-1_space-MNI152NLin2009aSym_T1w.nii.gz: 'images' must have either 3 or 4 dimensions.
pixdim[0] (qfac) should be 1 (default) or -1; setting qfac to 1
2025-06-14 05:05:04,362 - INFO - pixdim[0] (qfac) should be 1 (default) or -1; setting qfac to 1
2025-06-14 05:05:04,560 - ERROR - Error loading /mnt/beegfs/hellgate/home/rb194958e/Atlas_2/Training/Masks/sub-r038s085_ses-1_space-MNI152NLin2009aSym_label-L_desc-T1lesion_mask.nii.gz: 'images' must have either 3 or 4 dimensions.
2025-06-14 05:05:04,943 - ERROR - Error loading /mnt/beegfs/hellgate/home/rb194958e/Atlas_2/Training/Images/sub-r001s036_ses-1_space-MNI152NLin2009aSym_T1w.nii.gz: 'images' must have either 3 or 4 dimensions.
pixdim[0] (qfac) should be 1 (default) or -1; setting qfac to 1
2025-06-14 05:05:04,953 - INFO - pixdim[0] (qfac) should be 1 (default) or -1; setting qfac to 1
2025-06-14 05:05:05,151 - ERROR - Error loading /mnt/beegfs/hellgate/home/rb194958e/Atlas_2/Training/Masks/sub-r001s036_ses-1_space-MNI152NLin2009aSym_label-L_desc-T1lesion_mask.nii.gz: 'images' must have either 3 or 4 dimensions.
2025-06-14 05:05:05,511 - ERROR - Error loading /mnt/beegfs/hellgate/home/rb194958e/Atlas_2/Training/Images/sub-r009s072_ses-1_space-MNI152NLin2009aSym_T1w.nii.gz: 'images' must have either 3 or 4 dimensions.
pixdim[0] (qfac) should be 1 (default) or -1; setting qfac to 1
2025-06-14 05:05:05,522 - INFO - pixdim[0] (qfac) should be 1 (default) or -1; setting qfac to 1
2025-06-14 05:05:05,721 - ERROR - Error loading /mnt/beegfs/hellgate/home/rb194958e/Atlas_2/Training/Masks/sub-r009s072_ses-1_space-MNI152NLin2009aSym_label-L_desc-T1lesion_mask.nii.gz: 'images' must have either 3 or 4 dimensions.
2025-06-14 05:05:06,096 - ERROR - Error loading /mnt/beegfs/hellgate/home/rb194958e/Atlas_2/Training/Images/sub-r047s007_ses-1_space-MNI152NLin2009aSym_T1w.nii.gz: 'images' must have either 3 or 4 dimensions.
pixdim[0] (qfac) should be 1 (default) or -1; setting qfac to 1
2025-06-14 05:05:06,106 - INFO - pixdim[0] (qfac) should be 1 (default) or -1; setting qfac to 1
2025-06-14 05:05:06,304 - ERROR - Error loading /mnt/beegfs/hellgate/home/rb194958e/Atlas_2/Training/Masks/sub-r047s007_ses-1_space-MNI152NLin2009aSym_label-L_desc-T1lesion_mask.nii.gz: 'images' must have either 3 or 4 dimensions.
2025-06-14 05:05:06,684 - ERROR - Error loading /mnt/beegfs/hellgate/home/rb194958e/Atlas_2/Training/Images/sub-r023s017_ses-1_space-MNI152NLin2009aSym_T1w.nii.gz: 'images' must have either 3 or 4 dimensions.
pixdim[0] (qfac) should be 1 (default) or -1; setting qfac to 1
2025-06-14 05:05:06,696 - INFO - pixdim[0] (qfac) should be 1 (default) or -1; setting qfac to 1
2025-06-14 05:05:06,892 - ERROR - Error loading /mnt/beegfs/hellgate/home/rb194958e/Atlas_2/Training/Masks/sub-r023s017_ses-1_space-MNI152NLin2009aSym_label-L_desc-T1lesion_mask.nii.gz: 'images' must have either 3 or 4 dimensions.
2025-06-14 05:05:07,260 - ERROR - Error loading /mnt/beegfs/hellgate/home/rb194958e/Atlas_2/Training/Images/sub-r027s035_ses-1_space-MNI152NLin2009aSym_T1w.nii.gz: 'images' must have either 3 or 4 dimensions.
pixdim[0] (qfac) should be 1 (default) or -1; setting qfac to 1
2025-06-14 05:05:07,269 - INFO - pixdim[0] (qfac) should be 1 (default) or -1; setting qfac to 1
2025-06-14 05:05:07,468 - ERROR - Error loading /mnt/beegfs/hellgate/home/rb194958e/Atlas_2/Training/Masks/sub-r027s035_ses-1_space-MNI152NLin2009aSym_label-L_desc-T1lesion_mask.nii.gz: 'images' must have either 3 or 4 dimensions.
2025-06-14 05:05:07,893 - ERROR - Error loading /mnt/beegfs/hellgate/home/rb194958e/Atlas_2/Training/Images/sub-r011s013_ses-1_space-MNI152NLin2009aSym_T1w.nii.gz: 'images' must have either 3 or 4 dimensions.
pixdim[0] (qfac) should be 1 (default) or -1; setting qfac to 1
2025-06-14 05:05:07,903 - INFO - pixdim[0] (qfac) should be 1 (default) or -1; setting qfac to 1
2025-06-14 05:05:08,102 - ERROR - Error loading /mnt/beegfs/hellgate/home/rb194958e/Atlas_2/Training/Masks/sub-r011s013_ses-1_space-MNI152NLin2009aSym_label-L_desc-T1lesion_mask.nii.gz: 'images' must have either 3 or 4 dimensions.
2025-06-14 05:05:08,472 - ERROR - Error loading /mnt/beegfs/hellgate/home/rb194958e/Atlas_2/Training/Images/sub-r009s099_ses-1_space-MNI152NLin2009aSym_T1w.nii.gz: 'images' must have either 3 or 4 dimensions.
pixdim[0] (qfac) should be 1 (default) or -1; setting qfac to 1
2025-06-14 05:05:08,481 - INFO - pixdim[0] (qfac) should be 1 (default) or -1; setting qfac to 1
2025-06-14 05:05:08,680 - ERROR - Error loading /mnt/beegfs/hellgate/home/rb194958e/Atlas_2/Training/Masks/sub-r009s099_ses-1_space-MNI152NLin2009aSym_label-L_desc-T1lesion_mask.nii.gz: 'images' must have either 3 or 4 dimensions.
2025-06-14 05:05:09,045 - ERROR - Error loading /mnt/beegfs/hellgate/home/rb194958e/Atlas_2/Training/Images/sub-r034s008_ses-1_space-MNI152NLin2009aSym_T1w.nii.gz: 'images' must have either 3 or 4 dimensions.
pixdim[0] (qfac) should be 1 (default) or -1; setting qfac to 1
2025-06-14 05:05:09,056 - INFO - pixdim[0] (qfac) should be 1 (default) or -1; setting qfac to 1
2025-06-14 05:05:09,255 - ERROR - Error loading /mnt/beegfs/hellgate/home/rb194958e/Atlas_2/Training/Masks/sub-r034s008_ses-1_space-MNI152NLin2009aSym_label-L_desc-T1lesion_mask.nii.gz: 'images' must have either 3 or 4 dimensions.
2025-06-14 05:05:09,609 - ERROR - Error loading /mnt/beegfs/hellgate/home/rb194958e/Atlas_2/Training/Images/sub-r034s010_ses-1_space-MNI152NLin2009aSym_T1w.nii.gz: 'images' must have either 3 or 4 dimensions.
pixdim[0] (qfac) should be 1 (default) or -1; setting qfac to 1
2025-06-14 05:05:09,620 - INFO - pixdim[0] (qfac) should be 1 (default) or -1; setting qfac to 1
2025-06-14 05:05:09,818 - ERROR - Error loading /mnt/beegfs/hellgate/home/rb194958e/Atlas_2/Training/Masks/sub-r034s010_ses-1_space-MNI152NLin2009aSym_label-L_desc-T1lesion_mask.nii.gz: 'images' must have either 3 or 4 dimensions.
2025-06-14 05:05:10,266 - ERROR - Error loading /mnt/beegfs/hellgate/home/rb194958e/Atlas_2/Training/Images/sub-r040s074_ses-1_space-MNI152NLin2009aSym_T1w.nii.gz: 'images' must have either 3 or 4 dimensions.
pixdim[0] (qfac) should be 1 (default) or -1; setting qfac to 1
2025-06-14 05:05:10,276 - INFO - pixdim[0] (qfac) should be 1 (default) or -1; setting qfac to 1
2025-06-14 05:05:10,473 - ERROR - Error loading /mnt/beegfs/hellgate/home/rb194958e/Atlas_2/Training/Masks/sub-r040s074_ses-1_space-MNI152NLin2009aSym_label-L_desc-T1lesion_mask.nii.gz: 'images' must have either 3 or 4 dimensions.
2025-06-14 05:05:10,805 - ERROR - Error loading /mnt/beegfs/hellgate/home/rb194958e/Atlas_2/Training/Images/sub-r004s036_ses-1_space-MNI152NLin2009aSym_T1w.nii.gz: 'images' must have either 3 or 4 dimensions.
pixdim[0] (qfac) should be 1 (default) or -1; setting qfac to 1
2025-06-14 05:05:10,815 - INFO - pixdim[0] (qfac) should be 1 (default) or -1; setting qfac to 1
2025-06-14 05:05:11,013 - ERROR - Error loading /mnt/beegfs/hellgate/home/rb194958e/Atlas_2/Training/Masks/sub-r004s036_ses-1_space-MNI152NLin2009aSym_label-L_desc-T1lesion_mask.nii.gz: 'images' must have either 3 or 4 dimensions.
2025-06-14 05:05:11,371 - ERROR - Error loading /mnt/beegfs/hellgate/home/rb194958e/Atlas_2/Training/Images/sub-r003s014_ses-1_space-MNI152NLin2009aSym_T1w.nii.gz: 'images' must have either 3 or 4 dimensions.
pixdim[0] (qfac) should be 1 (default) or -1; setting qfac to 1
2025-06-14 05:05:11,382 - INFO - pixdim[0] (qfac) should be 1 (default) or -1; setting qfac to 1
2025-06-14 05:05:11,581 - ERROR - Error loading /mnt/beegfs/hellgate/home/rb194958e/Atlas_2/Training/Masks/sub-r003s014_ses-1_space-MNI152NLin2009aSym_label-L_desc-T1lesion_mask.nii.gz: 'images' must have either 3 or 4 dimensions.
2025-06-14 05:05:11,908 - ERROR - Error loading /mnt/beegfs/hellgate/home/rb194958e/Atlas_2/Training/Images/sub-r031s010_ses-1_space-MNI152NLin2009aSym_T1w.nii.gz: 'images' must have either 3 or 4 dimensions.
pixdim[0] (qfac) should be 1 (default) or -1; setting qfac to 1
2025-06-14 05:05:11,917 - INFO - pixdim[0] (qfac) should be 1 (default) or -1; setting qfac to 1
2025-06-14 05:05:12,116 - ERROR - Error loading /mnt/beegfs/hellgate/home/rb194958e/Atlas_2/Training/Masks/sub-r031s010_ses-1_space-MNI152NLin2009aSym_label-L_desc-T1lesion_mask.nii.gz: 'images' must have either 3 or 4 dimensions.
2025-06-14 05:05:12,443 - ERROR - Error loading /mnt/beegfs/hellgate/home/rb194958e/Atlas_2/Training/Images/sub-r031s008_ses-1_space-MNI152NLin2009aSym_T1w.nii.gz: 'images' must have either 3 or 4 dimensions.
pixdim[0] (qfac) should be 1 (default) or -1; setting qfac to 1
2025-06-14 05:05:12,454 - INFO - pixdim[0] (qfac) should be 1 (default) or -1; setting qfac to 1
2025-06-14 05:05:12,651 - ERROR - Error loading /mnt/beegfs/hellgate/home/rb194958e/Atlas_2/Training/Masks/sub-r031s008_ses-1_space-MNI152NLin2009aSym_label-L_desc-T1lesion_mask.nii.gz: 'images' must have either 3 or 4 dimensions.
2025-06-14 05:05:13,006 - ERROR - Error loading /mnt/beegfs/hellgate/home/rb194958e/Atlas_2/Training/Images/sub-r049s012_ses-1_space-MNI152NLin2009aSym_T1w.nii.gz: 'images' must have either 3 or 4 dimensions.
pixdim[0] (qfac) should be 1 (default) or -1; setting qfac to 1
2025-06-14 05:05:13,016 - INFO - pixdim[0] (qfac) should be 1 (default) or -1; setting qfac to 1
2025-06-14 05:05:13,216 - ERROR - Error loading /mnt/beegfs/hellgate/home/rb194958e/Atlas_2/Training/Masks/sub-r049s012_ses-1_space-MNI152NLin2009aSym_label-L_desc-T1lesion_mask.nii.gz: 'images' must have either 3 or 4 dimensions.
2025-06-14 05:05:13,600 - ERROR - Error loading /mnt/beegfs/hellgate/home/rb194958e/Atlas_2/Training/Images/sub-r010s029_ses-1_space-MNI152NLin2009aSym_T1w.nii.gz: 'images' must have either 3 or 4 dimensions.
pixdim[0] (qfac) should be 1 (default) or -1; setting qfac to 1
2025-06-14 05:05:13,611 - INFO - pixdim[0] (qfac) should be 1 (default) or -1; setting qfac to 1
2025-06-14 05:05:13,808 - ERROR - Error loading /mnt/beegfs/hellgate/home/rb194958e/Atlas_2/Training/Masks/sub-r010s029_ses-1_space-MNI152NLin2009aSym_label-L_desc-T1lesion_mask.nii.gz: 'images' must have either 3 or 4 dimensions.
2025-06-14 05:05:14,184 - ERROR - Error loading /mnt/beegfs/hellgate/home/rb194958e/Atlas_2/Training/Images/sub-r045s002_ses-1_space-MNI152NLin2009aSym_T1w.nii.gz: 'images' must have either 3 or 4 dimensions.
pixdim[0] (qfac) should be 1 (default) or -1; setting qfac to 1
2025-06-14 05:05:14,193 - INFO - pixdim[0] (qfac) should be 1 (default) or -1; setting qfac to 1
2025-06-14 05:05:14,391 - ERROR - Error loading /mnt/beegfs/hellgate/home/rb194958e/Atlas_2/Training/Masks/sub-r045s002_ses-1_space-MNI152NLin2009aSym_label-L_desc-T1lesion_mask.nii.gz: 'images' must have either 3 or 4 dimensions.
2025-06-14 05:05:14,816 - ERROR - Error loading /mnt/beegfs/hellgate/home/rb194958e/Atlas_2/Training/Images/sub-r010s016_ses-1_space-MNI152NLin2009aSym_T1w.nii.gz: 'images' must have either 3 or 4 dimensions.
pixdim[0] (qfac) should be 1 (default) or -1; setting qfac to 1
2025-06-14 05:05:14,827 - INFO - pixdim[0] (qfac) should be 1 (default) or -1; setting qfac to 1
2025-06-14 05:05:15,025 - ERROR - Error loading /mnt/beegfs/hellgate/home/rb194958e/Atlas_2/Training/Masks/sub-r010s016_ses-1_space-MNI152NLin2009aSym_label-L_desc-T1lesion_mask.nii.gz: 'images' must have either 3 or 4 dimensions.
2025-06-14 05:05:15,340 - ERROR - Error loading /mnt/beegfs/hellgate/home/rb194958e/Atlas_2/Training/Images/sub-r031s037_ses-1_space-MNI152NLin2009aSym_T1w.nii.gz: 'images' must have either 3 or 4 dimensions.
pixdim[0] (qfac) should be 1 (default) or -1; setting qfac to 1
2025-06-14 05:05:15,349 - INFO - pixdim[0] (qfac) should be 1 (default) or -1; setting qfac to 1
2025-06-14 05:05:15,548 - ERROR - Error loading /mnt/beegfs/hellgate/home/rb194958e/Atlas_2/Training/Masks/sub-r031s037_ses-1_space-MNI152NLin2009aSym_label-L_desc-T1lesion_mask.nii.gz: 'images' must have either 3 or 4 dimensions.
2025-06-14 05:05:15,816 - ERROR - Error loading /mnt/beegfs/hellgate/home/rb194958e/Atlas_2/Training/Images/sub-r029s007_ses-1_space-MNI152NLin2009aSym_T1w.nii.gz: 'images' must have either 3 or 4 dimensions.
pixdim[0] (qfac) should be 1 (default) or -1; setting qfac to 1
2025-06-14 05:05:15,827 - INFO - pixdim[0] (qfac) should be 1 (default) or -1; setting qfac to 1
2025-06-14 05:05:16,025 - ERROR - Error loading /mnt/beegfs/hellgate/home/rb194958e/Atlas_2/Training/Masks/sub-r029s007_ses-1_space-MNI152NLin2009aSym_label-L_desc-T1lesion_mask.nii.gz: 'images' must have either 3 or 4 dimensions.
2025-06-14 05:05:16,372 - ERROR - Error loading /mnt/beegfs/hellgate/home/rb194958e/Atlas_2/Training/Images/sub-r004s011_ses-1_space-MNI152NLin2009aSym_T1w.nii.gz: 'images' must have either 3 or 4 dimensions.
pixdim[0] (qfac) should be 1 (default) or -1; setting qfac to 1
2025-06-14 05:05:16,383 - INFO - pixdim[0] (qfac) should be 1 (default) or -1; setting qfac to 1
2025-06-14 05:05:16,580 - ERROR - Error loading /mnt/beegfs/hellgate/home/rb194958e/Atlas_2/Training/Masks/sub-r004s011_ses-1_space-MNI152NLin2009aSym_label-L_desc-T1lesion_mask.nii.gz: 'images' must have either 3 or 4 dimensions.
2025-06-14 05:05:16,942 - ERROR - Error loading /mnt/beegfs/hellgate/home/rb194958e/Atlas_2/Training/Images/sub-r004s009_ses-1_space-MNI152NLin2009aSym_T1w.nii.gz: 'images' must have either 3 or 4 dimensions.
pixdim[0] (qfac) should be 1 (default) or -1; setting qfac to 1
2025-06-14 05:05:16,953 - INFO - pixdim[0] (qfac) should be 1 (default) or -1; setting qfac to 1
2025-06-14 05:05:17,149 - ERROR - Error loading /mnt/beegfs/hellgate/home/rb194958e/Atlas_2/Training/Masks/sub-r004s009_ses-1_space-MNI152NLin2009aSym_label-L_desc-T1lesion_mask.nii.gz: 'images' must have either 3 or 4 dimensions.
2025-06-14 05:05:17,504 - ERROR - Error loading /mnt/beegfs/hellgate/home/rb194958e/Atlas_2/Training/Images/sub-r002s009_ses-1_space-MNI152NLin2009aSym_T1w.nii.gz: 'images' must have either 3 or 4 dimensions.
pixdim[0] (qfac) should be 1 (default) or -1; setting qfac to 1
2025-06-14 05:05:17,514 - INFO - pixdim[0] (qfac) should be 1 (default) or -1; setting qfac to 1
2025-06-14 05:05:17,712 - ERROR - Error loading /mnt/beegfs/hellgate/home/rb194958e/Atlas_2/Training/Masks/sub-r002s009_ses-1_space-MNI152NLin2009aSym_label-L_desc-T1lesion_mask.nii.gz: 'images' must have either 3 or 4 dimensions.
2025-06-14 05:05:18,080 - ERROR - Error loading /mnt/beegfs/hellgate/home/rb194958e/Atlas_2/Training/Images/sub-r002s011_ses-1_space-MNI152NLin2009aSym_T1w.nii.gz: 'images' must have either 3 or 4 dimensions.
pixdim[0] (qfac) should be 1 (default) or -1; setting qfac to 1
2025-06-14 05:05:18,089 - INFO - pixdim[0] (qfac) should be 1 (default) or -1; setting qfac to 1
2025-06-14 05:05:18,286 - ERROR - Error loading /mnt/beegfs/hellgate/home/rb194958e/Atlas_2/Training/Masks/sub-r002s011_ses-1_space-MNI152NLin2009aSym_label-L_desc-T1lesion_mask.nii.gz: 'images' must have either 3 or 4 dimensions.
2025-06-14 05:05:18,646 - ERROR - Error loading /mnt/beegfs/hellgate/home/rb194958e/Atlas_2/Training/Images/sub-r038s018_ses-1_space-MNI152NLin2009aSym_T1w.nii.gz: 'images' must have either 3 or 4 dimensions.
pixdim[0] (qfac) should be 1 (default) or -1; setting qfac to 1
2025-06-14 05:05:18,656 - INFO - pixdim[0] (qfac) should be 1 (default) or -1; setting qfac to 1
2025-06-14 05:05:18,855 - ERROR - Error loading /mnt/beegfs/hellgate/home/rb194958e/Atlas_2/Training/Masks/sub-r038s018_ses-1_space-MNI152NLin2009aSym_label-L_desc-T1lesion_mask.nii.gz: 'images' must have either 3 or 4 dimensions.
2025-06-14 05:05:19,229 - ERROR - Error loading /mnt/beegfs/hellgate/home/rb194958e/Atlas_2/Training/Images/sub-r040s002_ses-1_space-MNI152NLin2009aSym_T1w.nii.gz: 'images' must have either 3 or 4 dimensions.
pixdim[0] (qfac) should be 1 (default) or -1; setting qfac to 1
2025-06-14 05:05:19,239 - INFO - pixdim[0] (qfac) should be 1 (default) or -1; setting qfac to 1
2025-06-14 05:05:19,437 - ERROR - Error loading /mnt/beegfs/hellgate/home/rb194958e/Atlas_2/Training/Masks/sub-r040s002_ses-1_space-MNI152NLin2009aSym_label-L_desc-T1lesion_mask.nii.gz: 'images' must have either 3 or 4 dimensions.
2025-06-14 05:05:19,855 - ERROR - Error loading /mnt/beegfs/hellgate/home/rb194958e/Atlas_2/Training/Images/sub-r040s053_ses-1_space-MNI152NLin2009aSym_T1w.nii.gz: 'images' must have either 3 or 4 dimensions.
pixdim[0] (qfac) should be 1 (default) or -1; setting qfac to 1
2025-06-14 05:05:19,865 - INFO - pixdim[0] (qfac) should be 1 (default) or -1; setting qfac to 1
2025-06-14 05:05:20,060 - ERROR - Error loading /mnt/beegfs/hellgate/home/rb194958e/Atlas_2/Training/Masks/sub-r040s053_ses-1_space-MNI152NLin2009aSym_label-L_desc-T1lesion_mask.nii.gz: 'images' must have either 3 or 4 dimensions.
pixdim[0] (qfac) should be 1 (default) or -1; setting qfac to 1
2025-06-14 05:05:20,134 - INFO - pixdim[0] (qfac) should be 1 (default) or -1; setting qfac to 1
2025-06-14 05:05:20,454 - ERROR - Error loading /mnt/beegfs/hellgate/home/rb194958e/Atlas_2/Training/Images/sub-r038s049_ses-1_space-MNI152NLin2009aSym_T1w.nii.gz: 'images' must have either 3 or 4 dimensions.
pixdim[0] (qfac) should be 1 (default) or -1; setting qfac to 1
2025-06-14 05:05:20,465 - INFO - pixdim[0] (qfac) should be 1 (default) or -1; setting qfac to 1
2025-06-14 05:05:20,662 - ERROR - Error loading /mnt/beegfs/hellgate/home/rb194958e/Atlas_2/Training/Masks/sub-r038s049_ses-1_space-MNI152NLin2009aSym_label-L_desc-T1lesion_mask.nii.gz: 'images' must have either 3 or 4 dimensions.
2025-06-14 05:05:21,003 - ERROR - Error loading /mnt/beegfs/hellgate/home/rb194958e/Atlas_2/Training/Images/sub-r034s037_ses-1_space-MNI152NLin2009aSym_T1w.nii.gz: 'images' must have either 3 or 4 dimensions.
pixdim[0] (qfac) should be 1 (default) or -1; setting qfac to 1
2025-06-14 05:05:21,013 - INFO - pixdim[0] (qfac) should be 1 (default) or -1; setting qfac to 1
2025-06-14 05:05:21,211 - ERROR - Error loading /mnt/beegfs/hellgate/home/rb194958e/Atlas_2/Training/Masks/sub-r034s037_ses-1_space-MNI152NLin2009aSym_label-L_desc-T1lesion_mask.nii.gz: 'images' must have either 3 or 4 dimensions.
2025-06-14 05:05:21,557 - ERROR - Error loading /mnt/beegfs/hellgate/home/rb194958e/Atlas_2/Training/Images/sub-r015s016_ses-1_space-MNI152NLin2009aSym_T1w.nii.gz: 'images' must have either 3 or 4 dimensions.
pixdim[0] (qfac) should be 1 (default) or -1; setting qfac to 1
2025-06-14 05:05:21,568 - INFO - pixdim[0] (qfac) should be 1 (default) or -1; setting qfac to 1
2025-06-14 05:05:21,764 - ERROR - Error loading /mnt/beegfs/hellgate/home/rb194958e/Atlas_2/Training/Masks/sub-r015s016_ses-1_space-MNI152NLin2009aSym_label-L_desc-T1lesion_mask.nii.gz: 'images' must have either 3 or 4 dimensions.
2025-06-14 05:05:22,189 - ERROR - Error loading /mnt/beegfs/hellgate/home/rb194958e/Atlas_2/Training/Images/sub-r011s034_ses-1_space-MNI152NLin2009aSym_T1w.nii.gz: 'images' must have either 3 or 4 dimensions.
pixdim[0] (qfac) should be 1 (default) or -1; setting qfac to 1
2025-06-14 05:05:22,198 - INFO - pixdim[0] (qfac) should be 1 (default) or -1; setting qfac to 1
2025-06-14 05:05:22,391 - ERROR - Error loading /mnt/beegfs/hellgate/home/rb194958e/Atlas_2/Training/Masks/sub-r011s034_ses-1_space-MNI152NLin2009aSym_label-L_desc-T1lesion_mask.nii.gz: 'images' must have either 3 or 4 dimensions.
2025-06-14 05:05:22,750 - ERROR - Error loading /mnt/beegfs/hellgate/home/rb194958e/Atlas_2/Training/Images/sub-r009s004_ses-1_space-MNI152NLin2009aSym_T1w.nii.gz: 'images' must have either 3 or 4 dimensions.
pixdim[0] (qfac) should be 1 (default) or -1; setting qfac to 1
2025-06-14 05:05:22,761 - INFO - pixdim[0] (qfac) should be 1 (default) or -1; setting qfac to 1
2025-06-14 05:05:22,958 - ERROR - Error loading /mnt/beegfs/hellgate/home/rb194958e/Atlas_2/Training/Masks/sub-r009s004_ses-1_space-MNI152NLin2009aSym_label-L_desc-T1lesion_mask.nii.gz: 'images' must have either 3 or 4 dimensions.
2025-06-14 05:05:23,334 - ERROR - Error loading /mnt/beegfs/hellgate/home/rb194958e/Atlas_2/Training/Images/sub-r001s009_ses-1_space-MNI152NLin2009aSym_T1w.nii.gz: 'images' must have either 3 or 4 dimensions.
pixdim[0] (qfac) should be 1 (default) or -1; setting qfac to 1
2025-06-14 05:05:23,345 - INFO - pixdim[0] (qfac) should be 1 (default) or -1; setting qfac to 1
2025-06-14 05:05:23,538 - ERROR - Error loading /mnt/beegfs/hellgate/home/rb194958e/Atlas_2/Training/Masks/sub-r001s009_ses-1_space-MNI152NLin2009aSym_label-L_desc-T1lesion_mask.nii.gz: 'images' must have either 3 or 4 dimensions.
2025-06-14 05:05:23,887 - ERROR - Error loading /mnt/beegfs/hellgate/home/rb194958e/Atlas_2/Training/Images/sub-r009s055_ses-1_space-MNI152NLin2009aSym_T1w.nii.gz: 'images' must have either 3 or 4 dimensions.
pixdim[0] (qfac) should be 1 (default) or -1; setting qfac to 1
2025-06-14 05:05:23,897 - INFO - pixdim[0] (qfac) should be 1 (default) or -1; setting qfac to 1
2025-06-14 05:05:24,095 - ERROR - Error loading /mnt/beegfs/hellgate/home/rb194958e/Atlas_2/Training/Masks/sub-r009s055_ses-1_space-MNI152NLin2009aSym_label-L_desc-T1lesion_mask.nii.gz: 'images' must have either 3 or 4 dimensions.
2025-06-14 05:05:24,466 - ERROR - Error loading /mnt/beegfs/hellgate/home/rb194958e/Atlas_2/Training/Images/sub-r001s011_ses-1_space-MNI152NLin2009aSym_T1w.nii.gz: 'images' must have either 3 or 4 dimensions.
pixdim[0] (qfac) should be 1 (default) or -1; setting qfac to 1
2025-06-14 05:05:24,477 - INFO - pixdim[0] (qfac) should be 1 (default) or -1; setting qfac to 1
2025-06-14 05:05:24,675 - ERROR - Error loading /mnt/beegfs/hellgate/home/rb194958e/Atlas_2/Training/Masks/sub-r001s011_ses-1_space-MNI152NLin2009aSym_label-L_desc-T1lesion_mask.nii.gz: 'images' must have either 3 or 4 dimensions.
2025-06-14 05:05:25,044 - ERROR - Error loading /mnt/beegfs/hellgate/home/rb194958e/Atlas_2/Training/Images/sub-r047s038_ses-1_space-MNI152NLin2009aSym_T1w.nii.gz: 'images' must have either 3 or 4 dimensions.
pixdim[0] (qfac) should be 1 (default) or -1; setting qfac to 1
2025-06-14 05:05:25,056 - INFO - pixdim[0] (qfac) should be 1 (default) or -1; setting qfac to 1
2025-06-14 05:05:25,253 - ERROR - Error loading /mnt/beegfs/hellgate/home/rb194958e/Atlas_2/Training/Masks/sub-r047s038_ses-1_space-MNI152NLin2009aSym_label-L_desc-T1lesion_mask.nii.gz: 'images' must have either 3 or 4 dimensions.
2025-06-14 05:05:25,614 - ERROR - Error loading /mnt/beegfs/hellgate/home/rb194958e/Atlas_2/Training/Images/sub-r009s115_ses-1_space-MNI152NLin2009aSym_T1w.nii.gz: 'images' must have either 3 or 4 dimensions.
pixdim[0] (qfac) should be 1 (default) or -1; setting qfac to 1
2025-06-14 05:05:25,625 - INFO - pixdim[0] (qfac) should be 1 (default) or -1; setting qfac to 1
2025-06-14 05:05:25,824 - ERROR - Error loading /mnt/beegfs/hellgate/home/rb194958e/Atlas_2/Training/Masks/sub-r009s115_ses-1_space-MNI152NLin2009aSym_label-L_desc-T1lesion_mask.nii.gz: 'images' must have either 3 or 4 dimensions.
2025-06-14 05:05:26,185 - ERROR - Error loading /mnt/beegfs/hellgate/home/rb194958e/Atlas_2/Training/Images/sub-r024s012_ses-1_space-MNI152NLin2009aSym_T1w.nii.gz: 'images' must have either 3 or 4 dimensions.
pixdim[0] (qfac) should be 1 (default) or -1; setting qfac to 1
2025-06-14 05:05:26,196 - INFO - pixdim[0] (qfac) should be 1 (default) or -1; setting qfac to 1
2025-06-14 05:05:26,388 - ERROR - Error loading /mnt/beegfs/hellgate/home/rb194958e/Atlas_2/Training/Masks/sub-r024s012_ses-1_space-MNI152NLin2009aSym_label-L_desc-T1lesion_mask.nii.gz: 'images' must have either 3 or 4 dimensions.
2025-06-14 05:05:26,749 - ERROR - Error loading /mnt/beegfs/hellgate/home/rb194958e/Atlas_2/Training/Images/sub-r009s122_ses-1_space-MNI152NLin2009aSym_T1w.nii.gz: 'images' must have either 3 or 4 dimensions.
pixdim[0] (qfac) should be 1 (default) or -1; setting qfac to 1
2025-06-14 05:05:26,760 - INFO - pixdim[0] (qfac) should be 1 (default) or -1; setting qfac to 1
2025-06-14 05:05:26,959 - ERROR - Error loading /mnt/beegfs/hellgate/home/rb194958e/Atlas_2/Training/Masks/sub-r009s122_ses-1_space-MNI152NLin2009aSym_label-L_desc-T1lesion_mask.nii.gz: 'images' must have either 3 or 4 dimensions.
2025-06-14 05:05:27,315 - ERROR - Error loading /mnt/beegfs/hellgate/home/rb194958e/Atlas_2/Training/Images/sub-r009s062_ses-1_space-MNI152NLin2009aSym_T1w.nii.gz: 'images' must have either 3 or 4 dimensions.
pixdim[0] (qfac) should be 1 (default) or -1; setting qfac to 1
2025-06-14 05:05:27,327 - INFO - pixdim[0] (qfac) should be 1 (default) or -1; setting qfac to 1
2025-06-14 05:05:27,519 - ERROR - Error loading /mnt/beegfs/hellgate/home/rb194958e/Atlas_2/Training/Masks/sub-r009s062_ses-1_space-MNI152NLin2009aSym_label-L_desc-T1lesion_mask.nii.gz: 'images' must have either 3 or 4 dimensions.
2025-06-14 05:05:27,879 - ERROR - Error loading /mnt/beegfs/hellgate/home/rb194958e/Atlas_2/Training/Images/sub-r001s026_ses-1_space-MNI152NLin2009aSym_T1w.nii.gz: 'images' must have either 3 or 4 dimensions.
pixdim[0] (qfac) should be 1 (default) or -1; setting qfac to 1
2025-06-14 05:05:27,889 - INFO - pixdim[0] (qfac) should be 1 (default) or -1; setting qfac to 1
2025-06-14 05:05:28,084 - ERROR - Error loading /mnt/beegfs/hellgate/home/rb194958e/Atlas_2/Training/Masks/sub-r001s026_ses-1_space-MNI152NLin2009aSym_label-L_desc-T1lesion_mask.nii.gz: 'images' must have either 3 or 4 dimensions.
2025-06-14 05:05:28,450 - ERROR - Error loading /mnt/beegfs/hellgate/home/rb194958e/Atlas_2/Training/Images/sub-r047s017_ses-1_space-MNI152NLin2009aSym_T1w.nii.gz: 'images' must have either 3 or 4 dimensions.
pixdim[0] (qfac) should be 1 (default) or -1; setting qfac to 1
2025-06-14 05:05:28,461 - INFO - pixdim[0] (qfac) should be 1 (default) or -1; setting qfac to 1
2025-06-14 05:05:28,653 - ERROR - Error loading /mnt/beegfs/hellgate/home/rb194958e/Atlas_2/Training/Masks/sub-r047s017_ses-1_space-MNI152NLin2009aSym_label-L_desc-T1lesion_mask.nii.gz: 'images' must have either 3 or 4 dimensions.
2025-06-14 05:05:29,013 - ERROR - Error loading /mnt/beegfs/hellgate/home/rb194958e/Atlas_2/Training/Images/sub-r005s055_ses-1_space-MNI152NLin2009aSym_T1w.nii.gz: 'images' must have either 3 or 4 dimensions.
pixdim[0] (qfac) should be 1 (default) or -1; setting qfac to 1
2025-06-14 05:05:29,023 - INFO - pixdim[0] (qfac) should be 1 (default) or -1; setting qfac to 1
2025-06-14 05:05:29,216 - ERROR - Error loading /mnt/beegfs/hellgate/home/rb194958e/Atlas_2/Training/Masks/sub-r005s055_ses-1_space-MNI152NLin2009aSym_label-L_desc-T1lesion_mask.nii.gz: 'images' must have either 3 or 4 dimensions.
2025-06-14 05:05:29,571 - ERROR - Error loading /mnt/beegfs/hellgate/home/rb194958e/Atlas_2/Training/Images/sub-r047s046_ses-1_space-MNI152NLin2009aSym_T1w.nii.gz: 'images' must have either 3 or 4 dimensions.
pixdim[0] (qfac) should be 1 (default) or -1; setting qfac to 1
2025-06-14 05:05:29,581 - INFO - pixdim[0] (qfac) should be 1 (default) or -1; setting qfac to 1
2025-06-14 05:05:29,773 - ERROR - Error loading /mnt/beegfs/hellgate/home/rb194958e/Atlas_2/Training/Masks/sub-r047s046_ses-1_space-MNI152NLin2009aSym_label-L_desc-T1lesion_mask.nii.gz: 'images' must have either 3 or 4 dimensions.
2025-06-14 05:05:30,092 - ERROR - Error loading /mnt/beegfs/hellgate/home/rb194958e/Atlas_2/Training/Images/sub-r028s012_ses-1_space-MNI152NLin2009aSym_T1w.nii.gz: 'images' must have either 3 or 4 dimensions.
pixdim[0] (qfac) should be 1 (default) or -1; setting qfac to 1
2025-06-14 05:05:30,103 - INFO - pixdim[0] (qfac) should be 1 (default) or -1; setting qfac to 1
2025-06-14 05:05:30,296 - ERROR - Error loading /mnt/beegfs/hellgate/home/rb194958e/Atlas_2/Training/Masks/sub-r028s012_ses-1_space-MNI152NLin2009aSym_label-L_desc-T1lesion_mask.nii.gz: 'images' must have either 3 or 4 dimensions.
2025-06-14 05:05:30,632 - ERROR - Error loading /mnt/beegfs/hellgate/home/rb194958e/Atlas_2/Training/Images/sub-r050s008_ses-1_space-MNI152NLin2009aSym_T1w.nii.gz: 'images' must have either 3 or 4 dimensions.
pixdim[0] (qfac) should be 1 (default) or -1; setting qfac to 1
2025-06-14 05:05:30,642 - INFO - pixdim[0] (qfac) should be 1 (default) or -1; setting qfac to 1
2025-06-14 05:05:30,834 - ERROR - Error loading /mnt/beegfs/hellgate/home/rb194958e/Atlas_2/Training/Masks/sub-r050s008_ses-1_space-MNI152NLin2009aSym_label-L_desc-T1lesion_mask.nii.gz: 'images' must have either 3 or 4 dimensions.
2025-06-14 05:05:31,267 - ERROR - Error loading /mnt/beegfs/hellgate/home/rb194958e/Atlas_2/Training/Images/sub-r011s003_ses-1_space-MNI152NLin2009aSym_T1w.nii.gz: 'images' must have either 3 or 4 dimensions.
pixdim[0] (qfac) should be 1 (default) or -1; setting qfac to 1
2025-06-14 05:05:31,277 - INFO - pixdim[0] (qfac) should be 1 (default) or -1; setting qfac to 1
2025-06-14 05:05:31,470 - ERROR - Error loading /mnt/beegfs/hellgate/home/rb194958e/Atlas_2/Training/Masks/sub-r011s003_ses-1_space-MNI152NLin2009aSym_label-L_desc-T1lesion_mask.nii.gz: 'images' must have either 3 or 4 dimensions.
pixdim[0] (qfac) should be 1 (default) or -1; setting qfac to 1
2025-06-14 05:05:31,541 - INFO - pixdim[0] (qfac) should be 1 (default) or -1; setting qfac to 1
2025-06-14 05:05:31,851 - ERROR - Error loading /mnt/beegfs/hellgate/home/rb194958e/Atlas_2/Training/Images/sub-r009s089_ses-1_space-MNI152NLin2009aSym_T1w.nii.gz: 'images' must have either 3 or 4 dimensions.
pixdim[0] (qfac) should be 1 (default) or -1; setting qfac to 1
2025-06-14 05:05:31,862 - INFO - pixdim[0] (qfac) should be 1 (default) or -1; setting qfac to 1
2025-06-14 05:05:32,052 - ERROR - Error loading /mnt/beegfs/hellgate/home/rb194958e/Atlas_2/Training/Masks/sub-r009s089_ses-1_space-MNI152NLin2009aSym_label-L_desc-T1lesion_mask.nii.gz: 'images' must have either 3 or 4 dimensions.
2025-06-14 05:05:32,389 - ERROR - Error loading /mnt/beegfs/hellgate/home/rb194958e/Atlas_2/Training/Images/sub-r009s091_ses-1_space-MNI152NLin2009aSym_T1w.nii.gz: 'images' must have either 3 or 4 dimensions.
pixdim[0] (qfac) should be 1 (default) or -1; setting qfac to 1
2025-06-14 05:05:32,399 - INFO - pixdim[0] (qfac) should be 1 (default) or -1; setting qfac to 1
2025-06-14 05:05:32,591 - ERROR - Error loading /mnt/beegfs/hellgate/home/rb194958e/Atlas_2/Training/Masks/sub-r009s091_ses-1_space-MNI152NLin2009aSym_label-L_desc-T1lesion_mask.nii.gz: 'images' must have either 3 or 4 dimensions.
2025-06-14 05:05:32,981 - ERROR - Error loading /mnt/beegfs/hellgate/home/rb194958e/Atlas_2/Training/Images/sub-r048s038_ses-1_space-MNI152NLin2009aSym_T1w.nii.gz: 'images' must have either 3 or 4 dimensions.
pixdim[0] (qfac) should be 1 (default) or -1; setting qfac to 1
2025-06-14 05:05:32,991 - INFO - pixdim[0] (qfac) should be 1 (default) or -1; setting qfac to 1
2025-06-14 05:05:33,190 - ERROR - Error loading /mnt/beegfs/hellgate/home/rb194958e/Atlas_2/Training/Masks/sub-r048s038_ses-1_space-MNI152NLin2009aSym_label-L_desc-T1lesion_mask.nii.gz: 'images' must have either 3 or 4 dimensions.
2025-06-14 05:05:33,577 - ERROR - Error loading /mnt/beegfs/hellgate/home/rb194958e/Atlas_2/Training/Images/sub-r040s064_ses-1_space-MNI152NLin2009aSym_T1w.nii.gz: 'images' must have either 3 or 4 dimensions.
pixdim[0] (qfac) should be 1 (default) or -1; setting qfac to 1
2025-06-14 05:05:33,587 - INFO - pixdim[0] (qfac) should be 1 (default) or -1; setting qfac to 1
2025-06-14 05:05:33,780 - ERROR - Error loading /mnt/beegfs/hellgate/home/rb194958e/Atlas_2/Training/Masks/sub-r040s064_ses-1_space-MNI152NLin2009aSym_label-L_desc-T1lesion_mask.nii.gz: 'images' must have either 3 or 4 dimensions.
2025-06-14 05:05:34,129 - ERROR - Error loading /mnt/beegfs/hellgate/home/rb194958e/Atlas_2/Training/Images/sub-r023s007_ses-1_space-MNI152NLin2009aSym_T1w.nii.gz: 'images' must have either 3 or 4 dimensions.
pixdim[0] (qfac) should be 1 (default) or -1; setting qfac to 1
2025-06-14 05:05:34,139 - INFO - pixdim[0] (qfac) should be 1 (default) or -1; setting qfac to 1
2025-06-14 05:05:34,336 - ERROR - Error loading /mnt/beegfs/hellgate/home/rb194958e/Atlas_2/Training/Masks/sub-r023s007_ses-1_space-MNI152NLin2009aSym_label-L_desc-T1lesion_mask.nii.gz: 'images' must have either 3 or 4 dimensions.
2025-06-14 05:05:34,679 - ERROR - Error loading /mnt/beegfs/hellgate/home/rb194958e/Atlas_2/Training/Images/sub-r004s026_ses-1_space-MNI152NLin2009aSym_T1w.nii.gz: 'images' must have either 3 or 4 dimensions.
pixdim[0] (qfac) should be 1 (default) or -1; setting qfac to 1
2025-06-14 05:05:34,689 - INFO - pixdim[0] (qfac) should be 1 (default) or -1; setting qfac to 1
2025-06-14 05:05:34,882 - ERROR - Error loading /mnt/beegfs/hellgate/home/rb194958e/Atlas_2/Training/Masks/sub-r004s026_ses-1_space-MNI152NLin2009aSym_label-L_desc-T1lesion_mask.nii.gz: 'images' must have either 3 or 4 dimensions.
2025-06-14 05:05:35,237 - ERROR - Error loading /mnt/beegfs/hellgate/home/rb194958e/Atlas_2/Training/Images/sub-r031s018_ses-1_space-MNI152NLin2009aSym_T1w.nii.gz: 'images' must have either 3 or 4 dimensions.
pixdim[0] (qfac) should be 1 (default) or -1; setting qfac to 1
2025-06-14 05:05:35,248 - INFO - pixdim[0] (qfac) should be 1 (default) or -1; setting qfac to 1
2025-06-14 05:05:35,446 - ERROR - Error loading /mnt/beegfs/hellgate/home/rb194958e/Atlas_2/Training/Masks/sub-r031s018_ses-1_space-MNI152NLin2009aSym_label-L_desc-T1lesion_mask.nii.gz: 'images' must have either 3 or 4 dimensions.
2025-06-14 05:05:35,806 - ERROR - Error loading /mnt/beegfs/hellgate/home/rb194958e/Atlas_2/Training/Images/sub-r052s032_ses-1_space-MNI152NLin2009aSym_T1w.nii.gz: 'images' must have either 3 or 4 dimensions.
pixdim[0] (qfac) should be 1 (default) or -1; setting qfac to 1
2025-06-14 05:05:35,817 - INFO - pixdim[0] (qfac) should be 1 (default) or -1; setting qfac to 1
2025-06-14 05:05:36,009 - ERROR - Error loading /mnt/beegfs/hellgate/home/rb194958e/Atlas_2/Training/Masks/sub-r052s032_ses-1_space-MNI152NLin2009aSym_label-L_desc-T1lesion_mask.nii.gz: 'images' must have either 3 or 4 dimensions.
2025-06-14 05:05:36,398 - ERROR - Error loading /mnt/beegfs/hellgate/home/rb194958e/Atlas_2/Training/Images/sub-r010s021_ses-1_space-MNI152NLin2009aSym_T1w.nii.gz: 'images' must have either 3 or 4 dimensions.
pixdim[0] (qfac) should be 1 (default) or -1; setting qfac to 1
2025-06-14 05:05:36,408 - INFO - pixdim[0] (qfac) should be 1 (default) or -1; setting qfac to 1
2025-06-14 05:05:36,606 - ERROR - Error loading /mnt/beegfs/hellgate/home/rb194958e/Atlas_2/Training/Masks/sub-r010s021_ses-1_space-MNI152NLin2009aSym_label-L_desc-T1lesion_mask.nii.gz: 'images' must have either 3 or 4 dimensions.
2025-06-14 05:05:36,956 - ERROR - Error loading /mnt/beegfs/hellgate/home/rb194958e/Atlas_2/Training/Images/sub-r003s004_ses-1_space-MNI152NLin2009aSym_T1w.nii.gz: 'images' must have either 3 or 4 dimensions.
pixdim[0] (qfac) should be 1 (default) or -1; setting qfac to 1
2025-06-14 05:05:36,966 - INFO - pixdim[0] (qfac) should be 1 (default) or -1; setting qfac to 1
2025-06-14 05:05:37,163 - ERROR - Error loading /mnt/beegfs/hellgate/home/rb194958e/Atlas_2/Training/Masks/sub-r003s004_ses-1_space-MNI152NLin2009aSym_label-L_desc-T1lesion_mask.nii.gz: 'images' must have either 3 or 4 dimensions.
2025-06-14 05:05:37,527 - ERROR - Error loading /mnt/beegfs/hellgate/home/rb194958e/Atlas_2/Training/Images/sub-r042s010_ses-1_space-MNI152NLin2009aSym_T1w.nii.gz: 'images' must have either 3 or 4 dimensions.
pixdim[0] (qfac) should be 1 (default) or -1; setting qfac to 1
2025-06-14 05:05:37,538 - INFO - pixdim[0] (qfac) should be 1 (default) or -1; setting qfac to 1
2025-06-14 05:05:37,735 - ERROR - Error loading /mnt/beegfs/hellgate/home/rb194958e/Atlas_2/Training/Masks/sub-r042s010_ses-1_space-MNI152NLin2009aSym_label-L_desc-T1lesion_mask.nii.gz: 'images' must have either 3 or 4 dimensions.
2025-06-14 05:05:38,087 - ERROR - Error loading /mnt/beegfs/hellgate/home/rb194958e/Atlas_2/Training/Images/sub-r042s008_ses-1_space-MNI152NLin2009aSym_T1w.nii.gz: 'images' must have either 3 or 4 dimensions.
pixdim[0] (qfac) should be 1 (default) or -1; setting qfac to 1
2025-06-14 05:05:38,098 - INFO - pixdim[0] (qfac) should be 1 (default) or -1; setting qfac to 1
2025-06-14 05:05:38,294 - ERROR - Error loading /mnt/beegfs/hellgate/home/rb194958e/Atlas_2/Training/Masks/sub-r042s008_ses-1_space-MNI152NLin2009aSym_label-L_desc-T1lesion_mask.nii.gz: 'images' must have either 3 or 4 dimensions.
2025-06-14 05:05:38,648 - ERROR - Error loading /mnt/beegfs/hellgate/home/rb194958e/Atlas_2/Training/Images/sub-r004s021_ses-1_space-MNI152NLin2009aSym_T1w.nii.gz: 'images' must have either 3 or 4 dimensions.
pixdim[0] (qfac) should be 1 (default) or -1; setting qfac to 1
2025-06-14 05:05:38,659 - INFO - pixdim[0] (qfac) should be 1 (default) or -1; setting qfac to 1
2025-06-14 05:05:38,856 - ERROR - Error loading /mnt/beegfs/hellgate/home/rb194958e/Atlas_2/Training/Masks/sub-r004s021_ses-1_space-MNI152NLin2009aSym_label-L_desc-T1lesion_mask.nii.gz: 'images' must have either 3 or 4 dimensions.
2025-06-14 05:05:39,242 - ERROR - Error loading /mnt/beegfs/hellgate/home/rb194958e/Atlas_2/Training/Images/sub-r010s026_ses-1_space-MNI152NLin2009aSym_T1w.nii.gz: 'images' must have either 3 or 4 dimensions.
pixdim[0] (qfac) should be 1 (default) or -1; setting qfac to 1
2025-06-14 05:05:39,252 - INFO - pixdim[0] (qfac) should be 1 (default) or -1; setting qfac to 1
2025-06-14 05:05:39,450 - ERROR - Error loading /mnt/beegfs/hellgate/home/rb194958e/Atlas_2/Training/Masks/sub-r010s026_ses-1_space-MNI152NLin2009aSym_label-L_desc-T1lesion_mask.nii.gz: 'images' must have either 3 or 4 dimensions.
2025-06-14 05:05:39,789 - ERROR - Error loading /mnt/beegfs/hellgate/home/rb194958e/Atlas_2/Training/Images/sub-r014s004_ses-1_space-MNI152NLin2009aSym_T1w.nii.gz: 'images' must have either 3 or 4 dimensions.
pixdim[0] (qfac) should be 1 (default) or -1; setting qfac to 1
2025-06-14 05:05:39,800 - INFO - pixdim[0] (qfac) should be 1 (default) or -1; setting qfac to 1
2025-06-14 05:05:39,997 - ERROR - Error loading /mnt/beegfs/hellgate/home/rb194958e/Atlas_2/Training/Masks/sub-r014s004_ses-1_space-MNI152NLin2009aSym_label-L_desc-T1lesion_mask.nii.gz: 'images' must have either 3 or 4 dimensions.
2025-06-14 05:05:40,324 - ERROR - Error loading /mnt/beegfs/hellgate/home/rb194958e/Atlas_2/Training/Images/sub-r031s007_ses-1_space-MNI152NLin2009aSym_T1w.nii.gz: 'images' must have either 3 or 4 dimensions.
pixdim[0] (qfac) should be 1 (default) or -1; setting qfac to 1
2025-06-14 05:05:40,333 - INFO - pixdim[0] (qfac) should be 1 (default) or -1; setting qfac to 1
2025-06-14 05:05:40,529 - ERROR - Error loading /mnt/beegfs/hellgate/home/rb194958e/Atlas_2/Training/Masks/sub-r031s007_ses-1_space-MNI152NLin2009aSym_label-L_desc-T1lesion_mask.nii.gz: 'images' must have either 3 or 4 dimensions.
2025-06-14 05:05:40,869 - ERROR - Error loading /mnt/beegfs/hellgate/home/rb194958e/Atlas_2/Training/Images/sub-r049s005_ses-1_space-MNI152NLin2009aSym_T1w.nii.gz: 'images' must have either 3 or 4 dimensions.
pixdim[0] (qfac) should be 1 (default) or -1; setting qfac to 1
2025-06-14 05:05:40,879 - INFO - pixdim[0] (qfac) should be 1 (default) or -1; setting qfac to 1
2025-06-14 05:05:41,078 - ERROR - Error loading /mnt/beegfs/hellgate/home/rb194958e/Atlas_2/Training/Masks/sub-r049s005_ses-1_space-MNI152NLin2009aSym_label-L_desc-T1lesion_mask.nii.gz: 'images' must have either 3 or 4 dimensions.
2025-06-14 05:05:41,414 - ERROR - Error loading /mnt/beegfs/hellgate/home/rb194958e/Atlas_2/Training/Images/sub-r003s003_ses-1_space-MNI152NLin2009aSym_T1w.nii.gz: 'images' must have either 3 or 4 dimensions.
pixdim[0] (qfac) should be 1 (default) or -1; setting qfac to 1
2025-06-14 05:05:41,424 - INFO - pixdim[0] (qfac) should be 1 (default) or -1; setting qfac to 1
2025-06-14 05:05:41,620 - ERROR - Error loading /mnt/beegfs/hellgate/home/rb194958e/Atlas_2/Training/Masks/sub-r003s003_ses-1_space-MNI152NLin2009aSym_label-L_desc-T1lesion_mask.nii.gz: 'images' must have either 3 or 4 dimensions.
2025-06-14 05:05:41,982 - ERROR - Error loading /mnt/beegfs/hellgate/home/rb194958e/Atlas_2/Training/Images/sub-r047s010_ses-1_space-MNI152NLin2009aSym_T1w.nii.gz: 'images' must have either 3 or 4 dimensions.
pixdim[0] (qfac) should be 1 (default) or -1; setting qfac to 1
2025-06-14 05:05:41,993 - INFO - pixdim[0] (qfac) should be 1 (default) or -1; setting qfac to 1
2025-06-14 05:05:42,190 - ERROR - Error loading /mnt/beegfs/hellgate/home/rb194958e/Atlas_2/Training/Masks/sub-r047s010_ses-1_space-MNI152NLin2009aSym_label-L_desc-T1lesion_mask.nii.gz: 'images' must have either 3 or 4 dimensions.
2025-06-14 05:05:42,579 - ERROR - Error loading /mnt/beegfs/hellgate/home/rb194958e/Atlas_2/Training/Images/sub-r001s039_ses-1_space-MNI152NLin2009aSym_T1w.nii.gz: 'images' must have either 3 or 4 dimensions.
pixdim[0] (qfac) should be 1 (default) or -1; setting qfac to 1
2025-06-14 05:05:42,590 - INFO - pixdim[0] (qfac) should be 1 (default) or -1; setting qfac to 1
2025-06-14 05:05:42,790 - ERROR - Error loading /mnt/beegfs/hellgate/home/rb194958e/Atlas_2/Training/Masks/sub-r001s039_ses-1_space-MNI152NLin2009aSym_label-L_desc-T1lesion_mask.nii.gz: 'images' must have either 3 or 4 dimensions.
2025-06-14 05:05:43,160 - ERROR - Error loading /mnt/beegfs/hellgate/home/rb194958e/Atlas_2/Training/Images/sub-r009s065_ses-1_space-MNI152NLin2009aSym_T1w.nii.gz: 'images' must have either 3 or 4 dimensions.
pixdim[0] (qfac) should be 1 (default) or -1; setting qfac to 1
2025-06-14 05:05:43,172 - INFO - pixdim[0] (qfac) should be 1 (default) or -1; setting qfac to 1
2025-06-14 05:05:43,370 - ERROR - Error loading /mnt/beegfs/hellgate/home/rb194958e/Atlas_2/Training/Masks/sub-r009s065_ses-1_space-MNI152NLin2009aSym_label-L_desc-T1lesion_mask.nii.gz: 'images' must have either 3 or 4 dimensions.
2025-06-14 05:05:43,759 - ERROR - Error loading /mnt/beegfs/hellgate/home/rb194958e/Atlas_2/Training/Images/sub-r001s021_ses-1_space-MNI152NLin2009aSym_T1w.nii.gz: 'images' must have either 3 or 4 dimensions.
pixdim[0] (qfac) should be 1 (default) or -1; setting qfac to 1
2025-06-14 05:05:43,770 - INFO - pixdim[0] (qfac) should be 1 (default) or -1; setting qfac to 1
2025-06-14 05:05:43,968 - ERROR - Error loading /mnt/beegfs/hellgate/home/rb194958e/Atlas_2/Training/Masks/sub-r001s021_ses-1_space-MNI152NLin2009aSym_label-L_desc-T1lesion_mask.nii.gz: 'images' must have either 3 or 4 dimensions.
pixdim[0] (qfac) should be 1 (default) or -1; setting qfac to 1
2025-06-14 05:05:44,046 - INFO - pixdim[0] (qfac) should be 1 (default) or -1; setting qfac to 1
2025-06-14 05:05:44,345 - ERROR - Error loading /mnt/beegfs/hellgate/home/rb194958e/Atlas_2/Training/Images/sub-r009s125_ses-1_space-MNI152NLin2009aSym_T1w.nii.gz: 'images' must have either 3 or 4 dimensions.
pixdim[0] (qfac) should be 1 (default) or -1; setting qfac to 1
2025-06-14 05:05:44,355 - INFO - pixdim[0] (qfac) should be 1 (default) or -1; setting qfac to 1
2025-06-14 05:05:44,546 - ERROR - Error loading /mnt/beegfs/hellgate/home/rb194958e/Atlas_2/Training/Masks/sub-r009s125_ses-1_space-MNI152NLin2009aSym_label-L_desc-T1lesion_mask.nii.gz: 'images' must have either 3 or 4 dimensions.
2025-06-14 05:05:44,899 - ERROR - Error loading /mnt/beegfs/hellgate/home/rb194958e/Atlas_2/Training/Images/sub-r047s041_ses-1_space-MNI152NLin2009aSym_T1w.nii.gz: 'images' must have either 3 or 4 dimensions.
pixdim[0] (qfac) should be 1 (default) or -1; setting qfac to 1
2025-06-14 05:05:44,910 - INFO - pixdim[0] (qfac) should be 1 (default) or -1; setting qfac to 1
2025-06-14 05:05:45,105 - ERROR - Error loading /mnt/beegfs/hellgate/home/rb194958e/Atlas_2/Training/Masks/sub-r047s041_ses-1_space-MNI152NLin2009aSym_label-L_desc-T1lesion_mask.nii.gz: 'images' must have either 3 or 4 dimensions.
2025-06-14 05:05:45,458 - ERROR - Error loading /mnt/beegfs/hellgate/home/rb194958e/Atlas_2/Training/Images/sub-r009s034_ses-1_space-MNI152NLin2009aSym_T1w.nii.gz: 'images' must have either 3 or 4 dimensions.
pixdim[0] (qfac) should be 1 (default) or -1; setting qfac to 1
2025-06-14 05:05:45,469 - INFO - pixdim[0] (qfac) should be 1 (default) or -1; setting qfac to 1
2025-06-14 05:05:45,662 - ERROR - Error loading /mnt/beegfs/hellgate/home/rb194958e/Atlas_2/Training/Masks/sub-r009s034_ses-1_space-MNI152NLin2009aSym_label-L_desc-T1lesion_mask.nii.gz: 'images' must have either 3 or 4 dimensions.
2025-06-14 05:05:46,008 - ERROR - Error loading /mnt/beegfs/hellgate/home/rb194958e/Atlas_2/Training/Images/sub-r034s007_ses-1_space-MNI152NLin2009aSym_T1w.nii.gz: 'images' must have either 3 or 4 dimensions.
pixdim[0] (qfac) should be 1 (default) or -1; setting qfac to 1
2025-06-14 05:05:46,018 - INFO - pixdim[0] (qfac) should be 1 (default) or -1; setting qfac to 1
2025-06-14 05:05:46,209 - ERROR - Error loading /mnt/beegfs/hellgate/home/rb194958e/Atlas_2/Training/Masks/sub-r034s007_ses-1_space-MNI152NLin2009aSym_label-L_desc-T1lesion_mask.nii.gz: 'images' must have either 3 or 4 dimensions.
2025-06-14 05:05:46,567 - ERROR - Error loading /mnt/beegfs/hellgate/home/rb194958e/Atlas_2/Training/Images/sub-r038s061_ses-1_space-MNI152NLin2009aSym_T1w.nii.gz: 'images' must have either 3 or 4 dimensions.
pixdim[0] (qfac) should be 1 (default) or -1; setting qfac to 1
2025-06-14 05:05:46,579 - INFO - pixdim[0] (qfac) should be 1 (default) or -1; setting qfac to 1
2025-06-14 05:05:46,767 - ERROR - Error loading /mnt/beegfs/hellgate/home/rb194958e/Atlas_2/Training/Masks/sub-r038s061_ses-1_space-MNI152NLin2009aSym_label-L_desc-T1lesion_mask.nii.gz: 'images' must have either 3 or 4 dimensions.
2025-06-14 05:05:47,144 - ERROR - Error loading /mnt/beegfs/hellgate/home/rb194958e/Atlas_2/Training/Images/sub-r040s063_ses-1_space-MNI152NLin2009aSym_T1w.nii.gz: 'images' must have either 3 or 4 dimensions.
pixdim[0] (qfac) should be 1 (default) or -1; setting qfac to 1
2025-06-14 05:05:47,154 - INFO - pixdim[0] (qfac) should be 1 (default) or -1; setting qfac to 1
2025-06-14 05:05:47,347 - ERROR - Error loading /mnt/beegfs/hellgate/home/rb194958e/Atlas_2/Training/Masks/sub-r040s063_ses-1_space-MNI152NLin2009aSym_label-L_desc-T1lesion_mask.nii.gz: 'images' must have either 3 or 4 dimensions.
2025-06-14 05:05:47,707 - ERROR - Error loading /mnt/beegfs/hellgate/home/rb194958e/Atlas_2/Training/Images/sub-r015s026_ses-1_space-MNI152NLin2009aSym_T1w.nii.gz: 'images' must have either 3 or 4 dimensions.
pixdim[0] (qfac) should be 1 (default) or -1; setting qfac to 1
2025-06-14 05:05:47,717 - INFO - pixdim[0] (qfac) should be 1 (default) or -1; setting qfac to 1
2025-06-14 05:05:47,908 - ERROR - Error loading /mnt/beegfs/hellgate/home/rb194958e/Atlas_2/Training/Masks/sub-r015s026_ses-1_space-MNI152NLin2009aSym_label-L_desc-T1lesion_mask.nii.gz: 'images' must have either 3 or 4 dimensions.
2025-06-14 05:05:48,260 - ERROR - Error loading /mnt/beegfs/hellgate/home/rb194958e/Atlas_2/Training/Images/sub-r009s096_ses-1_space-MNI152NLin2009aSym_T1w.nii.gz: 'images' must have either 3 or 4 dimensions.
pixdim[0] (qfac) should be 1 (default) or -1; setting qfac to 1
2025-06-14 05:05:48,270 - INFO - pixdim[0] (qfac) should be 1 (default) or -1; setting qfac to 1
2025-06-14 05:05:48,462 - ERROR - Error loading /mnt/beegfs/hellgate/home/rb194958e/Atlas_2/Training/Masks/sub-r009s096_ses-1_space-MNI152NLin2009aSym_label-L_desc-T1lesion_mask.nii.gz: 'images' must have either 3 or 4 dimensions.
2025-06-14 05:05:48,779 - ERROR - Error loading /mnt/beegfs/hellgate/home/rb194958e/Atlas_2/Training/Images/sub-r019s009_ses-1_space-MNI152NLin2009aSym_T1w.nii.gz: 'images' must have either 3 or 4 dimensions.
pixdim[0] (qfac) should be 1 (default) or -1; setting qfac to 1
2025-06-14 05:05:48,791 - INFO - pixdim[0] (qfac) should be 1 (default) or -1; setting qfac to 1
2025-06-14 05:05:48,982 - ERROR - Error loading /mnt/beegfs/hellgate/home/rb194958e/Atlas_2/Training/Masks/sub-r019s009_ses-1_space-MNI152NLin2009aSym_label-L_desc-T1lesion_mask.nii.gz: 'images' must have either 3 or 4 dimensions.
2025-06-14 05:05:49,350 - ERROR - Error loading /mnt/beegfs/hellgate/home/rb194958e/Atlas_2/Training/Images/sub-r040s032_ses-1_space-MNI152NLin2009aSym_T1w.nii.gz: 'images' must have either 3 or 4 dimensions.
pixdim[0] (qfac) should be 1 (default) or -1; setting qfac to 1
2025-06-14 05:05:49,361 - INFO - pixdim[0] (qfac) should be 1 (default) or -1; setting qfac to 1
2025-06-14 05:05:49,553 - ERROR - Error loading /mnt/beegfs/hellgate/home/rb194958e/Atlas_2/Training/Masks/sub-r040s032_ses-1_space-MNI152NLin2009aSym_label-L_desc-T1lesion_mask.nii.gz: 'images' must have either 3 or 4 dimensions.
2025-06-14 05:05:49,907 - ERROR - Error loading /mnt/beegfs/hellgate/home/rb194958e/Atlas_2/Training/Images/sub-r038s028_ses-1_space-MNI152NLin2009aSym_T1w.nii.gz: 'images' must have either 3 or 4 dimensions.
pixdim[0] (qfac) should be 1 (default) or -1; setting qfac to 1
2025-06-14 05:05:49,916 - INFO - pixdim[0] (qfac) should be 1 (default) or -1; setting qfac to 1
2025-06-14 05:05:50,108 - ERROR - Error loading /mnt/beegfs/hellgate/home/rb194958e/Atlas_2/Training/Masks/sub-r038s028_ses-1_space-MNI152NLin2009aSym_label-L_desc-T1lesion_mask.nii.gz: 'images' must have either 3 or 4 dimensions.
2025-06-14 05:05:50,442 - ERROR - Error loading /mnt/beegfs/hellgate/home/rb194958e/Atlas_2/Training/Images/sub-r038s007_ses-1_space-MNI152NLin2009aSym_T1w.nii.gz: 'images' must have either 3 or 4 dimensions.
pixdim[0] (qfac) should be 1 (default) or -1; setting qfac to 1
2025-06-14 05:05:50,451 - INFO - pixdim[0] (qfac) should be 1 (default) or -1; setting qfac to 1
2025-06-14 05:05:50,644 - ERROR - Error loading /mnt/beegfs/hellgate/home/rb194958e/Atlas_2/Training/Masks/sub-r038s007_ses-1_space-MNI152NLin2009aSym_label-L_desc-T1lesion_mask.nii.gz: 'images' must have either 3 or 4 dimensions.
2025-06-14 05:05:50,955 - ERROR - Error loading /mnt/beegfs/hellgate/home/rb194958e/Atlas_2/Training/Images/sub-r027s015_ses-1_space-MNI152NLin2009aSym_T1w.nii.gz: 'images' must have either 3 or 4 dimensions.
pixdim[0] (qfac) should be 1 (default) or -1; setting qfac to 1
2025-06-14 05:05:50,966 - INFO - pixdim[0] (qfac) should be 1 (default) or -1; setting qfac to 1
2025-06-14 05:05:51,157 - ERROR - Error loading /mnt/beegfs/hellgate/home/rb194958e/Atlas_2/Training/Masks/sub-r027s015_ses-1_space-MNI152NLin2009aSym_label-L_desc-T1lesion_mask.nii.gz: 'images' must have either 3 or 4 dimensions.
2025-06-14 05:05:51,518 - ERROR - Error loading /mnt/beegfs/hellgate/home/rb194958e/Atlas_2/Training/Images/sub-r015s009_ses-1_space-MNI152NLin2009aSym_T1w.nii.gz: 'images' must have either 3 or 4 dimensions.
pixdim[0] (qfac) should be 1 (default) or -1; setting qfac to 1
2025-06-14 05:05:51,528 - INFO - pixdim[0] (qfac) should be 1 (default) or -1; setting qfac to 1
2025-06-14 05:05:51,721 - ERROR - Error loading /mnt/beegfs/hellgate/home/rb194958e/Atlas_2/Training/Masks/sub-r015s009_ses-1_space-MNI152NLin2009aSym_label-L_desc-T1lesion_mask.nii.gz: 'images' must have either 3 or 4 dimensions.
2025-06-14 05:05:52,053 - ERROR - Error loading /mnt/beegfs/hellgate/home/rb194958e/Atlas_2/Training/Images/sub-r015s011_ses-1_space-MNI152NLin2009aSym_T1w.nii.gz: 'images' must have either 3 or 4 dimensions.
pixdim[0] (qfac) should be 1 (default) or -1; setting qfac to 1
2025-06-14 05:05:52,064 - INFO - pixdim[0] (qfac) should be 1 (default) or -1; setting qfac to 1
2025-06-14 05:05:52,252 - ERROR - Error loading /mnt/beegfs/hellgate/home/rb194958e/Atlas_2/Training/Masks/sub-r015s011_ses-1_space-MNI152NLin2009aSym_label-L_desc-T1lesion_mask.nii.gz: 'images' must have either 3 or 4 dimensions.
2025-06-14 05:05:52,698 - ERROR - Error loading /mnt/beegfs/hellgate/home/rb194958e/Atlas_2/Training/Images/sub-r011s033_ses-1_space-MNI152NLin2009aSym_T1w.nii.gz: 'images' must have either 3 or 4 dimensions.
pixdim[0] (qfac) should be 1 (default) or -1; setting qfac to 1
2025-06-14 05:05:52,707 - INFO - pixdim[0] (qfac) should be 1 (default) or -1; setting qfac to 1
2025-06-14 05:05:52,900 - ERROR - Error loading /mnt/beegfs/hellgate/home/rb194958e/Atlas_2/Training/Masks/sub-r011s033_ses-1_space-MNI152NLin2009aSym_label-L_desc-T1lesion_mask.nii.gz: 'images' must have either 3 or 4 dimensions.
pixdim[0] (qfac) should be 1 (default) or -1; setting qfac to 1
2025-06-14 05:05:52,980 - INFO - pixdim[0] (qfac) should be 1 (default) or -1; setting qfac to 1
2025-06-14 05:05:53,294 - ERROR - Error loading /mnt/beegfs/hellgate/home/rb194958e/Atlas_2/Training/Images/sub-r038s056_ses-1_space-MNI152NLin2009aSym_T1w.nii.gz: 'images' must have either 3 or 4 dimensions.
pixdim[0] (qfac) should be 1 (default) or -1; setting qfac to 1
2025-06-14 05:05:53,306 - INFO - pixdim[0] (qfac) should be 1 (default) or -1; setting qfac to 1
2025-06-14 05:05:53,495 - ERROR - Error loading /mnt/beegfs/hellgate/home/rb194958e/Atlas_2/Training/Masks/sub-r038s056_ses-1_space-MNI152NLin2009aSym_label-L_desc-T1lesion_mask.nii.gz: 'images' must have either 3 or 4 dimensions.
2025-06-14 05:05:53,975 - ERROR - Error loading /mnt/beegfs/hellgate/home/rb194958e/Atlas_2/Training/Images/sub-r048s008_ses-1_space-MNI152NLin2009aSym_T1w.nii.gz: 'images' must have either 3 or 4 dimensions.
pixdim[0] (qfac) should be 1 (default) or -1; setting qfac to 1
2025-06-14 05:05:53,984 - INFO - pixdim[0] (qfac) should be 1 (default) or -1; setting qfac to 1
2025-06-14 05:05:54,175 - ERROR - Error loading /mnt/beegfs/hellgate/home/rb194958e/Atlas_2/Training/Masks/sub-r048s008_ses-1_space-MNI152NLin2009aSym_label-L_desc-T1lesion_mask.nii.gz: 'images' must have either 3 or 4 dimensions.
2025-06-14 05:05:54,541 - ERROR - Error loading /mnt/beegfs/hellgate/home/rb194958e/Atlas_2/Training/Images/sub-r048s010_ses-1_space-MNI152NLin2009aSym_T1w.nii.gz: 'images' must have either 3 or 4 dimensions.
pixdim[0] (qfac) should be 1 (default) or -1; setting qfac to 1
2025-06-14 05:05:54,552 - INFO - pixdim[0] (qfac) should be 1 (default) or -1; setting qfac to 1
2025-06-14 05:05:54,743 - ERROR - Error loading /mnt/beegfs/hellgate/home/rb194958e/Atlas_2/Training/Masks/sub-r048s010_ses-1_space-MNI152NLin2009aSym_label-L_desc-T1lesion_mask.nii.gz: 'images' must have either 3 or 4 dimensions.
2025-06-14 05:05:55,129 - ERROR - Error loading /mnt/beegfs/hellgate/home/rb194958e/Atlas_2/Training/Images/sub-r040s054_ses-1_space-MNI152NLin2009aSym_T1w.nii.gz: 'images' must have either 3 or 4 dimensions.
pixdim[0] (qfac) should be 1 (default) or -1; setting qfac to 1
2025-06-14 05:05:55,139 - INFO - pixdim[0] (qfac) should be 1 (default) or -1; setting qfac to 1
2025-06-14 05:05:55,331 - ERROR - Error loading /mnt/beegfs/hellgate/home/rb194958e/Atlas_2/Training/Masks/sub-r040s054_ses-1_space-MNI152NLin2009aSym_label-L_desc-T1lesion_mask.nii.gz: 'images' must have either 3 or 4 dimensions.
2025-06-14 05:05:55,692 - ERROR - Error loading /mnt/beegfs/hellgate/home/rb194958e/Atlas_2/Training/Images/sub-r009s003_ses-1_space-MNI152NLin2009aSym_T1w.nii.gz: 'images' must have either 3 or 4 dimensions.
pixdim[0] (qfac) should be 1 (default) or -1; setting qfac to 1
2025-06-14 05:05:55,703 - INFO - pixdim[0] (qfac) should be 1 (default) or -1; setting qfac to 1
2025-06-14 05:05:55,894 - ERROR - Error loading /mnt/beegfs/hellgate/home/rb194958e/Atlas_2/Training/Masks/sub-r009s003_ses-1_space-MNI152NLin2009aSym_label-L_desc-T1lesion_mask.nii.gz: 'images' must have either 3 or 4 dimensions.
2025-06-14 05:05:56,264 - ERROR - Error loading /mnt/beegfs/hellgate/home/rb194958e/Atlas_2/Training/Images/sub-r047s027_ses-1_space-MNI152NLin2009aSym_T1w.nii.gz: 'images' must have either 3 or 4 dimensions.
pixdim[0] (qfac) should be 1 (default) or -1; setting qfac to 1
2025-06-14 05:05:56,273 - INFO - pixdim[0] (qfac) should be 1 (default) or -1; setting qfac to 1
2025-06-14 05:05:56,465 - ERROR - Error loading /mnt/beegfs/hellgate/home/rb194958e/Atlas_2/Training/Masks/sub-r047s027_ses-1_space-MNI152NLin2009aSym_label-L_desc-T1lesion_mask.nii.gz: 'images' must have either 3 or 4 dimensions.
2025-06-14 05:05:56,825 - ERROR - Error loading /mnt/beegfs/hellgate/home/rb194958e/Atlas_2/Training/Images/sub-r009s052_ses-1_space-MNI152NLin2009aSym_T1w.nii.gz: 'images' must have either 3 or 4 dimensions.
pixdim[0] (qfac) should be 1 (default) or -1; setting qfac to 1
2025-06-14 05:05:56,836 - INFO - pixdim[0] (qfac) should be 1 (default) or -1; setting qfac to 1
2025-06-14 05:05:57,026 - ERROR - Error loading /mnt/beegfs/hellgate/home/rb194958e/Atlas_2/Training/Masks/sub-r009s052_ses-1_space-MNI152NLin2009aSym_label-L_desc-T1lesion_mask.nii.gz: 'images' must have either 3 or 4 dimensions.
pixdim[0] (qfac) should be 1 (default) or -1; setting qfac to 1
2025-06-14 05:05:57,092 - INFO - pixdim[0] (qfac) should be 1 (default) or -1; setting qfac to 1
2025-06-14 05:05:57,445 - ERROR - Error loading /mnt/beegfs/hellgate/home/rb194958e/Atlas_2/Training/Images/sub-r001s016_ses-1_space-MNI152NLin2009aSym_T1w.nii.gz: 'images' must have either 3 or 4 dimensions.
pixdim[0] (qfac) should be 1 (default) or -1; setting qfac to 1
2025-06-14 05:05:57,457 - INFO - pixdim[0] (qfac) should be 1 (default) or -1; setting qfac to 1
2025-06-14 05:05:57,655 - ERROR - Error loading /mnt/beegfs/hellgate/home/rb194958e/Atlas_2/Training/Masks/sub-r001s016_ses-1_space-MNI152NLin2009aSym_label-L_desc-T1lesion_mask.nii.gz: 'images' must have either 3 or 4 dimensions.
2025-06-14 05:05:57,982 - ERROR - Error loading /mnt/beegfs/hellgate/home/rb194958e/Atlas_2/Training/Images/sub-r031s030_ses-1_space-MNI152NLin2009aSym_T1w.nii.gz: 'images' must have either 3 or 4 dimensions.
pixdim[0] (qfac) should be 1 (default) or -1; setting qfac to 1
2025-06-14 05:05:57,993 - INFO - pixdim[0] (qfac) should be 1 (default) or -1; setting qfac to 1
2025-06-14 05:05:58,184 - ERROR - Error loading /mnt/beegfs/hellgate/home/rb194958e/Atlas_2/Training/Masks/sub-r031s030_ses-1_space-MNI152NLin2009aSym_label-L_desc-T1lesion_mask.nii.gz: 'images' must have either 3 or 4 dimensions.
2025-06-14 05:05:58,545 - ERROR - Error loading /mnt/beegfs/hellgate/home/rb194958e/Atlas_2/Training/Images/sub-r035s012_ses-1_space-MNI152NLin2009aSym_T1w.nii.gz: 'images' must have either 3 or 4 dimensions.
pixdim[0] (qfac) should be 1 (default) or -1; setting qfac to 1
2025-06-14 05:05:58,555 - INFO - pixdim[0] (qfac) should be 1 (default) or -1; setting qfac to 1
2025-06-14 05:05:58,752 - ERROR - Error loading /mnt/beegfs/hellgate/home/rb194958e/Atlas_2/Training/Masks/sub-r035s012_ses-1_space-MNI152NLin2009aSym_label-L_desc-T1lesion_mask.nii.gz: 'images' must have either 3 or 4 dimensions.
2025-06-14 05:05:59,087 - ERROR - Error loading /mnt/beegfs/hellgate/home/rb194958e/Atlas_2/Training/Images/sub-r031s028_ses-1_space-MNI152NLin2009aSym_T1w.nii.gz: 'images' must have either 3 or 4 dimensions.
pixdim[0] (qfac) should be 1 (default) or -1; setting qfac to 1
2025-06-14 05:05:59,098 - INFO - pixdim[0] (qfac) should be 1 (default) or -1; setting qfac to 1
2025-06-14 05:05:59,291 - ERROR - Error loading /mnt/beegfs/hellgate/home/rb194958e/Atlas_2/Training/Masks/sub-r031s028_ses-1_space-MNI152NLin2009aSym_label-L_desc-T1lesion_mask.nii.gz: 'images' must have either 3 or 4 dimensions.
2025-06-14 05:05:59,683 - ERROR - Error loading /mnt/beegfs/hellgate/home/rb194958e/Atlas_2/Training/Images/sub-r010s011_ses-1_space-MNI152NLin2009aSym_T1w.nii.gz: 'images' must have either 3 or 4 dimensions.
pixdim[0] (qfac) should be 1 (default) or -1; setting qfac to 1
2025-06-14 05:05:59,692 - INFO - pixdim[0] (qfac) should be 1 (default) or -1; setting qfac to 1
2025-06-14 05:05:59,891 - ERROR - Error loading /mnt/beegfs/hellgate/home/rb194958e/Atlas_2/Training/Masks/sub-r010s011_ses-1_space-MNI152NLin2009aSym_label-L_desc-T1lesion_mask.nii.gz: 'images' must have either 3 or 4 dimensions.
2025-06-14 05:06:00,285 - ERROR - Error loading /mnt/beegfs/hellgate/home/rb194958e/Atlas_2/Training/Images/sub-r010s009_ses-1_space-MNI152NLin2009aSym_T1w.nii.gz: 'images' must have either 3 or 4 dimensions.
pixdim[0] (qfac) should be 1 (default) or -1; setting qfac to 1
2025-06-14 05:06:00,295 - INFO - pixdim[0] (qfac) should be 1 (default) or -1; setting qfac to 1
2025-06-14 05:06:00,488 - ERROR - Error loading /mnt/beegfs/hellgate/home/rb194958e/Atlas_2/Training/Masks/sub-r010s009_ses-1_space-MNI152NLin2009aSym_label-L_desc-T1lesion_mask.nii.gz: 'images' must have either 3 or 4 dimensions.
2025-06-14 05:06:00,876 - ERROR - Error loading /mnt/beegfs/hellgate/home/rb194958e/Atlas_2/Training/Images/sub-r052s002_ses-1_space-MNI152NLin2009aSym_T1w.nii.gz: 'images' must have either 3 or 4 dimensions.
pixdim[0] (qfac) should be 1 (default) or -1; setting qfac to 1
2025-06-14 05:06:00,886 - INFO - pixdim[0] (qfac) should be 1 (default) or -1; setting qfac to 1
2025-06-14 05:06:01,085 - ERROR - Error loading /mnt/beegfs/hellgate/home/rb194958e/Atlas_2/Training/Masks/sub-r052s002_ses-1_space-MNI152NLin2009aSym_label-L_desc-T1lesion_mask.nii.gz: 'images' must have either 3 or 4 dimensions.
2025-06-14 05:06:01,475 - ERROR - Error loading /mnt/beegfs/hellgate/home/rb194958e/Atlas_2/Training/Images/sub-r046s005_ses-1_space-MNI152NLin2009aSym_T1w.nii.gz: 'images' must have either 3 or 4 dimensions.
pixdim[0] (qfac) should be 1 (default) or -1; setting qfac to 1
2025-06-14 05:06:01,487 - INFO - pixdim[0] (qfac) should be 1 (default) or -1; setting qfac to 1
2025-06-14 05:06:01,675 - ERROR - Error loading /mnt/beegfs/hellgate/home/rb194958e/Atlas_2/Training/Masks/sub-r046s005_ses-1_space-MNI152NLin2009aSym_label-L_desc-T1lesion_mask.nii.gz: 'images' must have either 3 or 4 dimensions.
2025-06-14 05:06:02,047 - ERROR - Error loading /mnt/beegfs/hellgate/home/rb194958e/Atlas_2/Training/Images/sub-r004s016_ses-1_space-MNI152NLin2009aSym_T1w.nii.gz: 'images' must have either 3 or 4 dimensions.
pixdim[0] (qfac) should be 1 (default) or -1; setting qfac to 1
2025-06-14 05:06:02,056 - INFO - pixdim[0] (qfac) should be 1 (default) or -1; setting qfac to 1
2025-06-14 05:06:02,255 - ERROR - Error loading /mnt/beegfs/hellgate/home/rb194958e/Atlas_2/Training/Masks/sub-r004s016_ses-1_space-MNI152NLin2009aSym_label-L_desc-T1lesion_mask.nii.gz: 'images' must have either 3 or 4 dimensions.
2025-06-14 05:06:02,604 - ERROR - Error loading /mnt/beegfs/hellgate/home/rb194958e/Atlas_2/Training/Images/sub-r017s105_ses-1_space-MNI152NLin2009aSym_T1w.nii.gz: 'images' must have either 3 or 4 dimensions.
pixdim[0] (qfac) should be 1 (default) or -1; setting qfac to 1
2025-06-14 05:06:02,615 - INFO - pixdim[0] (qfac) should be 1 (default) or -1; setting qfac to 1
2025-06-14 05:06:02,806 - ERROR - Error loading /mnt/beegfs/hellgate/home/rb194958e/Atlas_2/Training/Masks/sub-r017s105_ses-1_space-MNI152NLin2009aSym_label-L_desc-T1lesion_mask.nii.gz: 'images' must have either 3 or 4 dimensions.
2025-06-14 05:06:03,215 - ERROR - Error loading /mnt/beegfs/hellgate/home/rb194958e/Atlas_2/Training/Images/sub-r042s018_ses-1_space-MNI152NLin2009aSym_T1w.nii.gz: 'images' must have either 3 or 4 dimensions.
pixdim[0] (qfac) should be 1 (default) or -1; setting qfac to 1
2025-06-14 05:06:03,229 - INFO - pixdim[0] (qfac) should be 1 (default) or -1; setting qfac to 1
2025-06-14 05:06:03,423 - ERROR - Error loading /mnt/beegfs/hellgate/home/rb194958e/Atlas_2/Training/Masks/sub-r042s018_ses-1_space-MNI152NLin2009aSym_label-L_desc-T1lesion_mask.nii.gz: 'images' must have either 3 or 4 dimensions.
2025-06-14 05:06:03,765 - ERROR - Error loading /mnt/beegfs/hellgate/home/rb194958e/Atlas_2/Training/Images/sub-r004s031_ses-1_space-MNI152NLin2009aSym_T1w.nii.gz: 'images' must have either 3 or 4 dimensions.
pixdim[0] (qfac) should be 1 (default) or -1; setting qfac to 1
2025-06-14 05:06:03,776 - INFO - pixdim[0] (qfac) should be 1 (default) or -1; setting qfac to 1
2025-06-14 05:06:03,967 - ERROR - Error loading /mnt/beegfs/hellgate/home/rb194958e/Atlas_2/Training/Masks/sub-r004s031_ses-1_space-MNI152NLin2009aSym_label-L_desc-T1lesion_mask.nii.gz: 'images' must have either 3 or 4 dimensions.
2025-06-14 05:06:04,351 - ERROR - Error loading /mnt/beegfs/hellgate/home/rb194958e/Atlas_2/Training/Images/sub-r004s029_ses-1_space-MNI152NLin2009aSym_T1w.nii.gz: 'images' must have either 3 or 4 dimensions.
pixdim[0] (qfac) should be 1 (default) or -1; setting qfac to 1
2025-06-14 05:06:04,360 - INFO - pixdim[0] (qfac) should be 1 (default) or -1; setting qfac to 1
2025-06-14 05:06:04,556 - ERROR - Error loading /mnt/beegfs/hellgate/home/rb194958e/Atlas_2/Training/Masks/sub-r004s029_ses-1_space-MNI152NLin2009aSym_label-L_desc-T1lesion_mask.nii.gz: 'images' must have either 3 or 4 dimensions.
2025-06-14 05:06:04,910 - ERROR - Error loading /mnt/beegfs/hellgate/home/rb194958e/Atlas_2/Training/Images/sub-r039s002_ses-1_space-MNI152NLin2009aSym_T1w.nii.gz: 'images' must have either 3 or 4 dimensions.
pixdim[0] (qfac) should be 1 (default) or -1; setting qfac to 1
2025-06-14 05:06:04,921 - INFO - pixdim[0] (qfac) should be 1 (default) or -1; setting qfac to 1
2025-06-14 05:06:05,114 - ERROR - Error loading /mnt/beegfs/hellgate/home/rb194958e/Atlas_2/Training/Masks/sub-r039s002_ses-1_space-MNI152NLin2009aSym_label-L_desc-T1lesion_mask.nii.gz: 'images' must have either 3 or 4 dimensions.
2025-06-14 05:06:05,463 - ERROR - Error loading /mnt/beegfs/hellgate/home/rb194958e/Atlas_2/Training/Images/sub-r003s013_ses-1_space-MNI152NLin2009aSym_T1w.nii.gz: 'images' must have either 3 or 4 dimensions.
pixdim[0] (qfac) should be 1 (default) or -1; setting qfac to 1
2025-06-14 05:06:05,473 - INFO - pixdim[0] (qfac) should be 1 (default) or -1; setting qfac to 1
2025-06-14 05:06:05,671 - ERROR - Error loading /mnt/beegfs/hellgate/home/rb194958e/Atlas_2/Training/Masks/sub-r003s013_ses-1_space-MNI152NLin2009aSym_label-L_desc-T1lesion_mask.nii.gz: 'images' must have either 3 or 4 dimensions.
2025-06-14 05:06:06,029 - ERROR - Error loading /mnt/beegfs/hellgate/home/rb194958e/Atlas_2/Training/Images/sub-r052s025_ses-1_space-MNI152NLin2009aSym_T1w.nii.gz: 'images' must have either 3 or 4 dimensions.
pixdim[0] (qfac) should be 1 (default) or -1; setting qfac to 1
2025-06-14 05:06:06,039 - INFO - pixdim[0] (qfac) should be 1 (default) or -1; setting qfac to 1
2025-06-14 05:06:06,231 - ERROR - Error loading /mnt/beegfs/hellgate/home/rb194958e/Atlas_2/Training/Masks/sub-r052s025_ses-1_space-MNI152NLin2009aSym_label-L_desc-T1lesion_mask.nii.gz: 'images' must have either 3 or 4 dimensions.
2025-06-14 05:06:06,554 - ERROR - Error loading /mnt/beegfs/hellgate/home/rb194958e/Atlas_2/Training/Images/sub-r031s017_ses-1_space-MNI152NLin2009aSym_T1w.nii.gz: 'images' must have either 3 or 4 dimensions.
pixdim[0] (qfac) should be 1 (default) or -1; setting qfac to 1
2025-06-14 05:06:06,564 - INFO - pixdim[0] (qfac) should be 1 (default) or -1; setting qfac to 1
2025-06-14 05:06:06,762 - ERROR - Error loading /mnt/beegfs/hellgate/home/rb194958e/Atlas_2/Training/Masks/sub-r031s017_ses-1_space-MNI152NLin2009aSym_label-L_desc-T1lesion_mask.nii.gz: 'images' must have either 3 or 4 dimensions.
2025-06-14 05:06:07,085 - ERROR - Error loading /mnt/beegfs/hellgate/home/rb194958e/Atlas_2/Training/Images/sub-r028s005_ses-1_space-MNI152NLin2009aSym_T1w.nii.gz: 'images' must have either 3 or 4 dimensions.
pixdim[0] (qfac) should be 1 (default) or -1; setting qfac to 1
2025-06-14 05:06:07,096 - INFO - pixdim[0] (qfac) should be 1 (default) or -1; setting qfac to 1
2025-06-14 05:06:07,294 - ERROR - Error loading /mnt/beegfs/hellgate/home/rb194958e/Atlas_2/Training/Masks/sub-r028s005_ses-1_space-MNI152NLin2009aSym_label-L_desc-T1lesion_mask.nii.gz: 'images' must have either 3 or 4 dimensions.
2025-06-14 05:06:07,649 - ERROR - Error loading /mnt/beegfs/hellgate/home/rb194958e/Atlas_2/Training/Images/sub-r009s024_ses-1_space-MNI152NLin2009aSym_T1w.nii.gz: 'images' must have either 3 or 4 dimensions.
pixdim[0] (qfac) should be 1 (default) or -1; setting qfac to 1
2025-06-14 05:06:07,659 - INFO - pixdim[0] (qfac) should be 1 (default) or -1; setting qfac to 1
2025-06-14 05:06:07,857 - ERROR - Error loading /mnt/beegfs/hellgate/home/rb194958e/Atlas_2/Training/Masks/sub-r009s024_ses-1_space-MNI152NLin2009aSym_label-L_desc-T1lesion_mask.nii.gz: 'images' must have either 3 or 4 dimensions.
2025-06-14 05:06:08,222 - ERROR - Error loading /mnt/beegfs/hellgate/home/rb194958e/Atlas_2/Training/Images/sub-r047s018_ses-1_space-MNI152NLin2009aSym_T1w.nii.gz: 'images' must have either 3 or 4 dimensions.
pixdim[0] (qfac) should be 1 (default) or -1; setting qfac to 1
2025-06-14 05:06:08,232 - INFO - pixdim[0] (qfac) should be 1 (default) or -1; setting qfac to 1
2025-06-14 05:06:08,428 - ERROR - Error loading /mnt/beegfs/hellgate/home/rb194958e/Atlas_2/Training/Masks/sub-r047s018_ses-1_space-MNI152NLin2009aSym_label-L_desc-T1lesion_mask.nii.gz: 'images' must have either 3 or 4 dimensions.
2025-06-14 05:06:08,797 - ERROR - Error loading /mnt/beegfs/hellgate/home/rb194958e/Atlas_2/Training/Images/sub-r001s029_ses-1_space-MNI152NLin2009aSym_T1w.nii.gz: 'images' must have either 3 or 4 dimensions.
pixdim[0] (qfac) should be 1 (default) or -1; setting qfac to 1
2025-06-14 05:06:08,808 - INFO - pixdim[0] (qfac) should be 1 (default) or -1; setting qfac to 1
2025-06-14 05:06:09,006 - ERROR - Error loading /mnt/beegfs/hellgate/home/rb194958e/Atlas_2/Training/Masks/sub-r001s029_ses-1_space-MNI152NLin2009aSym_label-L_desc-T1lesion_mask.nii.gz: 'images' must have either 3 or 4 dimensions.
2025-06-14 05:06:09,387 - ERROR - Error loading /mnt/beegfs/hellgate/home/rb194958e/Atlas_2/Training/Images/sub-r001s031_ses-1_space-MNI152NLin2009aSym_T1w.nii.gz: 'images' must have either 3 or 4 dimensions.
pixdim[0] (qfac) should be 1 (default) or -1; setting qfac to 1
2025-06-14 05:06:09,398 - INFO - pixdim[0] (qfac) should be 1 (default) or -1; setting qfac to 1
2025-06-14 05:06:09,595 - ERROR - Error loading /mnt/beegfs/hellgate/home/rb194958e/Atlas_2/Training/Masks/sub-r001s031_ses-1_space-MNI152NLin2009aSym_label-L_desc-T1lesion_mask.nii.gz: 'images' must have either 3 or 4 dimensions.
2025-06-14 05:06:09,961 - ERROR - Error loading /mnt/beegfs/hellgate/home/rb194958e/Atlas_2/Training/Images/sub-r009s075_ses-1_space-MNI152NLin2009aSym_T1w.nii.gz: 'images' must have either 3 or 4 dimensions.
pixdim[0] (qfac) should be 1 (default) or -1; setting qfac to 1
2025-06-14 05:06:09,970 - INFO - pixdim[0] (qfac) should be 1 (default) or -1; setting qfac to 1
2025-06-14 05:06:10,168 - ERROR - Error loading /mnt/beegfs/hellgate/home/rb194958e/Atlas_2/Training/Masks/sub-r009s075_ses-1_space-MNI152NLin2009aSym_label-L_desc-T1lesion_mask.nii.gz: 'images' must have either 3 or 4 dimensions.
2025-06-14 05:06:10,521 - ERROR - Error loading /mnt/beegfs/hellgate/home/rb194958e/Atlas_2/Training/Images/sub-r038s082_ses-1_space-MNI152NLin2009aSym_T1w.nii.gz: 'images' must have either 3 or 4 dimensions.
pixdim[0] (qfac) should be 1 (default) or -1; setting qfac to 1
2025-06-14 05:06:10,532 - INFO - pixdim[0] (qfac) should be 1 (default) or -1; setting qfac to 1
2025-06-14 05:06:10,730 - ERROR - Error loading /mnt/beegfs/hellgate/home/rb194958e/Atlas_2/Training/Masks/sub-r038s082_ses-1_space-MNI152NLin2009aSym_label-L_desc-T1lesion_mask.nii.gz: 'images' must have either 3 or 4 dimensions.
2025-06-14 05:06:11,096 - ERROR - Error loading /mnt/beegfs/hellgate/home/rb194958e/Atlas_2/Training/Images/sub-r019s001_ses-1_space-MNI152NLin2009aSym_T1w.nii.gz: 'images' must have either 3 or 4 dimensions.
pixdim[0] (qfac) should be 1 (default) or -1; setting qfac to 1
2025-06-14 05:06:11,105 - INFO - pixdim[0] (qfac) should be 1 (default) or -1; setting qfac to 1
2025-06-14 05:06:11,304 - ERROR - Error loading /mnt/beegfs/hellgate/home/rb194958e/Atlas_2/Training/Masks/sub-r019s001_ses-1_space-MNI152NLin2009aSym_label-L_desc-T1lesion_mask.nii.gz: 'images' must have either 3 or 4 dimensions.
2025-06-14 05:06:11,637 - ERROR - Error loading /mnt/beegfs/hellgate/home/rb194958e/Atlas_2/Training/Images/sub-r023s008_ses-1_space-MNI152NLin2009aSym_T1w.nii.gz: 'images' must have either 3 or 4 dimensions.
pixdim[0] (qfac) should be 1 (default) or -1; setting qfac to 1
2025-06-14 05:06:11,648 - INFO - pixdim[0] (qfac) should be 1 (default) or -1; setting qfac to 1
2025-06-14 05:06:11,844 - ERROR - Error loading /mnt/beegfs/hellgate/home/rb194958e/Atlas_2/Training/Masks/sub-r023s008_ses-1_space-MNI152NLin2009aSym_label-L_desc-T1lesion_mask.nii.gz: 'images' must have either 3 or 4 dimensions.
2025-06-14 05:06:12,207 - ERROR - Error loading /mnt/beegfs/hellgate/home/rb194958e/Atlas_2/Training/Images/sub-r027s032_ses-1_space-MNI152NLin2009aSym_T1w.nii.gz: 'images' must have either 3 or 4 dimensions.
pixdim[0] (qfac) should be 1 (default) or -1; setting qfac to 1
2025-06-14 05:06:12,216 - INFO - pixdim[0] (qfac) should be 1 (default) or -1; setting qfac to 1
2025-06-14 05:06:12,414 - ERROR - Error loading /mnt/beegfs/hellgate/home/rb194958e/Atlas_2/Training/Masks/sub-r027s032_ses-1_space-MNI152NLin2009aSym_label-L_desc-T1lesion_mask.nii.gz: 'images' must have either 3 or 4 dimensions.
2025-06-14 05:06:12,761 - ERROR - Error loading /mnt/beegfs/hellgate/home/rb194958e/Atlas_2/Training/Images/sub-r034s046_ses-1_space-MNI152NLin2009aSym_T1w.nii.gz: 'images' must have either 3 or 4 dimensions.
pixdim[0] (qfac) should be 1 (default) or -1; setting qfac to 1
2025-06-14 05:06:12,772 - INFO - pixdim[0] (qfac) should be 1 (default) or -1; setting qfac to 1
2025-06-14 05:06:12,970 - ERROR - Error loading /mnt/beegfs/hellgate/home/rb194958e/Atlas_2/Training/Masks/sub-r034s046_ses-1_space-MNI152NLin2009aSym_label-L_desc-T1lesion_mask.nii.gz: 'images' must have either 3 or 4 dimensions.
pixdim[0] (qfac) should be 1 (default) or -1; setting qfac to 1
2025-06-14 05:06:13,045 - INFO - pixdim[0] (qfac) should be 1 (default) or -1; setting qfac to 1
2025-06-14 05:06:13,380 - ERROR - Error loading /mnt/beegfs/hellgate/home/rb194958e/Atlas_2/Training/Images/sub-r038s020_ses-1_space-MNI152NLin2009aSym_T1w.nii.gz: 'images' must have either 3 or 4 dimensions.
pixdim[0] (qfac) should be 1 (default) or -1; setting qfac to 1
2025-06-14 05:06:13,390 - INFO - pixdim[0] (qfac) should be 1 (default) or -1; setting qfac to 1
2025-06-14 05:06:13,587 - ERROR - Error loading /mnt/beegfs/hellgate/home/rb194958e/Atlas_2/Training/Masks/sub-r038s020_ses-1_space-MNI152NLin2009aSym_label-L_desc-T1lesion_mask.nii.gz: 'images' must have either 3 or 4 dimensions.
2025-06-14 05:06:14,029 - ERROR - Error loading /mnt/beegfs/hellgate/home/rb194958e/Atlas_2/Training/Images/sub-r040s022_ses-1_space-MNI152NLin2009aSym_T1w.nii.gz: 'images' must have either 3 or 4 dimensions.
pixdim[0] (qfac) should be 1 (default) or -1; setting qfac to 1
2025-06-14 05:06:14,040 - INFO - pixdim[0] (qfac) should be 1 (default) or -1; setting qfac to 1
2025-06-14 05:06:14,239 - ERROR - Error loading /mnt/beegfs/hellgate/home/rb194958e/Atlas_2/Training/Masks/sub-r040s022_ses-1_space-MNI152NLin2009aSym_label-L_desc-T1lesion_mask.nii.gz: 'images' must have either 3 or 4 dimensions.
2025-06-14 05:06:14,634 - ERROR - Error loading /mnt/beegfs/hellgate/home/rb194958e/Atlas_2/Training/Images/sub-r048s037_ses-1_space-MNI152NLin2009aSym_T1w.nii.gz: 'images' must have either 3 or 4 dimensions.
pixdim[0] (qfac) should be 1 (default) or -1; setting qfac to 1
2025-06-14 05:06:14,646 - INFO - pixdim[0] (qfac) should be 1 (default) or -1; setting qfac to 1
2025-06-14 05:06:14,843 - ERROR - Error loading /mnt/beegfs/hellgate/home/rb194958e/Atlas_2/Training/Masks/sub-r048s037_ses-1_space-MNI152NLin2009aSym_label-L_desc-T1lesion_mask.nii.gz: 'images' must have either 3 or 4 dimensions.
2025-06-14 05:06:15,205 - ERROR - Error loading /mnt/beegfs/hellgate/home/rb194958e/Atlas_2/Training/Images/sub-r038s069_ses-1_space-MNI152NLin2009aSym_T1w.nii.gz: 'images' must have either 3 or 4 dimensions.
pixdim[0] (qfac) should be 1 (default) or -1; setting qfac to 1
2025-06-14 05:06:15,217 - INFO - pixdim[0] (qfac) should be 1 (default) or -1; setting qfac to 1
2025-06-14 05:06:15,418 - ERROR - Error loading /mnt/beegfs/hellgate/home/rb194958e/Atlas_2/Training/Masks/sub-r038s069_ses-1_space-MNI152NLin2009aSym_label-L_desc-T1lesion_mask.nii.gz: 'images' must have either 3 or 4 dimensions.
2025-06-14 05:06:15,765 - ERROR - Error loading /mnt/beegfs/hellgate/home/rb194958e/Atlas_2/Training/Images/sub-r038s071_ses-1_space-MNI152NLin2009aSym_T1w.nii.gz: 'images' must have either 3 or 4 dimensions.
pixdim[0] (qfac) should be 1 (default) or -1; setting qfac to 1
2025-06-14 05:06:15,775 - INFO - pixdim[0] (qfac) should be 1 (default) or -1; setting qfac to 1
2025-06-14 05:06:15,974 - ERROR - Error loading /mnt/beegfs/hellgate/home/rb194958e/Atlas_2/Training/Masks/sub-r038s071_ses-1_space-MNI152NLin2009aSym_label-L_desc-T1lesion_mask.nii.gz: 'images' must have either 3 or 4 dimensions.
2025-06-14 05:06:16,381 - ERROR - Error loading /mnt/beegfs/hellgate/home/rb194958e/Atlas_2/Training/Images/sub-r011s014_ses-1_space-MNI152NLin2009aSym_T1w.nii.gz: 'images' must have either 3 or 4 dimensions.
pixdim[0] (qfac) should be 1 (default) or -1; setting qfac to 1
2025-06-14 05:06:16,392 - INFO - pixdim[0] (qfac) should be 1 (default) or -1; setting qfac to 1
2025-06-14 05:06:16,589 - ERROR - Error loading /mnt/beegfs/hellgate/home/rb194958e/Atlas_2/Training/Masks/sub-r011s014_ses-1_space-MNI152NLin2009aSym_label-L_desc-T1lesion_mask.nii.gz: 'images' must have either 3 or 4 dimensions.
2025-06-14 05:06:16,955 - ERROR - Error loading /mnt/beegfs/hellgate/home/rb194958e/Atlas_2/Training/Images/sub-r009s086_ses-1_space-MNI152NLin2009aSym_T1w.nii.gz: 'images' must have either 3 or 4 dimensions.
pixdim[0] (qfac) should be 1 (default) or -1; setting qfac to 1
2025-06-14 05:06:16,965 - INFO - pixdim[0] (qfac) should be 1 (default) or -1; setting qfac to 1
2025-06-14 05:06:17,163 - ERROR - Error loading /mnt/beegfs/hellgate/home/rb194958e/Atlas_2/Training/Masks/sub-r009s086_ses-1_space-MNI152NLin2009aSym_label-L_desc-T1lesion_mask.nii.gz: 'images' must have either 3 or 4 dimensions.
2025-06-14 05:06:17,510 - ERROR - Error loading /mnt/beegfs/hellgate/home/rb194958e/Atlas_2/Training/Images/sub-r015s019_ses-1_space-MNI152NLin2009aSym_T1w.nii.gz: 'images' must have either 3 or 4 dimensions.
pixdim[0] (qfac) should be 1 (default) or -1; setting qfac to 1
2025-06-14 05:06:17,520 - INFO - pixdim[0] (qfac) should be 1 (default) or -1; setting qfac to 1
2025-06-14 05:06:17,718 - ERROR - Error loading /mnt/beegfs/hellgate/home/rb194958e/Atlas_2/Training/Masks/sub-r015s019_ses-1_space-MNI152NLin2009aSym_label-L_desc-T1lesion_mask.nii.gz: 'images' must have either 3 or 4 dimensions.
2025-06-14 05:06:18,127 - ERROR - Error loading /mnt/beegfs/hellgate/home/rb194958e/Atlas_2/Training/Images/sub-r011s023_ses-1_space-MNI152NLin2009aSym_T1w.nii.gz: 'images' must have either 3 or 4 dimensions.
pixdim[0] (qfac) should be 1 (default) or -1; setting qfac to 1
2025-06-14 05:06:18,138 - INFO - pixdim[0] (qfac) should be 1 (default) or -1; setting qfac to 1
2025-06-14 05:06:18,338 - ERROR - Error loading /mnt/beegfs/hellgate/home/rb194958e/Atlas_2/Training/Masks/sub-r011s023_ses-1_space-MNI152NLin2009aSym_label-L_desc-T1lesion_mask.nii.gz: 'images' must have either 3 or 4 dimensions.
2025-06-14 05:06:18,679 - ERROR - Error loading /mnt/beegfs/hellgate/home/rb194958e/Atlas_2/Training/Images/sub-r015s001_ses-1_space-MNI152NLin2009aSym_T1w.nii.gz: 'images' must have either 3 or 4 dimensions.
pixdim[0] (qfac) should be 1 (default) or -1; setting qfac to 1
2025-06-14 05:06:18,690 - INFO - pixdim[0] (qfac) should be 1 (default) or -1; setting qfac to 1
2025-06-14 05:06:18,887 - ERROR - Error loading /mnt/beegfs/hellgate/home/rb194958e/Atlas_2/Training/Masks/sub-r015s001_ses-1_space-MNI152NLin2009aSym_label-L_desc-T1lesion_mask.nii.gz: 'images' must have either 3 or 4 dimensions.
2025-06-14 05:06:19,276 - ERROR - Error loading /mnt/beegfs/hellgate/home/rb194958e/Atlas_2/Training/Images/sub-r048s018_ses-1_space-MNI152NLin2009aSym_T1w.nii.gz: 'images' must have either 3 or 4 dimensions.
pixdim[0] (qfac) should be 1 (default) or -1; setting qfac to 1
2025-06-14 05:06:19,287 - INFO - pixdim[0] (qfac) should be 1 (default) or -1; setting qfac to 1
2025-06-14 05:06:19,484 - ERROR - Error loading /mnt/beegfs/hellgate/home/rb194958e/Atlas_2/Training/Masks/sub-r048s018_ses-1_space-MNI152NLin2009aSym_label-L_desc-T1lesion_mask.nii.gz: 'images' must have either 3 or 4 dimensions.
2025-06-14 05:06:19,859 - ERROR - Error loading /mnt/beegfs/hellgate/home/rb194958e/Atlas_2/Training/Images/sub-r040s044_ses-1_space-MNI152NLin2009aSym_T1w.nii.gz: 'images' must have either 3 or 4 dimensions.
pixdim[0] (qfac) should be 1 (default) or -1; setting qfac to 1
2025-06-14 05:06:19,870 - INFO - pixdim[0] (qfac) should be 1 (default) or -1; setting qfac to 1
2025-06-14 05:06:20,063 - ERROR - Error loading /mnt/beegfs/hellgate/home/rb194958e/Atlas_2/Training/Masks/sub-r040s044_ses-1_space-MNI152NLin2009aSym_label-L_desc-T1lesion_mask.nii.gz: 'images' must have either 3 or 4 dimensions.
2025-06-14 05:06:20,418 - ERROR - Error loading /mnt/beegfs/hellgate/home/rb194958e/Atlas_2/Training/Images/sub-r038s017_ses-1_space-MNI152NLin2009aSym_T1w.nii.gz: 'images' must have either 3 or 4 dimensions.
pixdim[0] (qfac) should be 1 (default) or -1; setting qfac to 1
2025-06-14 05:06:20,428 - INFO - pixdim[0] (qfac) should be 1 (default) or -1; setting qfac to 1
2025-06-14 05:06:20,625 - ERROR - Error loading /mnt/beegfs/hellgate/home/rb194958e/Atlas_2/Training/Masks/sub-r038s017_ses-1_space-MNI152NLin2009aSym_label-L_desc-T1lesion_mask.nii.gz: 'images' must have either 3 or 4 dimensions.
2025-06-14 05:06:20,982 - ERROR - Error loading /mnt/beegfs/hellgate/home/rb194958e/Atlas_2/Training/Images/sub-r040s015_ses-1_space-MNI152NLin2009aSym_T1w.nii.gz: 'images' must have either 3 or 4 dimensions.
pixdim[0] (qfac) should be 1 (default) or -1; setting qfac to 1
2025-06-14 05:06:20,993 - INFO - pixdim[0] (qfac) should be 1 (default) or -1; setting qfac to 1
2025-06-14 05:06:21,183 - ERROR - Error loading /mnt/beegfs/hellgate/home/rb194958e/Atlas_2/Training/Masks/sub-r040s015_ses-1_space-MNI152NLin2009aSym_label-L_desc-T1lesion_mask.nii.gz: 'images' must have either 3 or 4 dimensions.
2025-06-14 05:06:21,530 - ERROR - Error loading /mnt/beegfs/hellgate/home/rb194958e/Atlas_2/Training/Images/sub-r002s006_ses-1_space-MNI152NLin2009aSym_T1w.nii.gz: 'images' must have either 3 or 4 dimensions.
pixdim[0] (qfac) should be 1 (default) or -1; setting qfac to 1
2025-06-14 05:06:21,540 - INFO - pixdim[0] (qfac) should be 1 (default) or -1; setting qfac to 1
2025-06-14 05:06:21,738 - ERROR - Error loading /mnt/beegfs/hellgate/home/rb194958e/Atlas_2/Training/Masks/sub-r002s006_ses-1_space-MNI152NLin2009aSym_label-L_desc-T1lesion_mask.nii.gz: 'images' must have either 3 or 4 dimensions.
2025-06-14 05:06:22,103 - ERROR - Error loading /mnt/beegfs/hellgate/home/rb194958e/Atlas_2/Training/Images/sub-r024s005_ses-1_space-MNI152NLin2009aSym_T1w.nii.gz: 'images' must have either 3 or 4 dimensions.
pixdim[0] (qfac) should be 1 (default) or -1; setting qfac to 1
2025-06-14 05:06:22,114 - INFO - pixdim[0] (qfac) should be 1 (default) or -1; setting qfac to 1
2025-06-14 05:06:22,304 - ERROR - Error loading /mnt/beegfs/hellgate/home/rb194958e/Atlas_2/Training/Masks/sub-r024s005_ses-1_space-MNI152NLin2009aSym_label-L_desc-T1lesion_mask.nii.gz: 'images' must have either 3 or 4 dimensions.
2025-06-14 05:06:22,672 - ERROR - Error loading /mnt/beegfs/hellgate/home/rb194958e/Atlas_2/Training/Images/sub-r009s102_ses-1_space-MNI152NLin2009aSym_T1w.nii.gz: 'images' must have either 3 or 4 dimensions.
pixdim[0] (qfac) should be 1 (default) or -1; setting qfac to 1
2025-06-14 05:06:22,683 - INFO - pixdim[0] (qfac) should be 1 (default) or -1; setting qfac to 1
2025-06-14 05:06:22,881 - ERROR - Error loading /mnt/beegfs/hellgate/home/rb194958e/Atlas_2/Training/Masks/sub-r009s102_ses-1_space-MNI152NLin2009aSym_label-L_desc-T1lesion_mask.nii.gz: 'images' must have either 3 or 4 dimensions.
2025-06-14 05:06:23,245 - ERROR - Error loading /mnt/beegfs/hellgate/home/rb194958e/Atlas_2/Training/Images/sub-r047s037_ses-1_space-MNI152NLin2009aSym_T1w.nii.gz: 'images' must have either 3 or 4 dimensions.
pixdim[0] (qfac) should be 1 (default) or -1; setting qfac to 1
2025-06-14 05:06:23,256 - INFO - pixdim[0] (qfac) should be 1 (default) or -1; setting qfac to 1
2025-06-14 05:06:23,446 - ERROR - Error loading /mnt/beegfs/hellgate/home/rb194958e/Atlas_2/Training/Masks/sub-r047s037_ses-1_space-MNI152NLin2009aSym_label-L_desc-T1lesion_mask.nii.gz: 'images' must have either 3 or 4 dimensions.
2025-06-14 05:06:23,851 - ERROR - Error loading /mnt/beegfs/hellgate/home/rb194958e/Atlas_2/Training/Images/sub-r001s006_ses-1_space-MNI152NLin2009aSym_T1w.nii.gz: 'images' must have either 3 or 4 dimensions.
pixdim[0] (qfac) should be 1 (default) or -1; setting qfac to 1
2025-06-14 05:06:23,861 - INFO - pixdim[0] (qfac) should be 1 (default) or -1; setting qfac to 1
2025-06-14 05:06:24,059 - ERROR - Error loading /mnt/beegfs/hellgate/home/rb194958e/Atlas_2/Training/Masks/sub-r001s006_ses-1_space-MNI152NLin2009aSym_label-L_desc-T1lesion_mask.nii.gz: 'images' must have either 3 or 4 dimensions.
2025-06-14 05:06:24,402 - ERROR - Error loading /mnt/beegfs/hellgate/home/rb194958e/Atlas_2/Training/Images/sub-r009s013_ses-1_space-MNI152NLin2009aSym_T1w.nii.gz: 'images' must have either 3 or 4 dimensions.
pixdim[0] (qfac) should be 1 (default) or -1; setting qfac to 1
2025-06-14 05:06:24,413 - INFO - pixdim[0] (qfac) should be 1 (default) or -1; setting qfac to 1
2025-06-14 05:06:24,604 - ERROR - Error loading /mnt/beegfs/hellgate/home/rb194958e/Atlas_2/Training/Masks/sub-r009s013_ses-1_space-MNI152NLin2009aSym_label-L_desc-T1lesion_mask.nii.gz: 'images' must have either 3 or 4 dimensions.
2025-06-14 05:06:24,966 - ERROR - Error loading /mnt/beegfs/hellgate/home/rb194958e/Atlas_2/Training/Images/sub-r005s075_ses-1_space-MNI152NLin2009aSym_T1w.nii.gz: 'images' must have either 3 or 4 dimensions.
pixdim[0] (qfac) should be 1 (default) or -1; setting qfac to 1
2025-06-14 05:06:24,976 - INFO - pixdim[0] (qfac) should be 1 (default) or -1; setting qfac to 1
2025-06-14 05:06:25,175 - ERROR - Error loading /mnt/beegfs/hellgate/home/rb194958e/Atlas_2/Training/Masks/sub-r005s075_ses-1_space-MNI152NLin2009aSym_label-L_desc-T1lesion_mask.nii.gz: 'images' must have either 3 or 4 dimensions.
2025-06-14 05:06:25,496 - ERROR - Error loading /mnt/beegfs/hellgate/home/rb194958e/Atlas_2/Training/Images/sub-r031s020_ses-1_space-MNI152NLin2009aSym_T1w.nii.gz: 'images' must have either 3 or 4 dimensions.
pixdim[0] (qfac) should be 1 (default) or -1; setting qfac to 1
2025-06-14 05:06:25,507 - INFO - pixdim[0] (qfac) should be 1 (default) or -1; setting qfac to 1
2025-06-14 05:06:25,699 - ERROR - Error loading /mnt/beegfs/hellgate/home/rb194958e/Atlas_2/Training/Masks/sub-r031s020_ses-1_space-MNI152NLin2009aSym_label-L_desc-T1lesion_mask.nii.gz: 'images' must have either 3 or 4 dimensions.
2025-06-14 05:06:26,114 - ERROR - Error loading /mnt/beegfs/hellgate/home/rb194958e/Atlas_2/Training/Images/sub-r010s001_ses-1_space-MNI152NLin2009aSym_T1w.nii.gz: 'images' must have either 3 or 4 dimensions.
pixdim[0] (qfac) should be 1 (default) or -1; setting qfac to 1
2025-06-14 05:06:26,124 - INFO - pixdim[0] (qfac) should be 1 (default) or -1; setting qfac to 1
2025-06-14 05:06:26,323 - ERROR - Error loading /mnt/beegfs/hellgate/home/rb194958e/Atlas_2/Training/Masks/sub-r010s001_ses-1_space-MNI152NLin2009aSym_label-L_desc-T1lesion_mask.nii.gz: 'images' must have either 3 or 4 dimensions.
2025-06-14 05:06:26,710 - ERROR - Error loading /mnt/beegfs/hellgate/home/rb194958e/Atlas_2/Training/Images/sub-r010s019_ses-1_space-MNI152NLin2009aSym_T1w.nii.gz: 'images' must have either 3 or 4 dimensions.
pixdim[0] (qfac) should be 1 (default) or -1; setting qfac to 1
2025-06-14 05:06:26,720 - INFO - pixdim[0] (qfac) should be 1 (default) or -1; setting qfac to 1
2025-06-14 05:06:26,911 - ERROR - Error loading /mnt/beegfs/hellgate/home/rb194958e/Atlas_2/Training/Masks/sub-r010s019_ses-1_space-MNI152NLin2009aSym_label-L_desc-T1lesion_mask.nii.gz: 'images' must have either 3 or 4 dimensions.
2025-06-14 05:06:27,270 - ERROR - Error loading /mnt/beegfs/hellgate/home/rb194958e/Atlas_2/Training/Images/sub-r004s006_ses-1_space-MNI152NLin2009aSym_T1w.nii.gz: 'images' must have either 3 or 4 dimensions.
pixdim[0] (qfac) should be 1 (default) or -1; setting qfac to 1
2025-06-14 05:06:27,280 - INFO - pixdim[0] (qfac) should be 1 (default) or -1; setting qfac to 1
2025-06-14 05:06:27,479 - ERROR - Error loading /mnt/beegfs/hellgate/home/rb194958e/Atlas_2/Training/Masks/sub-r004s006_ses-1_space-MNI152NLin2009aSym_label-L_desc-T1lesion_mask.nii.gz: 'images' must have either 3 or 4 dimensions.
2025-06-14 05:06:27,751 - ERROR - Error loading /mnt/beegfs/hellgate/home/rb194958e/Atlas_2/Training/Images/sub-r029s010_ses-1_space-MNI152NLin2009aSym_T1w.nii.gz: 'images' must have either 3 or 4 dimensions.
pixdim[0] (qfac) should be 1 (default) or -1; setting qfac to 1
2025-06-14 05:06:27,762 - INFO - pixdim[0] (qfac) should be 1 (default) or -1; setting qfac to 1
2025-06-14 05:06:27,953 - ERROR - Error loading /mnt/beegfs/hellgate/home/rb194958e/Atlas_2/Training/Masks/sub-r029s010_ses-1_space-MNI152NLin2009aSym_label-L_desc-T1lesion_mask.nii.gz: 'images' must have either 3 or 4 dimensions.
2025-06-14 05:06:28,324 - ERROR - Error loading /mnt/beegfs/hellgate/home/rb194958e/Atlas_2/Training/Images/sub-r031s023_ses-1_space-MNI152NLin2009aSym_T1w.nii.gz: 'images' must have either 3 or 4 dimensions.
pixdim[0] (qfac) should be 1 (default) or -1; setting qfac to 1
2025-06-14 05:06:28,334 - INFO - pixdim[0] (qfac) should be 1 (default) or -1; setting qfac to 1
2025-06-14 05:06:28,531 - ERROR - Error loading /mnt/beegfs/hellgate/home/rb194958e/Atlas_2/Training/Masks/sub-r031s023_ses-1_space-MNI152NLin2009aSym_label-L_desc-T1lesion_mask.nii.gz: 'images' must have either 3 or 4 dimensions.
2025-06-14 05:06:28,933 - ERROR - Error loading /mnt/beegfs/hellgate/home/rb194958e/Atlas_2/Training/Images/sub-r010s002_ses-1_space-MNI152NLin2009aSym_T1w.nii.gz: 'images' must have either 3 or 4 dimensions.
pixdim[0] (qfac) should be 1 (default) or -1; setting qfac to 1
2025-06-14 05:06:28,943 - INFO - pixdim[0] (qfac) should be 1 (default) or -1; setting qfac to 1
2025-06-14 05:06:29,134 - ERROR - Error loading /mnt/beegfs/hellgate/home/rb194958e/Atlas_2/Training/Masks/sub-r010s002_ses-1_space-MNI152NLin2009aSym_label-L_desc-T1lesion_mask.nii.gz: 'images' must have either 3 or 4 dimensions.
2025-06-14 05:06:29,451 - ERROR - Error loading /mnt/beegfs/hellgate/home/rb194958e/Atlas_2/Training/Images/sub-r052s011_ses-1_space-MNI152NLin2009aSym_T1w.nii.gz: 'images' must have either 3 or 4 dimensions.
pixdim[0] (qfac) should be 1 (default) or -1; setting qfac to 1
2025-06-14 05:06:29,460 - INFO - pixdim[0] (qfac) should be 1 (default) or -1; setting qfac to 1
2025-06-14 05:06:29,660 - ERROR - Error loading /mnt/beegfs/hellgate/home/rb194958e/Atlas_2/Training/Masks/sub-r052s011_ses-1_space-MNI152NLin2009aSym_label-L_desc-T1lesion_mask.nii.gz: 'images' must have either 3 or 4 dimensions.
2025-06-14 05:06:30,006 - ERROR - Error loading /mnt/beegfs/hellgate/home/rb194958e/Atlas_2/Training/Images/sub-r004s005_ses-1_space-MNI152NLin2009aSym_T1w.nii.gz: 'images' must have either 3 or 4 dimensions.
pixdim[0] (qfac) should be 1 (default) or -1; setting qfac to 1
2025-06-14 05:06:30,016 - INFO - pixdim[0] (qfac) should be 1 (default) or -1; setting qfac to 1
2025-06-14 05:06:30,209 - ERROR - Error loading /mnt/beegfs/hellgate/home/rb194958e/Atlas_2/Training/Masks/sub-r004s005_ses-1_space-MNI152NLin2009aSym_label-L_desc-T1lesion_mask.nii.gz: 'images' must have either 3 or 4 dimensions.
2025-06-14 05:06:30,544 - ERROR - Error loading /mnt/beegfs/hellgate/home/rb194958e/Atlas_2/Training/Images/sub-r040s016_ses-1_space-MNI152NLin2009aSym_T1w.nii.gz: 'images' must have either 3 or 4 dimensions.
pixdim[0] (qfac) should be 1 (default) or -1; setting qfac to 1
2025-06-14 05:06:30,554 - INFO - pixdim[0] (qfac) should be 1 (default) or -1; setting qfac to 1
2025-06-14 05:06:30,752 - ERROR - Error loading /mnt/beegfs/hellgate/home/rb194958e/Atlas_2/Training/Masks/sub-r040s016_ses-1_space-MNI152NLin2009aSym_label-L_desc-T1lesion_mask.nii.gz: 'images' must have either 3 or 4 dimensions.
pixdim[0] (qfac) should be 1 (default) or -1; setting qfac to 1
2025-06-14 05:06:30,824 - INFO - pixdim[0] (qfac) should be 1 (default) or -1; setting qfac to 1
2025-06-14 05:06:31,149 - ERROR - Error loading /mnt/beegfs/hellgate/home/rb194958e/Atlas_2/Training/Images/sub-r038s014_ses-1_space-MNI152NLin2009aSym_T1w.nii.gz: 'images' must have either 3 or 4 dimensions.
pixdim[0] (qfac) should be 1 (default) or -1; setting qfac to 1
2025-06-14 05:06:31,160 - INFO - pixdim[0] (qfac) should be 1 (default) or -1; setting qfac to 1
2025-06-14 05:06:31,349 - ERROR - Error loading /mnt/beegfs/hellgate/home/rb194958e/Atlas_2/Training/Masks/sub-r038s014_ses-1_space-MNI152NLin2009aSym_label-L_desc-T1lesion_mask.nii.gz: 'images' must have either 3 or 4 dimensions.
2025-06-14 05:06:31,714 - ERROR - Error loading /mnt/beegfs/hellgate/home/rb194958e/Atlas_2/Training/Images/sub-r002s005_ses-1_space-MNI152NLin2009aSym_T1w.nii.gz: 'images' must have either 3 or 4 dimensions.
pixdim[0] (qfac) should be 1 (default) or -1; setting qfac to 1
2025-06-14 05:06:31,723 - INFO - pixdim[0] (qfac) should be 1 (default) or -1; setting qfac to 1
2025-06-14 05:06:31,922 - ERROR - Error loading /mnt/beegfs/hellgate/home/rb194958e/Atlas_2/Training/Masks/sub-r002s005_ses-1_space-MNI152NLin2009aSym_label-L_desc-T1lesion_mask.nii.gz: 'images' must have either 3 or 4 dimensions.
2025-06-14 05:06:32,249 - ERROR - Error loading /mnt/beegfs/hellgate/home/rb194958e/Atlas_2/Training/Images/sub-r027s006_ses-1_space-MNI152NLin2009aSym_T1w.nii.gz: 'images' must have either 3 or 4 dimensions.
pixdim[0] (qfac) should be 1 (default) or -1; setting qfac to 1
2025-06-14 05:06:32,259 - INFO - pixdim[0] (qfac) should be 1 (default) or -1; setting qfac to 1
2025-06-14 05:06:32,451 - ERROR - Error loading /mnt/beegfs/hellgate/home/rb194958e/Atlas_2/Training/Masks/sub-r027s006_ses-1_space-MNI152NLin2009aSym_label-L_desc-T1lesion_mask.nii.gz: 'images' must have either 3 or 4 dimensions.
2025-06-14 05:06:32,862 - ERROR - Error loading /mnt/beegfs/hellgate/home/rb194958e/Atlas_2/Training/Images/sub-r011s020_ses-1_space-MNI152NLin2009aSym_T1w.nii.gz: 'images' must have either 3 or 4 dimensions.
pixdim[0] (qfac) should be 1 (default) or -1; setting qfac to 1
2025-06-14 05:06:32,872 - INFO - pixdim[0] (qfac) should be 1 (default) or -1; setting qfac to 1
2025-06-14 05:06:33,070 - ERROR - Error loading /mnt/beegfs/hellgate/home/rb194958e/Atlas_2/Training/Masks/sub-r011s020_ses-1_space-MNI152NLin2009aSym_label-L_desc-T1lesion_mask.nii.gz: 'images' must have either 3 or 4 dimensions.
2025-06-14 05:06:33,509 - ERROR - Error loading /mnt/beegfs/hellgate/home/rb194958e/Atlas_2/Training/Images/sub-r040s047_ses-1_space-MNI152NLin2009aSym_T1w.nii.gz: 'images' must have either 3 or 4 dimensions.
pixdim[0] (qfac) should be 1 (default) or -1; setting qfac to 1
2025-06-14 05:06:33,519 - INFO - pixdim[0] (qfac) should be 1 (default) or -1; setting qfac to 1
2025-06-14 05:06:33,711 - ERROR - Error loading /mnt/beegfs/hellgate/home/rb194958e/Atlas_2/Training/Masks/sub-r040s047_ses-1_space-MNI152NLin2009aSym_label-L_desc-T1lesion_mask.nii.gz: 'images' must have either 3 or 4 dimensions.
2025-06-14 05:06:34,075 - ERROR - Error loading /mnt/beegfs/hellgate/home/rb194958e/Atlas_2/Training/Images/sub-r009s008_ses-1_space-MNI152NLin2009aSym_T1w.nii.gz: 'images' must have either 3 or 4 dimensions.
pixdim[0] (qfac) should be 1 (default) or -1; setting qfac to 1
2025-06-14 05:06:34,086 - INFO - pixdim[0] (qfac) should be 1 (default) or -1; setting qfac to 1
2025-06-14 05:06:34,285 - ERROR - Error loading /mnt/beegfs/hellgate/home/rb194958e/Atlas_2/Training/Masks/sub-r009s008_ses-1_space-MNI152NLin2009aSym_label-L_desc-T1lesion_mask.nii.gz: 'images' must have either 3 or 4 dimensions.
2025-06-14 05:06:34,631 - ERROR - Error loading /mnt/beegfs/hellgate/home/rb194958e/Atlas_2/Training/Images/sub-r005s076_ses-1_space-MNI152NLin2009aSym_T1w.nii.gz: 'images' must have either 3 or 4 dimensions.
pixdim[0] (qfac) should be 1 (default) or -1; setting qfac to 1
2025-06-14 05:06:34,642 - INFO - pixdim[0] (qfac) should be 1 (default) or -1; setting qfac to 1
2025-06-14 05:06:34,834 - ERROR - Error loading /mnt/beegfs/hellgate/home/rb194958e/Atlas_2/Training/Masks/sub-r005s076_ses-1_space-MNI152NLin2009aSym_label-L_desc-T1lesion_mask.nii.gz: 'images' must have either 3 or 4 dimensions.
2025-06-14 05:06:35,196 - ERROR - Error loading /mnt/beegfs/hellgate/home/rb194958e/Atlas_2/Training/Images/sub-r009s010_ses-1_space-MNI152NLin2009aSym_T1w.nii.gz: 'images' must have either 3 or 4 dimensions.
pixdim[0] (qfac) should be 1 (default) or -1; setting qfac to 1
2025-06-14 05:06:35,206 - INFO - pixdim[0] (qfac) should be 1 (default) or -1; setting qfac to 1
2025-06-14 05:06:35,404 - ERROR - Error loading /mnt/beegfs/hellgate/home/rb194958e/Atlas_2/Training/Masks/sub-r009s010_ses-1_space-MNI152NLin2009aSym_label-L_desc-T1lesion_mask.nii.gz: 'images' must have either 3 or 4 dimensions.
2025-06-14 05:06:35,763 - ERROR - Error loading /mnt/beegfs/hellgate/home/rb194958e/Atlas_2/Training/Images/sub-r009s119_ses-1_space-MNI152NLin2009aSym_T1w.nii.gz: 'images' must have either 3 or 4 dimensions.
pixdim[0] (qfac) should be 1 (default) or -1; setting qfac to 1
2025-06-14 05:06:35,774 - INFO - pixdim[0] (qfac) should be 1 (default) or -1; setting qfac to 1
2025-06-14 05:06:35,966 - ERROR - Error loading /mnt/beegfs/hellgate/home/rb194958e/Atlas_2/Training/Masks/sub-r009s119_ses-1_space-MNI152NLin2009aSym_label-L_desc-T1lesion_mask.nii.gz: 'images' must have either 3 or 4 dimensions.
2025-06-14 05:06:36,314 - ERROR - Error loading /mnt/beegfs/hellgate/home/rb194958e/Atlas_2/Training/Images/sub-r009s041_ses-1_space-MNI152NLin2009aSym_T1w.nii.gz: 'images' must have either 3 or 4 dimensions.
pixdim[0] (qfac) should be 1 (default) or -1; setting qfac to 1
2025-06-14 05:06:36,323 - INFO - pixdim[0] (qfac) should be 1 (default) or -1; setting qfac to 1
2025-06-14 05:06:36,522 - ERROR - Error loading /mnt/beegfs/hellgate/home/rb194958e/Atlas_2/Training/Masks/sub-r009s041_ses-1_space-MNI152NLin2009aSym_label-L_desc-T1lesion_mask.nii.gz: 'images' must have either 3 or 4 dimensions.
2025-06-14 05:06:36,906 - ERROR - Error loading /mnt/beegfs/hellgate/home/rb194958e/Atlas_2/Training/Images/sub-r001s005_ses-1_space-MNI152NLin2009aSym_T1w.nii.gz: 'images' must have either 3 or 4 dimensions.
pixdim[0] (qfac) should be 1 (default) or -1; setting qfac to 1
2025-06-14 05:06:36,917 - INFO - pixdim[0] (qfac) should be 1 (default) or -1; setting qfac to 1
2025-06-14 05:06:37,107 - ERROR - Error loading /mnt/beegfs/hellgate/home/rb194958e/Atlas_2/Training/Masks/sub-r001s005_ses-1_space-MNI152NLin2009aSym_label-L_desc-T1lesion_mask.nii.gz: 'images' must have either 3 or 4 dimensions.
2025-06-14 05:06:37,479 - ERROR - Error loading /mnt/beegfs/hellgate/home/rb194958e/Atlas_2/Training/Images/sub-r009s076_ses-1_space-MNI152NLin2009aSym_T1w.nii.gz: 'images' must have either 3 or 4 dimensions.
pixdim[0] (qfac) should be 1 (default) or -1; setting qfac to 1
2025-06-14 05:06:37,488 - INFO - pixdim[0] (qfac) should be 1 (default) or -1; setting qfac to 1
2025-06-14 05:06:37,687 - ERROR - Error loading /mnt/beegfs/hellgate/home/rb194958e/Atlas_2/Training/Masks/sub-r009s076_ses-1_space-MNI152NLin2009aSym_label-L_desc-T1lesion_mask.nii.gz: 'images' must have either 3 or 4 dimensions.
2025-06-14 05:06:38,052 - ERROR - Error loading /mnt/beegfs/hellgate/home/rb194958e/Atlas_2/Training/Images/sub-r001s032_ses-1_space-MNI152NLin2009aSym_T1w.nii.gz: 'images' must have either 3 or 4 dimensions.
pixdim[0] (qfac) should be 1 (default) or -1; setting qfac to 1
2025-06-14 05:06:38,063 - INFO - pixdim[0] (qfac) should be 1 (default) or -1; setting qfac to 1
2025-06-14 05:06:38,254 - ERROR - Error loading /mnt/beegfs/hellgate/home/rb194958e/Atlas_2/Training/Masks/sub-r001s032_ses-1_space-MNI152NLin2009aSym_label-L_desc-T1lesion_mask.nii.gz: 'images' must have either 3 or 4 dimensions.
pixdim[0] (qfac) should be 1 (default) or -1; setting qfac to 1
2025-06-14 05:06:38,326 - INFO - pixdim[0] (qfac) should be 1 (default) or -1; setting qfac to 1
2025-06-14 05:06:38,632 - ERROR - Error loading /mnt/beegfs/hellgate/home/rb194958e/Atlas_2/Training/Images/sub-r038s081_ses-1_space-MNI152NLin2009aSym_T1w.nii.gz: 'images' must have either 3 or 4 dimensions.
pixdim[0] (qfac) should be 1 (default) or -1; setting qfac to 1
2025-06-14 05:06:38,642 - INFO - pixdim[0] (qfac) should be 1 (default) or -1; setting qfac to 1
2025-06-14 05:06:38,840 - ERROR - Error loading /mnt/beegfs/hellgate/home/rb194958e/Atlas_2/Training/Masks/sub-r038s081_ses-1_space-MNI152NLin2009aSym_label-L_desc-T1lesion_mask.nii.gz: 'images' must have either 3 or 4 dimensions.
2025-06-14 05:06:39,172 - ERROR - Error loading /mnt/beegfs/hellgate/home/rb194958e/Atlas_2/Training/Images/sub-r009s027_ses-1_space-MNI152NLin2009aSym_T1w.nii.gz: 'images' must have either 3 or 4 dimensions.
pixdim[0] (qfac) should be 1 (default) or -1; setting qfac to 1
2025-06-14 05:06:39,183 - INFO - pixdim[0] (qfac) should be 1 (default) or -1; setting qfac to 1
2025-06-14 05:06:39,373 - ERROR - Error loading /mnt/beegfs/hellgate/home/rb194958e/Atlas_2/Training/Masks/sub-r009s027_ses-1_space-MNI152NLin2009aSym_label-L_desc-T1lesion_mask.nii.gz: 'images' must have either 3 or 4 dimensions.
2025-06-14 05:06:39,707 - ERROR - Error loading /mnt/beegfs/hellgate/home/rb194958e/Atlas_2/Training/Images/sub-r034s014_ses-1_space-MNI152NLin2009aSym_T1w.nii.gz: 'images' must have either 3 or 4 dimensions.
pixdim[0] (qfac) should be 1 (default) or -1; setting qfac to 1
2025-06-14 05:06:39,717 - INFO - pixdim[0] (qfac) should be 1 (default) or -1; setting qfac to 1
2025-06-14 05:06:39,915 - ERROR - Error loading /mnt/beegfs/hellgate/home/rb194958e/Atlas_2/Training/Masks/sub-r034s014_ses-1_space-MNI152NLin2009aSym_label-L_desc-T1lesion_mask.nii.gz: 'images' must have either 3 or 4 dimensions.
2025-06-14 05:06:40,301 - ERROR - Error loading /mnt/beegfs/hellgate/home/rb194958e/Atlas_2/Training/Images/sub-r048s034_ses-1_space-MNI152NLin2009aSym_T1w.nii.gz: 'images' must have either 3 or 4 dimensions.
pixdim[0] (qfac) should be 1 (default) or -1; setting qfac to 1
2025-06-14 05:06:40,312 - INFO - pixdim[0] (qfac) should be 1 (default) or -1; setting qfac to 1
2025-06-14 05:06:40,503 - ERROR - Error loading /mnt/beegfs/hellgate/home/rb194958e/Atlas_2/Training/Masks/sub-r048s034_ses-1_space-MNI152NLin2009aSym_label-L_desc-T1lesion_mask.nii.gz: 'images' must have either 3 or 4 dimensions.
2025-06-14 05:06:40,916 - ERROR - Error loading /mnt/beegfs/hellgate/home/rb194958e/Atlas_2/Training/Images/sub-r040s070_ses-1_space-MNI152NLin2009aSym_T1w.nii.gz: 'images' must have either 3 or 4 dimensions.
pixdim[0] (qfac) should be 1 (default) or -1; setting qfac to 1
2025-06-14 05:06:40,926 - INFO - pixdim[0] (qfac) should be 1 (default) or -1; setting qfac to 1
2025-06-14 05:06:41,124 - ERROR - Error loading /mnt/beegfs/hellgate/home/rb194958e/Atlas_2/Training/Masks/sub-r040s070_ses-1_space-MNI152NLin2009aSym_label-L_desc-T1lesion_mask.nii.gz: 'images' must have either 3 or 4 dimensions.
2025-06-14 05:06:41,512 - ERROR - Error loading /mnt/beegfs/hellgate/home/rb194958e/Atlas_2/Training/Images/sub-r009s085_ses-1_space-MNI152NLin2009aSym_T1w.nii.gz: 'images' must have either 3 or 4 dimensions.
pixdim[0] (qfac) should be 1 (default) or -1; setting qfac to 1
2025-06-14 05:06:41,523 - INFO - pixdim[0] (qfac) should be 1 (default) or -1; setting qfac to 1
2025-06-14 05:06:41,715 - ERROR - Error loading /mnt/beegfs/hellgate/home/rb194958e/Atlas_2/Training/Masks/sub-r009s085_ses-1_space-MNI152NLin2009aSym_label-L_desc-T1lesion_mask.nii.gz: 'images' must have either 3 or 4 dimensions.
2025-06-14 05:06:42,137 - ERROR - Error loading /mnt/beegfs/hellgate/home/rb194958e/Atlas_2/Training/Images/sub-r011s017_ses-1_space-MNI152NLin2009aSym_T1w.nii.gz: 'images' must have either 3 or 4 dimensions.
pixdim[0] (qfac) should be 1 (default) or -1; setting qfac to 1
2025-06-14 05:06:42,146 - INFO - pixdim[0] (qfac) should be 1 (default) or -1; setting qfac to 1
2025-06-14 05:06:42,345 - ERROR - Error loading /mnt/beegfs/hellgate/home/rb194958e/Atlas_2/Training/Masks/sub-r011s017_ses-1_space-MNI152NLin2009aSym_label-L_desc-T1lesion_mask.nii.gz: 'images' must have either 3 or 4 dimensions.
2025-06-14 05:06:42,718 - ERROR - Error loading /mnt/beegfs/hellgate/home/rb194958e/Atlas_2/Training/Images/sub-r027s031_ses-1_space-MNI152NLin2009aSym_T1w.nii.gz: 'images' must have either 3 or 4 dimensions.
pixdim[0] (qfac) should be 1 (default) or -1; setting qfac to 1
2025-06-14 05:06:42,729 - INFO - pixdim[0] (qfac) should be 1 (default) or -1; setting qfac to 1
2025-06-14 05:06:42,918 - ERROR - Error loading /mnt/beegfs/hellgate/home/rb194958e/Atlas_2/Training/Masks/sub-r027s031_ses-1_space-MNI152NLin2009aSym_label-L_desc-T1lesion_mask.nii.gz: 'images' must have either 3 or 4 dimensions.
2025-06-14 05:06:43,308 - ERROR - Error loading /mnt/beegfs/hellgate/home/rb194958e/Atlas_2/Training/Images/sub-r040s039_ses-1_space-MNI152NLin2009aSym_T1w.nii.gz: 'images' must have either 3 or 4 dimensions.
pixdim[0] (qfac) should be 1 (default) or -1; setting qfac to 1
2025-06-14 05:06:43,318 - INFO - pixdim[0] (qfac) should be 1 (default) or -1; setting qfac to 1
2025-06-14 05:06:43,516 - ERROR - Error loading /mnt/beegfs/hellgate/home/rb194958e/Atlas_2/Training/Masks/sub-r040s039_ses-1_space-MNI152NLin2009aSym_label-L_desc-T1lesion_mask.nii.gz: 'images' must have either 3 or 4 dimensions.
2025-06-14 05:06:43,838 - ERROR - Error loading /mnt/beegfs/hellgate/home/rb194958e/Atlas_2/Training/Images/sub-r044s003_ses-1_space-MNI152NLin2009aSym_T1w.nii.gz: 'images' must have either 3 or 4 dimensions.
pixdim[0] (qfac) should be 1 (default) or -1; setting qfac to 1
2025-06-14 05:06:43,849 - INFO - pixdim[0] (qfac) should be 1 (default) or -1; setting qfac to 1
2025-06-14 05:06:44,040 - ERROR - Error loading /mnt/beegfs/hellgate/home/rb194958e/Atlas_2/Training/Masks/sub-r044s003_ses-1_space-MNI152NLin2009aSym_label-L_desc-T1lesion_mask.nii.gz: 'images' must have either 3 or 4 dimensions.
2025-06-14 05:06:44,407 - ERROR - Error loading /mnt/beegfs/hellgate/home/rb194958e/Atlas_2/Training/Images/sub-r038s023_ses-1_space-MNI152NLin2009aSym_T1w.nii.gz: 'images' must have either 3 or 4 dimensions.
pixdim[0] (qfac) should be 1 (default) or -1; setting qfac to 1
2025-06-14 05:06:44,417 - INFO - pixdim[0] (qfac) should be 1 (default) or -1; setting qfac to 1
2025-06-14 05:06:44,618 - ERROR - Error loading /mnt/beegfs/hellgate/home/rb194958e/Atlas_2/Training/Masks/sub-r038s023_ses-1_space-MNI152NLin2009aSym_label-L_desc-T1lesion_mask.nii.gz: 'images' must have either 3 or 4 dimensions.
2025-06-14 05:06:44,973 - ERROR - Error loading /mnt/beegfs/hellgate/home/rb194958e/Atlas_2/Training/Images/sub-r042s003_ses-1_space-MNI152NLin2009aSym_T1w.nii.gz: 'images' must have either 3 or 4 dimensions.
pixdim[0] (qfac) should be 1 (default) or -1; setting qfac to 1
2025-06-14 05:06:44,983 - INFO - pixdim[0] (qfac) should be 1 (default) or -1; setting qfac to 1
2025-06-14 05:06:45,174 - ERROR - Error loading /mnt/beegfs/hellgate/home/rb194958e/Atlas_2/Training/Masks/sub-r042s003_ses-1_space-MNI152NLin2009aSym_label-L_desc-T1lesion_mask.nii.gz: 'images' must have either 3 or 4 dimensions.
2025-06-14 05:06:45,531 - ERROR - Error loading /mnt/beegfs/hellgate/home/rb194958e/Atlas_2/Training/Images/sub-r017s106_ses-1_space-MNI152NLin2009aSym_T1w.nii.gz: 'images' must have either 3 or 4 dimensions.
pixdim[0] (qfac) should be 1 (default) or -1; setting qfac to 1
2025-06-14 05:06:45,541 - INFO - pixdim[0] (qfac) should be 1 (default) or -1; setting qfac to 1
2025-06-14 05:06:45,737 - ERROR - Error loading /mnt/beegfs/hellgate/home/rb194958e/Atlas_2/Training/Masks/sub-r017s106_ses-1_space-MNI152NLin2009aSym_label-L_desc-T1lesion_mask.nii.gz: 'images' must have either 3 or 4 dimensions.
2025-06-14 05:06:46,087 - ERROR - Error loading /mnt/beegfs/hellgate/home/rb194958e/Atlas_2/Training/Images/sub-r004s032_ses-1_space-MNI152NLin2009aSym_T1w.nii.gz: 'images' must have either 3 or 4 dimensions.
pixdim[0] (qfac) should be 1 (default) or -1; setting qfac to 1
2025-06-14 05:06:46,098 - INFO - pixdim[0] (qfac) should be 1 (default) or -1; setting qfac to 1
2025-06-14 05:06:46,287 - ERROR - Error loading /mnt/beegfs/hellgate/home/rb194958e/Atlas_2/Training/Masks/sub-r004s032_ses-1_space-MNI152NLin2009aSym_label-L_desc-T1lesion_mask.nii.gz: 'images' must have either 3 or 4 dimensions.
2025-06-14 05:06:46,640 - ERROR - Error loading /mnt/beegfs/hellgate/home/rb194958e/Atlas_2/Training/Images/sub-r052s026_ses-1_space-MNI152NLin2009aSym_T1w.nii.gz: 'images' must have either 3 or 4 dimensions.
pixdim[0] (qfac) should be 1 (default) or -1; setting qfac to 1
2025-06-14 05:06:46,650 - INFO - pixdim[0] (qfac) should be 1 (default) or -1; setting qfac to 1
2025-06-14 05:06:46,847 - ERROR - Error loading /mnt/beegfs/hellgate/home/rb194958e/Atlas_2/Training/Masks/sub-r052s026_ses-1_space-MNI152NLin2009aSym_label-L_desc-T1lesion_mask.nii.gz: 'images' must have either 3 or 4 dimensions.
2025-06-14 05:06:47,166 - ERROR - Error loading /mnt/beegfs/hellgate/home/rb194958e/Atlas_2/Training/Images/sub-r031s014_ses-1_space-MNI152NLin2009aSym_T1w.nii.gz: 'images' must have either 3 or 4 dimensions.
pixdim[0] (qfac) should be 1 (default) or -1; setting qfac to 1
2025-06-14 05:06:47,175 - INFO - pixdim[0] (qfac) should be 1 (default) or -1; setting qfac to 1
2025-06-14 05:06:47,366 - ERROR - Error loading /mnt/beegfs/hellgate/home/rb194958e/Atlas_2/Training/Masks/sub-r031s014_ses-1_space-MNI152NLin2009aSym_label-L_desc-T1lesion_mask.nii.gz: 'images' must have either 3 or 4 dimensions.
2025-06-14 05:06:47,726 - ERROR - Error loading /mnt/beegfs/hellgate/home/rb194958e/Atlas_2/Training/Images/sub-r049s016_ses-1_space-MNI152NLin2009aSym_T1w.nii.gz: 'images' must have either 3 or 4 dimensions.
pixdim[0] (qfac) should be 1 (default) or -1; setting qfac to 1
2025-06-14 05:06:47,735 - INFO - pixdim[0] (qfac) should be 1 (default) or -1; setting qfac to 1
2025-06-14 05:06:47,933 - ERROR - Error loading /mnt/beegfs/hellgate/home/rb194958e/Atlas_2/Training/Masks/sub-r049s016_ses-1_space-MNI152NLin2009aSym_label-L_desc-T1lesion_mask.nii.gz: 'images' must have either 3 or 4 dimensions.
2025-06-14 05:06:48,278 - ERROR - Error loading /mnt/beegfs/hellgate/home/rb194958e/Atlas_2/Training/Images/sub-r003s010_ses-1_space-MNI152NLin2009aSym_T1w.nii.gz: 'images' must have either 3 or 4 dimensions.
pixdim[0] (qfac) should be 1 (default) or -1; setting qfac to 1
2025-06-14 05:06:48,289 - INFO - pixdim[0] (qfac) should be 1 (default) or -1; setting qfac to 1
2025-06-14 05:06:48,480 - ERROR - Error loading /mnt/beegfs/hellgate/home/rb194958e/Atlas_2/Training/Masks/sub-r003s010_ses-1_space-MNI152NLin2009aSym_label-L_desc-T1lesion_mask.nii.gz: 'images' must have either 3 or 4 dimensions.
2025-06-14 05:06:48,825 - ERROR - Error loading /mnt/beegfs/hellgate/home/rb194958e/Atlas_2/Training/Images/sub-r003s008_ses-1_space-MNI152NLin2009aSym_T1w.nii.gz: 'images' must have either 3 or 4 dimensions.
pixdim[0] (qfac) should be 1 (default) or -1; setting qfac to 1
2025-06-14 05:06:48,834 - INFO - pixdim[0] (qfac) should be 1 (default) or -1; setting qfac to 1
2025-06-14 05:06:49,031 - ERROR - Error loading /mnt/beegfs/hellgate/home/rb194958e/Atlas_2/Training/Masks/sub-r003s008_ses-1_space-MNI152NLin2009aSym_label-L_desc-T1lesion_mask.nii.gz: 'images' must have either 3 or 4 dimensions.
2025-06-14 05:06:49,348 - ERROR - Error loading /mnt/beegfs/hellgate/home/rb194958e/Atlas_2/Training/Images/sub-r031s033_ses-1_space-MNI152NLin2009aSym_T1w.nii.gz: 'images' must have either 3 or 4 dimensions.
pixdim[0] (qfac) should be 1 (default) or -1; setting qfac to 1
2025-06-14 05:06:49,359 - INFO - pixdim[0] (qfac) should be 1 (default) or -1; setting qfac to 1
2025-06-14 05:06:49,549 - ERROR - Error loading /mnt/beegfs/hellgate/home/rb194958e/Atlas_2/Training/Masks/sub-r031s033_ses-1_space-MNI152NLin2009aSym_label-L_desc-T1lesion_mask.nii.gz: 'images' must have either 3 or 4 dimensions.
2025-06-14 05:06:49,927 - ERROR - Error loading /mnt/beegfs/hellgate/home/rb194958e/Atlas_2/Training/Images/sub-r035s011_ses-1_space-MNI152NLin2009aSym_T1w.nii.gz: 'images' must have either 3 or 4 dimensions.
pixdim[0] (qfac) should be 1 (default) or -1; setting qfac to 1
2025-06-14 05:06:49,937 - INFO - pixdim[0] (qfac) should be 1 (default) or -1; setting qfac to 1
2025-06-14 05:06:50,134 - ERROR - Error loading /mnt/beegfs/hellgate/home/rb194958e/Atlas_2/Training/Masks/sub-r035s011_ses-1_space-MNI152NLin2009aSym_label-L_desc-T1lesion_mask.nii.gz: 'images' must have either 3 or 4 dimensions.
2025-06-14 05:06:50,505 - ERROR - Error loading /mnt/beegfs/hellgate/home/rb194958e/Atlas_2/Training/Images/sub-r010s012_ses-1_space-MNI152NLin2009aSym_T1w.nii.gz: 'images' must have either 3 or 4 dimensions.
pixdim[0] (qfac) should be 1 (default) or -1; setting qfac to 1
2025-06-14 05:06:50,515 - INFO - pixdim[0] (qfac) should be 1 (default) or -1; setting qfac to 1
2025-06-14 05:06:50,705 - ERROR - Error loading /mnt/beegfs/hellgate/home/rb194958e/Atlas_2/Training/Masks/sub-r010s012_ses-1_space-MNI152NLin2009aSym_label-L_desc-T1lesion_mask.nii.gz: 'images' must have either 3 or 4 dimensions.
2025-06-14 05:06:51,013 - ERROR - Error loading /mnt/beegfs/hellgate/home/rb194958e/Atlas_2/Training/Images/sub-r052s001_ses-1_space-MNI152NLin2009aSym_T1w.nii.gz: 'images' must have either 3 or 4 dimensions.
pixdim[0] (qfac) should be 1 (default) or -1; setting qfac to 1
2025-06-14 05:06:51,023 - INFO - pixdim[0] (qfac) should be 1 (default) or -1; setting qfac to 1
2025-06-14 05:06:51,220 - ERROR - Error loading /mnt/beegfs/hellgate/home/rb194958e/Atlas_2/Training/Masks/sub-r052s001_ses-1_space-MNI152NLin2009aSym_label-L_desc-T1lesion_mask.nii.gz: 'images' must have either 3 or 4 dimensions.
2025-06-14 05:06:51,545 - ERROR - Error loading /mnt/beegfs/hellgate/home/rb194958e/Atlas_2/Training/Images/sub-r052s019_ses-1_space-MNI152NLin2009aSym_T1w.nii.gz: 'images' must have either 3 or 4 dimensions.
pixdim[0] (qfac) should be 1 (default) or -1; setting qfac to 1
2025-06-14 05:06:51,555 - INFO - pixdim[0] (qfac) should be 1 (default) or -1; setting qfac to 1
2025-06-14 05:06:51,746 - ERROR - Error loading /mnt/beegfs/hellgate/home/rb194958e/Atlas_2/Training/Masks/sub-r052s019_ses-1_space-MNI152NLin2009aSym_label-L_desc-T1lesion_mask.nii.gz: 'images' must have either 3 or 4 dimensions.
2025-06-14 05:06:52,095 - ERROR - Error loading /mnt/beegfs/hellgate/home/rb194958e/Atlas_2/Training/Images/sub-r018s007_ses-1_space-MNI152NLin2009aSym_T1w.nii.gz: 'images' must have either 3 or 4 dimensions.
pixdim[0] (qfac) should be 1 (default) or -1; setting qfac to 1
2025-06-14 05:06:52,105 - INFO - pixdim[0] (qfac) should be 1 (default) or -1; setting qfac to 1
2025-06-14 05:06:52,304 - ERROR - Error loading /mnt/beegfs/hellgate/home/rb194958e/Atlas_2/Training/Masks/sub-r018s007_ses-1_space-MNI152NLin2009aSym_label-L_desc-T1lesion_mask.nii.gz: 'images' must have either 3 or 4 dimensions.
2025-06-14 05:06:52,644 - ERROR - Error loading /mnt/beegfs/hellgate/home/rb194958e/Atlas_2/Training/Images/sub-r046s006_ses-1_space-MNI152NLin2009aSym_T1w.nii.gz: 'images' must have either 3 or 4 dimensions.
pixdim[0] (qfac) should be 1 (default) or -1; setting qfac to 1
2025-06-14 05:06:52,655 - INFO - pixdim[0] (qfac) should be 1 (default) or -1; setting qfac to 1
2025-06-14 05:06:52,845 - ERROR - Error loading /mnt/beegfs/hellgate/home/rb194958e/Atlas_2/Training/Masks/sub-r046s006_ses-1_space-MNI152NLin2009aSym_label-L_desc-T1lesion_mask.nii.gz: 'images' must have either 3 or 4 dimensions.
2025-06-14 05:06:53,211 - ERROR - Error loading /mnt/beegfs/hellgate/home/rb194958e/Atlas_2/Training/Images/sub-r004s015_ses-1_space-MNI152NLin2009aSym_T1w.nii.gz: 'images' must have either 3 or 4 dimensions.
pixdim[0] (qfac) should be 1 (default) or -1; setting qfac to 1
2025-06-14 05:06:53,221 - INFO - pixdim[0] (qfac) should be 1 (default) or -1; setting qfac to 1
2025-06-14 05:06:53,421 - ERROR - Error loading /mnt/beegfs/hellgate/home/rb194958e/Atlas_2/Training/Masks/sub-r004s015_ses-1_space-MNI152NLin2009aSym_label-L_desc-T1lesion_mask.nii.gz: 'images' must have either 3 or 4 dimensions.
2025-06-14 05:06:53,693 - ERROR - Error loading /mnt/beegfs/hellgate/home/rb194958e/Atlas_2/Training/Images/sub-r029s003_ses-1_space-MNI152NLin2009aSym_T1w.nii.gz: 'images' must have either 3 or 4 dimensions.
pixdim[0] (qfac) should be 1 (default) or -1; setting qfac to 1
2025-06-14 05:06:53,705 - INFO - pixdim[0] (qfac) should be 1 (default) or -1; setting qfac to 1
2025-06-14 05:06:53,895 - ERROR - Error loading /mnt/beegfs/hellgate/home/rb194958e/Atlas_2/Training/Masks/sub-r029s003_ses-1_space-MNI152NLin2009aSym_label-L_desc-T1lesion_mask.nii.gz: 'images' must have either 3 or 4 dimensions.
2025-06-14 05:06:54,314 - ERROR - Error loading /mnt/beegfs/hellgate/home/rb194958e/Atlas_2/Training/Images/sub-r011s028_ses-1_space-MNI152NLin2009aSym_T1w.nii.gz: 'images' must have either 3 or 4 dimensions.
pixdim[0] (qfac) should be 1 (default) or -1; setting qfac to 1
2025-06-14 05:06:54,325 - INFO - pixdim[0] (qfac) should be 1 (default) or -1; setting qfac to 1
2025-06-14 05:06:54,524 - ERROR - Error loading /mnt/beegfs/hellgate/home/rb194958e/Atlas_2/Training/Masks/sub-r011s028_ses-1_space-MNI152NLin2009aSym_label-L_desc-T1lesion_mask.nii.gz: 'images' must have either 3 or 4 dimensions.
2025-06-14 05:06:54,963 - ERROR - Error loading /mnt/beegfs/hellgate/home/rb194958e/Atlas_2/Training/Images/sub-r011s030_ses-1_space-MNI152NLin2009aSym_T1w.nii.gz: 'images' must have either 3 or 4 dimensions.
pixdim[0] (qfac) should be 1 (default) or -1; setting qfac to 1
2025-06-14 05:06:54,974 - INFO - pixdim[0] (qfac) should be 1 (default) or -1; setting qfac to 1
2025-06-14 05:06:55,169 - ERROR - Error loading /mnt/beegfs/hellgate/home/rb194958e/Atlas_2/Training/Masks/sub-r011s030_ses-1_space-MNI152NLin2009aSym_label-L_desc-T1lesion_mask.nii.gz: 'images' must have either 3 or 4 dimensions.
2025-06-14 05:06:55,539 - ERROR - Error loading /mnt/beegfs/hellgate/home/rb194958e/Atlas_2/Training/Images/sub-r027s047_ses-1_space-MNI152NLin2009aSym_T1w.nii.gz: 'images' must have either 3 or 4 dimensions.
pixdim[0] (qfac) should be 1 (default) or -1; setting qfac to 1
2025-06-14 05:06:55,548 - INFO - pixdim[0] (qfac) should be 1 (default) or -1; setting qfac to 1
2025-06-14 05:06:55,747 - ERROR - Error loading /mnt/beegfs/hellgate/home/rb194958e/Atlas_2/Training/Masks/sub-r027s047_ses-1_space-MNI152NLin2009aSym_label-L_desc-T1lesion_mask.nii.gz: 'images' must have either 3 or 4 dimensions.
2025-06-14 05:06:56,095 - ERROR - Error loading /mnt/beegfs/hellgate/home/rb194958e/Atlas_2/Training/Images/sub-r034s033_ses-1_space-MNI152NLin2009aSym_T1w.nii.gz: 'images' must have either 3 or 4 dimensions.
pixdim[0] (qfac) should be 1 (default) or -1; setting qfac to 1
2025-06-14 05:06:56,105 - INFO - pixdim[0] (qfac) should be 1 (default) or -1; setting qfac to 1
2025-06-14 05:06:56,297 - ERROR - Error loading /mnt/beegfs/hellgate/home/rb194958e/Atlas_2/Training/Masks/sub-r034s033_ses-1_space-MNI152NLin2009aSym_label-L_desc-T1lesion_mask.nii.gz: 'images' must have either 3 or 4 dimensions.
2025-06-14 05:06:56,657 - ERROR - Error loading /mnt/beegfs/hellgate/home/rb194958e/Atlas_2/Training/Images/sub-r009s109_ses-1_space-MNI152NLin2009aSym_T1w.nii.gz: 'images' must have either 3 or 4 dimensions.
pixdim[0] (qfac) should be 1 (default) or -1; setting qfac to 1
2025-06-14 05:06:56,669 - INFO - pixdim[0] (qfac) should be 1 (default) or -1; setting qfac to 1
2025-06-14 05:06:56,867 - ERROR - Error loading /mnt/beegfs/hellgate/home/rb194958e/Atlas_2/Training/Masks/sub-r009s109_ses-1_space-MNI152NLin2009aSym_label-L_desc-T1lesion_mask.nii.gz: 'images' must have either 3 or 4 dimensions.
2025-06-14 05:06:57,216 - ERROR - Error loading /mnt/beegfs/hellgate/home/rb194958e/Atlas_2/Training/Images/sub-r009s111_ses-1_space-MNI152NLin2009aSym_T1w.nii.gz: 'images' must have either 3 or 4 dimensions.
pixdim[0] (qfac) should be 1 (default) or -1; setting qfac to 1
2025-06-14 05:06:57,226 - INFO - pixdim[0] (qfac) should be 1 (default) or -1; setting qfac to 1
2025-06-14 05:06:57,418 - ERROR - Error loading /mnt/beegfs/hellgate/home/rb194958e/Atlas_2/Training/Masks/sub-r009s111_ses-1_space-MNI152NLin2009aSym_label-L_desc-T1lesion_mask.nii.gz: 'images' must have either 3 or 4 dimensions.
2025-06-14 05:06:57,775 - ERROR - Error loading /mnt/beegfs/hellgate/home/rb194958e/Atlas_2/Training/Images/sub-r009s049_ses-1_space-MNI152NLin2009aSym_T1w.nii.gz: 'images' must have either 3 or 4 dimensions.
pixdim[0] (qfac) should be 1 (default) or -1; setting qfac to 1
2025-06-14 05:06:57,786 - INFO - pixdim[0] (qfac) should be 1 (default) or -1; setting qfac to 1
2025-06-14 05:06:57,984 - ERROR - Error loading /mnt/beegfs/hellgate/home/rb194958e/Atlas_2/Training/Masks/sub-r009s049_ses-1_space-MNI152NLin2009aSym_label-L_desc-T1lesion_mask.nii.gz: 'images' must have either 3 or 4 dimensions.
2025-06-14 05:06:58,352 - ERROR - Error loading /mnt/beegfs/hellgate/home/rb194958e/Atlas_2/Training/Images/sub-r001s015_ses-1_space-MNI152NLin2009aSym_T1w.nii.gz: 'images' must have either 3 or 4 dimensions.
pixdim[0] (qfac) should be 1 (default) or -1; setting qfac to 1
2025-06-14 05:06:58,362 - INFO - pixdim[0] (qfac) should be 1 (default) or -1; setting qfac to 1
2025-06-14 05:06:58,553 - ERROR - Error loading /mnt/beegfs/hellgate/home/rb194958e/Atlas_2/Training/Masks/sub-r001s015_ses-1_space-MNI152NLin2009aSym_label-L_desc-T1lesion_mask.nii.gz: 'images' must have either 3 or 4 dimensions.
2025-06-14 05:06:58,933 - ERROR - Error loading /mnt/beegfs/hellgate/home/rb194958e/Atlas_2/Training/Images/sub-r009s051_ses-1_space-MNI152NLin2009aSym_T1w.nii.gz: 'images' must have either 3 or 4 dimensions.
pixdim[0] (qfac) should be 1 (default) or -1; setting qfac to 1
2025-06-14 05:06:58,945 - INFO - pixdim[0] (qfac) should be 1 (default) or -1; setting qfac to 1
2025-06-14 05:06:59,143 - ERROR - Error loading /mnt/beegfs/hellgate/home/rb194958e/Atlas_2/Training/Masks/sub-r009s051_ses-1_space-MNI152NLin2009aSym_label-L_desc-T1lesion_mask.nii.gz: 'images' must have either 3 or 4 dimensions.
2025-06-14 05:06:59,506 - ERROR - Error loading /mnt/beegfs/hellgate/home/rb194958e/Atlas_2/Training/Images/sub-r009s018_ses-1_space-MNI152NLin2009aSym_T1w.nii.gz: 'images' must have either 3 or 4 dimensions.
pixdim[0] (qfac) should be 1 (default) or -1; setting qfac to 1
2025-06-14 05:06:59,517 - INFO - pixdim[0] (qfac) should be 1 (default) or -1; setting qfac to 1
2025-06-14 05:06:59,708 - ERROR - Error loading /mnt/beegfs/hellgate/home/rb194958e/Atlas_2/Training/Masks/sub-r009s018_ses-1_space-MNI152NLin2009aSym_label-L_desc-T1lesion_mask.nii.gz: 'images' must have either 3 or 4 dimensions.
2025-06-14 05:07:00,090 - ERROR - Error loading /mnt/beegfs/hellgate/home/rb194958e/Atlas_2/Training/Images/sub-r005s049_ses-1_space-MNI152NLin2009aSym_T1w.nii.gz: 'images' must have either 3 or 4 dimensions.
pixdim[0] (qfac) should be 1 (default) or -1; setting qfac to 1
2025-06-14 05:07:00,099 - INFO - pixdim[0] (qfac) should be 1 (default) or -1; setting qfac to 1
2025-06-14 05:07:00,298 - ERROR - Error loading /mnt/beegfs/hellgate/home/rb194958e/Atlas_2/Training/Masks/sub-r005s049_ses-1_space-MNI152NLin2009aSym_label-L_desc-T1lesion_mask.nii.gz: 'images' must have either 3 or 4 dimensions.
2025-06-14 05:07:00,636 - ERROR - Error loading /mnt/beegfs/hellgate/home/rb194958e/Atlas_2/Training/Images/sub-r009s037_ses-1_space-MNI152NLin2009aSym_T1w.nii.gz: 'images' must have either 3 or 4 dimensions.
pixdim[0] (qfac) should be 1 (default) or -1; setting qfac to 1
2025-06-14 05:07:00,646 - INFO - pixdim[0] (qfac) should be 1 (default) or -1; setting qfac to 1
2025-06-14 05:07:00,837 - ERROR - Error loading /mnt/beegfs/hellgate/home/rb194958e/Atlas_2/Training/Masks/sub-r009s037_ses-1_space-MNI152NLin2009aSym_label-L_desc-T1lesion_mask.nii.gz: 'images' must have either 3 or 4 dimensions.
2025-06-14 05:07:01,192 - ERROR - Error loading /mnt/beegfs/hellgate/home/rb194958e/Atlas_2/Training/Images/sub-r047s013_ses-1_space-MNI152NLin2009aSym_T1w.nii.gz: 'images' must have either 3 or 4 dimensions.
pixdim[0] (qfac) should be 1 (default) or -1; setting qfac to 1
2025-06-14 05:07:01,201 - INFO - pixdim[0] (qfac) should be 1 (default) or -1; setting qfac to 1
2025-06-14 05:07:01,400 - ERROR - Error loading /mnt/beegfs/hellgate/home/rb194958e/Atlas_2/Training/Masks/sub-r047s013_ses-1_space-MNI152NLin2009aSym_label-L_desc-T1lesion_mask.nii.gz: 'images' must have either 3 or 4 dimensions.
2025-06-14 05:07:01,775 - ERROR - Error loading /mnt/beegfs/hellgate/home/rb194958e/Atlas_2/Training/Images/sub-r001s022_ses-1_space-MNI152NLin2009aSym_T1w.nii.gz: 'images' must have either 3 or 4 dimensions.
pixdim[0] (qfac) should be 1 (default) or -1; setting qfac to 1
2025-06-14 05:07:01,786 - INFO - pixdim[0] (qfac) should be 1 (default) or -1; setting qfac to 1
2025-06-14 05:07:01,978 - ERROR - Error loading /mnt/beegfs/hellgate/home/rb194958e/Atlas_2/Training/Masks/sub-r001s022_ses-1_space-MNI152NLin2009aSym_label-L_desc-T1lesion_mask.nii.gz: 'images' must have either 3 or 4 dimensions.
2025-06-14 05:07:02,346 - ERROR - Error loading /mnt/beegfs/hellgate/home/rb194958e/Atlas_2/Training/Images/sub-r009s066_ses-1_space-MNI152NLin2009aSym_T1w.nii.gz: 'images' must have either 3 or 4 dimensions.
pixdim[0] (qfac) should be 1 (default) or -1; setting qfac to 1
2025-06-14 05:07:02,355 - INFO - pixdim[0] (qfac) should be 1 (default) or -1; setting qfac to 1
2025-06-14 05:07:02,553 - ERROR - Error loading /mnt/beegfs/hellgate/home/rb194958e/Atlas_2/Training/Masks/sub-r009s066_ses-1_space-MNI152NLin2009aSym_label-L_desc-T1lesion_mask.nii.gz: 'images' must have either 3 or 4 dimensions.
2025-06-14 05:07:02,921 - ERROR - Error loading /mnt/beegfs/hellgate/home/rb194958e/Atlas_2/Training/Images/sub-r038s089_ses-1_space-MNI152NLin2009aSym_T1w.nii.gz: 'images' must have either 3 or 4 dimensions.
pixdim[0] (qfac) should be 1 (default) or -1; setting qfac to 1
2025-06-14 05:07:02,932 - INFO - pixdim[0] (qfac) should be 1 (default) or -1; setting qfac to 1
2025-06-14 05:07:03,123 - ERROR - Error loading /mnt/beegfs/hellgate/home/rb194958e/Atlas_2/Training/Masks/sub-r038s089_ses-1_space-MNI152NLin2009aSym_label-L_desc-T1lesion_mask.nii.gz: 'images' must have either 3 or 4 dimensions.
2025-06-14 05:07:03,480 - ERROR - Error loading /mnt/beegfs/hellgate/home/rb194958e/Atlas_2/Training/Images/sub-r038s091_ses-1_space-MNI152NLin2009aSym_T1w.nii.gz: 'images' must have either 3 or 4 dimensions.
pixdim[0] (qfac) should be 1 (default) or -1; setting qfac to 1
2025-06-14 05:07:03,490 - INFO - pixdim[0] (qfac) should be 1 (default) or -1; setting qfac to 1
2025-06-14 05:07:03,689 - ERROR - Error loading /mnt/beegfs/hellgate/home/rb194958e/Atlas_2/Training/Masks/sub-r038s091_ses-1_space-MNI152NLin2009aSym_label-L_desc-T1lesion_mask.nii.gz: 'images' must have either 3 or 4 dimensions.
2025-06-14 05:07:04,063 - ERROR - Error loading /mnt/beegfs/hellgate/home/rb194958e/Atlas_2/Training/Images/sub-r009s126_ses-1_space-MNI152NLin2009aSym_T1w.nii.gz: 'images' must have either 3 or 4 dimensions.
pixdim[0] (qfac) should be 1 (default) or -1; setting qfac to 1
2025-06-14 05:07:04,074 - INFO - pixdim[0] (qfac) should be 1 (default) or -1; setting qfac to 1
2025-06-14 05:07:04,265 - ERROR - Error loading /mnt/beegfs/hellgate/home/rb194958e/Atlas_2/Training/Masks/sub-r009s126_ses-1_space-MNI152NLin2009aSym_label-L_desc-T1lesion_mask.nii.gz: 'images' must have either 3 or 4 dimensions.
2025-06-14 05:07:04,620 - ERROR - Error loading /mnt/beegfs/hellgate/home/rb194958e/Atlas_2/Training/Images/sub-r024s021_ses-1_space-MNI152NLin2009aSym_T1w.nii.gz: 'images' must have either 3 or 4 dimensions.
pixdim[0] (qfac) should be 1 (default) or -1; setting qfac to 1
2025-06-14 05:07:04,629 - INFO - pixdim[0] (qfac) should be 1 (default) or -1; setting qfac to 1
2025-06-14 05:07:04,827 - ERROR - Error loading /mnt/beegfs/hellgate/home/rb194958e/Atlas_2/Training/Masks/sub-r024s021_ses-1_space-MNI152NLin2009aSym_label-L_desc-T1lesion_mask.nii.gz: 'images' must have either 3 or 4 dimensions.
2025-06-14 05:07:05,178 - ERROR - Error loading /mnt/beegfs/hellgate/home/rb194958e/Atlas_2/Training/Images/sub-r019s012_ses-1_space-MNI152NLin2009aSym_T1w.nii.gz: 'images' must have either 3 or 4 dimensions.
pixdim[0] (qfac) should be 1 (default) or -1; setting qfac to 1
2025-06-14 05:07:05,189 - INFO - pixdim[0] (qfac) should be 1 (default) or -1; setting qfac to 1
2025-06-14 05:07:05,380 - ERROR - Error loading /mnt/beegfs/hellgate/home/rb194958e/Atlas_2/Training/Masks/sub-r019s012_ses-1_space-MNI152NLin2009aSym_label-L_desc-T1lesion_mask.nii.gz: 'images' must have either 3 or 4 dimensions.
2025-06-14 05:07:05,739 - ERROR - Error loading /mnt/beegfs/hellgate/home/rb194958e/Atlas_2/Training/Images/sub-r023s003_ses-1_space-MNI152NLin2009aSym_T1w.nii.gz: 'images' must have either 3 or 4 dimensions.
pixdim[0] (qfac) should be 1 (default) or -1; setting qfac to 1
2025-06-14 05:07:05,750 - INFO - pixdim[0] (qfac) should be 1 (default) or -1; setting qfac to 1
2025-06-14 05:07:05,946 - ERROR - Error loading /mnt/beegfs/hellgate/home/rb194958e/Atlas_2/Training/Masks/sub-r023s003_ses-1_space-MNI152NLin2009aSym_label-L_desc-T1lesion_mask.nii.gz: 'images' must have either 3 or 4 dimensions.
2025-06-14 05:07:06,299 - ERROR - Error loading /mnt/beegfs/hellgate/home/rb194958e/Atlas_2/Training/Images/sub-r038s033_ses-1_space-MNI152NLin2009aSym_T1w.nii.gz: 'images' must have either 3 or 4 dimensions.
pixdim[0] (qfac) should be 1 (default) or -1; setting qfac to 1
2025-06-14 05:07:06,310 - INFO - pixdim[0] (qfac) should be 1 (default) or -1; setting qfac to 1
2025-06-14 05:07:06,502 - ERROR - Error loading /mnt/beegfs/hellgate/home/rb194958e/Atlas_2/Training/Masks/sub-r038s033_ses-1_space-MNI152NLin2009aSym_label-L_desc-T1lesion_mask.nii.gz: 'images' must have either 3 or 4 dimensions.
2025-06-14 05:07:06,925 - ERROR - Error loading /mnt/beegfs/hellgate/home/rb194958e/Atlas_2/Training/Images/sub-r040s031_ses-1_space-MNI152NLin2009aSym_T1w.nii.gz: 'images' must have either 3 or 4 dimensions.
pixdim[0] (qfac) should be 1 (default) or -1; setting qfac to 1
2025-06-14 05:07:06,935 - INFO - pixdim[0] (qfac) should be 1 (default) or -1; setting qfac to 1
2025-06-14 05:07:07,130 - ERROR - Error loading /mnt/beegfs/hellgate/home/rb194958e/Atlas_2/Training/Masks/sub-r040s031_ses-1_space-MNI152NLin2009aSym_label-L_desc-T1lesion_mask.nii.gz: 'images' must have either 3 or 4 dimensions.
2025-06-14 05:07:07,574 - ERROR - Error loading /mnt/beegfs/hellgate/home/rb194958e/Atlas_2/Training/Images/sub-r040s078_ses-1_space-MNI152NLin2009aSym_T1w.nii.gz: 'images' must have either 3 or 4 dimensions.
pixdim[0] (qfac) should be 1 (default) or -1; setting qfac to 1
2025-06-14 05:07:07,586 - INFO - pixdim[0] (qfac) should be 1 (default) or -1; setting qfac to 1
2025-06-14 05:07:07,778 - ERROR - Error loading /mnt/beegfs/hellgate/home/rb194958e/Atlas_2/Training/Masks/sub-r040s078_ses-1_space-MNI152NLin2009aSym_label-L_desc-T1lesion_mask.nii.gz: 'images' must have either 3 or 4 dimensions.
2025-06-14 05:07:08,150 - ERROR - Error loading /mnt/beegfs/hellgate/home/rb194958e/Atlas_2/Training/Images/sub-r009s095_ses-1_space-MNI152NLin2009aSym_T1w.nii.gz: 'images' must have either 3 or 4 dimensions.
pixdim[0] (qfac) should be 1 (default) or -1; setting qfac to 1
2025-06-14 05:07:08,159 - INFO - pixdim[0] (qfac) should be 1 (default) or -1; setting qfac to 1
2025-06-14 05:07:08,352 - ERROR - Error loading /mnt/beegfs/hellgate/home/rb194958e/Atlas_2/Training/Masks/sub-r009s095_ses-1_space-MNI152NLin2009aSym_label-L_desc-T1lesion_mask.nii.gz: 'images' must have either 3 or 4 dimensions.
2025-06-14 05:07:08,689 - ERROR - Error loading /mnt/beegfs/hellgate/home/rb194958e/Atlas_2/Training/Images/sub-r015s025_ses-1_space-MNI152NLin2009aSym_T1w.nii.gz: 'images' must have either 3 or 4 dimensions.
pixdim[0] (qfac) should be 1 (default) or -1; setting qfac to 1
2025-06-14 05:07:08,701 - INFO - pixdim[0] (qfac) should be 1 (default) or -1; setting qfac to 1
2025-06-14 05:07:08,893 - ERROR - Error loading /mnt/beegfs/hellgate/home/rb194958e/Atlas_2/Training/Masks/sub-r015s025_ses-1_space-MNI152NLin2009aSym_label-L_desc-T1lesion_mask.nii.gz: 'images' must have either 3 or 4 dimensions.
2025-06-14 05:07:09,251 - ERROR - Error loading /mnt/beegfs/hellgate/home/rb194958e/Atlas_2/Training/Images/sub-r017s116_ses-1_space-MNI152NLin2009aSym_T1w.nii.gz: 'images' must have either 3 or 4 dimensions.
pixdim[0] (qfac) should be 1 (default) or -1; setting qfac to 1
2025-06-14 05:07:09,262 - INFO - pixdim[0] (qfac) should be 1 (default) or -1; setting qfac to 1
2025-06-14 05:07:09,454 - ERROR - Error loading /mnt/beegfs/hellgate/home/rb194958e/Atlas_2/Training/Masks/sub-r017s116_ses-1_space-MNI152NLin2009aSym_label-L_desc-T1lesion_mask.nii.gz: 'images' must have either 3 or 4 dimensions.
2025-06-14 05:07:09,802 - ERROR - Error loading /mnt/beegfs/hellgate/home/rb194958e/Atlas_2/Training/Images/sub-r042s013_ses-1_space-MNI152NLin2009aSym_T1w.nii.gz: 'images' must have either 3 or 4 dimensions.
pixdim[0] (qfac) should be 1 (default) or -1; setting qfac to 1
2025-06-14 05:07:09,813 - INFO - pixdim[0] (qfac) should be 1 (default) or -1; setting qfac to 1
2025-06-14 05:07:10,004 - ERROR - Error loading /mnt/beegfs/hellgate/home/rb194958e/Atlas_2/Training/Masks/sub-r042s013_ses-1_space-MNI152NLin2009aSym_label-L_desc-T1lesion_mask.nii.gz: 'images' must have either 3 or 4 dimensions.
2025-06-14 05:07:10,364 - ERROR - Error loading /mnt/beegfs/hellgate/home/rb194958e/Atlas_2/Training/Images/sub-r004s022_ses-1_space-MNI152NLin2009aSym_T1w.nii.gz: 'images' must have either 3 or 4 dimensions.
pixdim[0] (qfac) should be 1 (default) or -1; setting qfac to 1
2025-06-14 05:07:10,373 - INFO - pixdim[0] (qfac) should be 1 (default) or -1; setting qfac to 1
2025-06-14 05:07:10,564 - ERROR - Error loading /mnt/beegfs/hellgate/home/rb194958e/Atlas_2/Training/Masks/sub-r004s022_ses-1_space-MNI152NLin2009aSym_label-L_desc-T1lesion_mask.nii.gz: 'images' must have either 3 or 4 dimensions.
2025-06-14 05:07:10,994 - ERROR - Error loading /mnt/beegfs/hellgate/home/rb194958e/Atlas_2/Training/Images/sub-r031s004_ses-1_space-MNI152NLin2009aSym_T1w.nii.gz: 'images' must have either 3 or 4 dimensions.
pixdim[0] (qfac) should be 1 (default) or -1; setting qfac to 1
2025-06-14 05:07:11,005 - INFO - pixdim[0] (qfac) should be 1 (default) or -1; setting qfac to 1
2025-06-14 05:07:11,197 - ERROR - Error loading /mnt/beegfs/hellgate/home/rb194958e/Atlas_2/Training/Masks/sub-r031s004_ses-1_space-MNI152NLin2009aSym_label-L_desc-T1lesion_mask.nii.gz: 'images' must have either 3 or 4 dimensions.
2025-06-14 05:07:11,532 - ERROR - Error loading /mnt/beegfs/hellgate/home/rb194958e/Atlas_2/Training/Images/sub-r004s025_ses-1_space-MNI152NLin2009aSym_T1w.nii.gz: 'images' must have either 3 or 4 dimensions.
pixdim[0] (qfac) should be 1 (default) or -1; setting qfac to 1
2025-06-14 05:07:11,542 - INFO - pixdim[0] (qfac) should be 1 (default) or -1; setting qfac to 1
2025-06-14 05:07:11,734 - ERROR - Error loading /mnt/beegfs/hellgate/home/rb194958e/Atlas_2/Training/Masks/sub-r004s025_ses-1_space-MNI152NLin2009aSym_label-L_desc-T1lesion_mask.nii.gz: 'images' must have either 3 or 4 dimensions.
2025-06-14 05:07:12,092 - ERROR - Error loading /mnt/beegfs/hellgate/home/rb194958e/Atlas_2/Training/Images/sub-r003s007_ses-1_space-MNI152NLin2009aSym_T1w.nii.gz: 'images' must have either 3 or 4 dimensions.
pixdim[0] (qfac) should be 1 (default) or -1; setting qfac to 1
2025-06-14 05:07:12,105 - INFO - pixdim[0] (qfac) should be 1 (default) or -1; setting qfac to 1
2025-06-14 05:07:12,296 - ERROR - Error loading /mnt/beegfs/hellgate/home/rb194958e/Atlas_2/Training/Masks/sub-r003s007_ses-1_space-MNI152NLin2009aSym_label-L_desc-T1lesion_mask.nii.gz: 'images' must have either 3 or 4 dimensions.
2025-06-14 05:07:12,610 - ERROR - Error loading /mnt/beegfs/hellgate/home/rb194958e/Atlas_2/Training/Images/sub-r031s003_ses-1_space-MNI152NLin2009aSym_T1w.nii.gz: 'images' must have either 3 or 4 dimensions.
pixdim[0] (qfac) should be 1 (default) or -1; setting qfac to 1
2025-06-14 05:07:12,621 - INFO - pixdim[0] (qfac) should be 1 (default) or -1; setting qfac to 1
2025-06-14 05:07:12,812 - ERROR - Error loading /mnt/beegfs/hellgate/home/rb194958e/Atlas_2/Training/Masks/sub-r031s003_ses-1_space-MNI152NLin2009aSym_label-L_desc-T1lesion_mask.nii.gz: 'images' must have either 3 or 4 dimensions.
2025-06-14 05:07:13,135 - ERROR - Error loading /mnt/beegfs/hellgate/home/rb194958e/Atlas_2/Training/Images/sub-r052s031_ses-1_space-MNI152NLin2009aSym_T1w.nii.gz: 'images' must have either 3 or 4 dimensions.
pixdim[0] (qfac) should be 1 (default) or -1; setting qfac to 1
2025-06-14 05:07:13,145 - INFO - pixdim[0] (qfac) should be 1 (default) or -1; setting qfac to 1
2025-06-14 05:07:13,337 - ERROR - Error loading /mnt/beegfs/hellgate/home/rb194958e/Atlas_2/Training/Masks/sub-r052s031_ses-1_space-MNI152NLin2009aSym_label-L_desc-T1lesion_mask.nii.gz: 'images' must have either 3 or 4 dimensions.
2025-06-14 05:07:13,659 - ERROR - Error loading /mnt/beegfs/hellgate/home/rb194958e/Atlas_2/Training/Images/sub-r052s029_ses-1_space-MNI152NLin2009aSym_T1w.nii.gz: 'images' must have either 3 or 4 dimensions.
pixdim[0] (qfac) should be 1 (default) or -1; setting qfac to 1
2025-06-14 05:07:13,669 - INFO - pixdim[0] (qfac) should be 1 (default) or -1; setting qfac to 1
2025-06-14 05:07:13,861 - ERROR - Error loading /mnt/beegfs/hellgate/home/rb194958e/Atlas_2/Training/Masks/sub-r052s029_ses-1_space-MNI152NLin2009aSym_label-L_desc-T1lesion_mask.nii.gz: 'images' must have either 3 or 4 dimensions.
2025-06-14 05:07:14,245 - ERROR - Error loading /mnt/beegfs/hellgate/home/rb194958e/Atlas_2/Training/Images/sub-r010s022_ses-1_space-MNI152NLin2009aSym_T1w.nii.gz: 'images' must have either 3 or 4 dimensions.
pixdim[0] (qfac) should be 1 (default) or -1; setting qfac to 1
2025-06-14 05:07:14,255 - INFO - pixdim[0] (qfac) should be 1 (default) or -1; setting qfac to 1
2025-06-14 05:07:14,447 - ERROR - Error loading /mnt/beegfs/hellgate/home/rb194958e/Atlas_2/Training/Masks/sub-r010s022_ses-1_space-MNI152NLin2009aSym_label-L_desc-T1lesion_mask.nii.gz: 'images' must have either 3 or 4 dimensions.
2025-06-14 05:07:14,801 - ERROR - Error loading /mnt/beegfs/hellgate/home/rb194958e/Atlas_2/Training/Images/sub-r009s028_ses-1_space-MNI152NLin2009aSym_T1w.nii.gz: 'images' must have either 3 or 4 dimensions.
pixdim[0] (qfac) should be 1 (default) or -1; setting qfac to 1
2025-06-14 05:07:14,812 - INFO - pixdim[0] (qfac) should be 1 (default) or -1; setting qfac to 1
2025-06-14 05:07:15,005 - ERROR - Error loading /mnt/beegfs/hellgate/home/rb194958e/Atlas_2/Training/Masks/sub-r009s028_ses-1_space-MNI152NLin2009aSym_label-L_desc-T1lesion_mask.nii.gz: 'images' must have either 3 or 4 dimensions.
2025-06-14 05:07:15,368 - ERROR - Error loading /mnt/beegfs/hellgate/home/rb194958e/Atlas_2/Training/Images/sub-r009s030_ses-1_space-MNI152NLin2009aSym_T1w.nii.gz: 'images' must have either 3 or 4 dimensions.
pixdim[0] (qfac) should be 1 (default) or -1; setting qfac to 1
2025-06-14 05:07:15,379 - INFO - pixdim[0] (qfac) should be 1 (default) or -1; setting qfac to 1
2025-06-14 05:07:15,569 - ERROR - Error loading /mnt/beegfs/hellgate/home/rb194958e/Atlas_2/Training/Masks/sub-r009s030_ses-1_space-MNI152NLin2009aSym_label-L_desc-T1lesion_mask.nii.gz: 'images' must have either 3 or 4 dimensions.
2025-06-14 05:07:15,885 - ERROR - Error loading /mnt/beegfs/hellgate/home/rb194958e/Atlas_2/Training/Images/sub-r028s009_ses-1_space-MNI152NLin2009aSym_T1w.nii.gz: 'images' must have either 3 or 4 dimensions.
pixdim[0] (qfac) should be 1 (default) or -1; setting qfac to 1
2025-06-14 05:07:15,894 - INFO - pixdim[0] (qfac) should be 1 (default) or -1; setting qfac to 1
2025-06-14 05:07:16,087 - ERROR - Error loading /mnt/beegfs/hellgate/home/rb194958e/Atlas_2/Training/Masks/sub-r028s009_ses-1_space-MNI152NLin2009aSym_label-L_desc-T1lesion_mask.nii.gz: 'images' must have either 3 or 4 dimensions.
2025-06-14 05:07:16,421 - ERROR - Error loading /mnt/beegfs/hellgate/home/rb194958e/Atlas_2/Training/Images/sub-r028s011_ses-1_space-MNI152NLin2009aSym_T1w.nii.gz: 'images' must have either 3 or 4 dimensions.
pixdim[0] (qfac) should be 1 (default) or -1; setting qfac to 1
2025-06-14 05:07:16,431 - INFO - pixdim[0] (qfac) should be 1 (default) or -1; setting qfac to 1
2025-06-14 05:07:16,630 - ERROR - Error loading /mnt/beegfs/hellgate/home/rb194958e/Atlas_2/Training/Masks/sub-r028s011_ses-1_space-MNI152NLin2009aSym_label-L_desc-T1lesion_mask.nii.gz: 'images' must have either 3 or 4 dimensions.
2025-06-14 05:07:17,003 - ERROR - Error loading /mnt/beegfs/hellgate/home/rb194958e/Atlas_2/Training/Images/sub-r038s096_ses-1_space-MNI152NLin2009aSym_T1w.nii.gz: 'images' must have either 3 or 4 dimensions.
pixdim[0] (qfac) should be 1 (default) or -1; setting qfac to 1
2025-06-14 05:07:17,012 - INFO - pixdim[0] (qfac) should be 1 (default) or -1; setting qfac to 1
2025-06-14 05:07:17,205 - ERROR - Error loading /mnt/beegfs/hellgate/home/rb194958e/Atlas_2/Training/Masks/sub-r038s096_ses-1_space-MNI152NLin2009aSym_label-L_desc-T1lesion_mask.nii.gz: 'images' must have either 3 or 4 dimensions.
2025-06-14 05:07:17,553 - ERROR - Error loading /mnt/beegfs/hellgate/home/rb194958e/Atlas_2/Training/Images/sub-r009s121_ses-1_space-MNI152NLin2009aSym_T1w.nii.gz: 'images' must have either 3 or 4 dimensions.
pixdim[0] (qfac) should be 1 (default) or -1; setting qfac to 1
2025-06-14 05:07:17,564 - INFO - pixdim[0] (qfac) should be 1 (default) or -1; setting qfac to 1
2025-06-14 05:07:17,763 - ERROR - Error loading /mnt/beegfs/hellgate/home/rb194958e/Atlas_2/Training/Masks/sub-r009s121_ses-1_space-MNI152NLin2009aSym_label-L_desc-T1lesion_mask.nii.gz: 'images' must have either 3 or 4 dimensions.
2025-06-14 05:07:18,123 - ERROR - Error loading /mnt/beegfs/hellgate/home/rb194958e/Atlas_2/Training/Images/sub-r009s079_ses-1_space-MNI152NLin2009aSym_T1w.nii.gz: 'images' must have either 3 or 4 dimensions.
pixdim[0] (qfac) should be 1 (default) or -1; setting qfac to 1
2025-06-14 05:07:18,133 - INFO - pixdim[0] (qfac) should be 1 (default) or -1; setting qfac to 1
2025-06-14 05:07:18,330 - ERROR - Error loading /mnt/beegfs/hellgate/home/rb194958e/Atlas_2/Training/Masks/sub-r009s079_ses-1_space-MNI152NLin2009aSym_label-L_desc-T1lesion_mask.nii.gz: 'images' must have either 3 or 4 dimensions.
2025-06-14 05:07:18,720 - ERROR - Error loading /mnt/beegfs/hellgate/home/rb194958e/Atlas_2/Training/Images/sub-r001s025_ses-1_space-MNI152NLin2009aSym_T1w.nii.gz: 'images' must have either 3 or 4 dimensions.
pixdim[0] (qfac) should be 1 (default) or -1; setting qfac to 1
2025-06-14 05:07:18,732 - INFO - pixdim[0] (qfac) should be 1 (default) or -1; setting qfac to 1
2025-06-14 05:07:18,932 - ERROR - Error loading /mnt/beegfs/hellgate/home/rb194958e/Atlas_2/Training/Masks/sub-r001s025_ses-1_space-MNI152NLin2009aSym_label-L_desc-T1lesion_mask.nii.gz: 'images' must have either 3 or 4 dimensions.
2025-06-14 05:07:19,290 - ERROR - Error loading /mnt/beegfs/hellgate/home/rb194958e/Atlas_2/Training/Images/sub-r009s061_ses-1_space-MNI152NLin2009aSym_T1w.nii.gz: 'images' must have either 3 or 4 dimensions.
pixdim[0] (qfac) should be 1 (default) or -1; setting qfac to 1
2025-06-14 05:07:19,300 - INFO - pixdim[0] (qfac) should be 1 (default) or -1; setting qfac to 1
2025-06-14 05:07:19,497 - ERROR - Error loading /mnt/beegfs/hellgate/home/rb194958e/Atlas_2/Training/Masks/sub-r009s061_ses-1_space-MNI152NLin2009aSym_label-L_desc-T1lesion_mask.nii.gz: 'images' must have either 3 or 4 dimensions.
2025-06-14 05:07:19,873 - ERROR - Error loading /mnt/beegfs/hellgate/home/rb194958e/Atlas_2/Training/Images/sub-r047s014_ses-1_space-MNI152NLin2009aSym_T1w.nii.gz: 'images' must have either 3 or 4 dimensions.
pixdim[0] (qfac) should be 1 (default) or -1; setting qfac to 1
2025-06-14 05:07:19,885 - INFO - pixdim[0] (qfac) should be 1 (default) or -1; setting qfac to 1
2025-06-14 05:07:20,084 - ERROR - Error loading /mnt/beegfs/hellgate/home/rb194958e/Atlas_2/Training/Masks/sub-r047s014_ses-1_space-MNI152NLin2009aSym_label-L_desc-T1lesion_mask.nii.gz: 'images' must have either 3 or 4 dimensions.
2025-06-14 05:07:20,424 - ERROR - Error loading /mnt/beegfs/hellgate/home/rb194958e/Atlas_2/Training/Images/sub-r009s092_ses-1_space-MNI152NLin2009aSym_T1w.nii.gz: 'images' must have either 3 or 4 dimensions.
pixdim[0] (qfac) should be 1 (default) or -1; setting qfac to 1
2025-06-14 05:07:20,433 - INFO - pixdim[0] (qfac) should be 1 (default) or -1; setting qfac to 1
2025-06-14 05:07:20,633 - ERROR - Error loading /mnt/beegfs/hellgate/home/rb194958e/Atlas_2/Training/Masks/sub-r009s092_ses-1_space-MNI152NLin2009aSym_label-L_desc-T1lesion_mask.nii.gz: 'images' must have either 3 or 4 dimensions.
2025-06-14 05:07:21,041 - ERROR - Error loading /mnt/beegfs/hellgate/home/rb194958e/Atlas_2/Training/Images/sub-r011s018_ses-1_space-MNI152NLin2009aSym_T1w.nii.gz: 'images' must have either 3 or 4 dimensions.
pixdim[0] (qfac) should be 1 (default) or -1; setting qfac to 1
2025-06-14 05:07:21,052 - INFO - pixdim[0] (qfac) should be 1 (default) or -1; setting qfac to 1
2025-06-14 05:07:21,249 - ERROR - Error loading /mnt/beegfs/hellgate/home/rb194958e/Atlas_2/Training/Masks/sub-r011s018_ses-1_space-MNI152NLin2009aSym_label-L_desc-T1lesion_mask.nii.gz: 'images' must have either 3 or 4 dimensions.
2025-06-14 05:07:21,592 - ERROR - Error loading /mnt/beegfs/hellgate/home/rb194958e/Atlas_2/Training/Images/sub-r038s065_ses-1_space-MNI152NLin2009aSym_T1w.nii.gz: 'images' must have either 3 or 4 dimensions.
pixdim[0] (qfac) should be 1 (default) or -1; setting qfac to 1
2025-06-14 05:07:21,602 - INFO - pixdim[0] (qfac) should be 1 (default) or -1; setting qfac to 1
2025-06-14 05:07:21,800 - ERROR - Error loading /mnt/beegfs/hellgate/home/rb194958e/Atlas_2/Training/Masks/sub-r038s065_ses-1_space-MNI152NLin2009aSym_label-L_desc-T1lesion_mask.nii.gz: 'images' must have either 3 or 4 dimensions.
2025-06-14 05:07:22,145 - ERROR - Error loading /mnt/beegfs/hellgate/home/rb194958e/Atlas_2/Training/Images/sub-r034s003_ses-1_space-MNI152NLin2009aSym_T1w.nii.gz: 'images' must have either 3 or 4 dimensions.
pixdim[0] (qfac) should be 1 (default) or -1; setting qfac to 1
2025-06-14 05:07:22,156 - INFO - pixdim[0] (qfac) should be 1 (default) or -1; setting qfac to 1
2025-06-14 05:07:22,352 - ERROR - Error loading /mnt/beegfs/hellgate/home/rb194958e/Atlas_2/Training/Masks/sub-r034s003_ses-1_space-MNI152NLin2009aSym_label-L_desc-T1lesion_mask.nii.gz: 'images' must have either 3 or 4 dimensions.
2025-06-14 05:07:22,735 - ERROR - Error loading /mnt/beegfs/hellgate/home/rb194958e/Atlas_2/Training/Images/sub-r040s067_ses-1_space-MNI152NLin2009aSym_T1w.nii.gz: 'images' must have either 3 or 4 dimensions.
pixdim[0] (qfac) should be 1 (default) or -1; setting qfac to 1
2025-06-14 05:07:22,745 - INFO - pixdim[0] (qfac) should be 1 (default) or -1; setting qfac to 1
2025-06-14 05:07:22,940 - ERROR - Error loading /mnt/beegfs/hellgate/home/rb194958e/Atlas_2/Training/Masks/sub-r040s067_ses-1_space-MNI152NLin2009aSym_label-L_desc-T1lesion_mask.nii.gz: 'images' must have either 3 or 4 dimensions.
2025-06-14 05:07:23,366 - ERROR - Error loading /mnt/beegfs/hellgate/home/rb194958e/Atlas_2/Training/Images/sub-r040s048_ses-1_space-MNI152NLin2009aSym_T1w.nii.gz: 'images' must have either 3 or 4 dimensions.
pixdim[0] (qfac) should be 1 (default) or -1; setting qfac to 1
2025-06-14 05:07:23,377 - INFO - pixdim[0] (qfac) should be 1 (default) or -1; setting qfac to 1
2025-06-14 05:07:23,575 - ERROR - Error loading /mnt/beegfs/hellgate/home/rb194958e/Atlas_2/Training/Masks/sub-r040s048_ses-1_space-MNI152NLin2009aSym_label-L_desc-T1lesion_mask.nii.gz: 'images' must have either 3 or 4 dimensions.
2025-06-14 05:07:23,943 - ERROR - Error loading /mnt/beegfs/hellgate/home/rb194958e/Atlas_2/Training/Images/sub-r048s014_ses-1_space-MNI152NLin2009aSym_T1w.nii.gz: 'images' must have either 3 or 4 dimensions.
pixdim[0] (qfac) should be 1 (default) or -1; setting qfac to 1
2025-06-14 05:07:23,953 - INFO - pixdim[0] (qfac) should be 1 (default) or -1; setting qfac to 1
2025-06-14 05:07:24,152 - ERROR - Error loading /mnt/beegfs/hellgate/home/rb194958e/Atlas_2/Training/Masks/sub-r048s014_ses-1_space-MNI152NLin2009aSym_label-L_desc-T1lesion_mask.nii.gz: 'images' must have either 3 or 4 dimensions.
2025-06-14 05:07:24,515 - ERROR - Error loading /mnt/beegfs/hellgate/home/rb194958e/Atlas_2/Training/Images/sub-r027s009_ses-1_space-MNI152NLin2009aSym_T1w.nii.gz: 'images' must have either 3 or 4 dimensions.
pixdim[0] (qfac) should be 1 (default) or -1; setting qfac to 1
2025-06-14 05:07:24,526 - INFO - pixdim[0] (qfac) should be 1 (default) or -1; setting qfac to 1
2025-06-14 05:07:24,723 - ERROR - Error loading /mnt/beegfs/hellgate/home/rb194958e/Atlas_2/Training/Masks/sub-r027s009_ses-1_space-MNI152NLin2009aSym_label-L_desc-T1lesion_mask.nii.gz: 'images' must have either 3 or 4 dimensions.
2025-06-14 05:07:25,078 - ERROR - Error loading /mnt/beegfs/hellgate/home/rb194958e/Atlas_2/Training/Images/sub-r002s012_ses-1_space-MNI152NLin2009aSym_T1w.nii.gz: 'images' must have either 3 or 4 dimensions.
pixdim[0] (qfac) should be 1 (default) or -1; setting qfac to 1
2025-06-14 05:07:25,089 - INFO - pixdim[0] (qfac) should be 1 (default) or -1; setting qfac to 1
2025-06-14 05:07:25,286 - ERROR - Error loading /mnt/beegfs/hellgate/home/rb194958e/Atlas_2/Training/Masks/sub-r002s012_ses-1_space-MNI152NLin2009aSym_label-L_desc-T1lesion_mask.nii.gz: 'images' must have either 3 or 4 dimensions.
2025-06-14 05:07:25,715 - ERROR - Error loading /mnt/beegfs/hellgate/home/rb194958e/Atlas_2/Training/Images/sub-r040s001_ses-1_space-MNI152NLin2009aSym_T1w.nii.gz: 'images' must have either 3 or 4 dimensions.
pixdim[0] (qfac) should be 1 (default) or -1; setting qfac to 1
2025-06-14 05:07:25,727 - INFO - pixdim[0] (qfac) should be 1 (default) or -1; setting qfac to 1
2025-06-14 05:07:25,926 - ERROR - Error loading /mnt/beegfs/hellgate/home/rb194958e/Atlas_2/Training/Masks/sub-r040s001_ses-1_space-MNI152NLin2009aSym_label-L_desc-T1lesion_mask.nii.gz: 'images' must have either 3 or 4 dimensions.
2025-06-14 05:07:26,302 - ERROR - Error loading /mnt/beegfs/hellgate/home/rb194958e/Atlas_2/Training/Images/sub-r001s012_ses-1_space-MNI152NLin2009aSym_T1w.nii.gz: 'images' must have either 3 or 4 dimensions.
pixdim[0] (qfac) should be 1 (default) or -1; setting qfac to 1
2025-06-14 05:07:26,312 - INFO - pixdim[0] (qfac) should be 1 (default) or -1; setting qfac to 1
2025-06-14 05:07:26,509 - ERROR - Error loading /mnt/beegfs/hellgate/home/rb194958e/Atlas_2/Training/Masks/sub-r001s012_ses-1_space-MNI152NLin2009aSym_label-L_desc-T1lesion_mask.nii.gz: 'images' must have either 3 or 4 dimensions.
2025-06-14 05:07:26,875 - ERROR - Error loading /mnt/beegfs/hellgate/home/rb194958e/Atlas_2/Training/Images/sub-r009s056_ses-1_space-MNI152NLin2009aSym_T1w.nii.gz: 'images' must have either 3 or 4 dimensions.
pixdim[0] (qfac) should be 1 (default) or -1; setting qfac to 1
2025-06-14 05:07:26,886 - INFO - pixdim[0] (qfac) should be 1 (default) or -1; setting qfac to 1
2025-06-14 05:07:27,085 - ERROR - Error loading /mnt/beegfs/hellgate/home/rb194958e/Atlas_2/Training/Masks/sub-r009s056_ses-1_space-MNI152NLin2009aSym_label-L_desc-T1lesion_mask.nii.gz: 'images' must have either 3 or 4 dimensions.
2025-06-14 05:07:27,442 - ERROR - Error loading /mnt/beegfs/hellgate/home/rb194958e/Atlas_2/Training/Images/sub-r024s011_ses-1_space-MNI152NLin2009aSym_T1w.nii.gz: 'images' must have either 3 or 4 dimensions.
pixdim[0] (qfac) should be 1 (default) or -1; setting qfac to 1
2025-06-14 05:07:27,452 - INFO - pixdim[0] (qfac) should be 1 (default) or -1; setting qfac to 1
2025-06-14 05:07:27,652 - ERROR - Error loading /mnt/beegfs/hellgate/home/rb194958e/Atlas_2/Training/Masks/sub-r024s011_ses-1_space-MNI152NLin2009aSym_label-L_desc-T1lesion_mask.nii.gz: 'images' must have either 3 or 4 dimensions.
2025-06-14 05:07:27,987 - ERROR - Error loading /mnt/beegfs/hellgate/home/rb194958e/Atlas_2/Training/Images/sub-r028s026_ses-1_space-MNI152NLin2009aSym_T1w.nii.gz: 'images' must have either 3 or 4 dimensions.
pixdim[0] (qfac) should be 1 (default) or -1; setting qfac to 1
2025-06-14 05:07:27,998 - INFO - pixdim[0] (qfac) should be 1 (default) or -1; setting qfac to 1
2025-06-14 05:07:28,196 - ERROR - Error loading /mnt/beegfs/hellgate/home/rb194958e/Atlas_2/Training/Masks/sub-r028s026_ses-1_space-MNI152NLin2009aSym_label-L_desc-T1lesion_mask.nii.gz: 'images' must have either 3 or 4 dimensions.
2025-06-14 05:07:28,549 - ERROR - Error loading /mnt/beegfs/hellgate/home/rb194958e/Atlas_2/Training/Images/sub-r009s007_ses-1_space-MNI152NLin2009aSym_T1w.nii.gz: 'images' must have either 3 or 4 dimensions.
pixdim[0] (qfac) should be 1 (default) or -1; setting qfac to 1
2025-06-14 05:07:28,560 - INFO - pixdim[0] (qfac) should be 1 (default) or -1; setting qfac to 1
2025-06-14 05:07:28,756 - ERROR - Error loading /mnt/beegfs/hellgate/home/rb194958e/Atlas_2/Training/Masks/sub-r009s007_ses-1_space-MNI152NLin2009aSym_label-L_desc-T1lesion_mask.nii.gz: 'images' must have either 3 or 4 dimensions.
2025-06-14 05:07:29,095 - ERROR - Error loading /mnt/beegfs/hellgate/home/rb194958e/Atlas_2/Training/Images/sub-r031s034_ses-1_space-MNI152NLin2009aSym_T1w.nii.gz: 'images' must have either 3 or 4 dimensions.
pixdim[0] (qfac) should be 1 (default) or -1; setting qfac to 1
2025-06-14 05:07:29,108 - INFO - pixdim[0] (qfac) should be 1 (default) or -1; setting qfac to 1
2025-06-14 05:07:29,305 - ERROR - Error loading /mnt/beegfs/hellgate/home/rb194958e/Atlas_2/Training/Masks/sub-r031s034_ses-1_space-MNI152NLin2009aSym_label-L_desc-T1lesion_mask.nii.gz: 'images' must have either 3 or 4 dimensions.
2025-06-14 05:07:29,664 - ERROR - Error loading /mnt/beegfs/hellgate/home/rb194958e/Atlas_2/Training/Images/sub-r004s012_ses-1_space-MNI152NLin2009aSym_T1w.nii.gz: 'images' must have either 3 or 4 dimensions.
pixdim[0] (qfac) should be 1 (default) or -1; setting qfac to 1
2025-06-14 05:07:29,674 - INFO - pixdim[0] (qfac) should be 1 (default) or -1; setting qfac to 1
2025-06-14 05:07:29,871 - ERROR - Error loading /mnt/beegfs/hellgate/home/rb194958e/Atlas_2/Training/Masks/sub-r004s012_ses-1_space-MNI152NLin2009aSym_label-L_desc-T1lesion_mask.nii.gz: 'images' must have either 3 or 4 dimensions.
2025-06-14 05:07:30,285 - ERROR - Error loading /mnt/beegfs/hellgate/home/rb194958e/Atlas_2/Training/Images/sub-r042s023_ses-1_space-MNI152NLin2009aSym_T1w.nii.gz: 'images' must have either 3 or 4 dimensions.
pixdim[0] (qfac) should be 1 (default) or -1; setting qfac to 1
2025-06-14 05:07:30,295 - INFO - pixdim[0] (qfac) should be 1 (default) or -1; setting qfac to 1
2025-06-14 05:07:30,492 - ERROR - Error loading /mnt/beegfs/hellgate/home/rb194958e/Atlas_2/Training/Masks/sub-r042s023_ses-1_space-MNI152NLin2009aSym_label-L_desc-T1lesion_mask.nii.gz: 'images' must have either 3 or 4 dimensions.
2025-06-14 05:07:30,862 - ERROR - Error loading /mnt/beegfs/hellgate/home/rb194958e/Atlas_2/Training/Images/sub-r046s001_ses-1_space-MNI152NLin2009aSym_T1w.nii.gz: 'images' must have either 3 or 4 dimensions.
pixdim[0] (qfac) should be 1 (default) or -1; setting qfac to 1
2025-06-14 05:07:30,871 - INFO - pixdim[0] (qfac) should be 1 (default) or -1; setting qfac to 1
2025-06-14 05:07:31,070 - ERROR - Error loading /mnt/beegfs/hellgate/home/rb194958e/Atlas_2/Training/Masks/sub-r046s001_ses-1_space-MNI152NLin2009aSym_label-L_desc-T1lesion_mask.nii.gz: 'images' must have either 3 or 4 dimensions.
2025-06-14 05:07:31,341 - ERROR - Error loading /mnt/beegfs/hellgate/home/rb194958e/Atlas_2/Training/Images/sub-r029s004_ses-1_space-MNI152NLin2009aSym_T1w.nii.gz: 'images' must have either 3 or 4 dimensions.
pixdim[0] (qfac) should be 1 (default) or -1; setting qfac to 1
2025-06-14 05:07:31,352 - INFO - pixdim[0] (qfac) should be 1 (default) or -1; setting qfac to 1
2025-06-14 05:07:31,550 - ERROR - Error loading /mnt/beegfs/hellgate/home/rb194958e/Atlas_2/Training/Masks/sub-r029s004_ses-1_space-MNI152NLin2009aSym_label-L_desc-T1lesion_mask.nii.gz: 'images' must have either 3 or 4 dimensions.
2025-06-14 05:07:31,887 - ERROR - Error loading /mnt/beegfs/hellgate/home/rb194958e/Atlas_2/Training/Images/sub-r004s035_ses-1_space-MNI152NLin2009aSym_T1w.nii.gz: 'images' must have either 3 or 4 dimensions.
pixdim[0] (qfac) should be 1 (default) or -1; setting qfac to 1
2025-06-14 05:07:31,897 - INFO - pixdim[0] (qfac) should be 1 (default) or -1; setting qfac to 1
2025-06-14 05:07:32,092 - ERROR - Error loading /mnt/beegfs/hellgate/home/rb194958e/Atlas_2/Training/Masks/sub-r004s035_ses-1_space-MNI152NLin2009aSym_label-L_desc-T1lesion_mask.nii.gz: 'images' must have either 3 or 4 dimensions.
2025-06-14 05:07:32,449 - ERROR - Error loading /mnt/beegfs/hellgate/home/rb194958e/Atlas_2/Training/Images/sub-r017s119_ses-1_space-MNI152NLin2009aSym_T1w.nii.gz: 'images' must have either 3 or 4 dimensions.
pixdim[0] (qfac) should be 1 (default) or -1; setting qfac to 1
2025-06-14 05:07:32,460 - INFO - pixdim[0] (qfac) should be 1 (default) or -1; setting qfac to 1
2025-06-14 05:07:32,658 - ERROR - Error loading /mnt/beegfs/hellgate/home/rb194958e/Atlas_2/Training/Masks/sub-r017s119_ses-1_space-MNI152NLin2009aSym_label-L_desc-T1lesion_mask.nii.gz: 'images' must have either 3 or 4 dimensions.
2025-06-14 05:07:33,031 - ERROR - Error loading /mnt/beegfs/hellgate/home/rb194958e/Atlas_2/Training/Images/sub-r042s004_ses-1_space-MNI152NLin2009aSym_T1w.nii.gz: 'images' must have either 3 or 4 dimensions.
pixdim[0] (qfac) should be 1 (default) or -1; setting qfac to 1
2025-06-14 05:07:33,041 - INFO - pixdim[0] (qfac) should be 1 (default) or -1; setting qfac to 1
2025-06-14 05:07:33,238 - ERROR - Error loading /mnt/beegfs/hellgate/home/rb194958e/Atlas_2/Training/Masks/sub-r042s004_ses-1_space-MNI152NLin2009aSym_label-L_desc-T1lesion_mask.nii.gz: 'images' must have either 3 or 4 dimensions.
2025-06-14 05:07:33,574 - ERROR - Error loading /mnt/beegfs/hellgate/home/rb194958e/Atlas_2/Training/Images/sub-r049s011_ses-1_space-MNI152NLin2009aSym_T1w.nii.gz: 'images' must have either 3 or 4 dimensions.
pixdim[0] (qfac) should be 1 (default) or -1; setting qfac to 1
2025-06-14 05:07:33,584 - INFO - pixdim[0] (qfac) should be 1 (default) or -1; setting qfac to 1
2025-06-14 05:07:33,783 - ERROR - Error loading /mnt/beegfs/hellgate/home/rb194958e/Atlas_2/Training/Masks/sub-r049s011_ses-1_space-MNI152NLin2009aSym_label-L_desc-T1lesion_mask.nii.gz: 'images' must have either 3 or 4 dimensions.
2025-06-14 05:07:34,112 - ERROR - Error loading /mnt/beegfs/hellgate/home/rb194958e/Atlas_2/Training/Images/sub-r031s013_ses-1_space-MNI152NLin2009aSym_T1w.nii.gz: 'images' must have either 3 or 4 dimensions.
pixdim[0] (qfac) should be 1 (default) or -1; setting qfac to 1
2025-06-14 05:07:34,122 - INFO - pixdim[0] (qfac) should be 1 (default) or -1; setting qfac to 1
2025-06-14 05:07:34,317 - ERROR - Error loading /mnt/beegfs/hellgate/home/rb194958e/Atlas_2/Training/Masks/sub-r031s013_ses-1_space-MNI152NLin2009aSym_label-L_desc-T1lesion_mask.nii.gz: 'images' must have either 3 or 4 dimensions.
2025-06-14 05:07:34,642 - ERROR - Error loading /mnt/beegfs/hellgate/home/rb194958e/Atlas_2/Training/Images/sub-r052s021_ses-1_space-MNI152NLin2009aSym_T1w.nii.gz: 'images' must have either 3 or 4 dimensions.
pixdim[0] (qfac) should be 1 (default) or -1; setting qfac to 1
2025-06-14 05:07:34,652 - INFO - pixdim[0] (qfac) should be 1 (default) or -1; setting qfac to 1
2025-06-14 05:07:34,849 - ERROR - Error loading /mnt/beegfs/hellgate/home/rb194958e/Atlas_2/Training/Masks/sub-r052s021_ses-1_space-MNI152NLin2009aSym_label-L_desc-T1lesion_mask.nii.gz: 'images' must have either 3 or 4 dimensions.
2025-06-14 05:07:35,214 - ERROR - Error loading /mnt/beegfs/hellgate/home/rb194958e/Atlas_2/Training/Images/sub-r014s010_ses-1_space-MNI152NLin2009aSym_T1w.nii.gz: 'images' must have either 3 or 4 dimensions.
pixdim[0] (qfac) should be 1 (default) or -1; setting qfac to 1
2025-06-14 05:07:35,225 - INFO - pixdim[0] (qfac) should be 1 (default) or -1; setting qfac to 1
2025-06-14 05:07:35,422 - ERROR - Error loading /mnt/beegfs/hellgate/home/rb194958e/Atlas_2/Training/Masks/sub-r014s010_ses-1_space-MNI152NLin2009aSym_label-L_desc-T1lesion_mask.nii.gz: 'images' must have either 3 or 4 dimensions.
2025-06-14 05:07:35,818 - ERROR - Error loading /mnt/beegfs/hellgate/home/rb194958e/Atlas_2/Training/Images/sub-r010s032_ses-1_space-MNI152NLin2009aSym_T1w.nii.gz: 'images' must have either 3 or 4 dimensions.
pixdim[0] (qfac) should be 1 (default) or -1; setting qfac to 1
2025-06-14 05:07:35,828 - INFO - pixdim[0] (qfac) should be 1 (default) or -1; setting qfac to 1
2025-06-14 05:07:36,027 - ERROR - Error loading /mnt/beegfs/hellgate/home/rb194958e/Atlas_2/Training/Masks/sub-r010s032_ses-1_space-MNI152NLin2009aSym_label-L_desc-T1lesion_mask.nii.gz: 'images' must have either 3 or 4 dimensions.
2025-06-14 05:07:36,375 - ERROR - Error loading /mnt/beegfs/hellgate/home/rb194958e/Atlas_2/Training/Images/sub-r014s008_ses-1_space-MNI152NLin2009aSym_T1w.nii.gz: 'images' must have either 3 or 4 dimensions.
pixdim[0] (qfac) should be 1 (default) or -1; setting qfac to 1
2025-06-14 05:07:36,385 - INFO - pixdim[0] (qfac) should be 1 (default) or -1; setting qfac to 1
2025-06-14 05:07:36,582 - ERROR - Error loading /mnt/beegfs/hellgate/home/rb194958e/Atlas_2/Training/Masks/sub-r014s008_ses-1_space-MNI152NLin2009aSym_label-L_desc-T1lesion_mask.nii.gz: 'images' must have either 3 or 4 dimensions.
2025-06-14 05:07:36,978 - ERROR - Error loading /mnt/beegfs/hellgate/home/rb194958e/Atlas_2/Training/Images/sub-r009s071_ses-1_space-MNI152NLin2009aSym_T1w.nii.gz: 'images' must have either 3 or 4 dimensions.
pixdim[0] (qfac) should be 1 (default) or -1; setting qfac to 1
2025-06-14 05:07:36,990 - INFO - pixdim[0] (qfac) should be 1 (default) or -1; setting qfac to 1
2025-06-14 05:07:37,190 - ERROR - Error loading /mnt/beegfs/hellgate/home/rb194958e/Atlas_2/Training/Masks/sub-r009s071_ses-1_space-MNI152NLin2009aSym_label-L_desc-T1lesion_mask.nii.gz: 'images' must have either 3 or 4 dimensions.
2025-06-14 05:07:37,550 - ERROR - Error loading /mnt/beegfs/hellgate/home/rb194958e/Atlas_2/Training/Images/sub-r009s038_ses-1_space-MNI152NLin2009aSym_T1w.nii.gz: 'images' must have either 3 or 4 dimensions.
pixdim[0] (qfac) should be 1 (default) or -1; setting qfac to 1
2025-06-14 05:07:37,560 - INFO - pixdim[0] (qfac) should be 1 (default) or -1; setting qfac to 1
2025-06-14 05:07:37,758 - ERROR - Error loading /mnt/beegfs/hellgate/home/rb194958e/Atlas_2/Training/Masks/sub-r009s038_ses-1_space-MNI152NLin2009aSym_label-L_desc-T1lesion_mask.nii.gz: 'images' must have either 3 or 4 dimensions.
2025-06-14 05:07:38,105 - ERROR - Error loading /mnt/beegfs/hellgate/home/rb194958e/Atlas_2/Training/Images/sub-r005s046_ses-1_space-MNI152NLin2009aSym_T1w.nii.gz: 'images' must have either 3 or 4 dimensions.
pixdim[0] (qfac) should be 1 (default) or -1; setting qfac to 1
2025-06-14 05:07:38,116 - INFO - pixdim[0] (qfac) should be 1 (default) or -1; setting qfac to 1
2025-06-14 05:07:38,314 - ERROR - Error loading /mnt/beegfs/hellgate/home/rb194958e/Atlas_2/Training/Masks/sub-r005s046_ses-1_space-MNI152NLin2009aSym_label-L_desc-T1lesion_mask.nii.gz: 'images' must have either 3 or 4 dimensions.
2025-06-14 05:07:38,673 - ERROR - Error loading /mnt/beegfs/hellgate/home/rb194958e/Atlas_2/Training/Images/sub-r009s020_ses-1_space-MNI152NLin2009aSym_T1w.nii.gz: 'images' must have either 3 or 4 dimensions.
pixdim[0] (qfac) should be 1 (default) or -1; setting qfac to 1
2025-06-14 05:07:38,683 - INFO - pixdim[0] (qfac) should be 1 (default) or -1; setting qfac to 1
2025-06-14 05:07:38,881 - ERROR - Error loading /mnt/beegfs/hellgate/home/rb194958e/Atlas_2/Training/Masks/sub-r009s020_ses-1_space-MNI152NLin2009aSym_label-L_desc-T1lesion_mask.nii.gz: 'images' must have either 3 or 4 dimensions.
2025-06-14 05:07:39,247 - ERROR - Error loading /mnt/beegfs/hellgate/home/rb194958e/Atlas_2/Training/Images/sub-r050s003_ses-1_space-MNI152NLin2009aSym_T1w.nii.gz: 'images' must have either 3 or 4 dimensions.
pixdim[0] (qfac) should be 1 (default) or -1; setting qfac to 1
2025-06-14 05:07:39,258 - INFO - pixdim[0] (qfac) should be 1 (default) or -1; setting qfac to 1
2025-06-14 05:07:39,457 - ERROR - Error loading /mnt/beegfs/hellgate/home/rb194958e/Atlas_2/Training/Masks/sub-r050s003_ses-1_space-MNI152NLin2009aSym_label-L_desc-T1lesion_mask.nii.gz: 'images' must have either 3 or 4 dimensions.
2025-06-14 05:07:39,822 - ERROR - Error loading /mnt/beegfs/hellgate/home/rb194958e/Atlas_2/Training/Images/sub-r009s082_ses-1_space-MNI152NLin2009aSym_T1w.nii.gz: 'images' must have either 3 or 4 dimensions.
pixdim[0] (qfac) should be 1 (default) or -1; setting qfac to 1
2025-06-14 05:07:39,831 - INFO - pixdim[0] (qfac) should be 1 (default) or -1; setting qfac to 1
2025-06-14 05:07:40,029 - ERROR - Error loading /mnt/beegfs/hellgate/home/rb194958e/Atlas_2/Training/Masks/sub-r009s082_ses-1_space-MNI152NLin2009aSym_label-L_desc-T1lesion_mask.nii.gz: 'images' must have either 3 or 4 dimensions.
2025-06-14 05:07:40,450 - ERROR - Error loading /mnt/beegfs/hellgate/home/rb194958e/Atlas_2/Training/Images/sub-r011s008_ses-1_space-MNI152NLin2009aSym_T1w.nii.gz: 'images' must have either 3 or 4 dimensions.
pixdim[0] (qfac) should be 1 (default) or -1; setting qfac to 1
2025-06-14 05:07:40,461 - INFO - pixdim[0] (qfac) should be 1 (default) or -1; setting qfac to 1
2025-06-14 05:07:40,660 - ERROR - Error loading /mnt/beegfs/hellgate/home/rb194958e/Atlas_2/Training/Masks/sub-r011s008_ses-1_space-MNI152NLin2009aSym_label-L_desc-T1lesion_mask.nii.gz: 'images' must have either 3 or 4 dimensions.
2025-06-14 05:07:41,093 - ERROR - Error loading /mnt/beegfs/hellgate/home/rb194958e/Atlas_2/Training/Images/sub-r011s010_ses-1_space-MNI152NLin2009aSym_T1w.nii.gz: 'images' must have either 3 or 4 dimensions.
pixdim[0] (qfac) should be 1 (default) or -1; setting qfac to 1
2025-06-14 05:07:41,103 - INFO - pixdim[0] (qfac) should be 1 (default) or -1; setting qfac to 1
2025-06-14 05:07:41,302 - ERROR - Error loading /mnt/beegfs/hellgate/home/rb194958e/Atlas_2/Training/Masks/sub-r011s010_ses-1_space-MNI152NLin2009aSym_label-L_desc-T1lesion_mask.nii.gz: 'images' must have either 3 or 4 dimensions.
2025-06-14 05:07:41,649 - ERROR - Error loading /mnt/beegfs/hellgate/home/rb194958e/Atlas_2/Training/Images/sub-r034s013_ses-1_space-MNI152NLin2009aSym_T1w.nii.gz: 'images' must have either 3 or 4 dimensions.
pixdim[0] (qfac) should be 1 (default) or -1; setting qfac to 1
2025-06-14 05:07:41,660 - INFO - pixdim[0] (qfac) should be 1 (default) or -1; setting qfac to 1
2025-06-14 05:07:41,856 - ERROR - Error loading /mnt/beegfs/hellgate/home/rb194958e/Atlas_2/Training/Masks/sub-r034s013_ses-1_space-MNI152NLin2009aSym_label-L_desc-T1lesion_mask.nii.gz: 'images' must have either 3 or 4 dimensions.
2025-06-14 05:07:42,213 - ERROR - Error loading /mnt/beegfs/hellgate/home/rb194958e/Atlas_2/Training/Images/sub-r038s024_ses-1_space-MNI152NLin2009aSym_T1w.nii.gz: 'images' must have either 3 or 4 dimensions.
pixdim[0] (qfac) should be 1 (default) or -1; setting qfac to 1
2025-06-14 05:07:42,223 - INFO - pixdim[0] (qfac) should be 1 (default) or -1; setting qfac to 1
2025-06-14 05:07:42,420 - ERROR - Error loading /mnt/beegfs/hellgate/home/rb194958e/Atlas_2/Training/Masks/sub-r038s024_ses-1_space-MNI152NLin2009aSym_label-L_desc-T1lesion_mask.nii.gz: 'images' must have either 3 or 4 dimensions.
2025-06-14 05:07:42,792 - ERROR - Error loading /mnt/beegfs/hellgate/home/rb194958e/Atlas_2/Training/Images/sub-r023s014_ses-1_space-MNI152NLin2009aSym_T1w.nii.gz: 'images' must have either 3 or 4 dimensions.
pixdim[0] (qfac) should be 1 (default) or -1; setting qfac to 1
2025-06-14 05:07:42,803 - INFO - pixdim[0] (qfac) should be 1 (default) or -1; setting qfac to 1
2025-06-14 05:07:43,002 - ERROR - Error loading /mnt/beegfs/hellgate/home/rb194958e/Atlas_2/Training/Masks/sub-r023s014_ses-1_space-MNI152NLin2009aSym_label-L_desc-T1lesion_mask.nii.gz: 'images' must have either 3 or 4 dimensions.
2025-06-14 05:07:43,341 - ERROR - Error loading /mnt/beegfs/hellgate/home/rb194958e/Atlas_2/Training/Images/sub-r027s001_ses-1_space-MNI152NLin2009aSym_T1w.nii.gz: 'images' must have either 3 or 4 dimensions.
pixdim[0] (qfac) should be 1 (default) or -1; setting qfac to 1
2025-06-14 05:07:43,351 - INFO - pixdim[0] (qfac) should be 1 (default) or -1; setting qfac to 1
2025-06-14 05:07:43,549 - ERROR - Error loading /mnt/beegfs/hellgate/home/rb194958e/Atlas_2/Training/Masks/sub-r027s001_ses-1_space-MNI152NLin2009aSym_label-L_desc-T1lesion_mask.nii.gz: 'images' must have either 3 or 4 dimensions.
2025-06-14 05:07:43,887 - ERROR - Error loading /mnt/beegfs/hellgate/home/rb194958e/Atlas_2/Training/Images/sub-r002s002_ses-1_space-MNI152NLin2009aSym_T1w.nii.gz: 'images' must have either 3 or 4 dimensions.
pixdim[0] (qfac) should be 1 (default) or -1; setting qfac to 1
2025-06-14 05:07:43,899 - INFO - pixdim[0] (qfac) should be 1 (default) or -1; setting qfac to 1
2025-06-14 05:07:44,097 - ERROR - Error loading /mnt/beegfs/hellgate/home/rb194958e/Atlas_2/Training/Masks/sub-r002s002_ses-1_space-MNI152NLin2009aSym_label-L_desc-T1lesion_mask.nii.gz: 'images' must have either 3 or 4 dimensions.
2025-06-14 05:07:44,424 - ERROR - Error loading /mnt/beegfs/hellgate/home/rb194958e/Atlas_2/Training/Images/sub-r040s011_ses-1_space-MNI152NLin2009aSym_T1w.nii.gz: 'images' must have either 3 or 4 dimensions.
pixdim[0] (qfac) should be 1 (default) or -1; setting qfac to 1
2025-06-14 05:07:44,435 - INFO - pixdim[0] (qfac) should be 1 (default) or -1; setting qfac to 1
2025-06-14 05:07:44,633 - ERROR - Error loading /mnt/beegfs/hellgate/home/rb194958e/Atlas_2/Training/Masks/sub-r040s011_ses-1_space-MNI152NLin2009aSym_label-L_desc-T1lesion_mask.nii.gz: 'images' must have either 3 or 4 dimensions.
2025-06-14 05:07:45,017 - ERROR - Error loading /mnt/beegfs/hellgate/home/rb194958e/Atlas_2/Training/Images/sub-r048s004_ses-1_space-MNI152NLin2009aSym_T1w.nii.gz: 'images' must have either 3 or 4 dimensions.
pixdim[0] (qfac) should be 1 (default) or -1; setting qfac to 1
2025-06-14 05:07:45,028 - INFO - pixdim[0] (qfac) should be 1 (default) or -1; setting qfac to 1
2025-06-14 05:07:45,221 - ERROR - Error loading /mnt/beegfs/hellgate/home/rb194958e/Atlas_2/Training/Masks/sub-r048s004_ses-1_space-MNI152NLin2009aSym_label-L_desc-T1lesion_mask.nii.gz: 'images' must have either 3 or 4 dimensions.
2025-06-14 05:07:45,639 - ERROR - Error loading /mnt/beegfs/hellgate/home/rb194958e/Atlas_2/Training/Images/sub-r027s048_ses-1_space-MNI152NLin2009aSym_T1w.nii.gz: 'images' must have either 3 or 4 dimensions.
pixdim[0] (qfac) should be 1 (default) or -1; setting qfac to 1
2025-06-14 05:07:45,650 - INFO - pixdim[0] (qfac) should be 1 (default) or -1; setting qfac to 1
2025-06-14 05:07:45,846 - ERROR - Error loading /mnt/beegfs/hellgate/home/rb194958e/Atlas_2/Training/Masks/sub-r027s048_ses-1_space-MNI152NLin2009aSym_label-L_desc-T1lesion_mask.nii.gz: 'images' must have either 3 or 4 dimensions.
2025-06-14 05:07:46,217 - ERROR - Error loading /mnt/beegfs/hellgate/home/rb194958e/Atlas_2/Training/Images/sub-r027s050_ses-1_space-MNI152NLin2009aSym_T1w.nii.gz: 'images' must have either 3 or 4 dimensions.
pixdim[0] (qfac) should be 1 (default) or -1; setting qfac to 1
2025-06-14 05:07:46,228 - INFO - pixdim[0] (qfac) should be 1 (default) or -1; setting qfac to 1
2025-06-14 05:07:46,427 - ERROR - Error loading /mnt/beegfs/hellgate/home/rb194958e/Atlas_2/Training/Masks/sub-r027s050_ses-1_space-MNI152NLin2009aSym_label-L_desc-T1lesion_mask.nii.gz: 'images' must have either 3 or 4 dimensions.
2025-06-14 05:07:46,817 - ERROR - Error loading /mnt/beegfs/hellgate/home/rb194958e/Atlas_2/Training/Images/sub-r011s027_ses-1_space-MNI152NLin2009aSym_T1w.nii.gz: 'images' must have either 3 or 4 dimensions.
pixdim[0] (qfac) should be 1 (default) or -1; setting qfac to 1
2025-06-14 05:07:46,827 - INFO - pixdim[0] (qfac) should be 1 (default) or -1; setting qfac to 1
2025-06-14 05:07:47,026 - ERROR - Error loading /mnt/beegfs/hellgate/home/rb194958e/Atlas_2/Training/Masks/sub-r011s027_ses-1_space-MNI152NLin2009aSym_label-L_desc-T1lesion_mask.nii.gz: 'images' must have either 3 or 4 dimensions.
2025-06-14 05:07:47,418 - ERROR - Error loading /mnt/beegfs/hellgate/home/rb194958e/Atlas_2/Training/Images/sub-r005s069_ses-1_space-MNI152NLin2009aSym_T1w.nii.gz: 'images' must have either 3 or 4 dimensions.
pixdim[0] (qfac) should be 1 (default) or -1; setting qfac to 1
2025-06-14 05:07:47,428 - INFO - pixdim[0] (qfac) should be 1 (default) or -1; setting qfac to 1
2025-06-14 05:07:47,627 - ERROR - Error loading /mnt/beegfs/hellgate/home/rb194958e/Atlas_2/Training/Masks/sub-r005s069_ses-1_space-MNI152NLin2009aSym_label-L_desc-T1lesion_mask.nii.gz: 'images' must have either 3 or 4 dimensions.
2025-06-14 05:07:47,982 - ERROR - Error loading /mnt/beegfs/hellgate/home/rb194958e/Atlas_2/Training/Images/sub-r009s017_ses-1_space-MNI152NLin2009aSym_T1w.nii.gz: 'images' must have either 3 or 4 dimensions.
pixdim[0] (qfac) should be 1 (default) or -1; setting qfac to 1
2025-06-14 05:07:47,992 - INFO - pixdim[0] (qfac) should be 1 (default) or -1; setting qfac to 1
2025-06-14 05:07:48,189 - ERROR - Error loading /mnt/beegfs/hellgate/home/rb194958e/Atlas_2/Training/Masks/sub-r009s017_ses-1_space-MNI152NLin2009aSym_label-L_desc-T1lesion_mask.nii.gz: 'images' must have either 3 or 4 dimensions.
2025-06-14 05:07:48,539 - ERROR - Error loading /mnt/beegfs/hellgate/home/rb194958e/Atlas_2/Training/Images/sub-r009s046_ses-1_space-MNI152NLin2009aSym_T1w.nii.gz: 'images' must have either 3 or 4 dimensions.
pixdim[0] (qfac) should be 1 (default) or -1; setting qfac to 1
2025-06-14 05:07:48,549 - INFO - pixdim[0] (qfac) should be 1 (default) or -1; setting qfac to 1
2025-06-14 05:07:48,747 - ERROR - Error loading /mnt/beegfs/hellgate/home/rb194958e/Atlas_2/Training/Masks/sub-r009s046_ses-1_space-MNI152NLin2009aSym_label-L_desc-T1lesion_mask.nii.gz: 'images' must have either 3 or 4 dimensions.
2025-06-14 05:07:49,131 - ERROR - Error loading /mnt/beegfs/hellgate/home/rb194958e/Atlas_2/Training/Images/sub-r001s002_ses-1_space-MNI152NLin2009aSym_T1w.nii.gz: 'images' must have either 3 or 4 dimensions.
pixdim[0] (qfac) should be 1 (default) or -1; setting qfac to 1
2025-06-14 05:07:49,142 - INFO - pixdim[0] (qfac) should be 1 (default) or -1; setting qfac to 1
2025-06-14 05:07:49,339 - ERROR - Error loading /mnt/beegfs/hellgate/home/rb194958e/Atlas_2/Training/Masks/sub-r001s002_ses-1_space-MNI152NLin2009aSym_label-L_desc-T1lesion_mask.nii.gz: 'images' must have either 3 or 4 dimensions.
2025-06-14 05:07:49,707 - ERROR - Error loading /mnt/beegfs/hellgate/home/rb194958e/Atlas_2/Training/Images/sub-r024s019_ses-1_space-MNI152NLin2009aSym_T1w.nii.gz: 'images' must have either 3 or 4 dimensions.
pixdim[0] (qfac) should be 1 (default) or -1; setting qfac to 1
2025-06-14 05:07:49,720 - INFO - pixdim[0] (qfac) should be 1 (default) or -1; setting qfac to 1
2025-06-14 05:07:49,911 - ERROR - Error loading /mnt/beegfs/hellgate/home/rb194958e/Atlas_2/Training/Masks/sub-r024s019_ses-1_space-MNI152NLin2009aSym_label-L_desc-T1lesion_mask.nii.gz: 'images' must have either 3 or 4 dimensions.
2025-06-14 05:07:50,286 - ERROR - Error loading /mnt/beegfs/hellgate/home/rb194958e/Atlas_2/Training/Images/sub-r009s106_ses-1_space-MNI152NLin2009aSym_T1w.nii.gz: 'images' must have either 3 or 4 dimensions.
pixdim[0] (qfac) should be 1 (default) or -1; setting qfac to 1
2025-06-14 05:07:50,295 - INFO - pixdim[0] (qfac) should be 1 (default) or -1; setting qfac to 1
2025-06-14 05:07:50,494 - ERROR - Error loading /mnt/beegfs/hellgate/home/rb194958e/Atlas_2/Training/Masks/sub-r009s106_ses-1_space-MNI152NLin2009aSym_label-L_desc-T1lesion_mask.nii.gz: 'images' must have either 3 or 4 dimensions.
2025-06-14 05:07:50,814 - ERROR - Error loading /mnt/beegfs/hellgate/home/rb194958e/Atlas_2/Training/Images/sub-r018s010_ses-1_space-MNI152NLin2009aSym_T1w.nii.gz: 'images' must have either 3 or 4 dimensions.
pixdim[0] (qfac) should be 1 (default) or -1; setting qfac to 1
2025-06-14 05:07:50,825 - INFO - pixdim[0] (qfac) should be 1 (default) or -1; setting qfac to 1
2025-06-14 05:07:51,018 - ERROR - Error loading /mnt/beegfs/hellgate/home/rb194958e/Atlas_2/Training/Masks/sub-r018s010_ses-1_space-MNI152NLin2009aSym_label-L_desc-T1lesion_mask.nii.gz: 'images' must have either 3 or 4 dimensions.
2025-06-14 05:07:51,395 - ERROR - Error loading /mnt/beegfs/hellgate/home/rb194958e/Atlas_2/Training/Images/sub-r018s008_ses-1_space-MNI152NLin2009aSym_T1w.nii.gz: 'images' must have either 3 or 4 dimensions.
pixdim[0] (qfac) should be 1 (default) or -1; setting qfac to 1
2025-06-14 05:07:51,406 - INFO - pixdim[0] (qfac) should be 1 (default) or -1; setting qfac to 1
2025-06-14 05:07:51,604 - ERROR - Error loading /mnt/beegfs/hellgate/home/rb194958e/Atlas_2/Training/Masks/sub-r018s008_ses-1_space-MNI152NLin2009aSym_label-L_desc-T1lesion_mask.nii.gz: 'images' must have either 3 or 4 dimensions.
2025-06-14 05:07:51,922 - ERROR - Error loading /mnt/beegfs/hellgate/home/rb194958e/Atlas_2/Training/Images/sub-r052s016_ses-1_space-MNI152NLin2009aSym_T1w.nii.gz: 'images' must have either 3 or 4 dimensions.
pixdim[0] (qfac) should be 1 (default) or -1; setting qfac to 1
2025-06-14 05:07:51,934 - INFO - pixdim[0] (qfac) should be 1 (default) or -1; setting qfac to 1
2025-06-14 05:07:52,128 - ERROR - Error loading /mnt/beegfs/hellgate/home/rb194958e/Atlas_2/Training/Masks/sub-r052s016_ses-1_space-MNI152NLin2009aSym_label-L_desc-T1lesion_mask.nii.gz: 'images' must have either 3 or 4 dimensions.
2025-06-14 05:07:52,541 - ERROR - Error loading /mnt/beegfs/hellgate/home/rb194958e/Atlas_2/Training/Images/sub-r010s005_ses-1_space-MNI152NLin2009aSym_T1w.nii.gz: 'images' must have either 3 or 4 dimensions.
pixdim[0] (qfac) should be 1 (default) or -1; setting qfac to 1
2025-06-14 05:07:52,552 - INFO - pixdim[0] (qfac) should be 1 (default) or -1; setting qfac to 1
2025-06-14 05:07:52,751 - ERROR - Error loading /mnt/beegfs/hellgate/home/rb194958e/Atlas_2/Training/Masks/sub-r010s005_ses-1_space-MNI152NLin2009aSym_label-L_desc-T1lesion_mask.nii.gz: 'images' must have either 3 or 4 dimensions.
2025-06-14 05:07:53,081 - ERROR - Error loading /mnt/beegfs/hellgate/home/rb194958e/Atlas_2/Training/Images/sub-r049s026_ses-1_space-MNI152NLin2009aSym_T1w.nii.gz: 'images' must have either 3 or 4 dimensions.
pixdim[0] (qfac) should be 1 (default) or -1; setting qfac to 1
2025-06-14 05:07:53,092 - INFO - pixdim[0] (qfac) should be 1 (default) or -1; setting qfac to 1
2025-06-14 05:07:53,291 - ERROR - Error loading /mnt/beegfs/hellgate/home/rb194958e/Atlas_2/Training/Masks/sub-r049s026_ses-1_space-MNI152NLin2009aSym_label-L_desc-T1lesion_mask.nii.gz: 'images' must have either 3 or 4 dimensions.
2025-06-14 05:07:53,647 - ERROR - Error loading /mnt/beegfs/hellgate/home/rb194958e/Atlas_2/Training/Images/sub-r035s006_ses-1_space-MNI152NLin2009aSym_T1w.nii.gz: 'images' must have either 3 or 4 dimensions.
pixdim[0] (qfac) should be 1 (default) or -1; setting qfac to 1
2025-06-14 05:07:53,657 - INFO - pixdim[0] (qfac) should be 1 (default) or -1; setting qfac to 1
2025-06-14 05:07:53,851 - ERROR - Error loading /mnt/beegfs/hellgate/home/rb194958e/Atlas_2/Training/Masks/sub-r035s006_ses-1_space-MNI152NLin2009aSym_label-L_desc-T1lesion_mask.nii.gz: 'images' must have either 3 or 4 dimensions.
2025-06-14 05:07:54,171 - ERROR - Error loading /mnt/beegfs/hellgate/home/rb194958e/Atlas_2/Training/Images/sub-r031s024_ses-1_space-MNI152NLin2009aSym_T1w.nii.gz: 'images' must have either 3 or 4 dimensions.
pixdim[0] (qfac) should be 1 (default) or -1; setting qfac to 1
2025-06-14 05:07:54,182 - INFO - pixdim[0] (qfac) should be 1 (default) or -1; setting qfac to 1
2025-06-14 05:07:54,380 - ERROR - Error loading /mnt/beegfs/hellgate/home/rb194958e/Atlas_2/Training/Masks/sub-r031s024_ses-1_space-MNI152NLin2009aSym_label-L_desc-T1lesion_mask.nii.gz: 'images' must have either 3 or 4 dimensions.
2025-06-14 05:07:54,709 - ERROR - Error loading /mnt/beegfs/hellgate/home/rb194958e/Atlas_2/Training/Images/sub-r004s002_ses-1_space-MNI152NLin2009aSym_T1w.nii.gz: 'images' must have either 3 or 4 dimensions.
pixdim[0] (qfac) should be 1 (default) or -1; setting qfac to 1
2025-06-14 05:07:54,719 - INFO - pixdim[0] (qfac) should be 1 (default) or -1; setting qfac to 1
2025-06-14 05:07:54,911 - ERROR - Error loading /mnt/beegfs/hellgate/home/rb194958e/Atlas_2/Training/Masks/sub-r004s002_ses-1_space-MNI152NLin2009aSym_label-L_desc-T1lesion_mask.nii.gz: 'images' must have either 3 or 4 dimensions.
2025-06-14 05:07:55,291 - ERROR - Error loading /mnt/beegfs/hellgate/home/rb194958e/Atlas_2/Training/Images/sub-r046s011_ses-1_space-MNI152NLin2009aSym_T1w.nii.gz: 'images' must have either 3 or 4 dimensions.
pixdim[0] (qfac) should be 1 (default) or -1; setting qfac to 1
2025-06-14 05:07:55,303 - INFO - pixdim[0] (qfac) should be 1 (default) or -1; setting qfac to 1
2025-06-14 05:07:55,502 - ERROR - Error loading /mnt/beegfs/hellgate/home/rb194958e/Atlas_2/Training/Masks/sub-r046s011_ses-1_space-MNI152NLin2009aSym_label-L_desc-T1lesion_mask.nii.gz: 'images' must have either 3 or 4 dimensions.
2025-06-14 05:07:55,838 - ERROR - Error loading /mnt/beegfs/hellgate/home/rb194958e/Atlas_2/Training/Images/sub-r042s033_ses-1_space-MNI152NLin2009aSym_T1w.nii.gz: 'images' must have either 3 or 4 dimensions.
pixdim[0] (qfac) should be 1 (default) or -1; setting qfac to 1
2025-06-14 05:07:55,848 - INFO - pixdim[0] (qfac) should be 1 (default) or -1; setting qfac to 1
2025-06-14 05:07:56,042 - ERROR - Error loading /mnt/beegfs/hellgate/home/rb194958e/Atlas_2/Training/Masks/sub-r042s033_ses-1_space-MNI152NLin2009aSym_label-L_desc-T1lesion_mask.nii.gz: 'images' must have either 3 or 4 dimensions.
2025-06-14 05:07:56,477 - ERROR - Error loading /mnt/beegfs/hellgate/home/rb194958e/Atlas_2/Training/Images/sub-r040s056_ses-1_space-MNI152NLin2009aSym_T1w.nii.gz: 'images' must have either 3 or 4 dimensions.
pixdim[0] (qfac) should be 1 (default) or -1; setting qfac to 1
2025-06-14 05:07:56,487 - INFO - pixdim[0] (qfac) should be 1 (default) or -1; setting qfac to 1
2025-06-14 05:07:56,686 - ERROR - Error loading /mnt/beegfs/hellgate/home/rb194958e/Atlas_2/Training/Masks/sub-r040s056_ses-1_space-MNI152NLin2009aSym_label-L_desc-T1lesion_mask.nii.gz: 'images' must have either 3 or 4 dimensions.
2025-06-14 05:07:57,076 - ERROR - Error loading /mnt/beegfs/hellgate/home/rb194958e/Atlas_2/Training/Images/sub-r048s012_ses-1_space-MNI152NLin2009aSym_T1w.nii.gz: 'images' must have either 3 or 4 dimensions.
pixdim[0] (qfac) should be 1 (default) or -1; setting qfac to 1
2025-06-14 05:07:57,086 - INFO - pixdim[0] (qfac) should be 1 (default) or -1; setting qfac to 1
2025-06-14 05:07:57,278 - ERROR - Error loading /mnt/beegfs/hellgate/home/rb194958e/Atlas_2/Training/Masks/sub-r048s012_ses-1_space-MNI152NLin2009aSym_label-L_desc-T1lesion_mask.nii.gz: 'images' must have either 3 or 4 dimensions.
pixdim[0] (qfac) should be 1 (default) or -1; setting qfac to 1
2025-06-14 05:07:57,352 - INFO - pixdim[0] (qfac) should be 1 (default) or -1; setting qfac to 1
2025-06-14 05:07:57,678 - ERROR - Error loading /mnt/beegfs/hellgate/home/rb194958e/Atlas_2/Training/Images/sub-r038s054_ses-1_space-MNI152NLin2009aSym_T1w.nii.gz: 'images' must have either 3 or 4 dimensions.
pixdim[0] (qfac) should be 1 (default) or -1; setting qfac to 1
2025-06-14 05:07:57,688 - INFO - pixdim[0] (qfac) should be 1 (default) or -1; setting qfac to 1
2025-06-14 05:07:57,887 - ERROR - Error loading /mnt/beegfs/hellgate/home/rb194958e/Atlas_2/Training/Masks/sub-r038s054_ses-1_space-MNI152NLin2009aSym_label-L_desc-T1lesion_mask.nii.gz: 'images' must have either 3 or 4 dimensions.
2025-06-14 05:07:58,232 - ERROR - Error loading /mnt/beegfs/hellgate/home/rb194958e/Atlas_2/Training/Images/sub-r034s032_ses-1_space-MNI152NLin2009aSym_T1w.nii.gz: 'images' must have either 3 or 4 dimensions.
pixdim[0] (qfac) should be 1 (default) or -1; setting qfac to 1
2025-06-14 05:07:58,242 - INFO - pixdim[0] (qfac) should be 1 (default) or -1; setting qfac to 1
2025-06-14 05:07:58,434 - ERROR - Error loading /mnt/beegfs/hellgate/home/rb194958e/Atlas_2/Training/Masks/sub-r034s032_ses-1_space-MNI152NLin2009aSym_label-L_desc-T1lesion_mask.nii.gz: 'images' must have either 3 or 4 dimensions.
2025-06-14 05:07:58,843 - ERROR - Error loading /mnt/beegfs/hellgate/home/rb194958e/Atlas_2/Training/Images/sub-r011s031_ses-1_space-MNI152NLin2009aSym_T1w.nii.gz: 'images' must have either 3 or 4 dimensions.
pixdim[0] (qfac) should be 1 (default) or -1; setting qfac to 1
2025-06-14 05:07:58,854 - INFO - pixdim[0] (qfac) should be 1 (default) or -1; setting qfac to 1
2025-06-14 05:07:59,054 - ERROR - Error loading /mnt/beegfs/hellgate/home/rb194958e/Atlas_2/Training/Masks/sub-r011s031_ses-1_space-MNI152NLin2009aSym_label-L_desc-T1lesion_mask.nii.gz: 'images' must have either 3 or 4 dimensions.
2025-06-14 05:07:59,457 - ERROR - Error loading /mnt/beegfs/hellgate/home/rb194958e/Atlas_2/Training/Images/sub-r011s029_ses-1_space-MNI152NLin2009aSym_T1w.nii.gz: 'images' must have either 3 or 4 dimensions.
pixdim[0] (qfac) should be 1 (default) or -1; setting qfac to 1
2025-06-14 05:07:59,467 - INFO - pixdim[0] (qfac) should be 1 (default) or -1; setting qfac to 1
2025-06-14 05:07:59,663 - ERROR - Error loading /mnt/beegfs/hellgate/home/rb194958e/Atlas_2/Training/Masks/sub-r011s029_ses-1_space-MNI152NLin2009aSym_label-L_desc-T1lesion_mask.nii.gz: 'images' must have either 3 or 4 dimensions.
2025-06-14 05:08:00,009 - ERROR - Error loading /mnt/beegfs/hellgate/home/rb194958e/Atlas_2/Training/Images/sub-r027s017_ses-1_space-MNI152NLin2009aSym_T1w.nii.gz: 'images' must have either 3 or 4 dimensions.
pixdim[0] (qfac) should be 1 (default) or -1; setting qfac to 1
2025-06-14 05:08:00,020 - INFO - pixdim[0] (qfac) should be 1 (default) or -1; setting qfac to 1
2025-06-14 05:08:00,218 - ERROR - Error loading /mnt/beegfs/hellgate/home/rb194958e/Atlas_2/Training/Masks/sub-r027s017_ses-1_space-MNI152NLin2009aSym_label-L_desc-T1lesion_mask.nii.gz: 'images' must have either 3 or 4 dimensions.
2025-06-14 05:08:00,574 - ERROR - Error loading /mnt/beegfs/hellgate/home/rb194958e/Atlas_2/Training/Images/sub-r038s005_ses-1_space-MNI152NLin2009aSym_T1w.nii.gz: 'images' must have either 3 or 4 dimensions.
pixdim[0] (qfac) should be 1 (default) or -1; setting qfac to 1
2025-06-14 05:08:00,584 - INFO - pixdim[0] (qfac) should be 1 (default) or -1; setting qfac to 1
2025-06-14 05:08:00,775 - ERROR - Error loading /mnt/beegfs/hellgate/home/rb194958e/Atlas_2/Training/Masks/sub-r038s005_ses-1_space-MNI152NLin2009aSym_label-L_desc-T1lesion_mask.nii.gz: 'images' must have either 3 or 4 dimensions.
2025-06-14 05:08:01,180 - ERROR - Error loading /mnt/beegfs/hellgate/home/rb194958e/Atlas_2/Training/Images/sub-r048s043_ses-1_space-MNI152NLin2009aSym_T1w.nii.gz: 'images' must have either 3 or 4 dimensions.
pixdim[0] (qfac) should be 1 (default) or -1; setting qfac to 1
2025-06-14 05:08:01,192 - INFO - pixdim[0] (qfac) should be 1 (default) or -1; setting qfac to 1
2025-06-14 05:08:01,391 - ERROR - Error loading /mnt/beegfs/hellgate/home/rb194958e/Atlas_2/Training/Masks/sub-r048s043_ses-1_space-MNI152NLin2009aSym_label-L_desc-T1lesion_mask.nii.gz: 'images' must have either 3 or 4 dimensions.
2025-06-14 05:08:01,771 - ERROR - Error loading /mnt/beegfs/hellgate/home/rb194958e/Atlas_2/Training/Images/sub-r001s014_ses-1_space-MNI152NLin2009aSym_T1w.nii.gz: 'images' must have either 3 or 4 dimensions.
pixdim[0] (qfac) should be 1 (default) or -1; setting qfac to 1
2025-06-14 05:08:01,781 - INFO - pixdim[0] (qfac) should be 1 (default) or -1; setting qfac to 1
2025-06-14 05:08:01,974 - ERROR - Error loading /mnt/beegfs/hellgate/home/rb194958e/Atlas_2/Training/Masks/sub-r001s014_ses-1_space-MNI152NLin2009aSym_label-L_desc-T1lesion_mask.nii.gz: 'images' must have either 3 or 4 dimensions.
2025-06-14 05:08:02,333 - ERROR - Error loading /mnt/beegfs/hellgate/home/rb194958e/Atlas_2/Training/Images/sub-r009s050_ses-1_space-MNI152NLin2009aSym_T1w.nii.gz: 'images' must have either 3 or 4 dimensions.
pixdim[0] (qfac) should be 1 (default) or -1; setting qfac to 1
2025-06-14 05:08:02,344 - INFO - pixdim[0] (qfac) should be 1 (default) or -1; setting qfac to 1
2025-06-14 05:08:02,543 - ERROR - Error loading /mnt/beegfs/hellgate/home/rb194958e/Atlas_2/Training/Masks/sub-r009s050_ses-1_space-MNI152NLin2009aSym_label-L_desc-T1lesion_mask.nii.gz: 'images' must have either 3 or 4 dimensions.
2025-06-14 05:08:02,878 - ERROR - Error loading /mnt/beegfs/hellgate/home/rb194958e/Atlas_2/Training/Images/sub-r009s048_ses-1_space-MNI152NLin2009aSym_T1w.nii.gz: 'images' must have either 3 or 4 dimensions.
pixdim[0] (qfac) should be 1 (default) or -1; setting qfac to 1
2025-06-14 05:08:02,889 - INFO - pixdim[0] (qfac) should be 1 (default) or -1; setting qfac to 1
2025-06-14 05:08:03,083 - ERROR - Error loading /mnt/beegfs/hellgate/home/rb194958e/Atlas_2/Training/Masks/sub-r009s048_ses-1_space-MNI152NLin2009aSym_label-L_desc-T1lesion_mask.nii.gz: 'images' must have either 3 or 4 dimensions.
2025-06-14 05:08:03,455 - ERROR - Error loading /mnt/beegfs/hellgate/home/rb194958e/Atlas_2/Training/Images/sub-r009s110_ses-1_space-MNI152NLin2009aSym_T1w.nii.gz: 'images' must have either 3 or 4 dimensions.
pixdim[0] (qfac) should be 1 (default) or -1; setting qfac to 1
2025-06-14 05:08:03,467 - INFO - pixdim[0] (qfac) should be 1 (default) or -1; setting qfac to 1
2025-06-14 05:08:03,666 - ERROR - Error loading /mnt/beegfs/hellgate/home/rb194958e/Atlas_2/Training/Masks/sub-r009s110_ses-1_space-MNI152NLin2009aSym_label-L_desc-T1lesion_mask.nii.gz: 'images' must have either 3 or 4 dimensions.
2025-06-14 05:08:04,015 - ERROR - Error loading /mnt/beegfs/hellgate/home/rb194958e/Atlas_2/Training/Images/sub-r009s108_ses-1_space-MNI152NLin2009aSym_T1w.nii.gz: 'images' must have either 3 or 4 dimensions.
pixdim[0] (qfac) should be 1 (default) or -1; setting qfac to 1
2025-06-14 05:08:04,025 - INFO - pixdim[0] (qfac) should be 1 (default) or -1; setting qfac to 1
2025-06-14 05:08:04,217 - ERROR - Error loading /mnt/beegfs/hellgate/home/rb194958e/Atlas_2/Training/Masks/sub-r009s108_ses-1_space-MNI152NLin2009aSym_label-L_desc-T1lesion_mask.nii.gz: 'images' must have either 3 or 4 dimensions.
2025-06-14 05:08:04,570 - ERROR - Error loading /mnt/beegfs/hellgate/home/rb194958e/Atlas_2/Training/Images/sub-r028s020_ses-1_space-MNI152NLin2009aSym_T1w.nii.gz: 'images' must have either 3 or 4 dimensions.
pixdim[0] (qfac) should be 1 (default) or -1; setting qfac to 1
2025-06-14 05:08:04,582 - INFO - pixdim[0] (qfac) should be 1 (default) or -1; setting qfac to 1
2025-06-14 05:08:04,781 - ERROR - Error loading /mnt/beegfs/hellgate/home/rb194958e/Atlas_2/Training/Masks/sub-r028s020_ses-1_space-MNI152NLin2009aSym_label-L_desc-T1lesion_mask.nii.gz: 'images' must have either 3 or 4 dimensions.
2025-06-14 05:08:05,126 - ERROR - Error loading /mnt/beegfs/hellgate/home/rb194958e/Atlas_2/Training/Images/sub-r009s001_ses-1_space-MNI152NLin2009aSym_T1w.nii.gz: 'images' must have either 3 or 4 dimensions.
pixdim[0] (qfac) should be 1 (default) or -1; setting qfac to 1
2025-06-14 05:08:05,135 - INFO - pixdim[0] (qfac) should be 1 (default) or -1; setting qfac to 1
2025-06-14 05:08:05,329 - ERROR - Error loading /mnt/beegfs/hellgate/home/rb194958e/Atlas_2/Training/Masks/sub-r009s001_ses-1_space-MNI152NLin2009aSym_label-L_desc-T1lesion_mask.nii.gz: 'images' must have either 3 or 4 dimensions.
2025-06-14 05:08:05,755 - ERROR - Error loading /mnt/beegfs/hellgate/home/rb194958e/Atlas_2/Training/Images/sub-r010s013_ses-1_space-MNI152NLin2009aSym_T1w.nii.gz: 'images' must have either 3 or 4 dimensions.
pixdim[0] (qfac) should be 1 (default) or -1; setting qfac to 1
2025-06-14 05:08:05,766 - INFO - pixdim[0] (qfac) should be 1 (default) or -1; setting qfac to 1
2025-06-14 05:08:05,966 - ERROR - Error loading /mnt/beegfs/hellgate/home/rb194958e/Atlas_2/Training/Masks/sub-r010s013_ses-1_space-MNI152NLin2009aSym_label-L_desc-T1lesion_mask.nii.gz: 'images' must have either 3 or 4 dimensions.
2025-06-14 05:08:06,326 - ERROR - Error loading /mnt/beegfs/hellgate/home/rb194958e/Atlas_2/Training/Images/sub-r049s028_ses-1_space-MNI152NLin2009aSym_T1w.nii.gz: 'images' must have either 3 or 4 dimensions.
pixdim[0] (qfac) should be 1 (default) or -1; setting qfac to 1
2025-06-14 05:08:06,335 - INFO - pixdim[0] (qfac) should be 1 (default) or -1; setting qfac to 1
2025-06-14 05:08:06,528 - ERROR - Error loading /mnt/beegfs/hellgate/home/rb194958e/Atlas_2/Training/Masks/sub-r049s028_ses-1_space-MNI152NLin2009aSym_label-L_desc-T1lesion_mask.nii.gz: 'images' must have either 3 or 4 dimensions.
2025-06-14 05:08:06,858 - ERROR - Error loading /mnt/beegfs/hellgate/home/rb194958e/Atlas_2/Training/Images/sub-r031s032_ses-1_space-MNI152NLin2009aSym_T1w.nii.gz: 'images' must have either 3 or 4 dimensions.
pixdim[0] (qfac) should be 1 (default) or -1; setting qfac to 1
2025-06-14 05:08:06,870 - INFO - pixdim[0] (qfac) should be 1 (default) or -1; setting qfac to 1
2025-06-14 05:08:07,068 - ERROR - Error loading /mnt/beegfs/hellgate/home/rb194958e/Atlas_2/Training/Masks/sub-r031s032_ses-1_space-MNI152NLin2009aSym_label-L_desc-T1lesion_mask.nii.gz: 'images' must have either 3 or 4 dimensions.
2025-06-14 05:08:07,429 - ERROR - Error loading /mnt/beegfs/hellgate/home/rb194958e/Atlas_2/Training/Images/sub-r046s007_ses-1_space-MNI152NLin2009aSym_T1w.nii.gz: 'images' must have either 3 or 4 dimensions.
pixdim[0] (qfac) should be 1 (default) or -1; setting qfac to 1
2025-06-14 05:08:07,439 - INFO - pixdim[0] (qfac) should be 1 (default) or -1; setting qfac to 1
2025-06-14 05:08:07,632 - ERROR - Error loading /mnt/beegfs/hellgate/home/rb194958e/Atlas_2/Training/Masks/sub-r046s007_ses-1_space-MNI152NLin2009aSym_label-L_desc-T1lesion_mask.nii.gz: 'images' must have either 3 or 4 dimensions.
2025-06-14 05:08:08,100 - ERROR - Error loading /mnt/beegfs/hellgate/home/rb194958e/Atlas_2/Training/Images/sub-r042s025_ses-1_space-MNI152NLin2009aSym_T1w.nii.gz: 'images' must have either 3 or 4 dimensions.
pixdim[0] (qfac) should be 1 (default) or -1; setting qfac to 1
2025-06-14 05:08:08,110 - INFO - pixdim[0] (qfac) should be 1 (default) or -1; setting qfac to 1
2025-06-14 05:08:08,305 - ERROR - Error loading /mnt/beegfs/hellgate/home/rb194958e/Atlas_2/Training/Masks/sub-r042s025_ses-1_space-MNI152NLin2009aSym_label-L_desc-T1lesion_mask.nii.gz: 'images' must have either 3 or 4 dimensions.
2025-06-14 05:08:08,647 - ERROR - Error loading /mnt/beegfs/hellgate/home/rb194958e/Atlas_2/Training/Images/sub-r004s014_ses-1_space-MNI152NLin2009aSym_T1w.nii.gz: 'images' must have either 3 or 4 dimensions.
pixdim[0] (qfac) should be 1 (default) or -1; setting qfac to 1
2025-06-14 05:08:08,658 - INFO - pixdim[0] (qfac) should be 1 (default) or -1; setting qfac to 1
2025-06-14 05:08:08,852 - ERROR - Error loading /mnt/beegfs/hellgate/home/rb194958e/Atlas_2/Training/Masks/sub-r004s014_ses-1_space-MNI152NLin2009aSym_label-L_desc-T1lesion_mask.nii.gz: 'images' must have either 3 or 4 dimensions.
2025-06-14 05:08:09,220 - ERROR - Error loading /mnt/beegfs/hellgate/home/rb194958e/Atlas_2/Training/Images/sub-r017s117_ses-1_space-MNI152NLin2009aSym_T1w.nii.gz: 'images' must have either 3 or 4 dimensions.
pixdim[0] (qfac) should be 1 (default) or -1; setting qfac to 1
2025-06-14 05:08:09,232 - INFO - pixdim[0] (qfac) should be 1 (default) or -1; setting qfac to 1
2025-06-14 05:08:09,431 - ERROR - Error loading /mnt/beegfs/hellgate/home/rb194958e/Atlas_2/Training/Masks/sub-r017s117_ses-1_space-MNI152NLin2009aSym_label-L_desc-T1lesion_mask.nii.gz: 'images' must have either 3 or 4 dimensions.
2025-06-14 05:08:09,781 - ERROR - Error loading /mnt/beegfs/hellgate/home/rb194958e/Atlas_2/Training/Images/sub-r004s023_ses-1_space-MNI152NLin2009aSym_T1w.nii.gz: 'images' must have either 3 or 4 dimensions.
pixdim[0] (qfac) should be 1 (default) or -1; setting qfac to 1
2025-06-14 05:08:09,791 - INFO - pixdim[0] (qfac) should be 1 (default) or -1; setting qfac to 1
2025-06-14 05:08:09,983 - ERROR - Error loading /mnt/beegfs/hellgate/home/rb194958e/Atlas_2/Training/Masks/sub-r004s023_ses-1_space-MNI152NLin2009aSym_label-L_desc-T1lesion_mask.nii.gz: 'images' must have either 3 or 4 dimensions.
2025-06-14 05:08:10,326 - ERROR - Error loading /mnt/beegfs/hellgate/home/rb194958e/Atlas_2/Training/Images/sub-r003s001_ses-1_space-MNI152NLin2009aSym_T1w.nii.gz: 'images' must have either 3 or 4 dimensions.
pixdim[0] (qfac) should be 1 (default) or -1; setting qfac to 1
2025-06-14 05:08:10,336 - INFO - pixdim[0] (qfac) should be 1 (default) or -1; setting qfac to 1
2025-06-14 05:08:10,534 - ERROR - Error loading /mnt/beegfs/hellgate/home/rb194958e/Atlas_2/Training/Masks/sub-r003s001_ses-1_space-MNI152NLin2009aSym_label-L_desc-T1lesion_mask.nii.gz: 'images' must have either 3 or 4 dimensions.
2025-06-14 05:08:10,857 - ERROR - Error loading /mnt/beegfs/hellgate/home/rb194958e/Atlas_2/Training/Images/sub-r049s007_ses-1_space-MNI152NLin2009aSym_T1w.nii.gz: 'images' must have either 3 or 4 dimensions.
pixdim[0] (qfac) should be 1 (default) or -1; setting qfac to 1
2025-06-14 05:08:10,868 - INFO - pixdim[0] (qfac) should be 1 (default) or -1; setting qfac to 1
2025-06-14 05:08:11,061 - ERROR - Error loading /mnt/beegfs/hellgate/home/rb194958e/Atlas_2/Training/Masks/sub-r049s007_ses-1_space-MNI152NLin2009aSym_label-L_desc-T1lesion_mask.nii.gz: 'images' must have either 3 or 4 dimensions.
2025-06-14 05:08:11,393 - ERROR - Error loading /mnt/beegfs/hellgate/home/rb194958e/Atlas_2/Training/Images/sub-r031s005_ses-1_space-MNI152NLin2009aSym_T1w.nii.gz: 'images' must have either 3 or 4 dimensions.
pixdim[0] (qfac) should be 1 (default) or -1; setting qfac to 1
2025-06-14 05:08:11,404 - INFO - pixdim[0] (qfac) should be 1 (default) or -1; setting qfac to 1
2025-06-14 05:08:11,603 - ERROR - Error loading /mnt/beegfs/hellgate/home/rb194958e/Atlas_2/Training/Masks/sub-r031s005_ses-1_space-MNI152NLin2009aSym_label-L_desc-T1lesion_mask.nii.gz: 'images' must have either 3 or 4 dimensions.
2025-06-14 05:08:11,986 - ERROR - Error loading /mnt/beegfs/hellgate/home/rb194958e/Atlas_2/Training/Images/sub-r010s024_ses-1_space-MNI152NLin2009aSym_T1w.nii.gz: 'images' must have either 3 or 4 dimensions.
pixdim[0] (qfac) should be 1 (default) or -1; setting qfac to 1
2025-06-14 05:08:11,997 - INFO - pixdim[0] (qfac) should be 1 (default) or -1; setting qfac to 1
2025-06-14 05:08:12,196 - ERROR - Error loading /mnt/beegfs/hellgate/home/rb194958e/Atlas_2/Training/Masks/sub-r010s024_ses-1_space-MNI152NLin2009aSym_label-L_desc-T1lesion_mask.nii.gz: 'images' must have either 3 or 4 dimensions.
2025-06-14 05:08:12,559 - ERROR - Error loading /mnt/beegfs/hellgate/home/rb194958e/Atlas_2/Training/Images/sub-r047s043_ses-1_space-MNI152NLin2009aSym_T1w.nii.gz: 'images' must have either 3 or 4 dimensions.
pixdim[0] (qfac) should be 1 (default) or -1; setting qfac to 1
2025-06-14 05:08:12,571 - INFO - pixdim[0] (qfac) should be 1 (default) or -1; setting qfac to 1
2025-06-14 05:08:12,765 - ERROR - Error loading /mnt/beegfs/hellgate/home/rb194958e/Atlas_2/Training/Masks/sub-r047s043_ses-1_space-MNI152NLin2009aSym_label-L_desc-T1lesion_mask.nii.gz: 'images' must have either 3 or 4 dimensions.
2025-06-14 05:08:13,127 - ERROR - Error loading /mnt/beegfs/hellgate/home/rb194958e/Atlas_2/Training/Images/sub-r009s036_ses-1_space-MNI152NLin2009aSym_T1w.nii.gz: 'images' must have either 3 or 4 dimensions.
pixdim[0] (qfac) should be 1 (default) or -1; setting qfac to 1
2025-06-14 05:08:13,137 - INFO - pixdim[0] (qfac) should be 1 (default) or -1; setting qfac to 1
2025-06-14 05:08:13,337 - ERROR - Error loading /mnt/beegfs/hellgate/home/rb194958e/Atlas_2/Training/Masks/sub-r009s036_ses-1_space-MNI152NLin2009aSym_label-L_desc-T1lesion_mask.nii.gz: 'images' must have either 3 or 4 dimensions.
2025-06-14 05:08:13,727 - ERROR - Error loading /mnt/beegfs/hellgate/home/rb194958e/Atlas_2/Training/Images/sub-r005s048_ses-1_space-MNI152NLin2009aSym_T1w.nii.gz: 'images' must have either 3 or 4 dimensions.
pixdim[0] (qfac) should be 1 (default) or -1; setting qfac to 1
2025-06-14 05:08:13,740 - INFO - pixdim[0] (qfac) should be 1 (default) or -1; setting qfac to 1
2025-06-14 05:08:13,939 - ERROR - Error loading /mnt/beegfs/hellgate/home/rb194958e/Atlas_2/Training/Masks/sub-r005s048_ses-1_space-MNI152NLin2009aSym_label-L_desc-T1lesion_mask.nii.gz: 'images' must have either 3 or 4 dimensions.
2025-06-14 05:08:14,261 - ERROR - Error loading /mnt/beegfs/hellgate/home/rb194958e/Atlas_2/Training/Images/sub-r028s017_ses-1_space-MNI152NLin2009aSym_T1w.nii.gz: 'images' must have either 3 or 4 dimensions.
pixdim[0] (qfac) should be 1 (default) or -1; setting qfac to 1
2025-06-14 05:08:14,271 - INFO - pixdim[0] (qfac) should be 1 (default) or -1; setting qfac to 1
2025-06-14 05:08:14,465 - ERROR - Error loading /mnt/beegfs/hellgate/home/rb194958e/Atlas_2/Training/Masks/sub-r028s017_ses-1_space-MNI152NLin2009aSym_label-L_desc-T1lesion_mask.nii.gz: 'images' must have either 3 or 4 dimensions.
2025-06-14 05:08:14,819 - ERROR - Error loading /mnt/beegfs/hellgate/home/rb194958e/Atlas_2/Training/Images/sub-r050s015_ses-1_space-MNI152NLin2009aSym_T1w.nii.gz: 'images' must have either 3 or 4 dimensions.
pixdim[0] (qfac) should be 1 (default) or -1; setting qfac to 1
2025-06-14 05:08:14,830 - INFO - pixdim[0] (qfac) should be 1 (default) or -1; setting qfac to 1
2025-06-14 05:08:15,029 - ERROR - Error loading /mnt/beegfs/hellgate/home/rb194958e/Atlas_2/Training/Masks/sub-r050s015_ses-1_space-MNI152NLin2009aSym_label-L_desc-T1lesion_mask.nii.gz: 'images' must have either 3 or 4 dimensions.
2025-06-14 05:08:15,395 - ERROR - Error loading /mnt/beegfs/hellgate/home/rb194958e/Atlas_2/Training/Images/sub-r001s023_ses-1_space-MNI152NLin2009aSym_T1w.nii.gz: 'images' must have either 3 or 4 dimensions.
pixdim[0] (qfac) should be 1 (default) or -1; setting qfac to 1
2025-06-14 05:08:15,406 - INFO - pixdim[0] (qfac) should be 1 (default) or -1; setting qfac to 1
2025-06-14 05:08:15,601 - ERROR - Error loading /mnt/beegfs/hellgate/home/rb194958e/Atlas_2/Training/Masks/sub-r001s023_ses-1_space-MNI152NLin2009aSym_label-L_desc-T1lesion_mask.nii.gz: 'images' must have either 3 or 4 dimensions.
2025-06-14 05:08:15,964 - ERROR - Error loading /mnt/beegfs/hellgate/home/rb194958e/Atlas_2/Training/Images/sub-r009s067_ses-1_space-MNI152NLin2009aSym_T1w.nii.gz: 'images' must have either 3 or 4 dimensions.
pixdim[0] (qfac) should be 1 (default) or -1; setting qfac to 1
2025-06-14 05:08:15,976 - INFO - pixdim[0] (qfac) should be 1 (default) or -1; setting qfac to 1
2025-06-14 05:08:16,175 - ERROR - Error loading /mnt/beegfs/hellgate/home/rb194958e/Atlas_2/Training/Masks/sub-r009s067_ses-1_space-MNI152NLin2009aSym_label-L_desc-T1lesion_mask.nii.gz: 'images' must have either 3 or 4 dimensions.
2025-06-14 05:08:16,539 - ERROR - Error loading /mnt/beegfs/hellgate/home/rb194958e/Atlas_2/Training/Images/sub-r038s032_ses-1_space-MNI152NLin2009aSym_T1w.nii.gz: 'images' must have either 3 or 4 dimensions.
pixdim[0] (qfac) should be 1 (default) or -1; setting qfac to 1
2025-06-14 05:08:16,550 - INFO - pixdim[0] (qfac) should be 1 (default) or -1; setting qfac to 1
2025-06-14 05:08:16,742 - ERROR - Error loading /mnt/beegfs/hellgate/home/rb194958e/Atlas_2/Training/Masks/sub-r038s032_ses-1_space-MNI152NLin2009aSym_label-L_desc-T1lesion_mask.nii.gz: 'images' must have either 3 or 4 dimensions.
2025-06-14 05:08:17,145 - ERROR - Error loading /mnt/beegfs/hellgate/home/rb194958e/Atlas_2/Training/Images/sub-r040s030_ses-1_space-MNI152NLin2009aSym_T1w.nii.gz: 'images' must have either 3 or 4 dimensions.
pixdim[0] (qfac) should be 1 (default) or -1; setting qfac to 1
2025-06-14 05:08:17,157 - INFO - pixdim[0] (qfac) should be 1 (default) or -1; setting qfac to 1
2025-06-14 05:08:17,350 - ERROR - Error loading /mnt/beegfs/hellgate/home/rb194958e/Atlas_2/Training/Masks/sub-r040s030_ses-1_space-MNI152NLin2009aSym_label-L_desc-T1lesion_mask.nii.gz: 'images' must have either 3 or 4 dimensions.
2025-06-14 05:08:17,802 - ERROR - Error loading /mnt/beegfs/hellgate/home/rb194958e/Atlas_2/Training/Images/sub-r040s028_ses-1_space-MNI152NLin2009aSym_T1w.nii.gz: 'images' must have either 3 or 4 dimensions.
pixdim[0] (qfac) should be 1 (default) or -1; setting qfac to 1
2025-06-14 05:08:17,813 - INFO - pixdim[0] (qfac) should be 1 (default) or -1; setting qfac to 1
2025-06-14 05:08:18,003 - ERROR - Error loading /mnt/beegfs/hellgate/home/rb194958e/Atlas_2/Training/Masks/sub-r040s028_ses-1_space-MNI152NLin2009aSym_label-L_desc-T1lesion_mask.nii.gz: 'images' must have either 3 or 4 dimensions.
2025-06-14 05:08:18,350 - ERROR - Error loading /mnt/beegfs/hellgate/home/rb194958e/Atlas_2/Training/Images/sub-r023s002_ses-1_space-MNI152NLin2009aSym_T1w.nii.gz: 'images' must have either 3 or 4 dimensions.
pixdim[0] (qfac) should be 1 (default) or -1; setting qfac to 1
2025-06-14 05:08:18,362 - INFO - pixdim[0] (qfac) should be 1 (default) or -1; setting qfac to 1
2025-06-14 05:08:18,560 - ERROR - Error loading /mnt/beegfs/hellgate/home/rb194958e/Atlas_2/Training/Masks/sub-r023s002_ses-1_space-MNI152NLin2009aSym_label-L_desc-T1lesion_mask.nii.gz: 'images' must have either 3 or 4 dimensions.
pixdim[0] (qfac) should be 1 (default) or -1; setting qfac to 1
2025-06-14 05:08:18,636 - INFO - pixdim[0] (qfac) should be 1 (default) or -1; setting qfac to 1
2025-06-14 05:08:18,952 - ERROR - Error loading /mnt/beegfs/hellgate/home/rb194958e/Atlas_2/Training/Images/sub-r009s094_ses-1_space-MNI152NLin2009aSym_T1w.nii.gz: 'images' must have either 3 or 4 dimensions.
pixdim[0] (qfac) should be 1 (default) or -1; setting qfac to 1
2025-06-14 05:08:18,963 - INFO - pixdim[0] (qfac) should be 1 (default) or -1; setting qfac to 1
2025-06-14 05:08:19,163 - ERROR - Error loading /mnt/beegfs/hellgate/home/rb194958e/Atlas_2/Training/Masks/sub-r009s094_ses-1_space-MNI152NLin2009aSym_label-L_desc-T1lesion_mask.nii.gz: 'images' must have either 3 or 4 dimensions.
2025-06-14 05:08:19,526 - ERROR - Error loading /mnt/beegfs/hellgate/home/rb194958e/Atlas_2/Training/Images/sub-r040s017_ses-1_space-MNI152NLin2009aSym_T1w.nii.gz: 'images' must have either 3 or 4 dimensions.
pixdim[0] (qfac) should be 1 (default) or -1; setting qfac to 1
2025-06-14 05:08:19,537 - INFO - pixdim[0] (qfac) should be 1 (default) or -1; setting qfac to 1
2025-06-14 05:08:19,730 - ERROR - Error loading /mnt/beegfs/hellgate/home/rb194958e/Atlas_2/Training/Masks/sub-r040s017_ses-1_space-MNI152NLin2009aSym_label-L_desc-T1lesion_mask.nii.gz: 'images' must have either 3 or 4 dimensions.
2025-06-14 05:08:20,088 - ERROR - Error loading /mnt/beegfs/hellgate/home/rb194958e/Atlas_2/Training/Images/sub-r002s004_ses-1_space-MNI152NLin2009aSym_T1w.nii.gz: 'images' must have either 3 or 4 dimensions.
pixdim[0] (qfac) should be 1 (default) or -1; setting qfac to 1
2025-06-14 05:08:20,098 - INFO - pixdim[0] (qfac) should be 1 (default) or -1; setting qfac to 1
2025-06-14 05:08:20,299 - ERROR - Error loading /mnt/beegfs/hellgate/home/rb194958e/Atlas_2/Training/Masks/sub-r002s004_ses-1_space-MNI152NLin2009aSym_label-L_desc-T1lesion_mask.nii.gz: 'images' must have either 3 or 4 dimensions.
2025-06-14 05:08:20,650 - ERROR - Error loading /mnt/beegfs/hellgate/home/rb194958e/Atlas_2/Training/Images/sub-r034s022_ses-1_space-MNI152NLin2009aSym_T1w.nii.gz: 'images' must have either 3 or 4 dimensions.
pixdim[0] (qfac) should be 1 (default) or -1; setting qfac to 1
2025-06-14 05:08:20,661 - INFO - pixdim[0] (qfac) should be 1 (default) or -1; setting qfac to 1
2025-06-14 05:08:20,854 - ERROR - Error loading /mnt/beegfs/hellgate/home/rb194958e/Atlas_2/Training/Masks/sub-r034s022_ses-1_space-MNI152NLin2009aSym_label-L_desc-T1lesion_mask.nii.gz: 'images' must have either 3 or 4 dimensions.
pixdim[0] (qfac) should be 1 (default) or -1; setting qfac to 1
2025-06-14 05:08:20,925 - INFO - pixdim[0] (qfac) should be 1 (default) or -1; setting qfac to 1
2025-06-14 05:08:21,268 - ERROR - Error loading /mnt/beegfs/hellgate/home/rb194958e/Atlas_2/Training/Images/sub-r048s002_ses-1_space-MNI152NLin2009aSym_T1w.nii.gz: 'images' must have either 3 or 4 dimensions.
pixdim[0] (qfac) should be 1 (default) or -1; setting qfac to 1
2025-06-14 05:08:21,278 - INFO - pixdim[0] (qfac) should be 1 (default) or -1; setting qfac to 1
2025-06-14 05:08:21,467 - ERROR - Error loading /mnt/beegfs/hellgate/home/rb194958e/Atlas_2/Training/Masks/sub-r048s002_ses-1_space-MNI152NLin2009aSym_label-L_desc-T1lesion_mask.nii.gz: 'images' must have either 3 or 4 dimensions.
2025-06-14 05:08:21,895 - ERROR - Error loading /mnt/beegfs/hellgate/home/rb194958e/Atlas_2/Training/Images/sub-r040s046_ses-1_space-MNI152NLin2009aSym_T1w.nii.gz: 'images' must have either 3 or 4 dimensions.
pixdim[0] (qfac) should be 1 (default) or -1; setting qfac to 1
2025-06-14 05:08:21,906 - INFO - pixdim[0] (qfac) should be 1 (default) or -1; setting qfac to 1
2025-06-14 05:08:22,108 - ERROR - Error loading /mnt/beegfs/hellgate/home/rb194958e/Atlas_2/Training/Masks/sub-r040s046_ses-1_space-MNI152NLin2009aSym_label-L_desc-T1lesion_mask.nii.gz: 'images' must have either 3 or 4 dimensions.
2025-06-14 05:08:22,520 - ERROR - Error loading /mnt/beegfs/hellgate/home/rb194958e/Atlas_2/Training/Images/sub-r011s021_ses-1_space-MNI152NLin2009aSym_T1w.nii.gz: 'images' must have either 3 or 4 dimensions.
pixdim[0] (qfac) should be 1 (default) or -1; setting qfac to 1
2025-06-14 05:08:22,529 - INFO - pixdim[0] (qfac) should be 1 (default) or -1; setting qfac to 1
2025-06-14 05:08:22,723 - ERROR - Error loading /mnt/beegfs/hellgate/home/rb194958e/Atlas_2/Training/Masks/sub-r011s021_ses-1_space-MNI152NLin2009aSym_label-L_desc-T1lesion_mask.nii.gz: 'images' must have either 3 or 4 dimensions.
2025-06-14 05:08:23,093 - ERROR - Error loading /mnt/beegfs/hellgate/home/rb194958e/Atlas_2/Training/Images/sub-r005s077_ses-1_space-MNI152NLin2009aSym_T1w.nii.gz: 'images' must have either 3 or 4 dimensions.
pixdim[0] (qfac) should be 1 (default) or -1; setting qfac to 1
2025-06-14 05:08:23,104 - INFO - pixdim[0] (qfac) should be 1 (default) or -1; setting qfac to 1
2025-06-14 05:08:23,303 - ERROR - Error loading /mnt/beegfs/hellgate/home/rb194958e/Atlas_2/Training/Masks/sub-r005s077_ses-1_space-MNI152NLin2009aSym_label-L_desc-T1lesion_mask.nii.gz: 'images' must have either 3 or 4 dimensions.
2025-06-14 05:08:23,653 - ERROR - Error loading /mnt/beegfs/hellgate/home/rb194958e/Atlas_2/Training/Images/sub-r009s011_ses-1_space-MNI152NLin2009aSym_T1w.nii.gz: 'images' must have either 3 or 4 dimensions.
pixdim[0] (qfac) should be 1 (default) or -1; setting qfac to 1
2025-06-14 05:08:23,663 - INFO - pixdim[0] (qfac) should be 1 (default) or -1; setting qfac to 1
2025-06-14 05:08:23,856 - ERROR - Error loading /mnt/beegfs/hellgate/home/rb194958e/Atlas_2/Training/Masks/sub-r009s011_ses-1_space-MNI152NLin2009aSym_label-L_desc-T1lesion_mask.nii.gz: 'images' must have either 3 or 4 dimensions.
2025-06-14 05:08:24,213 - ERROR - Error loading /mnt/beegfs/hellgate/home/rb194958e/Atlas_2/Training/Images/sub-r009s009_ses-1_space-MNI152NLin2009aSym_T1w.nii.gz: 'images' must have either 3 or 4 dimensions.
pixdim[0] (qfac) should be 1 (default) or -1; setting qfac to 1
2025-06-14 05:08:24,224 - INFO - pixdim[0] (qfac) should be 1 (default) or -1; setting qfac to 1
2025-06-14 05:08:24,424 - ERROR - Error loading /mnt/beegfs/hellgate/home/rb194958e/Atlas_2/Training/Masks/sub-r009s009_ses-1_space-MNI152NLin2009aSym_label-L_desc-T1lesion_mask.nii.gz: 'images' must have either 3 or 4 dimensions.
2025-06-14 05:08:24,793 - ERROR - Error loading /mnt/beegfs/hellgate/home/rb194958e/Atlas_2/Training/Images/sub-r047s035_ses-1_space-MNI152NLin2009aSym_T1w.nii.gz: 'images' must have either 3 or 4 dimensions.
pixdim[0] (qfac) should be 1 (default) or -1; setting qfac to 1
2025-06-14 05:08:24,804 - INFO - pixdim[0] (qfac) should be 1 (default) or -1; setting qfac to 1
2025-06-14 05:08:24,995 - ERROR - Error loading /mnt/beegfs/hellgate/home/rb194958e/Atlas_2/Training/Masks/sub-r047s035_ses-1_space-MNI152NLin2009aSym_label-L_desc-T1lesion_mask.nii.gz: 'images' must have either 3 or 4 dimensions.
2025-06-14 05:08:25,367 - ERROR - Error loading /mnt/beegfs/hellgate/home/rb194958e/Atlas_2/Training/Images/sub-r009s040_ses-1_space-MNI152NLin2009aSym_T1w.nii.gz: 'images' must have either 3 or 4 dimensions.
pixdim[0] (qfac) should be 1 (default) or -1; setting qfac to 1
2025-06-14 05:08:25,379 - INFO - pixdim[0] (qfac) should be 1 (default) or -1; setting qfac to 1
2025-06-14 05:08:25,578 - ERROR - Error loading /mnt/beegfs/hellgate/home/rb194958e/Atlas_2/Training/Masks/sub-r009s040_ses-1_space-MNI152NLin2009aSym_label-L_desc-T1lesion_mask.nii.gz: 'images' must have either 3 or 4 dimensions.
2025-06-14 05:08:25,970 - ERROR - Error loading /mnt/beegfs/hellgate/home/rb194958e/Atlas_2/Training/Images/sub-r001s004_ses-1_space-MNI152NLin2009aSym_T1w.nii.gz: 'images' must have either 3 or 4 dimensions.
pixdim[0] (qfac) should be 1 (default) or -1; setting qfac to 1
2025-06-14 05:08:25,980 - INFO - pixdim[0] (qfac) should be 1 (default) or -1; setting qfac to 1
2025-06-14 05:08:26,172 - ERROR - Error loading /mnt/beegfs/hellgate/home/rb194958e/Atlas_2/Training/Masks/sub-r001s004_ses-1_space-MNI152NLin2009aSym_label-L_desc-T1lesion_mask.nii.gz: 'images' must have either 3 or 4 dimensions.
2025-06-14 05:08:26,538 - ERROR - Error loading /mnt/beegfs/hellgate/home/rb194958e/Atlas_2/Training/Images/sub-r005s026_ses-1_space-MNI152NLin2009aSym_T1w.nii.gz: 'images' must have either 3 or 4 dimensions.
pixdim[0] (qfac) should be 1 (default) or -1; setting qfac to 1
2025-06-14 05:08:26,550 - INFO - pixdim[0] (qfac) should be 1 (default) or -1; setting qfac to 1
2025-06-14 05:08:26,749 - ERROR - Error loading /mnt/beegfs/hellgate/home/rb194958e/Atlas_2/Training/Masks/sub-r005s026_ses-1_space-MNI152NLin2009aSym_label-L_desc-T1lesion_mask.nii.gz: 'images' must have either 3 or 4 dimensions.
2025-06-14 05:08:27,112 - ERROR - Error loading /mnt/beegfs/hellgate/home/rb194958e/Atlas_2/Training/Images/sub-r009s058_ses-1_space-MNI152NLin2009aSym_T1w.nii.gz: 'images' must have either 3 or 4 dimensions.
pixdim[0] (qfac) should be 1 (default) or -1; setting qfac to 1
2025-06-14 05:08:27,122 - INFO - pixdim[0] (qfac) should be 1 (default) or -1; setting qfac to 1
2025-06-14 05:08:27,314 - ERROR - Error loading /mnt/beegfs/hellgate/home/rb194958e/Atlas_2/Training/Masks/sub-r009s058_ses-1_space-MNI152NLin2009aSym_label-L_desc-T1lesion_mask.nii.gz: 'images' must have either 3 or 4 dimensions.
2025-06-14 05:08:27,668 - ERROR - Error loading /mnt/beegfs/hellgate/home/rb194958e/Atlas_2/Training/Images/sub-r009s100_ses-1_space-MNI152NLin2009aSym_T1w.nii.gz: 'images' must have either 3 or 4 dimensions.
pixdim[0] (qfac) should be 1 (default) or -1; setting qfac to 1
2025-06-14 05:08:27,679 - INFO - pixdim[0] (qfac) should be 1 (default) or -1; setting qfac to 1
2025-06-14 05:08:27,879 - ERROR - Error loading /mnt/beegfs/hellgate/home/rb194958e/Atlas_2/Training/Masks/sub-r009s100_ses-1_space-MNI152NLin2009aSym_label-L_desc-T1lesion_mask.nii.gz: 'images' must have either 3 or 4 dimensions.
2025-06-14 05:08:28,252 - ERROR - Error loading /mnt/beegfs/hellgate/home/rb194958e/Atlas_2/Training/Images/sub-r009s118_ses-1_space-MNI152NLin2009aSym_T1w.nii.gz: 'images' must have either 3 or 4 dimensions.
pixdim[0] (qfac) should be 1 (default) or -1; setting qfac to 1
2025-06-14 05:08:28,262 - INFO - pixdim[0] (qfac) should be 1 (default) or -1; setting qfac to 1
2025-06-14 05:08:28,456 - ERROR - Error loading /mnt/beegfs/hellgate/home/rb194958e/Atlas_2/Training/Masks/sub-r009s118_ses-1_space-MNI152NLin2009aSym_label-L_desc-T1lesion_mask.nii.gz: 'images' must have either 3 or 4 dimensions.
2025-06-14 05:08:28,841 - ERROR - Error loading /mnt/beegfs/hellgate/home/rb194958e/Atlas_2/Training/Images/sub-r010s003_ses-1_space-MNI152NLin2009aSym_T1w.nii.gz: 'images' must have either 3 or 4 dimensions.
pixdim[0] (qfac) should be 1 (default) or -1; setting qfac to 1
2025-06-14 05:08:28,852 - INFO - pixdim[0] (qfac) should be 1 (default) or -1; setting qfac to 1
2025-06-14 05:08:29,051 - ERROR - Error loading /mnt/beegfs/hellgate/home/rb194958e/Atlas_2/Training/Masks/sub-r010s003_ses-1_space-MNI152NLin2009aSym_label-L_desc-T1lesion_mask.nii.gz: 'images' must have either 3 or 4 dimensions.
2025-06-14 05:08:29,398 - ERROR - Error loading /mnt/beegfs/hellgate/home/rb194958e/Atlas_2/Training/Images/sub-r052s010_ses-1_space-MNI152NLin2009aSym_T1w.nii.gz: 'images' must have either 3 or 4 dimensions.
pixdim[0] (qfac) should be 1 (default) or -1; setting qfac to 1
2025-06-14 05:08:29,409 - INFO - pixdim[0] (qfac) should be 1 (default) or -1; setting qfac to 1
2025-06-14 05:08:29,599 - ERROR - Error loading /mnt/beegfs/hellgate/home/rb194958e/Atlas_2/Training/Masks/sub-r052s010_ses-1_space-MNI152NLin2009aSym_label-L_desc-T1lesion_mask.nii.gz: 'images' must have either 3 or 4 dimensions.
2025-06-14 05:08:29,937 - ERROR - Error loading /mnt/beegfs/hellgate/home/rb194958e/Atlas_2/Training/Images/sub-r031s022_ses-1_space-MNI152NLin2009aSym_T1w.nii.gz: 'images' must have either 3 or 4 dimensions.
pixdim[0] (qfac) should be 1 (default) or -1; setting qfac to 1
2025-06-14 05:08:29,949 - INFO - pixdim[0] (qfac) should be 1 (default) or -1; setting qfac to 1
2025-06-14 05:08:30,145 - ERROR - Error loading /mnt/beegfs/hellgate/home/rb194958e/Atlas_2/Training/Masks/sub-r031s022_ses-1_space-MNI152NLin2009aSym_label-L_desc-T1lesion_mask.nii.gz: 'images' must have either 3 or 4 dimensions.
2025-06-14 05:08:30,505 - ERROR - Error loading /mnt/beegfs/hellgate/home/rb194958e/Atlas_2/Training/Images/sub-r049s020_ses-1_space-MNI152NLin2009aSym_T1w.nii.gz: 'images' must have either 3 or 4 dimensions.
pixdim[0] (qfac) should be 1 (default) or -1; setting qfac to 1
2025-06-14 05:08:30,515 - INFO - pixdim[0] (qfac) should be 1 (default) or -1; setting qfac to 1
2025-06-14 05:08:30,709 - ERROR - Error loading /mnt/beegfs/hellgate/home/rb194958e/Atlas_2/Training/Masks/sub-r049s020_ses-1_space-MNI152NLin2009aSym_label-L_desc-T1lesion_mask.nii.gz: 'images' must have either 3 or 4 dimensions.
2025-06-14 05:08:31,020 - ERROR - Error loading /mnt/beegfs/hellgate/home/rb194958e/Atlas_2/Training/Images/sub-r042s035_ses-1_space-MNI152NLin2009aSym_T1w.nii.gz: 'images' must have either 3 or 4 dimensions.
pixdim[0] (qfac) should be 1 (default) or -1; setting qfac to 1
2025-06-14 05:08:31,032 - INFO - pixdim[0] (qfac) should be 1 (default) or -1; setting qfac to 1
2025-06-14 05:08:31,231 - ERROR - Error loading /mnt/beegfs/hellgate/home/rb194958e/Atlas_2/Training/Masks/sub-r042s035_ses-1_space-MNI152NLin2009aSym_label-L_desc-T1lesion_mask.nii.gz: 'images' must have either 3 or 4 dimensions.
2025-06-14 05:08:31,604 - ERROR - Error loading /mnt/beegfs/hellgate/home/rb194958e/Atlas_2/Training/Images/sub-r004s004_ses-1_space-MNI152NLin2009aSym_T1w.nii.gz: 'images' must have either 3 or 4 dimensions.
pixdim[0] (qfac) should be 1 (default) or -1; setting qfac to 1
2025-06-14 05:08:31,615 - INFO - pixdim[0] (qfac) should be 1 (default) or -1; setting qfac to 1
2025-06-14 05:08:31,804 - ERROR - Error loading /mnt/beegfs/hellgate/home/rb194958e/Atlas_2/Training/Masks/sub-r004s004_ses-1_space-MNI152NLin2009aSym_label-L_desc-T1lesion_mask.nii.gz: 'images' must have either 3 or 4 dimensions.
2025-06-14 05:08:32,149 - ERROR - Error loading /mnt/beegfs/hellgate/home/rb194958e/Atlas_2/Training/Images/sub-r004s033_ses-1_space-MNI152NLin2009aSym_T1w.nii.gz: 'images' must have either 3 or 4 dimensions.
pixdim[0] (qfac) should be 1 (default) or -1; setting qfac to 1
2025-06-14 05:08:32,161 - INFO - pixdim[0] (qfac) should be 1 (default) or -1; setting qfac to 1
2025-06-14 05:08:32,352 - ERROR - Error loading /mnt/beegfs/hellgate/home/rb194958e/Atlas_2/Training/Masks/sub-r004s033_ses-1_space-MNI152NLin2009aSym_label-L_desc-T1lesion_mask.nii.gz: 'images' must have either 3 or 4 dimensions.
2025-06-14 05:08:32,674 - ERROR - Error loading /mnt/beegfs/hellgate/home/rb194958e/Atlas_2/Training/Images/sub-r031s015_ses-1_space-MNI152NLin2009aSym_T1w.nii.gz: 'images' must have either 3 or 4 dimensions.
pixdim[0] (qfac) should be 1 (default) or -1; setting qfac to 1
2025-06-14 05:08:32,684 - INFO - pixdim[0] (qfac) should be 1 (default) or -1; setting qfac to 1
2025-06-14 05:08:32,877 - ERROR - Error loading /mnt/beegfs/hellgate/home/rb194958e/Atlas_2/Training/Masks/sub-r031s015_ses-1_space-MNI152NLin2009aSym_label-L_desc-T1lesion_mask.nii.gz: 'images' must have either 3 or 4 dimensions.
2025-06-14 05:08:33,211 - ERROR - Error loading /mnt/beegfs/hellgate/home/rb194958e/Atlas_2/Training/Images/sub-r052s027_ses-1_space-MNI152NLin2009aSym_T1w.nii.gz: 'images' must have either 3 or 4 dimensions.
pixdim[0] (qfac) should be 1 (default) or -1; setting qfac to 1
2025-06-14 05:08:33,222 - INFO - pixdim[0] (qfac) should be 1 (default) or -1; setting qfac to 1
2025-06-14 05:08:33,415 - ERROR - Error loading /mnt/beegfs/hellgate/home/rb194958e/Atlas_2/Training/Masks/sub-r052s027_ses-1_space-MNI152NLin2009aSym_label-L_desc-T1lesion_mask.nii.gz: 'images' must have either 3 or 4 dimensions.
2025-06-14 05:08:33,771 - ERROR - Error loading /mnt/beegfs/hellgate/home/rb194958e/Atlas_2/Training/Images/sub-r003s009_ses-1_space-MNI152NLin2009aSym_T1w.nii.gz: 'images' must have either 3 or 4 dimensions.
pixdim[0] (qfac) should be 1 (default) or -1; setting qfac to 1
2025-06-14 05:08:33,782 - INFO - pixdim[0] (qfac) should be 1 (default) or -1; setting qfac to 1
2025-06-14 05:08:33,979 - ERROR - Error loading /mnt/beegfs/hellgate/home/rb194958e/Atlas_2/Training/Masks/sub-r003s009_ses-1_space-MNI152NLin2009aSym_label-L_desc-T1lesion_mask.nii.gz: 'images' must have either 3 or 4 dimensions.
2025-06-14 05:08:34,335 - ERROR - Error loading /mnt/beegfs/hellgate/home/rb194958e/Atlas_2/Training/Images/sub-r003s011_ses-1_space-MNI152NLin2009aSym_T1w.nii.gz: 'images' must have either 3 or 4 dimensions.
pixdim[0] (qfac) should be 1 (default) or -1; setting qfac to 1
2025-06-14 05:08:34,346 - INFO - pixdim[0] (qfac) should be 1 (default) or -1; setting qfac to 1
2025-06-14 05:08:34,540 - ERROR - Error loading /mnt/beegfs/hellgate/home/rb194958e/Atlas_2/Training/Masks/sub-r003s011_ses-1_space-MNI152NLin2009aSym_label-L_desc-T1lesion_mask.nii.gz: 'images' must have either 3 or 4 dimensions.
2025-06-14 05:08:34,893 - ERROR - Error loading /mnt/beegfs/hellgate/home/rb194958e/Atlas_2/Training/Images/sub-r009s077_ses-1_space-MNI152NLin2009aSym_T1w.nii.gz: 'images' must have either 3 or 4 dimensions.
pixdim[0] (qfac) should be 1 (default) or -1; setting qfac to 1
2025-06-14 05:08:34,904 - INFO - pixdim[0] (qfac) should be 1 (default) or -1; setting qfac to 1
2025-06-14 05:08:35,102 - ERROR - Error loading /mnt/beegfs/hellgate/home/rb194958e/Atlas_2/Training/Masks/sub-r009s077_ses-1_space-MNI152NLin2009aSym_label-L_desc-T1lesion_mask.nii.gz: 'images' must have either 3 or 4 dimensions.
2025-06-14 05:08:35,641 - ERROR - Error loading /mnt/beegfs/hellgate/home/rb194958e/Atlas_2/Training/Images/sub-r001s033_ses-1_space-MNI152NLin2009aSym_T1w.nii.gz: 'images' must have either 3 or 4 dimensions.
pixdim[0] (qfac) should be 1 (default) or -1; setting qfac to 1
2025-06-14 05:08:35,653 - INFO - pixdim[0] (qfac) should be 1 (default) or -1; setting qfac to 1
2025-06-14 05:08:35,846 - ERROR - Error loading /mnt/beegfs/hellgate/home/rb194958e/Atlas_2/Training/Masks/sub-r001s033_ses-1_space-MNI152NLin2009aSym_label-L_desc-T1lesion_mask.nii.gz: 'images' must have either 3 or 4 dimensions.
2025-06-14 05:08:36,204 - ERROR - Error loading /mnt/beegfs/hellgate/home/rb194958e/Atlas_2/Training/Images/sub-r009s026_ses-1_space-MNI152NLin2009aSym_T1w.nii.gz: 'images' must have either 3 or 4 dimensions.
pixdim[0] (qfac) should be 1 (default) or -1; setting qfac to 1
2025-06-14 05:08:36,214 - INFO - pixdim[0] (qfac) should be 1 (default) or -1; setting qfac to 1
2025-06-14 05:08:36,412 - ERROR - Error loading /mnt/beegfs/hellgate/home/rb194958e/Atlas_2/Training/Masks/sub-r009s026_ses-1_space-MNI152NLin2009aSym_label-L_desc-T1lesion_mask.nii.gz: 'images' must have either 3 or 4 dimensions.
2025-06-14 05:08:36,784 - ERROR - Error loading /mnt/beegfs/hellgate/home/rb194958e/Atlas_2/Training/Images/sub-r005s058_ses-1_space-MNI152NLin2009aSym_T1w.nii.gz: 'images' must have either 3 or 4 dimensions.
pixdim[0] (qfac) should be 1 (default) or -1; setting qfac to 1
2025-06-14 05:08:36,795 - INFO - pixdim[0] (qfac) should be 1 (default) or -1; setting qfac to 1
2025-06-14 05:08:36,989 - ERROR - Error loading /mnt/beegfs/hellgate/home/rb194958e/Atlas_2/Training/Masks/sub-r005s058_ses-1_space-MNI152NLin2009aSym_label-L_desc-T1lesion_mask.nii.gz: 'images' must have either 3 or 4 dimensions.
2025-06-14 05:08:37,352 - ERROR - Error loading /mnt/beegfs/hellgate/home/rb194958e/Atlas_2/Training/Images/sub-r050s005_ses-1_space-MNI152NLin2009aSym_T1w.nii.gz: 'images' must have either 3 or 4 dimensions.
pixdim[0] (qfac) should be 1 (default) or -1; setting qfac to 1
2025-06-14 05:08:37,362 - INFO - pixdim[0] (qfac) should be 1 (default) or -1; setting qfac to 1
2025-06-14 05:08:37,561 - ERROR - Error loading /mnt/beegfs/hellgate/home/rb194958e/Atlas_2/Training/Masks/sub-r050s005_ses-1_space-MNI152NLin2009aSym_label-L_desc-T1lesion_mask.nii.gz: 'images' must have either 3 or 4 dimensions.
2025-06-14 05:08:37,882 - ERROR - Error loading /mnt/beegfs/hellgate/home/rb194958e/Atlas_2/Training/Images/sub-r028s007_ses-1_space-MNI152NLin2009aSym_T1w.nii.gz: 'images' must have either 3 or 4 dimensions.
pixdim[0] (qfac) should be 1 (default) or -1; setting qfac to 1
2025-06-14 05:08:37,893 - INFO - pixdim[0] (qfac) should be 1 (default) or -1; setting qfac to 1
2025-06-14 05:08:38,087 - ERROR - Error loading /mnt/beegfs/hellgate/home/rb194958e/Atlas_2/Training/Masks/sub-r028s007_ses-1_space-MNI152NLin2009aSym_label-L_desc-T1lesion_mask.nii.gz: 'images' must have either 3 or 4 dimensions.
2025-06-14 05:08:38,496 - ERROR - Error loading /mnt/beegfs/hellgate/home/rb194958e/Atlas_2/Training/Images/sub-r011s016_ses-1_space-MNI152NLin2009aSym_T1w.nii.gz: 'images' must have either 3 or 4 dimensions.
pixdim[0] (qfac) should be 1 (default) or -1; setting qfac to 1
2025-06-14 05:08:38,507 - INFO - pixdim[0] (qfac) should be 1 (default) or -1; setting qfac to 1
2025-06-14 05:08:38,707 - ERROR - Error loading /mnt/beegfs/hellgate/home/rb194958e/Atlas_2/Training/Masks/sub-r011s016_ses-1_space-MNI152NLin2009aSym_label-L_desc-T1lesion_mask.nii.gz: 'images' must have either 3 or 4 dimensions.
2025-06-14 05:08:39,075 - ERROR - Error loading /mnt/beegfs/hellgate/home/rb194958e/Atlas_2/Training/Images/sub-r009s084_ses-1_space-MNI152NLin2009aSym_T1w.nii.gz: 'images' must have either 3 or 4 dimensions.
pixdim[0] (qfac) should be 1 (default) or -1; setting qfac to 1
2025-06-14 05:08:39,086 - INFO - pixdim[0] (qfac) should be 1 (default) or -1; setting qfac to 1
2025-06-14 05:08:39,280 - ERROR - Error loading /mnt/beegfs/hellgate/home/rb194958e/Atlas_2/Training/Masks/sub-r009s084_ses-1_space-MNI152NLin2009aSym_label-L_desc-T1lesion_mask.nii.gz: 'images' must have either 3 or 4 dimensions.
2025-06-14 05:08:39,642 - ERROR - Error loading /mnt/beegfs/hellgate/home/rb194958e/Atlas_2/Training/Images/sub-r034s015_ses-1_space-MNI152NLin2009aSym_T1w.nii.gz: 'images' must have either 3 or 4 dimensions.
pixdim[0] (qfac) should be 1 (default) or -1; setting qfac to 1
2025-06-14 05:08:39,652 - INFO - pixdim[0] (qfac) should be 1 (default) or -1; setting qfac to 1
2025-06-14 05:08:39,851 - ERROR - Error loading /mnt/beegfs/hellgate/home/rb194958e/Atlas_2/Training/Masks/sub-r034s015_ses-1_space-MNI152NLin2009aSym_label-L_desc-T1lesion_mask.nii.gz: 'images' must have either 3 or 4 dimensions.
2025-06-14 05:08:40,230 - ERROR - Error loading /mnt/beegfs/hellgate/home/rb194958e/Atlas_2/Training/Images/sub-r048s035_ses-1_space-MNI152NLin2009aSym_T1w.nii.gz: 'images' must have either 3 or 4 dimensions.
pixdim[0] (qfac) should be 1 (default) or -1; setting qfac to 1
2025-06-14 05:08:40,241 - INFO - pixdim[0] (qfac) should be 1 (default) or -1; setting qfac to 1
2025-06-14 05:08:40,435 - ERROR - Error loading /mnt/beegfs/hellgate/home/rb194958e/Atlas_2/Training/Masks/sub-r048s035_ses-1_space-MNI152NLin2009aSym_label-L_desc-T1lesion_mask.nii.gz: 'images' must have either 3 or 4 dimensions.
2025-06-14 05:08:40,825 - ERROR - Error loading /mnt/beegfs/hellgate/home/rb194958e/Atlas_2/Training/Images/sub-r040s071_ses-1_space-MNI152NLin2009aSym_T1w.nii.gz: 'images' must have either 3 or 4 dimensions.
pixdim[0] (qfac) should be 1 (default) or -1; setting qfac to 1
2025-06-14 05:08:40,836 - INFO - pixdim[0] (qfac) should be 1 (default) or -1; setting qfac to 1
2025-06-14 05:08:41,033 - ERROR - Error loading /mnt/beegfs/hellgate/home/rb194958e/Atlas_2/Training/Masks/sub-r040s071_ses-1_space-MNI152NLin2009aSym_label-L_desc-T1lesion_mask.nii.gz: 'images' must have either 3 or 4 dimensions.
2025-06-14 05:08:41,422 - ERROR - Error loading /mnt/beegfs/hellgate/home/rb194958e/Atlas_2/Training/Images/sub-r040s069_ses-1_space-MNI152NLin2009aSym_T1w.nii.gz: 'images' must have either 3 or 4 dimensions.
pixdim[0] (qfac) should be 1 (default) or -1; setting qfac to 1
2025-06-14 05:08:41,434 - INFO - pixdim[0] (qfac) should be 1 (default) or -1; setting qfac to 1
2025-06-14 05:08:41,626 - ERROR - Error loading /mnt/beegfs/hellgate/home/rb194958e/Atlas_2/Training/Masks/sub-r040s069_ses-1_space-MNI152NLin2009aSym_label-L_desc-T1lesion_mask.nii.gz: 'images' must have either 3 or 4 dimensions.
2025-06-14 05:08:42,024 - ERROR - Error loading /mnt/beegfs/hellgate/home/rb194958e/Atlas_2/Training/Images/sub-r040s020_ses-1_space-MNI152NLin2009aSym_T1w.nii.gz: 'images' must have either 3 or 4 dimensions.
pixdim[0] (qfac) should be 1 (default) or -1; setting qfac to 1
2025-06-14 05:08:42,034 - INFO - pixdim[0] (qfac) should be 1 (default) or -1; setting qfac to 1
2025-06-14 05:08:42,232 - ERROR - Error loading /mnt/beegfs/hellgate/home/rb194958e/Atlas_2/Training/Masks/sub-r040s020_ses-1_space-MNI152NLin2009aSym_label-L_desc-T1lesion_mask.nii.gz: 'images' must have either 3 or 4 dimensions.
2025-06-14 05:08:42,566 - ERROR - Error loading /mnt/beegfs/hellgate/home/rb194958e/Atlas_2/Training/Images/sub-r044s002_ses-1_space-MNI152NLin2009aSym_T1w.nii.gz: 'images' must have either 3 or 4 dimensions.
pixdim[0] (qfac) should be 1 (default) or -1; setting qfac to 1
2025-06-14 05:08:42,578 - INFO - pixdim[0] (qfac) should be 1 (default) or -1; setting qfac to 1
2025-06-14 05:08:42,768 - ERROR - Error loading /mnt/beegfs/hellgate/home/rb194958e/Atlas_2/Training/Masks/sub-r044s002_ses-1_space-MNI152NLin2009aSym_label-L_desc-T1lesion_mask.nii.gz: 'images' must have either 3 or 4 dimensions.
2025-06-14 05:08:43,125 - ERROR - Error loading /mnt/beegfs/hellgate/home/rb194958e/Atlas_2/Training/Images/sub-r038s022_ses-1_space-MNI152NLin2009aSym_T1w.nii.gz: 'images' must have either 3 or 4 dimensions.
pixdim[0] (qfac) should be 1 (default) or -1; setting qfac to 1
2025-06-14 05:08:43,134 - INFO - pixdim[0] (qfac) should be 1 (default) or -1; setting qfac to 1
2025-06-14 05:08:43,333 - ERROR - Error loading /mnt/beegfs/hellgate/home/rb194958e/Atlas_2/Training/Masks/sub-r038s022_ses-1_space-MNI152NLin2009aSym_label-L_desc-T1lesion_mask.nii.gz: 'images' must have either 3 or 4 dimensions.
2025-06-14 05:08:43,713 - ERROR - Error loading /mnt/beegfs/hellgate/home/rb194958e/Atlas_2/Training/Images/sub-r001s034_ses-1_space-MNI152NLin2009aSym_T1w.nii.gz: 'images' must have either 3 or 4 dimensions.
pixdim[0] (qfac) should be 1 (default) or -1; setting qfac to 1
2025-06-14 05:08:43,724 - INFO - pixdim[0] (qfac) should be 1 (default) or -1; setting qfac to 1
2025-06-14 05:08:43,917 - ERROR - Error loading /mnt/beegfs/hellgate/home/rb194958e/Atlas_2/Training/Masks/sub-r001s034_ses-1_space-MNI152NLin2009aSym_label-L_desc-T1lesion_mask.nii.gz: 'images' must have either 3 or 4 dimensions.
2025-06-14 05:08:44,335 - ERROR - Error loading /mnt/beegfs/hellgate/home/rb194958e/Atlas_2/Training/Images/sub-r040s085_ses-1_space-MNI152NLin2009aSym_T1w.nii.gz: 'images' must have either 3 or 4 dimensions.
pixdim[0] (qfac) should be 1 (default) or -1; setting qfac to 1
2025-06-14 05:08:44,345 - INFO - pixdim[0] (qfac) should be 1 (default) or -1; setting qfac to 1
2025-06-14 05:08:44,544 - ERROR - Error loading /mnt/beegfs/hellgate/home/rb194958e/Atlas_2/Training/Masks/sub-r040s085_ses-1_space-MNI152NLin2009aSym_label-L_desc-T1lesion_mask.nii.gz: 'images' must have either 3 or 4 dimensions.
2025-06-14 05:08:44,892 - ERROR - Error loading /mnt/beegfs/hellgate/home/rb194958e/Atlas_2/Training/Images/sub-r050s002_ses-1_space-MNI152NLin2009aSym_T1w.nii.gz: 'images' must have either 3 or 4 dimensions.
pixdim[0] (qfac) should be 1 (default) or -1; setting qfac to 1
2025-06-14 05:08:44,903 - INFO - pixdim[0] (qfac) should be 1 (default) or -1; setting qfac to 1
2025-06-14 05:08:45,096 - ERROR - Error loading /mnt/beegfs/hellgate/home/rb194958e/Atlas_2/Training/Masks/sub-r050s002_ses-1_space-MNI152NLin2009aSym_label-L_desc-T1lesion_mask.nii.gz: 'images' must have either 3 or 4 dimensions.
2025-06-14 05:08:45,467 - ERROR - Error loading /mnt/beegfs/hellgate/home/rb194958e/Atlas_2/Training/Images/sub-r009s021_ses-1_space-MNI152NLin2009aSym_T1w.nii.gz: 'images' must have either 3 or 4 dimensions.
pixdim[0] (qfac) should be 1 (default) or -1; setting qfac to 1
2025-06-14 05:08:45,478 - INFO - pixdim[0] (qfac) should be 1 (default) or -1; setting qfac to 1
2025-06-14 05:08:45,676 - ERROR - Error loading /mnt/beegfs/hellgate/home/rb194958e/Atlas_2/Training/Masks/sub-r009s021_ses-1_space-MNI152NLin2009aSym_label-L_desc-T1lesion_mask.nii.gz: 'images' must have either 3 or 4 dimensions.
2025-06-14 05:08:46,033 - ERROR - Error loading /mnt/beegfs/hellgate/home/rb194958e/Atlas_2/Training/Images/sub-r009s039_ses-1_space-MNI152NLin2009aSym_T1w.nii.gz: 'images' must have either 3 or 4 dimensions.
pixdim[0] (qfac) should be 1 (default) or -1; setting qfac to 1
2025-06-14 05:08:46,045 - INFO - pixdim[0] (qfac) should be 1 (default) or -1; setting qfac to 1
2025-06-14 05:08:46,238 - ERROR - Error loading /mnt/beegfs/hellgate/home/rb194958e/Atlas_2/Training/Masks/sub-r009s039_ses-1_space-MNI152NLin2009aSym_label-L_desc-T1lesion_mask.nii.gz: 'images' must have either 3 or 4 dimensions.
2025-06-14 05:08:46,657 - ERROR - Error loading /mnt/beegfs/hellgate/home/rb194958e/Atlas_2/Training/Images/sub-r048s032_ses-1_space-MNI152NLin2009aSym_T1w.nii.gz: 'images' must have either 3 or 4 dimensions.
pixdim[0] (qfac) should be 1 (default) or -1; setting qfac to 1
2025-06-14 05:08:46,667 - INFO - pixdim[0] (qfac) should be 1 (default) or -1; setting qfac to 1
2025-06-14 05:08:46,865 - ERROR - Error loading /mnt/beegfs/hellgate/home/rb194958e/Atlas_2/Training/Masks/sub-r048s032_ses-1_space-MNI152NLin2009aSym_label-L_desc-T1lesion_mask.nii.gz: 'images' must have either 3 or 4 dimensions.
2025-06-14 05:08:47,289 - ERROR - Error loading /mnt/beegfs/hellgate/home/rb194958e/Atlas_2/Training/Images/sub-r040s076_ses-1_space-MNI152NLin2009aSym_T1w.nii.gz: 'images' must have either 3 or 4 dimensions.
pixdim[0] (qfac) should be 1 (default) or -1; setting qfac to 1
2025-06-14 05:08:47,301 - INFO - pixdim[0] (qfac) should be 1 (default) or -1; setting qfac to 1
2025-06-14 05:08:47,493 - ERROR - Error loading /mnt/beegfs/hellgate/home/rb194958e/Atlas_2/Training/Masks/sub-r040s076_ses-1_space-MNI152NLin2009aSym_label-L_desc-T1lesion_mask.nii.gz: 'images' must have either 3 or 4 dimensions.
2025-06-14 05:08:47,833 - ERROR - Error loading /mnt/beegfs/hellgate/home/rb194958e/Atlas_2/Training/Images/sub-r034s012_ses-1_space-MNI152NLin2009aSym_T1w.nii.gz: 'images' must have either 3 or 4 dimensions.
pixdim[0] (qfac) should be 1 (default) or -1; setting qfac to 1
2025-06-14 05:08:47,842 - INFO - pixdim[0] (qfac) should be 1 (default) or -1; setting qfac to 1
2025-06-14 05:08:48,041 - ERROR - Error loading /mnt/beegfs/hellgate/home/rb194958e/Atlas_2/Training/Masks/sub-r034s012_ses-1_space-MNI152NLin2009aSym_label-L_desc-T1lesion_mask.nii.gz: 'images' must have either 3 or 4 dimensions.
2025-06-14 05:08:48,386 - ERROR - Error loading /mnt/beegfs/hellgate/home/rb194958e/Atlas_2/Training/Images/sub-r038s074_ses-1_space-MNI152NLin2009aSym_T1w.nii.gz: 'images' must have either 3 or 4 dimensions.
pixdim[0] (qfac) should be 1 (default) or -1; setting qfac to 1
2025-06-14 05:08:48,397 - INFO - pixdim[0] (qfac) should be 1 (default) or -1; setting qfac to 1
2025-06-14 05:08:48,591 - ERROR - Error loading /mnt/beegfs/hellgate/home/rb194958e/Atlas_2/Training/Masks/sub-r038s074_ses-1_space-MNI152NLin2009aSym_label-L_desc-T1lesion_mask.nii.gz: 'images' must have either 3 or 4 dimensions.
2025-06-14 05:08:48,999 - ERROR - Error loading /mnt/beegfs/hellgate/home/rb194958e/Atlas_2/Training/Images/sub-r011s011_ses-1_space-MNI152NLin2009aSym_T1w.nii.gz: 'images' must have either 3 or 4 dimensions.
pixdim[0] (qfac) should be 1 (default) or -1; setting qfac to 1
2025-06-14 05:08:49,009 - INFO - pixdim[0] (qfac) should be 1 (default) or -1; setting qfac to 1
2025-06-14 05:08:49,206 - ERROR - Error loading /mnt/beegfs/hellgate/home/rb194958e/Atlas_2/Training/Masks/sub-r011s011_ses-1_space-MNI152NLin2009aSym_label-L_desc-T1lesion_mask.nii.gz: 'images' must have either 3 or 4 dimensions.
2025-06-14 05:08:49,600 - ERROR - Error loading /mnt/beegfs/hellgate/home/rb194958e/Atlas_2/Training/Images/sub-r009s083_ses-1_space-MNI152NLin2009aSym_T1w.nii.gz: 'images' must have either 3 or 4 dimensions.
pixdim[0] (qfac) should be 1 (default) or -1; setting qfac to 1
2025-06-14 05:08:49,611 - INFO - pixdim[0] (qfac) should be 1 (default) or -1; setting qfac to 1
2025-06-14 05:08:49,802 - ERROR - Error loading /mnt/beegfs/hellgate/home/rb194958e/Atlas_2/Training/Masks/sub-r009s083_ses-1_space-MNI152NLin2009aSym_label-L_desc-T1lesion_mask.nii.gz: 'images' must have either 3 or 4 dimensions.
2025-06-14 05:08:50,175 - ERROR - Error loading /mnt/beegfs/hellgate/home/rb194958e/Atlas_2/Training/Images/sub-r019s004_ses-1_space-MNI152NLin2009aSym_T1w.nii.gz: 'images' must have either 3 or 4 dimensions.
pixdim[0] (qfac) should be 1 (default) or -1; setting qfac to 1
2025-06-14 05:08:50,185 - INFO - pixdim[0] (qfac) should be 1 (default) or -1; setting qfac to 1
2025-06-14 05:08:50,381 - ERROR - Error loading /mnt/beegfs/hellgate/home/rb194958e/Atlas_2/Training/Masks/sub-r019s004_ses-1_space-MNI152NLin2009aSym_label-L_desc-T1lesion_mask.nii.gz: 'images' must have either 3 or 4 dimensions.
2025-06-14 05:08:50,725 - ERROR - Error loading /mnt/beegfs/hellgate/home/rb194958e/Atlas_2/Training/Images/sub-r038s025_ses-1_space-MNI152NLin2009aSym_T1w.nii.gz: 'images' must have either 3 or 4 dimensions.
pixdim[0] (qfac) should be 1 (default) or -1; setting qfac to 1
2025-06-14 05:08:50,736 - INFO - pixdim[0] (qfac) should be 1 (default) or -1; setting qfac to 1
2025-06-14 05:08:50,929 - ERROR - Error loading /mnt/beegfs/hellgate/home/rb194958e/Atlas_2/Training/Masks/sub-r038s025_ses-1_space-MNI152NLin2009aSym_label-L_desc-T1lesion_mask.nii.gz: 'images' must have either 3 or 4 dimensions.
2025-06-14 05:08:51,295 - ERROR - Error loading /mnt/beegfs/hellgate/home/rb194958e/Atlas_2/Training/Images/sub-r004s034_ses-1_space-MNI152NLin2009aSym_T1w.nii.gz: 'images' must have either 3 or 4 dimensions.
pixdim[0] (qfac) should be 1 (default) or -1; setting qfac to 1
2025-06-14 05:08:51,305 - INFO - pixdim[0] (qfac) should be 1 (default) or -1; setting qfac to 1
2025-06-14 05:08:51,503 - ERROR - Error loading /mnt/beegfs/hellgate/home/rb194958e/Atlas_2/Training/Masks/sub-r004s034_ses-1_space-MNI152NLin2009aSym_label-L_desc-T1lesion_mask.nii.gz: 'images' must have either 3 or 4 dimensions.
2025-06-14 05:08:51,870 - ERROR - Error loading /mnt/beegfs/hellgate/home/rb194958e/Atlas_2/Training/Images/sub-r017s118_ses-1_space-MNI152NLin2009aSym_T1w.nii.gz: 'images' must have either 3 or 4 dimensions.
pixdim[0] (qfac) should be 1 (default) or -1; setting qfac to 1
2025-06-14 05:08:51,881 - INFO - pixdim[0] (qfac) should be 1 (default) or -1; setting qfac to 1
2025-06-14 05:08:52,074 - ERROR - Error loading /mnt/beegfs/hellgate/home/rb194958e/Atlas_2/Training/Masks/sub-r017s118_ses-1_space-MNI152NLin2009aSym_label-L_desc-T1lesion_mask.nii.gz: 'images' must have either 3 or 4 dimensions.
2025-06-14 05:08:52,431 - ERROR - Error loading /mnt/beegfs/hellgate/home/rb194958e/Atlas_2/Training/Images/sub-r049s010_ses-1_space-MNI152NLin2009aSym_T1w.nii.gz: 'images' must have either 3 or 4 dimensions.
pixdim[0] (qfac) should be 1 (default) or -1; setting qfac to 1
2025-06-14 05:08:52,442 - INFO - pixdim[0] (qfac) should be 1 (default) or -1; setting qfac to 1
2025-06-14 05:08:52,640 - ERROR - Error loading /mnt/beegfs/hellgate/home/rb194958e/Atlas_2/Training/Masks/sub-r049s010_ses-1_space-MNI152NLin2009aSym_label-L_desc-T1lesion_mask.nii.gz: 'images' must have either 3 or 4 dimensions.
2025-06-14 05:08:52,964 - ERROR - Error loading /mnt/beegfs/hellgate/home/rb194958e/Atlas_2/Training/Images/sub-r031s012_ses-1_space-MNI152NLin2009aSym_T1w.nii.gz: 'images' must have either 3 or 4 dimensions.
pixdim[0] (qfac) should be 1 (default) or -1; setting qfac to 1
2025-06-14 05:08:52,975 - INFO - pixdim[0] (qfac) should be 1 (default) or -1; setting qfac to 1
2025-06-14 05:08:53,168 - ERROR - Error loading /mnt/beegfs/hellgate/home/rb194958e/Atlas_2/Training/Masks/sub-r031s012_ses-1_space-MNI152NLin2009aSym_label-L_desc-T1lesion_mask.nii.gz: 'images' must have either 3 or 4 dimensions.
2025-06-14 05:08:53,516 - ERROR - Error loading /mnt/beegfs/hellgate/home/rb194958e/Atlas_2/Training/Images/sub-r018s011_ses-1_space-MNI152NLin2009aSym_T1w.nii.gz: 'images' must have either 3 or 4 dimensions.
pixdim[0] (qfac) should be 1 (default) or -1; setting qfac to 1
2025-06-14 05:08:53,527 - INFO - pixdim[0] (qfac) should be 1 (default) or -1; setting qfac to 1
2025-06-14 05:08:53,724 - ERROR - Error loading /mnt/beegfs/hellgate/home/rb194958e/Atlas_2/Training/Masks/sub-r018s011_ses-1_space-MNI152NLin2009aSym_label-L_desc-T1lesion_mask.nii.gz: 'images' must have either 3 or 4 dimensions.
2025-06-14 05:08:54,053 - ERROR - Error loading /mnt/beegfs/hellgate/home/rb194958e/Atlas_2/Training/Images/sub-r031s025_ses-1_space-MNI152NLin2009aSym_T1w.nii.gz: 'images' must have either 3 or 4 dimensions.
pixdim[0] (qfac) should be 1 (default) or -1; setting qfac to 1
2025-06-14 05:08:54,062 - INFO - pixdim[0] (qfac) should be 1 (default) or -1; setting qfac to 1
2025-06-14 05:08:54,254 - ERROR - Error loading /mnt/beegfs/hellgate/home/rb194958e/Atlas_2/Training/Masks/sub-r031s025_ses-1_space-MNI152NLin2009aSym_label-L_desc-T1lesion_mask.nii.gz: 'images' must have either 3 or 4 dimensions.
2025-06-14 05:08:54,607 - ERROR - Error loading /mnt/beegfs/hellgate/home/rb194958e/Atlas_2/Training/Images/sub-r035s007_ses-1_space-MNI152NLin2009aSym_T1w.nii.gz: 'images' must have either 3 or 4 dimensions.
pixdim[0] (qfac) should be 1 (default) or -1; setting qfac to 1
2025-06-14 05:08:54,617 - INFO - pixdim[0] (qfac) should be 1 (default) or -1; setting qfac to 1
2025-06-14 05:08:54,816 - ERROR - Error loading /mnt/beegfs/hellgate/home/rb194958e/Atlas_2/Training/Masks/sub-r035s007_ses-1_space-MNI152NLin2009aSym_label-L_desc-T1lesion_mask.nii.gz: 'images' must have either 3 or 4 dimensions.
2025-06-14 05:08:55,214 - ERROR - Error loading /mnt/beegfs/hellgate/home/rb194958e/Atlas_2/Training/Images/sub-r010s004_ses-1_space-MNI152NLin2009aSym_T1w.nii.gz: 'images' must have either 3 or 4 dimensions.
pixdim[0] (qfac) should be 1 (default) or -1; setting qfac to 1
2025-06-14 05:08:55,225 - INFO - pixdim[0] (qfac) should be 1 (default) or -1; setting qfac to 1
2025-06-14 05:08:55,418 - ERROR - Error loading /mnt/beegfs/hellgate/home/rb194958e/Atlas_2/Training/Masks/sub-r010s004_ses-1_space-MNI152NLin2009aSym_label-L_desc-T1lesion_mask.nii.gz: 'images' must have either 3 or 4 dimensions.
2025-06-14 05:08:55,777 - ERROR - Error loading /mnt/beegfs/hellgate/home/rb194958e/Atlas_2/Training/Images/sub-r004s003_ses-1_space-MNI152NLin2009aSym_T1w.nii.gz: 'images' must have either 3 or 4 dimensions.
pixdim[0] (qfac) should be 1 (default) or -1; setting qfac to 1
2025-06-14 05:08:55,788 - INFO - pixdim[0] (qfac) should be 1 (default) or -1; setting qfac to 1
2025-06-14 05:08:55,983 - ERROR - Error loading /mnt/beegfs/hellgate/home/rb194958e/Atlas_2/Training/Masks/sub-r004s003_ses-1_space-MNI152NLin2009aSym_label-L_desc-T1lesion_mask.nii.gz: 'images' must have either 3 or 4 dimensions.
2025-06-14 05:08:56,343 - ERROR - Error loading /mnt/beegfs/hellgate/home/rb194958e/Atlas_2/Training/Images/sub-r046s008_ses-1_space-MNI152NLin2009aSym_T1w.nii.gz: 'images' must have either 3 or 4 dimensions.
pixdim[0] (qfac) should be 1 (default) or -1; setting qfac to 1
2025-06-14 05:08:56,355 - INFO - pixdim[0] (qfac) should be 1 (default) or -1; setting qfac to 1
2025-06-14 05:08:56,548 - ERROR - Error loading /mnt/beegfs/hellgate/home/rb194958e/Atlas_2/Training/Masks/sub-r046s008_ses-1_space-MNI152NLin2009aSym_label-L_desc-T1lesion_mask.nii.gz: 'images' must have either 3 or 4 dimensions.
2025-06-14 05:08:56,897 - ERROR - Error loading /mnt/beegfs/hellgate/home/rb194958e/Atlas_2/Training/Images/sub-r042s032_ses-1_space-MNI152NLin2009aSym_T1w.nii.gz: 'images' must have either 3 or 4 dimensions.
pixdim[0] (qfac) should be 1 (default) or -1; setting qfac to 1
2025-06-14 05:08:56,907 - INFO - pixdim[0] (qfac) should be 1 (default) or -1; setting qfac to 1
2025-06-14 05:08:57,104 - ERROR - Error loading /mnt/beegfs/hellgate/home/rb194958e/Atlas_2/Training/Masks/sub-r042s032_ses-1_space-MNI152NLin2009aSym_label-L_desc-T1lesion_mask.nii.gz: 'images' must have either 3 or 4 dimensions.
2025-06-14 05:08:57,453 - ERROR - Error loading /mnt/beegfs/hellgate/home/rb194958e/Atlas_2/Training/Images/sub-r002s003_ses-1_space-MNI152NLin2009aSym_T1w.nii.gz: 'images' must have either 3 or 4 dimensions.
pixdim[0] (qfac) should be 1 (default) or -1; setting qfac to 1
2025-06-14 05:08:57,464 - INFO - pixdim[0] (qfac) should be 1 (default) or -1; setting qfac to 1
2025-06-14 05:08:57,658 - ERROR - Error loading /mnt/beegfs/hellgate/home/rb194958e/Atlas_2/Training/Masks/sub-r002s003_ses-1_space-MNI152NLin2009aSym_label-L_desc-T1lesion_mask.nii.gz: 'images' must have either 3 or 4 dimensions.
2025-06-14 05:08:58,000 - ERROR - Error loading /mnt/beegfs/hellgate/home/rb194958e/Atlas_2/Training/Images/sub-r040s010_ses-1_space-MNI152NLin2009aSym_T1w.nii.gz: 'images' must have either 3 or 4 dimensions.
pixdim[0] (qfac) should be 1 (default) or -1; setting qfac to 1
2025-06-14 05:08:58,010 - INFO - pixdim[0] (qfac) should be 1 (default) or -1; setting qfac to 1
2025-06-14 05:08:58,208 - ERROR - Error loading /mnt/beegfs/hellgate/home/rb194958e/Atlas_2/Training/Masks/sub-r040s010_ses-1_space-MNI152NLin2009aSym_label-L_desc-T1lesion_mask.nii.gz: 'images' must have either 3 or 4 dimensions.
2025-06-14 05:08:58,559 - ERROR - Error loading /mnt/beegfs/hellgate/home/rb194958e/Atlas_2/Training/Images/sub-r040s008_ses-1_space-MNI152NLin2009aSym_T1w.nii.gz: 'images' must have either 3 or 4 dimensions.
pixdim[0] (qfac) should be 1 (default) or -1; setting qfac to 1
2025-06-14 05:08:58,571 - INFO - pixdim[0] (qfac) should be 1 (default) or -1; setting qfac to 1
2025-06-14 05:08:58,766 - ERROR - Error loading /mnt/beegfs/hellgate/home/rb194958e/Atlas_2/Training/Masks/sub-r040s008_ses-1_space-MNI152NLin2009aSym_label-L_desc-T1lesion_mask.nii.gz: 'images' must have either 3 or 4 dimensions.
2025-06-14 05:08:59,161 - ERROR - Error loading /mnt/beegfs/hellgate/home/rb194958e/Atlas_2/Training/Images/sub-r011s026_ses-1_space-MNI152NLin2009aSym_T1w.nii.gz: 'images' must have either 3 or 4 dimensions.
pixdim[0] (qfac) should be 1 (default) or -1; setting qfac to 1
2025-06-14 05:08:59,170 - INFO - pixdim[0] (qfac) should be 1 (default) or -1; setting qfac to 1
2025-06-14 05:08:59,369 - ERROR - Error loading /mnt/beegfs/hellgate/home/rb194958e/Atlas_2/Training/Masks/sub-r011s026_ses-1_space-MNI152NLin2009aSym_label-L_desc-T1lesion_mask.nii.gz: 'images' must have either 3 or 4 dimensions.
2025-06-14 05:08:59,795 - ERROR - Error loading /mnt/beegfs/hellgate/home/rb194958e/Atlas_2/Training/Images/sub-r040s059_ses-1_space-MNI152NLin2009aSym_T1w.nii.gz: 'images' must have either 3 or 4 dimensions.
pixdim[0] (qfac) should be 1 (default) or -1; setting qfac to 1
2025-06-14 05:08:59,806 - INFO - pixdim[0] (qfac) should be 1 (default) or -1; setting qfac to 1
2025-06-14 05:08:59,999 - ERROR - Error loading /mnt/beegfs/hellgate/home/rb194958e/Atlas_2/Training/Masks/sub-r040s059_ses-1_space-MNI152NLin2009aSym_label-L_desc-T1lesion_mask.nii.gz: 'images' must have either 3 or 4 dimensions.
2025-06-14 05:09:00,345 - ERROR - Error loading /mnt/beegfs/hellgate/home/rb194958e/Atlas_2/Training/Images/sub-r034s025_ses-1_space-MNI152NLin2009aSym_T1w.nii.gz: 'images' must have either 3 or 4 dimensions.
pixdim[0] (qfac) should be 1 (default) or -1; setting qfac to 1
2025-06-14 05:09:00,355 - INFO - pixdim[0] (qfac) should be 1 (default) or -1; setting qfac to 1
2025-06-14 05:09:00,555 - ERROR - Error loading /mnt/beegfs/hellgate/home/rb194958e/Atlas_2/Training/Masks/sub-r034s025_ses-1_space-MNI152NLin2009aSym_label-L_desc-T1lesion_mask.nii.gz: 'images' must have either 3 or 4 dimensions.
2025-06-14 05:09:00,908 - ERROR - Error loading /mnt/beegfs/hellgate/home/rb194958e/Atlas_2/Training/Images/sub-r038s043_ses-1_space-MNI152NLin2009aSym_T1w.nii.gz: 'images' must have either 3 or 4 dimensions.
pixdim[0] (qfac) should be 1 (default) or -1; setting qfac to 1
2025-06-14 05:09:00,920 - INFO - pixdim[0] (qfac) should be 1 (default) or -1; setting qfac to 1
2025-06-14 05:09:01,111 - ERROR - Error loading /mnt/beegfs/hellgate/home/rb194958e/Atlas_2/Training/Masks/sub-r038s043_ses-1_space-MNI152NLin2009aSym_label-L_desc-T1lesion_mask.nii.gz: 'images' must have either 3 or 4 dimensions.
2025-06-14 05:09:01,483 - ERROR - Error loading /mnt/beegfs/hellgate/home/rb194958e/Atlas_2/Training/Images/sub-r005s070_ses-1_space-MNI152NLin2009aSym_T1w.nii.gz: 'images' must have either 3 or 4 dimensions.
pixdim[0] (qfac) should be 1 (default) or -1; setting qfac to 1
2025-06-14 05:09:01,494 - INFO - pixdim[0] (qfac) should be 1 (default) or -1; setting qfac to 1
2025-06-14 05:09:01,692 - ERROR - Error loading /mnt/beegfs/hellgate/home/rb194958e/Atlas_2/Training/Masks/sub-r005s070_ses-1_space-MNI152NLin2009aSym_label-L_desc-T1lesion_mask.nii.gz: 'images' must have either 3 or 4 dimensions.
2025-06-14 05:09:02,047 - ERROR - Error loading /mnt/beegfs/hellgate/home/rb194958e/Atlas_2/Training/Images/sub-r009s016_ses-1_space-MNI152NLin2009aSym_T1w.nii.gz: 'images' must have either 3 or 4 dimensions.
pixdim[0] (qfac) should be 1 (default) or -1; setting qfac to 1
2025-06-14 05:09:02,058 - INFO - pixdim[0] (qfac) should be 1 (default) or -1; setting qfac to 1
2025-06-14 05:09:02,251 - ERROR - Error loading /mnt/beegfs/hellgate/home/rb194958e/Atlas_2/Training/Masks/sub-r009s016_ses-1_space-MNI152NLin2009aSym_label-L_desc-T1lesion_mask.nii.gz: 'images' must have either 3 or 4 dimensions.
2025-06-14 05:09:02,629 - ERROR - Error loading /mnt/beegfs/hellgate/home/rb194958e/Atlas_2/Training/Images/sub-r005s068_ses-1_space-MNI152NLin2009aSym_T1w.nii.gz: 'images' must have either 3 or 4 dimensions.
pixdim[0] (qfac) should be 1 (default) or -1; setting qfac to 1
2025-06-14 05:09:02,639 - INFO - pixdim[0] (qfac) should be 1 (default) or -1; setting qfac to 1
2025-06-14 05:09:02,836 - ERROR - Error loading /mnt/beegfs/hellgate/home/rb194958e/Atlas_2/Training/Masks/sub-r005s068_ses-1_space-MNI152NLin2009aSym_label-L_desc-T1lesion_mask.nii.gz: 'images' must have either 3 or 4 dimensions.
2025-06-14 05:09:03,172 - ERROR - Error loading /mnt/beegfs/hellgate/home/rb194958e/Atlas_2/Training/Images/sub-r009s107_ses-1_space-MNI152NLin2009aSym_T1w.nii.gz: 'images' must have either 3 or 4 dimensions.
pixdim[0] (qfac) should be 1 (default) or -1; setting qfac to 1
2025-06-14 05:09:03,182 - INFO - pixdim[0] (qfac) should be 1 (default) or -1; setting qfac to 1
2025-06-14 05:09:03,376 - ERROR - Error loading /mnt/beegfs/hellgate/home/rb194958e/Atlas_2/Training/Masks/sub-r009s107_ses-1_space-MNI152NLin2009aSym_label-L_desc-T1lesion_mask.nii.gz: 'images' must have either 3 or 4 dimensions.
2025-06-14 05:09:03,731 - ERROR - Error loading /mnt/beegfs/hellgate/home/rb194958e/Atlas_2/Training/Images/sub-r024s018_ses-1_space-MNI152NLin2009aSym_T1w.nii.gz: 'images' must have either 3 or 4 dimensions.
pixdim[0] (qfac) should be 1 (default) or -1; setting qfac to 1
2025-06-14 05:09:03,740 - INFO - pixdim[0] (qfac) should be 1 (default) or -1; setting qfac to 1
2025-06-14 05:09:03,939 - ERROR - Error loading /mnt/beegfs/hellgate/home/rb194958e/Atlas_2/Training/Masks/sub-r024s018_ses-1_space-MNI152NLin2009aSym_label-L_desc-T1lesion_mask.nii.gz: 'images' must have either 3 or 4 dimensions.
2025-06-14 05:09:04,300 - ERROR - Error loading /mnt/beegfs/hellgate/home/rb194958e/Atlas_2/Training/Images/sub-r001s003_ses-1_space-MNI152NLin2009aSym_T1w.nii.gz: 'images' must have either 3 or 4 dimensions.
pixdim[0] (qfac) should be 1 (default) or -1; setting qfac to 1
2025-06-14 05:09:04,311 - INFO - pixdim[0] (qfac) should be 1 (default) or -1; setting qfac to 1
2025-06-14 05:09:04,510 - ERROR - Error loading /mnt/beegfs/hellgate/home/rb194958e/Atlas_2/Training/Masks/sub-r001s003_ses-1_space-MNI152NLin2009aSym_label-L_desc-T1lesion_mask.nii.gz: 'images' must have either 3 or 4 dimensions.
2025-06-14 05:09:04,817 - ERROR - Error loading /mnt/beegfs/hellgate/home/rb194958e/Atlas_2/Training/Images/sub-r028s008_ses-1_space-MNI152NLin2009aSym_T1w.nii.gz: 'images' must have either 3 or 4 dimensions.
pixdim[0] (qfac) should be 1 (default) or -1; setting qfac to 1
2025-06-14 05:09:04,827 - INFO - pixdim[0] (qfac) should be 1 (default) or -1; setting qfac to 1
2025-06-14 05:09:05,019 - ERROR - Error loading /mnt/beegfs/hellgate/home/rb194958e/Atlas_2/Training/Masks/sub-r028s008_ses-1_space-MNI152NLin2009aSym_label-L_desc-T1lesion_mask.nii.gz: 'images' must have either 3 or 4 dimensions.
2025-06-14 05:09:05,369 - ERROR - Error loading /mnt/beegfs/hellgate/home/rb194958e/Atlas_2/Training/Images/sub-r009s031_ses-1_space-MNI152NLin2009aSym_T1w.nii.gz: 'images' must have either 3 or 4 dimensions.
pixdim[0] (qfac) should be 1 (default) or -1; setting qfac to 1
2025-06-14 05:09:05,380 - INFO - pixdim[0] (qfac) should be 1 (default) or -1; setting qfac to 1
2025-06-14 05:09:05,579 - ERROR - Error loading /mnt/beegfs/hellgate/home/rb194958e/Atlas_2/Training/Masks/sub-r009s031_ses-1_space-MNI152NLin2009aSym_label-L_desc-T1lesion_mask.nii.gz: 'images' must have either 3 or 4 dimensions.
2025-06-14 05:09:05,939 - ERROR - Error loading /mnt/beegfs/hellgate/home/rb194958e/Atlas_2/Training/Images/sub-r009s029_ses-1_space-MNI152NLin2009aSym_T1w.nii.gz: 'images' must have either 3 or 4 dimensions.
pixdim[0] (qfac) should be 1 (default) or -1; setting qfac to 1
2025-06-14 05:09:05,950 - INFO - pixdim[0] (qfac) should be 1 (default) or -1; setting qfac to 1
2025-06-14 05:09:06,149 - ERROR - Error loading /mnt/beegfs/hellgate/home/rb194958e/Atlas_2/Training/Masks/sub-r009s029_ses-1_space-MNI152NLin2009aSym_label-L_desc-T1lesion_mask.nii.gz: 'images' must have either 3 or 4 dimensions.
2025-06-14 05:09:06,501 - ERROR - Error loading /mnt/beegfs/hellgate/home/rb194958e/Atlas_2/Training/Images/sub-r047s044_ses-1_space-MNI152NLin2009aSym_T1w.nii.gz: 'images' must have either 3 or 4 dimensions.
pixdim[0] (qfac) should be 1 (default) or -1; setting qfac to 1
2025-06-14 05:09:06,512 - INFO - pixdim[0] (qfac) should be 1 (default) or -1; setting qfac to 1
2025-06-14 05:09:06,705 - ERROR - Error loading /mnt/beegfs/hellgate/home/rb194958e/Atlas_2/Training/Masks/sub-r047s044_ses-1_space-MNI152NLin2009aSym_label-L_desc-T1lesion_mask.nii.gz: 'images' must have either 3 or 4 dimensions.
2025-06-14 05:09:07,101 - ERROR - Error loading /mnt/beegfs/hellgate/home/rb194958e/Atlas_2/Training/Images/sub-r001s024_ses-1_space-MNI152NLin2009aSym_T1w.nii.gz: 'images' must have either 3 or 4 dimensions.
pixdim[0] (qfac) should be 1 (default) or -1; setting qfac to 1
2025-06-14 05:09:07,112 - INFO - pixdim[0] (qfac) should be 1 (default) or -1; setting qfac to 1
2025-06-14 05:09:07,310 - ERROR - Error loading /mnt/beegfs/hellgate/home/rb194958e/Atlas_2/Training/Masks/sub-r001s024_ses-1_space-MNI152NLin2009aSym_label-L_desc-T1lesion_mask.nii.gz: 'images' must have either 3 or 4 dimensions.
2025-06-14 05:09:07,662 - ERROR - Error loading /mnt/beegfs/hellgate/home/rb194958e/Atlas_2/Training/Images/sub-r009s060_ses-1_space-MNI152NLin2009aSym_T1w.nii.gz: 'images' must have either 3 or 4 dimensions.
pixdim[0] (qfac) should be 1 (default) or -1; setting qfac to 1
2025-06-14 05:09:07,674 - INFO - pixdim[0] (qfac) should be 1 (default) or -1; setting qfac to 1
2025-06-14 05:09:07,867 - ERROR - Error loading /mnt/beegfs/hellgate/home/rb194958e/Atlas_2/Training/Masks/sub-r009s060_ses-1_space-MNI152NLin2009aSym_label-L_desc-T1lesion_mask.nii.gz: 'images' must have either 3 or 4 dimensions.
pixdim[0] (qfac) should be 1 (default) or -1; setting qfac to 1
2025-06-14 05:09:07,942 - INFO - pixdim[0] (qfac) should be 1 (default) or -1; setting qfac to 1
2025-06-14 05:09:08,269 - ERROR - Error loading /mnt/beegfs/hellgate/home/rb194958e/Atlas_2/Training/Images/sub-r009s078_ses-1_space-MNI152NLin2009aSym_T1w.nii.gz: 'images' must have either 3 or 4 dimensions.
pixdim[0] (qfac) should be 1 (default) or -1; setting qfac to 1
2025-06-14 05:09:08,279 - INFO - pixdim[0] (qfac) should be 1 (default) or -1; setting qfac to 1
2025-06-14 05:09:08,476 - ERROR - Error loading /mnt/beegfs/hellgate/home/rb194958e/Atlas_2/Training/Masks/sub-r009s078_ses-1_space-MNI152NLin2009aSym_label-L_desc-T1lesion_mask.nii.gz: 'images' must have either 3 or 4 dimensions.
2025-06-14 05:09:08,836 - ERROR - Error loading /mnt/beegfs/hellgate/home/rb194958e/Atlas_2/Training/Images/sub-r047s015_ses-1_space-MNI152NLin2009aSym_T1w.nii.gz: 'images' must have either 3 or 4 dimensions.
pixdim[0] (qfac) should be 1 (default) or -1; setting qfac to 1
2025-06-14 05:09:08,846 - INFO - pixdim[0] (qfac) should be 1 (default) or -1; setting qfac to 1
2025-06-14 05:09:09,040 - ERROR - Error loading /mnt/beegfs/hellgate/home/rb194958e/Atlas_2/Training/Masks/sub-r047s015_ses-1_space-MNI152NLin2009aSym_label-L_desc-T1lesion_mask.nii.gz: 'images' must have either 3 or 4 dimensions.
2025-06-14 05:09:09,394 - ERROR - Error loading /mnt/beegfs/hellgate/home/rb194958e/Atlas_2/Training/Images/sub-r009s120_ses-1_space-MNI152NLin2009aSym_T1w.nii.gz: 'images' must have either 3 or 4 dimensions.
pixdim[0] (qfac) should be 1 (default) or -1; setting qfac to 1
2025-06-14 05:09:09,404 - INFO - pixdim[0] (qfac) should be 1 (default) or -1; setting qfac to 1
2025-06-14 05:09:09,602 - ERROR - Error loading /mnt/beegfs/hellgate/home/rb194958e/Atlas_2/Training/Masks/sub-r009s120_ses-1_space-MNI152NLin2009aSym_label-L_desc-T1lesion_mask.nii.gz: 'images' must have either 3 or 4 dimensions.
2025-06-14 05:09:09,962 - ERROR - Error loading /mnt/beegfs/hellgate/home/rb194958e/Atlas_2/Training/Images/sub-r038s097_ses-1_space-MNI152NLin2009aSym_T1w.nii.gz: 'images' must have either 3 or 4 dimensions.
pixdim[0] (qfac) should be 1 (default) or -1; setting qfac to 1
2025-06-14 05:09:09,973 - INFO - pixdim[0] (qfac) should be 1 (default) or -1; setting qfac to 1
2025-06-14 05:09:10,171 - ERROR - Error loading /mnt/beegfs/hellgate/home/rb194958e/Atlas_2/Training/Masks/sub-r038s097_ses-1_space-MNI152NLin2009aSym_label-L_desc-T1lesion_mask.nii.gz: 'images' must have either 3 or 4 dimensions.
2025-06-14 05:09:10,592 - ERROR - Error loading /mnt/beegfs/hellgate/home/rb194958e/Atlas_2/Training/Images/sub-r040s037_ses-1_space-MNI152NLin2009aSym_T1w.nii.gz: 'images' must have either 3 or 4 dimensions.
pixdim[0] (qfac) should be 1 (default) or -1; setting qfac to 1
2025-06-14 05:09:10,603 - INFO - pixdim[0] (qfac) should be 1 (default) or -1; setting qfac to 1
2025-06-14 05:09:10,791 - ERROR - Error loading /mnt/beegfs/hellgate/home/rb194958e/Atlas_2/Training/Masks/sub-r040s037_ses-1_space-MNI152NLin2009aSym_label-L_desc-T1lesion_mask.nii.gz: 'images' must have either 3 or 4 dimensions.
pixdim[0] (qfac) should be 1 (default) or -1; setting qfac to 1
2025-06-14 05:09:10,869 - INFO - pixdim[0] (qfac) should be 1 (default) or -1; setting qfac to 1
2025-06-14 05:09:11,182 - ERROR - Error loading /mnt/beegfs/hellgate/home/rb194958e/Atlas_2/Training/Images/sub-r038s035_ses-1_space-MNI152NLin2009aSym_T1w.nii.gz: 'images' must have either 3 or 4 dimensions.
pixdim[0] (qfac) should be 1 (default) or -1; setting qfac to 1
2025-06-14 05:09:11,193 - INFO - pixdim[0] (qfac) should be 1 (default) or -1; setting qfac to 1
2025-06-14 05:09:11,386 - ERROR - Error loading /mnt/beegfs/hellgate/home/rb194958e/Atlas_2/Training/Masks/sub-r038s035_ses-1_space-MNI152NLin2009aSym_label-L_desc-T1lesion_mask.nii.gz: 'images' must have either 3 or 4 dimensions.
2025-06-14 05:09:11,751 - ERROR - Error loading /mnt/beegfs/hellgate/home/rb194958e/Atlas_2/Training/Images/sub-r038s064_ses-1_space-MNI152NLin2009aSym_T1w.nii.gz: 'images' must have either 3 or 4 dimensions.
pixdim[0] (qfac) should be 1 (default) or -1; setting qfac to 1
2025-06-14 05:09:11,762 - INFO - pixdim[0] (qfac) should be 1 (default) or -1; setting qfac to 1
2025-06-14 05:09:11,960 - ERROR - Error loading /mnt/beegfs/hellgate/home/rb194958e/Atlas_2/Training/Masks/sub-r038s064_ses-1_space-MNI152NLin2009aSym_label-L_desc-T1lesion_mask.nii.gz: 'images' must have either 3 or 4 dimensions.
2025-06-14 05:09:12,372 - ERROR - Error loading /mnt/beegfs/hellgate/home/rb194958e/Atlas_2/Training/Images/sub-r048s022_ses-1_space-MNI152NLin2009aSym_T1w.nii.gz: 'images' must have either 3 or 4 dimensions.
pixdim[0] (qfac) should be 1 (default) or -1; setting qfac to 1
2025-06-14 05:09:12,383 - INFO - pixdim[0] (qfac) should be 1 (default) or -1; setting qfac to 1
2025-06-14 05:09:12,576 - ERROR - Error loading /mnt/beegfs/hellgate/home/rb194958e/Atlas_2/Training/Masks/sub-r048s022_ses-1_space-MNI152NLin2009aSym_label-L_desc-T1lesion_mask.nii.gz: 'images' must have either 3 or 4 dimensions.
2025-06-14 05:09:12,983 - ERROR - Error loading /mnt/beegfs/hellgate/home/rb194958e/Atlas_2/Training/Images/sub-r011s001_ses-1_space-MNI152NLin2009aSym_T1w.nii.gz: 'images' must have either 3 or 4 dimensions.
pixdim[0] (qfac) should be 1 (default) or -1; setting qfac to 1
2025-06-14 05:09:12,993 - INFO - pixdim[0] (qfac) should be 1 (default) or -1; setting qfac to 1
2025-06-14 05:09:13,191 - ERROR - Error loading /mnt/beegfs/hellgate/home/rb194958e/Atlas_2/Training/Masks/sub-r011s001_ses-1_space-MNI152NLin2009aSym_label-L_desc-T1lesion_mask.nii.gz: 'images' must have either 3 or 4 dimensions.
2025-06-14 05:09:13,611 - ERROR - Error loading /mnt/beegfs/hellgate/home/rb194958e/Atlas_2/Training/Images/sub-r011s019_ses-1_space-MNI152NLin2009aSym_T1w.nii.gz: 'images' must have either 3 or 4 dimensions.
pixdim[0] (qfac) should be 1 (default) or -1; setting qfac to 1
2025-06-14 05:09:13,621 - INFO - pixdim[0] (qfac) should be 1 (default) or -1; setting qfac to 1
2025-06-14 05:09:13,816 - ERROR - Error loading /mnt/beegfs/hellgate/home/rb194958e/Atlas_2/Training/Masks/sub-r011s019_ses-1_space-MNI152NLin2009aSym_label-L_desc-T1lesion_mask.nii.gz: 'images' must have either 3 or 4 dimensions.
2025-06-14 05:09:14,152 - ERROR - Error loading /mnt/beegfs/hellgate/home/rb194958e/Atlas_2/Training/Images/sub-r009s093_ses-1_space-MNI152NLin2009aSym_T1w.nii.gz: 'images' must have either 3 or 4 dimensions.
pixdim[0] (qfac) should be 1 (default) or -1; setting qfac to 1
2025-06-14 05:09:14,161 - INFO - pixdim[0] (qfac) should be 1 (default) or -1; setting qfac to 1
2025-06-14 05:09:14,360 - ERROR - Error loading /mnt/beegfs/hellgate/home/rb194958e/Atlas_2/Training/Masks/sub-r009s093_ses-1_space-MNI152NLin2009aSym_label-L_desc-T1lesion_mask.nii.gz: 'images' must have either 3 or 4 dimensions.
2025-06-14 05:09:14,713 - ERROR - Error loading /mnt/beegfs/hellgate/home/rb194958e/Atlas_2/Training/Images/sub-r004s024_ses-1_space-MNI152NLin2009aSym_T1w.nii.gz: 'images' must have either 3 or 4 dimensions.
pixdim[0] (qfac) should be 1 (default) or -1; setting qfac to 1
2025-06-14 05:09:14,724 - INFO - pixdim[0] (qfac) should be 1 (default) or -1; setting qfac to 1
2025-06-14 05:09:14,917 - ERROR - Error loading /mnt/beegfs/hellgate/home/rb194958e/Atlas_2/Training/Masks/sub-r004s024_ses-1_space-MNI152NLin2009aSym_label-L_desc-T1lesion_mask.nii.gz: 'images' must have either 3 or 4 dimensions.
2025-06-14 05:09:15,303 - ERROR - Error loading /mnt/beegfs/hellgate/home/rb194958e/Atlas_2/Training/Images/sub-r042s015_ses-1_space-MNI152NLin2009aSym_T1w.nii.gz: 'images' must have either 3 or 4 dimensions.
pixdim[0] (qfac) should be 1 (default) or -1; setting qfac to 1
2025-06-14 05:09:15,312 - INFO - pixdim[0] (qfac) should be 1 (default) or -1; setting qfac to 1
2025-06-14 05:09:15,510 - ERROR - Error loading /mnt/beegfs/hellgate/home/rb194958e/Atlas_2/Training/Masks/sub-r042s015_ses-1_space-MNI152NLin2009aSym_label-L_desc-T1lesion_mask.nii.gz: 'images' must have either 3 or 4 dimensions.
2025-06-14 05:09:15,842 - ERROR - Error loading /mnt/beegfs/hellgate/home/rb194958e/Atlas_2/Training/Images/sub-r017s110_ses-1_space-MNI152NLin2009aSym_T1w.nii.gz: 'images' must have either 3 or 4 dimensions.
pixdim[0] (qfac) should be 1 (default) or -1; setting qfac to 1
2025-06-14 05:09:15,852 - INFO - pixdim[0] (qfac) should be 1 (default) or -1; setting qfac to 1
2025-06-14 05:09:16,043 - ERROR - Error loading /mnt/beegfs/hellgate/home/rb194958e/Atlas_2/Training/Masks/sub-r017s110_ses-1_space-MNI152NLin2009aSym_label-L_desc-T1lesion_mask.nii.gz: 'images' must have either 3 or 4 dimensions.
2025-06-14 05:09:16,399 - ERROR - Error loading /mnt/beegfs/hellgate/home/rb194958e/Atlas_2/Training/Images/sub-r003s006_ses-1_space-MNI152NLin2009aSym_T1w.nii.gz: 'images' must have either 3 or 4 dimensions.
pixdim[0] (qfac) should be 1 (default) or -1; setting qfac to 1
2025-06-14 05:09:16,409 - INFO - pixdim[0] (qfac) should be 1 (default) or -1; setting qfac to 1
2025-06-14 05:09:16,608 - ERROR - Error loading /mnt/beegfs/hellgate/home/rb194958e/Atlas_2/Training/Masks/sub-r003s006_ses-1_space-MNI152NLin2009aSym_label-L_desc-T1lesion_mask.nii.gz: 'images' must have either 3 or 4 dimensions.
2025-06-14 05:09:17,001 - ERROR - Error loading /mnt/beegfs/hellgate/home/rb194958e/Atlas_2/Training/Images/sub-r010s023_ses-1_space-MNI152NLin2009aSym_T1w.nii.gz: 'images' must have either 3 or 4 dimensions.
pixdim[0] (qfac) should be 1 (default) or -1; setting qfac to 1
2025-06-14 05:09:17,012 - INFO - pixdim[0] (qfac) should be 1 (default) or -1; setting qfac to 1
2025-06-14 05:09:17,212 - ERROR - Error loading /mnt/beegfs/hellgate/home/rb194958e/Atlas_2/Training/Masks/sub-r010s023_ses-1_space-MNI152NLin2009aSym_label-L_desc-T1lesion_mask.nii.gz: 'images' must have either 3 or 4 dimensions.
2025-06-14 05:09:17,525 - ERROR - Error loading /mnt/beegfs/hellgate/home/rb194958e/Atlas_2/Training/Images/sub-r031s002_ses-1_space-MNI152NLin2009aSym_T1w.nii.gz: 'images' must have either 3 or 4 dimensions.
pixdim[0] (qfac) should be 1 (default) or -1; setting qfac to 1
2025-06-14 05:09:17,535 - INFO - pixdim[0] (qfac) should be 1 (default) or -1; setting qfac to 1
2025-06-14 05:09:17,727 - ERROR - Error loading /mnt/beegfs/hellgate/home/rb194958e/Atlas_2/Training/Masks/sub-r031s002_ses-1_space-MNI152NLin2009aSym_label-L_desc-T1lesion_mask.nii.gz: 'images' must have either 3 or 4 dimensions.
2025-06-14 05:09:18,056 - ERROR - Error loading /mnt/beegfs/hellgate/home/rb194958e/Atlas_2/Training/Images/sub-r049s018_ses-1_space-MNI152NLin2009aSym_T1w.nii.gz: 'images' must have either 3 or 4 dimensions.
pixdim[0] (qfac) should be 1 (default) or -1; setting qfac to 1
2025-06-14 05:09:18,067 - INFO - pixdim[0] (qfac) should be 1 (default) or -1; setting qfac to 1
2025-06-14 05:09:18,267 - ERROR - Error loading /mnt/beegfs/hellgate/home/rb194958e/Atlas_2/Training/Masks/sub-r049s018_ses-1_space-MNI152NLin2009aSym_label-L_desc-T1lesion_mask.nii.gz: 'images' must have either 3 or 4 dimensions.
2025-06-14 05:09:18,587 - ERROR - Error loading /mnt/beegfs/hellgate/home/rb194958e/Atlas_2/Training/Images/sub-r031s035_ses-1_space-MNI152NLin2009aSym_T1w.nii.gz: 'images' must have either 3 or 4 dimensions.
pixdim[0] (qfac) should be 1 (default) or -1; setting qfac to 1
2025-06-14 05:09:18,596 - INFO - pixdim[0] (qfac) should be 1 (default) or -1; setting qfac to 1
2025-06-14 05:09:18,787 - ERROR - Error loading /mnt/beegfs/hellgate/home/rb194958e/Atlas_2/Training/Masks/sub-r031s035_ses-1_space-MNI152NLin2009aSym_label-L_desc-T1lesion_mask.nii.gz: 'images' must have either 3 or 4 dimensions.
2025-06-14 05:09:19,109 - ERROR - Error loading /mnt/beegfs/hellgate/home/rb194958e/Atlas_2/Training/Images/sub-r052s007_ses-1_space-MNI152NLin2009aSym_T1w.nii.gz: 'images' must have either 3 or 4 dimensions.
pixdim[0] (qfac) should be 1 (default) or -1; setting qfac to 1
2025-06-14 05:09:19,120 - INFO - pixdim[0] (qfac) should be 1 (default) or -1; setting qfac to 1
2025-06-14 05:09:19,320 - ERROR - Error loading /mnt/beegfs/hellgate/home/rb194958e/Atlas_2/Training/Masks/sub-r052s007_ses-1_space-MNI152NLin2009aSym_label-L_desc-T1lesion_mask.nii.gz: 'images' must have either 3 or 4 dimensions.
2025-06-14 05:09:19,707 - ERROR - Error loading /mnt/beegfs/hellgate/home/rb194958e/Atlas_2/Training/Images/sub-r010s014_ses-1_space-MNI152NLin2009aSym_T1w.nii.gz: 'images' must have either 3 or 4 dimensions.
pixdim[0] (qfac) should be 1 (default) or -1; setting qfac to 1
2025-06-14 05:09:19,717 - INFO - pixdim[0] (qfac) should be 1 (default) or -1; setting qfac to 1
2025-06-14 05:09:19,909 - ERROR - Error loading /mnt/beegfs/hellgate/home/rb194958e/Atlas_2/Training/Masks/sub-r010s014_ses-1_space-MNI152NLin2009aSym_label-L_desc-T1lesion_mask.nii.gz: 'images' must have either 3 or 4 dimensions.
2025-06-14 05:09:20,251 - ERROR - Error loading /mnt/beegfs/hellgate/home/rb194958e/Atlas_2/Training/Images/sub-r018s001_ses-1_space-MNI152NLin2009aSym_T1w.nii.gz: 'images' must have either 3 or 4 dimensions.
pixdim[0] (qfac) should be 1 (default) or -1; setting qfac to 1
2025-06-14 05:09:20,262 - INFO - pixdim[0] (qfac) should be 1 (default) or -1; setting qfac to 1
2025-06-14 05:09:20,461 - ERROR - Error loading /mnt/beegfs/hellgate/home/rb194958e/Atlas_2/Training/Masks/sub-r018s001_ses-1_space-MNI152NLin2009aSym_label-L_desc-T1lesion_mask.nii.gz: 'images' must have either 3 or 4 dimensions.
2025-06-14 05:09:20,819 - ERROR - Error loading /mnt/beegfs/hellgate/home/rb194958e/Atlas_2/Training/Images/sub-r004s013_ses-1_space-MNI152NLin2009aSym_T1w.nii.gz: 'images' must have either 3 or 4 dimensions.
pixdim[0] (qfac) should be 1 (default) or -1; setting qfac to 1
2025-06-14 05:09:20,828 - INFO - pixdim[0] (qfac) should be 1 (default) or -1; setting qfac to 1
2025-06-14 05:09:21,019 - ERROR - Error loading /mnt/beegfs/hellgate/home/rb194958e/Atlas_2/Training/Masks/sub-r004s013_ses-1_space-MNI152NLin2009aSym_label-L_desc-T1lesion_mask.nii.gz: 'images' must have either 3 or 4 dimensions.
2025-06-14 05:09:21,376 - ERROR - Error loading /mnt/beegfs/hellgate/home/rb194958e/Atlas_2/Training/Images/sub-r027s041_ses-1_space-MNI152NLin2009aSym_T1w.nii.gz: 'images' must have either 3 or 4 dimensions.
pixdim[0] (qfac) should be 1 (default) or -1; setting qfac to 1
2025-06-14 05:09:21,386 - INFO - pixdim[0] (qfac) should be 1 (default) or -1; setting qfac to 1
2025-06-14 05:09:21,585 - ERROR - Error loading /mnt/beegfs/hellgate/home/rb194958e/Atlas_2/Training/Masks/sub-r027s041_ses-1_space-MNI152NLin2009aSym_label-L_desc-T1lesion_mask.nii.gz: 'images' must have either 3 or 4 dimensions.
2025-06-14 05:09:21,990 - ERROR - Error loading /mnt/beegfs/hellgate/home/rb194958e/Atlas_2/Training/Images/sub-r040s051_ses-1_space-MNI152NLin2009aSym_T1w.nii.gz: 'images' must have either 3 or 4 dimensions.
pixdim[0] (qfac) should be 1 (default) or -1; setting qfac to 1
2025-06-14 05:09:21,999 - INFO - pixdim[0] (qfac) should be 1 (default) or -1; setting qfac to 1
2025-06-14 05:09:22,191 - ERROR - Error loading /mnt/beegfs/hellgate/home/rb194958e/Atlas_2/Training/Masks/sub-r040s051_ses-1_space-MNI152NLin2009aSym_label-L_desc-T1lesion_mask.nii.gz: 'images' must have either 3 or 4 dimensions.
2025-06-14 05:09:22,617 - ERROR - Error loading /mnt/beegfs/hellgate/home/rb194958e/Atlas_2/Training/Images/sub-r048s015_ses-1_space-MNI152NLin2009aSym_T1w.nii.gz: 'images' must have either 3 or 4 dimensions.
pixdim[0] (qfac) should be 1 (default) or -1; setting qfac to 1
2025-06-14 05:09:22,630 - INFO - pixdim[0] (qfac) should be 1 (default) or -1; setting qfac to 1
2025-06-14 05:09:22,825 - ERROR - Error loading /mnt/beegfs/hellgate/home/rb194958e/Atlas_2/Training/Masks/sub-r048s015_ses-1_space-MNI152NLin2009aSym_label-L_desc-T1lesion_mask.nii.gz: 'images' must have either 3 or 4 dimensions.
2025-06-14 05:09:23,239 - ERROR - Error loading /mnt/beegfs/hellgate/home/rb194958e/Atlas_2/Training/Images/sub-r040s049_ses-1_space-MNI152NLin2009aSym_T1w.nii.gz: 'images' must have either 3 or 4 dimensions.
pixdim[0] (qfac) should be 1 (default) or -1; setting qfac to 1
2025-06-14 05:09:23,249 - INFO - pixdim[0] (qfac) should be 1 (default) or -1; setting qfac to 1
2025-06-14 05:09:23,441 - ERROR - Error loading /mnt/beegfs/hellgate/home/rb194958e/Atlas_2/Training/Masks/sub-r040s049_ses-1_space-MNI152NLin2009aSym_label-L_desc-T1lesion_mask.nii.gz: 'images' must have either 3 or 4 dimensions.
2025-06-14 05:09:23,801 - ERROR - Error loading /mnt/beegfs/hellgate/home/rb194958e/Atlas_2/Training/Images/sub-r009s117_ses-1_space-MNI152NLin2009aSym_T1w.nii.gz: 'images' must have either 3 or 4 dimensions.
pixdim[0] (qfac) should be 1 (default) or -1; setting qfac to 1
2025-06-14 05:09:23,811 - INFO - pixdim[0] (qfac) should be 1 (default) or -1; setting qfac to 1
2025-06-14 05:09:24,011 - ERROR - Error loading /mnt/beegfs/hellgate/home/rb194958e/Atlas_2/Training/Masks/sub-r009s117_ses-1_space-MNI152NLin2009aSym_label-L_desc-T1lesion_mask.nii.gz: 'images' must have either 3 or 4 dimensions.
2025-06-14 05:09:24,381 - ERROR - Error loading /mnt/beegfs/hellgate/home/rb194958e/Atlas_2/Training/Images/sub-r024s008_ses-1_space-MNI152NLin2009aSym_T1w.nii.gz: 'images' must have either 3 or 4 dimensions.
pixdim[0] (qfac) should be 1 (default) or -1; setting qfac to 1
2025-06-14 05:09:24,391 - INFO - pixdim[0] (qfac) should be 1 (default) or -1; setting qfac to 1
2025-06-14 05:09:24,584 - ERROR - Error loading /mnt/beegfs/hellgate/home/rb194958e/Atlas_2/Training/Masks/sub-r024s008_ses-1_space-MNI152NLin2009aSym_label-L_desc-T1lesion_mask.nii.gz: 'images' must have either 3 or 4 dimensions.
2025-06-14 05:09:24,962 - ERROR - Error loading /mnt/beegfs/hellgate/home/rb194958e/Atlas_2/Training/Images/sub-r005s031_ses-1_space-MNI152NLin2009aSym_T1w.nii.gz: 'images' must have either 3 or 4 dimensions.
pixdim[0] (qfac) should be 1 (default) or -1; setting qfac to 1
2025-06-14 05:09:24,973 - INFO - pixdim[0] (qfac) should be 1 (default) or -1; setting qfac to 1
2025-06-14 05:09:25,166 - ERROR - Error loading /mnt/beegfs/hellgate/home/rb194958e/Atlas_2/Training/Masks/sub-r005s031_ses-1_space-MNI152NLin2009aSym_label-L_desc-T1lesion_mask.nii.gz: 'images' must have either 3 or 4 dimensions.
2025-06-14 05:09:25,574 - ERROR - Error loading /mnt/beegfs/hellgate/home/rb194958e/Atlas_2/Training/Images/sub-r001s013_ses-1_space-MNI152NLin2009aSym_T1w.nii.gz: 'images' must have either 3 or 4 dimensions.
pixdim[0] (qfac) should be 1 (default) or -1; setting qfac to 1
2025-06-14 05:09:25,585 - INFO - pixdim[0] (qfac) should be 1 (default) or -1; setting qfac to 1
2025-06-14 05:09:25,785 - ERROR - Error loading /mnt/beegfs/hellgate/home/rb194958e/Atlas_2/Training/Masks/sub-r001s013_ses-1_space-MNI152NLin2009aSym_label-L_desc-T1lesion_mask.nii.gz: 'images' must have either 3 or 4 dimensions.
2025-06-14 05:09:26,150 - ERROR - Error loading /mnt/beegfs/hellgate/home/rb194958e/Atlas_2/Training/Images/sub-r009s057_ses-1_space-MNI152NLin2009aSym_T1w.nii.gz: 'images' must have either 3 or 4 dimensions.
pixdim[0] (qfac) should be 1 (default) or -1; setting qfac to 1
2025-06-14 05:09:26,161 - INFO - pixdim[0] (qfac) should be 1 (default) or -1; setting qfac to 1
2025-06-14 05:09:26,354 - ERROR - Error loading /mnt/beegfs/hellgate/home/rb194958e/Atlas_2/Training/Masks/sub-r009s057_ses-1_space-MNI152NLin2009aSym_label-L_desc-T1lesion_mask.nii.gz: 'images' must have either 3 or 4 dimensions.
2025-06-14 05:09:26,740 - ERROR - Error loading /mnt/beegfs/hellgate/home/rb194958e/Atlas_2/Training/Images/sub-r009s006_ses-1_space-MNI152NLin2009aSym_T1w.nii.gz: 'images' must have either 3 or 4 dimensions.
pixdim[0] (qfac) should be 1 (default) or -1; setting qfac to 1
2025-06-14 05:09:26,749 - INFO - pixdim[0] (qfac) should be 1 (default) or -1; setting qfac to 1
2025-06-14 05:09:26,947 - ERROR - Error loading /mnt/beegfs/hellgate/home/rb194958e/Atlas_2/Training/Masks/sub-r009s006_ses-1_space-MNI152NLin2009aSym_label-L_desc-T1lesion_mask.nii.gz: 'images' must have either 3 or 4 dimensions.
2025-06-14 05:09:53,159 - ERROR - ❌ Training failed: Graph execution error:

Detected at node model/up_sampling3d_1/concat_1 defined at (most recent call last):
  File "/mnt/beegfs/hellgate/home/rb194958e/.conda/envs/tf215_env/lib/python3.11/threading.py", line 1002, in _bootstrap

  File "/mnt/beegfs/hellgate/home/rb194958e/.conda/envs/tf215_env/lib/python3.11/threading.py", line 1045, in _bootstrap_inner

  File "/mnt/beegfs/hellgate/home/rb194958e/.conda/envs/tf215_env/lib/python3.11/site-packages/keras/src/engine/training.py", line 1373, in run_step

  File "/mnt/beegfs/hellgate/home/rb194958e/.conda/envs/tf215_env/lib/python3.11/site-packages/keras/src/engine/training.py", line 1150, in train_step

  File "/mnt/beegfs/hellgate/home/rb194958e/.conda/envs/tf215_env/lib/python3.11/site-packages/keras/src/utils/traceback_utils.py", line 65, in error_handler

  File "/mnt/beegfs/hellgate/home/rb194958e/.conda/envs/tf215_env/lib/python3.11/site-packages/keras/src/engine/training.py", line 590, in __call__

  File "/mnt/beegfs/hellgate/home/rb194958e/.conda/envs/tf215_env/lib/python3.11/site-packages/keras/src/utils/traceback_utils.py", line 65, in error_handler

  File "/mnt/beegfs/hellgate/home/rb194958e/.conda/envs/tf215_env/lib/python3.11/site-packages/keras/src/engine/base_layer.py", line 1149, in __call__

  File "/mnt/beegfs/hellgate/home/rb194958e/.conda/envs/tf215_env/lib/python3.11/site-packages/keras/src/utils/traceback_utils.py", line 96, in error_handler

  File "/mnt/beegfs/hellgate/home/rb194958e/.conda/envs/tf215_env/lib/python3.11/site-packages/keras/src/engine/functional.py", line 515, in call

  File "/mnt/beegfs/hellgate/home/rb194958e/.conda/envs/tf215_env/lib/python3.11/site-packages/keras/src/engine/functional.py", line 672, in _run_internal_graph

  File "/mnt/beegfs/hellgate/home/rb194958e/.conda/envs/tf215_env/lib/python3.11/site-packages/keras/src/utils/traceback_utils.py", line 65, in error_handler

  File "/mnt/beegfs/hellgate/home/rb194958e/.conda/envs/tf215_env/lib/python3.11/site-packages/keras/src/engine/base_layer.py", line 1149, in __call__

  File "/mnt/beegfs/hellgate/home/rb194958e/.conda/envs/tf215_env/lib/python3.11/site-packages/keras/src/utils/traceback_utils.py", line 96, in error_handler

  File "/mnt/beegfs/hellgate/home/rb194958e/.conda/envs/tf215_env/lib/python3.11/site-packages/keras/src/layers/reshaping/up_sampling3d.py", line 124, in call

  File "/mnt/beegfs/hellgate/home/rb194958e/.conda/envs/tf215_env/lib/python3.11/site-packages/keras/src/backend.py", line 3740, in resize_volumes

  File "/mnt/beegfs/hellgate/home/rb194958e/.conda/envs/tf215_env/lib/python3.11/site-packages/keras/src/backend.py", line 3779, in repeat_elements

  File "/mnt/beegfs/hellgate/home/rb194958e/.conda/envs/tf215_env/lib/python3.11/site-packages/keras/src/backend.py", line 3580, in concatenate

Detected at node model/up_sampling3d_1/concat_1 defined at (most recent call last):
  File "/mnt/beegfs/hellgate/home/rb194958e/.conda/envs/tf215_env/lib/python3.11/threading.py", line 1002, in _bootstrap

  File "/mnt/beegfs/hellgate/home/rb194958e/.conda/envs/tf215_env/lib/python3.11/threading.py", line 1045, in _bootstrap_inner

  File "/mnt/beegfs/hellgate/home/rb194958e/.conda/envs/tf215_env/lib/python3.11/site-packages/keras/src/engine/training.py", line 1373, in run_step

  File "/mnt/beegfs/hellgate/home/rb194958e/.conda/envs/tf215_env/lib/python3.11/site-packages/keras/src/engine/training.py", line 1150, in train_step

  File "/mnt/beegfs/hellgate/home/rb194958e/.conda/envs/tf215_env/lib/python3.11/site-packages/keras/src/utils/traceback_utils.py", line 65, in error_handler

  File "/mnt/beegfs/hellgate/home/rb194958e/.conda/envs/tf215_env/lib/python3.11/site-packages/keras/src/engine/training.py", line 590, in __call__

  File "/mnt/beegfs/hellgate/home/rb194958e/.conda/envs/tf215_env/lib/python3.11/site-packages/keras/src/utils/traceback_utils.py", line 65, in error_handler

  File "/mnt/beegfs/hellgate/home/rb194958e/.conda/envs/tf215_env/lib/python3.11/site-packages/keras/src/engine/base_layer.py", line 1149, in __call__

  File "/mnt/beegfs/hellgate/home/rb194958e/.conda/envs/tf215_env/lib/python3.11/site-packages/keras/src/utils/traceback_utils.py", line 96, in error_handler

  File "/mnt/beegfs/hellgate/home/rb194958e/.conda/envs/tf215_env/lib/python3.11/site-packages/keras/src/engine/functional.py", line 515, in call

  File "/mnt/beegfs/hellgate/home/rb194958e/.conda/envs/tf215_env/lib/python3.11/site-packages/keras/src/engine/functional.py", line 672, in _run_internal_graph

  File "/mnt/beegfs/hellgate/home/rb194958e/.conda/envs/tf215_env/lib/python3.11/site-packages/keras/src/utils/traceback_utils.py", line 65, in error_handler

  File "/mnt/beegfs/hellgate/home/rb194958e/.conda/envs/tf215_env/lib/python3.11/site-packages/keras/src/engine/base_layer.py", line 1149, in __call__

  File "/mnt/beegfs/hellgate/home/rb194958e/.conda/envs/tf215_env/lib/python3.11/site-packages/keras/src/utils/traceback_utils.py", line 96, in error_handler

  File "/mnt/beegfs/hellgate/home/rb194958e/.conda/envs/tf215_env/lib/python3.11/site-packages/keras/src/layers/reshaping/up_sampling3d.py", line 124, in call

  File "/mnt/beegfs/hellgate/home/rb194958e/.conda/envs/tf215_env/lib/python3.11/site-packages/keras/src/backend.py", line 3740, in resize_volumes

  File "/mnt/beegfs/hellgate/home/rb194958e/.conda/envs/tf215_env/lib/python3.11/site-packages/keras/src/backend.py", line 3779, in repeat_elements

  File "/mnt/beegfs/hellgate/home/rb194958e/.conda/envs/tf215_env/lib/python3.11/site-packages/keras/src/backend.py", line 3580, in concatenate

2 root error(s) found.
  (0) RESOURCE_EXHAUSTED:  OOM when allocating tensor with shape[2,256,48,56,22] and type float on /job:localhost/replica:0/task:0/device:GPU:0 by allocator GPU_0_bfc
	 [[{{node model/up_sampling3d_1/concat_1}}]]
Hint: If you want to see a list of allocated tensors when OOM happens, add report_tensor_allocations_upon_oom to RunOptions for current allocation info. This isn't available when running in Eager mode.

	 [[div_no_nan/ReadVariableOp_1/_108]]
Hint: If you want to see a list of allocated tensors when OOM happens, add report_tensor_allocations_upon_oom to RunOptions for current allocation info. This isn't available when running in Eager mode.

  (1) RESOURCE_EXHAUSTED:  OOM when allocating tensor with shape[2,256,48,56,22] and type float on /job:localhost/replica:0/task:0/device:GPU:0 by allocator GPU_0_bfc
	 [[{{node model/up_sampling3d_1/concat_1}}]]
Hint: If you want to see a list of allocated tensors when OOM happens, add report_tensor_allocations_upon_oom to RunOptions for current allocation info. This isn't available when running in Eager mode.

0 successful operations.
0 derived errors ignored. [Op:__inference_train_function_22515]
2025-06-14 05:09:53,161 - ERROR - 💥 Training pipeline failed: Graph execution error:

Detected at node model/up_sampling3d_1/concat_1 defined at (most recent call last):
  File "/mnt/beegfs/hellgate/home/rb194958e/.conda/envs/tf215_env/lib/python3.11/threading.py", line 1002, in _bootstrap

  File "/mnt/beegfs/hellgate/home/rb194958e/.conda/envs/tf215_env/lib/python3.11/threading.py", line 1045, in _bootstrap_inner

  File "/mnt/beegfs/hellgate/home/rb194958e/.conda/envs/tf215_env/lib/python3.11/site-packages/keras/src/engine/training.py", line 1373, in run_step

  File "/mnt/beegfs/hellgate/home/rb194958e/.conda/envs/tf215_env/lib/python3.11/site-packages/keras/src/engine/training.py", line 1150, in train_step

  File "/mnt/beegfs/hellgate/home/rb194958e/.conda/envs/tf215_env/lib/python3.11/site-packages/keras/src/utils/traceback_utils.py", line 65, in error_handler

  File "/mnt/beegfs/hellgate/home/rb194958e/.conda/envs/tf215_env/lib/python3.11/site-packages/keras/src/engine/training.py", line 590, in __call__

  File "/mnt/beegfs/hellgate/home/rb194958e/.conda/envs/tf215_env/lib/python3.11/site-packages/keras/src/utils/traceback_utils.py", line 65, in error_handler

  File "/mnt/beegfs/hellgate/home/rb194958e/.conda/envs/tf215_env/lib/python3.11/site-packages/keras/src/engine/base_layer.py", line 1149, in __call__

  File "/mnt/beegfs/hellgate/home/rb194958e/.conda/envs/tf215_env/lib/python3.11/site-packages/keras/src/utils/traceback_utils.py", line 96, in error_handler

  File "/mnt/beegfs/hellgate/home/rb194958e/.conda/envs/tf215_env/lib/python3.11/site-packages/keras/src/engine/functional.py", line 515, in call

  File "/mnt/beegfs/hellgate/home/rb194958e/.conda/envs/tf215_env/lib/python3.11/site-packages/keras/src/engine/functional.py", line 672, in _run_internal_graph

  File "/mnt/beegfs/hellgate/home/rb194958e/.conda/envs/tf215_env/lib/python3.11/site-packages/keras/src/utils/traceback_utils.py", line 65, in error_handler

  File "/mnt/beegfs/hellgate/home/rb194958e/.conda/envs/tf215_env/lib/python3.11/site-packages/keras/src/engine/base_layer.py", line 1149, in __call__

  File "/mnt/beegfs/hellgate/home/rb194958e/.conda/envs/tf215_env/lib/python3.11/site-packages/keras/src/utils/traceback_utils.py", line 96, in error_handler

  File "/mnt/beegfs/hellgate/home/rb194958e/.conda/envs/tf215_env/lib/python3.11/site-packages/keras/src/layers/reshaping/up_sampling3d.py", line 124, in call

  File "/mnt/beegfs/hellgate/home/rb194958e/.conda/envs/tf215_env/lib/python3.11/site-packages/keras/src/backend.py", line 3740, in resize_volumes

  File "/mnt/beegfs/hellgate/home/rb194958e/.conda/envs/tf215_env/lib/python3.11/site-packages/keras/src/backend.py", line 3779, in repeat_elements

  File "/mnt/beegfs/hellgate/home/rb194958e/.conda/envs/tf215_env/lib/python3.11/site-packages/keras/src/backend.py", line 3580, in concatenate

Detected at node model/up_sampling3d_1/concat_1 defined at (most recent call last):
  File "/mnt/beegfs/hellgate/home/rb194958e/.conda/envs/tf215_env/lib/python3.11/threading.py", line 1002, in _bootstrap

  File "/mnt/beegfs/hellgate/home/rb194958e/.conda/envs/tf215_env/lib/python3.11/threading.py", line 1045, in _bootstrap_inner

  File "/mnt/beegfs/hellgate/home/rb194958e/.conda/envs/tf215_env/lib/python3.11/site-packages/keras/src/engine/training.py", line 1373, in run_step

  File "/mnt/beegfs/hellgate/home/rb194958e/.conda/envs/tf215_env/lib/python3.11/site-packages/keras/src/engine/training.py", line 1150, in train_step

  File "/mnt/beegfs/hellgate/home/rb194958e/.conda/envs/tf215_env/lib/python3.11/site-packages/keras/src/utils/traceback_utils.py", line 65, in error_handler

  File "/mnt/beegfs/hellgate/home/rb194958e/.conda/envs/tf215_env/lib/python3.11/site-packages/keras/src/engine/training.py", line 590, in __call__

  File "/mnt/beegfs/hellgate/home/rb194958e/.conda/envs/tf215_env/lib/python3.11/site-packages/keras/src/utils/traceback_utils.py", line 65, in error_handler

  File "/mnt/beegfs/hellgate/home/rb194958e/.conda/envs/tf215_env/lib/python3.11/site-packages/keras/src/engine/base_layer.py", line 1149, in __call__

  File "/mnt/beegfs/hellgate/home/rb194958e/.conda/envs/tf215_env/lib/python3.11/site-packages/keras/src/utils/traceback_utils.py", line 96, in error_handler

  File "/mnt/beegfs/hellgate/home/rb194958e/.conda/envs/tf215_env/lib/python3.11/site-packages/keras/src/engine/functional.py", line 515, in call

  File "/mnt/beegfs/hellgate/home/rb194958e/.conda/envs/tf215_env/lib/python3.11/site-packages/keras/src/engine/functional.py", line 672, in _run_internal_graph

  File "/mnt/beegfs/hellgate/home/rb194958e/.conda/envs/tf215_env/lib/python3.11/site-packages/keras/src/utils/traceback_utils.py", line 65, in error_handler

  File "/mnt/beegfs/hellgate/home/rb194958e/.conda/envs/tf215_env/lib/python3.11/site-packages/keras/src/engine/base_layer.py", line 1149, in __call__

  File "/mnt/beegfs/hellgate/home/rb194958e/.conda/envs/tf215_env/lib/python3.11/site-packages/keras/src/utils/traceback_utils.py", line 96, in error_handler

  File "/mnt/beegfs/hellgate/home/rb194958e/.conda/envs/tf215_env/lib/python3.11/site-packages/keras/src/layers/reshaping/up_sampling3d.py", line 124, in call

  File "/mnt/beegfs/hellgate/home/rb194958e/.conda/envs/tf215_env/lib/python3.11/site-packages/keras/src/backend.py", line 3740, in resize_volumes

  File "/mnt/beegfs/hellgate/home/rb194958e/.conda/envs/tf215_env/lib/python3.11/site-packages/keras/src/backend.py", line 3779, in repeat_elements

  File "/mnt/beegfs/hellgate/home/rb194958e/.conda/envs/tf215_env/lib/python3.11/site-packages/keras/src/backend.py", line 3580, in concatenate

2 root error(s) found.
  (0) RESOURCE_EXHAUSTED:  OOM when allocating tensor with shape[2,256,48,56,22] and type float on /job:localhost/replica:0/task:0/device:GPU:0 by allocator GPU_0_bfc
	 [[{{node model/up_sampling3d_1/concat_1}}]]
Hint: If you want to see a list of allocated tensors when OOM happens, add report_tensor_allocations_upon_oom to RunOptions for current allocation info. This isn't available when running in Eager mode.

	 [[div_no_nan/ReadVariableOp_1/_108]]
Hint: If you want to see a list of allocated tensors when OOM happens, add report_tensor_allocations_upon_oom to RunOptions for current allocation info. This isn't available when running in Eager mode.

  (1) RESOURCE_EXHAUSTED:  OOM when allocating tensor with shape[2,256,48,56,22] and type float on /job:localhost/replica:0/task:0/device:GPU:0 by allocator GPU_0_bfc
	 [[{{node model/up_sampling3d_1/concat_1}}]]
Hint: If you want to see a list of allocated tensors when OOM happens, add report_tensor_allocations_upon_oom to RunOptions for current allocation info. This isn't available when running in Eager mode.

0 successful operations.
0 derived errors ignored. [Op:__inference_train_function_22515]
