split,manifest_source,dataset,key,subject,t1_path,mask_path,source_t1_path,source_mask_path,current_v3_split,fixed_test_hires,quality_rank_all,score,fwhm_mm,hi_freq_energy,lap_var
train_low_quality,lowest_quality_522_of_non_hires_pool,ATLAS,sub-r049s005_ses-1,sub-r049s005,/home/rbielski/stroke_cleaned/ARC_ATLAS_Combined/A_A_Combined_Data/Processed_LowQualityTrain_Split_Data/train_low_quality/t1/sub-r049s005_ses-1_T1w_MNI_norm.nii.gz,/home/rbielski/stroke_cleaned/ARC_ATLAS_Combined/A_A_Combined_Data/Processed_LowQualityTrain_Split_Data/train_low_quality/masks/sub-r049s005_ses-1_lesion_mask_MNI_clean.nii.gz,/home/rbielski/stroke_cleaned/ARC_ATLAS_Combined/A_A_Combined_Data/Processed_HiresLowres_Split_Data/Processed_HiresLowres_All/t1/sub-r049s005_ses-1_T1w_MNI_norm.nii.gz,/home/rbielski/stroke_cleaned/ARC_ATLAS_Combined/A_A_Combined_Data/Processed_HiresLowres_Split_Data/Processed_HiresLowres_All/masks/sub-r049s005_ses-1_lesion_mask_MNI_clean.nii.gz,test_lores,False,1,-5.642875862895357,20.469643298669105,0.014088580144367105,0.14320260286331177
train_low_quality,lowest_quality_522_of_non_hires_pool,ATLAS,sub-r049s012_ses-1,sub-r049s012,/home/rbielski/stroke_cleaned/ARC_ATLAS_Combined/A_A_Combined_Data/Processed_LowQualityTrain_Split_Data/train_low_quality/t1/sub-r049s012_ses-1_T1w_MNI_norm.nii.gz,/home/rbielski/stroke_cleaned/ARC_ATLAS_Combined/A_A_Combined_Data/Processed_LowQualityTrain_Split_Data/train_low_quality/masks/sub-r049s012_ses-1_lesion_mask_MNI_clean.nii.gz,/home/rbielski/stroke_cleaned/ARC_ATLAS_Combined/A_A_Combined_Data/Processed_HiresLowres_Split_Data/Processed_HiresLowres_All/t1/sub-r049s012_ses-1_T1w_MNI_norm.nii.gz,/home/rbielski/stroke_cleaned/ARC_ATLAS_Combined/A_A_Combined_Data/Processed_HiresLowres_Split_Data/Processed_HiresLowres_All/masks/sub-r049s012_ses-1_lesion_mask_MNI_clean.nii.gz,test_lores,False,2,-5.48928621269947,20.010916567784104,0.013085530561714208,0.1320892721414566
train_low_quality,lowest_quality_522_of_non_hires_pool,ATLAS,sub-r050s003_ses-1,sub-r050s003,/home/rbielski/stroke_cleaned/ARC_ATLAS_Combined/A_A_Combined_Data/Processed_LowQualityTrain_Split_Data/train_low_quality/t1/sub-r050s003_ses-1_T1w_MNI_norm.nii.gz,/home/rbielski/stroke_cleaned/ARC_ATLAS_Combined/A_A_Combined_Data/Processed_LowQualityTrain_Split_Data/train_low_quality/masks/sub-r050s003_ses-1_lesion_mask_MNI_clean.nii.gz,/home/rbielski/stroke_cleaned/ARC_ATLAS_Combined/A_A_Combined_Data/Processed_HiresLowres_Split_Data/Processed_HiresLowres_All/t1/sub-r050s003_ses-1_T1w_MNI_norm.nii.gz,/home/rbielski/stroke_cleaned/ARC_ATLAS_Combined/A_A_Combined_Data/Processed_HiresLowres_Split_Data/Processed_HiresLowres_All/masks/sub-r050s003_ses-1_lesion_mask_MNI_clean.nii.gz,train_hires,False,3,-5.371475444785263,20.144012822539896,0.016640575220422536,0.20174740254878998
train_low_quality,lowest_quality_522_of_non_hires_pool,ATLAS,sub-r049s024_ses-1,sub-r049s024,/home/rbielski/stroke_cleaned/ARC_ATLAS_Combined/A_A_Combined_Data/Processed_LowQualityTrain_Split_Data/train_low_quality/t1/sub-r049s024_ses-1_T1w_MNI_norm.nii.gz,/home/rbielski/stroke_cleaned/ARC_ATLAS_Combined/A_A_Combined_Data/Processed_LowQualityTrain_Split_Data/train_low_quality/masks/sub-r049s024_ses-1_lesion_mask_MNI_clean.nii.gz,/home/rbielski/stroke_cleaned/ARC_ATLAS_Combined/A_A_Combined_Data/Processed_HiresLowres_Split_Data/Processed_HiresLowres_All/t1/sub-r049s024_ses-1_T1w_MNI_norm.nii.gz,/home/rbielski/stroke_cleaned/ARC_ATLAS_Combined/A_A_Combined_Data/Processed_HiresLowres_Split_Data/Processed_HiresLowres_All/masks/sub-r049s024_ses-1_lesion_mask_MNI_clean.nii.gz,test_lores,False,4,-5.122513741998279,19.296792500572437,0.014796400473505042,0.1537003219127655
train_low_quality,lowest_quality_522_of_non_hires_pool,ATLAS,sub-r050s006_ses-1,sub-r050s006,/home/rbielski/stroke_cleaned/ARC_ATLAS_Combined/A_A_Combined_Data/Processed_LowQualityTrain_Split_Data/train_low_quality/t1/sub-r050s006_ses-1_T1w_MNI_norm.nii.gz,/home/rbielski/stroke_cleaned/ARC_ATLAS_Combined/A_A_Combined_Data/Processed_LowQualityTrain_Split_Data/train_low_quality/masks/sub-r050s006_ses-1_lesion_mask_MNI_clean.nii.gz,/home/rbielski/stroke_cleaned/ARC_ATLAS_Combined/A_A_Combined_Data/Processed_HiresLowres_Split_Data/Processed_HiresLowres_All/t1/sub-r050s006_ses-1_T1w_MNI_norm.nii.gz,/home/rbielski/stroke_cleaned/ARC_ATLAS_Combined/A_A_Combined_Data/Processed_HiresLowres_Split_Data/Processed_HiresLowres_All/masks/sub-r050s006_ses-1_lesion_mask_MNI_clean.nii.gz,train_hires,False,5,-5.005325710954026,18.896474668464347,0.013308036821708972,0.14228910207748413
train_low_quality,lowest_quality_522_of_non_hires_pool,ATLAS,sub-r049s010_ses-1,sub-r049s010,/home/rbielski/stroke_cleaned/ARC_ATLAS_Combined/A_A_Combined_Data/Processed_LowQualityTrain_Split_Data/train_low_quality/t1/sub-r049s010_ses-1_T1w_MNI_norm.nii.gz,/home/rbielski/stroke_cleaned/ARC_ATLAS_Combined/A_A_Combined_Data/Processed_LowQualityTrain_Split_Data/train_low_quality/masks/sub-r049s010_ses-1_lesion_mask_MNI_clean.nii.gz,/home/rbielski/stroke_cleaned/ARC_ATLAS_Combined/A_A_Combined_Data/Processed_HiresLowres_Split_Data/Processed_HiresLowres_All/t1/sub-r049s010_ses-1_T1w_MNI_norm.nii.gz,/home/rbielski/stroke_cleaned/ARC_ATLAS_Combined/A_A_Combined_Data/Processed_HiresLowres_Split_Data/Processed_HiresLowres_All/masks/sub-r049s010_ses-1_lesion_mask_MNI_clean.nii.gz,train_hires,False,6,-4.991750725492112,19.818688274402376,0.022926532105342238,0.27533671259880066
train_low_quality,lowest_quality_522_of_non_hires_pool,ATLAS,sub-r049s026_ses-1,sub-r049s026,/home/rbielski/stroke_cleaned/ARC_ATLAS_Combined/A_A_Combined_Data/Processed_LowQualityTrain_Split_Data/train_low_quality/t1/sub-r049s026_ses-1_T1w_MNI_norm.nii.gz,/home/rbielski/stroke_cleaned/ARC_ATLAS_Combined/A_A_Combined_Data/Processed_LowQualityTrain_Split_Data/train_low_quality/masks/sub-r049s026_ses-1_lesion_mask_MNI_clean.nii.gz,/home/rbielski/stroke_cleaned/ARC_ATLAS_Combined/A_A_Combined_Data/Processed_HiresLowres_Split_Data/Processed_HiresLowres_All/t1/sub-r049s026_ses-1_T1w_MNI_norm.nii.gz,/home/rbielski/stroke_cleaned/ARC_ATLAS_Combined/A_A_Combined_Data/Processed_HiresLowres_Split_Data/Processed_HiresLowres_All/masks/sub-r049s026_ses-1_lesion_mask_MNI_clean.nii.gz,test_lores,False,7,-4.991180222229168,18.61275948985408,0.010512713955626479,0.11271412670612335
train_low_quality,lowest_quality_522_of_non_hires_pool,ATLAS,sub-r049s018_ses-1,sub-r049s018,/home/rbielski/stroke_cleaned/ARC_ATLAS_Combined/A_A_Combined_Data/Processed_LowQualityTrain_Split_Data/train_low_quality/t1/sub-r049s018_ses-1_T1w_MNI_norm.nii.gz,/home/rbielski/stroke_cleaned/ARC_ATLAS_Combined/A_A_Combined_Data/Processed_LowQualityTrain_Split_Data/train_low_quality/masks/sub-r049s018_ses-1_lesion_mask_MNI_clean.nii.gz,/home/rbielski/stroke_cleaned/ARC_ATLAS_Combined/A_A_Combined_Data/Processed_HiresLowres_Split_Data/Processed_HiresLowres_All/t1/sub-r049s018_ses-1_T1w_MNI_norm.nii.gz,/home/rbielski/stroke_cleaned/ARC_ATLAS_Combined/A_A_Combined_Data/Processed_HiresLowres_Split_Data/Processed_HiresLowres_All/masks/sub-r049s018_ses-1_lesion_mask_MNI_clean.nii.gz,train_hires,False,8,-4.820416376150573,19.08077016299983,0.01869626333748196,0.24712878465652466
train_low_quality,lowest_quality_522_of_non_hires_pool,ATLAS,sub-r050s009_ses-1,sub-r050s009,/home/rbielski/stroke_cleaned/ARC_ATLAS_Combined/A_A_Combined_Data/Processed_LowQualityTrain_Split_Data/train_low_quality/t1/sub-r050s009_ses-1_T1w_MNI_norm.nii.gz,/home/rbielski/stroke_cleaned/ARC_ATLAS_Combined/A_A_Combined_Data/Processed_LowQualityTrain_Split_Data/train_low_quality/masks/sub-r050s009_ses-1_lesion_mask_MNI_clean.nii.gz,/home/rbielski/stroke_cleaned/ARC_ATLAS_Combined/A_A_Combined_Data/Processed_HiresLowres_Split_Data/Processed_HiresLowres_All/t1/sub-r050s009_ses-1_T1w_MNI_norm.nii.gz,/home/rbielski/stroke_cleaned/ARC_ATLAS_Combined/A_A_Combined_Data/Processed_HiresLowres_Split_Data/Processed_HiresLowres_All/masks/sub-r050s009_ses-1_lesion_mask_MNI_clean.nii.gz,train_hires,False,9,-4.7883057582701,19.61542927668375,0.024571048283429247,0.3377465605735779
train_low_quality,lowest_quality_522_of_non_hires_pool,ATLAS,sub-r049s020_ses-1,sub-r049s020,/home/rbielski/stroke_cleaned/ARC_ATLAS_Combined/A_A_Combined_Data/Processed_LowQualityTrain_Split_Data/train_low_quality/t1/sub-r049s020_ses-1_T1w_MNI_norm.nii.gz,/home/rbielski/stroke_cleaned/ARC_ATLAS_Combined/A_A_Combined_Data/Processed_LowQualityTrain_Split_Data/train_low_quality/masks/sub-r049s020_ses-1_lesion_mask_MNI_clean.nii.gz,/home/rbielski/stroke_cleaned/ARC_ATLAS_Combined/A_A_Combined_Data/Processed_HiresLowres_Split_Data/Processed_HiresLowres_All/t1/sub-r049s020_ses-1_T1w_MNI_norm.nii.gz,/home/rbielski/stroke_cleaned/ARC_ATLAS_Combined/A_A_Combined_Data/Processed_HiresLowres_Split_Data/Processed_HiresLowres_All/masks/sub-r049s020_ses-1_lesion_mask_MNI_clean.nii.gz,train_hires,False,10,-4.768707739435454,18.51295654122209,0.015170724174866201,0.16734163463115692
train_low_quality,lowest_quality_522_of_non_hires_pool,ATLAS,sub-r050s015_ses-1,sub-r050s015,/home/rbielski/stroke_cleaned/ARC_ATLAS_Combined/A_A_Combined_Data/Processed_LowQualityTrain_Split_Data/train_low_quality/t1/sub-r050s015_ses-1_T1w_MNI_norm.nii.gz,/home/rbielski/stroke_cleaned/ARC_ATLAS_Combined/A_A_Combined_Data/Processed_LowQualityTrain_Split_Data/train_low_quality/masks/sub-r050s015_ses-1_lesion_mask_MNI_clean.nii.gz,/home/rbielski/stroke_cleaned/ARC_ATLAS_Combined/A_A_Combined_Data/Processed_HiresLowres_Split_Data/Processed_HiresLowres_All/t1/sub-r050s015_ses-1_T1w_MNI_norm.nii.gz,/home/rbielski/stroke_cleaned/ARC_ATLAS_Combined/A_A_Combined_Data/Processed_HiresLowres_Split_Data/Processed_HiresLowres_All/masks/sub-r050s015_ses-1_lesion_mask_MNI_clean.nii.gz,train_hires,False,11,-4.748231897064315,19.12869998502017,0.020436219731727073,0.2870030105113983
train_low_quality,lowest_quality_522_of_non_hires_pool,ATLAS,sub-r027s032_ses-1,sub-r027s032,/home/rbielski/stroke_cleaned/ARC_ATLAS_Combined/A_A_Combined_Data/Processed_LowQualityTrain_Split_Data/train_low_quality/t1/sub-r027s032_ses-1_T1w_MNI_norm.nii.gz,/home/rbielski/stroke_cleaned/ARC_ATLAS_Combined/A_A_Combined_Data/Processed_LowQualityTrain_Split_Data/train_low_quality/masks/sub-r027s032_ses-1_lesion_mask_MNI_clean.nii.gz,/home/rbielski/stroke_cleaned/ARC_ATLAS_Combined/A_A_Combined_Data/Processed_HiresLowres_Split_Data/Processed_HiresLowres_All/t1/sub-r027s032_ses-1_T1w_MNI_norm.nii.gz,/home/rbielski/stroke_cleaned/ARC_ATLAS_Combined/A_A_Combined_Data/Processed_HiresLowres_Split_Data/Processed_HiresLowres_All/masks/sub-r027s032_ses-1_lesion_mask_MNI_clean.nii.gz,test_lores,False,12,-4.573706407477025,18.224256648929273,0.01606138264023498,0.20916762948036194
train_low_quality,lowest_quality_522_of_non_hires_pool,ATLAS,sub-r049s028_ses-1,sub-r049s028,/home/rbielski/stroke_cleaned/ARC_ATLAS_Combined/A_A_Combined_Data/Processed_LowQualityTrain_Split_Data/train_low_quality/t1/sub-r049s028_ses-1_T1w_MNI_norm.nii.gz,/home/rbielski/stroke_cleaned/ARC_ATLAS_Combined/A_A_Combined_Data/Processed_LowQualityTrain_Split_Data/train_low_quality/masks/sub-r049s028_ses-1_lesion_mask_MNI_clean.nii.gz,/home/rbielski/stroke_cleaned/ARC_ATLAS_Combined/A_A_Combined_Data/Processed_HiresLowres_Split_Data/Processed_HiresLowres_All/t1/sub-r049s028_ses-1_T1w_MNI_norm.nii.gz,/home/rbielski/stroke_cleaned/ARC_ATLAS_Combined/A_A_Combined_Data/Processed_HiresLowres_Split_Data/Processed_HiresLowres_All/masks/sub-r049s028_ses-1_lesion_mask_MNI_clean.nii.gz,train_hires,False,13,-4.461712234802574,17.41929400167843,0.011434070199772214,0.11956911534070969
train_low_quality,lowest_quality_522_of_non_hires_pool,ATLAS,sub-r052s015_ses-1,sub-r052s015,/home/rbielski/stroke_cleaned/ARC_ATLAS_Combined/A_A_Combined_Data/Processed_LowQualityTrain_Split_Data/train_low_quality/t1/sub-r052s015_ses-1_T1w_MNI_norm.nii.gz,/home/rbielski/stroke_cleaned/ARC_ATLAS_Combined/A_A_Combined_Data/Processed_LowQualityTrain_Split_Data/train_low_quality/masks/sub-r052s015_ses-1_lesion_mask_MNI_clean.nii.gz,/home/rbielski/stroke_cleaned/ARC_ATLAS_Combined/A_A_Combined_Data/Processed_HiresLowres_Split_Data/Processed_HiresLowres_All/t1/sub-r052s015_ses-1_T1w_MNI_norm.nii.gz,/home/rbielski/stroke_cleaned/ARC_ATLAS_Combined/A_A_Combined_Data/Processed_HiresLowres_Split_Data/Processed_HiresLowres_All/masks/sub-r052s015_ses-1_lesion_mask_MNI_clean.nii.gz,train_hires,False,14,-4.335900526284416,17.562928322398367,0.01554583514742867,0.1885012537240982
train_low_quality,lowest_quality_522_of_non_hires_pool,ATLAS,sub-r052s002_ses-1,sub-r052s002,/home/rbielski/stroke_cleaned/ARC_ATLAS_Combined/A_A_Combined_Data/Processed_LowQualityTrain_Split_Data/train_low_quality/t1/sub-r052s002_ses-1_T1w_MNI_norm.nii.gz,/home/rbielski/stroke_cleaned/ARC_ATLAS_Combined/A_A_Combined_Data/Processed_LowQualityTrain_Split_Data/train_low_quality/masks/sub-r052s002_ses-1_lesion_mask_MNI_clean.nii.gz,/home/rbielski/stroke_cleaned/ARC_ATLAS_Combined/A_A_Combined_Data/Processed_HiresLowres_Split_Data/Processed_HiresLowres_All/t1/sub-r052s002_ses-1_T1w_MNI_norm.nii.gz,/home/rbielski/stroke_cleaned/ARC_ATLAS_Combined/A_A_Combined_Data/Processed_HiresLowres_Split_Data/Processed_HiresLowres_All/masks/sub-r052s002_ses-1_lesion_mask_MNI_clean.nii.gz,train_hires,False,15,-4.241993521592273,17.971551710584773,0.022213282867087448,0.2713569104671478
train_low_quality,lowest_quality_522_of_non_hires_pool,ATLAS,sub-r017s118_ses-1,sub-r017s118,/home/rbielski/stroke_cleaned/ARC_ATLAS_Combined/A_A_Combined_Data/Processed_LowQualityTrain_Split_Data/train_low_quality/t1/sub-r017s118_ses-1_T1w_MNI_norm.nii.gz,/home/rbielski/stroke_cleaned/ARC_ATLAS_Combined/A_A_Combined_Data/Processed_LowQualityTrain_Split_Data/train_low_quality/masks/sub-r017s118_ses-1_lesion_mask_MNI_clean.nii.gz,/home/rbielski/stroke_cleaned/ARC_ATLAS_Combined/A_A_Combined_Data/Processed_HiresLowres_Split_Data/Processed_HiresLowres_All/t1/sub-r017s118_ses-1_T1w_MNI_norm.nii.gz,/home/rbielski/stroke_cleaned/ARC_ATLAS_Combined/A_A_Combined_Data/Processed_HiresLowres_Split_Data/Processed_HiresLowres_All/masks/sub-r017s118_ses-1_lesion_mask_MNI_clean.nii.gz,train_hires,False,16,-4.235412963950826,17.608276337220868,0.018207150324144508,0.23245324194431305
train_low_quality,lowest_quality_522_of_non_hires_pool,ATLAS,sub-r038s017_ses-1,sub-r038s017,/home/rbielski/stroke_cleaned/ARC_ATLAS_Combined/A_A_Combined_Data/Processed_LowQualityTrain_Split_Data/train_low_quality/t1/sub-r038s017_ses-1_T1w_MNI_norm.nii.gz,/home/rbielski/stroke_cleaned/ARC_ATLAS_Combined/A_A_Combined_Data/Processed_LowQualityTrain_Split_Data/train_low_quality/masks/sub-r038s017_ses-1_lesion_mask_MNI_clean.nii.gz,/home/rbielski/stroke_cleaned/ARC_ATLAS_Combined/A_A_Combined_Data/Processed_HiresLowres_Split_Data/Processed_HiresLowres_All/t1/sub-r038s017_ses-1_T1w_MNI_norm.nii.gz,/home/rbielski/stroke_cleaned/ARC_ATLAS_Combined/A_A_Combined_Data/Processed_HiresLowres_Split_Data/Processed_HiresLowres_All/masks/sub-r038s017_ses-1_lesion_mask_MNI_clean.nii.gz,test_lores,False,17,-4.1569520534381805,17.852352618498593,0.021493997422684683,0.31271374225616455
train_low_quality,lowest_quality_522_of_non_hires_pool,ATLAS,sub-r018s011_ses-1,sub-r018s011,/home/rbielski/stroke_cleaned/ARC_ATLAS_Combined/A_A_Combined_Data/Processed_LowQualityTrain_Split_Data/train_low_quality/t1/sub-r018s011_ses-1_T1w_MNI_norm.nii.gz,/home/rbielski/stroke_cleaned/ARC_ATLAS_Combined/A_A_Combined_Data/Processed_LowQualityTrain_Split_Data/train_low_quality/masks/sub-r018s011_ses-1_lesion_mask_MNI_clean.nii.gz,/home/rbielski/stroke_cleaned/ARC_ATLAS_Combined/A_A_Combined_Data/Processed_HiresLowres_Split_Data/Processed_HiresLowres_All/t1/sub-r018s011_ses-1_T1w_MNI_norm.nii.gz,/home/rbielski/stroke_cleaned/ARC_ATLAS_Combined/A_A_Combined_Data/Processed_HiresLowres_Split_Data/Processed_HiresLowres_All/masks/sub-r018s011_ses-1_lesion_mask_MNI_clean.nii.gz,test_lores,False,18,-4.121828106572997,17.111514455750317,0.016028612678305118,0.1994474232196808
train_low_quality,lowest_quality_522_of_non_hires_pool,ATLAS,sub-r027s050_ses-1,sub-r027s050,/home/rbielski/stroke_cleaned/ARC_ATLAS_Combined/A_A_Combined_Data/Processed_LowQualityTrain_Split_Data/train_low_quality/t1/sub-r027s050_ses-1_T1w_MNI_norm.nii.gz,/home/rbielski/stroke_cleaned/ARC_ATLAS_Combined/A_A_Combined_Data/Processed_LowQualityTrain_Split_Data/train_low_quality/masks/sub-r027s050_ses-1_lesion_mask_MNI_clean.nii.gz,/home/rbielski/stroke_cleaned/ARC_ATLAS_Combined/A_A_Combined_Data/Processed_HiresLowres_Split_Data/Processed_HiresLowres_All/t1/sub-r027s050_ses-1_T1w_MNI_norm.nii.gz,/home/rbielski/stroke_cleaned/ARC_ATLAS_Combined/A_A_Combined_Data/Processed_HiresLowres_Split_Data/Processed_HiresLowres_All/masks/sub-r027s050_ses-1_lesion_mask_MNI_clean.nii.gz,test_lores,False,19,-4.042711710381075,16.9336080819095,0.015752847247164702,0.20841623842716217
train_low_quality,lowest_quality_522_of_non_hires_pool,ATLAS,sub-r039s002_ses-1,sub-r039s002,/home/rbielski/stroke_cleaned/ARC_ATLAS_Combined/A_A_Combined_Data/Processed_LowQualityTrain_Split_Data/train_low_quality/t1/sub-r039s002_ses-1_T1w_MNI_norm.nii.gz,/home/rbielski/stroke_cleaned/ARC_ATLAS_Combined/A_A_Combined_Data/Processed_LowQualityTrain_Split_Data/train_low_quality/masks/sub-r039s002_ses-1_lesion_mask_MNI_clean.nii.gz,/home/rbielski/stroke_cleaned/ARC_ATLAS_Combined/A_A_Combined_Data/Processed_HiresLowres_Split_Data/Processed_HiresLowres_All/t1/sub-r039s002_ses-1_T1w_MNI_norm.nii.gz,/home/rbielski/stroke_cleaned/ARC_ATLAS_Combined/A_A_Combined_Data/Processed_HiresLowres_Split_Data/Processed_HiresLowres_All/masks/sub-r039s002_ses-1_lesion_mask_MNI_clean.nii.gz,train_hires,False,20,-3.9502408713127375,16.97791940673159,0.018509542034221532,0.24390490353107452
train_low_quality,lowest_quality_522_of_non_hires_pool,ATLAS,sub-r049s016_ses-1,sub-r049s016,/home/rbielski/stroke_cleaned/ARC_ATLAS_Combined/A_A_Combined_Data/Processed_LowQualityTrain_Split_Data/train_low_quality/t1/sub-r049s016_ses-1_T1w_MNI_norm.nii.gz,/home/rbielski/stroke_cleaned/ARC_ATLAS_Combined/A_A_Combined_Data/Processed_LowQualityTrain_Split_Data/train_low_quality/masks/sub-r049s016_ses-1_lesion_mask_MNI_clean.nii.gz,/home/rbielski/stroke_cleaned/ARC_ATLAS_Combined/A_A_Combined_Data/Processed_HiresLowres_Split_Data/Processed_HiresLowres_All/t1/sub-r049s016_ses-1_T1w_MNI_norm.nii.gz,/home/rbielski/stroke_cleaned/ARC_ATLAS_Combined/A_A_Combined_Data/Processed_HiresLowres_Split_Data/Processed_HiresLowres_All/masks/sub-r049s016_ses-1_lesion_mask_MNI_clean.nii.gz,test_lores,False,21,-3.915366752988362,16.655262298944674,0.017116053496113778,0.19138526916503906
train_low_quality,lowest_quality_522_of_non_hires_pool,ATLAS,sub-r049s011_ses-1,sub-r049s011,/home/rbielski/stroke_cleaned/ARC_ATLAS_Combined/A_A_Combined_Data/Processed_LowQualityTrain_Split_Data/train_low_quality/t1/sub-r049s011_ses-1_T1w_MNI_norm.nii.gz,/home/rbielski/stroke_cleaned/ARC_ATLAS_Combined/A_A_Combined_Data/Processed_LowQualityTrain_Split_Data/train_low_quality/masks/sub-r049s011_ses-1_lesion_mask_MNI_clean.nii.gz,/home/rbielski/stroke_cleaned/ARC_ATLAS_Combined/A_A_Combined_Data/Processed_HiresLowres_Split_Data/Processed_HiresLowres_All/t1/sub-r049s011_ses-1_T1w_MNI_norm.nii.gz,/home/rbielski/stroke_cleaned/ARC_ATLAS_Combined/A_A_Combined_Data/Processed_HiresLowres_Split_Data/Processed_HiresLowres_All/masks/sub-r049s011_ses-1_lesion_mask_MNI_clean.nii.gz,test_lores,False,22,-3.894287107785671,17.067987513475146,0.021093292143112334,0.26893994212150574
train_low_quality,lowest_quality_522_of_non_hires_pool,ATLAS,sub-r015s027_ses-1,sub-r015s027,/home/rbielski/stroke_cleaned/ARC_ATLAS_Combined/A_A_Combined_Data/Processed_LowQualityTrain_Split_Data/train_low_quality/t1/sub-r015s027_ses-1_T1w_MNI_norm.nii.gz,/home/rbielski/stroke_cleaned/ARC_ATLAS_Combined/A_A_Combined_Data/Processed_LowQualityTrain_Split_Data/train_low_quality/masks/sub-r015s027_ses-1_lesion_mask_MNI_clean.nii.gz,/home/rbielski/stroke_cleaned/ARC_ATLAS_Combined/A_A_Combined_Data/Processed_HiresLowres_Split_Data/Processed_HiresLowres_All/t1/sub-r015s027_ses-1_T1w_MNI_norm.nii.gz,/home/rbielski/stroke_cleaned/ARC_ATLAS_Combined/A_A_Combined_Data/Processed_HiresLowres_Split_Data/Processed_HiresLowres_All/masks/sub-r015s027_ses-1_lesion_mask_MNI_clean.nii.gz,test_lores,False,23,-3.8669588066825398,16.63464894190804,0.016835871859204495,0.2280527502298355
train_low_quality,lowest_quality_522_of_non_hires_pool,ATLAS,sub-r005s026_ses-1,sub-r005s026,/home/rbielski/stroke_cleaned/ARC_ATLAS_Combined/A_A_Combined_Data/Processed_LowQualityTrain_Split_Data/train_low_quality/t1/sub-r005s026_ses-1_T1w_MNI_norm.nii.gz,/home/rbielski/stroke_cleaned/ARC_ATLAS_Combined/A_A_Combined_Data/Processed_LowQualityTrain_Split_Data/train_low_quality/masks/sub-r005s026_ses-1_lesion_mask_MNI_clean.nii.gz,/home/rbielski/stroke_cleaned/ARC_ATLAS_Combined/A_A_Combined_Data/Processed_HiresLowres_Split_Data/Processed_HiresLowres_All/t1/sub-r005s026_ses-1_T1w_MNI_norm.nii.gz,/home/rbielski/stroke_cleaned/ARC_ATLAS_Combined/A_A_Combined_Data/Processed_HiresLowres_Split_Data/Processed_HiresLowres_All/masks/sub-r005s026_ses-1_lesion_mask_MNI_clean.nii.gz,train_hires,False,24,-3.822213453976782,16.718424011055745,0.018488017911233803,0.2597588896751404
train_low_quality,lowest_quality_522_of_non_hires_pool,ATLAS,sub-r017s116_ses-1,sub-r017s116,/home/rbielski/stroke_cleaned/ARC_ATLAS_Combined/A_A_Combined_Data/Processed_LowQualityTrain_Split_Data/train_low_quality/t1/sub-r017s116_ses-1_T1w_MNI_norm.nii.gz,/home/rbielski/stroke_cleaned/ARC_ATLAS_Combined/A_A_Combined_Data/Processed_LowQualityTrain_Split_Data/train_low_quality/masks/sub-r017s116_ses-1_lesion_mask_MNI_clean.nii.gz,/home/rbielski/stroke_cleaned/ARC_ATLAS_Combined/A_A_Combined_Data/Processed_HiresLowres_Split_Data/Processed_HiresLowres_All/t1/sub-r017s116_ses-1_T1w_MNI_norm.nii.gz,/home/rbielski/stroke_cleaned/ARC_ATLAS_Combined/A_A_Combined_Data/Processed_HiresLowres_Split_Data/Processed_HiresLowres_All/masks/sub-r017s116_ses-1_lesion_mask_MNI_clean.nii.gz,test_lores,False,25,-3.8216021343546105,16.323589498201034,0.015311780848821014,0.19008563458919525
train_low_quality,lowest_quality_522_of_non_hires_pool,ATLAS,sub-r015s010_ses-1,sub-r015s010,/home/rbielski/stroke_cleaned/ARC_ATLAS_Combined/A_A_Combined_Data/Processed_LowQualityTrain_Split_Data/train_low_quality/t1/sub-r015s010_ses-1_T1w_MNI_norm.nii.gz,/home/rbielski/stroke_cleaned/ARC_ATLAS_Combined/A_A_Combined_Data/Processed_LowQualityTrain_Split_Data/train_low_quality/masks/sub-r015s010_ses-1_lesion_mask_MNI_clean.nii.gz,/home/rbielski/stroke_cleaned/ARC_ATLAS_Combined/A_A_Combined_Data/Processed_HiresLowres_Split_Data/Processed_HiresLowres_All/t1/sub-r015s010_ses-1_T1w_MNI_norm.nii.gz,/home/rbielski/stroke_cleaned/ARC_ATLAS_Combined/A_A_Combined_Data/Processed_HiresLowres_Split_Data/Processed_HiresLowres_All/masks/sub-r015s010_ses-1_lesion_mask_MNI_clean.nii.gz,test_lores,False,26,-3.7955542672790505,16.52427339641476,0.017405786103964316,0.23723146319389343
train_low_quality,lowest_quality_522_of_non_hires_pool,ATLAS,sub-r049s025_ses-1,sub-r049s025,/home/rbielski/stroke_cleaned/ARC_ATLAS_Combined/A_A_Combined_Data/Processed_LowQualityTrain_Split_Data/train_low_quality/t1/sub-r049s025_ses-1_T1w_MNI_norm.nii.gz,/home/rbielski/stroke_cleaned/ARC_ATLAS_Combined/A_A_Combined_Data/Processed_LowQualityTrain_Split_Data/train_low_quality/masks/sub-r049s025_ses-1_lesion_mask_MNI_clean.nii.gz,/home/rbielski/stroke_cleaned/ARC_ATLAS_Combined/A_A_Combined_Data/Processed_HiresLowres_Split_Data/Processed_HiresLowres_All/t1/sub-r049s025_ses-1_T1w_MNI_norm.nii.gz,/home/rbielski/stroke_cleaned/ARC_ATLAS_Combined/A_A_Combined_Data/Processed_HiresLowres_Split_Data/Processed_HiresLowres_All/masks/sub-r049s025_ses-1_lesion_mask_MNI_clean.nii.gz,train_hires,False,27,-3.7623083230678644,17.765149464091262,0.02981628092275675,0.43809810280799866
train_low_quality,lowest_quality_522_of_non_hires_pool,ATLAS,sub-r049s007_ses-1,sub-r049s007,/home/rbielski/stroke_cleaned/ARC_ATLAS_Combined/A_A_Combined_Data/Processed_LowQualityTrain_Split_Data/train_low_quality/t1/sub-r049s007_ses-1_T1w_MNI_norm.nii.gz,/home/rbielski/stroke_cleaned/ARC_ATLAS_Combined/A_A_Combined_Data/Processed_LowQualityTrain_Split_Data/train_low_quality/masks/sub-r049s007_ses-1_lesion_mask_MNI_clean.nii.gz,/home/rbielski/stroke_cleaned/ARC_ATLAS_Combined/A_A_Combined_Data/Processed_HiresLowres_Split_Data/Processed_HiresLowres_All/t1/sub-r049s007_ses-1_T1w_MNI_norm.nii.gz,/home/rbielski/stroke_cleaned/ARC_ATLAS_Combined/A_A_Combined_Data/Processed_HiresLowres_Split_Data/Processed_HiresLowres_All/masks/sub-r049s007_ses-1_lesion_mask_MNI_clean.nii.gz,test_lores,False,28,-3.541614982690997,16.987219673331076,0.02733517651692263,0.4026137888431549
train_low_quality,lowest_quality_522_of_non_hires_pool,ATLAS,sub-r024s008_ses-1,sub-r024s008,/home/rbielski/stroke_cleaned/ARC_ATLAS_Combined/A_A_Combined_Data/Processed_LowQualityTrain_Split_Data/train_low_quality/t1/sub-r024s008_ses-1_T1w_MNI_norm.nii.gz,/home/rbielski/stroke_cleaned/ARC_ATLAS_Combined/A_A_Combined_Data/Processed_LowQualityTrain_Split_Data/train_low_quality/masks/sub-r024s008_ses-1_lesion_mask_MNI_clean.nii.gz,/home/rbielski/stroke_cleaned/ARC_ATLAS_Combined/A_A_Combined_Data/Processed_HiresLowres_Split_Data/Processed_HiresLowres_All/t1/sub-r024s008_ses-1_T1w_MNI_norm.nii.gz,/home/rbielski/stroke_cleaned/ARC_ATLAS_Combined/A_A_Combined_Data/Processed_HiresLowres_Split_Data/Processed_HiresLowres_All/masks/sub-r024s008_ses-1_lesion_mask_MNI_clean.nii.gz,test_lores,False,29,-3.5295899461778375,16.6190407961294,0.024586384911894195,0.34265655279159546
train_low_quality,lowest_quality_522_of_non_hires_pool,ATLAS,sub-r050s002_ses-1,sub-r050s002,/home/rbielski/stroke_cleaned/ARC_ATLAS_Combined/A_A_Combined_Data/Processed_LowQualityTrain_Split_Data/train_low_quality/t1/sub-r050s002_ses-1_T1w_MNI_norm.nii.gz,/home/rbielski/stroke_cleaned/ARC_ATLAS_Combined/A_A_Combined_Data/Processed_LowQualityTrain_Split_Data/train_low_quality/masks/sub-r050s002_ses-1_lesion_mask_MNI_clean.nii.gz,/home/rbielski/stroke_cleaned/ARC_ATLAS_Combined/A_A_Combined_Data/Processed_HiresLowres_Split_Data/Processed_HiresLowres_All/t1/sub-r050s002_ses-1_T1w_MNI_norm.nii.gz,/home/rbielski/stroke_cleaned/ARC_ATLAS_Combined/A_A_Combined_Data/Processed_HiresLowres_Split_Data/Processed_HiresLowres_All/masks/sub-r050s002_ses-1_lesion_mask_MNI_clean.nii.gz,train_hires,False,30,-3.5265383803507238,16.790967135036286,0.027304589760517254,0.35041168332099915
train_low_quality,lowest_quality_522_of_non_hires_pool,ATLAS,sub-r014s015_ses-1,sub-r014s015,/home/rbielski/stroke_cleaned/ARC_ATLAS_Combined/A_A_Combined_Data/Processed_LowQualityTrain_Split_Data/train_low_quality/t1/sub-r014s015_ses-1_T1w_MNI_norm.nii.gz,/home/rbielski/stroke_cleaned/ARC_ATLAS_Combined/A_A_Combined_Data/Processed_LowQualityTrain_Split_Data/train_low_quality/masks/sub-r014s015_ses-1_lesion_mask_MNI_clean.nii.gz,/home/rbielski/stroke_cleaned/ARC_ATLAS_Combined/A_A_Combined_Data/Processed_HiresLowres_Split_Data/Processed_HiresLowres_All/t1/sub-r014s015_ses-1_T1w_MNI_norm.nii.gz,/home/rbielski/stroke_cleaned/ARC_ATLAS_Combined/A_A_Combined_Data/Processed_HiresLowres_Split_Data/Processed_HiresLowres_All/masks/sub-r014s015_ses-1_lesion_mask_MNI_clean.nii.gz,train_hires,False,31,-3.392067069975914,15.486161992918476,0.017080507006270104,0.2194654941558838
train_low_quality,lowest_quality_522_of_non_hires_pool,ATLAS,sub-r047s041_ses-1,sub-r047s041,/home/rbielski/stroke_cleaned/ARC_ATLAS_Combined/A_A_Combined_Data/Processed_LowQualityTrain_Split_Data/train_low_quality/t1/sub-r047s041_ses-1_T1w_MNI_norm.nii.gz,/home/rbielski/stroke_cleaned/ARC_ATLAS_Combined/A_A_Combined_Data/Processed_LowQualityTrain_Split_Data/train_low_quality/masks/sub-r047s041_ses-1_lesion_mask_MNI_clean.nii.gz,/home/rbielski/stroke_cleaned/ARC_ATLAS_Combined/A_A_Combined_Data/Processed_HiresLowres_Split_Data/Processed_HiresLowres_All/t1/sub-r047s041_ses-1_T1w_MNI_norm.nii.gz,/home/rbielski/stroke_cleaned/ARC_ATLAS_Combined/A_A_Combined_Data/Processed_HiresLowres_Split_Data/Processed_HiresLowres_All/masks/sub-r047s041_ses-1_lesion_mask_MNI_clean.nii.gz,test_lores,False,32,-3.3505823688294143,15.719537870941869,0.020128470028205732,0.2715514302253723
train_low_quality,lowest_quality_522_of_non_hires_pool,ATLAS,sub-r014s008_ses-1,sub-r014s008,/home/rbielski/stroke_cleaned/ARC_ATLAS_Combined/A_A_Combined_Data/Processed_LowQualityTrain_Split_Data/train_low_quality/t1/sub-r014s008_ses-1_T1w_MNI_norm.nii.gz,/home/rbielski/stroke_cleaned/ARC_ATLAS_Combined/A_A_Combined_Data/Processed_LowQualityTrain_Split_Data/train_low_quality/masks/sub-r014s008_ses-1_lesion_mask_MNI_clean.nii.gz,/home/rbielski/stroke_cleaned/ARC_ATLAS_Combined/A_A_Combined_Data/Processed_HiresLowres_Split_Data/Processed_HiresLowres_All/t1/sub-r014s008_ses-1_T1w_MNI_norm.nii.gz,/home/rbielski/stroke_cleaned/ARC_ATLAS_Combined/A_A_Combined_Data/Processed_HiresLowres_Split_Data/Processed_HiresLowres_All/masks/sub-r014s008_ses-1_lesion_mask_MNI_clean.nii.gz,train_hires,False,34,-3.2738264642471004,15.87130949195457,0.02400406516690098,0.30893978476524353
train_low_quality,lowest_quality_522_of_non_hires_pool,ATLAS,sub-r047s014_ses-1,sub-r047s014,/home/rbielski/stroke_cleaned/ARC_ATLAS_Combined/A_A_Combined_Data/Processed_LowQualityTrain_Split_Data/train_low_quality/t1/sub-r047s014_ses-1_T1w_MNI_norm.nii.gz,/home/rbielski/stroke_cleaned/ARC_ATLAS_Combined/A_A_Combined_Data/Processed_LowQualityTrain_Split_Data/train_low_quality/masks/sub-r047s014_ses-1_lesion_mask_MNI_clean.nii.gz,/home/rbielski/stroke_cleaned/ARC_ATLAS_Combined/A_A_Combined_Data/Processed_HiresLowres_Split_Data/Processed_HiresLowres_All/t1/sub-r047s014_ses-1_T1w_MNI_norm.nii.gz,/home/rbielski/stroke_cleaned/ARC_ATLAS_Combined/A_A_Combined_Data/Processed_HiresLowres_Split_Data/Processed_HiresLowres_All/masks/sub-r047s014_ses-1_lesion_mask_MNI_clean.nii.gz,test_lores,False,35,-3.261792038816131,15.578922668790522,0.020682776535976256,0.28476977348327637
train_low_quality,lowest_quality_522_of_non_hires_pool,ATLAS,sub-r034s037_ses-1,sub-r034s037,/home/rbielski/stroke_cleaned/ARC_ATLAS_Combined/A_A_Combined_Data/Processed_LowQualityTrain_Split_Data/train_low_quality/t1/sub-r034s037_ses-1_T1w_MNI_norm.nii.gz,/home/rbielski/stroke_cleaned/ARC_ATLAS_Combined/A_A_Combined_Data/Processed_LowQualityTrain_Split_Data/train_low_quality/masks/sub-r034s037_ses-1_lesion_mask_MNI_clean.nii.gz,/home/rbielski/stroke_cleaned/ARC_ATLAS_Combined/A_A_Combined_Data/Processed_HiresLowres_Split_Data/Processed_HiresLowres_All/t1/sub-r034s037_ses-1_T1w_MNI_norm.nii.gz,/home/rbielski/stroke_cleaned/ARC_ATLAS_Combined/A_A_Combined_Data/Processed_HiresLowres_Split_Data/Processed_HiresLowres_All/masks/sub-r034s037_ses-1_lesion_mask_MNI_clean.nii.gz,train_hires,False,36,-3.2563049659595826,15.646474553451348,0.02099266318511744,0.3055070638656616
train_low_quality,lowest_quality_522_of_non_hires_pool,ATLAS,sub-r005s076_ses-1,sub-r005s076,/home/rbielski/stroke_cleaned/ARC_ATLAS_Combined/A_A_Combined_Data/Processed_LowQualityTrain_Split_Data/train_low_quality/t1/sub-r005s076_ses-1_T1w_MNI_norm.nii.gz,/home/rbielski/stroke_cleaned/ARC_ATLAS_Combined/A_A_Combined_Data/Processed_LowQualityTrain_Split_Data/train_low_quality/masks/sub-r005s076_ses-1_lesion_mask_MNI_clean.nii.gz,/home/rbielski/stroke_cleaned/ARC_ATLAS_Combined/A_A_Combined_Data/Processed_HiresLowres_Split_Data/Processed_HiresLowres_All/t1/sub-r005s076_ses-1_T1w_MNI_norm.nii.gz,/home/rbielski/stroke_cleaned/ARC_ATLAS_Combined/A_A_Combined_Data/Processed_HiresLowres_Split_Data/Processed_HiresLowres_All/masks/sub-r005s076_ses-1_lesion_mask_MNI_clean.nii.gz,train_hires,False,37,-3.254309403614995,15.211266913324836,0.017524722530110722,0.229127436876297
train_low_quality,lowest_quality_522_of_non_hires_pool,ATLAS,sub-r047s046_ses-1,sub-r047s046,/home/rbielski/stroke_cleaned/ARC_ATLAS_Combined/A_A_Combined_Data/Processed_LowQualityTrain_Split_Data/train_low_quality/t1/sub-r047s046_ses-1_T1w_MNI_norm.nii.gz,/home/rbielski/stroke_cleaned/ARC_ATLAS_Combined/A_A_Combined_Data/Processed_LowQualityTrain_Split_Data/train_low_quality/masks/sub-r047s046_ses-1_lesion_mask_MNI_clean.nii.gz,/home/rbielski/stroke_cleaned/ARC_ATLAS_Combined/A_A_Combined_Data/Processed_HiresLowres_Split_Data/Processed_HiresLowres_All/t1/sub-r047s046_ses-1_T1w_MNI_norm.nii.gz,/home/rbielski/stroke_cleaned/ARC_ATLAS_Combined/A_A_Combined_Data/Processed_HiresLowres_Split_Data/Processed_HiresLowres_All/masks/sub-r047s046_ses-1_lesion_mask_MNI_clean.nii.gz,test_lores,False,38,-3.2400531571430307,15.523661995676164,0.02022107514578964,0.2924167811870575
train_low_quality,lowest_quality_522_of_non_hires_pool,ATLAS,sub-r052s021_ses-1,sub-r052s021,/home/rbielski/stroke_cleaned/ARC_ATLAS_Combined/A_A_Combined_Data/Processed_LowQualityTrain_Split_Data/train_low_quality/t1/sub-r052s021_ses-1_T1w_MNI_norm.nii.gz,/home/rbielski/stroke_cleaned/ARC_ATLAS_Combined/A_A_Combined_Data/Processed_LowQualityTrain_Split_Data/train_low_quality/masks/sub-r052s021_ses-1_lesion_mask_MNI_clean.nii.gz,/home/rbielski/stroke_cleaned/ARC_ATLAS_Combined/A_A_Combined_Data/Processed_HiresLowres_Split_Data/Processed_HiresLowres_All/t1/sub-r052s021_ses-1_T1w_MNI_norm.nii.gz,/home/rbielski/stroke_cleaned/ARC_ATLAS_Combined/A_A_Combined_Data/Processed_HiresLowres_Split_Data/Processed_HiresLowres_All/masks/sub-r052s021_ses-1_lesion_mask_MNI_clean.nii.gz,test_lores,False,39,-3.2066850254406583,15.820600900623232,0.02578133379918618,0.31163039803504944
train_low_quality,lowest_quality_522_of_non_hires_pool,ATLAS,sub-r040s020_ses-1,sub-r040s020,/home/rbielski/stroke_cleaned/ARC_ATLAS_Combined/A_A_Combined_Data/Processed_LowQualityTrain_Split_Data/train_low_quality/t1/sub-r040s020_ses-1_T1w_MNI_norm.nii.gz,/home/rbielski/stroke_cleaned/ARC_ATLAS_Combined/A_A_Combined_Data/Processed_LowQualityTrain_Split_Data/train_low_quality/masks/sub-r040s020_ses-1_lesion_mask_MNI_clean.nii.gz,/home/rbielski/stroke_cleaned/ARC_ATLAS_Combined/A_A_Combined_Data/Processed_HiresLowres_Split_Data/Processed_HiresLowres_All/t1/sub-r040s020_ses-1_T1w_MNI_norm.nii.gz,/home/rbielski/stroke_cleaned/ARC_ATLAS_Combined/A_A_Combined_Data/Processed_HiresLowres_Split_Data/Processed_HiresLowres_All/masks/sub-r040s020_ses-1_lesion_mask_MNI_clean.nii.gz,test_lores,False,40,-3.1883933328998957,15.811915839287401,0.024043062201522657,0.3560003936290741
train_low_quality,lowest_quality_522_of_non_hires_pool,ATLAS,sub-r017s104_ses-1,sub-r017s104,/home/rbielski/stroke_cleaned/ARC_ATLAS_Combined/A_A_Combined_Data/Processed_LowQualityTrain_Split_Data/train_low_quality/t1/sub-r017s104_ses-1_T1w_MNI_norm.nii.gz,/home/rbielski/stroke_cleaned/ARC_ATLAS_Combined/A_A_Combined_Data/Processed_LowQualityTrain_Split_Data/train_low_quality/masks/sub-r017s104_ses-1_lesion_mask_MNI_clean.nii.gz,/home/rbielski/stroke_cleaned/ARC_ATLAS_Combined/A_A_Combined_Data/Processed_HiresLowres_Split_Data/Processed_HiresLowres_All/t1/sub-r017s104_ses-1_T1w_MNI_norm.nii.gz,/home/rbielski/stroke_cleaned/ARC_ATLAS_Combined/A_A_Combined_Data/Processed_HiresLowres_Split_Data/Processed_HiresLowres_All/masks/sub-r017s104_ses-1_lesion_mask_MNI_clean.nii.gz,test_lores,False,41,-3.184467857960716,15.347003338043903,0.020386887460591134,0.2749071419239044
train_low_quality,lowest_quality_522_of_non_hires_pool,ATLAS,sub-r015s016_ses-1,sub-r015s016,/home/rbielski/stroke_cleaned/ARC_ATLAS_Combined/A_A_Combined_Data/Processed_LowQualityTrain_Split_Data/train_low_quality/t1/sub-r015s016_ses-1_T1w_MNI_norm.nii.gz,/home/rbielski/stroke_cleaned/ARC_ATLAS_Combined/A_A_Combined_Data/Processed_LowQualityTrain_Split_Data/train_low_quality/masks/sub-r015s016_ses-1_lesion_mask_MNI_clean.nii.gz,/home/rbielski/stroke_cleaned/ARC_ATLAS_Combined/A_A_Combined_Data/Processed_HiresLowres_Split_Data/Processed_HiresLowres_All/t1/sub-r015s016_ses-1_T1w_MNI_norm.nii.gz,/home/rbielski/stroke_cleaned/ARC_ATLAS_Combined/A_A_Combined_Data/Processed_HiresLowres_Split_Data/Processed_HiresLowres_All/masks/sub-r015s016_ses-1_lesion_mask_MNI_clean.nii.gz,test_lores,False,42,-3.1826532329469264,15.54710966459795,0.022931070266175645,0.2942570745944977
train_low_quality,lowest_quality_522_of_non_hires_pool,ATLAS,sub-r050s008_ses-1,sub-r050s008,/home/rbielski/stroke_cleaned/ARC_ATLAS_Combined/A_A_Combined_Data/Processed_LowQualityTrain_Split_Data/train_low_quality/t1/sub-r050s008_ses-1_T1w_MNI_norm.nii.gz,/home/rbielski/stroke_cleaned/ARC_ATLAS_Combined/A_A_Combined_Data/Processed_LowQualityTrain_Split_Data/train_low_quality/masks/sub-r050s008_ses-1_lesion_mask_MNI_clean.nii.gz,/home/rbielski/stroke_cleaned/ARC_ATLAS_Combined/A_A_Combined_Data/Processed_HiresLowres_Split_Data/Processed_HiresLowres_All/t1/sub-r050s008_ses-1_T1w_MNI_norm.nii.gz,/home/rbielski/stroke_cleaned/ARC_ATLAS_Combined/A_A_Combined_Data/Processed_HiresLowres_Split_Data/Processed_HiresLowres_All/masks/sub-r050s008_ses-1_lesion_mask_MNI_clean.nii.gz,train_hires,False,43,-3.1805165111734466,16.213275431634948,0.029624839816844772,0.38911494612693787
train_low_quality,lowest_quality_522_of_non_hires_pool,ATLAS,sub-r017s117_ses-1,sub-r017s117,/home/rbielski/stroke_cleaned/ARC_ATLAS_Combined/A_A_Combined_Data/Processed_LowQualityTrain_Split_Data/train_low_quality/t1/sub-r017s117_ses-1_T1w_MNI_norm.nii.gz,/home/rbielski/stroke_cleaned/ARC_ATLAS_Combined/A_A_Combined_Data/Processed_LowQualityTrain_Split_Data/train_low_quality/masks/sub-r017s117_ses-1_lesion_mask_MNI_clean.nii.gz,/home/rbielski/stroke_cleaned/ARC_ATLAS_Combined/A_A_Combined_Data/Processed_HiresLowres_Split_Data/Processed_HiresLowres_All/t1/sub-r017s117_ses-1_T1w_MNI_norm.nii.gz,/home/rbielski/stroke_cleaned/ARC_ATLAS_Combined/A_A_Combined_Data/Processed_HiresLowres_Split_Data/Processed_HiresLowres_All/masks/sub-r017s117_ses-1_lesion_mask_MNI_clean.nii.gz,train_hires,False,44,-3.1570959364624667,15.363288993754432,0.021112611056343187,0.28816014528274536
train_low_quality,lowest_quality_522_of_non_hires_pool,ATLAS,sub-r044s002_ses-1,sub-r044s002,/home/rbielski/stroke_cleaned/ARC_ATLAS_Combined/A_A_Combined_Data/Processed_LowQualityTrain_Split_Data/train_low_quality/t1/sub-r044s002_ses-1_T1w_MNI_norm.nii.gz,/home/rbielski/stroke_cleaned/ARC_ATLAS_Combined/A_A_Combined_Data/Processed_LowQualityTrain_Split_Data/train_low_quality/masks/sub-r044s002_ses-1_lesion_mask_MNI_clean.nii.gz,/home/rbielski/stroke_cleaned/ARC_ATLAS_Combined/A_A_Combined_Data/Processed_HiresLowres_Split_Data/Processed_HiresLowres_All/t1/sub-r044s002_ses-1_T1w_MNI_norm.nii.gz,/home/rbielski/stroke_cleaned/ARC_ATLAS_Combined/A_A_Combined_Data/Processed_HiresLowres_Split_Data/Processed_HiresLowres_All/masks/sub-r044s002_ses-1_lesion_mask_MNI_clean.nii.gz,test_lores,False,45,-3.1341938047560527,15.14981281782346,0.019501186574154252,0.2662900388240814
train_low_quality,lowest_quality_522_of_non_hires_pool,ATLAS,sub-r005s070_ses-1,sub-r005s070,/home/rbielski/stroke_cleaned/ARC_ATLAS_Combined/A_A_Combined_Data/Processed_LowQualityTrain_Split_Data/train_low_quality/t1/sub-r005s070_ses-1_T1w_MNI_norm.nii.gz,/home/rbielski/stroke_cleaned/ARC_ATLAS_Combined/A_A_Combined_Data/Processed_LowQualityTrain_Split_Data/train_low_quality/masks/sub-r005s070_ses-1_lesion_mask_MNI_clean.nii.gz,/home/rbielski/stroke_cleaned/ARC_ATLAS_Combined/A_A_Combined_Data/Processed_HiresLowres_Split_Data/Processed_HiresLowres_All/t1/sub-r005s070_ses-1_T1w_MNI_norm.nii.gz,/home/rbielski/stroke_cleaned/ARC_ATLAS_Combined/A_A_Combined_Data/Processed_HiresLowres_Split_Data/Processed_HiresLowres_All/masks/sub-r005s070_ses-1_lesion_mask_MNI_clean.nii.gz,train_hires,False,46,-3.1255769354774303,15.115042262120468,0.01927012832715487,0.26598840951919556
train_low_quality,lowest_quality_522_of_non_hires_pool,ATLAS,sub-r005s075_ses-1,sub-r005s075,/home/rbielski/stroke_cleaned/ARC_ATLAS_Combined/A_A_Combined_Data/Processed_LowQualityTrain_Split_Data/train_low_quality/t1/sub-r005s075_ses-1_T1w_MNI_norm.nii.gz,/home/rbielski/stroke_cleaned/ARC_ATLAS_Combined/A_A_Combined_Data/Processed_LowQualityTrain_Split_Data/train_low_quality/masks/sub-r005s075_ses-1_lesion_mask_MNI_clean.nii.gz,/home/rbielski/stroke_cleaned/ARC_ATLAS_Combined/A_A_Combined_Data/Processed_HiresLowres_Split_Data/Processed_HiresLowres_All/t1/sub-r005s075_ses-1_T1w_MNI_norm.nii.gz,/home/rbielski/stroke_cleaned/ARC_ATLAS_Combined/A_A_Combined_Data/Processed_HiresLowres_Split_Data/Processed_HiresLowres_All/masks/sub-r005s075_ses-1_lesion_mask_MNI_clean.nii.gz,test_lores,False,47,-3.1182346385703976,15.431069620119994,0.022633652320947453,0.3124305307865143
train_low_quality,lowest_quality_522_of_non_hires_pool,ATLAS,sub-r003s012_ses-1,sub-r003s012,/home/rbielski/stroke_cleaned/ARC_ATLAS_Combined/A_A_Combined_Data/Processed_LowQualityTrain_Split_Data/train_low_quality/t1/sub-r003s012_ses-1_T1w_MNI_norm.nii.gz,/home/rbielski/stroke_cleaned/ARC_ATLAS_Combined/A_A_Combined_Data/Processed_LowQualityTrain_Split_Data/train_low_quality/masks/sub-r003s012_ses-1_lesion_mask_MNI_clean.nii.gz,/home/rbielski/stroke_cleaned/ARC_ATLAS_Combined/A_A_Combined_Data/Processed_HiresLowres_Split_Data/Processed_HiresLowres_All/t1/sub-r003s012_ses-1_T1w_MNI_norm.nii.gz,/home/rbielski/stroke_cleaned/ARC_ATLAS_Combined/A_A_Combined_Data/Processed_HiresLowres_Split_Data/Processed_HiresLowres_All/masks/sub-r003s012_ses-1_lesion_mask_MNI_clean.nii.gz,test_lores,False,48,-3.0974557858913316,15.680289775944079,0.025375209228354168,0.35919302701950073
train_low_quality,lowest_quality_522_of_non_hires_pool,ATLAS,sub-r047s007_ses-1,sub-r047s007,/home/rbielski/stroke_cleaned/ARC_ATLAS_Combined/A_A_Combined_Data/Processed_LowQualityTrain_Split_Data/train_low_quality/t1/sub-r047s007_ses-1_T1w_MNI_norm.nii.gz,/home/rbielski/stroke_cleaned/ARC_ATLAS_Combined/A_A_Combined_Data/Processed_LowQualityTrain_Split_Data/train_low_quality/masks/sub-r047s007_ses-1_lesion_mask_MNI_clean.nii.gz,/home/rbielski/stroke_cleaned/ARC_ATLAS_Combined/A_A_Combined_Data/Processed_HiresLowres_Split_Data/Processed_HiresLowres_All/t1/sub-r047s007_ses-1_T1w_MNI_norm.nii.gz,/home/rbielski/stroke_cleaned/ARC_ATLAS_Combined/A_A_Combined_Data/Processed_HiresLowres_Split_Data/Processed_HiresLowres_All/masks/sub-r047s007_ses-1_lesion_mask_MNI_clean.nii.gz,test_lores,False,49,-3.092607611864219,15.370409816297983,0.022265079084063697,0.3196067214012146
train_low_quality,lowest_quality_522_of_non_hires_pool,ATLAS,sub-r047s044_ses-1,sub-r047s044,/home/rbielski/stroke_cleaned/ARC_ATLAS_Combined/A_A_Combined_Data/Processed_LowQualityTrain_Split_Data/train_low_quality/t1/sub-r047s044_ses-1_T1w_MNI_norm.nii.gz,/home/rbielski/stroke_cleaned/ARC_ATLAS_Combined/A_A_Combined_Data/Processed_LowQualityTrain_Split_Data/train_low_quality/masks/sub-r047s044_ses-1_lesion_mask_MNI_clean.nii.gz,/home/rbielski/stroke_cleaned/ARC_ATLAS_Combined/A_A_Combined_Data/Processed_HiresLowres_Split_Data/Processed_HiresLowres_All/t1/sub-r047s044_ses-1_T1w_MNI_norm.nii.gz,/home/rbielski/stroke_cleaned/ARC_ATLAS_Combined/A_A_Combined_Data/Processed_HiresLowres_Split_Data/Processed_HiresLowres_All/masks/sub-r047s044_ses-1_lesion_mask_MNI_clean.nii.gz,test_lores,False,50,-3.066894866284416,15.431785711602277,0.023533929376590563,0.33615830540657043
train_low_quality,lowest_quality_522_of_non_hires_pool,ATLAS,sub-r011s024_ses-1,sub-r011s024,/home/rbielski/stroke_cleaned/ARC_ATLAS_Combined/A_A_Combined_Data/Processed_LowQualityTrain_Split_Data/train_low_quality/t1/sub-r011s024_ses-1_T1w_MNI_norm.nii.gz,/home/rbielski/stroke_cleaned/ARC_ATLAS_Combined/A_A_Combined_Data/Processed_LowQualityTrain_Split_Data/train_low_quality/masks/sub-r011s024_ses-1_lesion_mask_MNI_clean.nii.gz,/home/rbielski/stroke_cleaned/ARC_ATLAS_Combined/A_A_Combined_Data/Processed_HiresLowres_Split_Data/Processed_HiresLowres_All/t1/sub-r011s024_ses-1_T1w_MNI_norm.nii.gz,/home/rbielski/stroke_cleaned/ARC_ATLAS_Combined/A_A_Combined_Data/Processed_HiresLowres_Split_Data/Processed_HiresLowres_All/masks/sub-r011s024_ses-1_lesion_mask_MNI_clean.nii.gz,test_lores,False,51,-3.0624330903278505,15.516370145552814,0.02538842673280896,0.3325466513633728
train_low_quality,lowest_quality_522_of_non_hires_pool,ATLAS,sub-r052s025_ses-1,sub-r052s025,/home/rbielski/stroke_cleaned/ARC_ATLAS_Combined/A_A_Combined_Data/Processed_LowQualityTrain_Split_Data/train_low_quality/t1/sub-r052s025_ses-1_T1w_MNI_norm.nii.gz,/home/rbielski/stroke_cleaned/ARC_ATLAS_Combined/A_A_Combined_Data/Processed_LowQualityTrain_Split_Data/train_low_quality/masks/sub-r052s025_ses-1_lesion_mask_MNI_clean.nii.gz,/home/rbielski/stroke_cleaned/ARC_ATLAS_Combined/A_A_Combined_Data/Processed_HiresLowres_Split_Data/Processed_HiresLowres_All/t1/sub-r052s025_ses-1_T1w_MNI_norm.nii.gz,/home/rbielski/stroke_cleaned/ARC_ATLAS_Combined/A_A_Combined_Data/Processed_HiresLowres_Split_Data/Processed_HiresLowres_All/masks/sub-r052s025_ses-1_lesion_mask_MNI_clean.nii.gz,test_lores,False,52,-3.0385950904930903,15.996857943903835,0.03228838696858066,0.3794417977333069
train_low_quality,lowest_quality_522_of_non_hires_pool,ATLAS,sub-r034s007_ses-1,sub-r034s007,/home/rbielski/stroke_cleaned/ARC_ATLAS_Combined/A_A_Combined_Data/Processed_LowQualityTrain_Split_Data/train_low_quality/t1/sub-r034s007_ses-1_T1w_MNI_norm.nii.gz,/home/rbielski/stroke_cleaned/ARC_ATLAS_Combined/A_A_Combined_Data/Processed_LowQualityTrain_Split_Data/train_low_quality/masks/sub-r034s007_ses-1_lesion_mask_MNI_clean.nii.gz,/home/rbielski/stroke_cleaned/ARC_ATLAS_Combined/A_A_Combined_Data/Processed_HiresLowres_Split_Data/Processed_HiresLowres_All/t1/sub-r034s007_ses-1_T1w_MNI_norm.nii.gz,/home/rbielski/stroke_cleaned/ARC_ATLAS_Combined/A_A_Combined_Data/Processed_HiresLowres_Split_Data/Processed_HiresLowres_All/masks/sub-r034s007_ses-1_lesion_mask_MNI_clean.nii.gz,test_lores,False,53,-3.0271329179706052,15.343033980975534,0.023560227024674998,0.3377710282802582
train_low_quality,lowest_quality_522_of_non_hires_pool,ATLAS,sub-r040s085_ses-1,sub-r040s085,/home/rbielski/stroke_cleaned/ARC_ATLAS_Combined/A_A_Combined_Data/Processed_LowQualityTrain_Split_Data/train_low_quality/t1/sub-r040s085_ses-1_T1w_MNI_norm.nii.gz,/home/rbielski/stroke_cleaned/ARC_ATLAS_Combined/A_A_Combined_Data/Processed_LowQualityTrain_Split_Data/train_low_quality/masks/sub-r040s085_ses-1_lesion_mask_MNI_clean.nii.gz,/home/rbielski/stroke_cleaned/ARC_ATLAS_Combined/A_A_Combined_Data/Processed_HiresLowres_Split_Data/Processed_HiresLowres_All/t1/sub-r040s085_ses-1_T1w_MNI_norm.nii.gz,/home/rbielski/stroke_cleaned/ARC_ATLAS_Combined/A_A_Combined_Data/Processed_HiresLowres_Split_Data/Processed_HiresLowres_All/masks/sub-r040s085_ses-1_lesion_mask_MNI_clean.nii.gz,train_hires,False,54,-3.0197646476100526,15.126881295508541,0.021774377449954425,0.3060619533061981
train_low_quality,lowest_quality_522_of_non_hires_pool,ATLAS,sub-r018s008_ses-1,sub-r018s008,/home/rbielski/stroke_cleaned/ARC_ATLAS_Combined/A_A_Combined_Data/Processed_LowQualityTrain_Split_Data/train_low_quality/t1/sub-r018s008_ses-1_T1w_MNI_norm.nii.gz,/home/rbielski/stroke_cleaned/ARC_ATLAS_Combined/A_A_Combined_Data/Processed_LowQualityTrain_Split_Data/train_low_quality/masks/sub-r018s008_ses-1_lesion_mask_MNI_clean.nii.gz,/home/rbielski/stroke_cleaned/ARC_ATLAS_Combined/A_A_Combined_Data/Processed_HiresLowres_Split_Data/Processed_HiresLowres_All/t1/sub-r018s008_ses-1_T1w_MNI_norm.nii.gz,/home/rbielski/stroke_cleaned/ARC_ATLAS_Combined/A_A_Combined_Data/Processed_HiresLowres_Split_Data/Processed_HiresLowres_All/masks/sub-r018s008_ses-1_lesion_mask_MNI_clean.nii.gz,test_lores,False,55,-2.9833578899080555,15.179142297373565,0.02335074115759885,0.3222387433052063
train_low_quality,lowest_quality_522_of_non_hires_pool,ATLAS,sub-r018s010_ses-1,sub-r018s010,/home/rbielski/stroke_cleaned/ARC_ATLAS_Combined/A_A_Combined_Data/Processed_LowQualityTrain_Split_Data/train_low_quality/t1/sub-r018s010_ses-1_T1w_MNI_norm.nii.gz,/home/rbielski/stroke_cleaned/ARC_ATLAS_Combined/A_A_Combined_Data/Processed_LowQualityTrain_Split_Data/train_low_quality/masks/sub-r018s010_ses-1_lesion_mask_MNI_clean.nii.gz,/home/rbielski/stroke_cleaned/ARC_ATLAS_Combined/A_A_Combined_Data/Processed_HiresLowres_Split_Data/Processed_HiresLowres_All/t1/sub-r018s010_ses-1_T1w_MNI_norm.nii.gz,/home/rbielski/stroke_cleaned/ARC_ATLAS_Combined/A_A_Combined_Data/Processed_HiresLowres_Split_Data/Processed_HiresLowres_All/masks/sub-r018s010_ses-1_lesion_mask_MNI_clean.nii.gz,train_hires,False,56,-2.9830367466186063,14.833560924416116,0.020017635810470488,0.2715269923210144
train_low_quality,lowest_quality_522_of_non_hires_pool,ATLAS,sub-r011s003_ses-1,sub-r011s003,/home/rbielski/stroke_cleaned/ARC_ATLAS_Combined/A_A_Combined_Data/Processed_LowQualityTrain_Split_Data/train_low_quality/t1/sub-r011s003_ses-1_T1w_MNI_norm.nii.gz,/home/rbielski/stroke_cleaned/ARC_ATLAS_Combined/A_A_Combined_Data/Processed_LowQualityTrain_Split_Data/train_low_quality/masks/sub-r011s003_ses-1_lesion_mask_MNI_clean.nii.gz,/home/rbielski/stroke_cleaned/ARC_ATLAS_Combined/A_A_Combined_Data/Processed_HiresLowres_Split_Data/Processed_HiresLowres_All/t1/sub-r011s003_ses-1_T1w_MNI_norm.nii.gz,/home/rbielski/stroke_cleaned/ARC_ATLAS_Combined/A_A_Combined_Data/Processed_HiresLowres_Split_Data/Processed_HiresLowres_All/masks/sub-r011s003_ses-1_lesion_mask_MNI_clean.nii.gz,train_hires,False,57,-2.940692840588802,15.18042662136579,0.025143977286780556,0.32245969772338867
train_low_quality,lowest_quality_522_of_non_hires_pool,ATLAS,sub-r015s025_ses-1,sub-r015s025,/home/rbielski/stroke_cleaned/ARC_ATLAS_Combined/A_A_Combined_Data/Processed_LowQualityTrain_Split_Data/train_low_quality/t1/sub-r015s025_ses-1_T1w_MNI_norm.nii.gz,/home/rbielski/stroke_cleaned/ARC_ATLAS_Combined/A_A_Combined_Data/Processed_LowQualityTrain_Split_Data/train_low_quality/masks/sub-r015s025_ses-1_lesion_mask_MNI_clean.nii.gz,/home/rbielski/stroke_cleaned/ARC_ATLAS_Combined/A_A_Combined_Data/Processed_HiresLowres_Split_Data/Processed_HiresLowres_All/t1/sub-r015s025_ses-1_T1w_MNI_norm.nii.gz,/home/rbielski/stroke_cleaned/ARC_ATLAS_Combined/A_A_Combined_Data/Processed_HiresLowres_Split_Data/Processed_HiresLowres_All/masks/sub-r015s025_ses-1_lesion_mask_MNI_clean.nii.gz,test_lores,False,58,-2.9298141820873607,14.634082381638404,0.01972619069023532,0.25326502323150635
train_low_quality,lowest_quality_522_of_non_hires_pool,ATLAS,sub-r015s011_ses-1,sub-r015s011,/home/rbielski/stroke_cleaned/ARC_ATLAS_Combined/A_A_Combined_Data/Processed_LowQualityTrain_Split_Data/train_low_quality/t1/sub-r015s011_ses-1_T1w_MNI_norm.nii.gz,/home/rbielski/stroke_cleaned/ARC_ATLAS_Combined/A_A_Combined_Data/Processed_LowQualityTrain_Split_Data/train_low_quality/masks/sub-r015s011_ses-1_lesion_mask_MNI_clean.nii.gz,/home/rbielski/stroke_cleaned/ARC_ATLAS_Combined/A_A_Combined_Data/Processed_HiresLowres_Split_Data/Processed_HiresLowres_All/t1/sub-r015s011_ses-1_T1w_MNI_norm.nii.gz,/home/rbielski/stroke_cleaned/ARC_ATLAS_Combined/A_A_Combined_Data/Processed_HiresLowres_Split_Data/Processed_HiresLowres_All/masks/sub-r015s011_ses-1_lesion_mask_MNI_clean.nii.gz,test_lores,False,59,-2.9290082707010967,14.803150883525817,0.021107944327228487,0.2835317850112915
train_low_quality,lowest_quality_522_of_non_hires_pool,ATLAS,sub-r017s110_ses-1,sub-r017s110,/home/rbielski/stroke_cleaned/ARC_ATLAS_Combined/A_A_Combined_Data/Processed_LowQualityTrain_Split_Data/train_low_quality/t1/sub-r017s110_ses-1_T1w_MNI_norm.nii.gz,/home/rbielski/stroke_cleaned/ARC_ATLAS_Combined/A_A_Combined_Data/Processed_LowQualityTrain_Split_Data/train_low_quality/masks/sub-r017s110_ses-1_lesion_mask_MNI_clean.nii.gz,/home/rbielski/stroke_cleaned/ARC_ATLAS_Combined/A_A_Combined_Data/Processed_HiresLowres_Split_Data/Processed_HiresLowres_All/t1/sub-r017s110_ses-1_T1w_MNI_norm.nii.gz,/home/rbielski/stroke_cleaned/ARC_ATLAS_Combined/A_A_Combined_Data/Processed_HiresLowres_Split_Data/Processed_HiresLowres_All/masks/sub-r017s110_ses-1_lesion_mask_MNI_clean.nii.gz,test_lores,False,60,-2.9121837518554985,14.656168097060885,0.020202500661485677,0.26545506715774536
train_low_quality,lowest_quality_522_of_non_hires_pool,ATLAS,sub-r027s042_ses-1,sub-r027s042,/home/rbielski/stroke_cleaned/ARC_ATLAS_Combined/A_A_Combined_Data/Processed_LowQualityTrain_Split_Data/train_low_quality/t1/sub-r027s042_ses-1_T1w_MNI_norm.nii.gz,/home/rbielski/stroke_cleaned/ARC_ATLAS_Combined/A_A_Combined_Data/Processed_LowQualityTrain_Split_Data/train_low_quality/masks/sub-r027s042_ses-1_lesion_mask_MNI_clean.nii.gz,/home/rbielski/stroke_cleaned/ARC_ATLAS_Combined/A_A_Combined_Data/Processed_HiresLowres_Split_Data/Processed_HiresLowres_All/t1/sub-r027s042_ses-1_T1w_MNI_norm.nii.gz,/home/rbielski/stroke_cleaned/ARC_ATLAS_Combined/A_A_Combined_Data/Processed_HiresLowres_Split_Data/Processed_HiresLowres_All/masks/sub-r027s042_ses-1_lesion_mask_MNI_clean.nii.gz,test_lores,False,61,-2.9091036037187026,15.399062716529713,0.02683165752866912,0.38755959272384644
train_low_quality,lowest_quality_522_of_non_hires_pool,ATLAS,sub-r040s064_ses-1,sub-r040s064,/home/rbielski/stroke_cleaned/ARC_ATLAS_Combined/A_A_Combined_Data/Processed_LowQualityTrain_Split_Data/train_low_quality/t1/sub-r040s064_ses-1_T1w_MNI_norm.nii.gz,/home/rbielski/stroke_cleaned/ARC_ATLAS_Combined/A_A_Combined_Data/Processed_LowQualityTrain_Split_Data/train_low_quality/masks/sub-r040s064_ses-1_lesion_mask_MNI_clean.nii.gz,/home/rbielski/stroke_cleaned/ARC_ATLAS_Combined/A_A_Combined_Data/Processed_HiresLowres_Split_Data/Processed_HiresLowres_All/t1/sub-r040s064_ses-1_T1w_MNI_norm.nii.gz,/home/rbielski/stroke_cleaned/ARC_ATLAS_Combined/A_A_Combined_Data/Processed_HiresLowres_Split_Data/Processed_HiresLowres_All/masks/sub-r040s064_ses-1_lesion_mask_MNI_clean.nii.gz,test_lores,False,62,-2.896903171285226,14.744395781430917,0.02089492904414621,0.293507844209671
train_low_quality,lowest_quality_522_of_non_hires_pool,ATLAS,sub-r047s006_ses-1,sub-r047s006,/home/rbielski/stroke_cleaned/ARC_ATLAS_Combined/A_A_Combined_Data/Processed_LowQualityTrain_Split_Data/train_low_quality/t1/sub-r047s006_ses-1_T1w_MNI_norm.nii.gz,/home/rbielski/stroke_cleaned/ARC_ATLAS_Combined/A_A_Combined_Data/Processed_LowQualityTrain_Split_Data/train_low_quality/masks/sub-r047s006_ses-1_lesion_mask_MNI_clean.nii.gz,/home/rbielski/stroke_cleaned/ARC_ATLAS_Combined/A_A_Combined_Data/Processed_HiresLowres_Split_Data/Processed_HiresLowres_All/t1/sub-r047s006_ses-1_T1w_MNI_norm.nii.gz,/home/rbielski/stroke_cleaned/ARC_ATLAS_Combined/A_A_Combined_Data/Processed_HiresLowres_Split_Data/Processed_HiresLowres_All/masks/sub-r047s006_ses-1_lesion_mask_MNI_clean.nii.gz,test_lores,False,63,-2.8836841549991057,15.070880132409043,0.024388756873033556,0.3455703854560852
train_low_quality,lowest_quality_522_of_non_hires_pool,ATLAS,sub-r005s015_ses-1,sub-r005s015,/home/rbielski/stroke_cleaned/ARC_ATLAS_Combined/A_A_Combined_Data/Processed_LowQualityTrain_Split_Data/train_low_quality/t1/sub-r005s015_ses-1_T1w_MNI_norm.nii.gz,/home/rbielski/stroke_cleaned/ARC_ATLAS_Combined/A_A_Combined_Data/Processed_LowQualityTrain_Split_Data/train_low_quality/masks/sub-r005s015_ses-1_lesion_mask_MNI_clean.nii.gz,/home/rbielski/stroke_cleaned/ARC_ATLAS_Combined/A_A_Combined_Data/Processed_HiresLowres_Split_Data/Processed_HiresLowres_All/t1/sub-r005s015_ses-1_T1w_MNI_norm.nii.gz,/home/rbielski/stroke_cleaned/ARC_ATLAS_Combined/A_A_Combined_Data/Processed_HiresLowres_Split_Data/Processed_HiresLowres_All/masks/sub-r005s015_ses-1_lesion_mask_MNI_clean.nii.gz,test_lores,False,64,-2.8612867349153452,15.181738077313584,0.025602534622559132,0.3768521547317505
train_low_quality,lowest_quality_522_of_non_hires_pool,ATLAS,sub-r052s026_ses-1,sub-r052s026,/home/rbielski/stroke_cleaned/ARC_ATLAS_Combined/A_A_Combined_Data/Processed_LowQualityTrain_Split_Data/train_low_quality/t1/sub-r052s026_ses-1_T1w_MNI_norm.nii.gz,/home/rbielski/stroke_cleaned/ARC_ATLAS_Combined/A_A_Combined_Data/Processed_LowQualityTrain_Split_Data/train_low_quality/masks/sub-r052s026_ses-1_lesion_mask_MNI_clean.nii.gz,/home/rbielski/stroke_cleaned/ARC_ATLAS_Combined/A_A_Combined_Data/Processed_HiresLowres_Split_Data/Processed_HiresLowres_All/t1/sub-r052s026_ses-1_T1w_MNI_norm.nii.gz,/home/rbielski/stroke_cleaned/ARC_ATLAS_Combined/A_A_Combined_Data/Processed_HiresLowres_Split_Data/Processed_HiresLowres_All/masks/sub-r052s026_ses-1_lesion_mask_MNI_clean.nii.gz,test_lores,False,65,-2.8423170038945313,14.846306229346665,0.02369191259309877,0.3173421323299408
train_low_quality,lowest_quality_522_of_non_hires_pool,ATLAS,sub-r011s033_ses-1,sub-r011s033,/home/rbielski/stroke_cleaned/ARC_ATLAS_Combined/A_A_Combined_Data/Processed_LowQualityTrain_Split_Data/train_low_quality/t1/sub-r011s033_ses-1_T1w_MNI_norm.nii.gz,/home/rbielski/stroke_cleaned/ARC_ATLAS_Combined/A_A_Combined_Data/Processed_LowQualityTrain_Split_Data/train_low_quality/masks/sub-r011s033_ses-1_lesion_mask_MNI_clean.nii.gz,/home/rbielski/stroke_cleaned/ARC_ATLAS_Combined/A_A_Combined_Data/Processed_HiresLowres_Split_Data/Processed_HiresLowres_All/t1/sub-r011s033_ses-1_T1w_MNI_norm.nii.gz,/home/rbielski/stroke_cleaned/ARC_ATLAS_Combined/A_A_Combined_Data/Processed_HiresLowres_Split_Data/Processed_HiresLowres_All/masks/sub-r011s033_ses-1_lesion_mask_MNI_clean.nii.gz,train_hires,False,66,-2.830292100254252,15.246471056005593,0.027731372169909934,0.3824435770511627
train_low_quality,lowest_quality_522_of_non_hires_pool,ATLAS,sub-r050s005_ses-1,sub-r050s005,/home/rbielski/stroke_cleaned/ARC_ATLAS_Combined/A_A_Combined_Data/Processed_LowQualityTrain_Split_Data/train_low_quality/t1/sub-r050s005_ses-1_T1w_MNI_norm.nii.gz,/home/rbielski/stroke_cleaned/ARC_ATLAS_Combined/A_A_Combined_Data/Processed_LowQualityTrain_Split_Data/train_low_quality/masks/sub-r050s005_ses-1_lesion_mask_MNI_clean.nii.gz,/home/rbielski/stroke_cleaned/ARC_ATLAS_Combined/A_A_Combined_Data/Processed_HiresLowres_Split_Data/Processed_HiresLowres_All/t1/sub-r050s005_ses-1_T1w_MNI_norm.nii.gz,/home/rbielski/stroke_cleaned/ARC_ATLAS_Combined/A_A_Combined_Data/Processed_HiresLowres_Split_Data/Processed_HiresLowres_All/masks/sub-r050s005_ses-1_lesion_mask_MNI_clean.nii.gz,test_lores,False,67,-2.8234263948659803,16.03191456218104,0.03595635071425848,0.49143415689468384
train_low_quality,lowest_quality_522_of_non_hires_pool,ATLAS,sub-r003s006_ses-1,sub-r003s006,/home/rbielski/stroke_cleaned/ARC_ATLAS_Combined/A_A_Combined_Data/Processed_LowQualityTrain_Split_Data/train_low_quality/t1/sub-r003s006_ses-1_T1w_MNI_norm.nii.gz,/home/rbielski/stroke_cleaned/ARC_ATLAS_Combined/A_A_Combined_Data/Processed_LowQualityTrain_Split_Data/train_low_quality/masks/sub-r003s006_ses-1_lesion_mask_MNI_clean.nii.gz,/home/rbielski/stroke_cleaned/ARC_ATLAS_Combined/A_A_Combined_Data/Processed_HiresLowres_Split_Data/Processed_HiresLowres_All/t1/sub-r003s006_ses-1_T1w_MNI_norm.nii.gz,/home/rbielski/stroke_cleaned/ARC_ATLAS_Combined/A_A_Combined_Data/Processed_HiresLowres_Split_Data/Processed_HiresLowres_All/masks/sub-r003s006_ses-1_lesion_mask_MNI_clean.nii.gz,train_hires,False,68,-2.7734862647047693,14.71385705467463,0.023522867792477573,0.33116480708122253
train_low_quality,lowest_quality_522_of_non_hires_pool,ATLAS,sub-r034s003_ses-1,sub-r034s003,/home/rbielski/stroke_cleaned/ARC_ATLAS_Combined/A_A_Combined_Data/Processed_LowQualityTrain_Split_Data/train_low_quality/t1/sub-r034s003_ses-1_T1w_MNI_norm.nii.gz,/home/rbielski/stroke_cleaned/ARC_ATLAS_Combined/A_A_Combined_Data/Processed_LowQualityTrain_Split_Data/train_low_quality/masks/sub-r034s003_ses-1_lesion_mask_MNI_clean.nii.gz,/home/rbielski/stroke_cleaned/ARC_ATLAS_Combined/A_A_Combined_Data/Processed_HiresLowres_Split_Data/Processed_HiresLowres_All/t1/sub-r034s003_ses-1_T1w_MNI_norm.nii.gz,/home/rbielski/stroke_cleaned/ARC_ATLAS_Combined/A_A_Combined_Data/Processed_HiresLowres_Split_Data/Processed_HiresLowres_All/masks/sub-r034s003_ses-1_lesion_mask_MNI_clean.nii.gz,test_lores,False,69,-2.7679665121161268,14.844468194595018,0.024812996246805497,0.3542057275772095
train_low_quality,lowest_quality_522_of_non_hires_pool,ATLAS,sub-r052s019_ses-1,sub-r052s019,/home/rbielski/stroke_cleaned/ARC_ATLAS_Combined/A_A_Combined_Data/Processed_LowQualityTrain_Split_Data/train_low_quality/t1/sub-r052s019_ses-1_T1w_MNI_norm.nii.gz,/home/rbielski/stroke_cleaned/ARC_ATLAS_Combined/A_A_Combined_Data/Processed_LowQualityTrain_Split_Data/train_low_quality/masks/sub-r052s019_ses-1_lesion_mask_MNI_clean.nii.gz,/home/rbielski/stroke_cleaned/ARC_ATLAS_Combined/A_A_Combined_Data/Processed_HiresLowres_Split_Data/Processed_HiresLowres_All/t1/sub-r052s019_ses-1_T1w_MNI_norm.nii.gz,/home/rbielski/stroke_cleaned/ARC_ATLAS_Combined/A_A_Combined_Data/Processed_HiresLowres_Split_Data/Processed_HiresLowres_All/masks/sub-r052s019_ses-1_lesion_mask_MNI_clean.nii.gz,test_lores,False,70,-2.7662828681247325,15.260562318882368,0.030187380354479876,0.3912062644958496
train_low_quality,lowest_quality_522_of_non_hires_pool,ATLAS,sub-r003s007_ses-1,sub-r003s007,/home/rbielski/stroke_cleaned/ARC_ATLAS_Combined/A_A_Combined_Data/Processed_LowQualityTrain_Split_Data/train_low_quality/t1/sub-r003s007_ses-1_T1w_MNI_norm.nii.gz,/home/rbielski/stroke_cleaned/ARC_ATLAS_Combined/A_A_Combined_Data/Processed_LowQualityTrain_Split_Data/train_low_quality/masks/sub-r003s007_ses-1_lesion_mask_MNI_clean.nii.gz,/home/rbielski/stroke_cleaned/ARC_ATLAS_Combined/A_A_Combined_Data/Processed_HiresLowres_Split_Data/Processed_HiresLowres_All/t1/sub-r003s007_ses-1_T1w_MNI_norm.nii.gz,/home/rbielski/stroke_cleaned/ARC_ATLAS_Combined/A_A_Combined_Data/Processed_HiresLowres_Split_Data/Processed_HiresLowres_All/masks/sub-r003s007_ses-1_lesion_mask_MNI_clean.nii.gz,test_lores,False,71,-2.7363553900073647,15.34382919911587,0.030334453541776378,0.43946710228919983
train_low_quality,lowest_quality_522_of_non_hires_pool,ATLAS,sub-r005s058_ses-1,sub-r005s058,/home/rbielski/stroke_cleaned/ARC_ATLAS_Combined/A_A_Combined_Data/Processed_LowQualityTrain_Split_Data/train_low_quality/t1/sub-r005s058_ses-1_T1w_MNI_norm.nii.gz,/home/rbielski/stroke_cleaned/ARC_ATLAS_Combined/A_A_Combined_Data/Processed_LowQualityTrain_Split_Data/train_low_quality/masks/sub-r005s058_ses-1_lesion_mask_MNI_clean.nii.gz,/home/rbielski/stroke_cleaned/ARC_ATLAS_Combined/A_A_Combined_Data/Processed_HiresLowres_Split_Data/Processed_HiresLowres_All/t1/sub-r005s058_ses-1_T1w_MNI_norm.nii.gz,/home/rbielski/stroke_cleaned/ARC_ATLAS_Combined/A_A_Combined_Data/Processed_HiresLowres_Split_Data/Processed_HiresLowres_All/masks/sub-r005s058_ses-1_lesion_mask_MNI_clean.nii.gz,test_lores,False,72,-2.7334447213203896,14.199357653126743,0.019453867635549522,0.27000269293785095
train_low_quality,lowest_quality_522_of_non_hires_pool,ATLAS,sub-r015s026_ses-1,sub-r015s026,/home/rbielski/stroke_cleaned/ARC_ATLAS_Combined/A_A_Combined_Data/Processed_LowQualityTrain_Split_Data/train_low_quality/t1/sub-r015s026_ses-1_T1w_MNI_norm.nii.gz,/home/rbielski/stroke_cleaned/ARC_ATLAS_Combined/A_A_Combined_Data/Processed_LowQualityTrain_Split_Data/train_low_quality/masks/sub-r015s026_ses-1_lesion_mask_MNI_clean.nii.gz,/home/rbielski/stroke_cleaned/ARC_ATLAS_Combined/A_A_Combined_Data/Processed_HiresLowres_Split_Data/Processed_HiresLowres_All/t1/sub-r015s026_ses-1_T1w_MNI_norm.nii.gz,/home/rbielski/stroke_cleaned/ARC_ATLAS_Combined/A_A_Combined_Data/Processed_HiresLowres_Split_Data/Processed_HiresLowres_All/masks/sub-r015s026_ses-1_lesion_mask_MNI_clean.nii.gz,test_lores,False,73,-2.730344868889701,14.693966984456665,0.024553175653132083,0.33918359875679016
train_low_quality,lowest_quality_522_of_non_hires_pool,ATLAS,sub-r003s002_ses-1,sub-r003s002,/home/rbielski/stroke_cleaned/ARC_ATLAS_Combined/A_A_Combined_Data/Processed_LowQualityTrain_Split_Data/train_low_quality/t1/sub-r003s002_ses-1_T1w_MNI_norm.nii.gz,/home/rbielski/stroke_cleaned/ARC_ATLAS_Combined/A_A_Combined_Data/Processed_LowQualityTrain_Split_Data/train_low_quality/masks/sub-r003s002_ses-1_lesion_mask_MNI_clean.nii.gz,/home/rbielski/stroke_cleaned/ARC_ATLAS_Combined/A_A_Combined_Data/Processed_HiresLowres_Split_Data/Processed_HiresLowres_All/t1/sub-r003s002_ses-1_T1w_MNI_norm.nii.gz,/home/rbielski/stroke_cleaned/ARC_ATLAS_Combined/A_A_Combined_Data/Processed_HiresLowres_Split_Data/Processed_HiresLowres_All/masks/sub-r003s002_ses-1_lesion_mask_MNI_clean.nii.gz,test_lores,False,74,-2.7264405697142573,14.692753957616613,0.024228300919092168,0.34799426794052124
train_low_quality,lowest_quality_522_of_non_hires_pool,ATLAS,sub-r018s012_ses-1,sub-r018s012,/home/rbielski/stroke_cleaned/ARC_ATLAS_Combined/A_A_Combined_Data/Processed_LowQualityTrain_Split_Data/train_low_quality/t1/sub-r018s012_ses-1_T1w_MNI_norm.nii.gz,/home/rbielski/stroke_cleaned/ARC_ATLAS_Combined/A_A_Combined_Data/Processed_LowQualityTrain_Split_Data/train_low_quality/masks/sub-r018s012_ses-1_lesion_mask_MNI_clean.nii.gz,/home/rbielski/stroke_cleaned/ARC_ATLAS_Combined/A_A_Combined_Data/Processed_HiresLowres_Split_Data/Processed_HiresLowres_All/t1/sub-r018s012_ses-1_T1w_MNI_norm.nii.gz,/home/rbielski/stroke_cleaned/ARC_ATLAS_Combined/A_A_Combined_Data/Processed_HiresLowres_Split_Data/Processed_HiresLowres_All/masks/sub-r018s012_ses-1_lesion_mask_MNI_clean.nii.gz,test_lores,False,75,-2.708809812520507,14.194619117912556,0.02025938522475016,0.2726636528968811
train_low_quality,lowest_quality_522_of_non_hires_pool,ATLAS,sub-r047s015_ses-1,sub-r047s015,/home/rbielski/stroke_cleaned/ARC_ATLAS_Combined/A_A_Combined_Data/Processed_LowQualityTrain_Split_Data/train_low_quality/t1/sub-r047s015_ses-1_T1w_MNI_norm.nii.gz,/home/rbielski/stroke_cleaned/ARC_ATLAS_Combined/A_A_Combined_Data/Processed_LowQualityTrain_Split_Data/train_low_quality/masks/sub-r047s015_ses-1_lesion_mask_MNI_clean.nii.gz,/home/rbielski/stroke_cleaned/ARC_ATLAS_Combined/A_A_Combined_Data/Processed_HiresLowres_Split_Data/Processed_HiresLowres_All/t1/sub-r047s015_ses-1_T1w_MNI_norm.nii.gz,/home/rbielski/stroke_cleaned/ARC_ATLAS_Combined/A_A_Combined_Data/Processed_HiresLowres_Split_Data/Processed_HiresLowres_All/masks/sub-r047s015_ses-1_lesion_mask_MNI_clean.nii.gz,train_hires,False,76,-2.702329351234865,14.62379983748413,0.023977220379184334,0.34902453422546387
train_low_quality,lowest_quality_522_of_non_hires_pool,ATLAS,sub-r018s001_ses-1,sub-r018s001,/home/rbielski/stroke_cleaned/ARC_ATLAS_Combined/A_A_Combined_Data/Processed_LowQualityTrain_Split_Data/train_low_quality/t1/sub-r018s001_ses-1_T1w_MNI_norm.nii.gz,/home/rbielski/stroke_cleaned/ARC_ATLAS_Combined/A_A_Combined_Data/Processed_LowQualityTrain_Split_Data/train_low_quality/masks/sub-r018s001_ses-1_lesion_mask_MNI_clean.nii.gz,/home/rbielski/stroke_cleaned/ARC_ATLAS_Combined/A_A_Combined_Data/Processed_HiresLowres_Split_Data/Processed_HiresLowres_All/t1/sub-r018s001_ses-1_T1w_MNI_norm.nii.gz,/home/rbielski/stroke_cleaned/ARC_ATLAS_Combined/A_A_Combined_Data/Processed_HiresLowres_Split_Data/Processed_HiresLowres_All/masks/sub-r018s001_ses-1_lesion_mask_MNI_clean.nii.gz,test_lores,False,77,-2.6915200990010035,14.40432835128236,0.022500364882377118,0.3131032884120941
train_low_quality,lowest_quality_522_of_non_hires_pool,ATLAS,sub-r015s001_ses-1,sub-r015s001,/home/rbielski/stroke_cleaned/ARC_ATLAS_Combined/A_A_Combined_Data/Processed_LowQualityTrain_Split_Data/train_low_quality/t1/sub-r015s001_ses-1_T1w_MNI_norm.nii.gz,/home/rbielski/stroke_cleaned/ARC_ATLAS_Combined/A_A_Combined_Data/Processed_LowQualityTrain_Split_Data/train_low_quality/masks/sub-r015s001_ses-1_lesion_mask_MNI_clean.nii.gz,/home/rbielski/stroke_cleaned/ARC_ATLAS_Combined/A_A_Combined_Data/Processed_HiresLowres_Split_Data/Processed_HiresLowres_All/t1/sub-r015s001_ses-1_T1w_MNI_norm.nii.gz,/home/rbielski/stroke_cleaned/ARC_ATLAS_Combined/A_A_Combined_Data/Processed_HiresLowres_Split_Data/Processed_HiresLowres_All/masks/sub-r015s001_ses-1_lesion_mask_MNI_clean.nii.gz,train_hires,False,78,-2.6791117301713503,14.556292169253961,0.02425985452525361,0.33975347876548767
train_low_quality,lowest_quality_522_of_non_hires_pool,ATLAS,sub-r034s009_ses-1,sub-r034s009,/home/rbielski/stroke_cleaned/ARC_ATLAS_Combined/A_A_Combined_Data/Processed_LowQualityTrain_Split_Data/train_low_quality/t1/sub-r034s009_ses-1_T1w_MNI_norm.nii.gz,/home/rbielski/stroke_cleaned/ARC_ATLAS_Combined/A_A_Combined_Data/Processed_LowQualityTrain_Split_Data/train_low_quality/masks/sub-r034s009_ses-1_lesion_mask_MNI_clean.nii.gz,/home/rbielski/stroke_cleaned/ARC_ATLAS_Combined/A_A_Combined_Data/Processed_HiresLowres_Split_Data/Processed_HiresLowres_All/t1/sub-r034s009_ses-1_T1w_MNI_norm.nii.gz,/home/rbielski/stroke_cleaned/ARC_ATLAS_Combined/A_A_Combined_Data/Processed_HiresLowres_Split_Data/Processed_HiresLowres_All/masks/sub-r034s009_ses-1_lesion_mask_MNI_clean.nii.gz,test_lores,False,79,-2.6744846511853115,15.741512561728204,0.03560218463930098,0.519874095916748
train_low_quality,lowest_quality_522_of_non_hires_pool,ATLAS,sub-r014s010_ses-1,sub-r014s010,/home/rbielski/stroke_cleaned/ARC_ATLAS_Combined/A_A_Combined_Data/Processed_LowQualityTrain_Split_Data/train_low_quality/t1/sub-r014s010_ses-1_T1w_MNI_norm.nii.gz,/home/rbielski/stroke_cleaned/ARC_ATLAS_Combined/A_A_Combined_Data/Processed_LowQualityTrain_Split_Data/train_low_quality/masks/sub-r014s010_ses-1_lesion_mask_MNI_clean.nii.gz,/home/rbielski/stroke_cleaned/ARC_ATLAS_Combined/A_A_Combined_Data/Processed_HiresLowres_Split_Data/Processed_HiresLowres_All/t1/sub-r014s010_ses-1_T1w_MNI_norm.nii.gz,/home/rbielski/stroke_cleaned/ARC_ATLAS_Combined/A_A_Combined_Data/Processed_HiresLowres_Split_Data/Processed_HiresLowres_All/masks/sub-r014s010_ses-1_lesion_mask_MNI_clean.nii.gz,train_hires,False,80,-2.672949843389108,14.22631557071337,0.02122924391089996,0.2930801212787628
train_low_quality,lowest_quality_522_of_non_hires_pool,ATLAS,sub-r034s010_ses-1,sub-r034s010,/home/rbielski/stroke_cleaned/ARC_ATLAS_Combined/A_A_Combined_Data/Processed_LowQualityTrain_Split_Data/train_low_quality/t1/sub-r034s010_ses-1_T1w_MNI_norm.nii.gz,/home/rbielski/stroke_cleaned/ARC_ATLAS_Combined/A_A_Combined_Data/Processed_LowQualityTrain_Split_Data/train_low_quality/masks/sub-r034s010_ses-1_lesion_mask_MNI_clean.nii.gz,/home/rbielski/stroke_cleaned/ARC_ATLAS_Combined/A_A_Combined_Data/Processed_HiresLowres_Split_Data/Processed_HiresLowres_All/t1/sub-r034s010_ses-1_T1w_MNI_norm.nii.gz,/home/rbielski/stroke_cleaned/ARC_ATLAS_Combined/A_A_Combined_Data/Processed_HiresLowres_Split_Data/Processed_HiresLowres_All/masks/sub-r034s010_ses-1_lesion_mask_MNI_clean.nii.gz,train_hires,False,81,-2.6638414578502037,15.09703275039841,0.02916176250297173,0.4374578893184662
train_low_quality,lowest_quality_522_of_non_hires_pool,ATLAS,sub-r015s008_ses-1,sub-r015s008,/home/rbielski/stroke_cleaned/ARC_ATLAS_Combined/A_A_Combined_Data/Processed_LowQualityTrain_Split_Data/train_low_quality/t1/sub-r015s008_ses-1_T1w_MNI_norm.nii.gz,/home/rbielski/stroke_cleaned/ARC_ATLAS_Combined/A_A_Combined_Data/Processed_LowQualityTrain_Split_Data/train_low_quality/masks/sub-r015s008_ses-1_lesion_mask_MNI_clean.nii.gz,/home/rbielski/stroke_cleaned/ARC_ATLAS_Combined/A_A_Combined_Data/Processed_HiresLowres_Split_Data/Processed_HiresLowres_All/t1/sub-r015s008_ses-1_T1w_MNI_norm.nii.gz,/home/rbielski/stroke_cleaned/ARC_ATLAS_Combined/A_A_Combined_Data/Processed_HiresLowres_Split_Data/Processed_HiresLowres_All/masks/sub-r015s008_ses-1_lesion_mask_MNI_clean.nii.gz,test_lores,False,82,-2.661825340127645,14.70949430945703,0.026449338881387355,0.3625425398349762
train_low_quality,lowest_quality_522_of_non_hires_pool,ATLAS,sub-r052s027_ses-1,sub-r052s027,/home/rbielski/stroke_cleaned/ARC_ATLAS_Combined/A_A_Combined_Data/Processed_LowQualityTrain_Split_Data/train_low_quality/t1/sub-r052s027_ses-1_T1w_MNI_norm.nii.gz,/home/rbielski/stroke_cleaned/ARC_ATLAS_Combined/A_A_Combined_Data/Processed_LowQualityTrain_Split_Data/train_low_quality/masks/sub-r052s027_ses-1_lesion_mask_MNI_clean.nii.gz,/home/rbielski/stroke_cleaned/ARC_ATLAS_Combined/A_A_Combined_Data/Processed_HiresLowres_Split_Data/Processed_HiresLowres_All/t1/sub-r052s027_ses-1_T1w_MNI_norm.nii.gz,/home/rbielski/stroke_cleaned/ARC_ATLAS_Combined/A_A_Combined_Data/Processed_HiresLowres_Split_Data/Processed_HiresLowres_All/masks/sub-r052s027_ses-1_lesion_mask_MNI_clean.nii.gz,train_hires,False,83,-2.6606508960246673,14.888071862813634,0.029720187813017825,0.3605785667896271
train_low_quality,lowest_quality_522_of_non_hires_pool,ATLAS,sub-r052s029_ses-1,sub-r052s029,/home/rbielski/stroke_cleaned/ARC_ATLAS_Combined/A_A_Combined_Data/Processed_LowQualityTrain_Split_Data/train_low_quality/t1/sub-r052s029_ses-1_T1w_MNI_norm.nii.gz,/home/rbielski/stroke_cleaned/ARC_ATLAS_Combined/A_A_Combined_Data/Processed_LowQualityTrain_Split_Data/train_low_quality/masks/sub-r052s029_ses-1_lesion_mask_MNI_clean.nii.gz,/home/rbielski/stroke_cleaned/ARC_ATLAS_Combined/A_A_Combined_Data/Processed_HiresLowres_Split_Data/Processed_HiresLowres_All/t1/sub-r052s029_ses-1_T1w_MNI_norm.nii.gz,/home/rbielski/stroke_cleaned/ARC_ATLAS_Combined/A_A_Combined_Data/Processed_HiresLowres_Split_Data/Processed_HiresLowres_All/masks/sub-r052s029_ses-1_lesion_mask_MNI_clean.nii.gz,train_hires,False,84,-2.654854564747085,14.846239509109708,0.028893140579115635,0.36697453260421753
train_low_quality,lowest_quality_522_of_non_hires_pool,ATLAS,sub-r040s067_ses-1,sub-r040s067,/home/rbielski/stroke_cleaned/ARC_ATLAS_Combined/A_A_Combined_Data/Processed_LowQualityTrain_Split_Data/train_low_quality/t1/sub-r040s067_ses-1_T1w_MNI_norm.nii.gz,/home/rbielski/stroke_cleaned/ARC_ATLAS_Combined/A_A_Combined_Data/Processed_LowQualityTrain_Split_Data/train_low_quality/masks/sub-r040s067_ses-1_lesion_mask_MNI_clean.nii.gz,/home/rbielski/stroke_cleaned/ARC_ATLAS_Combined/A_A_Combined_Data/Processed_HiresLowres_Split_Data/Processed_HiresLowres_All/t1/sub-r040s067_ses-1_T1w_MNI_norm.nii.gz,/home/rbielski/stroke_cleaned/ARC_ATLAS_Combined/A_A_Combined_Data/Processed_HiresLowres_Split_Data/Processed_HiresLowres_All/masks/sub-r040s067_ses-1_lesion_mask_MNI_clean.nii.gz,test_lores,False,85,-2.652182197334349,14.887023558131135,0.027871407616499956,0.4018048644065857
train_low_quality,lowest_quality_522_of_non_hires_pool,ATLAS,sub-r052s007_ses-1,sub-r052s007,/home/rbielski/stroke_cleaned/ARC_ATLAS_Combined/A_A_Combined_Data/Processed_LowQualityTrain_Split_Data/train_low_quality/t1/sub-r052s007_ses-1_T1w_MNI_norm.nii.gz,/home/rbielski/stroke_cleaned/ARC_ATLAS_Combined/A_A_Combined_Data/Processed_LowQualityTrain_Split_Data/train_low_quality/masks/sub-r052s007_ses-1_lesion_mask_MNI_clean.nii.gz,/home/rbielski/stroke_cleaned/ARC_ATLAS_Combined/A_A_Combined_Data/Processed_HiresLowres_Split_Data/Processed_HiresLowres_All/t1/sub-r052s007_ses-1_T1w_MNI_norm.nii.gz,/home/rbielski/stroke_cleaned/ARC_ATLAS_Combined/A_A_Combined_Data/Processed_HiresLowres_Split_Data/Processed_HiresLowres_All/masks/sub-r052s007_ses-1_lesion_mask_MNI_clean.nii.gz,train_hires,False,86,-2.6467227316728272,14.95819624195379,0.03021840062540593,0.3852652311325073
train_low_quality,lowest_quality_522_of_non_hires_pool,ATLAS,sub-r035s013_ses-1,sub-r035s013,/home/rbielski/stroke_cleaned/ARC_ATLAS_Combined/A_A_Combined_Data/Processed_LowQualityTrain_Split_Data/train_low_quality/t1/sub-r035s013_ses-1_T1w_MNI_norm.nii.gz,/home/rbielski/stroke_cleaned/ARC_ATLAS_Combined/A_A_Combined_Data/Processed_LowQualityTrain_Split_Data/train_low_quality/masks/sub-r035s013_ses-1_lesion_mask_MNI_clean.nii.gz,/home/rbielski/stroke_cleaned/ARC_ATLAS_Combined/A_A_Combined_Data/Processed_HiresLowres_Split_Data/Processed_HiresLowres_All/t1/sub-r035s013_ses-1_T1w_MNI_norm.nii.gz,/home/rbielski/stroke_cleaned/ARC_ATLAS_Combined/A_A_Combined_Data/Processed_HiresLowres_Split_Data/Processed_HiresLowres_All/masks/sub-r035s013_ses-1_lesion_mask_MNI_clean.nii.gz,train_hires,False,87,-2.645746904256577,15.258372836663085,0.031337778976264566,0.4638199806213379
train_low_quality,lowest_quality_522_of_non_hires_pool,ATLAS,sub-r015s009_ses-1,sub-r015s009,/home/rbielski/stroke_cleaned/ARC_ATLAS_Combined/A_A_Combined_Data/Processed_LowQualityTrain_Split_Data/train_low_quality/t1/sub-r015s009_ses-1_T1w_MNI_norm.nii.gz,/home/rbielski/stroke_cleaned/ARC_ATLAS_Combined/A_A_Combined_Data/Processed_LowQualityTrain_Split_Data/train_low_quality/masks/sub-r015s009_ses-1_lesion_mask_MNI_clean.nii.gz,/home/rbielski/stroke_cleaned/ARC_ATLAS_Combined/A_A_Combined_Data/Processed_HiresLowres_Split_Data/Processed_HiresLowres_All/t1/sub-r015s009_ses-1_T1w_MNI_norm.nii.gz,/home/rbielski/stroke_cleaned/ARC_ATLAS_Combined/A_A_Combined_Data/Processed_HiresLowres_Split_Data/Processed_HiresLowres_All/masks/sub-r015s009_ses-1_lesion_mask_MNI_clean.nii.gz,train_hires,False,89,-2.614601140024705,14.813004631093934,0.029050377635633194,0.38479703664779663
train_low_quality,lowest_quality_522_of_non_hires_pool,ATLAS,sub-r047s037_ses-1,sub-r047s037,/home/rbielski/stroke_cleaned/ARC_ATLAS_Combined/A_A_Combined_Data/Processed_LowQualityTrain_Split_Data/train_low_quality/t1/sub-r047s037_ses-1_T1w_MNI_norm.nii.gz,/home/rbielski/stroke_cleaned/ARC_ATLAS_Combined/A_A_Combined_Data/Processed_LowQualityTrain_Split_Data/train_low_quality/masks/sub-r047s037_ses-1_lesion_mask_MNI_clean.nii.gz,/home/rbielski/stroke_cleaned/ARC_ATLAS_Combined/A_A_Combined_Data/Processed_HiresLowres_Split_Data/Processed_HiresLowres_All/t1/sub-r047s037_ses-1_T1w_MNI_norm.nii.gz,/home/rbielski/stroke_cleaned/ARC_ATLAS_Combined/A_A_Combined_Data/Processed_HiresLowres_Split_Data/Processed_HiresLowres_All/masks/sub-r047s037_ses-1_lesion_mask_MNI_clean.nii.gz,test_lores,False,90,-2.613845423938327,14.476309869303163,0.024730255743544934,0.3559851348400116
train_low_quality,lowest_quality_522_of_non_hires_pool,ATLAS,sub-r035s003_ses-1,sub-r035s003,/home/rbielski/stroke_cleaned/ARC_ATLAS_Combined/A_A_Combined_Data/Processed_LowQualityTrain_Split_Data/train_low_quality/t1/sub-r035s003_ses-1_T1w_MNI_norm.nii.gz,/home/rbielski/stroke_cleaned/ARC_ATLAS_Combined/A_A_Combined_Data/Processed_LowQualityTrain_Split_Data/train_low_quality/masks/sub-r035s003_ses-1_lesion_mask_MNI_clean.nii.gz,/home/rbielski/stroke_cleaned/ARC_ATLAS_Combined/A_A_Combined_Data/Processed_HiresLowres_Split_Data/Processed_HiresLowres_All/t1/sub-r035s003_ses-1_T1w_MNI_norm.nii.gz,/home/rbielski/stroke_cleaned/ARC_ATLAS_Combined/A_A_Combined_Data/Processed_HiresLowres_Split_Data/Processed_HiresLowres_All/masks/sub-r035s003_ses-1_lesion_mask_MNI_clean.nii.gz,train_hires,False,91,-2.6127642661647847,15.204663253697682,0.03236520637269791,0.45273852348327637
train_low_quality,lowest_quality_522_of_non_hires_pool,ATLAS,sub-r005s045_ses-1,sub-r005s045,/home/rbielski/stroke_cleaned/ARC_ATLAS_Combined/A_A_Combined_Data/Processed_LowQualityTrain_Split_Data/train_low_quality/t1/sub-r005s045_ses-1_T1w_MNI_norm.nii.gz,/home/rbielski/stroke_cleaned/ARC_ATLAS_Combined/A_A_Combined_Data/Processed_LowQualityTrain_Split_Data/train_low_quality/masks/sub-r005s045_ses-1_lesion_mask_MNI_clean.nii.gz,/home/rbielski/stroke_cleaned/ARC_ATLAS_Combined/A_A_Combined_Data/Processed_HiresLowres_Split_Data/Processed_HiresLowres_All/t1/sub-r005s045_ses-1_T1w_MNI_norm.nii.gz,/home/rbielski/stroke_cleaned/ARC_ATLAS_Combined/A_A_Combined_Data/Processed_HiresLowres_Split_Data/Processed_HiresLowres_All/masks/sub-r005s045_ses-1_lesion_mask_MNI_clean.nii.gz,train_hires,False,92,-2.601299814730883,14.519278865612208,0.025938082827225175,0.3572402894496918
train_low_quality,lowest_quality_522_of_non_hires_pool,ATLAS,sub-r047s001_ses-1,sub-r047s001,/home/rbielski/stroke_cleaned/ARC_ATLAS_Combined/A_A_Combined_Data/Processed_LowQualityTrain_Split_Data/train_low_quality/t1/sub-r047s001_ses-1_T1w_MNI_norm.nii.gz,/home/rbielski/stroke_cleaned/ARC_ATLAS_Combined/A_A_Combined_Data/Processed_LowQualityTrain_Split_Data/train_low_quality/masks/sub-r047s001_ses-1_lesion_mask_MNI_clean.nii.gz,/home/rbielski/stroke_cleaned/ARC_ATLAS_Combined/A_A_Combined_Data/Processed_HiresLowres_Split_Data/Processed_HiresLowres_All/t1/sub-r047s001_ses-1_T1w_MNI_norm.nii.gz,/home/rbielski/stroke_cleaned/ARC_ATLAS_Combined/A_A_Combined_Data/Processed_HiresLowres_Split_Data/Processed_HiresLowres_All/masks/sub-r047s001_ses-1_lesion_mask_MNI_clean.nii.gz,test_lores,False,93,-2.596618493075493,14.34250265975972,0.024024919852521066,0.3387904465198517
train_low_quality,lowest_quality_522_of_non_hires_pool,ATLAS,sub-r024s003_ses-1,sub-r024s003,/home/rbielski/stroke_cleaned/ARC_ATLAS_Combined/A_A_Combined_Data/Processed_LowQualityTrain_Split_Data/train_low_quality/t1/sub-r024s003_ses-1_T1w_MNI_norm.nii.gz,/home/rbielski/stroke_cleaned/ARC_ATLAS_Combined/A_A_Combined_Data/Processed_LowQualityTrain_Split_Data/train_low_quality/masks/sub-r024s003_ses-1_lesion_mask_MNI_clean.nii.gz,/home/rbielski/stroke_cleaned/ARC_ATLAS_Combined/A_A_Combined_Data/Processed_HiresLowres_Split_Data/Processed_HiresLowres_All/t1/sub-r024s003_ses-1_T1w_MNI_norm.nii.gz,/home/rbielski/stroke_cleaned/ARC_ATLAS_Combined/A_A_Combined_Data/Processed_HiresLowres_Split_Data/Processed_HiresLowres_All/masks/sub-r024s003_ses-1_lesion_mask_MNI_clean.nii.gz,test_lores,False,94,-2.5861685415192754,14.64212669605305,0.02725072491666223,0.3848772644996643
train_low_quality,lowest_quality_522_of_non_hires_pool,ATLAS,sub-r014s002_ses-1,sub-r014s002,/home/rbielski/stroke_cleaned/ARC_ATLAS_Combined/A_A_Combined_Data/Processed_LowQualityTrain_Split_Data/train_low_quality/t1/sub-r014s002_ses-1_T1w_MNI_norm.nii.gz,/home/rbielski/stroke_cleaned/ARC_ATLAS_Combined/A_A_Combined_Data/Processed_LowQualityTrain_Split_Data/train_low_quality/masks/sub-r014s002_ses-1_lesion_mask_MNI_clean.nii.gz,/home/rbielski/stroke_cleaned/ARC_ATLAS_Combined/A_A_Combined_Data/Processed_HiresLowres_Split_Data/Processed_HiresLowres_All/t1/sub-r014s002_ses-1_T1w_MNI_norm.nii.gz,/home/rbielski/stroke_cleaned/ARC_ATLAS_Combined/A_A_Combined_Data/Processed_HiresLowres_Split_Data/Processed_HiresLowres_All/masks/sub-r014s002_ses-1_lesion_mask_MNI_clean.nii.gz,train_hires,False,95,-2.571941451950636,14.309130304592653,0.02443545958950482,0.3395041823387146
train_low_quality,lowest_quality_522_of_non_hires_pool,ATLAS,sub-r005s073_ses-1,sub-r005s073,/home/rbielski/stroke_cleaned/ARC_ATLAS_Combined/A_A_Combined_Data/Processed_LowQualityTrain_Split_Data/train_low_quality/t1/sub-r005s073_ses-1_T1w_MNI_norm.nii.gz,/home/rbielski/stroke_cleaned/ARC_ATLAS_Combined/A_A_Combined_Data/Processed_LowQualityTrain_Split_Data/train_low_quality/masks/sub-r005s073_ses-1_lesion_mask_MNI_clean.nii.gz,/home/rbielski/stroke_cleaned/ARC_ATLAS_Combined/A_A_Combined_Data/Processed_HiresLowres_Split_Data/Processed_HiresLowres_All/t1/sub-r005s073_ses-1_T1w_MNI_norm.nii.gz,/home/rbielski/stroke_cleaned/ARC_ATLAS_Combined/A_A_Combined_Data/Processed_HiresLowres_Split_Data/Processed_HiresLowres_All/masks/sub-r005s073_ses-1_lesion_mask_MNI_clean.nii.gz,train_hires,False,96,-2.5718038583004192,14.408604768738375,0.025354192692902535,0.3550507724285126
train_low_quality,lowest_quality_522_of_non_hires_pool,ATLAS,sub-r040s074_ses-1,sub-r040s074,/home/rbielski/stroke_cleaned/ARC_ATLAS_Combined/A_A_Combined_Data/Processed_LowQualityTrain_Split_Data/train_low_quality/t1/sub-r040s074_ses-1_T1w_MNI_norm.nii.gz,/home/rbielski/stroke_cleaned/ARC_ATLAS_Combined/A_A_Combined_Data/Processed_LowQualityTrain_Split_Data/train_low_quality/masks/sub-r040s074_ses-1_lesion_mask_MNI_clean.nii.gz,/home/rbielski/stroke_cleaned/ARC_ATLAS_Combined/A_A_Combined_Data/Processed_HiresLowres_Split_Data/Processed_HiresLowres_All/t1/sub-r040s074_ses-1_T1w_MNI_norm.nii.gz,/home/rbielski/stroke_cleaned/ARC_ATLAS_Combined/A_A_Combined_Data/Processed_HiresLowres_Split_Data/Processed_HiresLowres_All/masks/sub-r040s074_ses-1_lesion_mask_MNI_clean.nii.gz,train_hires,False,97,-2.5716606522760763,14.673300024336594,0.027646425919558685,0.399120956659317
train_low_quality,lowest_quality_522_of_non_hires_pool,ATLAS,sub-r047s035_ses-1,sub-r047s035,/home/rbielski/stroke_cleaned/ARC_ATLAS_Combined/A_A_Combined_Data/Processed_LowQualityTrain_Split_Data/train_low_quality/t1/sub-r047s035_ses-1_T1w_MNI_norm.nii.gz,/home/rbielski/stroke_cleaned/ARC_ATLAS_Combined/A_A_Combined_Data/Processed_LowQualityTrain_Split_Data/train_low_quality/masks/sub-r047s035_ses-1_lesion_mask_MNI_clean.nii.gz,/home/rbielski/stroke_cleaned/ARC_ATLAS_Combined/A_A_Combined_Data/Processed_HiresLowres_Split_Data/Processed_HiresLowres_All/t1/sub-r047s035_ses-1_T1w_MNI_norm.nii.gz,/home/rbielski/stroke_cleaned/ARC_ATLAS_Combined/A_A_Combined_Data/Processed_HiresLowres_Split_Data/Processed_HiresLowres_All/masks/sub-r047s035_ses-1_lesion_mask_MNI_clean.nii.gz,test_lores,False,98,-2.5677220190584378,14.678446537028412,0.027316535696825375,0.4101489186286926
train_low_quality,lowest_quality_522_of_non_hires_pool,ATLAS,sub-r047s027_ses-1,sub-r047s027,/home/rbielski/stroke_cleaned/ARC_ATLAS_Combined/A_A_Combined_Data/Processed_LowQualityTrain_Split_Data/train_low_quality/t1/sub-r047s027_ses-1_T1w_MNI_norm.nii.gz,/home/rbielski/stroke_cleaned/ARC_ATLAS_Combined/A_A_Combined_Data/Processed_LowQualityTrain_Split_Data/train_low_quality/masks/sub-r047s027_ses-1_lesion_mask_MNI_clean.nii.gz,/home/rbielski/stroke_cleaned/ARC_ATLAS_Combined/A_A_Combined_Data/Processed_HiresLowres_Split_Data/Processed_HiresLowres_All/t1/sub-r047s027_ses-1_T1w_MNI_norm.nii.gz,/home/rbielski/stroke_cleaned/ARC_ATLAS_Combined/A_A_Combined_Data/Processed_HiresLowres_Split_Data/Processed_HiresLowres_All/masks/sub-r047s027_ses-1_lesion_mask_MNI_clean.nii.gz,train_hires,False,99,-2.5642197489588385,14.485044383634827,0.026879042684184215,0.3574391305446625
train_low_quality,lowest_quality_522_of_non_hires_pool,ATLAS,sub-r035s006_ses-1,sub-r035s006,/home/rbielski/stroke_cleaned/ARC_ATLAS_Combined/A_A_Combined_Data/Processed_LowQualityTrain_Split_Data/train_low_quality/t1/sub-r035s006_ses-1_T1w_MNI_norm.nii.gz,/home/rbielski/stroke_cleaned/ARC_ATLAS_Combined/A_A_Combined_Data/Processed_LowQualityTrain_Split_Data/train_low_quality/masks/sub-r035s006_ses-1_lesion_mask_MNI_clean.nii.gz,/home/rbielski/stroke_cleaned/ARC_ATLAS_Combined/A_A_Combined_Data/Processed_HiresLowres_Split_Data/Processed_HiresLowres_All/t1/sub-r035s006_ses-1_T1w_MNI_norm.nii.gz,/home/rbielski/stroke_cleaned/ARC_ATLAS_Combined/A_A_Combined_Data/Processed_HiresLowres_Split_Data/Processed_HiresLowres_All/masks/sub-r035s006_ses-1_lesion_mask_MNI_clean.nii.gz,train_hires,False,100,-2.5543862066186582,15.771838580572195,0.03834390240878294,0.572822630405426
train_low_quality,lowest_quality_522_of_non_hires_pool,ATLAS,sub-r017s105_ses-1,sub-r017s105,/home/rbielski/stroke_cleaned/ARC_ATLAS_Combined/A_A_Combined_Data/Processed_LowQualityTrain_Split_Data/train_low_quality/t1/sub-r017s105_ses-1_T1w_MNI_norm.nii.gz,/home/rbielski/stroke_cleaned/ARC_ATLAS_Combined/A_A_Combined_Data/Processed_LowQualityTrain_Split_Data/train_low_quality/masks/sub-r017s105_ses-1_lesion_mask_MNI_clean.nii.gz,/home/rbielski/stroke_cleaned/ARC_ATLAS_Combined/A_A_Combined_Data/Processed_HiresLowres_Split_Data/Processed_HiresLowres_All/t1/sub-r017s105_ses-1_T1w_MNI_norm.nii.gz,/home/rbielski/stroke_cleaned/ARC_ATLAS_Combined/A_A_Combined_Data/Processed_HiresLowres_Split_Data/Processed_HiresLowres_All/masks/sub-r017s105_ses-1_lesion_mask_MNI_clean.nii.gz,train_hires,False,102,-2.528242863758301,14.482117841516176,0.02794412259999389,0.36474183201789856
train_low_quality,lowest_quality_522_of_non_hires_pool,ATLAS,sub-r047s016_ses-1,sub-r047s016,/home/rbielski/stroke_cleaned/ARC_ATLAS_Combined/A_A_Combined_Data/Processed_LowQualityTrain_Split_Data/train_low_quality/t1/sub-r047s016_ses-1_T1w_MNI_norm.nii.gz,/home/rbielski/stroke_cleaned/ARC_ATLAS_Combined/A_A_Combined_Data/Processed_LowQualityTrain_Split_Data/train_low_quality/masks/sub-r047s016_ses-1_lesion_mask_MNI_clean.nii.gz,/home/rbielski/stroke_cleaned/ARC_ATLAS_Combined/A_A_Combined_Data/Processed_HiresLowres_Split_Data/Processed_HiresLowres_All/t1/sub-r047s016_ses-1_T1w_MNI_norm.nii.gz,/home/rbielski/stroke_cleaned/ARC_ATLAS_Combined/A_A_Combined_Data/Processed_HiresLowres_Split_Data/Processed_HiresLowres_All/masks/sub-r047s016_ses-1_lesion_mask_MNI_clean.nii.gz,test_lores,False,103,-2.5211254844245676,14.098743713442223,0.02320163128347092,0.33353665471076965
train_low_quality,lowest_quality_522_of_non_hires_pool,ATLAS,sub-r047s026_ses-1,sub-r047s026,/home/rbielski/stroke_cleaned/ARC_ATLAS_Combined/A_A_Combined_Data/Processed_LowQualityTrain_Split_Data/train_low_quality/t1/sub-r047s026_ses-1_T1w_MNI_norm.nii.gz,/home/rbielski/stroke_cleaned/ARC_ATLAS_Combined/A_A_Combined_Data/Processed_LowQualityTrain_Split_Data/train_low_quality/masks/sub-r047s026_ses-1_lesion_mask_MNI_clean.nii.gz,/home/rbielski/stroke_cleaned/ARC_ATLAS_Combined/A_A_Combined_Data/Processed_HiresLowres_Split_Data/Processed_HiresLowres_All/t1/sub-r047s026_ses-1_T1w_MNI_norm.nii.gz,/home/rbielski/stroke_cleaned/ARC_ATLAS_Combined/A_A_Combined_Data/Processed_HiresLowres_Split_Data/Processed_HiresLowres_All/masks/sub-r047s026_ses-1_lesion_mask_MNI_clean.nii.gz,test_lores,False,104,-2.517050550038928,14.203222304679787,0.024640242556783928,0.34402477741241455
train_low_quality,lowest_quality_522_of_non_hires_pool,ATLAS,sub-r017s106_ses-1,sub-r017s106,/home/rbielski/stroke_cleaned/ARC_ATLAS_Combined/A_A_Combined_Data/Processed_LowQualityTrain_Split_Data/train_low_quality/t1/sub-r017s106_ses-1_T1w_MNI_norm.nii.gz,/home/rbielski/stroke_cleaned/ARC_ATLAS_Combined/A_A_Combined_Data/Processed_LowQualityTrain_Split_Data/train_low_quality/masks/sub-r017s106_ses-1_lesion_mask_MNI_clean.nii.gz,/home/rbielski/stroke_cleaned/ARC_ATLAS_Combined/A_A_Combined_Data/Processed_HiresLowres_Split_Data/Processed_HiresLowres_All/t1/sub-r017s106_ses-1_T1w_MNI_norm.nii.gz,/home/rbielski/stroke_cleaned/ARC_ATLAS_Combined/A_A_Combined_Data/Processed_HiresLowres_Split_Data/Processed_HiresLowres_All/masks/sub-r017s106_ses-1_lesion_mask_MNI_clean.nii.gz,test_lores,False,105,-2.5163039275912182,14.110375933741054,0.024088808181892487,0.3244270980358124
train_low_quality,lowest_quality_522_of_non_hires_pool,ATLAS,sub-r046s001_ses-1,sub-r046s001,/home/rbielski/stroke_cleaned/ARC_ATLAS_Combined/A_A_Combined_Data/Processed_LowQualityTrain_Split_Data/train_low_quality/t1/sub-r046s001_ses-1_T1w_MNI_norm.nii.gz,/home/rbielski/stroke_cleaned/ARC_ATLAS_Combined/A_A_Combined_Data/Processed_LowQualityTrain_Split_Data/train_low_quality/masks/sub-r046s001_ses-1_lesion_mask_MNI_clean.nii.gz,/home/rbielski/stroke_cleaned/ARC_ATLAS_Combined/A_A_Combined_Data/Processed_HiresLowres_Split_Data/Processed_HiresLowres_All/t1/sub-r046s001_ses-1_T1w_MNI_norm.nii.gz,/home/rbielski/stroke_cleaned/ARC_ATLAS_Combined/A_A_Combined_Data/Processed_HiresLowres_Split_Data/Processed_HiresLowres_All/masks/sub-r046s001_ses-1_lesion_mask_MNI_clean.nii.gz,train_hires,False,106,-2.4991894396140903,15.546659300217847,0.03904508736940522,0.5289137959480286
train_low_quality,lowest_quality_522_of_non_hires_pool,ATLAS,sub-r047s010_ses-1,sub-r047s010,/home/rbielski/stroke_cleaned/ARC_ATLAS_Combined/A_A_Combined_Data/Processed_LowQualityTrain_Split_Data/train_low_quality/t1/sub-r047s010_ses-1_T1w_MNI_norm.nii.gz,/home/rbielski/stroke_cleaned/ARC_ATLAS_Combined/A_A_Combined_Data/Processed_LowQualityTrain_Split_Data/train_low_quality/masks/sub-r047s010_ses-1_lesion_mask_MNI_clean.nii.gz,/home/rbielski/stroke_cleaned/ARC_ATLAS_Combined/A_A_Combined_Data/Processed_HiresLowres_Split_Data/Processed_HiresLowres_All/t1/sub-r047s010_ses-1_T1w_MNI_norm.nii.gz,/home/rbielski/stroke_cleaned/ARC_ATLAS_Combined/A_A_Combined_Data/Processed_HiresLowres_Split_Data/Processed_HiresLowres_All/masks/sub-r047s010_ses-1_lesion_mask_MNI_clean.nii.gz,test_lores,False,107,-2.4954722949479393,14.236138384244589,0.02489973670564513,0.36698877811431885
train_low_quality,lowest_quality_522_of_non_hires_pool,ATLAS,sub-r038s096_ses-1,sub-r038s096,/home/rbielski/stroke_cleaned/ARC_ATLAS_Combined/A_A_Combined_Data/Processed_LowQualityTrain_Split_Data/train_low_quality/t1/sub-r038s096_ses-1_T1w_MNI_norm.nii.gz,/home/rbielski/stroke_cleaned/ARC_ATLAS_Combined/A_A_Combined_Data/Processed_LowQualityTrain_Split_Data/train_low_quality/masks/sub-r038s096_ses-1_lesion_mask_MNI_clean.nii.gz,/home/rbielski/stroke_cleaned/ARC_ATLAS_Combined/A_A_Combined_Data/Processed_HiresLowres_Split_Data/Processed_HiresLowres_All/t1/sub-r038s096_ses-1_T1w_MNI_norm.nii.gz,/home/rbielski/stroke_cleaned/ARC_ATLAS_Combined/A_A_Combined_Data/Processed_HiresLowres_Split_Data/Processed_HiresLowres_All/masks/sub-r038s096_ses-1_lesion_mask_MNI_clean.nii.gz,test_lores,False,108,-2.4922276020348586,13.96511255071806,0.022424294359840703,0.3269619643688202
train_low_quality,lowest_quality_522_of_non_hires_pool,ATLAS,sub-r002s008_ses-1,sub-r002s008,/home/rbielski/stroke_cleaned/ARC_ATLAS_Combined/A_A_Combined_Data/Processed_LowQualityTrain_Split_Data/train_low_quality/t1/sub-r002s008_ses-1_T1w_MNI_norm.nii.gz,/home/rbielski/stroke_cleaned/ARC_ATLAS_Combined/A_A_Combined_Data/Processed_LowQualityTrain_Split_Data/train_low_quality/masks/sub-r002s008_ses-1_lesion_mask_MNI_clean.nii.gz,/home/rbielski/stroke_cleaned/ARC_ATLAS_Combined/A_A_Combined_Data/Processed_HiresLowres_Split_Data/Processed_HiresLowres_All/t1/sub-r002s008_ses-1_T1w_MNI_norm.nii.gz,/home/rbielski/stroke_cleaned/ARC_ATLAS_Combined/A_A_Combined_Data/Processed_HiresLowres_Split_Data/Processed_HiresLowres_All/masks/sub-r002s008_ses-1_lesion_mask_MNI_clean.nii.gz,test_lores,False,109,-2.4841825983041685,14.320533724792396,0.026785165314511337,0.3681151270866394
train_low_quality,lowest_quality_522_of_non_hires_pool,ATLAS,sub-r052s032_ses-1,sub-r052s032,/home/rbielski/stroke_cleaned/ARC_ATLAS_Combined/A_A_Combined_Data/Processed_LowQualityTrain_Split_Data/train_low_quality/t1/sub-r052s032_ses-1_T1w_MNI_norm.nii.gz,/home/rbielski/stroke_cleaned/ARC_ATLAS_Combined/A_A_Combined_Data/Processed_LowQualityTrain_Split_Data/train_low_quality/masks/sub-r052s032_ses-1_lesion_mask_MNI_clean.nii.gz,/home/rbielski/stroke_cleaned/ARC_ATLAS_Combined/A_A_Combined_Data/Processed_HiresLowres_Split_Data/Processed_HiresLowres_All/t1/sub-r052s032_ses-1_T1w_MNI_norm.nii.gz,/home/rbielski/stroke_cleaned/ARC_ATLAS_Combined/A_A_Combined_Data/Processed_HiresLowres_Split_Data/Processed_HiresLowres_All/masks/sub-r052s032_ses-1_lesion_mask_MNI_clean.nii.gz,test_lores,False,110,-2.4821666670586087,13.811224316839093,0.021976931003163162,0.2926306426525116
train_low_quality,lowest_quality_522_of_non_hires_pool,ATLAS,sub-r011s027_ses-1,sub-r011s027,/home/rbielski/stroke_cleaned/ARC_ATLAS_Combined/A_A_Combined_Data/Processed_LowQualityTrain_Split_Data/train_low_quality/t1/sub-r011s027_ses-1_T1w_MNI_norm.nii.gz,/home/rbielski/stroke_cleaned/ARC_ATLAS_Combined/A_A_Combined_Data/Processed_LowQualityTrain_Split_Data/train_low_quality/masks/sub-r011s027_ses-1_lesion_mask_MNI_clean.nii.gz,/home/rbielski/stroke_cleaned/ARC_ATLAS_Combined/A_A_Combined_Data/Processed_HiresLowres_Split_Data/Processed_HiresLowres_All/t1/sub-r011s027_ses-1_T1w_MNI_norm.nii.gz,/home/rbielski/stroke_cleaned/ARC_ATLAS_Combined/A_A_Combined_Data/Processed_HiresLowres_Split_Data/Processed_HiresLowres_All/masks/sub-r011s027_ses-1_lesion_mask_MNI_clean.nii.gz,train_hires,False,111,-2.480238024540313,14.635342550294283,0.03038761435427149,0.40696701407432556
train_low_quality,lowest_quality_522_of_non_hires_pool,ATLAS,sub-r038s047_ses-1,sub-r038s047,/home/rbielski/stroke_cleaned/ARC_ATLAS_Combined/A_A_Combined_Data/Processed_LowQualityTrain_Split_Data/train_low_quality/t1/sub-r038s047_ses-1_T1w_MNI_norm.nii.gz,/home/rbielski/stroke_cleaned/ARC_ATLAS_Combined/A_A_Combined_Data/Processed_LowQualityTrain_Split_Data/train_low_quality/masks/sub-r038s047_ses-1_lesion_mask_MNI_clean.nii.gz,/home/rbielski/stroke_cleaned/ARC_ATLAS_Combined/A_A_Combined_Data/Processed_HiresLowres_Split_Data/Processed_HiresLowres_All/t1/sub-r038s047_ses-1_T1w_MNI_norm.nii.gz,/home/rbielski/stroke_cleaned/ARC_ATLAS_Combined/A_A_Combined_Data/Processed_HiresLowres_Split_Data/Processed_HiresLowres_All/masks/sub-r038s047_ses-1_lesion_mask_MNI_clean.nii.gz,test_lores,False,112,-2.4754563585992946,14.31367728598762,0.02624421136852296,0.38294678926467896
train_low_quality,lowest_quality_522_of_non_hires_pool,ATLAS,sub-r014s004_ses-1,sub-r014s004,/home/rbielski/stroke_cleaned/ARC_ATLAS_Combined/A_A_Combined_Data/Processed_LowQualityTrain_Split_Data/train_low_quality/t1/sub-r014s004_ses-1_T1w_MNI_norm.nii.gz,/home/rbielski/stroke_cleaned/ARC_ATLAS_Combined/A_A_Combined_Data/Processed_LowQualityTrain_Split_Data/train_low_quality/masks/sub-r014s004_ses-1_lesion_mask_MNI_clean.nii.gz,/home/rbielski/stroke_cleaned/ARC_ATLAS_Combined/A_A_Combined_Data/Processed_HiresLowres_Split_Data/Processed_HiresLowres_All/t1/sub-r014s004_ses-1_T1w_MNI_norm.nii.gz,/home/rbielski/stroke_cleaned/ARC_ATLAS_Combined/A_A_Combined_Data/Processed_HiresLowres_Split_Data/Processed_HiresLowres_All/masks/sub-r014s004_ses-1_lesion_mask_MNI_clean.nii.gz,train_hires,False,113,-2.459163186322032,14.292602873007086,0.027913778812600352,0.3573389947414398
train_low_quality,lowest_quality_522_of_non_hires_pool,ATLAS,sub-r040s028_ses-1,sub-r040s028,/home/rbielski/stroke_cleaned/ARC_ATLAS_Combined/A_A_Combined_Data/Processed_LowQualityTrain_Split_Data/train_low_quality/t1/sub-r040s028_ses-1_T1w_MNI_norm.nii.gz,/home/rbielski/stroke_cleaned/ARC_ATLAS_Combined/A_A_Combined_Data/Processed_LowQualityTrain_Split_Data/train_low_quality/masks/sub-r040s028_ses-1_lesion_mask_MNI_clean.nii.gz,/home/rbielski/stroke_cleaned/ARC_ATLAS_Combined/A_A_Combined_Data/Processed_HiresLowres_Split_Data/Processed_HiresLowres_All/t1/sub-r040s028_ses-1_T1w_MNI_norm.nii.gz,/home/rbielski/stroke_cleaned/ARC_ATLAS_Combined/A_A_Combined_Data/Processed_HiresLowres_Split_Data/Processed_HiresLowres_All/masks/sub-r040s028_ses-1_lesion_mask_MNI_clean.nii.gz,test_lores,False,114,-2.4493630497880057,13.786042592636145,0.021859810014066842,0.31241050362586975
train_low_quality,lowest_quality_522_of_non_hires_pool,ATLAS,sub-r052s016_ses-1,sub-r052s016,/home/rbielski/stroke_cleaned/ARC_ATLAS_Combined/A_A_Combined_Data/Processed_LowQualityTrain_Split_Data/train_low_quality/t1/sub-r052s016_ses-1_T1w_MNI_norm.nii.gz,/home/rbielski/stroke_cleaned/ARC_ATLAS_Combined/A_A_Combined_Data/Processed_LowQualityTrain_Split_Data/train_low_quality/masks/sub-r052s016_ses-1_lesion_mask_MNI_clean.nii.gz,/home/rbielski/stroke_cleaned/ARC_ATLAS_Combined/A_A_Combined_Data/Processed_HiresLowres_Split_Data/Processed_HiresLowres_All/t1/sub-r052s016_ses-1_T1w_MNI_norm.nii.gz,/home/rbielski/stroke_cleaned/ARC_ATLAS_Combined/A_A_Combined_Data/Processed_HiresLowres_Split_Data/Processed_HiresLowres_All/masks/sub-r052s016_ses-1_lesion_mask_MNI_clean.nii.gz,test_lores,False,115,-2.448026388380172,14.651140752132187,0.03239804755541485,0.3996281623840332
train_low_quality,lowest_quality_522_of_non_hires_pool,ATLAS,sub-r015s019_ses-1,sub-r015s019,/home/rbielski/stroke_cleaned/ARC_ATLAS_Combined/A_A_Combined_Data/Processed_LowQualityTrain_Split_Data/train_low_quality/t1/sub-r015s019_ses-1_T1w_MNI_norm.nii.gz,/home/rbielski/stroke_cleaned/ARC_ATLAS_Combined/A_A_Combined_Data/Processed_LowQualityTrain_Split_Data/train_low_quality/masks/sub-r015s019_ses-1_lesion_mask_MNI_clean.nii.gz,/home/rbielski/stroke_cleaned/ARC_ATLAS_Combined/A_A_Combined_Data/Processed_HiresLowres_Split_Data/Processed_HiresLowres_All/t1/sub-r015s019_ses-1_T1w_MNI_norm.nii.gz,/home/rbielski/stroke_cleaned/ARC_ATLAS_Combined/A_A_Combined_Data/Processed_HiresLowres_Split_Data/Processed_HiresLowres_All/masks/sub-r015s019_ses-1_lesion_mask_MNI_clean.nii.gz,train_hires,False,116,-2.4395390409331403,13.81899309980769,0.02263447125289776,0.3163938820362091
train_low_quality,lowest_quality_522_of_non_hires_pool,ATLAS,sub-r047s031_ses-1,sub-r047s031,/home/rbielski/stroke_cleaned/ARC_ATLAS_Combined/A_A_Combined_Data/Processed_LowQualityTrain_Split_Data/train_low_quality/t1/sub-r047s031_ses-1_T1w_MNI_norm.nii.gz,/home/rbielski/stroke_cleaned/ARC_ATLAS_Combined/A_A_Combined_Data/Processed_LowQualityTrain_Split_Data/train_low_quality/masks/sub-r047s031_ses-1_lesion_mask_MNI_clean.nii.gz,/home/rbielski/stroke_cleaned/ARC_ATLAS_Combined/A_A_Combined_Data/Processed_HiresLowres_Split_Data/Processed_HiresLowres_All/t1/sub-r047s031_ses-1_T1w_MNI_norm.nii.gz,/home/rbielski/stroke_cleaned/ARC_ATLAS_Combined/A_A_Combined_Data/Processed_HiresLowres_Split_Data/Processed_HiresLowres_All/masks/sub-r047s031_ses-1_lesion_mask_MNI_clean.nii.gz,test_lores,False,117,-2.4314339817492083,14.156883104168594,0.025781642412471002,0.37472495436668396
train_low_quality,lowest_quality_522_of_non_hires_pool,ATLAS,sub-r015s006_ses-1,sub-r015s006,/home/rbielski/stroke_cleaned/ARC_ATLAS_Combined/A_A_Combined_Data/Processed_LowQualityTrain_Split_Data/train_low_quality/t1/sub-r015s006_ses-1_T1w_MNI_norm.nii.gz,/home/rbielski/stroke_cleaned/ARC_ATLAS_Combined/A_A_Combined_Data/Processed_LowQualityTrain_Split_Data/train_low_quality/masks/sub-r015s006_ses-1_lesion_mask_MNI_clean.nii.gz,/home/rbielski/stroke_cleaned/ARC_ATLAS_Combined/A_A_Combined_Data/Processed_HiresLowres_Split_Data/Processed_HiresLowres_All/t1/sub-r015s006_ses-1_T1w_MNI_norm.nii.gz,/home/rbielski/stroke_cleaned/ARC_ATLAS_Combined/A_A_Combined_Data/Processed_HiresLowres_Split_Data/Processed_HiresLowres_All/masks/sub-r015s006_ses-1_lesion_mask_MNI_clean.nii.gz,train_hires,False,118,-2.4275324454866474,14.142361182031317,0.02666449567132974,0.35635337233543396
train_low_quality,lowest_quality_522_of_non_hires_pool,ATLAS,sub-r002s003_ses-1,sub-r002s003,/home/rbielski/stroke_cleaned/ARC_ATLAS_Combined/A_A_Combined_Data/Processed_LowQualityTrain_Split_Data/train_low_quality/t1/sub-r002s003_ses-1_T1w_MNI_norm.nii.gz,/home/rbielski/stroke_cleaned/ARC_ATLAS_Combined/A_A_Combined_Data/Processed_LowQualityTrain_Split_Data/train_low_quality/masks/sub-r002s003_ses-1_lesion_mask_MNI_clean.nii.gz,/home/rbielski/stroke_cleaned/ARC_ATLAS_Combined/A_A_Combined_Data/Processed_HiresLowres_Split_Data/Processed_HiresLowres_All/t1/sub-r002s003_ses-1_T1w_MNI_norm.nii.gz,/home/rbielski/stroke_cleaned/ARC_ATLAS_Combined/A_A_Combined_Data/Processed_HiresLowres_Split_Data/Processed_HiresLowres_All/masks/sub-r002s003_ses-1_lesion_mask_MNI_clean.nii.gz,test_lores,False,119,-2.4140519353586063,14.921165748511436,0.03317453937579628,0.5007399916648865
train_low_quality,lowest_quality_522_of_non_hires_pool,ATLAS,sub-r038s068_ses-1,sub-r038s068,/home/rbielski/stroke_cleaned/ARC_ATLAS_Combined/A_A_Combined_Data/Processed_LowQualityTrain_Split_Data/train_low_quality/t1/sub-r038s068_ses-1_T1w_MNI_norm.nii.gz,/home/rbielski/stroke_cleaned/ARC_ATLAS_Combined/A_A_Combined_Data/Processed_LowQualityTrain_Split_Data/train_low_quality/masks/sub-r038s068_ses-1_lesion_mask_MNI_clean.nii.gz,/home/rbielski/stroke_cleaned/ARC_ATLAS_Combined/A_A_Combined_Data/Processed_HiresLowres_Split_Data/Processed_HiresLowres_All/t1/sub-r038s068_ses-1_T1w_MNI_norm.nii.gz,/home/rbielski/stroke_cleaned/ARC_ATLAS_Combined/A_A_Combined_Data/Processed_HiresLowres_Split_Data/Processed_HiresLowres_All/masks/sub-r038s068_ses-1_lesion_mask_MNI_clean.nii.gz,train_hires,False,120,-2.4111465131398906,13.520006600762121,0.020297757947892993,0.2843654155731201
train_low_quality,lowest_quality_522_of_non_hires_pool,ATLAS,sub-r046s005_ses-1,sub-r046s005,/home/rbielski/stroke_cleaned/ARC_ATLAS_Combined/A_A_Combined_Data/Processed_LowQualityTrain_Split_Data/train_low_quality/t1/sub-r046s005_ses-1_T1w_MNI_norm.nii.gz,/home/rbielski/stroke_cleaned/ARC_ATLAS_Combined/A_A_Combined_Data/Processed_LowQualityTrain_Split_Data/train_low_quality/masks/sub-r046s005_ses-1_lesion_mask_MNI_clean.nii.gz,/home/rbielski/stroke_cleaned/ARC_ATLAS_Combined/A_A_Combined_Data/Processed_HiresLowres_Split_Data/Processed_HiresLowres_All/t1/sub-r046s005_ses-1_T1w_MNI_norm.nii.gz,/home/rbielski/stroke_cleaned/ARC_ATLAS_Combined/A_A_Combined_Data/Processed_HiresLowres_Split_Data/Processed_HiresLowres_All/masks/sub-r046s005_ses-1_lesion_mask_MNI_clean.nii.gz,train_hires,False,121,-2.4108739900857437,14.758465641448156,0.032675227029222854,0.4590579867362976
train_low_quality,lowest_quality_522_of_non_hires_pool,ATLAS,sub-r046s006_ses-1,sub-r046s006,/home/rbielski/stroke_cleaned/ARC_ATLAS_Combined/A_A_Combined_Data/Processed_LowQualityTrain_Split_Data/train_low_quality/t1/sub-r046s006_ses-1_T1w_MNI_norm.nii.gz,/home/rbielski/stroke_cleaned/ARC_ATLAS_Combined/A_A_Combined_Data/Processed_LowQualityTrain_Split_Data/train_low_quality/masks/sub-r046s006_ses-1_lesion_mask_MNI_clean.nii.gz,/home/rbielski/stroke_cleaned/ARC_ATLAS_Combined/A_A_Combined_Data/Processed_HiresLowres_Split_Data/Processed_HiresLowres_All/t1/sub-r046s006_ses-1_T1w_MNI_norm.nii.gz,/home/rbielski/stroke_cleaned/ARC_ATLAS_Combined/A_A_Combined_Data/Processed_HiresLowres_Split_Data/Processed_HiresLowres_All/masks/sub-r046s006_ses-1_lesion_mask_MNI_clean.nii.gz,train_hires,False,123,-2.4057922352949195,15.334926996125633,0.038763677441733875,0.5381040573120117
train_low_quality,lowest_quality_522_of_non_hires_pool,ATLAS,sub-r029s007_ses-1,sub-r029s007,/home/rbielski/stroke_cleaned/ARC_ATLAS_Combined/A_A_Combined_Data/Processed_LowQualityTrain_Split_Data/train_low_quality/t1/sub-r029s007_ses-1_T1w_MNI_norm.nii.gz,/home/rbielski/stroke_cleaned/ARC_ATLAS_Combined/A_A_Combined_Data/Processed_LowQualityTrain_Split_Data/train_low_quality/masks/sub-r029s007_ses-1_lesion_mask_MNI_clean.nii.gz,/home/rbielski/stroke_cleaned/ARC_ATLAS_Combined/A_A_Combined_Data/Processed_HiresLowres_Split_Data/Processed_HiresLowres_All/t1/sub-r029s007_ses-1_T1w_MNI_norm.nii.gz,/home/rbielski/stroke_cleaned/ARC_ATLAS_Combined/A_A_Combined_Data/Processed_HiresLowres_Split_Data/Processed_HiresLowres_All/masks/sub-r029s007_ses-1_lesion_mask_MNI_clean.nii.gz,test_lores,False,124,-2.404856679214044,14.801018059121482,0.03411389255623305,0.4506711959838867
train_low_quality,lowest_quality_522_of_non_hires_pool,ATLAS,sub-r044s003_ses-1,sub-r044s003,/home/rbielski/stroke_cleaned/ARC_ATLAS_Combined/A_A_Combined_Data/Processed_LowQualityTrain_Split_Data/train_low_quality/t1/sub-r044s003_ses-1_T1w_MNI_norm.nii.gz,/home/rbielski/stroke_cleaned/ARC_ATLAS_Combined/A_A_Combined_Data/Processed_LowQualityTrain_Split_Data/train_low_quality/masks/sub-r044s003_ses-1_lesion_mask_MNI_clean.nii.gz,/home/rbielski/stroke_cleaned/ARC_ATLAS_Combined/A_A_Combined_Data/Processed_HiresLowres_Split_Data/Processed_HiresLowres_All/t1/sub-r044s003_ses-1_T1w_MNI_norm.nii.gz,/home/rbielski/stroke_cleaned/ARC_ATLAS_Combined/A_A_Combined_Data/Processed_HiresLowres_Split_Data/Processed_HiresLowres_All/masks/sub-r044s003_ses-1_lesion_mask_MNI_clean.nii.gz,test_lores,False,125,-2.390847687736793,13.952167452153182,0.025327150592559657,0.34785038232803345
train_low_quality,lowest_quality_522_of_non_hires_pool,ATLAS,sub-r029s010_ses-1,sub-r029s010,/home/rbielski/stroke_cleaned/ARC_ATLAS_Combined/A_A_Combined_Data/Processed_LowQualityTrain_Split_Data/train_low_quality/t1/sub-r029s010_ses-1_T1w_MNI_norm.nii.gz,/home/rbielski/stroke_cleaned/ARC_ATLAS_Combined/A_A_Combined_Data/Processed_LowQualityTrain_Split_Data/train_low_quality/masks/sub-r029s010_ses-1_lesion_mask_MNI_clean.nii.gz,/home/rbielski/stroke_cleaned/ARC_ATLAS_Combined/A_A_Combined_Data/Processed_HiresLowres_Split_Data/Processed_HiresLowres_All/t1/sub-r029s010_ses-1_T1w_MNI_norm.nii.gz,/home/rbielski/stroke_cleaned/ARC_ATLAS_Combined/A_A_Combined_Data/Processed_HiresLowres_Split_Data/Processed_HiresLowres_All/masks/sub-r029s010_ses-1_lesion_mask_MNI_clean.nii.gz,train_hires,False,126,-2.39047544624562,14.096814001626196,0.027157718757326282,0.3612568974494934
train_low_quality,lowest_quality_522_of_non_hires_pool,ATLAS,sub-r002s009_ses-1,sub-r002s009,/home/rbielski/stroke_cleaned/ARC_ATLAS_Combined/A_A_Combined_Data/Processed_LowQualityTrain_Split_Data/train_low_quality/t1/sub-r002s009_ses-1_T1w_MNI_norm.nii.gz,/home/rbielski/stroke_cleaned/ARC_ATLAS_Combined/A_A_Combined_Data/Processed_LowQualityTrain_Split_Data/train_low_quality/masks/sub-r002s009_ses-1_lesion_mask_MNI_clean.nii.gz,/home/rbielski/stroke_cleaned/ARC_ATLAS_Combined/A_A_Combined_Data/Processed_HiresLowres_Split_Data/Processed_HiresLowres_All/t1/sub-r002s009_ses-1_T1w_MNI_norm.nii.gz,/home/rbielski/stroke_cleaned/ARC_ATLAS_Combined/A_A_Combined_Data/Processed_HiresLowres_Split_Data/Processed_HiresLowres_All/masks/sub-r002s009_ses-1_lesion_mask_MNI_clean.nii.gz,test_lores,False,127,-2.387925607516456,14.077116103284478,0.026282828377663256,0.37328946590423584
train_low_quality,lowest_quality_522_of_non_hires_pool,ATLAS,sub-r015s018_ses-1,sub-r015s018,/home/rbielski/stroke_cleaned/ARC_ATLAS_Combined/A_A_Combined_Data/Processed_LowQualityTrain_Split_Data/train_low_quality/t1/sub-r015s018_ses-1_T1w_MNI_norm.nii.gz,/home/rbielski/stroke_cleaned/ARC_ATLAS_Combined/A_A_Combined_Data/Processed_LowQualityTrain_Split_Data/train_low_quality/masks/sub-r015s018_ses-1_lesion_mask_MNI_clean.nii.gz,/home/rbielski/stroke_cleaned/ARC_ATLAS_Combined/A_A_Combined_Data/Processed_HiresLowres_Split_Data/Processed_HiresLowres_All/t1/sub-r015s018_ses-1_T1w_MNI_norm.nii.gz,/home/rbielski/stroke_cleaned/ARC_ATLAS_Combined/A_A_Combined_Data/Processed_HiresLowres_Split_Data/Processed_HiresLowres_All/masks/sub-r015s018_ses-1_lesion_mask_MNI_clean.nii.gz,train_hires,False,128,-2.374696944674896,14.205522153334796,0.028637849786863585,0.3815838396549225
train_low_quality,lowest_quality_522_of_non_hires_pool,ATLAS,sub-r038s057_ses-1,sub-r038s057,/home/rbielski/stroke_cleaned/ARC_ATLAS_Combined/A_A_Combined_Data/Processed_LowQualityTrain_Split_Data/train_low_quality/t1/sub-r038s057_ses-1_T1w_MNI_norm.nii.gz,/home/rbielski/stroke_cleaned/ARC_ATLAS_Combined/A_A_Combined_Data/Processed_LowQualityTrain_Split_Data/train_low_quality/masks/sub-r038s057_ses-1_lesion_mask_MNI_clean.nii.gz,/home/rbielski/stroke_cleaned/ARC_ATLAS_Combined/A_A_Combined_Data/Processed_HiresLowres_Split_Data/Processed_HiresLowres_All/t1/sub-r038s057_ses-1_T1w_MNI_norm.nii.gz,/home/rbielski/stroke_cleaned/ARC_ATLAS_Combined/A_A_Combined_Data/Processed_HiresLowres_Split_Data/Processed_HiresLowres_All/masks/sub-r038s057_ses-1_lesion_mask_MNI_clean.nii.gz,test_lores,False,129,-2.3707806163027874,13.646769745099853,0.022115154946068017,0.3236643970012665
train_low_quality,lowest_quality_522_of_non_hires_pool,ATLAS,sub-r002s001_ses-1,sub-r002s001,/home/rbielski/stroke_cleaned/ARC_ATLAS_Combined/A_A_Combined_Data/Processed_LowQualityTrain_Split_Data/train_low_quality/t1/sub-r002s001_ses-1_T1w_MNI_norm.nii.gz,/home/rbielski/stroke_cleaned/ARC_ATLAS_Combined/A_A_Combined_Data/Processed_LowQualityTrain_Split_Data/train_low_quality/masks/sub-r002s001_ses-1_lesion_mask_MNI_clean.nii.gz,/home/rbielski/stroke_cleaned/ARC_ATLAS_Combined/A_A_Combined_Data/Processed_HiresLowres_Split_Data/Processed_HiresLowres_All/t1/sub-r002s001_ses-1_T1w_MNI_norm.nii.gz,/home/rbielski/stroke_cleaned/ARC_ATLAS_Combined/A_A_Combined_Data/Processed_HiresLowres_Split_Data/Processed_HiresLowres_All/masks/sub-r002s001_ses-1_lesion_mask_MNI_clean.nii.gz,train_hires,False,130,-2.3665703004104985,14.58742213564247,0.03170850670137726,0.45587795972824097
train_low_quality,lowest_quality_522_of_non_hires_pool,ATLAS,sub-r052s023_ses-1,sub-r052s023,/home/rbielski/stroke_cleaned/ARC_ATLAS_Combined/A_A_Combined_Data/Processed_LowQualityTrain_Split_Data/train_low_quality/t1/sub-r052s023_ses-1_T1w_MNI_norm.nii.gz,/home/rbielski/stroke_cleaned/ARC_ATLAS_Combined/A_A_Combined_Data/Processed_LowQualityTrain_Split_Data/train_low_quality/masks/sub-r052s023_ses-1_lesion_mask_MNI_clean.nii.gz,/home/rbielski/stroke_cleaned/ARC_ATLAS_Combined/A_A_Combined_Data/Processed_HiresLowres_Split_Data/Processed_HiresLowres_All/t1/sub-r052s023_ses-1_T1w_MNI_norm.nii.gz,/home/rbielski/stroke_cleaned/ARC_ATLAS_Combined/A_A_Combined_Data/Processed_HiresLowres_Split_Data/Processed_HiresLowres_All/masks/sub-r052s023_ses-1_lesion_mask_MNI_clean.nii.gz,train_hires,False,131,-2.36402696599521,14.727997575953633,0.035283156298084074,0.4367372691631317
train_low_quality,lowest_quality_522_of_non_hires_pool,ATLAS,sub-r039s003_ses-1,sub-r039s003,/home/rbielski/stroke_cleaned/ARC_ATLAS_Combined/A_A_Combined_Data/Processed_LowQualityTrain_Split_Data/train_low_quality/t1/sub-r039s003_ses-1_T1w_MNI_norm.nii.gz,/home/rbielski/stroke_cleaned/ARC_ATLAS_Combined/A_A_Combined_Data/Processed_LowQualityTrain_Split_Data/train_low_quality/masks/sub-r039s003_ses-1_lesion_mask_MNI_clean.nii.gz,/home/rbielski/stroke_cleaned/ARC_ATLAS_Combined/A_A_Combined_Data/Processed_HiresLowres_Split_Data/Processed_HiresLowres_All/t1/sub-r039s003_ses-1_T1w_MNI_norm.nii.gz,/home/rbielski/stroke_cleaned/ARC_ATLAS_Combined/A_A_Combined_Data/Processed_HiresLowres_Split_Data/Processed_HiresLowres_All/masks/sub-r039s003_ses-1_lesion_mask_MNI_clean.nii.gz,train_hires,False,132,-2.357141784034275,13.667240758381848,0.02380220667757399,0.30932334065437317
train_low_quality,lowest_quality_522_of_non_hires_pool,ATLAS,sub-r034s008_ses-1,sub-r034s008,/home/rbielski/stroke_cleaned/ARC_ATLAS_Combined/A_A_Combined_Data/Processed_LowQualityTrain_Split_Data/train_low_quality/t1/sub-r034s008_ses-1_T1w_MNI_norm.nii.gz,/home/rbielski/stroke_cleaned/ARC_ATLAS_Combined/A_A_Combined_Data/Processed_LowQualityTrain_Split_Data/train_low_quality/masks/sub-r034s008_ses-1_lesion_mask_MNI_clean.nii.gz,/home/rbielski/stroke_cleaned/ARC_ATLAS_Combined/A_A_Combined_Data/Processed_HiresLowres_Split_Data/Processed_HiresLowres_All/t1/sub-r034s008_ses-1_T1w_MNI_norm.nii.gz,/home/rbielski/stroke_cleaned/ARC_ATLAS_Combined/A_A_Combined_Data/Processed_HiresLowres_Split_Data/Processed_HiresLowres_All/masks/sub-r034s008_ses-1_lesion_mask_MNI_clean.nii.gz,test_lores,False,133,-2.3570965563645254,14.483657556907882,0.03110452572097625,0.44055604934692383
train_low_quality,lowest_quality_522_of_non_hires_pool,ATLAS,sub-r023s008_ses-1,sub-r023s008,/home/rbielski/stroke_cleaned/ARC_ATLAS_Combined/A_A_Combined_Data/Processed_LowQualityTrain_Split_Data/train_low_quality/t1/sub-r023s008_ses-1_T1w_MNI_norm.nii.gz,/home/rbielski/stroke_cleaned/ARC_ATLAS_Combined/A_A_Combined_Data/Processed_LowQualityTrain_Split_Data/train_low_quality/masks/sub-r023s008_ses-1_lesion_mask_MNI_clean.nii.gz,/home/rbielski/stroke_cleaned/ARC_ATLAS_Combined/A_A_Combined_Data/Processed_HiresLowres_Split_Data/Processed_HiresLowres_All/t1/sub-r023s008_ses-1_T1w_MNI_norm.nii.gz,/home/rbielski/stroke_cleaned/ARC_ATLAS_Combined/A_A_Combined_Data/Processed_HiresLowres_Split_Data/Processed_HiresLowres_All/masks/sub-r023s008_ses-1_lesion_mask_MNI_clean.nii.gz,test_lores,False,134,-2.3522741782537415,14.11660972284239,0.027004308735030087,0.40079864859580994
train_low_quality,lowest_quality_522_of_non_hires_pool,ATLAS,sub-r002s007_ses-1,sub-r002s007,/home/rbielski/stroke_cleaned/ARC_ATLAS_Combined/A_A_Combined_Data/Processed_LowQualityTrain_Split_Data/train_low_quality/t1/sub-r002s007_ses-1_T1w_MNI_norm.nii.gz,/home/rbielski/stroke_cleaned/ARC_ATLAS_Combined/A_A_Combined_Data/Processed_LowQualityTrain_Split_Data/train_low_quality/masks/sub-r002s007_ses-1_lesion_mask_MNI_clean.nii.gz,/home/rbielski/stroke_cleaned/ARC_ATLAS_Combined/A_A_Combined_Data/Processed_HiresLowres_Split_Data/Processed_HiresLowres_All/t1/sub-r002s007_ses-1_T1w_MNI_norm.nii.gz,/home/rbielski/stroke_cleaned/ARC_ATLAS_Combined/A_A_Combined_Data/Processed_HiresLowres_Split_Data/Processed_HiresLowres_All/masks/sub-r002s007_ses-1_lesion_mask_MNI_clean.nii.gz,test_lores,False,135,-2.3488124396811054,14.056205977408121,0.0270981170640992,0.38185396790504456
train_low_quality,lowest_quality_522_of_non_hires_pool,ATLAS,sub-r040s008_ses-1,sub-r040s008,/home/rbielski/stroke_cleaned/ARC_ATLAS_Combined/A_A_Combined_Data/Processed_LowQualityTrain_Split_Data/train_low_quality/t1/sub-r040s008_ses-1_T1w_MNI_norm.nii.gz,/home/rbielski/stroke_cleaned/ARC_ATLAS_Combined/A_A_Combined_Data/Processed_LowQualityTrain_Split_Data/train_low_quality/masks/sub-r040s008_ses-1_lesion_mask_MNI_clean.nii.gz,/home/rbielski/stroke_cleaned/ARC_ATLAS_Combined/A_A_Combined_Data/Processed_HiresLowres_Split_Data/Processed_HiresLowres_All/t1/sub-r040s008_ses-1_T1w_MNI_norm.nii.gz,/home/rbielski/stroke_cleaned/ARC_ATLAS_Combined/A_A_Combined_Data/Processed_HiresLowres_Split_Data/Processed_HiresLowres_All/masks/sub-r040s008_ses-1_lesion_mask_MNI_clean.nii.gz,test_lores,False,136,-2.342161594464632,14.184056445823416,0.028197083113238045,0.4084851145744324
train_low_quality,lowest_quality_522_of_non_hires_pool,ATLAS,sub-r040s022_ses-1,sub-r040s022,/home/rbielski/stroke_cleaned/ARC_ATLAS_Combined/A_A_Combined_Data/Processed_LowQualityTrain_Split_Data/train_low_quality/t1/sub-r040s022_ses-1_T1w_MNI_norm.nii.gz,/home/rbielski/stroke_cleaned/ARC_ATLAS_Combined/A_A_Combined_Data/Processed_LowQualityTrain_Split_Data/train_low_quality/masks/sub-r040s022_ses-1_lesion_mask_MNI_clean.nii.gz,/home/rbielski/stroke_cleaned/ARC_ATLAS_Combined/A_A_Combined_Data/Processed_HiresLowres_Split_Data/Processed_HiresLowres_All/t1/sub-r040s022_ses-1_T1w_MNI_norm.nii.gz,/home/rbielski/stroke_cleaned/ARC_ATLAS_Combined/A_A_Combined_Data/Processed_HiresLowres_Split_Data/Processed_HiresLowres_All/masks/sub-r040s022_ses-1_lesion_mask_MNI_clean.nii.gz,train_hires,False,137,-2.3354746759503153,13.967665610627376,0.026047582326927554,0.38302382826805115
train_low_quality,lowest_quality_522_of_non_hires_pool,ATLAS,sub-r038s078_ses-1,sub-r038s078,/home/rbielski/stroke_cleaned/ARC_ATLAS_Combined/A_A_Combined_Data/Processed_LowQualityTrain_Split_Data/train_low_quality/t1/sub-r038s078_ses-1_T1w_MNI_norm.nii.gz,/home/rbielski/stroke_cleaned/ARC_ATLAS_Combined/A_A_Combined_Data/Processed_LowQualityTrain_Split_Data/train_low_quality/masks/sub-r038s078_ses-1_lesion_mask_MNI_clean.nii.gz,/home/rbielski/stroke_cleaned/ARC_ATLAS_Combined/A_A_Combined_Data/Processed_HiresLowres_Split_Data/Processed_HiresLowres_All/t1/sub-r038s078_ses-1_T1w_MNI_norm.nii.gz,/home/rbielski/stroke_cleaned/ARC_ATLAS_Combined/A_A_Combined_Data/Processed_HiresLowres_Split_Data/Processed_HiresLowres_All/masks/sub-r038s078_ses-1_lesion_mask_MNI_clean.nii.gz,test_lores,False,138,-2.330483438767719,13.989065729624983,0.02639363891426558,0.3874798119068146
train_low_quality,lowest_quality_522_of_non_hires_pool,ATLAS,sub-r024s012_ses-1,sub-r024s012,/home/rbielski/stroke_cleaned/ARC_ATLAS_Combined/A_A_Combined_Data/Processed_LowQualityTrain_Split_Data/train_low_quality/t1/sub-r024s012_ses-1_T1w_MNI_norm.nii.gz,/home/rbielski/stroke_cleaned/ARC_ATLAS_Combined/A_A_Combined_Data/Processed_LowQualityTrain_Split_Data/train_low_quality/masks/sub-r024s012_ses-1_lesion_mask_MNI_clean.nii.gz,/home/rbielski/stroke_cleaned/ARC_ATLAS_Combined/A_A_Combined_Data/Processed_HiresLowres_Split_Data/Processed_HiresLowres_All/t1/sub-r024s012_ses-1_T1w_MNI_norm.nii.gz,/home/rbielski/stroke_cleaned/ARC_ATLAS_Combined/A_A_Combined_Data/Processed_HiresLowres_Split_Data/Processed_HiresLowres_All/masks/sub-r024s012_ses-1_lesion_mask_MNI_clean.nii.gz,train_hires,False,139,-2.3254685768483054,14.482837883349161,0.0314873493923254,0.4580005705356598
train_low_quality,lowest_quality_522_of_non_hires_pool,ATLAS,sub-r017s119_ses-1,sub-r017s119,/home/rbielski/stroke_cleaned/ARC_ATLAS_Combined/A_A_Combined_Data/Processed_LowQualityTrain_Split_Data/train_low_quality/t1/sub-r017s119_ses-1_T1w_MNI_norm.nii.gz,/home/rbielski/stroke_cleaned/ARC_ATLAS_Combined/A_A_Combined_Data/Processed_LowQualityTrain_Split_Data/train_low_quality/masks/sub-r017s119_ses-1_lesion_mask_MNI_clean.nii.gz,/home/rbielski/stroke_cleaned/ARC_ATLAS_Combined/A_A_Combined_Data/Processed_HiresLowres_Split_Data/Processed_HiresLowres_All/t1/sub-r017s119_ses-1_T1w_MNI_norm.nii.gz,/home/rbielski/stroke_cleaned/ARC_ATLAS_Combined/A_A_Combined_Data/Processed_HiresLowres_Split_Data/Processed_HiresLowres_All/masks/sub-r017s119_ses-1_lesion_mask_MNI_clean.nii.gz,test_lores,False,141,-2.320094704578123,13.903400085167542,0.02644207423286514,0.36652958393096924
train_low_quality,lowest_quality_522_of_non_hires_pool,ATLAS,sub-r027s035_ses-1,sub-r027s035,/home/rbielski/stroke_cleaned/ARC_ATLAS_Combined/A_A_Combined_Data/Processed_LowQualityTrain_Split_Data/train_low_quality/t1/sub-r027s035_ses-1_T1w_MNI_norm.nii.gz,/home/rbielski/stroke_cleaned/ARC_ATLAS_Combined/A_A_Combined_Data/Processed_LowQualityTrain_Split_Data/train_low_quality/masks/sub-r027s035_ses-1_lesion_mask_MNI_clean.nii.gz,/home/rbielski/stroke_cleaned/ARC_ATLAS_Combined/A_A_Combined_Data/Processed_HiresLowres_Split_Data/Processed_HiresLowres_All/t1/sub-r027s035_ses-1_T1w_MNI_norm.nii.gz,/home/rbielski/stroke_cleaned/ARC_ATLAS_Combined/A_A_Combined_Data/Processed_HiresLowres_Split_Data/Processed_HiresLowres_All/masks/sub-r027s035_ses-1_lesion_mask_MNI_clean.nii.gz,test_lores,False,142,-2.3182071520170484,14.042372880690623,0.027244891079167975,0.3986591398715973
train_low_quality,lowest_quality_522_of_non_hires_pool,ATLAS,sub-r047s043_ses-1,sub-r047s043,/home/rbielski/stroke_cleaned/ARC_ATLAS_Combined/A_A_Combined_Data/Processed_LowQualityTrain_Split_Data/train_low_quality/t1/sub-r047s043_ses-1_T1w_MNI_norm.nii.gz,/home/rbielski/stroke_cleaned/ARC_ATLAS_Combined/A_A_Combined_Data/Processed_LowQualityTrain_Split_Data/train_low_quality/masks/sub-r047s043_ses-1_lesion_mask_MNI_clean.nii.gz,/home/rbielski/stroke_cleaned/ARC_ATLAS_Combined/A_A_Combined_Data/Processed_HiresLowres_Split_Data/Processed_HiresLowres_All/t1/sub-r047s043_ses-1_T1w_MNI_norm.nii.gz,/home/rbielski/stroke_cleaned/ARC_ATLAS_Combined/A_A_Combined_Data/Processed_HiresLowres_Split_Data/Processed_HiresLowres_All/masks/sub-r047s043_ses-1_lesion_mask_MNI_clean.nii.gz,test_lores,False,143,-2.3158007252128407,13.79464540978198,0.025077003794026144,0.3598436713218689
train_low_quality,lowest_quality_522_of_non_hires_pool,ATLAS,sub-r018s007_ses-1,sub-r018s007,/home/rbielski/stroke_cleaned/ARC_ATLAS_Combined/A_A_Combined_Data/Processed_LowQualityTrain_Split_Data/train_low_quality/t1/sub-r018s007_ses-1_T1w_MNI_norm.nii.gz,/home/rbielski/stroke_cleaned/ARC_ATLAS_Combined/A_A_Combined_Data/Processed_LowQualityTrain_Split_Data/train_low_quality/masks/sub-r018s007_ses-1_lesion_mask_MNI_clean.nii.gz,/home/rbielski/stroke_cleaned/ARC_ATLAS_Combined/A_A_Combined_Data/Processed_HiresLowres_Split_Data/Processed_HiresLowres_All/t1/sub-r018s007_ses-1_T1w_MNI_norm.nii.gz,/home/rbielski/stroke_cleaned/ARC_ATLAS_Combined/A_A_Combined_Data/Processed_HiresLowres_Split_Data/Processed_HiresLowres_All/masks/sub-r018s007_ses-1_lesion_mask_MNI_clean.nii.gz,test_lores,False,144,-2.3054993903735257,13.766421776728155,0.025562639022217188,0.34950077533721924
train_low_quality,lowest_quality_522_of_non_hires_pool,ATLAS,sub-r009s039_ses-1,sub-r009s039,/home/rbielski/stroke_cleaned/ARC_ATLAS_Combined/A_A_Combined_Data/Processed_LowQualityTrain_Split_Data/train_low_quality/t1/sub-r009s039_ses-1_T1w_MNI_norm.nii.gz,/home/rbielski/stroke_cleaned/ARC_ATLAS_Combined/A_A_Combined_Data/Processed_LowQualityTrain_Split_Data/train_low_quality/masks/sub-r009s039_ses-1_lesion_mask_MNI_clean.nii.gz,/home/rbielski/stroke_cleaned/ARC_ATLAS_Combined/A_A_Combined_Data/Processed_HiresLowres_Split_Data/Processed_HiresLowres_All/t1/sub-r009s039_ses-1_T1w_MNI_norm.nii.gz,/home/rbielski/stroke_cleaned/ARC_ATLAS_Combined/A_A_Combined_Data/Processed_HiresLowres_Split_Data/Processed_HiresLowres_All/masks/sub-r009s039_ses-1_lesion_mask_MNI_clean.nii.gz,train_hires,False,145,-2.294123338409167,14.080428918604568,0.02851990485317043,0.4061256945133209
train_low_quality,lowest_quality_522_of_non_hires_pool,ATLAS,sub-r038s005_ses-1,sub-r038s005,/home/rbielski/stroke_cleaned/ARC_ATLAS_Combined/A_A_Combined_Data/Processed_LowQualityTrain_Split_Data/train_low_quality/t1/sub-r038s005_ses-1_T1w_MNI_norm.nii.gz,/home/rbielski/stroke_cleaned/ARC_ATLAS_Combined/A_A_Combined_Data/Processed_LowQualityTrain_Split_Data/train_low_quality/masks/sub-r038s005_ses-1_lesion_mask_MNI_clean.nii.gz,/home/rbielski/stroke_cleaned/ARC_ATLAS_Combined/A_A_Combined_Data/Processed_HiresLowres_Split_Data/Processed_HiresLowres_All/t1/sub-r038s005_ses-1_T1w_MNI_norm.nii.gz,/home/rbielski/stroke_cleaned/ARC_ATLAS_Combined/A_A_Combined_Data/Processed_HiresLowres_Split_Data/Processed_HiresLowres_All/masks/sub-r038s005_ses-1_lesion_mask_MNI_clean.nii.gz,test_lores,False,146,-2.292639907088059,14.17705416453377,0.02847293383750311,0.4400213360786438
train_low_quality,lowest_quality_522_of_non_hires_pool,ATLAS,sub-r038s074_ses-1,sub-r038s074,/home/rbielski/stroke_cleaned/ARC_ATLAS_Combined/A_A_Combined_Data/Processed_LowQualityTrain_Split_Data/train_low_quality/t1/sub-r038s074_ses-1_T1w_MNI_norm.nii.gz,/home/rbielski/stroke_cleaned/ARC_ATLAS_Combined/A_A_Combined_Data/Processed_LowQualityTrain_Split_Data/train_low_quality/masks/sub-r038s074_ses-1_lesion_mask_MNI_clean.nii.gz,/home/rbielski/stroke_cleaned/ARC_ATLAS_Combined/A_A_Combined_Data/Processed_HiresLowres_Split_Data/Processed_HiresLowres_All/t1/sub-r038s074_ses-1_T1w_MNI_norm.nii.gz,/home/rbielski/stroke_cleaned/ARC_ATLAS_Combined/A_A_Combined_Data/Processed_HiresLowres_Split_Data/Processed_HiresLowres_All/masks/sub-r038s074_ses-1_lesion_mask_MNI_clean.nii.gz,train_hires,False,147,-2.2916190892127153,13.961673195837388,0.027006724462605155,0.39752843976020813
train_low_quality,lowest_quality_522_of_non_hires_pool,ATLAS,sub-r023s017_ses-1,sub-r023s017,/home/rbielski/stroke_cleaned/ARC_ATLAS_Combined/A_A_Combined_Data/Processed_LowQualityTrain_Split_Data/train_low_quality/t1/sub-r023s017_ses-1_T1w_MNI_norm.nii.gz,/home/rbielski/stroke_cleaned/ARC_ATLAS_Combined/A_A_Combined_Data/Processed_LowQualityTrain_Split_Data/train_low_quality/masks/sub-r023s017_ses-1_lesion_mask_MNI_clean.nii.gz,/home/rbielski/stroke_cleaned/ARC_ATLAS_Combined/A_A_Combined_Data/Processed_HiresLowres_Split_Data/Processed_HiresLowres_All/t1/sub-r023s017_ses-1_T1w_MNI_norm.nii.gz,/home/rbielski/stroke_cleaned/ARC_ATLAS_Combined/A_A_Combined_Data/Processed_HiresLowres_Split_Data/Processed_HiresLowres_All/masks/sub-r023s017_ses-1_lesion_mask_MNI_clean.nii.gz,test_lores,False,148,-2.2855872550599785,13.719398593027652,0.025482546845980586,0.35121920704841614
train_low_quality,lowest_quality_522_of_non_hires_pool,ATLAS,sub-r034s014_ses-1,sub-r034s014,/home/rbielski/stroke_cleaned/ARC_ATLAS_Combined/A_A_Combined_Data/Processed_LowQualityTrain_Split_Data/train_low_quality/t1/sub-r034s014_ses-1_T1w_MNI_norm.nii.gz,/home/rbielski/stroke_cleaned/ARC_ATLAS_Combined/A_A_Combined_Data/Processed_LowQualityTrain_Split_Data/train_low_quality/masks/sub-r034s014_ses-1_lesion_mask_MNI_clean.nii.gz,/home/rbielski/stroke_cleaned/ARC_ATLAS_Combined/A_A_Combined_Data/Processed_HiresLowres_Split_Data/Processed_HiresLowres_All/t1/sub-r034s014_ses-1_T1w_MNI_norm.nii.gz,/home/rbielski/stroke_cleaned/ARC_ATLAS_Combined/A_A_Combined_Data/Processed_HiresLowres_Split_Data/Processed_HiresLowres_All/masks/sub-r034s014_ses-1_lesion_mask_MNI_clean.nii.gz,test_lores,False,149,-2.2817335433364967,14.680155877978086,0.03505346139011273,0.49019989371299744
train_low_quality,lowest_quality_522_of_non_hires_pool,ATLAS,sub-r040s070_ses-1,sub-r040s070,/home/rbielski/stroke_cleaned/ARC_ATLAS_Combined/A_A_Combined_Data/Processed_LowQualityTrain_Split_Data/train_low_quality/t1/sub-r040s070_ses-1_T1w_MNI_norm.nii.gz,/home/rbielski/stroke_cleaned/ARC_ATLAS_Combined/A_A_Combined_Data/Processed_LowQualityTrain_Split_Data/train_low_quality/masks/sub-r040s070_ses-1_lesion_mask_MNI_clean.nii.gz,/home/rbielski/stroke_cleaned/ARC_ATLAS_Combined/A_A_Combined_Data/Processed_HiresLowres_Split_Data/Processed_HiresLowres_All/t1/sub-r040s070_ses-1_T1w_MNI_norm.nii.gz,/home/rbielski/stroke_cleaned/ARC_ATLAS_Combined/A_A_Combined_Data/Processed_HiresLowres_Split_Data/Processed_HiresLowres_All/masks/sub-r040s070_ses-1_lesion_mask_MNI_clean.nii.gz,test_lores,False,150,-2.2649138370731956,13.711894101849435,0.024680854870805305,0.38017934560775757
train_low_quality,lowest_quality_522_of_non_hires_pool,ATLAS,sub-r023s009_ses-1,sub-r023s009,/home/rbielski/stroke_cleaned/ARC_ATLAS_Combined/A_A_Combined_Data/Processed_LowQualityTrain_Split_Data/train_low_quality/t1/sub-r023s009_ses-1_T1w_MNI_norm.nii.gz,/home/rbielski/stroke_cleaned/ARC_ATLAS_Combined/A_A_Combined_Data/Processed_LowQualityTrain_Split_Data/train_low_quality/masks/sub-r023s009_ses-1_lesion_mask_MNI_clean.nii.gz,/home/rbielski/stroke_cleaned/ARC_ATLAS_Combined/A_A_Combined_Data/Processed_HiresLowres_Split_Data/Processed_HiresLowres_All/t1/sub-r023s009_ses-1_T1w_MNI_norm.nii.gz,/home/rbielski/stroke_cleaned/ARC_ATLAS_Combined/A_A_Combined_Data/Processed_HiresLowres_Split_Data/Processed_HiresLowres_All/masks/sub-r023s009_ses-1_lesion_mask_MNI_clean.nii.gz,test_lores,False,151,-2.242604807427326,13.68702438695863,0.025735493957874424,0.3696708381175995
train_low_quality,lowest_quality_522_of_non_hires_pool,ATLAS,sub-r046s011_ses-1,sub-r046s011,/home/rbielski/stroke_cleaned/ARC_ATLAS_Combined/A_A_Combined_Data/Processed_LowQualityTrain_Split_Data/train_low_quality/t1/sub-r046s011_ses-1_T1w_MNI_norm.nii.gz,/home/rbielski/stroke_cleaned/ARC_ATLAS_Combined/A_A_Combined_Data/Processed_LowQualityTrain_Split_Data/train_low_quality/masks/sub-r046s011_ses-1_lesion_mask_MNI_clean.nii.gz,/home/rbielski/stroke_cleaned/ARC_ATLAS_Combined/A_A_Combined_Data/Processed_HiresLowres_Split_Data/Processed_HiresLowres_All/t1/sub-r046s011_ses-1_T1w_MNI_norm.nii.gz,/home/rbielski/stroke_cleaned/ARC_ATLAS_Combined/A_A_Combined_Data/Processed_HiresLowres_Split_Data/Processed_HiresLowres_All/masks/sub-r046s011_ses-1_lesion_mask_MNI_clean.nii.gz,train_hires,False,152,-2.239934921928457,14.867562686437873,0.03841740968145943,0.5214220285415649
train_low_quality,lowest_quality_522_of_non_hires_pool,ATLAS,sub-r047s013_ses-1,sub-r047s013,/home/rbielski/stroke_cleaned/ARC_ATLAS_Combined/A_A_Combined_Data/Processed_LowQualityTrain_Split_Data/train_low_quality/t1/sub-r047s013_ses-1_T1w_MNI_norm.nii.gz,/home/rbielski/stroke_cleaned/ARC_ATLAS_Combined/A_A_Combined_Data/Processed_LowQualityTrain_Split_Data/train_low_quality/masks/sub-r047s013_ses-1_lesion_mask_MNI_clean.nii.gz,/home/rbielski/stroke_cleaned/ARC_ATLAS_Combined/A_A_Combined_Data/Processed_HiresLowres_Split_Data/Processed_HiresLowres_All/t1/sub-r047s013_ses-1_T1w_MNI_norm.nii.gz,/home/rbielski/stroke_cleaned/ARC_ATLAS_Combined/A_A_Combined_Data/Processed_HiresLowres_Split_Data/Processed_HiresLowres_All/masks/sub-r047s013_ses-1_lesion_mask_MNI_clean.nii.gz,test_lores,False,153,-2.2393086420406316,14.026149967319492,0.029139330300071303,0.419772744178772
train_low_quality,lowest_quality_522_of_non_hires_pool,ATLAS,sub-r002s002_ses-1,sub-r002s002,/home/rbielski/stroke_cleaned/ARC_ATLAS_Combined/A_A_Combined_Data/Processed_LowQualityTrain_Split_Data/train_low_quality/t1/sub-r002s002_ses-1_T1w_MNI_norm.nii.gz,/home/rbielski/stroke_cleaned/ARC_ATLAS_Combined/A_A_Combined_Data/Processed_LowQualityTrain_Split_Data/train_low_quality/masks/sub-r002s002_ses-1_lesion_mask_MNI_clean.nii.gz,/home/rbielski/stroke_cleaned/ARC_ATLAS_Combined/A_A_Combined_Data/Processed_HiresLowres_Split_Data/Processed_HiresLowres_All/t1/sub-r002s002_ses-1_T1w_MNI_norm.nii.gz,/home/rbielski/stroke_cleaned/ARC_ATLAS_Combined/A_A_Combined_Data/Processed_HiresLowres_Split_Data/Processed_HiresLowres_All/masks/sub-r002s002_ses-1_lesion_mask_MNI_clean.nii.gz,test_lores,False,154,-2.2290964743017057,13.837466532216393,0.02722376110440845,0.4018060266971588
train_low_quality,lowest_quality_522_of_non_hires_pool,ATLAS,sub-r040s048_ses-1,sub-r040s048,/home/rbielski/stroke_cleaned/ARC_ATLAS_Combined/A_A_Combined_Data/Processed_LowQualityTrain_Split_Data/train_low_quality/t1/sub-r040s048_ses-1_T1w_MNI_norm.nii.gz,/home/rbielski/stroke_cleaned/ARC_ATLAS_Combined/A_A_Combined_Data/Processed_LowQualityTrain_Split_Data/train_low_quality/masks/sub-r040s048_ses-1_lesion_mask_MNI_clean.nii.gz,/home/rbielski/stroke_cleaned/ARC_ATLAS_Combined/A_A_Combined_Data/Processed_HiresLowres_Split_Data/Processed_HiresLowres_All/t1/sub-r040s048_ses-1_T1w_MNI_norm.nii.gz,/home/rbielski/stroke_cleaned/ARC_ATLAS_Combined/A_A_Combined_Data/Processed_HiresLowres_Split_Data/Processed_HiresLowres_All/masks/sub-r040s048_ses-1_lesion_mask_MNI_clean.nii.gz,test_lores,False,155,-2.220930986667945,13.718068658128484,0.02664193184828843,0.3798830211162567
train_low_quality,lowest_quality_522_of_non_hires_pool,ATLAS,sub-r040s010_ses-1,sub-r040s010,/home/rbielski/stroke_cleaned/ARC_ATLAS_Combined/A_A_Combined_Data/Processed_LowQualityTrain_Split_Data/train_low_quality/t1/sub-r040s010_ses-1_T1w_MNI_norm.nii.gz,/home/rbielski/stroke_cleaned/ARC_ATLAS_Combined/A_A_Combined_Data/Processed_LowQualityTrain_Split_Data/train_low_quality/masks/sub-r040s010_ses-1_lesion_mask_MNI_clean.nii.gz,/home/rbielski/stroke_cleaned/ARC_ATLAS_Combined/A_A_Combined_Data/Processed_HiresLowres_Split_Data/Processed_HiresLowres_All/t1/sub-r040s010_ses-1_T1w_MNI_norm.nii.gz,/home/rbielski/stroke_cleaned/ARC_ATLAS_Combined/A_A_Combined_Data/Processed_HiresLowres_Split_Data/Processed_HiresLowres_All/masks/sub-r040s010_ses-1_lesion_mask_MNI_clean.nii.gz,test_lores,False,156,-2.2179619268199886,13.624161462752904,0.025650558568411502,0.369991660118103
train_low_quality,lowest_quality_522_of_non_hires_pool,ATLAS,sub-r040s030_ses-1,sub-r040s030,/home/rbielski/stroke_cleaned/ARC_ATLAS_Combined/A_A_Combined_Data/Processed_LowQualityTrain_Split_Data/train_low_quality/t1/sub-r040s030_ses-1_T1w_MNI_norm.nii.gz,/home/rbielski/stroke_cleaned/ARC_ATLAS_Combined/A_A_Combined_Data/Processed_LowQualityTrain_Split_Data/train_low_quality/masks/sub-r040s030_ses-1_lesion_mask_MNI_clean.nii.gz,/home/rbielski/stroke_cleaned/ARC_ATLAS_Combined/A_A_Combined_Data/Processed_HiresLowres_Split_Data/Processed_HiresLowres_All/t1/sub-r040s030_ses-1_T1w_MNI_norm.nii.gz,/home/rbielski/stroke_cleaned/ARC_ATLAS_Combined/A_A_Combined_Data/Processed_HiresLowres_Split_Data/Processed_HiresLowres_All/masks/sub-r040s030_ses-1_lesion_mask_MNI_clean.nii.gz,test_lores,False,157,-2.2161819867637194,14.415905746296142,0.03259855303983034,0.5011498332023621
train_low_quality,lowest_quality_522_of_non_hires_pool,ATLAS,sub-r034s048_ses-1,sub-r034s048,/home/rbielski/stroke_cleaned/ARC_ATLAS_Combined/A_A_Combined_Data/Processed_LowQualityTrain_Split_Data/train_low_quality/t1/sub-r034s048_ses-1_T1w_MNI_norm.nii.gz,/home/rbielski/stroke_cleaned/ARC_ATLAS_Combined/A_A_Combined_Data/Processed_LowQualityTrain_Split_Data/train_low_quality/masks/sub-r034s048_ses-1_lesion_mask_MNI_clean.nii.gz,/home/rbielski/stroke_cleaned/ARC_ATLAS_Combined/A_A_Combined_Data/Processed_HiresLowres_Split_Data/Processed_HiresLowres_All/t1/sub-r034s048_ses-1_T1w_MNI_norm.nii.gz,/home/rbielski/stroke_cleaned/ARC_ATLAS_Combined/A_A_Combined_Data/Processed_HiresLowres_Split_Data/Processed_HiresLowres_All/masks/sub-r034s048_ses-1_lesion_mask_MNI_clean.nii.gz,test_lores,False,158,-2.215778756604128,14.54778270583556,0.03561426915543289,0.488004595041275
train_low_quality,lowest_quality_522_of_non_hires_pool,ATLAS,sub-r003s009_ses-1,sub-r003s009,/home/rbielski/stroke_cleaned/ARC_ATLAS_Combined/A_A_Combined_Data/Processed_LowQualityTrain_Split_Data/train_low_quality/t1/sub-r003s009_ses-1_T1w_MNI_norm.nii.gz,/home/rbielski/stroke_cleaned/ARC_ATLAS_Combined/A_A_Combined_Data/Processed_LowQualityTrain_Split_Data/train_low_quality/masks/sub-r003s009_ses-1_lesion_mask_MNI_clean.nii.gz,/home/rbielski/stroke_cleaned/ARC_ATLAS_Combined/A_A_Combined_Data/Processed_HiresLowres_Split_Data/Processed_HiresLowres_All/t1/sub-r003s009_ses-1_T1w_MNI_norm.nii.gz,/home/rbielski/stroke_cleaned/ARC_ATLAS_Combined/A_A_Combined_Data/Processed_HiresLowres_Split_Data/Processed_HiresLowres_All/masks/sub-r003s009_ses-1_lesion_mask_MNI_clean.nii.gz,test_lores,False,159,-2.213726167065788,14.034534412616233,0.030444613454548852,0.41807255148887634
train_low_quality,lowest_quality_522_of_non_hires_pool,ATLAS,sub-r019s010_ses-1,sub-r019s010,/home/rbielski/stroke_cleaned/ARC_ATLAS_Combined/A_A_Combined_Data/Processed_LowQualityTrain_Split_Data/train_low_quality/t1/sub-r019s010_ses-1_T1w_MNI_norm.nii.gz,/home/rbielski/stroke_cleaned/ARC_ATLAS_Combined/A_A_Combined_Data/Processed_LowQualityTrain_Split_Data/train_low_quality/masks/sub-r019s010_ses-1_lesion_mask_MNI_clean.nii.gz,/home/rbielski/stroke_cleaned/ARC_ATLAS_Combined/A_A_Combined_Data/Processed_HiresLowres_Split_Data/Processed_HiresLowres_All/t1/sub-r019s010_ses-1_T1w_MNI_norm.nii.gz,/home/rbielski/stroke_cleaned/ARC_ATLAS_Combined/A_A_Combined_Data/Processed_HiresLowres_Split_Data/Processed_HiresLowres_All/masks/sub-r019s010_ses-1_lesion_mask_MNI_clean.nii.gz,test_lores,False,161,-2.206903259945113,14.292070220681778,0.033488561009225405,0.4508630037307739
train_low_quality,lowest_quality_522_of_non_hires_pool,ATLAS,sub-r011s008_ses-1,sub-r011s008,/home/rbielski/stroke_cleaned/ARC_ATLAS_Combined/A_A_Combined_Data/Processed_LowQualityTrain_Split_Data/train_low_quality/t1/sub-r011s008_ses-1_T1w_MNI_norm.nii.gz,/home/rbielski/stroke_cleaned/ARC_ATLAS_Combined/A_A_Combined_Data/Processed_LowQualityTrain_Split_Data/train_low_quality/masks/sub-r011s008_ses-1_lesion_mask_MNI_clean.nii.gz,/home/rbielski/stroke_cleaned/ARC_ATLAS_Combined/A_A_Combined_Data/Processed_HiresLowres_Split_Data/Processed_HiresLowres_All/t1/sub-r011s008_ses-1_T1w_MNI_norm.nii.gz,/home/rbielski/stroke_cleaned/ARC_ATLAS_Combined/A_A_Combined_Data/Processed_HiresLowres_Split_Data/Processed_HiresLowres_All/masks/sub-r011s008_ses-1_lesion_mask_MNI_clean.nii.gz,test_lores,False,162,-2.193614847984129,14.03816894082196,0.030807352109637327,0.4282824993133545
train_low_quality,lowest_quality_522_of_non_hires_pool,ATLAS,sub-r040s047_ses-1,sub-r040s047,/home/rbielski/stroke_cleaned/ARC_ATLAS_Combined/A_A_Combined_Data/Processed_LowQualityTrain_Split_Data/train_low_quality/t1/sub-r040s047_ses-1_T1w_MNI_norm.nii.gz,/home/rbielski/stroke_cleaned/ARC_ATLAS_Combined/A_A_Combined_Data/Processed_LowQualityTrain_Split_Data/train_low_quality/masks/sub-r040s047_ses-1_lesion_mask_MNI_clean.nii.gz,/home/rbielski/stroke_cleaned/ARC_ATLAS_Combined/A_A_Combined_Data/Processed_HiresLowres_Split_Data/Processed_HiresLowres_All/t1/sub-r040s047_ses-1_T1w_MNI_norm.nii.gz,/home/rbielski/stroke_cleaned/ARC_ATLAS_Combined/A_A_Combined_Data/Processed_HiresLowres_Split_Data/Processed_HiresLowres_All/masks/sub-r040s047_ses-1_lesion_mask_MNI_clean.nii.gz,test_lores,False,163,-2.1902805933222336,14.10327337144142,0.03078583711709008,0.4527705907821655
train_low_quality,lowest_quality_522_of_non_hires_pool,ATLAS,sub-r024s014_ses-1,sub-r024s014,/home/rbielski/stroke_cleaned/ARC_ATLAS_Combined/A_A_Combined_Data/Processed_LowQualityTrain_Split_Data/train_low_quality/t1/sub-r024s014_ses-1_T1w_MNI_norm.nii.gz,/home/rbielski/stroke_cleaned/ARC_ATLAS_Combined/A_A_Combined_Data/Processed_LowQualityTrain_Split_Data/train_low_quality/masks/sub-r024s014_ses-1_lesion_mask_MNI_clean.nii.gz,/home/rbielski/stroke_cleaned/ARC_ATLAS_Combined/A_A_Combined_Data/Processed_HiresLowres_Split_Data/Processed_HiresLowres_All/t1/sub-r024s014_ses-1_T1w_MNI_norm.nii.gz,/home/rbielski/stroke_cleaned/ARC_ATLAS_Combined/A_A_Combined_Data/Processed_HiresLowres_Split_Data/Processed_HiresLowres_All/masks/sub-r024s014_ses-1_lesion_mask_MNI_clean.nii.gz,train_hires,False,165,-2.1849853597612663,14.735747456915389,0.0388476715005515,0.5131964087486267
train_low_quality,lowest_quality_522_of_non_hires_pool,ATLAS,sub-r024s021_ses-1,sub-r024s021,/home/rbielski/stroke_cleaned/ARC_ATLAS_Combined/A_A_Combined_Data/Processed_LowQualityTrain_Split_Data/train_low_quality/t1/sub-r024s021_ses-1_T1w_MNI_norm.nii.gz,/home/rbielski/stroke_cleaned/ARC_ATLAS_Combined/A_A_Combined_Data/Processed_LowQualityTrain_Split_Data/train_low_quality/masks/sub-r024s021_ses-1_lesion_mask_MNI_clean.nii.gz,/home/rbielski/stroke_cleaned/ARC_ATLAS_Combined/A_A_Combined_Data/Processed_HiresLowres_Split_Data/Processed_HiresLowres_All/t1/sub-r024s021_ses-1_T1w_MNI_norm.nii.gz,/home/rbielski/stroke_cleaned/ARC_ATLAS_Combined/A_A_Combined_Data/Processed_HiresLowres_Split_Data/Processed_HiresLowres_All/masks/sub-r024s021_ses-1_lesion_mask_MNI_clean.nii.gz,train_hires,False,166,-2.1849784470887013,14.228106096181042,0.03217807184252633,0.47180870175361633
train_low_quality,lowest_quality_522_of_non_hires_pool,ATLAS,sub-r047s021_ses-1,sub-r047s021,/home/rbielski/stroke_cleaned/ARC_ATLAS_Combined/A_A_Combined_Data/Processed_LowQualityTrain_Split_Data/train_low_quality/t1/sub-r047s021_ses-1_T1w_MNI_norm.nii.gz,/home/rbielski/stroke_cleaned/ARC_ATLAS_Combined/A_A_Combined_Data/Processed_LowQualityTrain_Split_Data/train_low_quality/masks/sub-r047s021_ses-1_lesion_mask_MNI_clean.nii.gz,/home/rbielski/stroke_cleaned/ARC_ATLAS_Combined/A_A_Combined_Data/Processed_HiresLowres_Split_Data/Processed_HiresLowres_All/t1/sub-r047s021_ses-1_T1w_MNI_norm.nii.gz,/home/rbielski/stroke_cleaned/ARC_ATLAS_Combined/A_A_Combined_Data/Processed_HiresLowres_Split_Data/Processed_HiresLowres_All/masks/sub-r047s021_ses-1_lesion_mask_MNI_clean.nii.gz,train_hires,False,167,-2.17494441280977,13.85017703202465,0.02880860517889839,0.4187832474708557
train_low_quality,lowest_quality_522_of_non_hires_pool,ATLAS,sub-r005s081_ses-1,sub-r005s081,/home/rbielski/stroke_cleaned/ARC_ATLAS_Combined/A_A_Combined_Data/Processed_LowQualityTrain_Split_Data/train_low_quality/t1/sub-r005s081_ses-1_T1w_MNI_norm.nii.gz,/home/rbielski/stroke_cleaned/ARC_ATLAS_Combined/A_A_Combined_Data/Processed_LowQualityTrain_Split_Data/train_low_quality/masks/sub-r005s081_ses-1_lesion_mask_MNI_clean.nii.gz,/home/rbielski/stroke_cleaned/ARC_ATLAS_Combined/A_A_Combined_Data/Processed_HiresLowres_Split_Data/Processed_HiresLowres_All/t1/sub-r005s081_ses-1_T1w_MNI_norm.nii.gz,/home/rbielski/stroke_cleaned/ARC_ATLAS_Combined/A_A_Combined_Data/Processed_HiresLowres_Split_Data/Processed_HiresLowres_All/masks/sub-r005s081_ses-1_lesion_mask_MNI_clean.nii.gz,train_hires,False,168,-2.174428149999201,13.93863116809852,0.030374876779544854,0.4187754690647125
train_low_quality,lowest_quality_522_of_non_hires_pool,ATLAS,sub-r011s025_ses-1,sub-r011s025,/home/rbielski/stroke_cleaned/ARC_ATLAS_Combined/A_A_Combined_Data/Processed_LowQualityTrain_Split_Data/train_low_quality/t1/sub-r011s025_ses-1_T1w_MNI_norm.nii.gz,/home/rbielski/stroke_cleaned/ARC_ATLAS_Combined/A_A_Combined_Data/Processed_LowQualityTrain_Split_Data/train_low_quality/masks/sub-r011s025_ses-1_lesion_mask_MNI_clean.nii.gz,/home/rbielski/stroke_cleaned/ARC_ATLAS_Combined/A_A_Combined_Data/Processed_HiresLowres_Split_Data/Processed_HiresLowres_All/t1/sub-r011s025_ses-1_T1w_MNI_norm.nii.gz,/home/rbielski/stroke_cleaned/ARC_ATLAS_Combined/A_A_Combined_Data/Processed_HiresLowres_Split_Data/Processed_HiresLowres_All/masks/sub-r011s025_ses-1_lesion_mask_MNI_clean.nii.gz,train_hires,False,169,-2.174123853881558,14.11951842934815,0.03235150599706391,0.4413134753704071
train_low_quality,lowest_quality_522_of_non_hires_pool,ATLAS,sub-r003s005_ses-1,sub-r003s005,/home/rbielski/stroke_cleaned/ARC_ATLAS_Combined/A_A_Combined_Data/Processed_LowQualityTrain_Split_Data/train_low_quality/t1/sub-r003s005_ses-1_T1w_MNI_norm.nii.gz,/home/rbielski/stroke_cleaned/ARC_ATLAS_Combined/A_A_Combined_Data/Processed_LowQualityTrain_Split_Data/train_low_quality/masks/sub-r003s005_ses-1_lesion_mask_MNI_clean.nii.gz,/home/rbielski/stroke_cleaned/ARC_ATLAS_Combined/A_A_Combined_Data/Processed_HiresLowres_Split_Data/Processed_HiresLowres_All/t1/sub-r003s005_ses-1_T1w_MNI_norm.nii.gz,/home/rbielski/stroke_cleaned/ARC_ATLAS_Combined/A_A_Combined_Data/Processed_HiresLowres_Split_Data/Processed_HiresLowres_All/masks/sub-r003s005_ses-1_lesion_mask_MNI_clean.nii.gz,test_lores,False,170,-2.1718972848113385,13.941829773277211,0.03043027393043566,0.42077958583831787
train_low_quality,lowest_quality_522_of_non_hires_pool,ATLAS,sub-r034s026_ses-1,sub-r034s026,/home/rbielski/stroke_cleaned/ARC_ATLAS_Combined/A_A_Combined_Data/Processed_LowQualityTrain_Split_Data/train_low_quality/t1/sub-r034s026_ses-1_T1w_MNI_norm.nii.gz,/home/rbielski/stroke_cleaned/ARC_ATLAS_Combined/A_A_Combined_Data/Processed_LowQualityTrain_Split_Data/train_low_quality/masks/sub-r034s026_ses-1_lesion_mask_MNI_clean.nii.gz,/home/rbielski/stroke_cleaned/ARC_ATLAS_Combined/A_A_Combined_Data/Processed_HiresLowres_Split_Data/Processed_HiresLowres_All/t1/sub-r034s026_ses-1_T1w_MNI_norm.nii.gz,/home/rbielski/stroke_cleaned/ARC_ATLAS_Combined/A_A_Combined_Data/Processed_HiresLowres_Split_Data/Processed_HiresLowres_All/masks/sub-r034s026_ses-1_lesion_mask_MNI_clean.nii.gz,test_lores,False,172,-2.1441375420617876,13.716366558641193,0.028451761669643374,0.4057184159755707
train_low_quality,lowest_quality_522_of_non_hires_pool,ATLAS,sub-r011s022_ses-1,sub-r011s022,/home/rbielski/stroke_cleaned/ARC_ATLAS_Combined/A_A_Combined_Data/Processed_LowQualityTrain_Split_Data/train_low_quality/t1/sub-r011s022_ses-1_T1w_MNI_norm.nii.gz,/home/rbielski/stroke_cleaned/ARC_ATLAS_Combined/A_A_Combined_Data/Processed_LowQualityTrain_Split_Data/train_low_quality/masks/sub-r011s022_ses-1_lesion_mask_MNI_clean.nii.gz,/home/rbielski/stroke_cleaned/ARC_ATLAS_Combined/A_A_Combined_Data/Processed_HiresLowres_Split_Data/Processed_HiresLowres_All/t1/sub-r011s022_ses-1_T1w_MNI_norm.nii.gz,/home/rbielski/stroke_cleaned/ARC_ATLAS_Combined/A_A_Combined_Data/Processed_HiresLowres_Split_Data/Processed_HiresLowres_All/masks/sub-r011s022_ses-1_lesion_mask_MNI_clean.nii.gz,train_hires,False,173,-2.133270963081523,14.052350827360199,0.03264798087904173,0.44579941034317017
train_low_quality,lowest_quality_522_of_non_hires_pool,ATLAS,sub-r005s068_ses-1,sub-r005s068,/home/rbielski/stroke_cleaned/ARC_ATLAS_Combined/A_A_Combined_Data/Processed_LowQualityTrain_Split_Data/train_low_quality/t1/sub-r005s068_ses-1_T1w_MNI_norm.nii.gz,/home/rbielski/stroke_cleaned/ARC_ATLAS_Combined/A_A_Combined_Data/Processed_LowQualityTrain_Split_Data/train_low_quality/masks/sub-r005s068_ses-1_lesion_mask_MNI_clean.nii.gz,/home/rbielski/stroke_cleaned/ARC_ATLAS_Combined/A_A_Combined_Data/Processed_HiresLowres_Split_Data/Processed_HiresLowres_All/t1/sub-r005s068_ses-1_T1w_MNI_norm.nii.gz,/home/rbielski/stroke_cleaned/ARC_ATLAS_Combined/A_A_Combined_Data/Processed_HiresLowres_Split_Data/Processed_HiresLowres_All/masks/sub-r005s068_ses-1_lesion_mask_MNI_clean.nii.gz,train_hires,False,174,-2.1313111219605707,13.552114812871267,0.026910796344147517,0.39079347252845764
train_low_quality,lowest_quality_522_of_non_hires_pool,ATLAS,sub-r002s005_ses-1,sub-r002s005,/home/rbielski/stroke_cleaned/ARC_ATLAS_Combined/A_A_Combined_Data/Processed_LowQualityTrain_Split_Data/train_low_quality/t1/sub-r002s005_ses-1_T1w_MNI_norm.nii.gz,/home/rbielski/stroke_cleaned/ARC_ATLAS_Combined/A_A_Combined_Data/Processed_LowQualityTrain_Split_Data/train_low_quality/masks/sub-r002s005_ses-1_lesion_mask_MNI_clean.nii.gz,/home/rbielski/stroke_cleaned/ARC_ATLAS_Combined/A_A_Combined_Data/Processed_HiresLowres_Split_Data/Processed_HiresLowres_All/t1/sub-r002s005_ses-1_T1w_MNI_norm.nii.gz,/home/rbielski/stroke_cleaned/ARC_ATLAS_Combined/A_A_Combined_Data/Processed_HiresLowres_Split_Data/Processed_HiresLowres_All/masks/sub-r002s005_ses-1_lesion_mask_MNI_clean.nii.gz,train_hires,False,175,-2.130681677149683,14.864918898216356,0.039522519335090066,0.5858439207077026
train_low_quality,lowest_quality_522_of_non_hires_pool,ATLAS,sub-r024s013_ses-1,sub-r024s013,/home/rbielski/stroke_cleaned/ARC_ATLAS_Combined/A_A_Combined_Data/Processed_LowQualityTrain_Split_Data/train_low_quality/t1/sub-r024s013_ses-1_T1w_MNI_norm.nii.gz,/home/rbielski/stroke_cleaned/ARC_ATLAS_Combined/A_A_Combined_Data/Processed_LowQualityTrain_Split_Data/train_low_quality/masks/sub-r024s013_ses-1_lesion_mask_MNI_clean.nii.gz,/home/rbielski/stroke_cleaned/ARC_ATLAS_Combined/A_A_Combined_Data/Processed_HiresLowres_Split_Data/Processed_HiresLowres_All/t1/sub-r024s013_ses-1_T1w_MNI_norm.nii.gz,/home/rbielski/stroke_cleaned/ARC_ATLAS_Combined/A_A_Combined_Data/Processed_HiresLowres_Split_Data/Processed_HiresLowres_All/masks/sub-r024s013_ses-1_lesion_mask_MNI_clean.nii.gz,train_hires,False,176,-2.1305315566825027,14.791417912859929,0.040090759367878544,0.5510177612304688
train_low_quality,lowest_quality_522_of_non_hires_pool,ATLAS,sub-r027s041_ses-1,sub-r027s041,/home/rbielski/stroke_cleaned/ARC_ATLAS_Combined/A_A_Combined_Data/Processed_LowQualityTrain_Split_Data/train_low_quality/t1/sub-r027s041_ses-1_T1w_MNI_norm.nii.gz,/home/rbielski/stroke_cleaned/ARC_ATLAS_Combined/A_A_Combined_Data/Processed_LowQualityTrain_Split_Data/train_low_quality/masks/sub-r027s041_ses-1_lesion_mask_MNI_clean.nii.gz,/home/rbielski/stroke_cleaned/ARC_ATLAS_Combined/A_A_Combined_Data/Processed_HiresLowres_Split_Data/Processed_HiresLowres_All/t1/sub-r027s041_ses-1_T1w_MNI_norm.nii.gz,/home/rbielski/stroke_cleaned/ARC_ATLAS_Combined/A_A_Combined_Data/Processed_HiresLowres_Split_Data/Processed_HiresLowres_All/masks/sub-r027s041_ses-1_lesion_mask_MNI_clean.nii.gz,test_lores,False,177,-2.1268965142975644,13.805190496987402,0.029229730596480954,0.43389907479286194
train_low_quality,lowest_quality_522_of_non_hires_pool,ATLAS,sub-r034s012_ses-1,sub-r034s012,/home/rbielski/stroke_cleaned/ARC_ATLAS_Combined/A_A_Combined_Data/Processed_LowQualityTrain_Split_Data/train_low_quality/t1/sub-r034s012_ses-1_T1w_MNI_norm.nii.gz,/home/rbielski/stroke_cleaned/ARC_ATLAS_Combined/A_A_Combined_Data/Processed_LowQualityTrain_Split_Data/train_low_quality/masks/sub-r034s012_ses-1_lesion_mask_MNI_clean.nii.gz,/home/rbielski/stroke_cleaned/ARC_ATLAS_Combined/A_A_Combined_Data/Processed_HiresLowres_Split_Data/Processed_HiresLowres_All/t1/sub-r034s012_ses-1_T1w_MNI_norm.nii.gz,/home/rbielski/stroke_cleaned/ARC_ATLAS_Combined/A_A_Combined_Data/Processed_HiresLowres_Split_Data/Processed_HiresLowres_All/masks/sub-r034s012_ses-1_lesion_mask_MNI_clean.nii.gz,train_hires,False,178,-2.1158327151482594,14.06329749440683,0.03221410596099793,0.4713462293148041
train_low_quality,lowest_quality_522_of_non_hires_pool,ATLAS,sub-r034s006_ses-1,sub-r034s006,/home/rbielski/stroke_cleaned/ARC_ATLAS_Combined/A_A_Combined_Data/Processed_LowQualityTrain_Split_Data/train_low_quality/t1/sub-r034s006_ses-1_T1w_MNI_norm.nii.gz,/home/rbielski/stroke_cleaned/ARC_ATLAS_Combined/A_A_Combined_Data/Processed_LowQualityTrain_Split_Data/train_low_quality/masks/sub-r034s006_ses-1_lesion_mask_MNI_clean.nii.gz,/home/rbielski/stroke_cleaned/ARC_ATLAS_Combined/A_A_Combined_Data/Processed_HiresLowres_Split_Data/Processed_HiresLowres_All/t1/sub-r034s006_ses-1_T1w_MNI_norm.nii.gz,/home/rbielski/stroke_cleaned/ARC_ATLAS_Combined/A_A_Combined_Data/Processed_HiresLowres_Split_Data/Processed_HiresLowres_All/masks/sub-r034s006_ses-1_lesion_mask_MNI_clean.nii.gz,test_lores,False,179,-2.1140606585888375,14.461189415698481,0.03623610339963264,0.52794349193573
train_low_quality,lowest_quality_522_of_non_hires_pool,ATLAS,sub-r040s063_ses-1,sub-r040s063,/home/rbielski/stroke_cleaned/ARC_ATLAS_Combined/A_A_Combined_Data/Processed_LowQualityTrain_Split_Data/train_low_quality/t1/sub-r040s063_ses-1_T1w_MNI_norm.nii.gz,/home/rbielski/stroke_cleaned/ARC_ATLAS_Combined/A_A_Combined_Data/Processed_LowQualityTrain_Split_Data/train_low_quality/masks/sub-r040s063_ses-1_lesion_mask_MNI_clean.nii.gz,/home/rbielski/stroke_cleaned/ARC_ATLAS_Combined/A_A_Combined_Data/Processed_HiresLowres_Split_Data/Processed_HiresLowres_All/t1/sub-r040s063_ses-1_T1w_MNI_norm.nii.gz,/home/rbielski/stroke_cleaned/ARC_ATLAS_Combined/A_A_Combined_Data/Processed_HiresLowres_Split_Data/Processed_HiresLowres_All/masks/sub-r040s063_ses-1_lesion_mask_MNI_clean.nii.gz,train_hires,False,180,-2.0939591425761432,13.56246132360048,0.027895282049011434,0.4050752818584442
train_low_quality,lowest_quality_522_of_non_hires_pool,ATLAS,sub-r034s036_ses-1,sub-r034s036,/home/rbielski/stroke_cleaned/ARC_ATLAS_Combined/A_A_Combined_Data/Processed_LowQualityTrain_Split_Data/train_low_quality/t1/sub-r034s036_ses-1_T1w_MNI_norm.nii.gz,/home/rbielski/stroke_cleaned/ARC_ATLAS_Combined/A_A_Combined_Data/Processed_LowQualityTrain_Split_Data/train_low_quality/masks/sub-r034s036_ses-1_lesion_mask_MNI_clean.nii.gz,/home/rbielski/stroke_cleaned/ARC_ATLAS_Combined/A_A_Combined_Data/Processed_HiresLowres_Split_Data/Processed_HiresLowres_All/t1/sub-r034s036_ses-1_T1w_MNI_norm.nii.gz,/home/rbielski/stroke_cleaned/ARC_ATLAS_Combined/A_A_Combined_Data/Processed_HiresLowres_Split_Data/Processed_HiresLowres_All/masks/sub-r034s036_ses-1_lesion_mask_MNI_clean.nii.gz,train_hires,False,181,-2.090452210988207,13.823167851197558,0.030968573773881108,0.4357419013977051
train_low_quality,lowest_quality_522_of_non_hires_pool,ATLAS,sub-r047s036_ses-1,sub-r047s036,/home/rbielski/stroke_cleaned/ARC_ATLAS_Combined/A_A_Combined_Data/Processed_LowQualityTrain_Split_Data/train_low_quality/t1/sub-r047s036_ses-1_T1w_MNI_norm.nii.gz,/home/rbielski/stroke_cleaned/ARC_ATLAS_Combined/A_A_Combined_Data/Processed_LowQualityTrain_Split_Data/train_low_quality/masks/sub-r047s036_ses-1_lesion_mask_MNI_clean.nii.gz,/home/rbielski/stroke_cleaned/ARC_ATLAS_Combined/A_A_Combined_Data/Processed_HiresLowres_Split_Data/Processed_HiresLowres_All/t1/sub-r047s036_ses-1_T1w_MNI_norm.nii.gz,/home/rbielski/stroke_cleaned/ARC_ATLAS_Combined/A_A_Combined_Data/Processed_HiresLowres_Split_Data/Processed_HiresLowres_All/masks/sub-r047s036_ses-1_lesion_mask_MNI_clean.nii.gz,train_hires,False,182,-2.0879630017602944,13.57672222919848,0.028247994272304733,0.4078455865383148
train_low_quality,lowest_quality_522_of_non_hires_pool,ATLAS,sub-r035s014_ses-1,sub-r035s014,/home/rbielski/stroke_cleaned/ARC_ATLAS_Combined/A_A_Combined_Data/Processed_LowQualityTrain_Split_Data/train_low_quality/t1/sub-r035s014_ses-1_T1w_MNI_norm.nii.gz,/home/rbielski/stroke_cleaned/ARC_ATLAS_Combined/A_A_Combined_Data/Processed_LowQualityTrain_Split_Data/train_low_quality/masks/sub-r035s014_ses-1_lesion_mask_MNI_clean.nii.gz,/home/rbielski/stroke_cleaned/ARC_ATLAS_Combined/A_A_Combined_Data/Processed_HiresLowres_Split_Data/Processed_HiresLowres_All/t1/sub-r035s014_ses-1_T1w_MNI_norm.nii.gz,/home/rbielski/stroke_cleaned/ARC_ATLAS_Combined/A_A_Combined_Data/Processed_HiresLowres_Split_Data/Processed_HiresLowres_All/masks/sub-r035s014_ses-1_lesion_mask_MNI_clean.nii.gz,train_hires,False,183,-2.0745556143498503,14.860715246836909,0.040107556555165354,0.6176745891571045
train_low_quality,lowest_quality_522_of_non_hires_pool,ATLAS,sub-r031s004_ses-1,sub-r031s004,/home/rbielski/stroke_cleaned/ARC_ATLAS_Combined/A_A_Combined_Data/Processed_LowQualityTrain_Split_Data/train_low_quality/t1/sub-r031s004_ses-1_T1w_MNI_norm.nii.gz,/home/rbielski/stroke_cleaned/ARC_ATLAS_Combined/A_A_Combined_Data/Processed_LowQualityTrain_Split_Data/train_low_quality/masks/sub-r031s004_ses-1_lesion_mask_MNI_clean.nii.gz,/home/rbielski/stroke_cleaned/ARC_ATLAS_Combined/A_A_Combined_Data/Processed_HiresLowres_Split_Data/Processed_HiresLowres_All/t1/sub-r031s004_ses-1_T1w_MNI_norm.nii.gz,/home/rbielski/stroke_cleaned/ARC_ATLAS_Combined/A_A_Combined_Data/Processed_HiresLowres_Split_Data/Processed_HiresLowres_All/masks/sub-r031s004_ses-1_lesion_mask_MNI_clean.nii.gz,train_hires,False,184,-2.073196943872608,14.994028859376986,0.04047515750277307,0.6557365655899048
train_low_quality,lowest_quality_522_of_non_hires_pool,ATLAS,sub-r028s014_ses-1,sub-r028s014,/home/rbielski/stroke_cleaned/ARC_ATLAS_Combined/A_A_Combined_Data/Processed_LowQualityTrain_Split_Data/train_low_quality/t1/sub-r028s014_ses-1_T1w_MNI_norm.nii.gz,/home/rbielski/stroke_cleaned/ARC_ATLAS_Combined/A_A_Combined_Data/Processed_LowQualityTrain_Split_Data/train_low_quality/masks/sub-r028s014_ses-1_lesion_mask_MNI_clean.nii.gz,/home/rbielski/stroke_cleaned/ARC_ATLAS_Combined/A_A_Combined_Data/Processed_HiresLowres_Split_Data/Processed_HiresLowres_All/t1/sub-r028s014_ses-1_T1w_MNI_norm.nii.gz,/home/rbielski/stroke_cleaned/ARC_ATLAS_Combined/A_A_Combined_Data/Processed_HiresLowres_Split_Data/Processed_HiresLowres_All/masks/sub-r028s014_ses-1_lesion_mask_MNI_clean.nii.gz,train_hires,False,185,-2.0700349019487714,15.036548697558619,0.04182993914774429,0.6466707587242126
train_low_quality,lowest_quality_522_of_non_hires_pool,ATLAS,sub-r035s012_ses-1,sub-r035s012,/home/rbielski/stroke_cleaned/ARC_ATLAS_Combined/A_A_Combined_Data/Processed_LowQualityTrain_Split_Data/train_low_quality/t1/sub-r035s012_ses-1_T1w_MNI_norm.nii.gz,/home/rbielski/stroke_cleaned/ARC_ATLAS_Combined/A_A_Combined_Data/Processed_LowQualityTrain_Split_Data/train_low_quality/masks/sub-r035s012_ses-1_lesion_mask_MNI_clean.nii.gz,/home/rbielski/stroke_cleaned/ARC_ATLAS_Combined/A_A_Combined_Data/Processed_HiresLowres_Split_Data/Processed_HiresLowres_All/t1/sub-r035s012_ses-1_T1w_MNI_norm.nii.gz,/home/rbielski/stroke_cleaned/ARC_ATLAS_Combined/A_A_Combined_Data/Processed_HiresLowres_Split_Data/Processed_HiresLowres_All/masks/sub-r035s012_ses-1_lesion_mask_MNI_clean.nii.gz,train_hires,False,186,-2.0510756050660244,14.599075125026808,0.039389873940015106,0.5635210275650024
train_low_quality,lowest_quality_522_of_non_hires_pool,ATLAS,sub-r040s053_ses-1,sub-r040s053,/home/rbielski/stroke_cleaned/ARC_ATLAS_Combined/A_A_Combined_Data/Processed_LowQualityTrain_Split_Data/train_low_quality/t1/sub-r040s053_ses-1_T1w_MNI_norm.nii.gz,/home/rbielski/stroke_cleaned/ARC_ATLAS_Combined/A_A_Combined_Data/Processed_LowQualityTrain_Split_Data/train_low_quality/masks/sub-r040s053_ses-1_lesion_mask_MNI_clean.nii.gz,/home/rbielski/stroke_cleaned/ARC_ATLAS_Combined/A_A_Combined_Data/Processed_HiresLowres_Split_Data/Processed_HiresLowres_All/t1/sub-r040s053_ses-1_T1w_MNI_norm.nii.gz,/home/rbielski/stroke_cleaned/ARC_ATLAS_Combined/A_A_Combined_Data/Processed_HiresLowres_Split_Data/Processed_HiresLowres_All/masks/sub-r040s053_ses-1_lesion_mask_MNI_clean.nii.gz,test_lores,False,187,-2.0501912979671135,14.327553362537595,0.03650550375980111,0.5291876196861267
train_low_quality,lowest_quality_522_of_non_hires_pool,ATLAS,sub-r034s033_ses-1,sub-r034s033,/home/rbielski/stroke_cleaned/ARC_ATLAS_Combined/A_A_Combined_Data/Processed_LowQualityTrain_Split_Data/train_low_quality/t1/sub-r034s033_ses-1_T1w_MNI_norm.nii.gz,/home/rbielski/stroke_cleaned/ARC_ATLAS_Combined/A_A_Combined_Data/Processed_LowQualityTrain_Split_Data/train_low_quality/masks/sub-r034s033_ses-1_lesion_mask_MNI_clean.nii.gz,/home/rbielski/stroke_cleaned/ARC_ATLAS_Combined/A_A_Combined_Data/Processed_HiresLowres_Split_Data/Processed_HiresLowres_All/t1/sub-r034s033_ses-1_T1w_MNI_norm.nii.gz,/home/rbielski/stroke_cleaned/ARC_ATLAS_Combined/A_A_Combined_Data/Processed_HiresLowres_Split_Data/Processed_HiresLowres_All/masks/sub-r034s033_ses-1_lesion_mask_MNI_clean.nii.gz,train_hires,False,188,-2.048196352683477,14.686300071291665,0.038941209095006354,0.6030013561248779
train_low_quality,lowest_quality_522_of_non_hires_pool,ATLAS,sub-r002s004_ses-1,sub-r002s004,/home/rbielski/stroke_cleaned/ARC_ATLAS_Combined/A_A_Combined_Data/Processed_LowQualityTrain_Split_Data/train_low_quality/t1/sub-r002s004_ses-1_T1w_MNI_norm.nii.gz,/home/rbielski/stroke_cleaned/ARC_ATLAS_Combined/A_A_Combined_Data/Processed_LowQualityTrain_Split_Data/train_low_quality/masks/sub-r002s004_ses-1_lesion_mask_MNI_clean.nii.gz,/home/rbielski/stroke_cleaned/ARC_ATLAS_Combined/A_A_Combined_Data/Processed_HiresLowres_Split_Data/Processed_HiresLowres_All/t1/sub-r002s004_ses-1_T1w_MNI_norm.nii.gz,/home/rbielski/stroke_cleaned/ARC_ATLAS_Combined/A_A_Combined_Data/Processed_HiresLowres_Split_Data/Processed_HiresLowres_All/masks/sub-r002s004_ses-1_lesion_mask_MNI_clean.nii.gz,test_lores,False,189,-2.0366640575409907,14.00739053835171,0.03304390349719129,0.4996904134750366
train_low_quality,lowest_quality_522_of_non_hires_pool,ATLAS,sub-r028s005_ses-1,sub-r028s005,/home/rbielski/stroke_cleaned/ARC_ATLAS_Combined/A_A_Combined_Data/Processed_LowQualityTrain_Split_Data/train_low_quality/t1/sub-r028s005_ses-1_T1w_MNI_norm.nii.gz,/home/rbielski/stroke_cleaned/ARC_ATLAS_Combined/A_A_Combined_Data/Processed_LowQualityTrain_Split_Data/train_low_quality/masks/sub-r028s005_ses-1_lesion_mask_MNI_clean.nii.gz,/home/rbielski/stroke_cleaned/ARC_ATLAS_Combined/A_A_Combined_Data/Processed_HiresLowres_Split_Data/Processed_HiresLowres_All/t1/sub-r028s005_ses-1_T1w_MNI_norm.nii.gz,/home/rbielski/stroke_cleaned/ARC_ATLAS_Combined/A_A_Combined_Data/Processed_HiresLowres_Split_Data/Processed_HiresLowres_All/masks/sub-r028s005_ses-1_lesion_mask_MNI_clean.nii.gz,train_hires,False,191,-2.030256413436849,14.426868885844007,0.0366568564178348,0.5747763514518738
train_low_quality,lowest_quality_522_of_non_hires_pool,ATLAS,sub-r001s027_ses-1,sub-r001s027,/home/rbielski/stroke_cleaned/ARC_ATLAS_Combined/A_A_Combined_Data/Processed_LowQualityTrain_Split_Data/train_low_quality/t1/sub-r001s027_ses-1_T1w_MNI_norm.nii.gz,/home/rbielski/stroke_cleaned/ARC_ATLAS_Combined/A_A_Combined_Data/Processed_LowQualityTrain_Split_Data/train_low_quality/masks/sub-r001s027_ses-1_lesion_mask_MNI_clean.nii.gz,/home/rbielski/stroke_cleaned/ARC_ATLAS_Combined/A_A_Combined_Data/Processed_HiresLowres_Split_Data/Processed_HiresLowres_All/t1/sub-r001s027_ses-1_T1w_MNI_norm.nii.gz,/home/rbielski/stroke_cleaned/ARC_ATLAS_Combined/A_A_Combined_Data/Processed_HiresLowres_Split_Data/Processed_HiresLowres_All/masks/sub-r001s027_ses-1_lesion_mask_MNI_clean.nii.gz,train_hires,False,192,-2.0296207995837885,13.533199228045305,0.030425625613056267,0.3984089493751526
train_low_quality,lowest_quality_522_of_non_hires_pool,ATLAS,sub-r003s011_ses-1,sub-r003s011,/home/rbielski/stroke_cleaned/ARC_ATLAS_Combined/A_A_Combined_Data/Processed_LowQualityTrain_Split_Data/train_low_quality/t1/sub-r003s011_ses-1_T1w_MNI_norm.nii.gz,/home/rbielski/stroke_cleaned/ARC_ATLAS_Combined/A_A_Combined_Data/Processed_LowQualityTrain_Split_Data/train_low_quality/masks/sub-r003s011_ses-1_lesion_mask_MNI_clean.nii.gz,/home/rbielski/stroke_cleaned/ARC_ATLAS_Combined/A_A_Combined_Data/Processed_HiresLowres_Split_Data/Processed_HiresLowres_All/t1/sub-r003s011_ses-1_T1w_MNI_norm.nii.gz,/home/rbielski/stroke_cleaned/ARC_ATLAS_Combined/A_A_Combined_Data/Processed_HiresLowres_Split_Data/Processed_HiresLowres_All/masks/sub-r003s011_ses-1_lesion_mask_MNI_clean.nii.gz,test_lores,False,193,-2.0275454105359314,13.831077174127822,0.03216594823560267,0.4653536379337311
train_low_quality,lowest_quality_522_of_non_hires_pool,ATLAS,sub-r011s010_ses-1,sub-r011s010,/home/rbielski/stroke_cleaned/ARC_ATLAS_Combined/A_A_Combined_Data/Processed_LowQualityTrain_Split_Data/train_low_quality/t1/sub-r011s010_ses-1_T1w_MNI_norm.nii.gz,/home/rbielski/stroke_cleaned/ARC_ATLAS_Combined/A_A_Combined_Data/Processed_LowQualityTrain_Split_Data/train_low_quality/masks/sub-r011s010_ses-1_lesion_mask_MNI_clean.nii.gz,/home/rbielski/stroke_cleaned/ARC_ATLAS_Combined/A_A_Combined_Data/Processed_HiresLowres_Split_Data/Processed_HiresLowres_All/t1/sub-r011s010_ses-1_T1w_MNI_norm.nii.gz,/home/rbielski/stroke_cleaned/ARC_ATLAS_Combined/A_A_Combined_Data/Processed_HiresLowres_Split_Data/Processed_HiresLowres_All/masks/sub-r011s010_ses-1_lesion_mask_MNI_clean.nii.gz,train_hires,False,194,-2.0236815070963656,14.275696745879888,0.03711816076532065,0.5214409828186035
train_low_quality,lowest_quality_522_of_non_hires_pool,ATLAS,sub-r027s048_ses-1,sub-r027s048,/home/rbielski/stroke_cleaned/ARC_ATLAS_Combined/A_A_Combined_Data/Processed_LowQualityTrain_Split_Data/train_low_quality/t1/sub-r027s048_ses-1_T1w_MNI_norm.nii.gz,/home/rbielski/stroke_cleaned/ARC_ATLAS_Combined/A_A_Combined_Data/Processed_LowQualityTrain_Split_Data/train_low_quality/masks/sub-r027s048_ses-1_lesion_mask_MNI_clean.nii.gz,/home/rbielski/stroke_cleaned/ARC_ATLAS_Combined/A_A_Combined_Data/Processed_HiresLowres_Split_Data/Processed_HiresLowres_All/t1/sub-r027s048_ses-1_T1w_MNI_norm.nii.gz,/home/rbielski/stroke_cleaned/ARC_ATLAS_Combined/A_A_Combined_Data/Processed_HiresLowres_Split_Data/Processed_HiresLowres_All/masks/sub-r027s048_ses-1_lesion_mask_MNI_clean.nii.gz,test_lores,False,195,-2.020594338398661,13.845198271092894,0.03156756694653229,0.4867817759513855
train_low_quality,lowest_quality_522_of_non_hires_pool,ATLAS,sub-r047s017_ses-1,sub-r047s017,/home/rbielski/stroke_cleaned/ARC_ATLAS_Combined/A_A_Combined_Data/Processed_LowQualityTrain_Split_Data/train_low_quality/t1/sub-r047s017_ses-1_T1w_MNI_norm.nii.gz,/home/rbielski/stroke_cleaned/ARC_ATLAS_Combined/A_A_Combined_Data/Processed_LowQualityTrain_Split_Data/train_low_quality/masks/sub-r047s017_ses-1_lesion_mask_MNI_clean.nii.gz,/home/rbielski/stroke_cleaned/ARC_ATLAS_Combined/A_A_Combined_Data/Processed_HiresLowres_Split_Data/Processed_HiresLowres_All/t1/sub-r047s017_ses-1_T1w_MNI_norm.nii.gz,/home/rbielski/stroke_cleaned/ARC_ATLAS_Combined/A_A_Combined_Data/Processed_HiresLowres_Split_Data/Processed_HiresLowres_All/masks/sub-r047s017_ses-1_lesion_mask_MNI_clean.nii.gz,train_hires,False,196,-2.019589417079419,13.437087389347802,0.029214657864099932,0.39750468730926514
train_low_quality,lowest_quality_522_of_non_hires_pool,ATLAS,sub-r003s008_ses-1,sub-r003s008,/home/rbielski/stroke_cleaned/ARC_ATLAS_Combined/A_A_Combined_Data/Processed_LowQualityTrain_Split_Data/train_low_quality/t1/sub-r003s008_ses-1_T1w_MNI_norm.nii.gz,/home/rbielski/stroke_cleaned/ARC_ATLAS_Combined/A_A_Combined_Data/Processed_LowQualityTrain_Split_Data/train_low_quality/masks/sub-r003s008_ses-1_lesion_mask_MNI_clean.nii.gz,/home/rbielski/stroke_cleaned/ARC_ATLAS_Combined/A_A_Combined_Data/Processed_HiresLowres_Split_Data/Processed_HiresLowres_All/t1/sub-r003s008_ses-1_T1w_MNI_norm.nii.gz,/home/rbielski/stroke_cleaned/ARC_ATLAS_Combined/A_A_Combined_Data/Processed_HiresLowres_Split_Data/Processed_HiresLowres_All/masks/sub-r003s008_ses-1_lesion_mask_MNI_clean.nii.gz,train_hires,False,197,-2.0178839954272254,14.097631204546705,0.03557291322715092,0.49650242924690247
train_low_quality,lowest_quality_522_of_non_hires_pool,ATLAS,sub-r004s009_ses-1,sub-r004s009,/home/rbielski/stroke_cleaned/ARC_ATLAS_Combined/A_A_Combined_Data/Processed_LowQualityTrain_Split_Data/train_low_quality/t1/sub-r004s009_ses-1_T1w_MNI_norm.nii.gz,/home/rbielski/stroke_cleaned/ARC_ATLAS_Combined/A_A_Combined_Data/Processed_LowQualityTrain_Split_Data/train_low_quality/masks/sub-r004s009_ses-1_lesion_mask_MNI_clean.nii.gz,/home/rbielski/stroke_cleaned/ARC_ATLAS_Combined/A_A_Combined_Data/Processed_HiresLowres_Split_Data/Processed_HiresLowres_All/t1/sub-r004s009_ses-1_T1w_MNI_norm.nii.gz,/home/rbielski/stroke_cleaned/ARC_ATLAS_Combined/A_A_Combined_Data/Processed_HiresLowres_Split_Data/Processed_HiresLowres_All/masks/sub-r004s009_ses-1_lesion_mask_MNI_clean.nii.gz,train_hires,False,198,-2.014677968706408,13.651485564788691,0.031488511442082215,0.4291081428527832
train_low_quality,lowest_quality_522_of_non_hires_pool,ATLAS,sub-r011s016_ses-1,sub-r011s016,/home/rbielski/stroke_cleaned/ARC_ATLAS_Combined/A_A_Combined_Data/Processed_LowQualityTrain_Split_Data/train_low_quality/t1/sub-r011s016_ses-1_T1w_MNI_norm.nii.gz,/home/rbielski/stroke_cleaned/ARC_ATLAS_Combined/A_A_Combined_Data/Processed_LowQualityTrain_Split_Data/train_low_quality/masks/sub-r011s016_ses-1_lesion_mask_MNI_clean.nii.gz,/home/rbielski/stroke_cleaned/ARC_ATLAS_Combined/A_A_Combined_Data/Processed_HiresLowres_Split_Data/Processed_HiresLowres_All/t1/sub-r011s016_ses-1_T1w_MNI_norm.nii.gz,/home/rbielski/stroke_cleaned/ARC_ATLAS_Combined/A_A_Combined_Data/Processed_HiresLowres_Split_Data/Processed_HiresLowres_All/masks/sub-r011s016_ses-1_lesion_mask_MNI_clean.nii.gz,train_hires,False,199,-2.013199718372787,13.785331668208338,0.03290792887422152,0.4475879371166229
train_low_quality,lowest_quality_522_of_non_hires_pool,ATLAS,sub-r009s056_ses-1,sub-r009s056,/home/rbielski/stroke_cleaned/ARC_ATLAS_Combined/A_A_Combined_Data/Processed_LowQualityTrain_Split_Data/train_low_quality/t1/sub-r009s056_ses-1_T1w_MNI_norm.nii.gz,/home/rbielski/stroke_cleaned/ARC_ATLAS_Combined/A_A_Combined_Data/Processed_LowQualityTrain_Split_Data/train_low_quality/masks/sub-r009s056_ses-1_lesion_mask_MNI_clean.nii.gz,/home/rbielski/stroke_cleaned/ARC_ATLAS_Combined/A_A_Combined_Data/Processed_HiresLowres_Split_Data/Processed_HiresLowres_All/t1/sub-r009s056_ses-1_T1w_MNI_norm.nii.gz,/home/rbielski/stroke_cleaned/ARC_ATLAS_Combined/A_A_Combined_Data/Processed_HiresLowres_Split_Data/Processed_HiresLowres_All/masks/sub-r009s056_ses-1_lesion_mask_MNI_clean.nii.gz,train_hires,False,200,-2.0119993678870784,13.579619179723844,0.030574704739982615,0.4247865080833435
train_low_quality,lowest_quality_522_of_non_hires_pool,ATLAS,sub-r034s011_ses-1,sub-r034s011,/home/rbielski/stroke_cleaned/ARC_ATLAS_Combined/A_A_Combined_Data/Processed_LowQualityTrain_Split_Data/train_low_quality/t1/sub-r034s011_ses-1_T1w_MNI_norm.nii.gz,/home/rbielski/stroke_cleaned/ARC_ATLAS_Combined/A_A_Combined_Data/Processed_LowQualityTrain_Split_Data/train_low_quality/masks/sub-r034s011_ses-1_lesion_mask_MNI_clean.nii.gz,/home/rbielski/stroke_cleaned/ARC_ATLAS_Combined/A_A_Combined_Data/Processed_HiresLowres_Split_Data/Processed_HiresLowres_All/t1/sub-r034s011_ses-1_T1w_MNI_norm.nii.gz,/home/rbielski/stroke_cleaned/ARC_ATLAS_Combined/A_A_Combined_Data/Processed_HiresLowres_Split_Data/Processed_HiresLowres_All/masks/sub-r034s011_ses-1_lesion_mask_MNI_clean.nii.gz,test_lores,False,201,-2.009720163652654,13.993588864464511,0.034361455170763194,0.49152156710624695
train_low_quality,lowest_quality_522_of_non_hires_pool,ATLAS,sub-r009s050_ses-1,sub-r009s050,/home/rbielski/stroke_cleaned/ARC_ATLAS_Combined/A_A_Combined_Data/Processed_LowQualityTrain_Split_Data/train_low_quality/t1/sub-r009s050_ses-1_T1w_MNI_norm.nii.gz,/home/rbielski/stroke_cleaned/ARC_ATLAS_Combined/A_A_Combined_Data/Processed_LowQualityTrain_Split_Data/train_low_quality/masks/sub-r009s050_ses-1_lesion_mask_MNI_clean.nii.gz,/home/rbielski/stroke_cleaned/ARC_ATLAS_Combined/A_A_Combined_Data/Processed_HiresLowres_Split_Data/Processed_HiresLowres_All/t1/sub-r009s050_ses-1_T1w_MNI_norm.nii.gz,/home/rbielski/stroke_cleaned/ARC_ATLAS_Combined/A_A_Combined_Data/Processed_HiresLowres_Split_Data/Processed_HiresLowres_All/masks/sub-r009s050_ses-1_lesion_mask_MNI_clean.nii.gz,test_lores,False,202,-2.005305160622268,13.67930237890693,0.033298614162495764,0.4115012288093567
train_low_quality,lowest_quality_522_of_non_hires_pool,ATLAS,sub-r027s015_ses-1,sub-r027s015,/home/rbielski/stroke_cleaned/ARC_ATLAS_Combined/A_A_Combined_Data/Processed_LowQualityTrain_Split_Data/train_low_quality/t1/sub-r027s015_ses-1_T1w_MNI_norm.nii.gz,/home/rbielski/stroke_cleaned/ARC_ATLAS_Combined/A_A_Combined_Data/Processed_LowQualityTrain_Split_Data/train_low_quality/masks/sub-r027s015_ses-1_lesion_mask_MNI_clean.nii.gz,/home/rbielski/stroke_cleaned/ARC_ATLAS_Combined/A_A_Combined_Data/Processed_HiresLowres_Split_Data/Processed_HiresLowres_All/t1/sub-r027s015_ses-1_T1w_MNI_norm.nii.gz,/home/rbielski/stroke_cleaned/ARC_ATLAS_Combined/A_A_Combined_Data/Processed_HiresLowres_Split_Data/Processed_HiresLowres_All/masks/sub-r027s015_ses-1_lesion_mask_MNI_clean.nii.gz,test_lores,False,204,-1.989042971877248,13.300001230759655,0.0292377660301077,0.37598392367362976
train_low_quality,lowest_quality_522_of_non_hires_pool,ATLAS,sub-r005s048_ses-1,sub-r005s048,/home/rbielski/stroke_cleaned/ARC_ATLAS_Combined/A_A_Combined_Data/Processed_LowQualityTrain_Split_Data/train_low_quality/t1/sub-r005s048_ses-1_T1w_MNI_norm.nii.gz,/home/rbielski/stroke_cleaned/ARC_ATLAS_Combined/A_A_Combined_Data/Processed_LowQualityTrain_Split_Data/train_low_quality/masks/sub-r005s048_ses-1_lesion_mask_MNI_clean.nii.gz,/home/rbielski/stroke_cleaned/ARC_ATLAS_Combined/A_A_Combined_Data/Processed_HiresLowres_Split_Data/Processed_HiresLowres_All/t1/sub-r005s048_ses-1_T1w_MNI_norm.nii.gz,/home/rbielski/stroke_cleaned/ARC_ATLAS_Combined/A_A_Combined_Data/Processed_HiresLowres_Split_Data/Processed_HiresLowres_All/masks/sub-r005s048_ses-1_lesion_mask_MNI_clean.nii.gz,train_hires,False,205,-1.9888657296561125,13.429325874463576,0.029455393130453884,0.4146304726600647
train_low_quality,lowest_quality_522_of_non_hires_pool,ATLAS,sub-r031s031_ses-1,sub-r031s031,/home/rbielski/stroke_cleaned/ARC_ATLAS_Combined/A_A_Combined_Data/Processed_LowQualityTrain_Split_Data/train_low_quality/t1/sub-r031s031_ses-1_T1w_MNI_norm.nii.gz,/home/rbielski/stroke_cleaned/ARC_ATLAS_Combined/A_A_Combined_Data/Processed_LowQualityTrain_Split_Data/train_low_quality/masks/sub-r031s031_ses-1_lesion_mask_MNI_clean.nii.gz,/home/rbielski/stroke_cleaned/ARC_ATLAS_Combined/A_A_Combined_Data/Processed_HiresLowres_Split_Data/Processed_HiresLowres_All/t1/sub-r031s031_ses-1_T1w_MNI_norm.nii.gz,/home/rbielski/stroke_cleaned/ARC_ATLAS_Combined/A_A_Combined_Data/Processed_HiresLowres_Split_Data/Processed_HiresLowres_All/masks/sub-r031s031_ses-1_lesion_mask_MNI_clean.nii.gz,train_hires,False,206,-1.9806501452515137,14.044634192220482,0.03496117900699587,0.519945502281189
train_low_quality,lowest_quality_522_of_non_hires_pool,ATLAS,sub-r027s052_ses-1,sub-r027s052,/home/rbielski/stroke_cleaned/ARC_ATLAS_Combined/A_A_Combined_Data/Processed_LowQualityTrain_Split_Data/train_low_quality/t1/sub-r027s052_ses-1_T1w_MNI_norm.nii.gz,/home/rbielski/stroke_cleaned/ARC_ATLAS_Combined/A_A_Combined_Data/Processed_LowQualityTrain_Split_Data/train_low_quality/masks/sub-r027s052_ses-1_lesion_mask_MNI_clean.nii.gz,/home/rbielski/stroke_cleaned/ARC_ATLAS_Combined/A_A_Combined_Data/Processed_HiresLowres_Split_Data/Processed_HiresLowres_All/t1/sub-r027s052_ses-1_T1w_MNI_norm.nii.gz,/home/rbielski/stroke_cleaned/ARC_ATLAS_Combined/A_A_Combined_Data/Processed_HiresLowres_Split_Data/Processed_HiresLowres_All/masks/sub-r027s052_ses-1_lesion_mask_MNI_clean.nii.gz,train_hires,False,207,-1.9658834212934195,13.783817635842206,0.032620804351448866,0.48981913924217224
train_low_quality,lowest_quality_522_of_non_hires_pool,ATLAS,sub-r029s003_ses-1,sub-r029s003,/home/rbielski/stroke_cleaned/ARC_ATLAS_Combined/A_A_Combined_Data/Processed_LowQualityTrain_Split_Data/train_low_quality/t1/sub-r029s003_ses-1_T1w_MNI_norm.nii.gz,/home/rbielski/stroke_cleaned/ARC_ATLAS_Combined/A_A_Combined_Data/Processed_LowQualityTrain_Split_Data/train_low_quality/masks/sub-r029s003_ses-1_lesion_mask_MNI_clean.nii.gz,/home/rbielski/stroke_cleaned/ARC_ATLAS_Combined/A_A_Combined_Data/Processed_HiresLowres_Split_Data/Processed_HiresLowres_All/t1/sub-r029s003_ses-1_T1w_MNI_norm.nii.gz,/home/rbielski/stroke_cleaned/ARC_ATLAS_Combined/A_A_Combined_Data/Processed_HiresLowres_Split_Data/Processed_HiresLowres_All/masks/sub-r029s003_ses-1_lesion_mask_MNI_clean.nii.gz,train_hires,False,208,-1.9644020190788973,13.9210978856423,0.03595064525121508,0.47337576746940613
train_low_quality,lowest_quality_522_of_non_hires_pool,ATLAS,sub-r011s031_ses-1,sub-r011s031,/home/rbielski/stroke_cleaned/ARC_ATLAS_Combined/A_A_Combined_Data/Processed_LowQualityTrain_Split_Data/train_low_quality/t1/sub-r011s031_ses-1_T1w_MNI_norm.nii.gz,/home/rbielski/stroke_cleaned/ARC_ATLAS_Combined/A_A_Combined_Data/Processed_LowQualityTrain_Split_Data/train_low_quality/masks/sub-r011s031_ses-1_lesion_mask_MNI_clean.nii.gz,/home/rbielski/stroke_cleaned/ARC_ATLAS_Combined/A_A_Combined_Data/Processed_HiresLowres_Split_Data/Processed_HiresLowres_All/t1/sub-r011s031_ses-1_T1w_MNI_norm.nii.gz,/home/rbielski/stroke_cleaned/ARC_ATLAS_Combined/A_A_Combined_Data/Processed_HiresLowres_Split_Data/Processed_HiresLowres_All/masks/sub-r011s031_ses-1_lesion_mask_MNI_clean.nii.gz,train_hires,False,209,-1.9628145014362797,13.843550427864859,0.03450567461220559,0.4763469398021698
train_low_quality,lowest_quality_522_of_non_hires_pool,ATLAS,sub-r011s021_ses-1,sub-r011s021,/home/rbielski/stroke_cleaned/ARC_ATLAS_Combined/A_A_Combined_Data/Processed_LowQualityTrain_Split_Data/train_low_quality/t1/sub-r011s021_ses-1_T1w_MNI_norm.nii.gz,/home/rbielski/stroke_cleaned/ARC_ATLAS_Combined/A_A_Combined_Data/Processed_LowQualityTrain_Split_Data/train_low_quality/masks/sub-r011s021_ses-1_lesion_mask_MNI_clean.nii.gz,/home/rbielski/stroke_cleaned/ARC_ATLAS_Combined/A_A_Combined_Data/Processed_HiresLowres_Split_Data/Processed_HiresLowres_All/t1/sub-r011s021_ses-1_T1w_MNI_norm.nii.gz,/home/rbielski/stroke_cleaned/ARC_ATLAS_Combined/A_A_Combined_Data/Processed_HiresLowres_Split_Data/Processed_HiresLowres_All/masks/sub-r011s021_ses-1_lesion_mask_MNI_clean.nii.gz,train_hires,False,210,-1.9587702408049055,14.268514652343594,0.039170088560132287,0.5315316915512085
train_low_quality,lowest_quality_522_of_non_hires_pool,ATLAS,sub-r034s021_ses-1,sub-r034s021,/home/rbielski/stroke_cleaned/ARC_ATLAS_Combined/A_A_Combined_Data/Processed_LowQualityTrain_Split_Data/train_low_quality/t1/sub-r034s021_ses-1_T1w_MNI_norm.nii.gz,/home/rbielski/stroke_cleaned/ARC_ATLAS_Combined/A_A_Combined_Data/Processed_LowQualityTrain_Split_Data/train_low_quality/masks/sub-r034s021_ses-1_lesion_mask_MNI_clean.nii.gz,/home/rbielski/stroke_cleaned/ARC_ATLAS_Combined/A_A_Combined_Data/Processed_HiresLowres_Split_Data/Processed_HiresLowres_All/t1/sub-r034s021_ses-1_T1w_MNI_norm.nii.gz,/home/rbielski/stroke_cleaned/ARC_ATLAS_Combined/A_A_Combined_Data/Processed_HiresLowres_Split_Data/Processed_HiresLowres_All/masks/sub-r034s021_ses-1_lesion_mask_MNI_clean.nii.gz,test_lores,False,211,-1.9565401967394025,13.89577474473592,0.034365921382648934,0.501140832901001
train_low_quality,lowest_quality_522_of_non_hires_pool,ATLAS,sub-r034s046_ses-1,sub-r034s046,/home/rbielski/stroke_cleaned/ARC_ATLAS_Combined/A_A_Combined_Data/Processed_LowQualityTrain_Split_Data/train_low_quality/t1/sub-r034s046_ses-1_T1w_MNI_norm.nii.gz,/home/rbielski/stroke_cleaned/ARC_ATLAS_Combined/A_A_Combined_Data/Processed_LowQualityTrain_Split_Data/train_low_quality/masks/sub-r034s046_ses-1_lesion_mask_MNI_clean.nii.gz,/home/rbielski/stroke_cleaned/ARC_ATLAS_Combined/A_A_Combined_Data/Processed_HiresLowres_Split_Data/Processed_HiresLowres_All/t1/sub-r034s046_ses-1_T1w_MNI_norm.nii.gz,/home/rbielski/stroke_cleaned/ARC_ATLAS_Combined/A_A_Combined_Data/Processed_HiresLowres_Split_Data/Processed_HiresLowres_All/masks/sub-r034s046_ses-1_lesion_mask_MNI_clean.nii.gz,train_hires,False,212,-1.9557298631831888,14.31164728399686,0.03920152394200348,0.5475486516952515
train_low_quality,lowest_quality_522_of_non_hires_pool,ATLAS,sub-r009s005_ses-1,sub-r009s005,/home/rbielski/stroke_cleaned/ARC_ATLAS_Combined/A_A_Combined_Data/Processed_LowQualityTrain_Split_Data/train_low_quality/t1/sub-r009s005_ses-1_T1w_MNI_norm.nii.gz,/home/rbielski/stroke_cleaned/ARC_ATLAS_Combined/A_A_Combined_Data/Processed_LowQualityTrain_Split_Data/train_low_quality/masks/sub-r009s005_ses-1_lesion_mask_MNI_clean.nii.gz,/home/rbielski/stroke_cleaned/ARC_ATLAS_Combined/A_A_Combined_Data/Processed_HiresLowres_Split_Data/Processed_HiresLowres_All/t1/sub-r009s005_ses-1_T1w_MNI_norm.nii.gz,/home/rbielski/stroke_cleaned/ARC_ATLAS_Combined/A_A_Combined_Data/Processed_HiresLowres_Split_Data/Processed_HiresLowres_All/masks/sub-r009s005_ses-1_lesion_mask_MNI_clean.nii.gz,train_hires,False,215,-1.9345038981409794,13.260608763217846,0.030022269859168192,0.39120325446128845
train_low_quality,lowest_quality_522_of_non_hires_pool,ATLAS,sub-r019s008_ses-1,sub-r019s008,/home/rbielski/stroke_cleaned/ARC_ATLAS_Combined/A_A_Combined_Data/Processed_LowQualityTrain_Split_Data/train_low_quality/t1/sub-r019s008_ses-1_T1w_MNI_norm.nii.gz,/home/rbielski/stroke_cleaned/ARC_ATLAS_Combined/A_A_Combined_Data/Processed_LowQualityTrain_Split_Data/train_low_quality/masks/sub-r019s008_ses-1_lesion_mask_MNI_clean.nii.gz,/home/rbielski/stroke_cleaned/ARC_ATLAS_Combined/A_A_Combined_Data/Processed_HiresLowres_Split_Data/Processed_HiresLowres_All/t1/sub-r019s008_ses-1_T1w_MNI_norm.nii.gz,/home/rbielski/stroke_cleaned/ARC_ATLAS_Combined/A_A_Combined_Data/Processed_HiresLowres_Split_Data/Processed_HiresLowres_All/masks/sub-r019s008_ses-1_lesion_mask_MNI_clean.nii.gz,test_lores,False,216,-1.9273555994207525,12.993578726581642,0.026708473114321365,0.3713943362236023
train_low_quality,lowest_quality_522_of_non_hires_pool,ATLAS,sub-r009s008_ses-1,sub-r009s008,/home/rbielski/stroke_cleaned/ARC_ATLAS_Combined/A_A_Combined_Data/Processed_LowQualityTrain_Split_Data/train_low_quality/t1/sub-r009s008_ses-1_T1w_MNI_norm.nii.gz,/home/rbielski/stroke_cleaned/ARC_ATLAS_Combined/A_A_Combined_Data/Processed_LowQualityTrain_Split_Data/train_low_quality/masks/sub-r009s008_ses-1_lesion_mask_MNI_clean.nii.gz,/home/rbielski/stroke_cleaned/ARC_ATLAS_Combined/A_A_Combined_Data/Processed_HiresLowres_Split_Data/Processed_HiresLowres_All/t1/sub-r009s008_ses-1_T1w_MNI_norm.nii.gz,/home/rbielski/stroke_cleaned/ARC_ATLAS_Combined/A_A_Combined_Data/Processed_HiresLowres_Split_Data/Processed_HiresLowres_All/masks/sub-r009s008_ses-1_lesion_mask_MNI_clean.nii.gz,test_lores,False,217,-1.918294891087648,13.66600588205253,0.03500233205876882,0.44357526302337646
train_low_quality,lowest_quality_522_of_non_hires_pool,ATLAS,sub-r003s013_ses-1,sub-r003s013,/home/rbielski/stroke_cleaned/ARC_ATLAS_Combined/A_A_Combined_Data/Processed_LowQualityTrain_Split_Data/train_low_quality/t1/sub-r003s013_ses-1_T1w_MNI_norm.nii.gz,/home/rbielski/stroke_cleaned/ARC_ATLAS_Combined/A_A_Combined_Data/Processed_LowQualityTrain_Split_Data/train_low_quality/masks/sub-r003s013_ses-1_lesion_mask_MNI_clean.nii.gz,/home/rbielski/stroke_cleaned/ARC_ATLAS_Combined/A_A_Combined_Data/Processed_HiresLowres_Split_Data/Processed_HiresLowres_All/t1/sub-r003s013_ses-1_T1w_MNI_norm.nii.gz,/home/rbielski/stroke_cleaned/ARC_ATLAS_Combined/A_A_Combined_Data/Processed_HiresLowres_Split_Data/Processed_HiresLowres_All/masks/sub-r003s013_ses-1_lesion_mask_MNI_clean.nii.gz,test_lores,False,218,-1.9173399997026381,13.81681820762372,0.03481076878830463,0.4976385533809662
train_low_quality,lowest_quality_522_of_non_hires_pool,ATLAS,sub-r038s067_ses-1,sub-r038s067,/home/rbielski/stroke_cleaned/ARC_ATLAS_Combined/A_A_Combined_Data/Processed_LowQualityTrain_Split_Data/train_low_quality/t1/sub-r038s067_ses-1_T1w_MNI_norm.nii.gz,/home/rbielski/stroke_cleaned/ARC_ATLAS_Combined/A_A_Combined_Data/Processed_LowQualityTrain_Split_Data/train_low_quality/masks/sub-r038s067_ses-1_lesion_mask_MNI_clean.nii.gz,/home/rbielski/stroke_cleaned/ARC_ATLAS_Combined/A_A_Combined_Data/Processed_HiresLowres_Split_Data/Processed_HiresLowres_All/t1/sub-r038s067_ses-1_T1w_MNI_norm.nii.gz,/home/rbielski/stroke_cleaned/ARC_ATLAS_Combined/A_A_Combined_Data/Processed_HiresLowres_Split_Data/Processed_HiresLowres_All/masks/sub-r038s067_ses-1_lesion_mask_MNI_clean.nii.gz,train_hires,False,219,-1.9082352805202163,12.762852183263375,0.025262249167275812,0.33773988485336304
train_low_quality,lowest_quality_522_of_non_hires_pool,ATLAS,sub-r052s031_ses-1,sub-r052s031,/home/rbielski/stroke_cleaned/ARC_ATLAS_Combined/A_A_Combined_Data/Processed_LowQualityTrain_Split_Data/train_low_quality/t1/sub-r052s031_ses-1_T1w_MNI_norm.nii.gz,/home/rbielski/stroke_cleaned/ARC_ATLAS_Combined/A_A_Combined_Data/Processed_LowQualityTrain_Split_Data/train_low_quality/masks/sub-r052s031_ses-1_lesion_mask_MNI_clean.nii.gz,/home/rbielski/stroke_cleaned/ARC_ATLAS_Combined/A_A_Combined_Data/Processed_HiresLowres_Split_Data/Processed_HiresLowres_All/t1/sub-r052s031_ses-1_T1w_MNI_norm.nii.gz,/home/rbielski/stroke_cleaned/ARC_ATLAS_Combined/A_A_Combined_Data/Processed_HiresLowres_Split_Data/Processed_HiresLowres_All/masks/sub-r052s031_ses-1_lesion_mask_MNI_clean.nii.gz,test_lores,False,220,-1.905070274336941,13.345122643899444,0.03206143592765357,0.40377429127693176
train_low_quality,lowest_quality_522_of_non_hires_pool,ATLAS,sub-r038s071_ses-1,sub-r038s071,/home/rbielski/stroke_cleaned/ARC_ATLAS_Combined/A_A_Combined_Data/Processed_LowQualityTrain_Split_Data/train_low_quality/t1/sub-r038s071_ses-1_T1w_MNI_norm.nii.gz,/home/rbielski/stroke_cleaned/ARC_ATLAS_Combined/A_A_Combined_Data/Processed_LowQualityTrain_Split_Data/train_low_quality/masks/sub-r038s071_ses-1_lesion_mask_MNI_clean.nii.gz,/home/rbielski/stroke_cleaned/ARC_ATLAS_Combined/A_A_Combined_Data/Processed_HiresLowres_Split_Data/Processed_HiresLowres_All/t1/sub-r038s071_ses-1_T1w_MNI_norm.nii.gz,/home/rbielski/stroke_cleaned/ARC_ATLAS_Combined/A_A_Combined_Data/Processed_HiresLowres_Split_Data/Processed_HiresLowres_All/masks/sub-r038s071_ses-1_lesion_mask_MNI_clean.nii.gz,train_hires,False,222,-1.900063278618763,14.217309731706093,0.03731686200287536,0.5959296226501465
train_low_quality,lowest_quality_522_of_non_hires_pool,ATLAS,sub-r038s061_ses-1,sub-r038s061,/home/rbielski/stroke_cleaned/ARC_ATLAS_Combined/A_A_Combined_Data/Processed_LowQualityTrain_Split_Data/train_low_quality/t1/sub-r038s061_ses-1_T1w_MNI_norm.nii.gz,/home/rbielski/stroke_cleaned/ARC_ATLAS_Combined/A_A_Combined_Data/Processed_LowQualityTrain_Split_Data/train_low_quality/masks/sub-r038s061_ses-1_lesion_mask_MNI_clean.nii.gz,/home/rbielski/stroke_cleaned/ARC_ATLAS_Combined/A_A_Combined_Data/Processed_HiresLowres_Split_Data/Processed_HiresLowres_All/t1/sub-r038s061_ses-1_T1w_MNI_norm.nii.gz,/home/rbielski/stroke_cleaned/ARC_ATLAS_Combined/A_A_Combined_Data/Processed_HiresLowres_Split_Data/Processed_HiresLowres_All/masks/sub-r038s061_ses-1_lesion_mask_MNI_clean.nii.gz,test_lores,False,223,-1.8955896045934695,12.996081639110693,0.02638539895794278,0.4033656120300293
train_low_quality,lowest_quality_522_of_non_hires_pool,ATLAS,sub-r005s049_ses-1,sub-r005s049,/home/rbielski/stroke_cleaned/ARC_ATLAS_Combined/A_A_Combined_Data/Processed_LowQualityTrain_Split_Data/train_low_quality/t1/sub-r005s049_ses-1_T1w_MNI_norm.nii.gz,/home/rbielski/stroke_cleaned/ARC_ATLAS_Combined/A_A_Combined_Data/Processed_LowQualityTrain_Split_Data/train_low_quality/masks/sub-r005s049_ses-1_lesion_mask_MNI_clean.nii.gz,/home/rbielski/stroke_cleaned/ARC_ATLAS_Combined/A_A_Combined_Data/Processed_HiresLowres_Split_Data/Processed_HiresLowres_All/t1/sub-r005s049_ses-1_T1w_MNI_norm.nii.gz,/home/rbielski/stroke_cleaned/ARC_ATLAS_Combined/A_A_Combined_Data/Processed_HiresLowres_Split_Data/Processed_HiresLowres_All/masks/sub-r005s049_ses-1_lesion_mask_MNI_clean.nii.gz,train_hires,False,224,-1.8949551154022117,12.95687370833046,0.027448677548162565,0.37087810039520264
train_low_quality,lowest_quality_522_of_non_hires_pool,ATLAS,sub-r045s002_ses-1,sub-r045s002,/home/rbielski/stroke_cleaned/ARC_ATLAS_Combined/A_A_Combined_Data/Processed_LowQualityTrain_Split_Data/train_low_quality/t1/sub-r045s002_ses-1_T1w_MNI_norm.nii.gz,/home/rbielski/stroke_cleaned/ARC_ATLAS_Combined/A_A_Combined_Data/Processed_LowQualityTrain_Split_Data/train_low_quality/masks/sub-r045s002_ses-1_lesion_mask_MNI_clean.nii.gz,/home/rbielski/stroke_cleaned/ARC_ATLAS_Combined/A_A_Combined_Data/Processed_HiresLowres_Split_Data/Processed_HiresLowres_All/t1/sub-r045s002_ses-1_T1w_MNI_norm.nii.gz,/home/rbielski/stroke_cleaned/ARC_ATLAS_Combined/A_A_Combined_Data/Processed_HiresLowres_Split_Data/Processed_HiresLowres_All/masks/sub-r045s002_ses-1_lesion_mask_MNI_clean.nii.gz,train_hires,False,225,-1.8896777816815589,14.191551857155956,0.03965742662293293,0.5514557361602783
train_low_quality,lowest_quality_522_of_non_hires_pool,ATLAS,sub-r010s014_ses-1,sub-r010s014,/home/rbielski/stroke_cleaned/ARC_ATLAS_Combined/A_A_Combined_Data/Processed_LowQualityTrain_Split_Data/train_low_quality/t1/sub-r010s014_ses-1_T1w_MNI_norm.nii.gz,/home/rbielski/stroke_cleaned/ARC_ATLAS_Combined/A_A_Combined_Data/Processed_LowQualityTrain_Split_Data/train_low_quality/masks/sub-r010s014_ses-1_lesion_mask_MNI_clean.nii.gz,/home/rbielski/stroke_cleaned/ARC_ATLAS_Combined/A_A_Combined_Data/Processed_HiresLowres_Split_Data/Processed_HiresLowres_All/t1/sub-r010s014_ses-1_T1w_MNI_norm.nii.gz,/home/rbielski/stroke_cleaned/ARC_ATLAS_Combined/A_A_Combined_Data/Processed_HiresLowres_Split_Data/Processed_HiresLowres_All/masks/sub-r010s014_ses-1_lesion_mask_MNI_clean.nii.gz,train_hires,False,226,-1.8877155093498552,13.694217301240576,0.035268336403356894,0.47196391224861145
train_low_quality,lowest_quality_522_of_non_hires_pool,ATLAS,sub-r019s012_ses-1,sub-r019s012,/home/rbielski/stroke_cleaned/ARC_ATLAS_Combined/A_A_Combined_Data/Processed_LowQualityTrain_Split_Data/train_low_quality/t1/sub-r019s012_ses-1_T1w_MNI_norm.nii.gz,/home/rbielski/stroke_cleaned/ARC_ATLAS_Combined/A_A_Combined_Data/Processed_LowQualityTrain_Split_Data/train_low_quality/masks/sub-r019s012_ses-1_lesion_mask_MNI_clean.nii.gz,/home/rbielski/stroke_cleaned/ARC_ATLAS_Combined/A_A_Combined_Data/Processed_HiresLowres_Split_Data/Processed_HiresLowres_All/t1/sub-r019s012_ses-1_T1w_MNI_norm.nii.gz,/home/rbielski/stroke_cleaned/ARC_ATLAS_Combined/A_A_Combined_Data/Processed_HiresLowres_Split_Data/Processed_HiresLowres_All/masks/sub-r019s012_ses-1_lesion_mask_MNI_clean.nii.gz,test_lores,False,227,-1.8874787061198954,13.680578293116819,0.03424170584465313,0.4870329797267914
train_low_quality,lowest_quality_522_of_non_hires_pool,ATLAS,sub-r047s048_ses-1,sub-r047s048,/home/rbielski/stroke_cleaned/ARC_ATLAS_Combined/A_A_Combined_Data/Processed_LowQualityTrain_Split_Data/train_low_quality/t1/sub-r047s048_ses-1_T1w_MNI_norm.nii.gz,/home/rbielski/stroke_cleaned/ARC_ATLAS_Combined/A_A_Combined_Data/Processed_LowQualityTrain_Split_Data/train_low_quality/masks/sub-r047s048_ses-1_lesion_mask_MNI_clean.nii.gz,/home/rbielski/stroke_cleaned/ARC_ATLAS_Combined/A_A_Combined_Data/Processed_HiresLowres_Split_Data/Processed_HiresLowres_All/t1/sub-r047s048_ses-1_T1w_MNI_norm.nii.gz,/home/rbielski/stroke_cleaned/ARC_ATLAS_Combined/A_A_Combined_Data/Processed_HiresLowres_Split_Data/Processed_HiresLowres_All/masks/sub-r047s048_ses-1_lesion_mask_MNI_clean.nii.gz,train_hires,False,228,-1.8786976461426872,13.70439496631744,0.03460876228538911,0.49487733840942383
train_low_quality,lowest_quality_522_of_non_hires_pool,ATLAS,sub-r052s001_ses-1,sub-r052s001,/home/rbielski/stroke_cleaned/ARC_ATLAS_Combined/A_A_Combined_Data/Processed_LowQualityTrain_Split_Data/train_low_quality/t1/sub-r052s001_ses-1_T1w_MNI_norm.nii.gz,/home/rbielski/stroke_cleaned/ARC_ATLAS_Combined/A_A_Combined_Data/Processed_LowQualityTrain_Split_Data/train_low_quality/masks/sub-r052s001_ses-1_lesion_mask_MNI_clean.nii.gz,/home/rbielski/stroke_cleaned/ARC_ATLAS_Combined/A_A_Combined_Data/Processed_HiresLowres_Split_Data/Processed_HiresLowres_All/t1/sub-r052s001_ses-1_T1w_MNI_norm.nii.gz,/home/rbielski/stroke_cleaned/ARC_ATLAS_Combined/A_A_Combined_Data/Processed_HiresLowres_Split_Data/Processed_HiresLowres_All/masks/sub-r052s001_ses-1_lesion_mask_MNI_clean.nii.gz,test_lores,False,230,-1.8744537024128687,13.594879293290425,0.03519311146946956,0.4511079490184784
train_low_quality,lowest_quality_522_of_non_hires_pool,ATLAS,sub-r003s015_ses-1,sub-r003s015,/home/rbielski/stroke_cleaned/ARC_ATLAS_Combined/A_A_Combined_Data/Processed_LowQualityTrain_Split_Data/train_low_quality/t1/sub-r003s015_ses-1_T1w_MNI_norm.nii.gz,/home/rbielski/stroke_cleaned/ARC_ATLAS_Combined/A_A_Combined_Data/Processed_LowQualityTrain_Split_Data/train_low_quality/masks/sub-r003s015_ses-1_lesion_mask_MNI_clean.nii.gz,/home/rbielski/stroke_cleaned/ARC_ATLAS_Combined/A_A_Combined_Data/Processed_HiresLowres_Split_Data/Processed_HiresLowres_All/t1/sub-r003s015_ses-1_T1w_MNI_norm.nii.gz,/home/rbielski/stroke_cleaned/ARC_ATLAS_Combined/A_A_Combined_Data/Processed_HiresLowres_Split_Data/Processed_HiresLowres_All/masks/sub-r003s015_ses-1_lesion_mask_MNI_clean.nii.gz,test_lores,False,231,-1.8730592521510467,14.090875562134798,0.03850264096165613,0.5531812906265259
train_low_quality,lowest_quality_522_of_non_hires_pool,ATLAS,sub-r004s031_ses-1,sub-r004s031,/home/rbielski/stroke_cleaned/ARC_ATLAS_Combined/A_A_Combined_Data/Processed_LowQualityTrain_Split_Data/train_low_quality/t1/sub-r004s031_ses-1_T1w_MNI_norm.nii.gz,/home/rbielski/stroke_cleaned/ARC_ATLAS_Combined/A_A_Combined_Data/Processed_LowQualityTrain_Split_Data/train_low_quality/masks/sub-r004s031_ses-1_lesion_mask_MNI_clean.nii.gz,/home/rbielski/stroke_cleaned/ARC_ATLAS_Combined/A_A_Combined_Data/Processed_HiresLowres_Split_Data/Processed_HiresLowres_All/t1/sub-r004s031_ses-1_T1w_MNI_norm.nii.gz,/home/rbielski/stroke_cleaned/ARC_ATLAS_Combined/A_A_Combined_Data/Processed_HiresLowres_Split_Data/Processed_HiresLowres_All/masks/sub-r004s031_ses-1_lesion_mask_MNI_clean.nii.gz,test_lores,False,232,-1.865161188506381,13.189566870671277,0.030880578940296596,0.4062739610671997
train_low_quality,lowest_quality_522_of_non_hires_pool,ATLAS,sub-r023s014_ses-1,sub-r023s014,/home/rbielski/stroke_cleaned/ARC_ATLAS_Combined/A_A_Combined_Data/Processed_LowQualityTrain_Split_Data/train_low_quality/t1/sub-r023s014_ses-1_T1w_MNI_norm.nii.gz,/home/rbielski/stroke_cleaned/ARC_ATLAS_Combined/A_A_Combined_Data/Processed_LowQualityTrain_Split_Data/train_low_quality/masks/sub-r023s014_ses-1_lesion_mask_MNI_clean.nii.gz,/home/rbielski/stroke_cleaned/ARC_ATLAS_Combined/A_A_Combined_Data/Processed_HiresLowres_Split_Data/Processed_HiresLowres_All/t1/sub-r023s014_ses-1_T1w_MNI_norm.nii.gz,/home/rbielski/stroke_cleaned/ARC_ATLAS_Combined/A_A_Combined_Data/Processed_HiresLowres_Split_Data/Processed_HiresLowres_All/masks/sub-r023s014_ses-1_lesion_mask_MNI_clean.nii.gz,test_lores,False,233,-1.864704389486163,13.149338282770783,0.029102940698912557,0.4269293546676636
train_low_quality,lowest_quality_522_of_non_hires_pool,ATLAS,sub-r011s018_ses-1,sub-r011s018,/home/rbielski/stroke_cleaned/ARC_ATLAS_Combined/A_A_Combined_Data/Processed_LowQualityTrain_Split_Data/train_low_quality/t1/sub-r011s018_ses-1_T1w_MNI_norm.nii.gz,/home/rbielski/stroke_cleaned/ARC_ATLAS_Combined/A_A_Combined_Data/Processed_LowQualityTrain_Split_Data/train_low_quality/masks/sub-r011s018_ses-1_lesion_mask_MNI_clean.nii.gz,/home/rbielski/stroke_cleaned/ARC_ATLAS_Combined/A_A_Combined_Data/Processed_HiresLowres_Split_Data/Processed_HiresLowres_All/t1/sub-r011s018_ses-1_T1w_MNI_norm.nii.gz,/home/rbielski/stroke_cleaned/ARC_ATLAS_Combined/A_A_Combined_Data/Processed_HiresLowres_Split_Data/Processed_HiresLowres_All/masks/sub-r011s018_ses-1_lesion_mask_MNI_clean.nii.gz,train_hires,False,234,-1.8617288772488807,14.087365674557116,0.03905071810521435,0.5506148338317871
train_low_quality,lowest_quality_522_of_non_hires_pool,ATLAS,sub-r038s048_ses-1,sub-r038s048,/home/rbielski/stroke_cleaned/ARC_ATLAS_Combined/A_A_Combined_Data/Processed_LowQualityTrain_Split_Data/train_low_quality/t1/sub-r038s048_ses-1_T1w_MNI_norm.nii.gz,/home/rbielski/stroke_cleaned/ARC_ATLAS_Combined/A_A_Combined_Data/Processed_LowQualityTrain_Split_Data/train_low_quality/masks/sub-r038s048_ses-1_lesion_mask_MNI_clean.nii.gz,/home/rbielski/stroke_cleaned/ARC_ATLAS_Combined/A_A_Combined_Data/Processed_HiresLowres_Split_Data/Processed_HiresLowres_All/t1/sub-r038s048_ses-1_T1w_MNI_norm.nii.gz,/home/rbielski/stroke_cleaned/ARC_ATLAS_Combined/A_A_Combined_Data/Processed_HiresLowres_Split_Data/Processed_HiresLowres_All/masks/sub-r038s048_ses-1_lesion_mask_MNI_clean.nii.gz,test_lores,False,235,-1.8608698414233713,13.368928395674098,0.03203441689573811,0.4469825029373169
train_low_quality,lowest_quality_522_of_non_hires_pool,ATLAS,sub-r009s126_ses-1,sub-r009s126,/home/rbielski/stroke_cleaned/ARC_ATLAS_Combined/A_A_Combined_Data/Processed_LowQualityTrain_Split_Data/train_low_quality/t1/sub-r009s126_ses-1_T1w_MNI_norm.nii.gz,/home/rbielski/stroke_cleaned/ARC_ATLAS_Combined/A_A_Combined_Data/Processed_LowQualityTrain_Split_Data/train_low_quality/masks/sub-r009s126_ses-1_lesion_mask_MNI_clean.nii.gz,/home/rbielski/stroke_cleaned/ARC_ATLAS_Combined/A_A_Combined_Data/Processed_HiresLowres_Split_Data/Processed_HiresLowres_All/t1/sub-r009s126_ses-1_T1w_MNI_norm.nii.gz,/home/rbielski/stroke_cleaned/ARC_ATLAS_Combined/A_A_Combined_Data/Processed_HiresLowres_Split_Data/Processed_HiresLowres_All/masks/sub-r009s126_ses-1_lesion_mask_MNI_clean.nii.gz,test_lores,False,236,-1.858163814884481,13.139541378182006,0.030317118506842152,0.40594232082366943
train_low_quality,lowest_quality_522_of_non_hires_pool,ATLAS,sub-r038s056_ses-1,sub-r038s056,/home/rbielski/stroke_cleaned/ARC_ATLAS_Combined/A_A_Combined_Data/Processed_LowQualityTrain_Split_Data/train_low_quality/t1/sub-r038s056_ses-1_T1w_MNI_norm.nii.gz,/home/rbielski/stroke_cleaned/ARC_ATLAS_Combined/A_A_Combined_Data/Processed_LowQualityTrain_Split_Data/train_low_quality/masks/sub-r038s056_ses-1_lesion_mask_MNI_clean.nii.gz,/home/rbielski/stroke_cleaned/ARC_ATLAS_Combined/A_A_Combined_Data/Processed_HiresLowres_Split_Data/Processed_HiresLowres_All/t1/sub-r038s056_ses-1_T1w_MNI_norm.nii.gz,/home/rbielski/stroke_cleaned/ARC_ATLAS_Combined/A_A_Combined_Data/Processed_HiresLowres_Split_Data/Processed_HiresLowres_All/masks/sub-r038s056_ses-1_lesion_mask_MNI_clean.nii.gz,train_hires,False,237,-1.8550403276374807,12.480565276861068,0.023402392268944746,0.3217717707157135
train_low_quality,lowest_quality_522_of_non_hires_pool,ATLAS,sub-r040s045_ses-1,sub-r040s045,/home/rbielski/stroke_cleaned/ARC_ATLAS_Combined/A_A_Combined_Data/Processed_LowQualityTrain_Split_Data/train_low_quality/t1/sub-r040s045_ses-1_T1w_MNI_norm.nii.gz,/home/rbielski/stroke_cleaned/ARC_ATLAS_Combined/A_A_Combined_Data/Processed_LowQualityTrain_Split_Data/train_low_quality/masks/sub-r040s045_ses-1_lesion_mask_MNI_clean.nii.gz,/home/rbielski/stroke_cleaned/ARC_ATLAS_Combined/A_A_Combined_Data/Processed_HiresLowres_Split_Data/Processed_HiresLowres_All/t1/sub-r040s045_ses-1_T1w_MNI_norm.nii.gz,/home/rbielski/stroke_cleaned/ARC_ATLAS_Combined/A_A_Combined_Data/Processed_HiresLowres_Split_Data/Processed_HiresLowres_All/masks/sub-r040s045_ses-1_lesion_mask_MNI_clean.nii.gz,test_lores,False,238,-1.8498354985455183,13.169159278593446,0.029586373512400857,0.4360611140727997
train_low_quality,lowest_quality_522_of_non_hires_pool,ATLAS,sub-r004s033_ses-1,sub-r004s033,/home/rbielski/stroke_cleaned/ARC_ATLAS_Combined/A_A_Combined_Data/Processed_LowQualityTrain_Split_Data/train_low_quality/t1/sub-r004s033_ses-1_T1w_MNI_norm.nii.gz,/home/rbielski/stroke_cleaned/ARC_ATLAS_Combined/A_A_Combined_Data/Processed_LowQualityTrain_Split_Data/train_low_quality/masks/sub-r004s033_ses-1_lesion_mask_MNI_clean.nii.gz,/home/rbielski/stroke_cleaned/ARC_ATLAS_Combined/A_A_Combined_Data/Processed_HiresLowres_Split_Data/Processed_HiresLowres_All/t1/sub-r004s033_ses-1_T1w_MNI_norm.nii.gz,/home/rbielski/stroke_cleaned/ARC_ATLAS_Combined/A_A_Combined_Data/Processed_HiresLowres_Split_Data/Processed_HiresLowres_All/masks/sub-r004s033_ses-1_lesion_mask_MNI_clean.nii.gz,test_lores,False,239,-1.8488198903985964,13.548162027203293,0.03421454347722457,0.4743967652320862
train_low_quality,lowest_quality_522_of_non_hires_pool,ATLAS,sub-r004s029_ses-1,sub-r004s029,/home/rbielski/stroke_cleaned/ARC_ATLAS_Combined/A_A_Combined_Data/Processed_LowQualityTrain_Split_Data/train_low_quality/t1/sub-r004s029_ses-1_T1w_MNI_norm.nii.gz,/home/rbielski/stroke_cleaned/ARC_ATLAS_Combined/A_A_Combined_Data/Processed_LowQualityTrain_Split_Data/train_low_quality/masks/sub-r004s029_ses-1_lesion_mask_MNI_clean.nii.gz,/home/rbielski/stroke_cleaned/ARC_ATLAS_Combined/A_A_Combined_Data/Processed_HiresLowres_Split_Data/Processed_HiresLowres_All/t1/sub-r004s029_ses-1_T1w_MNI_norm.nii.gz,/home/rbielski/stroke_cleaned/ARC_ATLAS_Combined/A_A_Combined_Data/Processed_HiresLowres_Split_Data/Processed_HiresLowres_All/masks/sub-r004s029_ses-1_lesion_mask_MNI_clean.nii.gz,test_lores,False,240,-1.844543504160338,13.942346080018735,0.0377820216260442,0.5403255820274353
train_low_quality,lowest_quality_522_of_non_hires_pool,ATLAS,sub-r029s004_ses-1,sub-r029s004,/home/rbielski/stroke_cleaned/ARC_ATLAS_Combined/A_A_Combined_Data/Processed_LowQualityTrain_Split_Data/train_low_quality/t1/sub-r029s004_ses-1_T1w_MNI_norm.nii.gz,/home/rbielski/stroke_cleaned/ARC_ATLAS_Combined/A_A_Combined_Data/Processed_LowQualityTrain_Split_Data/train_low_quality/masks/sub-r029s004_ses-1_lesion_mask_MNI_clean.nii.gz,/home/rbielski/stroke_cleaned/ARC_ATLAS_Combined/A_A_Combined_Data/Processed_HiresLowres_Split_Data/Processed_HiresLowres_All/t1/sub-r029s004_ses-1_T1w_MNI_norm.nii.gz,/home/rbielski/stroke_cleaned/ARC_ATLAS_Combined/A_A_Combined_Data/Processed_HiresLowres_Split_Data/Processed_HiresLowres_All/masks/sub-r029s004_ses-1_lesion_mask_MNI_clean.nii.gz,train_hires,False,241,-1.8417221544915878,14.282892987065797,0.04482848711441748,0.5217705965042114
train_low_quality,lowest_quality_522_of_non_hires_pool,ATLAS,sub-r040s051_ses-1,sub-r040s051,/home/rbielski/stroke_cleaned/ARC_ATLAS_Combined/A_A_Combined_Data/Processed_LowQualityTrain_Split_Data/train_low_quality/t1/sub-r040s051_ses-1_T1w_MNI_norm.nii.gz,/home/rbielski/stroke_cleaned/ARC_ATLAS_Combined/A_A_Combined_Data/Processed_LowQualityTrain_Split_Data/train_low_quality/masks/sub-r040s051_ses-1_lesion_mask_MNI_clean.nii.gz,/home/rbielski/stroke_cleaned/ARC_ATLAS_Combined/A_A_Combined_Data/Processed_HiresLowres_Split_Data/Processed_HiresLowres_All/t1/sub-r040s051_ses-1_T1w_MNI_norm.nii.gz,/home/rbielski/stroke_cleaned/ARC_ATLAS_Combined/A_A_Combined_Data/Processed_HiresLowres_Split_Data/Processed_HiresLowres_All/masks/sub-r040s051_ses-1_lesion_mask_MNI_clean.nii.gz,train_hires,False,242,-1.8411824327386255,13.326706471494418,0.031629378229564444,0.45623883605003357
train_low_quality,lowest_quality_522_of_non_hires_pool,ATLAS,sub-r040s039_ses-1,sub-r040s039,/home/rbielski/stroke_cleaned/ARC_ATLAS_Combined/A_A_Combined_Data/Processed_LowQualityTrain_Split_Data/train_low_quality/t1/sub-r040s039_ses-1_T1w_MNI_norm.nii.gz,/home/rbielski/stroke_cleaned/ARC_ATLAS_Combined/A_A_Combined_Data/Processed_LowQualityTrain_Split_Data/train_low_quality/masks/sub-r040s039_ses-1_lesion_mask_MNI_clean.nii.gz,/home/rbielski/stroke_cleaned/ARC_ATLAS_Combined/A_A_Combined_Data/Processed_HiresLowres_Split_Data/Processed_HiresLowres_All/t1/sub-r040s039_ses-1_T1w_MNI_norm.nii.gz,/home/rbielski/stroke_cleaned/ARC_ATLAS_Combined/A_A_Combined_Data/Processed_HiresLowres_Split_Data/Processed_HiresLowres_All/masks/sub-r040s039_ses-1_lesion_mask_MNI_clean.nii.gz,test_lores,False,243,-1.8354095942966402,13.256262416447337,0.030666424520867923,0.4557534158229828
train_low_quality,lowest_quality_522_of_non_hires_pool,ATLAS,sub-r004s017_ses-1,sub-r004s017,/home/rbielski/stroke_cleaned/ARC_ATLAS_Combined/A_A_Combined_Data/Processed_LowQualityTrain_Split_Data/train_low_quality/t1/sub-r004s017_ses-1_T1w_MNI_norm.nii.gz,/home/rbielski/stroke_cleaned/ARC_ATLAS_Combined/A_A_Combined_Data/Processed_LowQualityTrain_Split_Data/train_low_quality/masks/sub-r004s017_ses-1_lesion_mask_MNI_clean.nii.gz,/home/rbielski/stroke_cleaned/ARC_ATLAS_Combined/A_A_Combined_Data/Processed_HiresLowres_Split_Data/Processed_HiresLowres_All/t1/sub-r004s017_ses-1_T1w_MNI_norm.nii.gz,/home/rbielski/stroke_cleaned/ARC_ATLAS_Combined/A_A_Combined_Data/Processed_HiresLowres_Split_Data/Processed_HiresLowres_All/masks/sub-r004s017_ses-1_lesion_mask_MNI_clean.nii.gz,test_lores,False,244,-1.8353902505748296,13.443973961463007,0.03350016244247128,0.464138388633728
train_low_quality,lowest_quality_522_of_non_hires_pool,ATLAS,sub-r004s016_ses-1,sub-r004s016,/home/rbielski/stroke_cleaned/ARC_ATLAS_Combined/A_A_Combined_Data/Processed_LowQualityTrain_Split_Data/train_low_quality/t1/sub-r004s016_ses-1_T1w_MNI_norm.nii.gz,/home/rbielski/stroke_cleaned/ARC_ATLAS_Combined/A_A_Combined_Data/Processed_LowQualityTrain_Split_Data/train_low_quality/masks/sub-r004s016_ses-1_lesion_mask_MNI_clean.nii.gz,/home/rbielski/stroke_cleaned/ARC_ATLAS_Combined/A_A_Combined_Data/Processed_HiresLowres_Split_Data/Processed_HiresLowres_All/t1/sub-r004s016_ses-1_T1w_MNI_norm.nii.gz,/home/rbielski/stroke_cleaned/ARC_ATLAS_Combined/A_A_Combined_Data/Processed_HiresLowres_Split_Data/Processed_HiresLowres_All/masks/sub-r004s016_ses-1_lesion_mask_MNI_clean.nii.gz,train_hires,False,245,-1.8285064631479315,13.278346241746364,0.0314738110265206,0.4532351791858673
train_low_quality,lowest_quality_522_of_non_hires_pool,ATLAS,sub-r038s016_ses-1,sub-r038s016,/home/rbielski/stroke_cleaned/ARC_ATLAS_Combined/A_A_Combined_Data/Processed_LowQualityTrain_Split_Data/train_low_quality/t1/sub-r038s016_ses-1_T1w_MNI_norm.nii.gz,/home/rbielski/stroke_cleaned/ARC_ATLAS_Combined/A_A_Combined_Data/Processed_LowQualityTrain_Split_Data/train_low_quality/masks/sub-r038s016_ses-1_lesion_mask_MNI_clean.nii.gz,/home/rbielski/stroke_cleaned/ARC_ATLAS_Combined/A_A_Combined_Data/Processed_HiresLowres_Split_Data/Processed_HiresLowres_All/t1/sub-r038s016_ses-1_T1w_MNI_norm.nii.gz,/home/rbielski/stroke_cleaned/ARC_ATLAS_Combined/A_A_Combined_Data/Processed_HiresLowres_Split_Data/Processed_HiresLowres_All/masks/sub-r038s016_ses-1_lesion_mask_MNI_clean.nii.gz,test_lores,False,247,-1.8240769821517968,12.928452958007965,0.02769253550692147,0.41280093789100647
train_low_quality,lowest_quality_522_of_non_hires_pool,ATLAS,sub-r034s013_ses-1,sub-r034s013,/home/rbielski/stroke_cleaned/ARC_ATLAS_Combined/A_A_Combined_Data/Processed_LowQualityTrain_Split_Data/train_low_quality/t1/sub-r034s013_ses-1_T1w_MNI_norm.nii.gz,/home/rbielski/stroke_cleaned/ARC_ATLAS_Combined/A_A_Combined_Data/Processed_LowQualityTrain_Split_Data/train_low_quality/masks/sub-r034s013_ses-1_lesion_mask_MNI_clean.nii.gz,/home/rbielski/stroke_cleaned/ARC_ATLAS_Combined/A_A_Combined_Data/Processed_HiresLowres_Split_Data/Processed_HiresLowres_All/t1/sub-r034s013_ses-1_T1w_MNI_norm.nii.gz,/home/rbielski/stroke_cleaned/ARC_ATLAS_Combined/A_A_Combined_Data/Processed_HiresLowres_Split_Data/Processed_HiresLowres_All/masks/sub-r034s013_ses-1_lesion_mask_MNI_clean.nii.gz,test_lores,False,249,-1.8053079835060024,13.801524282660223,0.03706435940737644,0.5384068489074707
train_low_quality,lowest_quality_522_of_non_hires_pool,ATLAS,sub-r031s018_ses-1,sub-r031s018,/home/rbielski/stroke_cleaned/ARC_ATLAS_Combined/A_A_Combined_Data/Processed_LowQualityTrain_Split_Data/train_low_quality/t1/sub-r031s018_ses-1_T1w_MNI_norm.nii.gz,/home/rbielski/stroke_cleaned/ARC_ATLAS_Combined/A_A_Combined_Data/Processed_LowQualityTrain_Split_Data/train_low_quality/masks/sub-r031s018_ses-1_lesion_mask_MNI_clean.nii.gz,/home/rbielski/stroke_cleaned/ARC_ATLAS_Combined/A_A_Combined_Data/Processed_HiresLowres_Split_Data/Processed_HiresLowres_All/t1/sub-r031s018_ses-1_T1w_MNI_norm.nii.gz,/home/rbielski/stroke_cleaned/ARC_ATLAS_Combined/A_A_Combined_Data/Processed_HiresLowres_Split_Data/Processed_HiresLowres_All/masks/sub-r031s018_ses-1_lesion_mask_MNI_clean.nii.gz,test_lores,False,250,-1.7955249514101959,12.92382541027758,0.02964279186566458,0.39698153734207153
train_low_quality,lowest_quality_522_of_non_hires_pool,ATLAS,sub-r002s012_ses-1,sub-r002s012,/home/rbielski/stroke_cleaned/ARC_ATLAS_Combined/A_A_Combined_Data/Processed_LowQualityTrain_Split_Data/train_low_quality/t1/sub-r002s012_ses-1_T1w_MNI_norm.nii.gz,/home/rbielski/stroke_cleaned/ARC_ATLAS_Combined/A_A_Combined_Data/Processed_LowQualityTrain_Split_Data/train_low_quality/masks/sub-r002s012_ses-1_lesion_mask_MNI_clean.nii.gz,/home/rbielski/stroke_cleaned/ARC_ATLAS_Combined/A_A_Combined_Data/Processed_HiresLowres_Split_Data/Processed_HiresLowres_All/t1/sub-r002s012_ses-1_T1w_MNI_norm.nii.gz,/home/rbielski/stroke_cleaned/ARC_ATLAS_Combined/A_A_Combined_Data/Processed_HiresLowres_Split_Data/Processed_HiresLowres_All/masks/sub-r002s012_ses-1_lesion_mask_MNI_clean.nii.gz,test_lores,False,251,-1.793613709978106,13.49507422201563,0.03436680596520919,0.4975622296333313
train_low_quality,lowest_quality_522_of_non_hires_pool,ATLAS,sub-r040s042_ses-1,sub-r040s042,/home/rbielski/stroke_cleaned/ARC_ATLAS_Combined/A_A_Combined_Data/Processed_LowQualityTrain_Split_Data/train_low_quality/t1/sub-r040s042_ses-1_T1w_MNI_norm.nii.gz,/home/rbielski/stroke_cleaned/ARC_ATLAS_Combined/A_A_Combined_Data/Processed_LowQualityTrain_Split_Data/train_low_quality/masks/sub-r040s042_ses-1_lesion_mask_MNI_clean.nii.gz,/home/rbielski/stroke_cleaned/ARC_ATLAS_Combined/A_A_Combined_Data/Processed_HiresLowres_Split_Data/Processed_HiresLowres_All/t1/sub-r040s042_ses-1_T1w_MNI_norm.nii.gz,/home/rbielski/stroke_cleaned/ARC_ATLAS_Combined/A_A_Combined_Data/Processed_HiresLowres_Split_Data/Processed_HiresLowres_All/masks/sub-r040s042_ses-1_lesion_mask_MNI_clean.nii.gz,test_lores,False,252,-1.7853668724181677,13.543382671093331,0.03487942421539175,0.5103083848953247
train_low_quality,lowest_quality_522_of_non_hires_pool,ATLAS,sub-r004s004_ses-1,sub-r004s004,/home/rbielski/stroke_cleaned/ARC_ATLAS_Combined/A_A_Combined_Data/Processed_LowQualityTrain_Split_Data/train_low_quality/t1/sub-r004s004_ses-1_T1w_MNI_norm.nii.gz,/home/rbielski/stroke_cleaned/ARC_ATLAS_Combined/A_A_Combined_Data/Processed_LowQualityTrain_Split_Data/train_low_quality/masks/sub-r004s004_ses-1_lesion_mask_MNI_clean.nii.gz,/home/rbielski/stroke_cleaned/ARC_ATLAS_Combined/A_A_Combined_Data/Processed_HiresLowres_Split_Data/Processed_HiresLowres_All/t1/sub-r004s004_ses-1_T1w_MNI_norm.nii.gz,/home/rbielski/stroke_cleaned/ARC_ATLAS_Combined/A_A_Combined_Data/Processed_HiresLowres_Split_Data/Processed_HiresLowres_All/masks/sub-r004s004_ses-1_lesion_mask_MNI_clean.nii.gz,test_lores,False,253,-1.7851772762833833,13.494321306771994,0.034983945888783306,0.4923187494277954
train_low_quality,lowest_quality_522_of_non_hires_pool,ATLAS,sub-r003s014_ses-1,sub-r003s014,/home/rbielski/stroke_cleaned/ARC_ATLAS_Combined/A_A_Combined_Data/Processed_LowQualityTrain_Split_Data/train_low_quality/t1/sub-r003s014_ses-1_T1w_MNI_norm.nii.gz,/home/rbielski/stroke_cleaned/ARC_ATLAS_Combined/A_A_Combined_Data/Processed_LowQualityTrain_Split_Data/train_low_quality/masks/sub-r003s014_ses-1_lesion_mask_MNI_clean.nii.gz,/home/rbielski/stroke_cleaned/ARC_ATLAS_Combined/A_A_Combined_Data/Processed_HiresLowres_Split_Data/Processed_HiresLowres_All/t1/sub-r003s014_ses-1_T1w_MNI_norm.nii.gz,/home/rbielski/stroke_cleaned/ARC_ATLAS_Combined/A_A_Combined_Data/Processed_HiresLowres_Split_Data/Processed_HiresLowres_All/masks/sub-r003s014_ses-1_lesion_mask_MNI_clean.nii.gz,test_lores,False,254,-1.779668454601166,13.598800404815588,0.03551172887428406,0.5211286544799805
train_low_quality,lowest_quality_522_of_non_hires_pool,ATLAS,sub-r002s011_ses-1,sub-r002s011,/home/rbielski/stroke_cleaned/ARC_ATLAS_Combined/A_A_Combined_Data/Processed_LowQualityTrain_Split_Data/train_low_quality/t1/sub-r002s011_ses-1_T1w_MNI_norm.nii.gz,/home/rbielski/stroke_cleaned/ARC_ATLAS_Combined/A_A_Combined_Data/Processed_LowQualityTrain_Split_Data/train_low_quality/masks/sub-r002s011_ses-1_lesion_mask_MNI_clean.nii.gz,/home/rbielski/stroke_cleaned/ARC_ATLAS_Combined/A_A_Combined_Data/Processed_HiresLowres_Split_Data/Processed_HiresLowres_All/t1/sub-r002s011_ses-1_T1w_MNI_norm.nii.gz,/home/rbielski/stroke_cleaned/ARC_ATLAS_Combined/A_A_Combined_Data/Processed_HiresLowres_Split_Data/Processed_HiresLowres_All/masks/sub-r002s011_ses-1_lesion_mask_MNI_clean.nii.gz,test_lores,False,255,-1.77491256173246,13.3853974893495,0.03389949091329769,0.4849889576435089
train_low_quality,lowest_quality_522_of_non_hires_pool,ATLAS,sub-r005s074_ses-1,sub-r005s074,/home/rbielski/stroke_cleaned/ARC_ATLAS_Combined/A_A_Combined_Data/Processed_LowQualityTrain_Split_Data/train_low_quality/t1/sub-r005s074_ses-1_T1w_MNI_norm.nii.gz,/home/rbielski/stroke_cleaned/ARC_ATLAS_Combined/A_A_Combined_Data/Processed_LowQualityTrain_Split_Data/train_low_quality/masks/sub-r005s074_ses-1_lesion_mask_MNI_clean.nii.gz,/home/rbielski/stroke_cleaned/ARC_ATLAS_Combined/A_A_Combined_Data/Processed_HiresLowres_Split_Data/Processed_HiresLowres_All/t1/sub-r005s074_ses-1_T1w_MNI_norm.nii.gz,/home/rbielski/stroke_cleaned/ARC_ATLAS_Combined/A_A_Combined_Data/Processed_HiresLowres_Split_Data/Processed_HiresLowres_All/masks/sub-r005s074_ses-1_lesion_mask_MNI_clean.nii.gz,train_hires,False,256,-1.7728503508195508,12.819242654505281,0.0283080452223473,0.4055919051170349
train_low_quality,lowest_quality_522_of_non_hires_pool,ATLAS,sub-r004s024_ses-1,sub-r004s024,/home/rbielski/stroke_cleaned/ARC_ATLAS_Combined/A_A_Combined_Data/Processed_LowQualityTrain_Split_Data/train_low_quality/t1/sub-r004s024_ses-1_T1w_MNI_norm.nii.gz,/home/rbielski/stroke_cleaned/ARC_ATLAS_Combined/A_A_Combined_Data/Processed_LowQualityTrain_Split_Data/train_low_quality/masks/sub-r004s024_ses-1_lesion_mask_MNI_clean.nii.gz,/home/rbielski/stroke_cleaned/ARC_ATLAS_Combined/A_A_Combined_Data/Processed_HiresLowres_Split_Data/Processed_HiresLowres_All/t1/sub-r004s024_ses-1_T1w_MNI_norm.nii.gz,/home/rbielski/stroke_cleaned/ARC_ATLAS_Combined/A_A_Combined_Data/Processed_HiresLowres_Split_Data/Processed_HiresLowres_All/masks/sub-r004s024_ses-1_lesion_mask_MNI_clean.nii.gz,train_hires,False,258,-1.7595710383186767,13.401774499762244,0.03495514016879203,0.48255857825279236
train_low_quality,lowest_quality_522_of_non_hires_pool,ATLAS,sub-r034s022_ses-1,sub-r034s022,/home/rbielski/stroke_cleaned/ARC_ATLAS_Combined/A_A_Combined_Data/Processed_LowQualityTrain_Split_Data/train_low_quality/t1/sub-r034s022_ses-1_T1w_MNI_norm.nii.gz,/home/rbielski/stroke_cleaned/ARC_ATLAS_Combined/A_A_Combined_Data/Processed_LowQualityTrain_Split_Data/train_low_quality/masks/sub-r034s022_ses-1_lesion_mask_MNI_clean.nii.gz,/home/rbielski/stroke_cleaned/ARC_ATLAS_Combined/A_A_Combined_Data/Processed_HiresLowres_Split_Data/Processed_HiresLowres_All/t1/sub-r034s022_ses-1_T1w_MNI_norm.nii.gz,/home/rbielski/stroke_cleaned/ARC_ATLAS_Combined/A_A_Combined_Data/Processed_HiresLowres_Split_Data/Processed_HiresLowres_All/masks/sub-r034s022_ses-1_lesion_mask_MNI_clean.nii.gz,train_hires,False,259,-1.7592574608051148,13.777335105268252,0.038643876895678185,0.5369372367858887
train_low_quality,lowest_quality_522_of_non_hires_pool,ATLAS,sub-r024s011_ses-1,sub-r024s011,/home/rbielski/stroke_cleaned/ARC_ATLAS_Combined/A_A_Combined_Data/Processed_LowQualityTrain_Split_Data/train_low_quality/t1/sub-r024s011_ses-1_T1w_MNI_norm.nii.gz,/home/rbielski/stroke_cleaned/ARC_ATLAS_Combined/A_A_Combined_Data/Processed_LowQualityTrain_Split_Data/train_low_quality/masks/sub-r024s011_ses-1_lesion_mask_MNI_clean.nii.gz,/home/rbielski/stroke_cleaned/ARC_ATLAS_Combined/A_A_Combined_Data/Processed_HiresLowres_Split_Data/Processed_HiresLowres_All/t1/sub-r024s011_ses-1_T1w_MNI_norm.nii.gz,/home/rbielski/stroke_cleaned/ARC_ATLAS_Combined/A_A_Combined_Data/Processed_HiresLowres_Split_Data/Processed_HiresLowres_All/masks/sub-r024s011_ses-1_lesion_mask_MNI_clean.nii.gz,train_hires,False,260,-1.7583319507329218,14.08866470354515,0.04175782297539291,0.5814819931983948
train_low_quality,lowest_quality_522_of_non_hires_pool,ATLAS,sub-r010s007_ses-1,sub-r010s007,/home/rbielski/stroke_cleaned/ARC_ATLAS_Combined/A_A_Combined_Data/Processed_LowQualityTrain_Split_Data/train_low_quality/t1/sub-r010s007_ses-1_T1w_MNI_norm.nii.gz,/home/rbielski/stroke_cleaned/ARC_ATLAS_Combined/A_A_Combined_Data/Processed_LowQualityTrain_Split_Data/train_low_quality/masks/sub-r010s007_ses-1_lesion_mask_MNI_clean.nii.gz,/home/rbielski/stroke_cleaned/ARC_ATLAS_Combined/A_A_Combined_Data/Processed_HiresLowres_Split_Data/Processed_HiresLowres_All/t1/sub-r010s007_ses-1_T1w_MNI_norm.nii.gz,/home/rbielski/stroke_cleaned/ARC_ATLAS_Combined/A_A_Combined_Data/Processed_HiresLowres_Split_Data/Processed_HiresLowres_All/masks/sub-r010s007_ses-1_lesion_mask_MNI_clean.nii.gz,train_hires,False,261,-1.757341304458763,13.252337137446462,0.033233918354093735,0.46756139397621155
train_low_quality,lowest_quality_522_of_non_hires_pool,ATLAS,sub-r009s007_ses-1,sub-r009s007,/home/rbielski/stroke_cleaned/ARC_ATLAS_Combined/A_A_Combined_Data/Processed_LowQualityTrain_Split_Data/train_low_quality/t1/sub-r009s007_ses-1_T1w_MNI_norm.nii.gz,/home/rbielski/stroke_cleaned/ARC_ATLAS_Combined/A_A_Combined_Data/Processed_LowQualityTrain_Split_Data/train_low_quality/masks/sub-r009s007_ses-1_lesion_mask_MNI_clean.nii.gz,/home/rbielski/stroke_cleaned/ARC_ATLAS_Combined/A_A_Combined_Data/Processed_HiresLowres_Split_Data/Processed_HiresLowres_All/t1/sub-r009s007_ses-1_T1w_MNI_norm.nii.gz,/home/rbielski/stroke_cleaned/ARC_ATLAS_Combined/A_A_Combined_Data/Processed_HiresLowres_Split_Data/Processed_HiresLowres_All/masks/sub-r009s007_ses-1_lesion_mask_MNI_clean.nii.gz,test_lores,False,262,-1.7571424584596138,12.77532013207135,0.028369550619577705,0.40234431624412537
train_low_quality,lowest_quality_522_of_non_hires_pool,ATLAS,sub-r003s010_ses-1,sub-r003s010,/home/rbielski/stroke_cleaned/ARC_ATLAS_Combined/A_A_Combined_Data/Processed_LowQualityTrain_Split_Data/train_low_quality/t1/sub-r003s010_ses-1_T1w_MNI_norm.nii.gz,/home/rbielski/stroke_cleaned/ARC_ATLAS_Combined/A_A_Combined_Data/Processed_LowQualityTrain_Split_Data/train_low_quality/masks/sub-r003s010_ses-1_lesion_mask_MNI_clean.nii.gz,/home/rbielski/stroke_cleaned/ARC_ATLAS_Combined/A_A_Combined_Data/Processed_HiresLowres_Split_Data/Processed_HiresLowres_All/t1/sub-r003s010_ses-1_T1w_MNI_norm.nii.gz,/home/rbielski/stroke_cleaned/ARC_ATLAS_Combined/A_A_Combined_Data/Processed_HiresLowres_Split_Data/Processed_HiresLowres_All/masks/sub-r003s010_ses-1_lesion_mask_MNI_clean.nii.gz,train_hires,False,263,-1.7548442324337148,14.023632926159205,0.04006408927565901,0.5947707891464233
train_low_quality,lowest_quality_522_of_non_hires_pool,ATLAS,sub-r010s001_ses-1,sub-r010s001,/home/rbielski/stroke_cleaned/ARC_ATLAS_Combined/A_A_Combined_Data/Processed_LowQualityTrain_Split_Data/train_low_quality/t1/sub-r010s001_ses-1_T1w_MNI_norm.nii.gz,/home/rbielski/stroke_cleaned/ARC_ATLAS_Combined/A_A_Combined_Data/Processed_LowQualityTrain_Split_Data/train_low_quality/masks/sub-r010s001_ses-1_lesion_mask_MNI_clean.nii.gz,/home/rbielski/stroke_cleaned/ARC_ATLAS_Combined/A_A_Combined_Data/Processed_HiresLowres_Split_Data/Processed_HiresLowres_All/t1/sub-r010s001_ses-1_T1w_MNI_norm.nii.gz,/home/rbielski/stroke_cleaned/ARC_ATLAS_Combined/A_A_Combined_Data/Processed_HiresLowres_Split_Data/Processed_HiresLowres_All/masks/sub-r010s001_ses-1_lesion_mask_MNI_clean.nii.gz,train_hires,False,264,-1.747210059597248,13.934960538480283,0.04037581840650904,0.5656883120536804
train_low_quality,lowest_quality_522_of_non_hires_pool,ATLAS,sub-r035s007_ses-1,sub-r035s007,/home/rbielski/stroke_cleaned/ARC_ATLAS_Combined/A_A_Combined_Data/Processed_LowQualityTrain_Split_Data/train_low_quality/t1/sub-r035s007_ses-1_T1w_MNI_norm.nii.gz,/home/rbielski/stroke_cleaned/ARC_ATLAS_Combined/A_A_Combined_Data/Processed_LowQualityTrain_Split_Data/train_low_quality/masks/sub-r035s007_ses-1_lesion_mask_MNI_clean.nii.gz,/home/rbielski/stroke_cleaned/ARC_ATLAS_Combined/A_A_Combined_Data/Processed_HiresLowres_Split_Data/Processed_HiresLowres_All/t1/sub-r035s007_ses-1_T1w_MNI_norm.nii.gz,/home/rbielski/stroke_cleaned/ARC_ATLAS_Combined/A_A_Combined_Data/Processed_HiresLowres_Split_Data/Processed_HiresLowres_All/masks/sub-r035s007_ses-1_lesion_mask_MNI_clean.nii.gz,train_hires,False,265,-1.7359105112757967,14.046832931163998,0.04190077749397736,0.5826799869537354
train_low_quality,lowest_quality_522_of_non_hires_pool,ATLAS,sub-r047s039_ses-1,sub-r047s039,/home/rbielski/stroke_cleaned/ARC_ATLAS_Combined/A_A_Combined_Data/Processed_LowQualityTrain_Split_Data/train_low_quality/t1/sub-r047s039_ses-1_T1w_MNI_norm.nii.gz,/home/rbielski/stroke_cleaned/ARC_ATLAS_Combined/A_A_Combined_Data/Processed_LowQualityTrain_Split_Data/train_low_quality/masks/sub-r047s039_ses-1_lesion_mask_MNI_clean.nii.gz,/home/rbielski/stroke_cleaned/ARC_ATLAS_Combined/A_A_Combined_Data/Processed_HiresLowres_Split_Data/Processed_HiresLowres_All/t1/sub-r047s039_ses-1_T1w_MNI_norm.nii.gz,/home/rbielski/stroke_cleaned/ARC_ATLAS_Combined/A_A_Combined_Data/Processed_HiresLowres_Split_Data/Processed_HiresLowres_All/masks/sub-r047s039_ses-1_lesion_mask_MNI_clean.nii.gz,train_hires,False,266,-1.734445745899209,13.102892075437998,0.0314801862018712,0.46947115659713745
train_low_quality,lowest_quality_522_of_non_hires_pool,ATLAS,sub-r046s007_ses-1,sub-r046s007,/home/rbielski/stroke_cleaned/ARC_ATLAS_Combined/A_A_Combined_Data/Processed_LowQualityTrain_Split_Data/train_low_quality/t1/sub-r046s007_ses-1_T1w_MNI_norm.nii.gz,/home/rbielski/stroke_cleaned/ARC_ATLAS_Combined/A_A_Combined_Data/Processed_LowQualityTrain_Split_Data/train_low_quality/masks/sub-r046s007_ses-1_lesion_mask_MNI_clean.nii.gz,/home/rbielski/stroke_cleaned/ARC_ATLAS_Combined/A_A_Combined_Data/Processed_HiresLowres_Split_Data/Processed_HiresLowres_All/t1/sub-r046s007_ses-1_T1w_MNI_norm.nii.gz,/home/rbielski/stroke_cleaned/ARC_ATLAS_Combined/A_A_Combined_Data/Processed_HiresLowres_Split_Data/Processed_HiresLowres_All/masks/sub-r046s007_ses-1_lesion_mask_MNI_clean.nii.gz,train_hires,False,267,-1.7336840964463158,13.784944954373668,0.038169419383636154,0.5685653686523438
train_low_quality,lowest_quality_522_of_non_hires_pool,ATLAS,sub-r004s012_ses-1,sub-r004s012,/home/rbielski/stroke_cleaned/ARC_ATLAS_Combined/A_A_Combined_Data/Processed_LowQualityTrain_Split_Data/train_low_quality/t1/sub-r004s012_ses-1_T1w_MNI_norm.nii.gz,/home/rbielski/stroke_cleaned/ARC_ATLAS_Combined/A_A_Combined_Data/Processed_LowQualityTrain_Split_Data/train_low_quality/masks/sub-r004s012_ses-1_lesion_mask_MNI_clean.nii.gz,/home/rbielski/stroke_cleaned/ARC_ATLAS_Combined/A_A_Combined_Data/Processed_HiresLowres_Split_Data/Processed_HiresLowres_All/t1/sub-r004s012_ses-1_T1w_MNI_norm.nii.gz,/home/rbielski/stroke_cleaned/ARC_ATLAS_Combined/A_A_Combined_Data/Processed_HiresLowres_Split_Data/Processed_HiresLowres_All/masks/sub-r004s012_ses-1_lesion_mask_MNI_clean.nii.gz,train_hires,False,268,-1.7301582286172517,13.536630142234342,0.03727135073805649,0.5064725875854492
train_low_quality,lowest_quality_522_of_non_hires_pool,ATLAS,sub-r038s041_ses-1,sub-r038s041,/home/rbielski/stroke_cleaned/ARC_ATLAS_Combined/A_A_Combined_Data/Processed_LowQualityTrain_Split_Data/train_low_quality/t1/sub-r038s041_ses-1_T1w_MNI_norm.nii.gz,/home/rbielski/stroke_cleaned/ARC_ATLAS_Combined/A_A_Combined_Data/Processed_LowQualityTrain_Split_Data/train_low_quality/masks/sub-r038s041_ses-1_lesion_mask_MNI_clean.nii.gz,/home/rbielski/stroke_cleaned/ARC_ATLAS_Combined/A_A_Combined_Data/Processed_HiresLowres_Split_Data/Processed_HiresLowres_All/t1/sub-r038s041_ses-1_T1w_MNI_norm.nii.gz,/home/rbielski/stroke_cleaned/ARC_ATLAS_Combined/A_A_Combined_Data/Processed_HiresLowres_Split_Data/Processed_HiresLowres_All/masks/sub-r038s041_ses-1_lesion_mask_MNI_clean.nii.gz,test_lores,False,269,-1.7284562164406707,12.763410890866878,0.028720206168562284,0.4144221246242523
train_low_quality,lowest_quality_522_of_non_hires_pool,ATLAS,sub-r009s001_ses-1,sub-r009s001,/home/rbielski/stroke_cleaned/ARC_ATLAS_Combined/A_A_Combined_Data/Processed_LowQualityTrain_Split_Data/train_low_quality/t1/sub-r009s001_ses-1_T1w_MNI_norm.nii.gz,/home/rbielski/stroke_cleaned/ARC_ATLAS_Combined/A_A_Combined_Data/Processed_LowQualityTrain_Split_Data/train_low_quality/masks/sub-r009s001_ses-1_lesion_mask_MNI_clean.nii.gz,/home/rbielski/stroke_cleaned/ARC_ATLAS_Combined/A_A_Combined_Data/Processed_HiresLowres_Split_Data/Processed_HiresLowres_All/t1/sub-r009s001_ses-1_T1w_MNI_norm.nii.gz,/home/rbielski/stroke_cleaned/ARC_ATLAS_Combined/A_A_Combined_Data/Processed_HiresLowres_Split_Data/Processed_HiresLowres_All/masks/sub-r009s001_ses-1_lesion_mask_MNI_clean.nii.gz,test_lores,False,271,-1.7188321169433223,13.036448216311417,0.03238733368243127,0.44276753067970276
train_low_quality,lowest_quality_522_of_non_hires_pool,ATLAS,sub-r040s013_ses-1,sub-r040s013,/home/rbielski/stroke_cleaned/ARC_ATLAS_Combined/A_A_Combined_Data/Processed_LowQualityTrain_Split_Data/train_low_quality/t1/sub-r040s013_ses-1_T1w_MNI_norm.nii.gz,/home/rbielski/stroke_cleaned/ARC_ATLAS_Combined/A_A_Combined_Data/Processed_LowQualityTrain_Split_Data/train_low_quality/masks/sub-r040s013_ses-1_lesion_mask_MNI_clean.nii.gz,/home/rbielski/stroke_cleaned/ARC_ATLAS_Combined/A_A_Combined_Data/Processed_HiresLowres_Split_Data/Processed_HiresLowres_All/t1/sub-r040s013_ses-1_T1w_MNI_norm.nii.gz,/home/rbielski/stroke_cleaned/ARC_ATLAS_Combined/A_A_Combined_Data/Processed_HiresLowres_Split_Data/Processed_HiresLowres_All/masks/sub-r040s013_ses-1_lesion_mask_MNI_clean.nii.gz,train_hires,False,272,-1.7085497387304676,13.255553677632529,0.03391472503351892,0.4942460060119629
train_low_quality,lowest_quality_522_of_non_hires_pool,ATLAS,sub-r005s069_ses-1,sub-r005s069,/home/rbielski/stroke_cleaned/ARC_ATLAS_Combined/A_A_Combined_Data/Processed_LowQualityTrain_Split_Data/train_low_quality/t1/sub-r005s069_ses-1_T1w_MNI_norm.nii.gz,/home/rbielski/stroke_cleaned/ARC_ATLAS_Combined/A_A_Combined_Data/Processed_LowQualityTrain_Split_Data/train_low_quality/masks/sub-r005s069_ses-1_lesion_mask_MNI_clean.nii.gz,/home/rbielski/stroke_cleaned/ARC_ATLAS_Combined/A_A_Combined_Data/Processed_HiresLowres_Split_Data/Processed_HiresLowres_All/t1/sub-r005s069_ses-1_T1w_MNI_norm.nii.gz,/home/rbielski/stroke_cleaned/ARC_ATLAS_Combined/A_A_Combined_Data/Processed_HiresLowres_Split_Data/Processed_HiresLowres_All/masks/sub-r005s069_ses-1_lesion_mask_MNI_clean.nii.gz,train_hires,False,273,-1.707749195340111,13.175970115916835,0.03277445892362107,0.49017471075057983
train_low_quality,lowest_quality_522_of_non_hires_pool,ATLAS,sub-r040s043_ses-1,sub-r040s043,/home/rbielski/stroke_cleaned/ARC_ATLAS_Combined/A_A_Combined_Data/Processed_LowQualityTrain_Split_Data/train_low_quality/t1/sub-r040s043_ses-1_T1w_MNI_norm.nii.gz,/home/rbielski/stroke_cleaned/ARC_ATLAS_Combined/A_A_Combined_Data/Processed_LowQualityTrain_Split_Data/train_low_quality/masks/sub-r040s043_ses-1_lesion_mask_MNI_clean.nii.gz,/home/rbielski/stroke_cleaned/ARC_ATLAS_Combined/A_A_Combined_Data/Processed_HiresLowres_Split_Data/Processed_HiresLowres_All/t1/sub-r040s043_ses-1_T1w_MNI_norm.nii.gz,/home/rbielski/stroke_cleaned/ARC_ATLAS_Combined/A_A_Combined_Data/Processed_HiresLowres_Split_Data/Processed_HiresLowres_All/masks/sub-r040s043_ses-1_lesion_mask_MNI_clean.nii.gz,test_lores,False,274,-1.7012983263311519,13.016750336980916,0.0318218552908813,0.460775762796402
train_low_quality,lowest_quality_522_of_non_hires_pool,ATLAS,sub-r003s003_ses-1,sub-r003s003,/home/rbielski/stroke_cleaned/ARC_ATLAS_Combined/A_A_Combined_Data/Processed_LowQualityTrain_Split_Data/train_low_quality/t1/sub-r003s003_ses-1_T1w_MNI_norm.nii.gz,/home/rbielski/stroke_cleaned/ARC_ATLAS_Combined/A_A_Combined_Data/Processed_LowQualityTrain_Split_Data/train_low_quality/masks/sub-r003s003_ses-1_lesion_mask_MNI_clean.nii.gz,/home/rbielski/stroke_cleaned/ARC_ATLAS_Combined/A_A_Combined_Data/Processed_HiresLowres_Split_Data/Processed_HiresLowres_All/t1/sub-r003s003_ses-1_T1w_MNI_norm.nii.gz,/home/rbielski/stroke_cleaned/ARC_ATLAS_Combined/A_A_Combined_Data/Processed_HiresLowres_Split_Data/Processed_HiresLowres_All/masks/sub-r003s003_ses-1_lesion_mask_MNI_clean.nii.gz,test_lores,False,275,-1.698024136654821,13.415603432208828,0.035398374515411,0.527282178401947
train_low_quality,lowest_quality_522_of_non_hires_pool,ATLAS,sub-r010s004_ses-1,sub-r010s004,/home/rbielski/stroke_cleaned/ARC_ATLAS_Combined/A_A_Combined_Data/Processed_LowQualityTrain_Split_Data/train_low_quality/t1/sub-r010s004_ses-1_T1w_MNI_norm.nii.gz,/home/rbielski/stroke_cleaned/ARC_ATLAS_Combined/A_A_Combined_Data/Processed_LowQualityTrain_Split_Data/train_low_quality/masks/sub-r010s004_ses-1_lesion_mask_MNI_clean.nii.gz,/home/rbielski/stroke_cleaned/ARC_ATLAS_Combined/A_A_Combined_Data/Processed_HiresLowres_Split_Data/Processed_HiresLowres_All/t1/sub-r010s004_ses-1_T1w_MNI_norm.nii.gz,/home/rbielski/stroke_cleaned/ARC_ATLAS_Combined/A_A_Combined_Data/Processed_HiresLowres_Split_Data/Processed_HiresLowres_All/masks/sub-r010s004_ses-1_lesion_mask_MNI_clean.nii.gz,train_hires,False,276,-1.696117051753908,13.592670308281562,0.038646952949097826,0.5258184671401978
train_low_quality,lowest_quality_522_of_non_hires_pool,ATLAS,sub-r023s003_ses-1,sub-r023s003,/home/rbielski/stroke_cleaned/ARC_ATLAS_Combined/A_A_Combined_Data/Processed_LowQualityTrain_Split_Data/train_low_quality/t1/sub-r023s003_ses-1_T1w_MNI_norm.nii.gz,/home/rbielski/stroke_cleaned/ARC_ATLAS_Combined/A_A_Combined_Data/Processed_LowQualityTrain_Split_Data/train_low_quality/masks/sub-r023s003_ses-1_lesion_mask_MNI_clean.nii.gz,/home/rbielski/stroke_cleaned/ARC_ATLAS_Combined/A_A_Combined_Data/Processed_HiresLowres_Split_Data/Processed_HiresLowres_All/t1/sub-r023s003_ses-1_T1w_MNI_norm.nii.gz,/home/rbielski/stroke_cleaned/ARC_ATLAS_Combined/A_A_Combined_Data/Processed_HiresLowres_Split_Data/Processed_HiresLowres_All/masks/sub-r023s003_ses-1_lesion_mask_MNI_clean.nii.gz,test_lores,False,277,-1.6898907619504837,12.870272137850112,0.030763070468260816,0.44148796796798706
train_low_quality,lowest_quality_522_of_non_hires_pool,ATLAS,sub-r023s002_ses-1,sub-r023s002,/home/rbielski/stroke_cleaned/ARC_ATLAS_Combined/A_A_Combined_Data/Processed_LowQualityTrain_Split_Data/train_low_quality/t1/sub-r023s002_ses-1_T1w_MNI_norm.nii.gz,/home/rbielski/stroke_cleaned/ARC_ATLAS_Combined/A_A_Combined_Data/Processed_LowQualityTrain_Split_Data/train_low_quality/masks/sub-r023s002_ses-1_lesion_mask_MNI_clean.nii.gz,/home/rbielski/stroke_cleaned/ARC_ATLAS_Combined/A_A_Combined_Data/Processed_HiresLowres_Split_Data/Processed_HiresLowres_All/t1/sub-r023s002_ses-1_T1w_MNI_norm.nii.gz,/home/rbielski/stroke_cleaned/ARC_ATLAS_Combined/A_A_Combined_Data/Processed_HiresLowres_Split_Data/Processed_HiresLowres_All/masks/sub-r023s002_ses-1_lesion_mask_MNI_clean.nii.gz,train_hires,False,278,-1.6890629502256158,12.891480665523106,0.030592194601980302,0.4523543417453766
train_low_quality,lowest_quality_522_of_non_hires_pool,ATLAS,sub-r034s032_ses-1,sub-r034s032,/home/rbielski/stroke_cleaned/ARC_ATLAS_Combined/A_A_Combined_Data/Processed_LowQualityTrain_Split_Data/train_low_quality/t1/sub-r034s032_ses-1_T1w_MNI_norm.nii.gz,/home/rbielski/stroke_cleaned/ARC_ATLAS_Combined/A_A_Combined_Data/Processed_LowQualityTrain_Split_Data/train_low_quality/masks/sub-r034s032_ses-1_lesion_mask_MNI_clean.nii.gz,/home/rbielski/stroke_cleaned/ARC_ATLAS_Combined/A_A_Combined_Data/Processed_HiresLowres_Split_Data/Processed_HiresLowres_All/t1/sub-r034s032_ses-1_T1w_MNI_norm.nii.gz,/home/rbielski/stroke_cleaned/ARC_ATLAS_Combined/A_A_Combined_Data/Processed_HiresLowres_Split_Data/Processed_HiresLowres_All/masks/sub-r034s032_ses-1_lesion_mask_MNI_clean.nii.gz,train_hires,False,279,-1.6881845747504283,13.13410231166757,0.03386261493475904,0.4712684154510498
train_low_quality,lowest_quality_522_of_non_hires_pool,ATLAS,sub-r034s015_ses-1,sub-r034s015,/home/rbielski/stroke_cleaned/ARC_ATLAS_Combined/A_A_Combined_Data/Processed_LowQualityTrain_Split_Data/train_low_quality/t1/sub-r034s015_ses-1_T1w_MNI_norm.nii.gz,/home/rbielski/stroke_cleaned/ARC_ATLAS_Combined/A_A_Combined_Data/Processed_LowQualityTrain_Split_Data/train_low_quality/masks/sub-r034s015_ses-1_lesion_mask_MNI_clean.nii.gz,/home/rbielski/stroke_cleaned/ARC_ATLAS_Combined/A_A_Combined_Data/Processed_HiresLowres_Split_Data/Processed_HiresLowres_All/t1/sub-r034s015_ses-1_T1w_MNI_norm.nii.gz,/home/rbielski/stroke_cleaned/ARC_ATLAS_Combined/A_A_Combined_Data/Processed_HiresLowres_Split_Data/Processed_HiresLowres_All/masks/sub-r034s015_ses-1_lesion_mask_MNI_clean.nii.gz,train_hires,False,280,-1.6829454349205473,13.712335722319658,0.03950323252247979,0.5594748854637146
train_low_quality,lowest_quality_522_of_non_hires_pool,ATLAS,sub-r027s009_ses-1,sub-r027s009,/home/rbielski/stroke_cleaned/ARC_ATLAS_Combined/A_A_Combined_Data/Processed_LowQualityTrain_Split_Data/train_low_quality/t1/sub-r027s009_ses-1_T1w_MNI_norm.nii.gz,/home/rbielski/stroke_cleaned/ARC_ATLAS_Combined/A_A_Combined_Data/Processed_LowQualityTrain_Split_Data/train_low_quality/masks/sub-r027s009_ses-1_lesion_mask_MNI_clean.nii.gz,/home/rbielski/stroke_cleaned/ARC_ATLAS_Combined/A_A_Combined_Data/Processed_HiresLowres_Split_Data/Processed_HiresLowres_All/t1/sub-r027s009_ses-1_T1w_MNI_norm.nii.gz,/home/rbielski/stroke_cleaned/ARC_ATLAS_Combined/A_A_Combined_Data/Processed_HiresLowres_Split_Data/Processed_HiresLowres_All/masks/sub-r027s009_ses-1_lesion_mask_MNI_clean.nii.gz,train_hires,False,281,-1.679924350646706,13.065600075340774,0.03329024560964124,0.4660123884677887
train_low_quality,lowest_quality_522_of_non_hires_pool,ATLAS,sub-r040s076_ses-1,sub-r040s076,/home/rbielski/stroke_cleaned/ARC_ATLAS_Combined/A_A_Combined_Data/Processed_LowQualityTrain_Split_Data/train_low_quality/t1/sub-r040s076_ses-1_T1w_MNI_norm.nii.gz,/home/rbielski/stroke_cleaned/ARC_ATLAS_Combined/A_A_Combined_Data/Processed_LowQualityTrain_Split_Data/train_low_quality/masks/sub-r040s076_ses-1_lesion_mask_MNI_clean.nii.gz,/home/rbielski/stroke_cleaned/ARC_ATLAS_Combined/A_A_Combined_Data/Processed_HiresLowres_Split_Data/Processed_HiresLowres_All/t1/sub-r040s076_ses-1_T1w_MNI_norm.nii.gz,/home/rbielski/stroke_cleaned/ARC_ATLAS_Combined/A_A_Combined_Data/Processed_HiresLowres_Split_Data/Processed_HiresLowres_All/masks/sub-r040s076_ses-1_lesion_mask_MNI_clean.nii.gz,train_hires,False,282,-1.6786152060133253,13.088392734009345,0.03241670161073586,0.49104243516921997
train_low_quality,lowest_quality_522_of_non_hires_pool,ATLAS,sub-r029s009_ses-1,sub-r029s009,/home/rbielski/stroke_cleaned/ARC_ATLAS_Combined/A_A_Combined_Data/Processed_LowQualityTrain_Split_Data/train_low_quality/t1/sub-r029s009_ses-1_T1w_MNI_norm.nii.gz,/home/rbielski/stroke_cleaned/ARC_ATLAS_Combined/A_A_Combined_Data/Processed_LowQualityTrain_Split_Data/train_low_quality/masks/sub-r029s009_ses-1_lesion_mask_MNI_clean.nii.gz,/home/rbielski/stroke_cleaned/ARC_ATLAS_Combined/A_A_Combined_Data/Processed_HiresLowres_Split_Data/Processed_HiresLowres_All/t1/sub-r029s009_ses-1_T1w_MNI_norm.nii.gz,/home/rbielski/stroke_cleaned/ARC_ATLAS_Combined/A_A_Combined_Data/Processed_HiresLowres_Split_Data/Processed_HiresLowres_All/masks/sub-r029s009_ses-1_lesion_mask_MNI_clean.nii.gz,test_lores,False,283,-1.6775950283890229,13.455746993051013,0.041306715385666916,0.44510549306869507
train_low_quality,lowest_quality_522_of_non_hires_pool,ATLAS,sub-r011s028_ses-1,sub-r011s028,/home/rbielski/stroke_cleaned/ARC_ATLAS_Combined/A_A_Combined_Data/Processed_LowQualityTrain_Split_Data/train_low_quality/t1/sub-r011s028_ses-1_T1w_MNI_norm.nii.gz,/home/rbielski/stroke_cleaned/ARC_ATLAS_Combined/A_A_Combined_Data/Processed_LowQualityTrain_Split_Data/train_low_quality/masks/sub-r011s028_ses-1_lesion_mask_MNI_clean.nii.gz,/home/rbielski/stroke_cleaned/ARC_ATLAS_Combined/A_A_Combined_Data/Processed_HiresLowres_Split_Data/Processed_HiresLowres_All/t1/sub-r011s028_ses-1_T1w_MNI_norm.nii.gz,/home/rbielski/stroke_cleaned/ARC_ATLAS_Combined/A_A_Combined_Data/Processed_HiresLowres_Split_Data/Processed_HiresLowres_All/masks/sub-r011s028_ses-1_lesion_mask_MNI_clean.nii.gz,train_hires,False,284,-1.6775851966564646,13.7200754072554,0.041007345451892094,0.5378634333610535
train_low_quality,lowest_quality_522_of_non_hires_pool,ATLAS,sub-r038s082_ses-1,sub-r038s082,/home/rbielski/stroke_cleaned/ARC_ATLAS_Combined/A_A_Combined_Data/Processed_LowQualityTrain_Split_Data/train_low_quality/t1/sub-r038s082_ses-1_T1w_MNI_norm.nii.gz,/home/rbielski/stroke_cleaned/ARC_ATLAS_Combined/A_A_Combined_Data/Processed_LowQualityTrain_Split_Data/train_low_quality/masks/sub-r038s082_ses-1_lesion_mask_MNI_clean.nii.gz,/home/rbielski/stroke_cleaned/ARC_ATLAS_Combined/A_A_Combined_Data/Processed_HiresLowres_Split_Data/Processed_HiresLowres_All/t1/sub-r038s082_ses-1_T1w_MNI_norm.nii.gz,/home/rbielski/stroke_cleaned/ARC_ATLAS_Combined/A_A_Combined_Data/Processed_HiresLowres_Split_Data/Processed_HiresLowres_All/masks/sub-r038s082_ses-1_lesion_mask_MNI_clean.nii.gz,train_hires,False,285,-1.6710963748549137,12.820017570373489,0.030697469096813253,0.4409867227077484
train_low_quality,lowest_quality_522_of_non_hires_pool,ATLAS,sub-r011s029_ses-1,sub-r011s029,/home/rbielski/stroke_cleaned/ARC_ATLAS_Combined/A_A_Combined_Data/Processed_LowQualityTrain_Split_Data/train_low_quality/t1/sub-r011s029_ses-1_T1w_MNI_norm.nii.gz,/home/rbielski/stroke_cleaned/ARC_ATLAS_Combined/A_A_Combined_Data/Processed_LowQualityTrain_Split_Data/train_low_quality/masks/sub-r011s029_ses-1_lesion_mask_MNI_clean.nii.gz,/home/rbielski/stroke_cleaned/ARC_ATLAS_Combined/A_A_Combined_Data/Processed_HiresLowres_Split_Data/Processed_HiresLowres_All/t1/sub-r011s029_ses-1_T1w_MNI_norm.nii.gz,/home/rbielski/stroke_cleaned/ARC_ATLAS_Combined/A_A_Combined_Data/Processed_HiresLowres_Split_Data/Processed_HiresLowres_All/masks/sub-r011s029_ses-1_lesion_mask_MNI_clean.nii.gz,train_hires,False,286,-1.670303292194118,13.509483197601742,0.03819477887715226,0.5272967219352722
train_low_quality,lowest_quality_522_of_non_hires_pool,ATLAS,sub-r004s006_ses-1,sub-r004s006,/home/rbielski/stroke_cleaned/ARC_ATLAS_Combined/A_A_Combined_Data/Processed_LowQualityTrain_Split_Data/train_low_quality/t1/sub-r004s006_ses-1_T1w_MNI_norm.nii.gz,/home/rbielski/stroke_cleaned/ARC_ATLAS_Combined/A_A_Combined_Data/Processed_LowQualityTrain_Split_Data/train_low_quality/masks/sub-r004s006_ses-1_lesion_mask_MNI_clean.nii.gz,/home/rbielski/stroke_cleaned/ARC_ATLAS_Combined/A_A_Combined_Data/Processed_HiresLowres_Split_Data/Processed_HiresLowres_All/t1/sub-r004s006_ses-1_T1w_MNI_norm.nii.gz,/home/rbielski/stroke_cleaned/ARC_ATLAS_Combined/A_A_Combined_Data/Processed_HiresLowres_Split_Data/Processed_HiresLowres_All/masks/sub-r004s006_ses-1_lesion_mask_MNI_clean.nii.gz,test_lores,False,287,-1.666947455009645,13.012220973940794,0.03305682382843557,0.463061660528183
train_low_quality,lowest_quality_522_of_non_hires_pool,ATLAS,sub-r052s011_ses-1,sub-r052s011,/home/rbielski/stroke_cleaned/ARC_ATLAS_Combined/A_A_Combined_Data/Processed_LowQualityTrain_Split_Data/train_low_quality/t1/sub-r052s011_ses-1_T1w_MNI_norm.nii.gz,/home/rbielski/stroke_cleaned/ARC_ATLAS_Combined/A_A_Combined_Data/Processed_LowQualityTrain_Split_Data/train_low_quality/masks/sub-r052s011_ses-1_lesion_mask_MNI_clean.nii.gz,/home/rbielski/stroke_cleaned/ARC_ATLAS_Combined/A_A_Combined_Data/Processed_HiresLowres_Split_Data/Processed_HiresLowres_All/t1/sub-r052s011_ses-1_T1w_MNI_norm.nii.gz,/home/rbielski/stroke_cleaned/ARC_ATLAS_Combined/A_A_Combined_Data/Processed_HiresLowres_Split_Data/Processed_HiresLowres_All/masks/sub-r052s011_ses-1_lesion_mask_MNI_clean.nii.gz,test_lores,False,288,-1.6421798714692637,13.625781310150188,0.0413187153286114,0.5288340449333191
train_low_quality,lowest_quality_522_of_non_hires_pool,ATLAS,sub-r005s046_ses-1,sub-r005s046,/home/rbielski/stroke_cleaned/ARC_ATLAS_Combined/A_A_Combined_Data/Processed_LowQualityTrain_Split_Data/train_low_quality/t1/sub-r005s046_ses-1_T1w_MNI_norm.nii.gz,/home/rbielski/stroke_cleaned/ARC_ATLAS_Combined/A_A_Combined_Data/Processed_LowQualityTrain_Split_Data/train_low_quality/masks/sub-r005s046_ses-1_lesion_mask_MNI_clean.nii.gz,/home/rbielski/stroke_cleaned/ARC_ATLAS_Combined/A_A_Combined_Data/Processed_HiresLowres_Split_Data/Processed_HiresLowres_All/t1/sub-r005s046_ses-1_T1w_MNI_norm.nii.gz,/home/rbielski/stroke_cleaned/ARC_ATLAS_Combined/A_A_Combined_Data/Processed_HiresLowres_Split_Data/Processed_HiresLowres_All/masks/sub-r005s046_ses-1_lesion_mask_MNI_clean.nii.gz,train_hires,False,289,-1.640137361699577,12.983514155167782,0.03341554154663109,0.46797284483909607
train_low_quality,lowest_quality_522_of_non_hires_pool,ATLAS,sub-r004s001_ses-1,sub-r004s001,/home/rbielski/stroke_cleaned/ARC_ATLAS_Combined/A_A_Combined_Data/Processed_LowQualityTrain_Split_Data/train_low_quality/t1/sub-r004s001_ses-1_T1w_MNI_norm.nii.gz,/home/rbielski/stroke_cleaned/ARC_ATLAS_Combined/A_A_Combined_Data/Processed_LowQualityTrain_Split_Data/train_low_quality/masks/sub-r004s001_ses-1_lesion_mask_MNI_clean.nii.gz,/home/rbielski/stroke_cleaned/ARC_ATLAS_Combined/A_A_Combined_Data/Processed_HiresLowres_Split_Data/Processed_HiresLowres_All/t1/sub-r004s001_ses-1_T1w_MNI_norm.nii.gz,/home/rbielski/stroke_cleaned/ARC_ATLAS_Combined/A_A_Combined_Data/Processed_HiresLowres_Split_Data/Processed_HiresLowres_All/masks/sub-r004s001_ses-1_lesion_mask_MNI_clean.nii.gz,train_hires,False,290,-1.6370896942940643,13.064793299401353,0.033846518460877426,0.48902443051338196
train_low_quality,lowest_quality_522_of_non_hires_pool,ATLAS,sub-r027s017_ses-1,sub-r027s017,/home/rbielski/stroke_cleaned/ARC_ATLAS_Combined/A_A_Combined_Data/Processed_LowQualityTrain_Split_Data/train_low_quality/t1/sub-r027s017_ses-1_T1w_MNI_norm.nii.gz,/home/rbielski/stroke_cleaned/ARC_ATLAS_Combined/A_A_Combined_Data/Processed_LowQualityTrain_Split_Data/train_low_quality/masks/sub-r027s017_ses-1_lesion_mask_MNI_clean.nii.gz,/home/rbielski/stroke_cleaned/ARC_ATLAS_Combined/A_A_Combined_Data/Processed_HiresLowres_Split_Data/Processed_HiresLowres_All/t1/sub-r027s017_ses-1_T1w_MNI_norm.nii.gz,/home/rbielski/stroke_cleaned/ARC_ATLAS_Combined/A_A_Combined_Data/Processed_HiresLowres_Split_Data/Processed_HiresLowres_All/masks/sub-r027s017_ses-1_lesion_mask_MNI_clean.nii.gz,test_lores,False,291,-1.629670495617198,12.901106485926714,0.032723148246393934,0.46214014291763306
train_low_quality,lowest_quality_522_of_non_hires_pool,ATLAS,sub-r027s031_ses-1,sub-r027s031,/home/rbielski/stroke_cleaned/ARC_ATLAS_Combined/A_A_Combined_Data/Processed_LowQualityTrain_Split_Data/train_low_quality/t1/sub-r027s031_ses-1_T1w_MNI_norm.nii.gz,/home/rbielski/stroke_cleaned/ARC_ATLAS_Combined/A_A_Combined_Data/Processed_LowQualityTrain_Split_Data/train_low_quality/masks/sub-r027s031_ses-1_lesion_mask_MNI_clean.nii.gz,/home/rbielski/stroke_cleaned/ARC_ATLAS_Combined/A_A_Combined_Data/Processed_HiresLowres_Split_Data/Processed_HiresLowres_All/t1/sub-r027s031_ses-1_T1w_MNI_norm.nii.gz,/home/rbielski/stroke_cleaned/ARC_ATLAS_Combined/A_A_Combined_Data/Processed_HiresLowres_Split_Data/Processed_HiresLowres_All/masks/sub-r027s031_ses-1_lesion_mask_MNI_clean.nii.gz,train_hires,False,292,-1.626001657329549,13.157972643753483,0.03444032427304661,0.5172642469406128
train_low_quality,lowest_quality_522_of_non_hires_pool,ATLAS,sub-r034s039_ses-1,sub-r034s039,/home/rbielski/stroke_cleaned/ARC_ATLAS_Combined/A_A_Combined_Data/Processed_LowQualityTrain_Split_Data/train_low_quality/t1/sub-r034s039_ses-1_T1w_MNI_norm.nii.gz,/home/rbielski/stroke_cleaned/ARC_ATLAS_Combined/A_A_Combined_Data/Processed_LowQualityTrain_Split_Data/train_low_quality/masks/sub-r034s039_ses-1_lesion_mask_MNI_clean.nii.gz,/home/rbielski/stroke_cleaned/ARC_ATLAS_Combined/A_A_Combined_Data/Processed_HiresLowres_Split_Data/Processed_HiresLowres_All/t1/sub-r034s039_ses-1_T1w_MNI_norm.nii.gz,/home/rbielski/stroke_cleaned/ARC_ATLAS_Combined/A_A_Combined_Data/Processed_HiresLowres_Split_Data/Processed_HiresLowres_All/masks/sub-r034s039_ses-1_lesion_mask_MNI_clean.nii.gz,test_lores,False,293,-1.6258319934031216,12.984444208422383,0.03375372380387876,0.47317686676979065
train_low_quality,lowest_quality_522_of_non_hires_pool,ATLAS,sub-r035s005_ses-1,sub-r035s005,/home/rbielski/stroke_cleaned/ARC_ATLAS_Combined/A_A_Combined_Data/Processed_LowQualityTrain_Split_Data/train_low_quality/t1/sub-r035s005_ses-1_T1w_MNI_norm.nii.gz,/home/rbielski/stroke_cleaned/ARC_ATLAS_Combined/A_A_Combined_Data/Processed_LowQualityTrain_Split_Data/train_low_quality/masks/sub-r035s005_ses-1_lesion_mask_MNI_clean.nii.gz,/home/rbielski/stroke_cleaned/ARC_ATLAS_Combined/A_A_Combined_Data/Processed_HiresLowres_Split_Data/Processed_HiresLowres_All/t1/sub-r035s005_ses-1_T1w_MNI_norm.nii.gz,/home/rbielski/stroke_cleaned/ARC_ATLAS_Combined/A_A_Combined_Data/Processed_HiresLowres_Split_Data/Processed_HiresLowres_All/masks/sub-r035s005_ses-1_lesion_mask_MNI_clean.nii.gz,train_hires,False,294,-1.6196343003724025,14.210751746363506,0.04637089217647449,0.644013524055481
train_low_quality,lowest_quality_522_of_non_hires_pool,ATLAS,sub-r009s044_ses-1,sub-r009s044,/home/rbielski/stroke_cleaned/ARC_ATLAS_Combined/A_A_Combined_Data/Processed_LowQualityTrain_Split_Data/train_low_quality/t1/sub-r009s044_ses-1_T1w_MNI_norm.nii.gz,/home/rbielski/stroke_cleaned/ARC_ATLAS_Combined/A_A_Combined_Data/Processed_LowQualityTrain_Split_Data/train_low_quality/masks/sub-r009s044_ses-1_lesion_mask_MNI_clean.nii.gz,/home/rbielski/stroke_cleaned/ARC_ATLAS_Combined/A_A_Combined_Data/Processed_HiresLowres_Split_Data/Processed_HiresLowres_All/t1/sub-r009s044_ses-1_T1w_MNI_norm.nii.gz,/home/rbielski/stroke_cleaned/ARC_ATLAS_Combined/A_A_Combined_Data/Processed_HiresLowres_Split_Data/Processed_HiresLowres_All/masks/sub-r009s044_ses-1_lesion_mask_MNI_clean.nii.gz,test_lores,False,295,-1.618971357925888,13.065109975786378,0.034448012775936704,0.4920632839202881
train_low_quality,lowest_quality_522_of_non_hires_pool,ATLAS,sub-r040s044_ses-1,sub-r040s044,/home/rbielski/stroke_cleaned/ARC_ATLAS_Combined/A_A_Combined_Data/Processed_LowQualityTrain_Split_Data/train_low_quality/t1/sub-r040s044_ses-1_T1w_MNI_norm.nii.gz,/home/rbielski/stroke_cleaned/ARC_ATLAS_Combined/A_A_Combined_Data/Processed_LowQualityTrain_Split_Data/train_low_quality/masks/sub-r040s044_ses-1_lesion_mask_MNI_clean.nii.gz,/home/rbielski/stroke_cleaned/ARC_ATLAS_Combined/A_A_Combined_Data/Processed_HiresLowres_Split_Data/Processed_HiresLowres_All/t1/sub-r040s044_ses-1_T1w_MNI_norm.nii.gz,/home/rbielski/stroke_cleaned/ARC_ATLAS_Combined/A_A_Combined_Data/Processed_HiresLowres_Split_Data/Processed_HiresLowres_All/masks/sub-r040s044_ses-1_lesion_mask_MNI_clean.nii.gz,train_hires,False,296,-1.6167602165146047,13.248193860905936,0.036235536751427044,0.5203979015350342
train_low_quality,lowest_quality_522_of_non_hires_pool,ATLAS,sub-r052s014_ses-1,sub-r052s014,/home/rbielski/stroke_cleaned/ARC_ATLAS_Combined/A_A_Combined_Data/Processed_LowQualityTrain_Split_Data/train_low_quality/t1/sub-r052s014_ses-1_T1w_MNI_norm.nii.gz,/home/rbielski/stroke_cleaned/ARC_ATLAS_Combined/A_A_Combined_Data/Processed_LowQualityTrain_Split_Data/train_low_quality/masks/sub-r052s014_ses-1_lesion_mask_MNI_clean.nii.gz,/home/rbielski/stroke_cleaned/ARC_ATLAS_Combined/A_A_Combined_Data/Processed_HiresLowres_Split_Data/Processed_HiresLowres_All/t1/sub-r052s014_ses-1_T1w_MNI_norm.nii.gz,/home/rbielski/stroke_cleaned/ARC_ATLAS_Combined/A_A_Combined_Data/Processed_HiresLowres_Split_Data/Processed_HiresLowres_All/masks/sub-r052s014_ses-1_lesion_mask_MNI_clean.nii.gz,test_lores,False,297,-1.6160053521828561,13.622768198632643,0.042803386223577204,0.5204592943191528
train_low_quality,lowest_quality_522_of_non_hires_pool,ATLAS,sub-r009s012_ses-1,sub-r009s012,/home/rbielski/stroke_cleaned/ARC_ATLAS_Combined/A_A_Combined_Data/Processed_LowQualityTrain_Split_Data/train_low_quality/t1/sub-r009s012_ses-1_T1w_MNI_norm.nii.gz,/home/rbielski/stroke_cleaned/ARC_ATLAS_Combined/A_A_Combined_Data/Processed_LowQualityTrain_Split_Data/train_low_quality/masks/sub-r009s012_ses-1_lesion_mask_MNI_clean.nii.gz,/home/rbielski/stroke_cleaned/ARC_ATLAS_Combined/A_A_Combined_Data/Processed_HiresLowres_Split_Data/Processed_HiresLowres_All/t1/sub-r009s012_ses-1_T1w_MNI_norm.nii.gz,/home/rbielski/stroke_cleaned/ARC_ATLAS_Combined/A_A_Combined_Data/Processed_HiresLowres_Split_Data/Processed_HiresLowres_All/masks/sub-r009s012_ses-1_lesion_mask_MNI_clean.nii.gz,train_hires,False,298,-1.6082424791856311,12.942520957363431,0.034007032980001226,0.46845170855522156
train_low_quality,lowest_quality_522_of_non_hires_pool,ATLAS,sub-r040s004_ses-1,sub-r040s004,/home/rbielski/stroke_cleaned/ARC_ATLAS_Combined/A_A_Combined_Data/Processed_LowQualityTrain_Split_Data/train_low_quality/t1/sub-r040s004_ses-1_T1w_MNI_norm.nii.gz,/home/rbielski/stroke_cleaned/ARC_ATLAS_Combined/A_A_Combined_Data/Processed_LowQualityTrain_Split_Data/train_low_quality/masks/sub-r040s004_ses-1_lesion_mask_MNI_clean.nii.gz,/home/rbielski/stroke_cleaned/ARC_ATLAS_Combined/A_A_Combined_Data/Processed_HiresLowres_Split_Data/Processed_HiresLowres_All/t1/sub-r040s004_ses-1_T1w_MNI_norm.nii.gz,/home/rbielski/stroke_cleaned/ARC_ATLAS_Combined/A_A_Combined_Data/Processed_HiresLowres_Split_Data/Processed_HiresLowres_All/masks/sub-r040s004_ses-1_lesion_mask_MNI_clean.nii.gz,test_lores,False,299,-1.6061242643060245,13.559707400611797,0.03926521593560378,0.5742508172988892
train_low_quality,lowest_quality_522_of_non_hires_pool,ATLAS,sub-r011s017_ses-1,sub-r011s017,/home/rbielski/stroke_cleaned/ARC_ATLAS_Combined/A_A_Combined_Data/Processed_LowQualityTrain_Split_Data/train_low_quality/t1/sub-r011s017_ses-1_T1w_MNI_norm.nii.gz,/home/rbielski/stroke_cleaned/ARC_ATLAS_Combined/A_A_Combined_Data/Processed_LowQualityTrain_Split_Data/train_low_quality/masks/sub-r011s017_ses-1_lesion_mask_MNI_clean.nii.gz,/home/rbielski/stroke_cleaned/ARC_ATLAS_Combined/A_A_Combined_Data/Processed_HiresLowres_Split_Data/Processed_HiresLowres_All/t1/sub-r011s017_ses-1_T1w_MNI_norm.nii.gz,/home/rbielski/stroke_cleaned/ARC_ATLAS_Combined/A_A_Combined_Data/Processed_HiresLowres_Split_Data/Processed_HiresLowres_All/masks/sub-r011s017_ses-1_lesion_mask_MNI_clean.nii.gz,train_hires,False,300,-1.5987058445062128,14.107921992537591,0.0457606352770703,0.6381506323814392
train_low_quality,lowest_quality_522_of_non_hires_pool,ATLAS,sub-r040s078_ses-1,sub-r040s078,/home/rbielski/stroke_cleaned/ARC_ATLAS_Combined/A_A_Combined_Data/Processed_LowQualityTrain_Split_Data/train_low_quality/t1/sub-r040s078_ses-1_T1w_MNI_norm.nii.gz,/home/rbielski/stroke_cleaned/ARC_ATLAS_Combined/A_A_Combined_Data/Processed_LowQualityTrain_Split_Data/train_low_quality/masks/sub-r040s078_ses-1_lesion_mask_MNI_clean.nii.gz,/home/rbielski/stroke_cleaned/ARC_ATLAS_Combined/A_A_Combined_Data/Processed_HiresLowres_Split_Data/Processed_HiresLowres_All/t1/sub-r040s078_ses-1_T1w_MNI_norm.nii.gz,/home/rbielski/stroke_cleaned/ARC_ATLAS_Combined/A_A_Combined_Data/Processed_HiresLowres_Split_Data/Processed_HiresLowres_All/masks/sub-r040s078_ses-1_lesion_mask_MNI_clean.nii.gz,test_lores,False,301,-1.5959420447967867,13.495060827480968,0.03864756352809301,0.5726355314254761
train_low_quality,lowest_quality_522_of_non_hires_pool,ATLAS,sub-r031s030_ses-1,sub-r031s030,/home/rbielski/stroke_cleaned/ARC_ATLAS_Combined/A_A_Combined_Data/Processed_LowQualityTrain_Split_Data/train_low_quality/t1/sub-r031s030_ses-1_T1w_MNI_norm.nii.gz,/home/rbielski/stroke_cleaned/ARC_ATLAS_Combined/A_A_Combined_Data/Processed_LowQualityTrain_Split_Data/train_low_quality/masks/sub-r031s030_ses-1_lesion_mask_MNI_clean.nii.gz,/home/rbielski/stroke_cleaned/ARC_ATLAS_Combined/A_A_Combined_Data/Processed_HiresLowres_Split_Data/Processed_HiresLowres_All/t1/sub-r031s030_ses-1_T1w_MNI_norm.nii.gz,/home/rbielski/stroke_cleaned/ARC_ATLAS_Combined/A_A_Combined_Data/Processed_HiresLowres_Split_Data/Processed_HiresLowres_All/masks/sub-r031s030_ses-1_lesion_mask_MNI_clean.nii.gz,test_lores,False,302,-1.5958583553190238,13.116183442722223,0.03510677741924218,0.514684796333313
train_low_quality,lowest_quality_522_of_non_hires_pool,ATLAS,sub-r040s059_ses-1,sub-r040s059,/home/rbielski/stroke_cleaned/ARC_ATLAS_Combined/A_A_Combined_Data/Processed_LowQualityTrain_Split_Data/train_low_quality/t1/sub-r040s059_ses-1_T1w_MNI_norm.nii.gz,/home/rbielski/stroke_cleaned/ARC_ATLAS_Combined/A_A_Combined_Data/Processed_LowQualityTrain_Split_Data/train_low_quality/masks/sub-r040s059_ses-1_lesion_mask_MNI_clean.nii.gz,/home/rbielski/stroke_cleaned/ARC_ATLAS_Combined/A_A_Combined_Data/Processed_HiresLowres_Split_Data/Processed_HiresLowres_All/t1/sub-r040s059_ses-1_T1w_MNI_norm.nii.gz,/home/rbielski/stroke_cleaned/ARC_ATLAS_Combined/A_A_Combined_Data/Processed_HiresLowres_Split_Data/Processed_HiresLowres_All/masks/sub-r040s059_ses-1_lesion_mask_MNI_clean.nii.gz,test_lores,False,303,-1.5953371090911075,13.213928652536596,0.03632689511046686,0.5242757797241211
train_low_quality,lowest_quality_522_of_non_hires_pool,ATLAS,sub-r038s021_ses-1,sub-r038s021,/home/rbielski/stroke_cleaned/ARC_ATLAS_Combined/A_A_Combined_Data/Processed_LowQualityTrain_Split_Data/train_low_quality/t1/sub-r038s021_ses-1_T1w_MNI_norm.nii.gz,/home/rbielski/stroke_cleaned/ARC_ATLAS_Combined/A_A_Combined_Data/Processed_LowQualityTrain_Split_Data/train_low_quality/masks/sub-r038s021_ses-1_lesion_mask_MNI_clean.nii.gz,/home/rbielski/stroke_cleaned/ARC_ATLAS_Combined/A_A_Combined_Data/Processed_HiresLowres_Split_Data/Processed_HiresLowres_All/t1/sub-r038s021_ses-1_T1w_MNI_norm.nii.gz,/home/rbielski/stroke_cleaned/ARC_ATLAS_Combined/A_A_Combined_Data/Processed_HiresLowres_Split_Data/Processed_HiresLowres_All/masks/sub-r038s021_ses-1_lesion_mask_MNI_clean.nii.gz,train_hires,False,304,-1.5889825920569596,12.740573840874992,0.03106720931992348,0.4725806713104248
train_low_quality,lowest_quality_522_of_non_hires_pool,ATLAS,sub-r004s015_ses-1,sub-r004s015,/home/rbielski/stroke_cleaned/ARC_ATLAS_Combined/A_A_Combined_Data/Processed_LowQualityTrain_Split_Data/train_low_quality/t1/sub-r004s015_ses-1_T1w_MNI_norm.nii.gz,/home/rbielski/stroke_cleaned/ARC_ATLAS_Combined/A_A_Combined_Data/Processed_LowQualityTrain_Split_Data/train_low_quality/masks/sub-r004s015_ses-1_lesion_mask_MNI_clean.nii.gz,/home/rbielski/stroke_cleaned/ARC_ATLAS_Combined/A_A_Combined_Data/Processed_HiresLowres_Split_Data/Processed_HiresLowres_All/t1/sub-r004s015_ses-1_T1w_MNI_norm.nii.gz,/home/rbielski/stroke_cleaned/ARC_ATLAS_Combined/A_A_Combined_Data/Processed_HiresLowres_Split_Data/Processed_HiresLowres_All/masks/sub-r004s015_ses-1_lesion_mask_MNI_clean.nii.gz,train_hires,False,305,-1.579163736396021,13.08854652088704,0.03557423755018833,0.5099196434020996
train_low_quality,lowest_quality_522_of_non_hires_pool,ATLAS,sub-r040s032_ses-1,sub-r040s032,/home/rbielski/stroke_cleaned/ARC_ATLAS_Combined/A_A_Combined_Data/Processed_LowQualityTrain_Split_Data/train_low_quality/t1/sub-r040s032_ses-1_T1w_MNI_norm.nii.gz,/home/rbielski/stroke_cleaned/ARC_ATLAS_Combined/A_A_Combined_Data/Processed_LowQualityTrain_Split_Data/train_low_quality/masks/sub-r040s032_ses-1_lesion_mask_MNI_clean.nii.gz,/home/rbielski/stroke_cleaned/ARC_ATLAS_Combined/A_A_Combined_Data/Processed_HiresLowres_Split_Data/Processed_HiresLowres_All/t1/sub-r040s032_ses-1_T1w_MNI_norm.nii.gz,/home/rbielski/stroke_cleaned/ARC_ATLAS_Combined/A_A_Combined_Data/Processed_HiresLowres_Split_Data/Processed_HiresLowres_All/masks/sub-r040s032_ses-1_lesion_mask_MNI_clean.nii.gz,test_lores,False,306,-1.5744730800679958,12.679441794643399,0.030999957159962357,0.4651474952697754
train_low_quality,lowest_quality_522_of_non_hires_pool,ATLAS,sub-r027s001_ses-1,sub-r027s001,/home/rbielski/stroke_cleaned/ARC_ATLAS_Combined/A_A_Combined_Data/Processed_LowQualityTrain_Split_Data/train_low_quality/t1/sub-r027s001_ses-1_T1w_MNI_norm.nii.gz,/home/rbielski/stroke_cleaned/ARC_ATLAS_Combined/A_A_Combined_Data/Processed_LowQualityTrain_Split_Data/train_low_quality/masks/sub-r027s001_ses-1_lesion_mask_MNI_clean.nii.gz,/home/rbielski/stroke_cleaned/ARC_ATLAS_Combined/A_A_Combined_Data/Processed_HiresLowres_Split_Data/Processed_HiresLowres_All/t1/sub-r027s001_ses-1_T1w_MNI_norm.nii.gz,/home/rbielski/stroke_cleaned/ARC_ATLAS_Combined/A_A_Combined_Data/Processed_HiresLowres_Split_Data/Processed_HiresLowres_All/masks/sub-r027s001_ses-1_lesion_mask_MNI_clean.nii.gz,train_hires,False,307,-1.5728276246816923,13.492924524411452,0.03938893225447112,0.5761657357215881
train_low_quality,lowest_quality_522_of_non_hires_pool,ATLAS,sub-r003s004_ses-1,sub-r003s004,/home/rbielski/stroke_cleaned/ARC_ATLAS_Combined/A_A_Combined_Data/Processed_LowQualityTrain_Split_Data/train_low_quality/t1/sub-r003s004_ses-1_T1w_MNI_norm.nii.gz,/home/rbielski/stroke_cleaned/ARC_ATLAS_Combined/A_A_Combined_Data/Processed_LowQualityTrain_Split_Data/train_low_quality/masks/sub-r003s004_ses-1_lesion_mask_MNI_clean.nii.gz,/home/rbielski/stroke_cleaned/ARC_ATLAS_Combined/A_A_Combined_Data/Processed_HiresLowres_Split_Data/Processed_HiresLowres_All/t1/sub-r003s004_ses-1_T1w_MNI_norm.nii.gz,/home/rbielski/stroke_cleaned/ARC_ATLAS_Combined/A_A_Combined_Data/Processed_HiresLowres_Split_Data/Processed_HiresLowres_All/masks/sub-r003s004_ses-1_lesion_mask_MNI_clean.nii.gz,train_hires,False,308,-1.5702309246282191,12.786362197433647,0.03271934911004868,0.47127264738082886
train_low_quality,lowest_quality_522_of_non_hires_pool,ATLAS,sub-r024s018_ses-1,sub-r024s018,/home/rbielski/stroke_cleaned/ARC_ATLAS_Combined/A_A_Combined_Data/Processed_LowQualityTrain_Split_Data/train_low_quality/t1/sub-r024s018_ses-1_T1w_MNI_norm.nii.gz,/home/rbielski/stroke_cleaned/ARC_ATLAS_Combined/A_A_Combined_Data/Processed_LowQualityTrain_Split_Data/train_low_quality/masks/sub-r024s018_ses-1_lesion_mask_MNI_clean.nii.gz,/home/rbielski/stroke_cleaned/ARC_ATLAS_Combined/A_A_Combined_Data/Processed_HiresLowres_Split_Data/Processed_HiresLowres_All/t1/sub-r024s018_ses-1_T1w_MNI_norm.nii.gz,/home/rbielski/stroke_cleaned/ARC_ATLAS_Combined/A_A_Combined_Data/Processed_HiresLowres_Split_Data/Processed_HiresLowres_All/masks/sub-r024s018_ses-1_lesion_mask_MNI_clean.nii.gz,train_hires,False,309,-1.5693337764183943,13.405058283938354,0.03846754922553698,0.5673577785491943
train_low_quality,lowest_quality_522_of_non_hires_pool,ATLAS,sub-r040s015_ses-1,sub-r040s015,/home/rbielski/stroke_cleaned/ARC_ATLAS_Combined/A_A_Combined_Data/Processed_LowQualityTrain_Split_Data/train_low_quality/t1/sub-r040s015_ses-1_T1w_MNI_norm.nii.gz,/home/rbielski/stroke_cleaned/ARC_ATLAS_Combined/A_A_Combined_Data/Processed_LowQualityTrain_Split_Data/train_low_quality/masks/sub-r040s015_ses-1_lesion_mask_MNI_clean.nii.gz,/home/rbielski/stroke_cleaned/ARC_ATLAS_Combined/A_A_Combined_Data/Processed_HiresLowres_Split_Data/Processed_HiresLowres_All/t1/sub-r040s015_ses-1_T1w_MNI_norm.nii.gz,/home/rbielski/stroke_cleaned/ARC_ATLAS_Combined/A_A_Combined_Data/Processed_HiresLowres_Split_Data/Processed_HiresLowres_All/masks/sub-r040s015_ses-1_lesion_mask_MNI_clean.nii.gz,test_lores,False,310,-1.5642578385986323,13.275572354510382,0.03724671523057598,0.5517349243164062
train_low_quality,lowest_quality_522_of_non_hires_pool,ATLAS,sub-r023s007_ses-1,sub-r023s007,/home/rbielski/stroke_cleaned/ARC_ATLAS_Combined/A_A_Combined_Data/Processed_LowQualityTrain_Split_Data/train_low_quality/t1/sub-r023s007_ses-1_T1w_MNI_norm.nii.gz,/home/rbielski/stroke_cleaned/ARC_ATLAS_Combined/A_A_Combined_Data/Processed_LowQualityTrain_Split_Data/train_low_quality/masks/sub-r023s007_ses-1_lesion_mask_MNI_clean.nii.gz,/home/rbielski/stroke_cleaned/ARC_ATLAS_Combined/A_A_Combined_Data/Processed_HiresLowres_Split_Data/Processed_HiresLowres_All/t1/sub-r023s007_ses-1_T1w_MNI_norm.nii.gz,/home/rbielski/stroke_cleaned/ARC_ATLAS_Combined/A_A_Combined_Data/Processed_HiresLowres_Split_Data/Processed_HiresLowres_All/masks/sub-r023s007_ses-1_lesion_mask_MNI_clean.nii.gz,test_lores,False,311,-1.5590243407051978,13.172944383947902,0.036791202977043296,0.5306417346000671
train_low_quality,lowest_quality_522_of_non_hires_pool,ATLAS,sub-r040s069_ses-1,sub-r040s069,/home/rbielski/stroke_cleaned/ARC_ATLAS_Combined/A_A_Combined_Data/Processed_LowQualityTrain_Split_Data/train_low_quality/t1/sub-r040s069_ses-1_T1w_MNI_norm.nii.gz,/home/rbielski/stroke_cleaned/ARC_ATLAS_Combined/A_A_Combined_Data/Processed_LowQualityTrain_Split_Data/train_low_quality/masks/sub-r040s069_ses-1_lesion_mask_MNI_clean.nii.gz,/home/rbielski/stroke_cleaned/ARC_ATLAS_Combined/A_A_Combined_Data/Processed_HiresLowres_Split_Data/Processed_HiresLowres_All/t1/sub-r040s069_ses-1_T1w_MNI_norm.nii.gz,/home/rbielski/stroke_cleaned/ARC_ATLAS_Combined/A_A_Combined_Data/Processed_HiresLowres_Split_Data/Processed_HiresLowres_All/masks/sub-r040s069_ses-1_lesion_mask_MNI_clean.nii.gz,test_lores,False,313,-1.553550508813039,13.11024741410981,0.03627519256545669,0.5240377187728882
train_low_quality,lowest_quality_522_of_non_hires_pool,ATLAS,sub-r004s034_ses-1,sub-r004s034,/home/rbielski/stroke_cleaned/ARC_ATLAS_Combined/A_A_Combined_Data/Processed_LowQualityTrain_Split_Data/train_low_quality/t1/sub-r004s034_ses-1_T1w_MNI_norm.nii.gz,/home/rbielski/stroke_cleaned/ARC_ATLAS_Combined/A_A_Combined_Data/Processed_LowQualityTrain_Split_Data/train_low_quality/masks/sub-r004s034_ses-1_lesion_mask_MNI_clean.nii.gz,/home/rbielski/stroke_cleaned/ARC_ATLAS_Combined/A_A_Combined_Data/Processed_HiresLowres_Split_Data/Processed_HiresLowres_All/t1/sub-r004s034_ses-1_T1w_MNI_norm.nii.gz,/home/rbielski/stroke_cleaned/ARC_ATLAS_Combined/A_A_Combined_Data/Processed_HiresLowres_Split_Data/Processed_HiresLowres_All/masks/sub-r004s034_ses-1_lesion_mask_MNI_clean.nii.gz,train_hires,False,314,-1.541502393867018,13.050502429138973,0.035967114697934156,0.5196660161018372
train_low_quality,lowest_quality_522_of_non_hires_pool,ATLAS,sub-r009s089_ses-1,sub-r009s089,/home/rbielski/stroke_cleaned/ARC_ATLAS_Combined/A_A_Combined_Data/Processed_LowQualityTrain_Split_Data/train_low_quality/t1/sub-r009s089_ses-1_T1w_MNI_norm.nii.gz,/home/rbielski/stroke_cleaned/ARC_ATLAS_Combined/A_A_Combined_Data/Processed_LowQualityTrain_Split_Data/train_low_quality/masks/sub-r009s089_ses-1_lesion_mask_MNI_clean.nii.gz,/home/rbielski/stroke_cleaned/ARC_ATLAS_Combined/A_A_Combined_Data/Processed_HiresLowres_Split_Data/Processed_HiresLowres_All/t1/sub-r009s089_ses-1_T1w_MNI_norm.nii.gz,/home/rbielski/stroke_cleaned/ARC_ATLAS_Combined/A_A_Combined_Data/Processed_HiresLowres_Split_Data/Processed_HiresLowres_All/masks/sub-r009s089_ses-1_lesion_mask_MNI_clean.nii.gz,train_hires,False,317,-1.5301235039040308,12.549120987023802,0.03183961133140241,0.44132891297340393
train_low_quality,lowest_quality_522_of_non_hires_pool,ATLAS,sub-r024s005_ses-1,sub-r024s005,/home/rbielski/stroke_cleaned/ARC_ATLAS_Combined/A_A_Combined_Data/Processed_LowQualityTrain_Split_Data/train_low_quality/t1/sub-r024s005_ses-1_T1w_MNI_norm.nii.gz,/home/rbielski/stroke_cleaned/ARC_ATLAS_Combined/A_A_Combined_Data/Processed_LowQualityTrain_Split_Data/train_low_quality/masks/sub-r024s005_ses-1_lesion_mask_MNI_clean.nii.gz,/home/rbielski/stroke_cleaned/ARC_ATLAS_Combined/A_A_Combined_Data/Processed_HiresLowres_Split_Data/Processed_HiresLowres_All/t1/sub-r024s005_ses-1_T1w_MNI_norm.nii.gz,/home/rbielski/stroke_cleaned/ARC_ATLAS_Combined/A_A_Combined_Data/Processed_HiresLowres_Split_Data/Processed_HiresLowres_All/masks/sub-r024s005_ses-1_lesion_mask_MNI_clean.nii.gz,train_hires,False,319,-1.5152242151143276,13.776013317666797,0.04575638792437126,0.5946910977363586
train_low_quality,lowest_quality_522_of_non_hires_pool,ATLAS,sub-r027s013_ses-1,sub-r027s013,/home/rbielski/stroke_cleaned/ARC_ATLAS_Combined/A_A_Combined_Data/Processed_LowQualityTrain_Split_Data/train_low_quality/t1/sub-r027s013_ses-1_T1w_MNI_norm.nii.gz,/home/rbielski/stroke_cleaned/ARC_ATLAS_Combined/A_A_Combined_Data/Processed_LowQualityTrain_Split_Data/train_low_quality/masks/sub-r027s013_ses-1_lesion_mask_MNI_clean.nii.gz,/home/rbielski/stroke_cleaned/ARC_ATLAS_Combined/A_A_Combined_Data/Processed_HiresLowres_Split_Data/Processed_HiresLowres_All/t1/sub-r027s013_ses-1_T1w_MNI_norm.nii.gz,/home/rbielski/stroke_cleaned/ARC_ATLAS_Combined/A_A_Combined_Data/Processed_HiresLowres_Split_Data/Processed_HiresLowres_All/masks/sub-r027s013_ses-1_lesion_mask_MNI_clean.nii.gz,train_hires,False,320,-1.5087321348356235,13.060670000827946,0.03691104698934558,0.5310413837432861
train_low_quality,lowest_quality_522_of_non_hires_pool,ATLAS,sub-r040s056_ses-1,sub-r040s056,/home/rbielski/stroke_cleaned/ARC_ATLAS_Combined/A_A_Combined_Data/Processed_LowQualityTrain_Split_Data/train_low_quality/t1/sub-r040s056_ses-1_T1w_MNI_norm.nii.gz,/home/rbielski/stroke_cleaned/ARC_ATLAS_Combined/A_A_Combined_Data/Processed_LowQualityTrain_Split_Data/train_low_quality/masks/sub-r040s056_ses-1_lesion_mask_MNI_clean.nii.gz,/home/rbielski/stroke_cleaned/ARC_ATLAS_Combined/A_A_Combined_Data/Processed_HiresLowres_Split_Data/Processed_HiresLowres_All/t1/sub-r040s056_ses-1_T1w_MNI_norm.nii.gz,/home/rbielski/stroke_cleaned/ARC_ATLAS_Combined/A_A_Combined_Data/Processed_HiresLowres_Split_Data/Processed_HiresLowres_All/masks/sub-r040s056_ses-1_lesion_mask_MNI_clean.nii.gz,train_hires,False,321,-1.5030456352287487,12.894387307785538,0.03547201144824056,0.5078932642936707
train_low_quality,lowest_quality_522_of_non_hires_pool,ATLAS,sub-r005s031_ses-1,sub-r005s031,/home/rbielski/stroke_cleaned/ARC_ATLAS_Combined/A_A_Combined_Data/Processed_LowQualityTrain_Split_Data/train_low_quality/t1/sub-r005s031_ses-1_T1w_MNI_norm.nii.gz,/home/rbielski/stroke_cleaned/ARC_ATLAS_Combined/A_A_Combined_Data/Processed_LowQualityTrain_Split_Data/train_low_quality/masks/sub-r005s031_ses-1_lesion_mask_MNI_clean.nii.gz,/home/rbielski/stroke_cleaned/ARC_ATLAS_Combined/A_A_Combined_Data/Processed_HiresLowres_Split_Data/Processed_HiresLowres_All/t1/sub-r005s031_ses-1_T1w_MNI_norm.nii.gz,/home/rbielski/stroke_cleaned/ARC_ATLAS_Combined/A_A_Combined_Data/Processed_HiresLowres_Split_Data/Processed_HiresLowres_All/masks/sub-r005s031_ses-1_lesion_mask_MNI_clean.nii.gz,train_hires,False,322,-1.500766987928797,12.72060783597151,0.03337195941111075,0.49206361174583435
train_low_quality,lowest_quality_522_of_non_hires_pool,ATLAS,sub-r011s013_ses-1,sub-r011s013,/home/rbielski/stroke_cleaned/ARC_ATLAS_Combined/A_A_Combined_Data/Processed_LowQualityTrain_Split_Data/train_low_quality/t1/sub-r011s013_ses-1_T1w_MNI_norm.nii.gz,/home/rbielski/stroke_cleaned/ARC_ATLAS_Combined/A_A_Combined_Data/Processed_LowQualityTrain_Split_Data/train_low_quality/masks/sub-r011s013_ses-1_lesion_mask_MNI_clean.nii.gz,/home/rbielski/stroke_cleaned/ARC_ATLAS_Combined/A_A_Combined_Data/Processed_HiresLowres_Split_Data/Processed_HiresLowres_All/t1/sub-r011s013_ses-1_T1w_MNI_norm.nii.gz,/home/rbielski/stroke_cleaned/ARC_ATLAS_Combined/A_A_Combined_Data/Processed_HiresLowres_Split_Data/Processed_HiresLowres_All/masks/sub-r011s013_ses-1_lesion_mask_MNI_clean.nii.gz,train_hires,False,323,-1.5005916564279795,13.570495087505751,0.042042718184007184,0.6086000204086304
train_low_quality,lowest_quality_522_of_non_hires_pool,ATLAS,sub-r010s013_ses-1,sub-r010s013,/home/rbielski/stroke_cleaned/ARC_ATLAS_Combined/A_A_Combined_Data/Processed_LowQualityTrain_Split_Data/train_low_quality/t1/sub-r010s013_ses-1_T1w_MNI_norm.nii.gz,/home/rbielski/stroke_cleaned/ARC_ATLAS_Combined/A_A_Combined_Data/Processed_LowQualityTrain_Split_Data/train_low_quality/masks/sub-r010s013_ses-1_lesion_mask_MNI_clean.nii.gz,/home/rbielski/stroke_cleaned/ARC_ATLAS_Combined/A_A_Combined_Data/Processed_HiresLowres_Split_Data/Processed_HiresLowres_All/t1/sub-r010s013_ses-1_T1w_MNI_norm.nii.gz,/home/rbielski/stroke_cleaned/ARC_ATLAS_Combined/A_A_Combined_Data/Processed_HiresLowres_Split_Data/Processed_HiresLowres_All/masks/sub-r010s013_ses-1_lesion_mask_MNI_clean.nii.gz,train_hires,False,324,-1.4999044343422632,13.4282459124031,0.04222741845315902,0.5587828159332275
train_low_quality,lowest_quality_522_of_non_hires_pool,ATLAS,sub-r040s046_ses-1,sub-r040s046,/home/rbielski/stroke_cleaned/ARC_ATLAS_Combined/A_A_Combined_Data/Processed_LowQualityTrain_Split_Data/train_low_quality/t1/sub-r040s046_ses-1_T1w_MNI_norm.nii.gz,/home/rbielski/stroke_cleaned/ARC_ATLAS_Combined/A_A_Combined_Data/Processed_LowQualityTrain_Split_Data/train_low_quality/masks/sub-r040s046_ses-1_lesion_mask_MNI_clean.nii.gz,/home/rbielski/stroke_cleaned/ARC_ATLAS_Combined/A_A_Combined_Data/Processed_HiresLowres_Split_Data/Processed_HiresLowres_All/t1/sub-r040s046_ses-1_T1w_MNI_norm.nii.gz,/home/rbielski/stroke_cleaned/ARC_ATLAS_Combined/A_A_Combined_Data/Processed_HiresLowres_Split_Data/Processed_HiresLowres_All/masks/sub-r040s046_ses-1_lesion_mask_MNI_clean.nii.gz,train_hires,False,325,-1.4885266383175546,13.635149443338983,0.042382845494492026,0.6329987645149231
train_low_quality,lowest_quality_522_of_non_hires_pool,ATLAS,sub-r031s023_ses-1,sub-r031s023,/home/rbielski/stroke_cleaned/ARC_ATLAS_Combined/A_A_Combined_Data/Processed_LowQualityTrain_Split_Data/train_low_quality/t1/sub-r031s023_ses-1_T1w_MNI_norm.nii.gz,/home/rbielski/stroke_cleaned/ARC_ATLAS_Combined/A_A_Combined_Data/Processed_LowQualityTrain_Split_Data/train_low_quality/masks/sub-r031s023_ses-1_lesion_mask_MNI_clean.nii.gz,/home/rbielski/stroke_cleaned/ARC_ATLAS_Combined/A_A_Combined_Data/Processed_HiresLowres_Split_Data/Processed_HiresLowres_All/t1/sub-r031s023_ses-1_T1w_MNI_norm.nii.gz,/home/rbielski/stroke_cleaned/ARC_ATLAS_Combined/A_A_Combined_Data/Processed_HiresLowres_Split_Data/Processed_HiresLowres_All/masks/sub-r031s023_ses-1_lesion_mask_MNI_clean.nii.gz,train_hires,False,327,-1.486315689060436,12.870241433376076,0.036256674276818446,0.49831944704055786
train_low_quality,lowest_quality_522_of_non_hires_pool,ATLAS,sub-r052s010_ses-1,sub-r052s010,/home/rbielski/stroke_cleaned/ARC_ATLAS_Combined/A_A_Combined_Data/Processed_LowQualityTrain_Split_Data/train_low_quality/t1/sub-r052s010_ses-1_T1w_MNI_norm.nii.gz,/home/rbielski/stroke_cleaned/ARC_ATLAS_Combined/A_A_Combined_Data/Processed_LowQualityTrain_Split_Data/train_low_quality/masks/sub-r052s010_ses-1_lesion_mask_MNI_clean.nii.gz,/home/rbielski/stroke_cleaned/ARC_ATLAS_Combined/A_A_Combined_Data/Processed_HiresLowres_Split_Data/Processed_HiresLowres_All/t1/sub-r052s010_ses-1_T1w_MNI_norm.nii.gz,/home/rbielski/stroke_cleaned/ARC_ATLAS_Combined/A_A_Combined_Data/Processed_HiresLowres_Split_Data/Processed_HiresLowres_All/masks/sub-r052s010_ses-1_lesion_mask_MNI_clean.nii.gz,test_lores,False,328,-1.48141430346535,12.847003840361847,0.03730876666646108,0.4746701419353485
train_low_quality,lowest_quality_522_of_non_hires_pool,ATLAS,sub-r003s001_ses-1,sub-r003s001,/home/rbielski/stroke_cleaned/ARC_ATLAS_Combined/A_A_Combined_Data/Processed_LowQualityTrain_Split_Data/train_low_quality/t1/sub-r003s001_ses-1_T1w_MNI_norm.nii.gz,/home/rbielski/stroke_cleaned/ARC_ATLAS_Combined/A_A_Combined_Data/Processed_LowQualityTrain_Split_Data/train_low_quality/masks/sub-r003s001_ses-1_lesion_mask_MNI_clean.nii.gz,/home/rbielski/stroke_cleaned/ARC_ATLAS_Combined/A_A_Combined_Data/Processed_HiresLowres_Split_Data/Processed_HiresLowres_All/t1/sub-r003s001_ses-1_T1w_MNI_norm.nii.gz,/home/rbielski/stroke_cleaned/ARC_ATLAS_Combined/A_A_Combined_Data/Processed_HiresLowres_Split_Data/Processed_HiresLowres_All/masks/sub-r003s001_ses-1_lesion_mask_MNI_clean.nii.gz,train_hires,False,329,-1.479616391473613,12.510882913935758,0.031843569591976775,0.46848124265670776
train_low_quality,lowest_quality_522_of_non_hires_pool,ATLAS,sub-r004s036_ses-1,sub-r004s036,/home/rbielski/stroke_cleaned/ARC_ATLAS_Combined/A_A_Combined_Data/Processed_LowQualityTrain_Split_Data/train_low_quality/t1/sub-r004s036_ses-1_T1w_MNI_norm.nii.gz,/home/rbielski/stroke_cleaned/ARC_ATLAS_Combined/A_A_Combined_Data/Processed_LowQualityTrain_Split_Data/train_low_quality/masks/sub-r004s036_ses-1_lesion_mask_MNI_clean.nii.gz,/home/rbielski/stroke_cleaned/ARC_ATLAS_Combined/A_A_Combined_Data/Processed_HiresLowres_Split_Data/Processed_HiresLowres_All/t1/sub-r004s036_ses-1_T1w_MNI_norm.nii.gz,/home/rbielski/stroke_cleaned/ARC_ATLAS_Combined/A_A_Combined_Data/Processed_HiresLowres_Split_Data/Processed_HiresLowres_All/masks/sub-r004s036_ses-1_lesion_mask_MNI_clean.nii.gz,train_hires,False,330,-1.4785213432545592,13.192183472200993,0.039827527120926846,0.5431538820266724
train_low_quality,lowest_quality_522_of_non_hires_pool,ATLAS,sub-r034s047_ses-1,sub-r034s047,/home/rbielski/stroke_cleaned/ARC_ATLAS_Combined/A_A_Combined_Data/Processed_LowQualityTrain_Split_Data/train_low_quality/t1/sub-r034s047_ses-1_T1w_MNI_norm.nii.gz,/home/rbielski/stroke_cleaned/ARC_ATLAS_Combined/A_A_Combined_Data/Processed_LowQualityTrain_Split_Data/train_low_quality/masks/sub-r034s047_ses-1_lesion_mask_MNI_clean.nii.gz,/home/rbielski/stroke_cleaned/ARC_ATLAS_Combined/A_A_Combined_Data/Processed_HiresLowres_Split_Data/Processed_HiresLowres_All/t1/sub-r034s047_ses-1_T1w_MNI_norm.nii.gz,/home/rbielski/stroke_cleaned/ARC_ATLAS_Combined/A_A_Combined_Data/Processed_HiresLowres_Split_Data/Processed_HiresLowres_All/masks/sub-r034s047_ses-1_lesion_mask_MNI_clean.nii.gz,train_hires,False,331,-1.4720543200027105,12.594134576923196,0.03279350748454399,0.48394775390625
train_low_quality,lowest_quality_522_of_non_hires_pool,ATLAS,sub-r004s035_ses-1,sub-r004s035,/home/rbielski/stroke_cleaned/ARC_ATLAS_Combined/A_A_Combined_Data/Processed_LowQualityTrain_Split_Data/train_low_quality/t1/sub-r004s035_ses-1_T1w_MNI_norm.nii.gz,/home/rbielski/stroke_cleaned/ARC_ATLAS_Combined/A_A_Combined_Data/Processed_LowQualityTrain_Split_Data/train_low_quality/masks/sub-r004s035_ses-1_lesion_mask_MNI_clean.nii.gz,/home/rbielski/stroke_cleaned/ARC_ATLAS_Combined/A_A_Combined_Data/Processed_HiresLowres_Split_Data/Processed_HiresLowres_All/t1/sub-r004s035_ses-1_T1w_MNI_norm.nii.gz,/home/rbielski/stroke_cleaned/ARC_ATLAS_Combined/A_A_Combined_Data/Processed_HiresLowres_Split_Data/Processed_HiresLowres_All/masks/sub-r004s035_ses-1_lesion_mask_MNI_clean.nii.gz,test_lores,False,332,-1.471793981788092,13.141209590266193,0.03872928748808362,0.5523902177810669
train_low_quality,lowest_quality_522_of_non_hires_pool,ATLAS,sub-r040s086_ses-1,sub-r040s086,/home/rbielski/stroke_cleaned/ARC_ATLAS_Combined/A_A_Combined_Data/Processed_LowQualityTrain_Split_Data/train_low_quality/t1/sub-r040s086_ses-1_T1w_MNI_norm.nii.gz,/home/rbielski/stroke_cleaned/ARC_ATLAS_Combined/A_A_Combined_Data/Processed_LowQualityTrain_Split_Data/train_low_quality/masks/sub-r040s086_ses-1_lesion_mask_MNI_clean.nii.gz,/home/rbielski/stroke_cleaned/ARC_ATLAS_Combined/A_A_Combined_Data/Processed_HiresLowres_Split_Data/Processed_HiresLowres_All/t1/sub-r040s086_ses-1_T1w_MNI_norm.nii.gz,/home/rbielski/stroke_cleaned/ARC_ATLAS_Combined/A_A_Combined_Data/Processed_HiresLowres_Split_Data/Processed_HiresLowres_All/masks/sub-r040s086_ses-1_lesion_mask_MNI_clean.nii.gz,test_lores,False,333,-1.4676643852210003,13.127340073023072,0.03797603418716117,0.5652932524681091
train_low_quality,lowest_quality_522_of_non_hires_pool,ATLAS,sub-r034s040_ses-1,sub-r034s040,/home/rbielski/stroke_cleaned/ARC_ATLAS_Combined/A_A_Combined_Data/Processed_LowQualityTrain_Split_Data/train_low_quality/t1/sub-r034s040_ses-1_T1w_MNI_norm.nii.gz,/home/rbielski/stroke_cleaned/ARC_ATLAS_Combined/A_A_Combined_Data/Processed_LowQualityTrain_Split_Data/train_low_quality/masks/sub-r034s040_ses-1_lesion_mask_MNI_clean.nii.gz,/home/rbielski/stroke_cleaned/ARC_ATLAS_Combined/A_A_Combined_Data/Processed_HiresLowres_Split_Data/Processed_HiresLowres_All/t1/sub-r034s040_ses-1_T1w_MNI_norm.nii.gz,/home/rbielski/stroke_cleaned/ARC_ATLAS_Combined/A_A_Combined_Data/Processed_HiresLowres_Split_Data/Processed_HiresLowres_All/masks/sub-r034s040_ses-1_lesion_mask_MNI_clean.nii.gz,test_lores,False,335,-1.4595820137322075,13.17632220046695,0.03902391909716244,0.5680291056632996
train_low_quality,lowest_quality_522_of_non_hires_pool,ATLAS,sub-r002s006_ses-1,sub-r002s006,/home/rbielski/stroke_cleaned/ARC_ATLAS_Combined/A_A_Combined_Data/Processed_LowQualityTrain_Split_Data/train_low_quality/t1/sub-r002s006_ses-1_T1w_MNI_norm.nii.gz,/home/rbielski/stroke_cleaned/ARC_ATLAS_Combined/A_A_Combined_Data/Processed_LowQualityTrain_Split_Data/train_low_quality/masks/sub-r002s006_ses-1_lesion_mask_MNI_clean.nii.gz,/home/rbielski/stroke_cleaned/ARC_ATLAS_Combined/A_A_Combined_Data/Processed_HiresLowres_Split_Data/Processed_HiresLowres_All/t1/sub-r002s006_ses-1_T1w_MNI_norm.nii.gz,/home/rbielski/stroke_cleaned/ARC_ATLAS_Combined/A_A_Combined_Data/Processed_HiresLowres_Split_Data/Processed_HiresLowres_All/masks/sub-r002s006_ses-1_lesion_mask_MNI_clean.nii.gz,train_hires,False,336,-1.4492877772577686,13.083478577276612,0.038796399281499055,0.5498474836349487
train_low_quality,lowest_quality_522_of_non_hires_pool,ATLAS,sub-r011s020_ses-1,sub-r011s020,/home/rbielski/stroke_cleaned/ARC_ATLAS_Combined/A_A_Combined_Data/Processed_LowQualityTrain_Split_Data/train_low_quality/t1/sub-r011s020_ses-1_T1w_MNI_norm.nii.gz,/home/rbielski/stroke_cleaned/ARC_ATLAS_Combined/A_A_Combined_Data/Processed_LowQualityTrain_Split_Data/train_low_quality/masks/sub-r011s020_ses-1_lesion_mask_MNI_clean.nii.gz,/home/rbielski/stroke_cleaned/ARC_ATLAS_Combined/A_A_Combined_Data/Processed_HiresLowres_Split_Data/Processed_HiresLowres_All/t1/sub-r011s020_ses-1_T1w_MNI_norm.nii.gz,/home/rbielski/stroke_cleaned/ARC_ATLAS_Combined/A_A_Combined_Data/Processed_HiresLowres_Split_Data/Processed_HiresLowres_All/masks/sub-r011s020_ses-1_lesion_mask_MNI_clean.nii.gz,train_hires,False,337,-1.4482343798124897,13.235397183006006,0.039910689046995754,0.5797063708305359
train_low_quality,lowest_quality_522_of_non_hires_pool,ATLAS,sub-r004s003_ses-1,sub-r004s003,/home/rbielski/stroke_cleaned/ARC_ATLAS_Combined/A_A_Combined_Data/Processed_LowQualityTrain_Split_Data/train_low_quality/t1/sub-r004s003_ses-1_T1w_MNI_norm.nii.gz,/home/rbielski/stroke_cleaned/ARC_ATLAS_Combined/A_A_Combined_Data/Processed_LowQualityTrain_Split_Data/train_low_quality/masks/sub-r004s003_ses-1_lesion_mask_MNI_clean.nii.gz,/home/rbielski/stroke_cleaned/ARC_ATLAS_Combined/A_A_Combined_Data/Processed_HiresLowres_Split_Data/Processed_HiresLowres_All/t1/sub-r004s003_ses-1_T1w_MNI_norm.nii.gz,/home/rbielski/stroke_cleaned/ARC_ATLAS_Combined/A_A_Combined_Data/Processed_HiresLowres_Split_Data/Processed_HiresLowres_All/masks/sub-r004s003_ses-1_lesion_mask_MNI_clean.nii.gz,test_lores,False,339,-1.4434953346942416,12.79201933154135,0.03629091300617814,0.5056636333465576
train_low_quality,lowest_quality_522_of_non_hires_pool,ATLAS,sub-r002s010_ses-1,sub-r002s010,/home/rbielski/stroke_cleaned/ARC_ATLAS_Combined/A_A_Combined_Data/Processed_LowQualityTrain_Split_Data/train_low_quality/t1/sub-r002s010_ses-1_T1w_MNI_norm.nii.gz,/home/rbielski/stroke_cleaned/ARC_ATLAS_Combined/A_A_Combined_Data/Processed_LowQualityTrain_Split_Data/train_low_quality/masks/sub-r002s010_ses-1_lesion_mask_MNI_clean.nii.gz,/home/rbielski/stroke_cleaned/ARC_ATLAS_Combined/A_A_Combined_Data/Processed_HiresLowres_Split_Data/Processed_HiresLowres_All/t1/sub-r002s010_ses-1_T1w_MNI_norm.nii.gz,/home/rbielski/stroke_cleaned/ARC_ATLAS_Combined/A_A_Combined_Data/Processed_HiresLowres_Split_Data/Processed_HiresLowres_All/masks/sub-r002s010_ses-1_lesion_mask_MNI_clean.nii.gz,train_hires,False,340,-1.4333369861105014,12.47136432117515,0.0321237919420286,0.48666369915008545
train_low_quality,lowest_quality_522_of_non_hires_pool,ATLAS,sub-r001s009_ses-1,sub-r001s009,/home/rbielski/stroke_cleaned/ARC_ATLAS_Combined/A_A_Combined_Data/Processed_LowQualityTrain_Split_Data/train_low_quality/t1/sub-r001s009_ses-1_T1w_MNI_norm.nii.gz,/home/rbielski/stroke_cleaned/ARC_ATLAS_Combined/A_A_Combined_Data/Processed_LowQualityTrain_Split_Data/train_low_quality/masks/sub-r001s009_ses-1_lesion_mask_MNI_clean.nii.gz,/home/rbielski/stroke_cleaned/ARC_ATLAS_Combined/A_A_Combined_Data/Processed_HiresLowres_Split_Data/Processed_HiresLowres_All/t1/sub-r001s009_ses-1_T1w_MNI_norm.nii.gz,/home/rbielski/stroke_cleaned/ARC_ATLAS_Combined/A_A_Combined_Data/Processed_HiresLowres_Split_Data/Processed_HiresLowres_All/masks/sub-r001s009_ses-1_lesion_mask_MNI_clean.nii.gz,test_lores,False,341,-1.429490155808842,12.676244158643936,0.0357010969781681,0.4896899461746216
train_low_quality,lowest_quality_522_of_non_hires_pool,ATLAS,sub-r011s011_ses-1,sub-r011s011,/home/rbielski/stroke_cleaned/ARC_ATLAS_Combined/A_A_Combined_Data/Processed_LowQualityTrain_Split_Data/train_low_quality/t1/sub-r011s011_ses-1_T1w_MNI_norm.nii.gz,/home/rbielski/stroke_cleaned/ARC_ATLAS_Combined/A_A_Combined_Data/Processed_LowQualityTrain_Split_Data/train_low_quality/masks/sub-r011s011_ses-1_lesion_mask_MNI_clean.nii.gz,/home/rbielski/stroke_cleaned/ARC_ATLAS_Combined/A_A_Combined_Data/Processed_HiresLowres_Split_Data/Processed_HiresLowres_All/t1/sub-r011s011_ses-1_T1w_MNI_norm.nii.gz,/home/rbielski/stroke_cleaned/ARC_ATLAS_Combined/A_A_Combined_Data/Processed_HiresLowres_Split_Data/Processed_HiresLowres_All/masks/sub-r011s011_ses-1_lesion_mask_MNI_clean.nii.gz,train_hires,False,342,-1.4282654774869274,13.787974938952567,0.04701690184397715,0.6434124112129211
train_low_quality,lowest_quality_522_of_non_hires_pool,ATLAS,sub-r004s020_ses-1,sub-r004s020,/home/rbielski/stroke_cleaned/ARC_ATLAS_Combined/A_A_Combined_Data/Processed_LowQualityTrain_Split_Data/train_low_quality/t1/sub-r004s020_ses-1_T1w_MNI_norm.nii.gz,/home/rbielski/stroke_cleaned/ARC_ATLAS_Combined/A_A_Combined_Data/Processed_LowQualityTrain_Split_Data/train_low_quality/masks/sub-r004s020_ses-1_lesion_mask_MNI_clean.nii.gz,/home/rbielski/stroke_cleaned/ARC_ATLAS_Combined/A_A_Combined_Data/Processed_HiresLowres_Split_Data/Processed_HiresLowres_All/t1/sub-r004s020_ses-1_T1w_MNI_norm.nii.gz,/home/rbielski/stroke_cleaned/ARC_ATLAS_Combined/A_A_Combined_Data/Processed_HiresLowres_Split_Data/Processed_HiresLowres_All/masks/sub-r004s020_ses-1_lesion_mask_MNI_clean.nii.gz,train_hires,False,344,-1.414020769374251,13.028421272886906,0.03890864837272122,0.5573962926864624
train_low_quality,lowest_quality_522_of_non_hires_pool,ATLAS,sub-r009s016_ses-1,sub-r009s016,/home/rbielski/stroke_cleaned/ARC_ATLAS_Combined/A_A_Combined_Data/Processed_LowQualityTrain_Split_Data/train_low_quality/t1/sub-r009s016_ses-1_T1w_MNI_norm.nii.gz,/home/rbielski/stroke_cleaned/ARC_ATLAS_Combined/A_A_Combined_Data/Processed_LowQualityTrain_Split_Data/train_low_quality/masks/sub-r009s016_ses-1_lesion_mask_MNI_clean.nii.gz,/home/rbielski/stroke_cleaned/ARC_ATLAS_Combined/A_A_Combined_Data/Processed_HiresLowres_Split_Data/Processed_HiresLowres_All/t1/sub-r009s016_ses-1_T1w_MNI_norm.nii.gz,/home/rbielski/stroke_cleaned/ARC_ATLAS_Combined/A_A_Combined_Data/Processed_HiresLowres_Split_Data/Processed_HiresLowres_All/masks/sub-r009s016_ses-1_lesion_mask_MNI_clean.nii.gz,train_hires,False,345,-1.4116534033936565,12.944918182575611,0.038480326617403256,0.5398317575454712
train_low_quality,lowest_quality_522_of_non_hires_pool,ATLAS,sub-r031s012_ses-1,sub-r031s012,/home/rbielski/stroke_cleaned/ARC_ATLAS_Combined/A_A_Combined_Data/Processed_LowQualityTrain_Split_Data/train_low_quality/t1/sub-r031s012_ses-1_T1w_MNI_norm.nii.gz,/home/rbielski/stroke_cleaned/ARC_ATLAS_Combined/A_A_Combined_Data/Processed_LowQualityTrain_Split_Data/train_low_quality/masks/sub-r031s012_ses-1_lesion_mask_MNI_clean.nii.gz,/home/rbielski/stroke_cleaned/ARC_ATLAS_Combined/A_A_Combined_Data/Processed_HiresLowres_Split_Data/Processed_HiresLowres_All/t1/sub-r031s012_ses-1_T1w_MNI_norm.nii.gz,/home/rbielski/stroke_cleaned/ARC_ATLAS_Combined/A_A_Combined_Data/Processed_HiresLowres_Split_Data/Processed_HiresLowres_All/masks/sub-r031s012_ses-1_lesion_mask_MNI_clean.nii.gz,train_hires,False,346,-1.410309644280101,13.036998517409288,0.03909576306258945,0.5596174001693726
train_low_quality,lowest_quality_522_of_non_hires_pool,ATLAS,sub-r011s019_ses-1,sub-r011s019,/home/rbielski/stroke_cleaned/ARC_ATLAS_Combined/A_A_Combined_Data/Processed_LowQualityTrain_Split_Data/train_low_quality/t1/sub-r011s019_ses-1_T1w_MNI_norm.nii.gz,/home/rbielski/stroke_cleaned/ARC_ATLAS_Combined/A_A_Combined_Data/Processed_LowQualityTrain_Split_Data/train_low_quality/masks/sub-r011s019_ses-1_lesion_mask_MNI_clean.nii.gz,/home/rbielski/stroke_cleaned/ARC_ATLAS_Combined/A_A_Combined_Data/Processed_HiresLowres_Split_Data/Processed_HiresLowres_All/t1/sub-r011s019_ses-1_T1w_MNI_norm.nii.gz,/home/rbielski/stroke_cleaned/ARC_ATLAS_Combined/A_A_Combined_Data/Processed_HiresLowres_Split_Data/Processed_HiresLowres_All/masks/sub-r011s019_ses-1_lesion_mask_MNI_clean.nii.gz,train_hires,False,347,-1.4036710776431995,13.231390640720337,0.041182847258748635,0.5895155668258667
train_low_quality,lowest_quality_522_of_non_hires_pool,ATLAS,sub-r009s090_ses-1,sub-r009s090,/home/rbielski/stroke_cleaned/ARC_ATLAS_Combined/A_A_Combined_Data/Processed_LowQualityTrain_Split_Data/train_low_quality/t1/sub-r009s090_ses-1_T1w_MNI_norm.nii.gz,/home/rbielski/stroke_cleaned/ARC_ATLAS_Combined/A_A_Combined_Data/Processed_LowQualityTrain_Split_Data/train_low_quality/masks/sub-r009s090_ses-1_lesion_mask_MNI_clean.nii.gz,/home/rbielski/stroke_cleaned/ARC_ATLAS_Combined/A_A_Combined_Data/Processed_HiresLowres_Split_Data/Processed_HiresLowres_All/t1/sub-r009s090_ses-1_T1w_MNI_norm.nii.gz,/home/rbielski/stroke_cleaned/ARC_ATLAS_Combined/A_A_Combined_Data/Processed_HiresLowres_Split_Data/Processed_HiresLowres_All/masks/sub-r009s090_ses-1_lesion_mask_MNI_clean.nii.gz,test_lores,False,349,-1.3947050351972543,12.274881026298901,0.032182688133137106,0.45127105712890625
train_low_quality,lowest_quality_522_of_non_hires_pool,ATLAS,sub-r004s014_ses-1,sub-r004s014,/home/rbielski/stroke_cleaned/ARC_ATLAS_Combined/A_A_Combined_Data/Processed_LowQualityTrain_Split_Data/train_low_quality/t1/sub-r004s014_ses-1_T1w_MNI_norm.nii.gz,/home/rbielski/stroke_cleaned/ARC_ATLAS_Combined/A_A_Combined_Data/Processed_LowQualityTrain_Split_Data/train_low_quality/masks/sub-r004s014_ses-1_lesion_mask_MNI_clean.nii.gz,/home/rbielski/stroke_cleaned/ARC_ATLAS_Combined/A_A_Combined_Data/Processed_HiresLowres_Split_Data/Processed_HiresLowres_All/t1/sub-r004s014_ses-1_T1w_MNI_norm.nii.gz,/home/rbielski/stroke_cleaned/ARC_ATLAS_Combined/A_A_Combined_Data/Processed_HiresLowres_Split_Data/Processed_HiresLowres_All/masks/sub-r004s014_ses-1_lesion_mask_MNI_clean.nii.gz,train_hires,False,350,-1.392238089791655,12.862735618068152,0.037710014761169634,0.5426000952720642
train_low_quality,lowest_quality_522_of_non_hires_pool,ATLAS,sub-r046s012_ses-1,sub-r046s012,/home/rbielski/stroke_cleaned/ARC_ATLAS_Combined/A_A_Combined_Data/Processed_LowQualityTrain_Split_Data/train_low_quality/t1/sub-r046s012_ses-1_T1w_MNI_norm.nii.gz,/home/rbielski/stroke_cleaned/ARC_ATLAS_Combined/A_A_Combined_Data/Processed_LowQualityTrain_Split_Data/train_low_quality/masks/sub-r046s012_ses-1_lesion_mask_MNI_clean.nii.gz,/home/rbielski/stroke_cleaned/ARC_ATLAS_Combined/A_A_Combined_Data/Processed_HiresLowres_Split_Data/Processed_HiresLowres_All/t1/sub-r046s012_ses-1_T1w_MNI_norm.nii.gz,/home/rbielski/stroke_cleaned/ARC_ATLAS_Combined/A_A_Combined_Data/Processed_HiresLowres_Split_Data/Processed_HiresLowres_All/masks/sub-r046s012_ses-1_lesion_mask_MNI_clean.nii.gz,train_hires,False,351,-1.390512077285887,13.438935131562074,0.04318407073056091,0.6305097937583923
train_low_quality,lowest_quality_522_of_non_hires_pool,ATLAS,sub-r019s001_ses-1,sub-r019s001,/home/rbielski/stroke_cleaned/ARC_ATLAS_Combined/A_A_Combined_Data/Processed_LowQualityTrain_Split_Data/train_low_quality/t1/sub-r019s001_ses-1_T1w_MNI_norm.nii.gz,/home/rbielski/stroke_cleaned/ARC_ATLAS_Combined/A_A_Combined_Data/Processed_LowQualityTrain_Split_Data/train_low_quality/masks/sub-r019s001_ses-1_lesion_mask_MNI_clean.nii.gz,/home/rbielski/stroke_cleaned/ARC_ATLAS_Combined/A_A_Combined_Data/Processed_HiresLowres_Split_Data/Processed_HiresLowres_All/t1/sub-r019s001_ses-1_T1w_MNI_norm.nii.gz,/home/rbielski/stroke_cleaned/ARC_ATLAS_Combined/A_A_Combined_Data/Processed_HiresLowres_Split_Data/Processed_HiresLowres_All/masks/sub-r019s001_ses-1_lesion_mask_MNI_clean.nii.gz,train_hires,False,352,-1.3756206923805263,12.724224920827137,0.03779162913133224,0.5085220336914062
train_low_quality,lowest_quality_522_of_non_hires_pool,ATLAS,sub-r009s006_ses-1,sub-r009s006,/home/rbielski/stroke_cleaned/ARC_ATLAS_Combined/A_A_Combined_Data/Processed_LowQualityTrain_Split_Data/train_low_quality/t1/sub-r009s006_ses-1_T1w_MNI_norm.nii.gz,/home/rbielski/stroke_cleaned/ARC_ATLAS_Combined/A_A_Combined_Data/Processed_LowQualityTrain_Split_Data/train_low_quality/masks/sub-r009s006_ses-1_lesion_mask_MNI_clean.nii.gz,/home/rbielski/stroke_cleaned/ARC_ATLAS_Combined/A_A_Combined_Data/Processed_HiresLowres_Split_Data/Processed_HiresLowres_All/t1/sub-r009s006_ses-1_T1w_MNI_norm.nii.gz,/home/rbielski/stroke_cleaned/ARC_ATLAS_Combined/A_A_Combined_Data/Processed_HiresLowres_Split_Data/Processed_HiresLowres_All/masks/sub-r009s006_ses-1_lesion_mask_MNI_clean.nii.gz,train_hires,False,353,-1.3735461642083084,12.3573983264303,0.034145652311285975,0.4580974280834198
train_low_quality,lowest_quality_522_of_non_hires_pool,ATLAS,sub-r038s060_ses-1,sub-r038s060,/home/rbielski/stroke_cleaned/ARC_ATLAS_Combined/A_A_Combined_Data/Processed_LowQualityTrain_Split_Data/train_low_quality/t1/sub-r038s060_ses-1_T1w_MNI_norm.nii.gz,/home/rbielski/stroke_cleaned/ARC_ATLAS_Combined/A_A_Combined_Data/Processed_LowQualityTrain_Split_Data/train_low_quality/masks/sub-r038s060_ses-1_lesion_mask_MNI_clean.nii.gz,/home/rbielski/stroke_cleaned/ARC_ATLAS_Combined/A_A_Combined_Data/Processed_HiresLowres_Split_Data/Processed_HiresLowres_All/t1/sub-r038s060_ses-1_T1w_MNI_norm.nii.gz,/home/rbielski/stroke_cleaned/ARC_ATLAS_Combined/A_A_Combined_Data/Processed_HiresLowres_Split_Data/Processed_HiresLowres_All/masks/sub-r038s060_ses-1_lesion_mask_MNI_clean.nii.gz,test_lores,False,354,-1.3609253605356981,12.513072935607685,0.0345252643872965,0.5121816396713257
train_low_quality,lowest_quality_522_of_non_hires_pool,ATLAS,sub-r031s001_ses-1,sub-r031s001,/home/rbielski/stroke_cleaned/ARC_ATLAS_Combined/A_A_Combined_Data/Processed_LowQualityTrain_Split_Data/train_low_quality/t1/sub-r031s001_ses-1_T1w_MNI_norm.nii.gz,/home/rbielski/stroke_cleaned/ARC_ATLAS_Combined/A_A_Combined_Data/Processed_LowQualityTrain_Split_Data/train_low_quality/masks/sub-r031s001_ses-1_lesion_mask_MNI_clean.nii.gz,/home/rbielski/stroke_cleaned/ARC_ATLAS_Combined/A_A_Combined_Data/Processed_HiresLowres_Split_Data/Processed_HiresLowres_All/t1/sub-r031s001_ses-1_T1w_MNI_norm.nii.gz,/home/rbielski/stroke_cleaned/ARC_ATLAS_Combined/A_A_Combined_Data/Processed_HiresLowres_Split_Data/Processed_HiresLowres_All/masks/sub-r031s001_ses-1_lesion_mask_MNI_clean.nii.gz,train_hires,False,355,-1.3590909338590378,12.679501439870021,0.037542682049286964,0.5115180611610413
train_low_quality,lowest_quality_522_of_non_hires_pool,ATLAS,sub-r011s032_ses-1,sub-r011s032,/home/rbielski/stroke_cleaned/ARC_ATLAS_Combined/A_A_Combined_Data/Processed_LowQualityTrain_Split_Data/train_low_quality/t1/sub-r011s032_ses-1_T1w_MNI_norm.nii.gz,/home/rbielski/stroke_cleaned/ARC_ATLAS_Combined/A_A_Combined_Data/Processed_LowQualityTrain_Split_Data/train_low_quality/masks/sub-r011s032_ses-1_lesion_mask_MNI_clean.nii.gz,/home/rbielski/stroke_cleaned/ARC_ATLAS_Combined/A_A_Combined_Data/Processed_HiresLowres_Split_Data/Processed_HiresLowres_All/t1/sub-r011s032_ses-1_T1w_MNI_norm.nii.gz,/home/rbielski/stroke_cleaned/ARC_ATLAS_Combined/A_A_Combined_Data/Processed_HiresLowres_Split_Data/Processed_HiresLowres_All/masks/sub-r011s032_ses-1_lesion_mask_MNI_clean.nii.gz,train_hires,False,356,-1.3462055738430725,12.815090052301876,0.038818334927368546,0.5422804355621338
train_low_quality,lowest_quality_522_of_non_hires_pool,ATLAS,sub-r031s015_ses-1,sub-r031s015,/home/rbielski/stroke_cleaned/ARC_ATLAS_Combined/A_A_Combined_Data/Processed_LowQualityTrain_Split_Data/train_low_quality/t1/sub-r031s015_ses-1_T1w_MNI_norm.nii.gz,/home/rbielski/stroke_cleaned/ARC_ATLAS_Combined/A_A_Combined_Data/Processed_LowQualityTrain_Split_Data/train_low_quality/masks/sub-r031s015_ses-1_lesion_mask_MNI_clean.nii.gz,/home/rbielski/stroke_cleaned/ARC_ATLAS_Combined/A_A_Combined_Data/Processed_HiresLowres_Split_Data/Processed_HiresLowres_All/t1/sub-r031s015_ses-1_T1w_MNI_norm.nii.gz,/home/rbielski/stroke_cleaned/ARC_ATLAS_Combined/A_A_Combined_Data/Processed_HiresLowres_Split_Data/Processed_HiresLowres_All/masks/sub-r031s015_ses-1_lesion_mask_MNI_clean.nii.gz,train_hires,False,358,-1.342753271391246,13.71848233003823,0.045047292303897535,0.7251179814338684
train_low_quality,lowest_quality_522_of_non_hires_pool,ATLAS,sub-r009s093_ses-1,sub-r009s093,/home/rbielski/stroke_cleaned/ARC_ATLAS_Combined/A_A_Combined_Data/Processed_LowQualityTrain_Split_Data/train_low_quality/t1/sub-r009s093_ses-1_T1w_MNI_norm.nii.gz,/home/rbielski/stroke_cleaned/ARC_ATLAS_Combined/A_A_Combined_Data/Processed_LowQualityTrain_Split_Data/train_low_quality/masks/sub-r009s093_ses-1_lesion_mask_MNI_clean.nii.gz,/home/rbielski/stroke_cleaned/ARC_ATLAS_Combined/A_A_Combined_Data/Processed_HiresLowres_Split_Data/Processed_HiresLowres_All/t1/sub-r009s093_ses-1_T1w_MNI_norm.nii.gz,/home/rbielski/stroke_cleaned/ARC_ATLAS_Combined/A_A_Combined_Data/Processed_HiresLowres_Split_Data/Processed_HiresLowres_All/masks/sub-r009s093_ses-1_lesion_mask_MNI_clean.nii.gz,train_hires,False,359,-1.341830801790923,12.515226497124011,0.03529885079754127,0.5133475065231323
train_low_quality,lowest_quality_522_of_non_hires_pool,ATLAS,sub-r034s025_ses-1,sub-r034s025,/home/rbielski/stroke_cleaned/ARC_ATLAS_Combined/A_A_Combined_Data/Processed_LowQualityTrain_Split_Data/train_low_quality/t1/sub-r034s025_ses-1_T1w_MNI_norm.nii.gz,/home/rbielski/stroke_cleaned/ARC_ATLAS_Combined/A_A_Combined_Data/Processed_LowQualityTrain_Split_Data/train_low_quality/masks/sub-r034s025_ses-1_lesion_mask_MNI_clean.nii.gz,/home/rbielski/stroke_cleaned/ARC_ATLAS_Combined/A_A_Combined_Data/Processed_HiresLowres_Split_Data/Processed_HiresLowres_All/t1/sub-r034s025_ses-1_T1w_MNI_norm.nii.gz,/home/rbielski/stroke_cleaned/ARC_ATLAS_Combined/A_A_Combined_Data/Processed_HiresLowres_Split_Data/Processed_HiresLowres_All/masks/sub-r034s025_ses-1_lesion_mask_MNI_clean.nii.gz,train_hires,False,360,-1.3412532782871533,13.469949326451232,0.04471442171860636,0.6506882905960083
train_low_quality,lowest_quality_522_of_non_hires_pool,ATLAS,sub-r010s003_ses-1,sub-r010s003,/home/rbielski/stroke_cleaned/ARC_ATLAS_Combined/A_A_Combined_Data/Processed_LowQualityTrain_Split_Data/train_low_quality/t1/sub-r010s003_ses-1_T1w_MNI_norm.nii.gz,/home/rbielski/stroke_cleaned/ARC_ATLAS_Combined/A_A_Combined_Data/Processed_LowQualityTrain_Split_Data/train_low_quality/masks/sub-r010s003_ses-1_lesion_mask_MNI_clean.nii.gz,/home/rbielski/stroke_cleaned/ARC_ATLAS_Combined/A_A_Combined_Data/Processed_HiresLowres_Split_Data/Processed_HiresLowres_All/t1/sub-r010s003_ses-1_T1w_MNI_norm.nii.gz,/home/rbielski/stroke_cleaned/ARC_ATLAS_Combined/A_A_Combined_Data/Processed_HiresLowres_Split_Data/Processed_HiresLowres_All/masks/sub-r010s003_ses-1_lesion_mask_MNI_clean.nii.gz,train_hires,False,361,-1.3218126938584622,12.988302431757734,0.041221873534512794,0.5732268691062927
train_low_quality,lowest_quality_522_of_non_hires_pool,ATLAS,sub-r005s077_ses-1,sub-r005s077,/home/rbielski/stroke_cleaned/ARC_ATLAS_Combined/A_A_Combined_Data/Processed_LowQualityTrain_Split_Data/train_low_quality/t1/sub-r005s077_ses-1_T1w_MNI_norm.nii.gz,/home/rbielski/stroke_cleaned/ARC_ATLAS_Combined/A_A_Combined_Data/Processed_LowQualityTrain_Split_Data/train_low_quality/masks/sub-r005s077_ses-1_lesion_mask_MNI_clean.nii.gz,/home/rbielski/stroke_cleaned/ARC_ATLAS_Combined/A_A_Combined_Data/Processed_HiresLowres_Split_Data/Processed_HiresLowres_All/t1/sub-r005s077_ses-1_T1w_MNI_norm.nii.gz,/home/rbielski/stroke_cleaned/ARC_ATLAS_Combined/A_A_Combined_Data/Processed_HiresLowres_Split_Data/Processed_HiresLowres_All/masks/sub-r005s077_ses-1_lesion_mask_MNI_clean.nii.gz,train_hires,False,362,-1.3181910091573326,12.510573605796322,0.036336616790307745,0.5108685493469238
train_low_quality,lowest_quality_522_of_non_hires_pool,ATLAS,sub-r040s017_ses-1,sub-r040s017,/home/rbielski/stroke_cleaned/ARC_ATLAS_Combined/A_A_Combined_Data/Processed_LowQualityTrain_Split_Data/train_low_quality/t1/sub-r040s017_ses-1_T1w_MNI_norm.nii.gz,/home/rbielski/stroke_cleaned/ARC_ATLAS_Combined/A_A_Combined_Data/Processed_LowQualityTrain_Split_Data/train_low_quality/masks/sub-r040s017_ses-1_lesion_mask_MNI_clean.nii.gz,/home/rbielski/stroke_cleaned/ARC_ATLAS_Combined/A_A_Combined_Data/Processed_HiresLowres_Split_Data/Processed_HiresLowres_All/t1/sub-r040s017_ses-1_T1w_MNI_norm.nii.gz,/home/rbielski/stroke_cleaned/ARC_ATLAS_Combined/A_A_Combined_Data/Processed_HiresLowres_Split_Data/Processed_HiresLowres_All/masks/sub-r040s017_ses-1_lesion_mask_MNI_clean.nii.gz,train_hires,False,363,-1.3176716898193659,13.036354440415808,0.04059134567358196,0.6042265892028809
train_low_quality,lowest_quality_522_of_non_hires_pool,ATLAS,sub-r005s055_ses-1,sub-r005s055,/home/rbielski/stroke_cleaned/ARC_ATLAS_Combined/A_A_Combined_Data/Processed_LowQualityTrain_Split_Data/train_low_quality/t1/sub-r005s055_ses-1_T1w_MNI_norm.nii.gz,/home/rbielski/stroke_cleaned/ARC_ATLAS_Combined/A_A_Combined_Data/Processed_LowQualityTrain_Split_Data/train_low_quality/masks/sub-r005s055_ses-1_lesion_mask_MNI_clean.nii.gz,/home/rbielski/stroke_cleaned/ARC_ATLAS_Combined/A_A_Combined_Data/Processed_HiresLowres_Split_Data/Processed_HiresLowres_All/t1/sub-r005s055_ses-1_T1w_MNI_norm.nii.gz,/home/rbielski/stroke_cleaned/ARC_ATLAS_Combined/A_A_Combined_Data/Processed_HiresLowres_Split_Data/Processed_HiresLowres_All/masks/sub-r005s055_ses-1_lesion_mask_MNI_clean.nii.gz,train_hires,False,364,-1.3126450763196378,12.117242881493693,0.0323183711027678,0.4614740014076233
train_low_quality,lowest_quality_522_of_non_hires_pool,ATLAS,sub-r019s007_ses-1,sub-r019s007,/home/rbielski/stroke_cleaned/ARC_ATLAS_Combined/A_A_Combined_Data/Processed_LowQualityTrain_Split_Data/train_low_quality/t1/sub-r019s007_ses-1_T1w_MNI_norm.nii.gz,/home/rbielski/stroke_cleaned/ARC_ATLAS_Combined/A_A_Combined_Data/Processed_LowQualityTrain_Split_Data/train_low_quality/masks/sub-r019s007_ses-1_lesion_mask_MNI_clean.nii.gz,/home/rbielski/stroke_cleaned/ARC_ATLAS_Combined/A_A_Combined_Data/Processed_HiresLowres_Split_Data/Processed_HiresLowres_All/t1/sub-r019s007_ses-1_T1w_MNI_norm.nii.gz,/home/rbielski/stroke_cleaned/ARC_ATLAS_Combined/A_A_Combined_Data/Processed_HiresLowres_Split_Data/Processed_HiresLowres_All/masks/sub-r019s007_ses-1_lesion_mask_MNI_clean.nii.gz,train_hires,False,365,-1.3098935376204044,12.535992964241153,0.037767205202386994,0.4987866282463074
train_low_quality,lowest_quality_522_of_non_hires_pool,ATLAS,sub-r004s028_ses-1,sub-r004s028,/home/rbielski/stroke_cleaned/ARC_ATLAS_Combined/A_A_Combined_Data/Processed_LowQualityTrain_Split_Data/train_low_quality/t1/sub-r004s028_ses-1_T1w_MNI_norm.nii.gz,/home/rbielski/stroke_cleaned/ARC_ATLAS_Combined/A_A_Combined_Data/Processed_LowQualityTrain_Split_Data/train_low_quality/masks/sub-r004s028_ses-1_lesion_mask_MNI_clean.nii.gz,/home/rbielski/stroke_cleaned/ARC_ATLAS_Combined/A_A_Combined_Data/Processed_HiresLowres_Split_Data/Processed_HiresLowres_All/t1/sub-r004s028_ses-1_T1w_MNI_norm.nii.gz,/home/rbielski/stroke_cleaned/ARC_ATLAS_Combined/A_A_Combined_Data/Processed_HiresLowres_Split_Data/Processed_HiresLowres_All/masks/sub-r004s028_ses-1_lesion_mask_MNI_clean.nii.gz,test_lores,False,366,-1.3029937330921895,12.115880139394726,0.03248261191907132,0.46553558111190796
train_low_quality,lowest_quality_522_of_non_hires_pool,ATLAS,sub-r009s061_ses-1,sub-r009s061,/home/rbielski/stroke_cleaned/ARC_ATLAS_Combined/A_A_Combined_Data/Processed_LowQualityTrain_Split_Data/train_low_quality/t1/sub-r009s061_ses-1_T1w_MNI_norm.nii.gz,/home/rbielski/stroke_cleaned/ARC_ATLAS_Combined/A_A_Combined_Data/Processed_LowQualityTrain_Split_Data/train_low_quality/masks/sub-r009s061_ses-1_lesion_mask_MNI_clean.nii.gz,/home/rbielski/stroke_cleaned/ARC_ATLAS_Combined/A_A_Combined_Data/Processed_HiresLowres_Split_Data/Processed_HiresLowres_All/t1/sub-r009s061_ses-1_T1w_MNI_norm.nii.gz,/home/rbielski/stroke_cleaned/ARC_ATLAS_Combined/A_A_Combined_Data/Processed_HiresLowres_Split_Data/Processed_HiresLowres_All/masks/sub-r009s061_ses-1_lesion_mask_MNI_clean.nii.gz,train_hires,False,367,-1.2990501922244948,12.808289247293708,0.0401458107339692,0.5521687865257263
train_low_quality,lowest_quality_522_of_non_hires_pool,ATLAS,sub-r004s005_ses-1,sub-r004s005,/home/rbielski/stroke_cleaned/ARC_ATLAS_Combined/A_A_Combined_Data/Processed_LowQualityTrain_Split_Data/train_low_quality/t1/sub-r004s005_ses-1_T1w_MNI_norm.nii.gz,/home/rbielski/stroke_cleaned/ARC_ATLAS_Combined/A_A_Combined_Data/Processed_LowQualityTrain_Split_Data/train_low_quality/masks/sub-r004s005_ses-1_lesion_mask_MNI_clean.nii.gz,/home/rbielski/stroke_cleaned/ARC_ATLAS_Combined/A_A_Combined_Data/Processed_HiresLowres_Split_Data/Processed_HiresLowres_All/t1/sub-r004s005_ses-1_T1w_MNI_norm.nii.gz,/home/rbielski/stroke_cleaned/ARC_ATLAS_Combined/A_A_Combined_Data/Processed_HiresLowres_Split_Data/Processed_HiresLowres_All/masks/sub-r004s005_ses-1_lesion_mask_MNI_clean.nii.gz,train_hires,False,368,-1.2963690017317682,12.652398132128749,0.038663914768535174,0.5308839678764343
train_low_quality,lowest_quality_522_of_non_hires_pool,ATLAS,sub-r038s028_ses-1,sub-r038s028,/home/rbielski/stroke_cleaned/ARC_ATLAS_Combined/A_A_Combined_Data/Processed_LowQualityTrain_Split_Data/train_low_quality/t1/sub-r038s028_ses-1_T1w_MNI_norm.nii.gz,/home/rbielski/stroke_cleaned/ARC_ATLAS_Combined/A_A_Combined_Data/Processed_LowQualityTrain_Split_Data/train_low_quality/masks/sub-r038s028_ses-1_lesion_mask_MNI_clean.nii.gz,/home/rbielski/stroke_cleaned/ARC_ATLAS_Combined/A_A_Combined_Data/Processed_HiresLowres_Split_Data/Processed_HiresLowres_All/t1/sub-r038s028_ses-1_T1w_MNI_norm.nii.gz,/home/rbielski/stroke_cleaned/ARC_ATLAS_Combined/A_A_Combined_Data/Processed_HiresLowres_Split_Data/Processed_HiresLowres_All/masks/sub-r038s028_ses-1_lesion_mask_MNI_clean.nii.gz,test_lores,False,369,-1.2950737666144323,12.525547333966882,0.03622378141231516,0.5361611843109131
train_low_quality,lowest_quality_522_of_non_hires_pool,ATLAS,sub-r028s011_ses-1,sub-r028s011,/home/rbielski/stroke_cleaned/ARC_ATLAS_Combined/A_A_Combined_Data/Processed_LowQualityTrain_Split_Data/train_low_quality/t1/sub-r028s011_ses-1_T1w_MNI_norm.nii.gz,/home/rbielski/stroke_cleaned/ARC_ATLAS_Combined/A_A_Combined_Data/Processed_LowQualityTrain_Split_Data/train_low_quality/masks/sub-r028s011_ses-1_lesion_mask_MNI_clean.nii.gz,/home/rbielski/stroke_cleaned/ARC_ATLAS_Combined/A_A_Combined_Data/Processed_HiresLowres_Split_Data/Processed_HiresLowres_All/t1/sub-r028s011_ses-1_T1w_MNI_norm.nii.gz,/home/rbielski/stroke_cleaned/ARC_ATLAS_Combined/A_A_Combined_Data/Processed_HiresLowres_Split_Data/Processed_HiresLowres_All/masks/sub-r028s011_ses-1_lesion_mask_MNI_clean.nii.gz,train_hires,False,371,-1.2899579269125627,13.212468833550579,0.04285509717327533,0.6413862705230713
train_low_quality,lowest_quality_522_of_non_hires_pool,ATLAS,sub-r010s006_ses-1,sub-r010s006,/home/rbielski/stroke_cleaned/ARC_ATLAS_Combined/A_A_Combined_Data/Processed_LowQualityTrain_Split_Data/train_low_quality/t1/sub-r010s006_ses-1_T1w_MNI_norm.nii.gz,/home/rbielski/stroke_cleaned/ARC_ATLAS_Combined/A_A_Combined_Data/Processed_LowQualityTrain_Split_Data/train_low_quality/masks/sub-r010s006_ses-1_lesion_mask_MNI_clean.nii.gz,/home/rbielski/stroke_cleaned/ARC_ATLAS_Combined/A_A_Combined_Data/Processed_HiresLowres_Split_Data/Processed_HiresLowres_All/t1/sub-r010s006_ses-1_T1w_MNI_norm.nii.gz,/home/rbielski/stroke_cleaned/ARC_ATLAS_Combined/A_A_Combined_Data/Processed_HiresLowres_Split_Data/Processed_HiresLowres_All/masks/sub-r010s006_ses-1_lesion_mask_MNI_clean.nii.gz,train_hires,False,372,-1.28692576742185,13.623848135565396,0.04912260930074302,0.6610397100448608
train_low_quality,lowest_quality_522_of_non_hires_pool,ATLAS,sub-r040s031_ses-1,sub-r040s031,/home/rbielski/stroke_cleaned/ARC_ATLAS_Combined/A_A_Combined_Data/Processed_LowQualityTrain_Split_Data/train_low_quality/t1/sub-r040s031_ses-1_T1w_MNI_norm.nii.gz,/home/rbielski/stroke_cleaned/ARC_ATLAS_Combined/A_A_Combined_Data/Processed_LowQualityTrain_Split_Data/train_low_quality/masks/sub-r040s031_ses-1_lesion_mask_MNI_clean.nii.gz,/home/rbielski/stroke_cleaned/ARC_ATLAS_Combined/A_A_Combined_Data/Processed_HiresLowres_Split_Data/Processed_HiresLowres_All/t1/sub-r040s031_ses-1_T1w_MNI_norm.nii.gz,/home/rbielski/stroke_cleaned/ARC_ATLAS_Combined/A_A_Combined_Data/Processed_HiresLowres_Split_Data/Processed_HiresLowres_All/masks/sub-r040s031_ses-1_lesion_mask_MNI_clean.nii.gz,test_lores,False,373,-1.2848788534302278,13.245588571480473,0.04351283273332923,0.6438906788825989
train_low_quality,lowest_quality_522_of_non_hires_pool,ATLAS,sub-r004s023_ses-1,sub-r004s023,/home/rbielski/stroke_cleaned/ARC_ATLAS_Combined/A_A_Combined_Data/Processed_LowQualityTrain_Split_Data/train_low_quality/t1/sub-r004s023_ses-1_T1w_MNI_norm.nii.gz,/home/rbielski/stroke_cleaned/ARC_ATLAS_Combined/A_A_Combined_Data/Processed_LowQualityTrain_Split_Data/train_low_quality/masks/sub-r004s023_ses-1_lesion_mask_MNI_clean.nii.gz,/home/rbielski/stroke_cleaned/ARC_ATLAS_Combined/A_A_Combined_Data/Processed_HiresLowres_Split_Data/Processed_HiresLowres_All/t1/sub-r004s023_ses-1_T1w_MNI_norm.nii.gz,/home/rbielski/stroke_cleaned/ARC_ATLAS_Combined/A_A_Combined_Data/Processed_HiresLowres_Split_Data/Processed_HiresLowres_All/masks/sub-r004s023_ses-1_lesion_mask_MNI_clean.nii.gz,train_hires,False,375,-1.280197787537145,12.79202924394964,0.040000358686206584,0.564422070980072
train_low_quality,lowest_quality_522_of_non_hires_pool,ATLAS,sub-r004s013_ses-1,sub-r004s013,/home/rbielski/stroke_cleaned/ARC_ATLAS_Combined/A_A_Combined_Data/Processed_LowQualityTrain_Split_Data/train_low_quality/t1/sub-r004s013_ses-1_T1w_MNI_norm.nii.gz,/home/rbielski/stroke_cleaned/ARC_ATLAS_Combined/A_A_Combined_Data/Processed_LowQualityTrain_Split_Data/train_low_quality/masks/sub-r004s013_ses-1_lesion_mask_MNI_clean.nii.gz,/home/rbielski/stroke_cleaned/ARC_ATLAS_Combined/A_A_Combined_Data/Processed_HiresLowres_Split_Data/Processed_HiresLowres_All/t1/sub-r004s013_ses-1_T1w_MNI_norm.nii.gz,/home/rbielski/stroke_cleaned/ARC_ATLAS_Combined/A_A_Combined_Data/Processed_HiresLowres_Split_Data/Processed_HiresLowres_All/masks/sub-r004s013_ses-1_lesion_mask_MNI_clean.nii.gz,train_hires,False,376,-1.27557202926676,12.82107158026507,0.03956588618461534,0.5858397483825684
train_low_quality,lowest_quality_522_of_non_hires_pool,ATLAS,sub-r031s017_ses-1,sub-r031s017,/home/rbielski/stroke_cleaned/ARC_ATLAS_Combined/A_A_Combined_Data/Processed_LowQualityTrain_Split_Data/train_low_quality/t1/sub-r031s017_ses-1_T1w_MNI_norm.nii.gz,/home/rbielski/stroke_cleaned/ARC_ATLAS_Combined/A_A_Combined_Data/Processed_LowQualityTrain_Split_Data/train_low_quality/masks/sub-r031s017_ses-1_lesion_mask_MNI_clean.nii.gz,/home/rbielski/stroke_cleaned/ARC_ATLAS_Combined/A_A_Combined_Data/Processed_HiresLowres_Split_Data/Processed_HiresLowres_All/t1/sub-r031s017_ses-1_T1w_MNI_norm.nii.gz,/home/rbielski/stroke_cleaned/ARC_ATLAS_Combined/A_A_Combined_Data/Processed_HiresLowres_Split_Data/Processed_HiresLowres_All/masks/sub-r031s017_ses-1_lesion_mask_MNI_clean.nii.gz,train_hires,False,377,-1.274024480318325,13.747312399562725,0.04834245734689934,0.7266206741333008
train_low_quality,lowest_quality_522_of_non_hires_pool,ATLAS,sub-r040s011_ses-1,sub-r040s011,/home/rbielski/stroke_cleaned/ARC_ATLAS_Combined/A_A_Combined_Data/Processed_LowQualityTrain_Split_Data/train_low_quality/t1/sub-r040s011_ses-1_T1w_MNI_norm.nii.gz,/home/rbielski/stroke_cleaned/ARC_ATLAS_Combined/A_A_Combined_Data/Processed_LowQualityTrain_Split_Data/train_low_quality/masks/sub-r040s011_ses-1_lesion_mask_MNI_clean.nii.gz,/home/rbielski/stroke_cleaned/ARC_ATLAS_Combined/A_A_Combined_Data/Processed_HiresLowres_Split_Data/Processed_HiresLowres_All/t1/sub-r040s011_ses-1_T1w_MNI_norm.nii.gz,/home/rbielski/stroke_cleaned/ARC_ATLAS_Combined/A_A_Combined_Data/Processed_HiresLowres_Split_Data/Processed_HiresLowres_All/masks/sub-r040s011_ses-1_lesion_mask_MNI_clean.nii.gz,test_lores,False,378,-1.2521030075519934,13.082555911869516,0.04245535160614045,0.6359731554985046
train_low_quality,lowest_quality_522_of_non_hires_pool,ATLAS,sub-r031s033_ses-1,sub-r031s033,/home/rbielski/stroke_cleaned/ARC_ATLAS_Combined/A_A_Combined_Data/Processed_LowQualityTrain_Split_Data/train_low_quality/t1/sub-r031s033_ses-1_T1w_MNI_norm.nii.gz,/home/rbielski/stroke_cleaned/ARC_ATLAS_Combined/A_A_Combined_Data/Processed_LowQualityTrain_Split_Data/train_low_quality/masks/sub-r031s033_ses-1_lesion_mask_MNI_clean.nii.gz,/home/rbielski/stroke_cleaned/ARC_ATLAS_Combined/A_A_Combined_Data/Processed_HiresLowres_Split_Data/Processed_HiresLowres_All/t1/sub-r031s033_ses-1_T1w_MNI_norm.nii.gz,/home/rbielski/stroke_cleaned/ARC_ATLAS_Combined/A_A_Combined_Data/Processed_HiresLowres_Split_Data/Processed_HiresLowres_All/masks/sub-r031s033_ses-1_lesion_mask_MNI_clean.nii.gz,test_lores,False,379,-1.2500221026895677,12.663447016532556,0.03955683858067639,0.5542182326316833
train_low_quality,lowest_quality_522_of_non_hires_pool,ATLAS,sub-r009s049_ses-1,sub-r009s049,/home/rbielski/stroke_cleaned/ARC_ATLAS_Combined/A_A_Combined_Data/Processed_LowQualityTrain_Split_Data/train_low_quality/t1/sub-r009s049_ses-1_T1w_MNI_norm.nii.gz,/home/rbielski/stroke_cleaned/ARC_ATLAS_Combined/A_A_Combined_Data/Processed_LowQualityTrain_Split_Data/train_low_quality/masks/sub-r009s049_ses-1_lesion_mask_MNI_clean.nii.gz,/home/rbielski/stroke_cleaned/ARC_ATLAS_Combined/A_A_Combined_Data/Processed_HiresLowres_Split_Data/Processed_HiresLowres_All/t1/sub-r009s049_ses-1_T1w_MNI_norm.nii.gz,/home/rbielski/stroke_cleaned/ARC_ATLAS_Combined/A_A_Combined_Data/Processed_HiresLowres_Split_Data/Processed_HiresLowres_All/masks/sub-r009s049_ses-1_lesion_mask_MNI_clean.nii.gz,test_lores,False,380,-1.238908063290464,12.95272950714597,0.04227713247008865,0.6069620251655579
train_low_quality,lowest_quality_522_of_non_hires_pool,ATLAS,sub-r004s018_ses-1,sub-r004s018,/home/rbielski/stroke_cleaned/ARC_ATLAS_Combined/A_A_Combined_Data/Processed_LowQualityTrain_Split_Data/train_low_quality/t1/sub-r004s018_ses-1_T1w_MNI_norm.nii.gz,/home/rbielski/stroke_cleaned/ARC_ATLAS_Combined/A_A_Combined_Data/Processed_LowQualityTrain_Split_Data/train_low_quality/masks/sub-r004s018_ses-1_lesion_mask_MNI_clean.nii.gz,/home/rbielski/stroke_cleaned/ARC_ATLAS_Combined/A_A_Combined_Data/Processed_HiresLowres_Split_Data/Processed_HiresLowres_All/t1/sub-r004s018_ses-1_T1w_MNI_norm.nii.gz,/home/rbielski/stroke_cleaned/ARC_ATLAS_Combined/A_A_Combined_Data/Processed_HiresLowres_Split_Data/Processed_HiresLowres_All/masks/sub-r004s018_ses-1_lesion_mask_MNI_clean.nii.gz,train_hires,False,382,-1.2337034861881757,12.264092944643616,0.035784359947190585,0.506695032119751
train_low_quality,lowest_quality_522_of_non_hires_pool,ATLAS,sub-r009s078_ses-1,sub-r009s078,/home/rbielski/stroke_cleaned/ARC_ATLAS_Combined/A_A_Combined_Data/Processed_LowQualityTrain_Split_Data/train_low_quality/t1/sub-r009s078_ses-1_T1w_MNI_norm.nii.gz,/home/rbielski/stroke_cleaned/ARC_ATLAS_Combined/A_A_Combined_Data/Processed_LowQualityTrain_Split_Data/train_low_quality/masks/sub-r009s078_ses-1_lesion_mask_MNI_clean.nii.gz,/home/rbielski/stroke_cleaned/ARC_ATLAS_Combined/A_A_Combined_Data/Processed_HiresLowres_Split_Data/Processed_HiresLowres_All/t1/sub-r009s078_ses-1_T1w_MNI_norm.nii.gz,/home/rbielski/stroke_cleaned/ARC_ATLAS_Combined/A_A_Combined_Data/Processed_HiresLowres_Split_Data/Processed_HiresLowres_All/masks/sub-r009s078_ses-1_lesion_mask_MNI_clean.nii.gz,train_hires,False,383,-1.2325345627759168,12.564788996288264,0.0399298992774645,0.5284575819969177
train_low_quality,lowest_quality_522_of_non_hires_pool,ATLAS,sub-r031s006_ses-1,sub-r031s006,/home/rbielski/stroke_cleaned/ARC_ATLAS_Combined/A_A_Combined_Data/Processed_LowQualityTrain_Split_Data/train_low_quality/t1/sub-r031s006_ses-1_T1w_MNI_norm.nii.gz,/home/rbielski/stroke_cleaned/ARC_ATLAS_Combined/A_A_Combined_Data/Processed_LowQualityTrain_Split_Data/train_low_quality/masks/sub-r031s006_ses-1_lesion_mask_MNI_clean.nii.gz,/home/rbielski/stroke_cleaned/ARC_ATLAS_Combined/A_A_Combined_Data/Processed_HiresLowres_Split_Data/Processed_HiresLowres_All/t1/sub-r031s006_ses-1_T1w_MNI_norm.nii.gz,/home/rbielski/stroke_cleaned/ARC_ATLAS_Combined/A_A_Combined_Data/Processed_HiresLowres_Split_Data/Processed_HiresLowres_All/masks/sub-r031s006_ses-1_lesion_mask_MNI_clean.nii.gz,train_hires,False,384,-1.2281696886238236,13.41905940761336,0.045462368167428574,0.7089738845825195
train_low_quality,lowest_quality_522_of_non_hires_pool,ATLAS,sub-r038s035_ses-1,sub-r038s035,/home/rbielski/stroke_cleaned/ARC_ATLAS_Combined/A_A_Combined_Data/Processed_LowQualityTrain_Split_Data/train_low_quality/t1/sub-r038s035_ses-1_T1w_MNI_norm.nii.gz,/home/rbielski/stroke_cleaned/ARC_ATLAS_Combined/A_A_Combined_Data/Processed_LowQualityTrain_Split_Data/train_low_quality/masks/sub-r038s035_ses-1_lesion_mask_MNI_clean.nii.gz,/home/rbielski/stroke_cleaned/ARC_ATLAS_Combined/A_A_Combined_Data/Processed_HiresLowres_Split_Data/Processed_HiresLowres_All/t1/sub-r038s035_ses-1_T1w_MNI_norm.nii.gz,/home/rbielski/stroke_cleaned/ARC_ATLAS_Combined/A_A_Combined_Data/Processed_HiresLowres_Split_Data/Processed_HiresLowres_All/masks/sub-r038s035_ses-1_lesion_mask_MNI_clean.nii.gz,train_hires,False,386,-1.2228830843537206,12.121854577845653,0.034888767541361256,0.4852612316608429
train_low_quality,lowest_quality_522_of_non_hires_pool,ATLAS,sub-r009s067_ses-1,sub-r009s067,/home/rbielski/stroke_cleaned/ARC_ATLAS_Combined/A_A_Combined_Data/Processed_LowQualityTrain_Split_Data/train_low_quality/t1/sub-r009s067_ses-1_T1w_MNI_norm.nii.gz,/home/rbielski/stroke_cleaned/ARC_ATLAS_Combined/A_A_Combined_Data/Processed_LowQualityTrain_Split_Data/train_low_quality/masks/sub-r009s067_ses-1_lesion_mask_MNI_clean.nii.gz,/home/rbielski/stroke_cleaned/ARC_ATLAS_Combined/A_A_Combined_Data/Processed_HiresLowres_Split_Data/Processed_HiresLowres_All/t1/sub-r009s067_ses-1_T1w_MNI_norm.nii.gz,/home/rbielski/stroke_cleaned/ARC_ATLAS_Combined/A_A_Combined_Data/Processed_HiresLowres_Split_Data/Processed_HiresLowres_All/masks/sub-r009s067_ses-1_lesion_mask_MNI_clean.nii.gz,train_hires,False,387,-1.2201050089721461,12.456261622301282,0.03866387937606121,0.5263923406600952
train_low_quality,lowest_quality_522_of_non_hires_pool,ATLAS,sub-r009s014_ses-1,sub-r009s014,/home/rbielski/stroke_cleaned/ARC_ATLAS_Combined/A_A_Combined_Data/Processed_LowQualityTrain_Split_Data/train_low_quality/t1/sub-r009s014_ses-1_T1w_MNI_norm.nii.gz,/home/rbielski/stroke_cleaned/ARC_ATLAS_Combined/A_A_Combined_Data/Processed_LowQualityTrain_Split_Data/train_low_quality/masks/sub-r009s014_ses-1_lesion_mask_MNI_clean.nii.gz,/home/rbielski/stroke_cleaned/ARC_ATLAS_Combined/A_A_Combined_Data/Processed_HiresLowres_Split_Data/Processed_HiresLowres_All/t1/sub-r009s014_ses-1_T1w_MNI_norm.nii.gz,/home/rbielski/stroke_cleaned/ARC_ATLAS_Combined/A_A_Combined_Data/Processed_HiresLowres_Split_Data/Processed_HiresLowres_All/masks/sub-r009s014_ses-1_lesion_mask_MNI_clean.nii.gz,train_hires,False,388,-1.2181461196219068,12.117584372083732,0.03624789431205959,0.4619373381137848
train_low_quality,lowest_quality_522_of_non_hires_pool,ATLAS,sub-r009s072_ses-1,sub-r009s072,/home/rbielski/stroke_cleaned/ARC_ATLAS_Combined/A_A_Combined_Data/Processed_LowQualityTrain_Split_Data/train_low_quality/t1/sub-r009s072_ses-1_T1w_MNI_norm.nii.gz,/home/rbielski/stroke_cleaned/ARC_ATLAS_Combined/A_A_Combined_Data/Processed_LowQualityTrain_Split_Data/train_low_quality/masks/sub-r009s072_ses-1_lesion_mask_MNI_clean.nii.gz,/home/rbielski/stroke_cleaned/ARC_ATLAS_Combined/A_A_Combined_Data/Processed_HiresLowres_Split_Data/Processed_HiresLowres_All/t1/sub-r009s072_ses-1_T1w_MNI_norm.nii.gz,/home/rbielski/stroke_cleaned/ARC_ATLAS_Combined/A_A_Combined_Data/Processed_HiresLowres_Split_Data/Processed_HiresLowres_All/masks/sub-r009s072_ses-1_lesion_mask_MNI_clean.nii.gz,train_hires,False,389,-1.2091057493161597,12.765531093042396,0.04096298613682508,0.5935810804367065
train_low_quality,lowest_quality_522_of_non_hires_pool,ATLAS,sub-r031s019_ses-1,sub-r031s019,/home/rbielski/stroke_cleaned/ARC_ATLAS_Combined/A_A_Combined_Data/Processed_LowQualityTrain_Split_Data/train_low_quality/t1/sub-r031s019_ses-1_T1w_MNI_norm.nii.gz,/home/rbielski/stroke_cleaned/ARC_ATLAS_Combined/A_A_Combined_Data/Processed_LowQualityTrain_Split_Data/train_low_quality/masks/sub-r031s019_ses-1_lesion_mask_MNI_clean.nii.gz,/home/rbielski/stroke_cleaned/ARC_ATLAS_Combined/A_A_Combined_Data/Processed_HiresLowres_Split_Data/Processed_HiresLowres_All/t1/sub-r031s019_ses-1_T1w_MNI_norm.nii.gz,/home/rbielski/stroke_cleaned/ARC_ATLAS_Combined/A_A_Combined_Data/Processed_HiresLowres_Split_Data/Processed_HiresLowres_All/masks/sub-r031s019_ses-1_lesion_mask_MNI_clean.nii.gz,test_lores,False,390,-1.203779621325823,12.348272799137506,0.036518145523338874,0.5441802740097046
train_low_quality,lowest_quality_522_of_non_hires_pool,ATLAS,sub-r004s011_ses-1,sub-r004s011,/home/rbielski/stroke_cleaned/ARC_ATLAS_Combined/A_A_Combined_Data/Processed_LowQualityTrain_Split_Data/train_low_quality/t1/sub-r004s011_ses-1_T1w_MNI_norm.nii.gz,/home/rbielski/stroke_cleaned/ARC_ATLAS_Combined/A_A_Combined_Data/Processed_LowQualityTrain_Split_Data/train_low_quality/masks/sub-r004s011_ses-1_lesion_mask_MNI_clean.nii.gz,/home/rbielski/stroke_cleaned/ARC_ATLAS_Combined/A_A_Combined_Data/Processed_HiresLowres_Split_Data/Processed_HiresLowres_All/t1/sub-r004s011_ses-1_T1w_MNI_norm.nii.gz,/home/rbielski/stroke_cleaned/ARC_ATLAS_Combined/A_A_Combined_Data/Processed_HiresLowres_Split_Data/Processed_HiresLowres_All/masks/sub-r004s011_ses-1_lesion_mask_MNI_clean.nii.gz,train_hires,False,391,-1.2016423071134168,12.559315130552466,0.03988256146611088,0.5519071817398071
train_low_quality,lowest_quality_522_of_non_hires_pool,ATLAS,sub-r009s079_ses-1,sub-r009s079,/home/rbielski/stroke_cleaned/ARC_ATLAS_Combined/A_A_Combined_Data/Processed_LowQualityTrain_Split_Data/train_low_quality/t1/sub-r009s079_ses-1_T1w_MNI_norm.nii.gz,/home/rbielski/stroke_cleaned/ARC_ATLAS_Combined/A_A_Combined_Data/Processed_LowQualityTrain_Split_Data/train_low_quality/masks/sub-r009s079_ses-1_lesion_mask_MNI_clean.nii.gz,/home/rbielski/stroke_cleaned/ARC_ATLAS_Combined/A_A_Combined_Data/Processed_HiresLowres_Split_Data/Processed_HiresLowres_All/t1/sub-r009s079_ses-1_T1w_MNI_norm.nii.gz,/home/rbielski/stroke_cleaned/ARC_ATLAS_Combined/A_A_Combined_Data/Processed_HiresLowres_Split_Data/Processed_HiresLowres_All/masks/sub-r009s079_ses-1_lesion_mask_MNI_clean.nii.gz,train_hires,False,392,-1.1970027982324118,12.005181121234171,0.03519216529196944,0.46149709820747375
train_low_quality,lowest_quality_522_of_non_hires_pool,ATLAS,sub-r009s034_ses-1,sub-r009s034,/home/rbielski/stroke_cleaned/ARC_ATLAS_Combined/A_A_Combined_Data/Processed_LowQualityTrain_Split_Data/train_low_quality/t1/sub-r009s034_ses-1_T1w_MNI_norm.nii.gz,/home/rbielski/stroke_cleaned/ARC_ATLAS_Combined/A_A_Combined_Data/Processed_LowQualityTrain_Split_Data/train_low_quality/masks/sub-r009s034_ses-1_lesion_mask_MNI_clean.nii.gz,/home/rbielski/stroke_cleaned/ARC_ATLAS_Combined/A_A_Combined_Data/Processed_HiresLowres_Split_Data/Processed_HiresLowres_All/t1/sub-r009s034_ses-1_T1w_MNI_norm.nii.gz,/home/rbielski/stroke_cleaned/ARC_ATLAS_Combined/A_A_Combined_Data/Processed_HiresLowres_Split_Data/Processed_HiresLowres_All/masks/sub-r009s034_ses-1_lesion_mask_MNI_clean.nii.gz,test_lores,False,393,-1.1964708899612326,12.820624083265516,0.04276174542569002,0.5877484083175659
train_low_quality,lowest_quality_522_of_non_hires_pool,ATLAS,sub-r011s026_ses-1,sub-r011s026,/home/rbielski/stroke_cleaned/ARC_ATLAS_Combined/A_A_Combined_Data/Processed_LowQualityTrain_Split_Data/train_low_quality/t1/sub-r011s026_ses-1_T1w_MNI_norm.nii.gz,/home/rbielski/stroke_cleaned/ARC_ATLAS_Combined/A_A_Combined_Data/Processed_LowQualityTrain_Split_Data/train_low_quality/masks/sub-r011s026_ses-1_lesion_mask_MNI_clean.nii.gz,/home/rbielski/stroke_cleaned/ARC_ATLAS_Combined/A_A_Combined_Data/Processed_HiresLowres_Split_Data/Processed_HiresLowres_All/t1/sub-r011s026_ses-1_T1w_MNI_norm.nii.gz,/home/rbielski/stroke_cleaned/ARC_ATLAS_Combined/A_A_Combined_Data/Processed_HiresLowres_Split_Data/Processed_HiresLowres_All/masks/sub-r011s026_ses-1_lesion_mask_MNI_clean.nii.gz,train_hires,False,394,-1.1961641771173077,13.501982516063647,0.049304010752315934,0.6890289187431335
train_low_quality,lowest_quality_522_of_non_hires_pool,ATLAS,sub-r028s009_ses-1,sub-r028s009,/home/rbielski/stroke_cleaned/ARC_ATLAS_Combined/A_A_Combined_Data/Processed_LowQualityTrain_Split_Data/train_low_quality/t1/sub-r028s009_ses-1_T1w_MNI_norm.nii.gz,/home/rbielski/stroke_cleaned/ARC_ATLAS_Combined/A_A_Combined_Data/Processed_LowQualityTrain_Split_Data/train_low_quality/masks/sub-r028s009_ses-1_lesion_mask_MNI_clean.nii.gz,/home/rbielski/stroke_cleaned/ARC_ATLAS_Combined/A_A_Combined_Data/Processed_HiresLowres_Split_Data/Processed_HiresLowres_All/t1/sub-r028s009_ses-1_T1w_MNI_norm.nii.gz,/home/rbielski/stroke_cleaned/ARC_ATLAS_Combined/A_A_Combined_Data/Processed_HiresLowres_Split_Data/Processed_HiresLowres_All/masks/sub-r028s009_ses-1_lesion_mask_MNI_clean.nii.gz,train_hires,False,395,-1.1943472858694615,13.083292880075776,0.043912262734190556,0.6542611718177795
train_low_quality,lowest_quality_522_of_non_hires_pool,ATLAS,sub-r010s021_ses-1,sub-r010s021,/home/rbielski/stroke_cleaned/ARC_ATLAS_Combined/A_A_Combined_Data/Processed_LowQualityTrain_Split_Data/train_low_quality/t1/sub-r010s021_ses-1_T1w_MNI_norm.nii.gz,/home/rbielski/stroke_cleaned/ARC_ATLAS_Combined/A_A_Combined_Data/Processed_LowQualityTrain_Split_Data/train_low_quality/masks/sub-r010s021_ses-1_lesion_mask_MNI_clean.nii.gz,/home/rbielski/stroke_cleaned/ARC_ATLAS_Combined/A_A_Combined_Data/Processed_HiresLowres_Split_Data/Processed_HiresLowres_All/t1/sub-r010s021_ses-1_T1w_MNI_norm.nii.gz,/home/rbielski/stroke_cleaned/ARC_ATLAS_Combined/A_A_Combined_Data/Processed_HiresLowres_Split_Data/Processed_HiresLowres_All/masks/sub-r010s021_ses-1_lesion_mask_MNI_clean.nii.gz,train_hires,False,396,-1.19142336534204,13.400049549349841,0.04787772184999486,0.6860986351966858
train_low_quality,lowest_quality_522_of_non_hires_pool,ATLAS,sub-r031s027_ses-1,sub-r031s027,/home/rbielski/stroke_cleaned/ARC_ATLAS_Combined/A_A_Combined_Data/Processed_LowQualityTrain_Split_Data/train_low_quality/t1/sub-r031s027_ses-1_T1w_MNI_norm.nii.gz,/home/rbielski/stroke_cleaned/ARC_ATLAS_Combined/A_A_Combined_Data/Processed_LowQualityTrain_Split_Data/train_low_quality/masks/sub-r031s027_ses-1_lesion_mask_MNI_clean.nii.gz,/home/rbielski/stroke_cleaned/ARC_ATLAS_Combined/A_A_Combined_Data/Processed_HiresLowres_Split_Data/Processed_HiresLowres_All/t1/sub-r031s027_ses-1_T1w_MNI_norm.nii.gz,/home/rbielski/stroke_cleaned/ARC_ATLAS_Combined/A_A_Combined_Data/Processed_HiresLowres_Split_Data/Processed_HiresLowres_All/masks/sub-r031s027_ses-1_lesion_mask_MNI_clean.nii.gz,train_hires,False,397,-1.1912672646493911,12.40893561486626,0.037291550867340165,0.5594388246536255
train_low_quality,lowest_quality_522_of_non_hires_pool,ATLAS,sub-r009s117_ses-1,sub-r009s117,/home/rbielski/stroke_cleaned/ARC_ATLAS_Combined/A_A_Combined_Data/Processed_LowQualityTrain_Split_Data/train_low_quality/t1/sub-r009s117_ses-1_T1w_MNI_norm.nii.gz,/home/rbielski/stroke_cleaned/ARC_ATLAS_Combined/A_A_Combined_Data/Processed_LowQualityTrain_Split_Data/train_low_quality/masks/sub-r009s117_ses-1_lesion_mask_MNI_clean.nii.gz,/home/rbielski/stroke_cleaned/ARC_ATLAS_Combined/A_A_Combined_Data/Processed_HiresLowres_Split_Data/Processed_HiresLowres_All/t1/sub-r009s117_ses-1_T1w_MNI_norm.nii.gz,/home/rbielski/stroke_cleaned/ARC_ATLAS_Combined/A_A_Combined_Data/Processed_HiresLowres_Split_Data/Processed_HiresLowres_All/masks/sub-r009s117_ses-1_lesion_mask_MNI_clean.nii.gz,train_hires,False,398,-1.1895090946015785,12.334634317721132,0.037291737162158674,0.5363383889198303
train_low_quality,lowest_quality_522_of_non_hires_pool,ATLAS,sub-r010s008_ses-1,sub-r010s008,/home/rbielski/stroke_cleaned/ARC_ATLAS_Combined/A_A_Combined_Data/Processed_LowQualityTrain_Split_Data/train_low_quality/t1/sub-r010s008_ses-1_T1w_MNI_norm.nii.gz,/home/rbielski/stroke_cleaned/ARC_ATLAS_Combined/A_A_Combined_Data/Processed_LowQualityTrain_Split_Data/train_low_quality/masks/sub-r010s008_ses-1_lesion_mask_MNI_clean.nii.gz,/home/rbielski/stroke_cleaned/ARC_ATLAS_Combined/A_A_Combined_Data/Processed_HiresLowres_Split_Data/Processed_HiresLowres_All/t1/sub-r010s008_ses-1_T1w_MNI_norm.nii.gz,/home/rbielski/stroke_cleaned/ARC_ATLAS_Combined/A_A_Combined_Data/Processed_HiresLowres_Split_Data/Processed_HiresLowres_All/masks/sub-r010s008_ses-1_lesion_mask_MNI_clean.nii.gz,train_hires,False,399,-1.184135497392431,12.998515653131347,0.04398681832866635,0.6329711675643921
train_low_quality,lowest_quality_522_of_non_hires_pool,ATLAS,sub-r038s097_ses-1,sub-r038s097,/home/rbielski/stroke_cleaned/ARC_ATLAS_Combined/A_A_Combined_Data/Processed_LowQualityTrain_Split_Data/train_low_quality/t1/sub-r038s097_ses-1_T1w_MNI_norm.nii.gz,/home/rbielski/stroke_cleaned/ARC_ATLAS_Combined/A_A_Combined_Data/Processed_LowQualityTrain_Split_Data/train_low_quality/masks/sub-r038s097_ses-1_lesion_mask_MNI_clean.nii.gz,/home/rbielski/stroke_cleaned/ARC_ATLAS_Combined/A_A_Combined_Data/Processed_HiresLowres_Split_Data/Processed_HiresLowres_All/t1/sub-r038s097_ses-1_T1w_MNI_norm.nii.gz,/home/rbielski/stroke_cleaned/ARC_ATLAS_Combined/A_A_Combined_Data/Processed_HiresLowres_Split_Data/Processed_HiresLowres_All/masks/sub-r038s097_ses-1_lesion_mask_MNI_clean.nii.gz,train_hires,False,400,-1.1827990231685654,12.48840024615953,0.038212963087996175,0.5749104022979736
train_low_quality,lowest_quality_522_of_non_hires_pool,ATLAS,sub-r010s027_ses-1,sub-r010s027,/home/rbielski/stroke_cleaned/ARC_ATLAS_Combined/A_A_Combined_Data/Processed_LowQualityTrain_Split_Data/train_low_quality/t1/sub-r010s027_ses-1_T1w_MNI_norm.nii.gz,/home/rbielski/stroke_cleaned/ARC_ATLAS_Combined/A_A_Combined_Data/Processed_LowQualityTrain_Split_Data/train_low_quality/masks/sub-r010s027_ses-1_lesion_mask_MNI_clean.nii.gz,/home/rbielski/stroke_cleaned/ARC_ATLAS_Combined/A_A_Combined_Data/Processed_HiresLowres_Split_Data/Processed_HiresLowres_All/t1/sub-r010s027_ses-1_T1w_MNI_norm.nii.gz,/home/rbielski/stroke_cleaned/ARC_ATLAS_Combined/A_A_Combined_Data/Processed_HiresLowres_Split_Data/Processed_HiresLowres_All/masks/sub-r010s027_ses-1_lesion_mask_MNI_clean.nii.gz,train_hires,False,401,-1.1827568495283458,12.931855549293253,0.043058614854390484,0.6296117305755615
train_low_quality,lowest_quality_522_of_non_hires_pool,ATLAS,sub-r009s031_ses-1,sub-r009s031,/home/rbielski/stroke_cleaned/ARC_ATLAS_Combined/A_A_Combined_Data/Processed_LowQualityTrain_Split_Data/train_low_quality/t1/sub-r009s031_ses-1_T1w_MNI_norm.nii.gz,/home/rbielski/stroke_cleaned/ARC_ATLAS_Combined/A_A_Combined_Data/Processed_LowQualityTrain_Split_Data/train_low_quality/masks/sub-r009s031_ses-1_lesion_mask_MNI_clean.nii.gz,/home/rbielski/stroke_cleaned/ARC_ATLAS_Combined/A_A_Combined_Data/Processed_HiresLowres_Split_Data/Processed_HiresLowres_All/t1/sub-r009s031_ses-1_T1w_MNI_norm.nii.gz,/home/rbielski/stroke_cleaned/ARC_ATLAS_Combined/A_A_Combined_Data/Processed_HiresLowres_Split_Data/Processed_HiresLowres_All/masks/sub-r009s031_ses-1_lesion_mask_MNI_clean.nii.gz,train_hires,False,402,-1.1780036017263305,12.214725423883035,0.03760038793590809,0.5000738501548767
train_low_quality,lowest_quality_522_of_non_hires_pool,ATLAS,sub-r004s019_ses-1,sub-r004s019,/home/rbielski/stroke_cleaned/ARC_ATLAS_Combined/A_A_Combined_Data/Processed_LowQualityTrain_Split_Data/train_low_quality/t1/sub-r004s019_ses-1_T1w_MNI_norm.nii.gz,/home/rbielski/stroke_cleaned/ARC_ATLAS_Combined/A_A_Combined_Data/Processed_LowQualityTrain_Split_Data/train_low_quality/masks/sub-r004s019_ses-1_lesion_mask_MNI_clean.nii.gz,/home/rbielski/stroke_cleaned/ARC_ATLAS_Combined/A_A_Combined_Data/Processed_HiresLowres_Split_Data/Processed_HiresLowres_All/t1/sub-r004s019_ses-1_T1w_MNI_norm.nii.gz,/home/rbielski/stroke_cleaned/ARC_ATLAS_Combined/A_A_Combined_Data/Processed_HiresLowres_Split_Data/Processed_HiresLowres_All/masks/sub-r004s019_ses-1_lesion_mask_MNI_clean.nii.gz,test_lores,False,403,-1.1682878653537294,12.136269548120689,0.0363307819752768,0.505845308303833
train_low_quality,lowest_quality_522_of_non_hires_pool,ATLAS,sub-r009s048_ses-1,sub-r009s048,/home/rbielski/stroke_cleaned/ARC_ATLAS_Combined/A_A_Combined_Data/Processed_LowQualityTrain_Split_Data/train_low_quality/t1/sub-r009s048_ses-1_T1w_MNI_norm.nii.gz,/home/rbielski/stroke_cleaned/ARC_ATLAS_Combined/A_A_Combined_Data/Processed_LowQualityTrain_Split_Data/train_low_quality/masks/sub-r009s048_ses-1_lesion_mask_MNI_clean.nii.gz,/home/rbielski/stroke_cleaned/ARC_ATLAS_Combined/A_A_Combined_Data/Processed_HiresLowres_Split_Data/Processed_HiresLowres_All/t1/sub-r009s048_ses-1_T1w_MNI_norm.nii.gz,/home/rbielski/stroke_cleaned/ARC_ATLAS_Combined/A_A_Combined_Data/Processed_HiresLowres_Split_Data/Processed_HiresLowres_All/masks/sub-r009s048_ses-1_lesion_mask_MNI_clean.nii.gz,train_hires,False,406,-1.1549672287983066,12.519661379286434,0.040319960476748164,0.5673905611038208
train_low_quality,lowest_quality_522_of_non_hires_pool,ATLAS,sub-r031s036_ses-1,sub-r031s036,/home/rbielski/stroke_cleaned/ARC_ATLAS_Combined/A_A_Combined_Data/Processed_LowQualityTrain_Split_Data/train_low_quality/t1/sub-r031s036_ses-1_T1w_MNI_norm.nii.gz,/home/rbielski/stroke_cleaned/ARC_ATLAS_Combined/A_A_Combined_Data/Processed_LowQualityTrain_Split_Data/train_low_quality/masks/sub-r031s036_ses-1_lesion_mask_MNI_clean.nii.gz,/home/rbielski/stroke_cleaned/ARC_ATLAS_Combined/A_A_Combined_Data/Processed_HiresLowres_Split_Data/Processed_HiresLowres_All/t1/sub-r031s036_ses-1_T1w_MNI_norm.nii.gz,/home/rbielski/stroke_cleaned/ARC_ATLAS_Combined/A_A_Combined_Data/Processed_HiresLowres_Split_Data/Processed_HiresLowres_All/masks/sub-r031s036_ses-1_lesion_mask_MNI_clean.nii.gz,train_hires,False,407,-1.1547976926329842,12.119678715505662,0.03610672369928098,0.5152448415756226
train_low_quality,lowest_quality_522_of_non_hires_pool,ATLAS,sub-r009s046_ses-1,sub-r009s046,/home/rbielski/stroke_cleaned/ARC_ATLAS_Combined/A_A_Combined_Data/Processed_LowQualityTrain_Split_Data/train_low_quality/t1/sub-r009s046_ses-1_T1w_MNI_norm.nii.gz,/home/rbielski/stroke_cleaned/ARC_ATLAS_Combined/A_A_Combined_Data/Processed_LowQualityTrain_Split_Data/train_low_quality/masks/sub-r009s046_ses-1_lesion_mask_MNI_clean.nii.gz,/home/rbielski/stroke_cleaned/ARC_ATLAS_Combined/A_A_Combined_Data/Processed_HiresLowres_Split_Data/Processed_HiresLowres_All/t1/sub-r009s046_ses-1_T1w_MNI_norm.nii.gz,/home/rbielski/stroke_cleaned/ARC_ATLAS_Combined/A_A_Combined_Data/Processed_HiresLowres_Split_Data/Processed_HiresLowres_All/masks/sub-r009s046_ses-1_lesion_mask_MNI_clean.nii.gz,train_hires,False,408,-1.1509561878802226,12.218461401416711,0.03706314861925667,0.5327727794647217
train_low_quality,lowest_quality_522_of_non_hires_pool,ATLAS,sub-r009s109_ses-1,sub-r009s109,/home/rbielski/stroke_cleaned/ARC_ATLAS_Combined/A_A_Combined_Data/Processed_LowQualityTrain_Split_Data/train_low_quality/t1/sub-r009s109_ses-1_T1w_MNI_norm.nii.gz,/home/rbielski/stroke_cleaned/ARC_ATLAS_Combined/A_A_Combined_Data/Processed_LowQualityTrain_Split_Data/train_low_quality/masks/sub-r009s109_ses-1_lesion_mask_MNI_clean.nii.gz,/home/rbielski/stroke_cleaned/ARC_ATLAS_Combined/A_A_Combined_Data/Processed_HiresLowres_Split_Data/Processed_HiresLowres_All/t1/sub-r009s109_ses-1_T1w_MNI_norm.nii.gz,/home/rbielski/stroke_cleaned/ARC_ATLAS_Combined/A_A_Combined_Data/Processed_HiresLowres_Split_Data/Processed_HiresLowres_All/masks/sub-r009s109_ses-1_lesion_mask_MNI_clean.nii.gz,train_hires,False,409,-1.1468761354369057,12.149876556354757,0.03756398435551181,0.5039376616477966
train_low_quality,lowest_quality_522_of_non_hires_pool,ATLAS,sub-r027s006_ses-1,sub-r027s006,/home/rbielski/stroke_cleaned/ARC_ATLAS_Combined/A_A_Combined_Data/Processed_LowQualityTrain_Split_Data/train_low_quality/t1/sub-r027s006_ses-1_T1w_MNI_norm.nii.gz,/home/rbielski/stroke_cleaned/ARC_ATLAS_Combined/A_A_Combined_Data/Processed_LowQualityTrain_Split_Data/train_low_quality/masks/sub-r027s006_ses-1_lesion_mask_MNI_clean.nii.gz,/home/rbielski/stroke_cleaned/ARC_ATLAS_Combined/A_A_Combined_Data/Processed_HiresLowres_Split_Data/Processed_HiresLowres_All/t1/sub-r027s006_ses-1_T1w_MNI_norm.nii.gz,/home/rbielski/stroke_cleaned/ARC_ATLAS_Combined/A_A_Combined_Data/Processed_HiresLowres_Split_Data/Processed_HiresLowres_All/masks/sub-r027s006_ses-1_lesion_mask_MNI_clean.nii.gz,train_hires,False,410,-1.1460397743658925,12.46276543829771,0.040062627537885094,0.5605391263961792
train_low_quality,lowest_quality_522_of_non_hires_pool,ATLAS,sub-r019s009_ses-1,sub-r019s009,/home/rbielski/stroke_cleaned/ARC_ATLAS_Combined/A_A_Combined_Data/Processed_LowQualityTrain_Split_Data/train_low_quality/t1/sub-r019s009_ses-1_T1w_MNI_norm.nii.gz,/home/rbielski/stroke_cleaned/ARC_ATLAS_Combined/A_A_Combined_Data/Processed_LowQualityTrain_Split_Data/train_low_quality/masks/sub-r019s009_ses-1_lesion_mask_MNI_clean.nii.gz,/home/rbielski/stroke_cleaned/ARC_ATLAS_Combined/A_A_Combined_Data/Processed_HiresLowres_Split_Data/Processed_HiresLowres_All/t1/sub-r019s009_ses-1_T1w_MNI_norm.nii.gz,/home/rbielski/stroke_cleaned/ARC_ATLAS_Combined/A_A_Combined_Data/Processed_HiresLowres_Split_Data/Processed_HiresLowres_All/masks/sub-r019s009_ses-1_lesion_mask_MNI_clean.nii.gz,train_hires,False,411,-1.1420119734107526,12.199929678381993,0.037662324564932806,0.5224103927612305
train_low_quality,lowest_quality_522_of_non_hires_pool,ATLAS,sub-r004s037_ses-1,sub-r004s037,/home/rbielski/stroke_cleaned/ARC_ATLAS_Combined/A_A_Combined_Data/Processed_LowQualityTrain_Split_Data/train_low_quality/t1/sub-r004s037_ses-1_T1w_MNI_norm.nii.gz,/home/rbielski/stroke_cleaned/ARC_ATLAS_Combined/A_A_Combined_Data/Processed_LowQualityTrain_Split_Data/train_low_quality/masks/sub-r004s037_ses-1_lesion_mask_MNI_clean.nii.gz,/home/rbielski/stroke_cleaned/ARC_ATLAS_Combined/A_A_Combined_Data/Processed_HiresLowres_Split_Data/Processed_HiresLowres_All/t1/sub-r004s037_ses-1_T1w_MNI_norm.nii.gz,/home/rbielski/stroke_cleaned/ARC_ATLAS_Combined/A_A_Combined_Data/Processed_HiresLowres_Split_Data/Processed_HiresLowres_All/masks/sub-r004s037_ses-1_lesion_mask_MNI_clean.nii.gz,train_hires,False,412,-1.141431909388068,12.138105094188688,0.03658937698650465,0.5227465033531189
train_low_quality,lowest_quality_522_of_non_hires_pool,ATLAS,sub-r009s094_ses-1,sub-r009s094,/home/rbielski/stroke_cleaned/ARC_ATLAS_Combined/A_A_Combined_Data/Processed_LowQualityTrain_Split_Data/train_low_quality/t1/sub-r009s094_ses-1_T1w_MNI_norm.nii.gz,/home/rbielski/stroke_cleaned/ARC_ATLAS_Combined/A_A_Combined_Data/Processed_LowQualityTrain_Split_Data/train_low_quality/masks/sub-r009s094_ses-1_lesion_mask_MNI_clean.nii.gz,/home/rbielski/stroke_cleaned/ARC_ATLAS_Combined/A_A_Combined_Data/Processed_HiresLowres_Split_Data/Processed_HiresLowres_All/t1/sub-r009s094_ses-1_T1w_MNI_norm.nii.gz,/home/rbielski/stroke_cleaned/ARC_ATLAS_Combined/A_A_Combined_Data/Processed_HiresLowres_Split_Data/Processed_HiresLowres_All/masks/sub-r009s094_ses-1_lesion_mask_MNI_clean.nii.gz,train_hires,False,413,-1.1400189633984172,11.831070522684028,0.0341993903475887,0.46779701113700867
train_low_quality,lowest_quality_522_of_non_hires_pool,ATLAS,sub-r038s022_ses-1,sub-r038s022,/home/rbielski/stroke_cleaned/ARC_ATLAS_Combined/A_A_Combined_Data/Processed_LowQualityTrain_Split_Data/train_low_quality/t1/sub-r038s022_ses-1_T1w_MNI_norm.nii.gz,/home/rbielski/stroke_cleaned/ARC_ATLAS_Combined/A_A_Combined_Data/Processed_LowQualityTrain_Split_Data/train_low_quality/masks/sub-r038s022_ses-1_lesion_mask_MNI_clean.nii.gz,/home/rbielski/stroke_cleaned/ARC_ATLAS_Combined/A_A_Combined_Data/Processed_HiresLowres_Split_Data/Processed_HiresLowres_All/t1/sub-r038s022_ses-1_T1w_MNI_norm.nii.gz,/home/rbielski/stroke_cleaned/ARC_ATLAS_Combined/A_A_Combined_Data/Processed_HiresLowres_Split_Data/Processed_HiresLowres_All/masks/sub-r038s022_ses-1_lesion_mask_MNI_clean.nii.gz,train_hires,False,414,-1.1351127326767219,12.652975926800874,0.041610395400267224,0.6026200652122498
train_low_quality,lowest_quality_522_of_non_hires_pool,ATLAS,sub-r040s016_ses-1,sub-r040s016,/home/rbielski/stroke_cleaned/ARC_ATLAS_Combined/A_A_Combined_Data/Processed_LowQualityTrain_Split_Data/train_low_quality/t1/sub-r040s016_ses-1_T1w_MNI_norm.nii.gz,/home/rbielski/stroke_cleaned/ARC_ATLAS_Combined/A_A_Combined_Data/Processed_LowQualityTrain_Split_Data/train_low_quality/masks/sub-r040s016_ses-1_lesion_mask_MNI_clean.nii.gz,/home/rbielski/stroke_cleaned/ARC_ATLAS_Combined/A_A_Combined_Data/Processed_HiresLowres_Split_Data/Processed_HiresLowres_All/t1/sub-r040s016_ses-1_T1w_MNI_norm.nii.gz,/home/rbielski/stroke_cleaned/ARC_ATLAS_Combined/A_A_Combined_Data/Processed_HiresLowres_Split_Data/Processed_HiresLowres_All/masks/sub-r040s016_ses-1_lesion_mask_MNI_clean.nii.gz,train_hires,False,415,-1.1324718134064082,12.838449779656273,0.04289038277427379,0.6416603326797485
train_low_quality,lowest_quality_522_of_non_hires_pool,ATLAS,sub-r009s106_ses-1,sub-r009s106,/home/rbielski/stroke_cleaned/ARC_ATLAS_Combined/A_A_Combined_Data/Processed_LowQualityTrain_Split_Data/train_low_quality/t1/sub-r009s106_ses-1_T1w_MNI_norm.nii.gz,/home/rbielski/stroke_cleaned/ARC_ATLAS_Combined/A_A_Combined_Data/Processed_LowQualityTrain_Split_Data/train_low_quality/masks/sub-r009s106_ses-1_lesion_mask_MNI_clean.nii.gz,/home/rbielski/stroke_cleaned/ARC_ATLAS_Combined/A_A_Combined_Data/Processed_HiresLowres_Split_Data/Processed_HiresLowres_All/t1/sub-r009s106_ses-1_T1w_MNI_norm.nii.gz,/home/rbielski/stroke_cleaned/ARC_ATLAS_Combined/A_A_Combined_Data/Processed_HiresLowres_Split_Data/Processed_HiresLowres_All/masks/sub-r009s106_ses-1_lesion_mask_MNI_clean.nii.gz,train_hires,False,416,-1.1288952264364434,12.150569505332411,0.03719614639240988,0.5252872705459595
train_low_quality,lowest_quality_522_of_non_hires_pool,ATLAS,sub-r009s015_ses-1,sub-r009s015,/home/rbielski/stroke_cleaned/ARC_ATLAS_Combined/A_A_Combined_Data/Processed_LowQualityTrain_Split_Data/train_low_quality/t1/sub-r009s015_ses-1_T1w_MNI_norm.nii.gz,/home/rbielski/stroke_cleaned/ARC_ATLAS_Combined/A_A_Combined_Data/Processed_LowQualityTrain_Split_Data/train_low_quality/masks/sub-r009s015_ses-1_lesion_mask_MNI_clean.nii.gz,/home/rbielski/stroke_cleaned/ARC_ATLAS_Combined/A_A_Combined_Data/Processed_HiresLowres_Split_Data/Processed_HiresLowres_All/t1/sub-r009s015_ses-1_T1w_MNI_norm.nii.gz,/home/rbielski/stroke_cleaned/ARC_ATLAS_Combined/A_A_Combined_Data/Processed_HiresLowres_Split_Data/Processed_HiresLowres_All/masks/sub-r009s015_ses-1_lesion_mask_MNI_clean.nii.gz,train_hires,False,417,-1.1274667568354675,12.546122046621573,0.04109290602974776,0.5832064747810364
train_low_quality,lowest_quality_522_of_non_hires_pool,ATLAS,sub-r028s026_ses-1,sub-r028s026,/home/rbielski/stroke_cleaned/ARC_ATLAS_Combined/A_A_Combined_Data/Processed_LowQualityTrain_Split_Data/train_low_quality/t1/sub-r028s026_ses-1_T1w_MNI_norm.nii.gz,/home/rbielski/stroke_cleaned/ARC_ATLAS_Combined/A_A_Combined_Data/Processed_LowQualityTrain_Split_Data/train_low_quality/masks/sub-r028s026_ses-1_lesion_mask_MNI_clean.nii.gz,/home/rbielski/stroke_cleaned/ARC_ATLAS_Combined/A_A_Combined_Data/Processed_HiresLowres_Split_Data/Processed_HiresLowres_All/t1/sub-r028s026_ses-1_T1w_MNI_norm.nii.gz,/home/rbielski/stroke_cleaned/ARC_ATLAS_Combined/A_A_Combined_Data/Processed_HiresLowres_Split_Data/Processed_HiresLowres_All/masks/sub-r028s026_ses-1_lesion_mask_MNI_clean.nii.gz,train_hires,False,418,-1.1253826610959012,12.072811498680178,0.036361376406813625,0.5181901454925537
train_low_quality,lowest_quality_522_of_non_hires_pool,ATLAS,sub-r040s001_ses-1,sub-r040s001,/home/rbielski/stroke_cleaned/ARC_ATLAS_Combined/A_A_Combined_Data/Processed_LowQualityTrain_Split_Data/train_low_quality/t1/sub-r040s001_ses-1_T1w_MNI_norm.nii.gz,/home/rbielski/stroke_cleaned/ARC_ATLAS_Combined/A_A_Combined_Data/Processed_LowQualityTrain_Split_Data/train_low_quality/masks/sub-r040s001_ses-1_lesion_mask_MNI_clean.nii.gz,/home/rbielski/stroke_cleaned/ARC_ATLAS_Combined/A_A_Combined_Data/Processed_HiresLowres_Split_Data/Processed_HiresLowres_All/t1/sub-r040s001_ses-1_T1w_MNI_norm.nii.gz,/home/rbielski/stroke_cleaned/ARC_ATLAS_Combined/A_A_Combined_Data/Processed_HiresLowres_Split_Data/Processed_HiresLowres_All/masks/sub-r040s001_ses-1_lesion_mask_MNI_clean.nii.gz,train_hires,False,419,-1.1218575255102428,13.043234634672725,0.04532035526418734,0.6716464161872864
train_low_quality,lowest_quality_522_of_non_hires_pool,ATLAS,sub-r010s022_ses-1,sub-r010s022,/home/rbielski/stroke_cleaned/ARC_ATLAS_Combined/A_A_Combined_Data/Processed_LowQualityTrain_Split_Data/train_low_quality/t1/sub-r010s022_ses-1_T1w_MNI_norm.nii.gz,/home/rbielski/stroke_cleaned/ARC_ATLAS_Combined/A_A_Combined_Data/Processed_LowQualityTrain_Split_Data/train_low_quality/masks/sub-r010s022_ses-1_lesion_mask_MNI_clean.nii.gz,/home/rbielski/stroke_cleaned/ARC_ATLAS_Combined/A_A_Combined_Data/Processed_HiresLowres_Split_Data/Processed_HiresLowres_All/t1/sub-r010s022_ses-1_T1w_MNI_norm.nii.gz,/home/rbielski/stroke_cleaned/ARC_ATLAS_Combined/A_A_Combined_Data/Processed_HiresLowres_Split_Data/Processed_HiresLowres_All/masks/sub-r010s022_ses-1_lesion_mask_MNI_clean.nii.gz,train_hires,False,420,-1.1155178583532765,12.938350788200365,0.045121066842164756,0.6458461880683899
train_low_quality,lowest_quality_522_of_non_hires_pool,ATLAS,sub-r038s069_ses-1,sub-r038s069,/home/rbielski/stroke_cleaned/ARC_ATLAS_Combined/A_A_Combined_Data/Processed_LowQualityTrain_Split_Data/train_low_quality/t1/sub-r038s069_ses-1_T1w_MNI_norm.nii.gz,/home/rbielski/stroke_cleaned/ARC_ATLAS_Combined/A_A_Combined_Data/Processed_LowQualityTrain_Split_Data/train_low_quality/masks/sub-r038s069_ses-1_lesion_mask_MNI_clean.nii.gz,/home/rbielski/stroke_cleaned/ARC_ATLAS_Combined/A_A_Combined_Data/Processed_HiresLowres_Split_Data/Processed_HiresLowres_All/t1/sub-r038s069_ses-1_T1w_MNI_norm.nii.gz,/home/rbielski/stroke_cleaned/ARC_ATLAS_Combined/A_A_Combined_Data/Processed_HiresLowres_Split_Data/Processed_HiresLowres_All/masks/sub-r038s069_ses-1_lesion_mask_MNI_clean.nii.gz,train_hires,False,421,-1.1077989383615978,12.770438533714279,0.043216995468935,0.6325408220291138
train_low_quality,lowest_quality_522_of_non_hires_pool,ATLAS,sub-r040s072_ses-1,sub-r040s072,/home/rbielski/stroke_cleaned/ARC_ATLAS_Combined/A_A_Combined_Data/Processed_LowQualityTrain_Split_Data/train_low_quality/t1/sub-r040s072_ses-1_T1w_MNI_norm.nii.gz,/home/rbielski/stroke_cleaned/ARC_ATLAS_Combined/A_A_Combined_Data/Processed_LowQualityTrain_Split_Data/train_low_quality/masks/sub-r040s072_ses-1_lesion_mask_MNI_clean.nii.gz,/home/rbielski/stroke_cleaned/ARC_ATLAS_Combined/A_A_Combined_Data/Processed_HiresLowres_Split_Data/Processed_HiresLowres_All/t1/sub-r040s072_ses-1_T1w_MNI_norm.nii.gz,/home/rbielski/stroke_cleaned/ARC_ATLAS_Combined/A_A_Combined_Data/Processed_HiresLowres_Split_Data/Processed_HiresLowres_All/masks/sub-r040s072_ses-1_lesion_mask_MNI_clean.nii.gz,train_hires,False,422,-1.092182237030817,12.342801562044572,0.03911556590454078,0.5813531279563904
train_low_quality,lowest_quality_522_of_non_hires_pool,ATLAS,sub-r009s029_ses-1,sub-r009s029,/home/rbielski/stroke_cleaned/ARC_ATLAS_Combined/A_A_Combined_Data/Processed_LowQualityTrain_Split_Data/train_low_quality/t1/sub-r009s029_ses-1_T1w_MNI_norm.nii.gz,/home/rbielski/stroke_cleaned/ARC_ATLAS_Combined/A_A_Combined_Data/Processed_LowQualityTrain_Split_Data/train_low_quality/masks/sub-r009s029_ses-1_lesion_mask_MNI_clean.nii.gz,/home/rbielski/stroke_cleaned/ARC_ATLAS_Combined/A_A_Combined_Data/Processed_HiresLowres_Split_Data/Processed_HiresLowres_All/t1/sub-r009s029_ses-1_T1w_MNI_norm.nii.gz,/home/rbielski/stroke_cleaned/ARC_ATLAS_Combined/A_A_Combined_Data/Processed_HiresLowres_Split_Data/Processed_HiresLowres_All/masks/sub-r009s029_ses-1_lesion_mask_MNI_clean.nii.gz,test_lores,False,423,-1.084058821185028,12.07286801126742,0.03788572676053362,0.5220238566398621
train_low_quality,lowest_quality_522_of_non_hires_pool,ATLAS,sub-r001s022_ses-1,sub-r001s022,/home/rbielski/stroke_cleaned/ARC_ATLAS_Combined/A_A_Combined_Data/Processed_LowQualityTrain_Split_Data/train_low_quality/t1/sub-r001s022_ses-1_T1w_MNI_norm.nii.gz,/home/rbielski/stroke_cleaned/ARC_ATLAS_Combined/A_A_Combined_Data/Processed_LowQualityTrain_Split_Data/train_low_quality/masks/sub-r001s022_ses-1_lesion_mask_MNI_clean.nii.gz,/home/rbielski/stroke_cleaned/ARC_ATLAS_Combined/A_A_Combined_Data/Processed_HiresLowres_Split_Data/Processed_HiresLowres_All/t1/sub-r001s022_ses-1_T1w_MNI_norm.nii.gz,/home/rbielski/stroke_cleaned/ARC_ATLAS_Combined/A_A_Combined_Data/Processed_HiresLowres_Split_Data/Processed_HiresLowres_All/masks/sub-r001s022_ses-1_lesion_mask_MNI_clean.nii.gz,train_hires,False,424,-1.0791606460245287,12.536286894597627,0.043970247514804016,0.5637502670288086
train_low_quality,lowest_quality_522_of_non_hires_pool,ATLAS,sub-r009s122_ses-1,sub-r009s122,/home/rbielski/stroke_cleaned/ARC_ATLAS_Combined/A_A_Combined_Data/Processed_LowQualityTrain_Split_Data/train_low_quality/t1/sub-r009s122_ses-1_T1w_MNI_norm.nii.gz,/home/rbielski/stroke_cleaned/ARC_ATLAS_Combined/A_A_Combined_Data/Processed_LowQualityTrain_Split_Data/train_low_quality/masks/sub-r009s122_ses-1_lesion_mask_MNI_clean.nii.gz,/home/rbielski/stroke_cleaned/ARC_ATLAS_Combined/A_A_Combined_Data/Processed_HiresLowres_Split_Data/Processed_HiresLowres_All/t1/sub-r009s122_ses-1_T1w_MNI_norm.nii.gz,/home/rbielski/stroke_cleaned/ARC_ATLAS_Combined/A_A_Combined_Data/Processed_HiresLowres_Split_Data/Processed_HiresLowres_All/masks/sub-r009s122_ses-1_lesion_mask_MNI_clean.nii.gz,train_hires,False,425,-1.075219552446335,12.050811171723721,0.03764825553822617,0.5262079834938049
train_low_quality,lowest_quality_522_of_non_hires_pool,ATLAS,sub-r031s010_ses-1,sub-r031s010,/home/rbielski/stroke_cleaned/ARC_ATLAS_Combined/A_A_Combined_Data/Processed_LowQualityTrain_Split_Data/train_low_quality/t1/sub-r031s010_ses-1_T1w_MNI_norm.nii.gz,/home/rbielski/stroke_cleaned/ARC_ATLAS_Combined/A_A_Combined_Data/Processed_LowQualityTrain_Split_Data/train_low_quality/masks/sub-r031s010_ses-1_lesion_mask_MNI_clean.nii.gz,/home/rbielski/stroke_cleaned/ARC_ATLAS_Combined/A_A_Combined_Data/Processed_HiresLowres_Split_Data/Processed_HiresLowres_All/t1/sub-r031s010_ses-1_T1w_MNI_norm.nii.gz,/home/rbielski/stroke_cleaned/ARC_ATLAS_Combined/A_A_Combined_Data/Processed_HiresLowres_Split_Data/Processed_HiresLowres_All/masks/sub-r031s010_ses-1_lesion_mask_MNI_clean.nii.gz,train_hires,False,427,-1.0661256479486,12.957348956432824,0.046550036830566056,0.6640838980674744
train_low_quality,lowest_quality_522_of_non_hires_pool,ATLAS,sub-r009s095_ses-1,sub-r009s095,/home/rbielski/stroke_cleaned/ARC_ATLAS_Combined/A_A_Combined_Data/Processed_LowQualityTrain_Split_Data/train_low_quality/t1/sub-r009s095_ses-1_T1w_MNI_norm.nii.gz,/home/rbielski/stroke_cleaned/ARC_ATLAS_Combined/A_A_Combined_Data/Processed_LowQualityTrain_Split_Data/train_low_quality/masks/sub-r009s095_ses-1_lesion_mask_MNI_clean.nii.gz,/home/rbielski/stroke_cleaned/ARC_ATLAS_Combined/A_A_Combined_Data/Processed_HiresLowres_Split_Data/Processed_HiresLowres_All/t1/sub-r009s095_ses-1_T1w_MNI_norm.nii.gz,/home/rbielski/stroke_cleaned/ARC_ATLAS_Combined/A_A_Combined_Data/Processed_HiresLowres_Split_Data/Processed_HiresLowres_All/masks/sub-r009s095_ses-1_lesion_mask_MNI_clean.nii.gz,train_hires,False,428,-1.0610060841535178,12.232004982180506,0.038934935298145394,0.5728370547294617
train_low_quality,lowest_quality_522_of_non_hires_pool,ATLAS,sub-r010s002_ses-1,sub-r010s002,/home/rbielski/stroke_cleaned/ARC_ATLAS_Combined/A_A_Combined_Data/Processed_LowQualityTrain_Split_Data/train_low_quality/t1/sub-r010s002_ses-1_T1w_MNI_norm.nii.gz,/home/rbielski/stroke_cleaned/ARC_ATLAS_Combined/A_A_Combined_Data/Processed_LowQualityTrain_Split_Data/train_low_quality/masks/sub-r010s002_ses-1_lesion_mask_MNI_clean.nii.gz,/home/rbielski/stroke_cleaned/ARC_ATLAS_Combined/A_A_Combined_Data/Processed_HiresLowres_Split_Data/Processed_HiresLowres_All/t1/sub-r010s002_ses-1_T1w_MNI_norm.nii.gz,/home/rbielski/stroke_cleaned/ARC_ATLAS_Combined/A_A_Combined_Data/Processed_HiresLowres_Split_Data/Processed_HiresLowres_All/masks/sub-r010s002_ses-1_lesion_mask_MNI_clean.nii.gz,train_hires,False,429,-1.0545992882093689,12.622887946282207,0.04427899803302649,0.6058268547058105
train_low_quality,lowest_quality_522_of_non_hires_pool,ATLAS,sub-r031s026_ses-1,sub-r031s026,/home/rbielski/stroke_cleaned/ARC_ATLAS_Combined/A_A_Combined_Data/Processed_LowQualityTrain_Split_Data/train_low_quality/t1/sub-r031s026_ses-1_T1w_MNI_norm.nii.gz,/home/rbielski/stroke_cleaned/ARC_ATLAS_Combined/A_A_Combined_Data/Processed_LowQualityTrain_Split_Data/train_low_quality/masks/sub-r031s026_ses-1_lesion_mask_MNI_clean.nii.gz,/home/rbielski/stroke_cleaned/ARC_ATLAS_Combined/A_A_Combined_Data/Processed_HiresLowres_Split_Data/Processed_HiresLowres_All/t1/sub-r031s026_ses-1_T1w_MNI_norm.nii.gz,/home/rbielski/stroke_cleaned/ARC_ATLAS_Combined/A_A_Combined_Data/Processed_HiresLowres_Split_Data/Processed_HiresLowres_All/masks/sub-r031s026_ses-1_lesion_mask_MNI_clean.nii.gz,train_hires,False,430,-1.050037149476871,12.861268994196001,0.04515464969918297,0.6714471578598022
train_low_quality,lowest_quality_522_of_non_hires_pool,ATLAS,sub-r031s024_ses-1,sub-r031s024,/home/rbielski/stroke_cleaned/ARC_ATLAS_Combined/A_A_Combined_Data/Processed_LowQualityTrain_Split_Data/train_low_quality/t1/sub-r031s024_ses-1_T1w_MNI_norm.nii.gz,/home/rbielski/stroke_cleaned/ARC_ATLAS_Combined/A_A_Combined_Data/Processed_LowQualityTrain_Split_Data/train_low_quality/masks/sub-r031s024_ses-1_lesion_mask_MNI_clean.nii.gz,/home/rbielski/stroke_cleaned/ARC_ATLAS_Combined/A_A_Combined_Data/Processed_HiresLowres_Split_Data/Processed_HiresLowres_All/t1/sub-r031s024_ses-1_T1w_MNI_norm.nii.gz,/home/rbielski/stroke_cleaned/ARC_ATLAS_Combined/A_A_Combined_Data/Processed_HiresLowres_Split_Data/Processed_HiresLowres_All/masks/sub-r031s024_ses-1_lesion_mask_MNI_clean.nii.gz,test_lores,False,432,-1.0282424846197848,12.502853639440266,0.04298490061956866,0.6114820837974548
train_low_quality,lowest_quality_522_of_non_hires_pool,ATLAS,sub-r048s036_ses-1,sub-r048s036,/home/rbielski/stroke_cleaned/ARC_ATLAS_Combined/A_A_Combined_Data/Processed_LowQualityTrain_Split_Data/train_low_quality/t1/sub-r048s036_ses-1_T1w_MNI_norm.nii.gz,/home/rbielski/stroke_cleaned/ARC_ATLAS_Combined/A_A_Combined_Data/Processed_LowQualityTrain_Split_Data/train_low_quality/masks/sub-r048s036_ses-1_lesion_mask_MNI_clean.nii.gz,/home/rbielski/stroke_cleaned/ARC_ATLAS_Combined/A_A_Combined_Data/Processed_HiresLowres_Split_Data/Processed_HiresLowres_All/t1/sub-r048s036_ses-1_T1w_MNI_norm.nii.gz,/home/rbielski/stroke_cleaned/ARC_ATLAS_Combined/A_A_Combined_Data/Processed_HiresLowres_Split_Data/Processed_HiresLowres_All/masks/sub-r048s036_ses-1_lesion_mask_MNI_clean.nii.gz,test_lores,False,433,-1.0253547182865506,11.95910857242938,0.03939712086223812,0.5023032426834106
train_low_quality,lowest_quality_522_of_non_hires_pool,ATLAS,sub-r009s057_ses-1,sub-r009s057,/home/rbielski/stroke_cleaned/ARC_ATLAS_Combined/A_A_Combined_Data/Processed_LowQualityTrain_Split_Data/train_low_quality/t1/sub-r009s057_ses-1_T1w_MNI_norm.nii.gz,/home/rbielski/stroke_cleaned/ARC_ATLAS_Combined/A_A_Combined_Data/Processed_LowQualityTrain_Split_Data/train_low_quality/masks/sub-r009s057_ses-1_lesion_mask_MNI_clean.nii.gz,/home/rbielski/stroke_cleaned/ARC_ATLAS_Combined/A_A_Combined_Data/Processed_HiresLowres_Split_Data/Processed_HiresLowres_All/t1/sub-r009s057_ses-1_T1w_MNI_norm.nii.gz,/home/rbielski/stroke_cleaned/ARC_ATLAS_Combined/A_A_Combined_Data/Processed_HiresLowres_Split_Data/Processed_HiresLowres_All/masks/sub-r009s057_ses-1_lesion_mask_MNI_clean.nii.gz,train_hires,False,434,-1.017717903278353,12.198175923518269,0.040636792114820755,0.563703715801239
train_low_quality,lowest_quality_522_of_non_hires_pool,ATLAS,sub-r010s018_ses-1,sub-r010s018,/home/rbielski/stroke_cleaned/ARC_ATLAS_Combined/A_A_Combined_Data/Processed_LowQualityTrain_Split_Data/train_low_quality/t1/sub-r010s018_ses-1_T1w_MNI_norm.nii.gz,/home/rbielski/stroke_cleaned/ARC_ATLAS_Combined/A_A_Combined_Data/Processed_LowQualityTrain_Split_Data/train_low_quality/masks/sub-r010s018_ses-1_lesion_mask_MNI_clean.nii.gz,/home/rbielski/stroke_cleaned/ARC_ATLAS_Combined/A_A_Combined_Data/Processed_HiresLowres_Split_Data/Processed_HiresLowres_All/t1/sub-r010s018_ses-1_T1w_MNI_norm.nii.gz,/home/rbielski/stroke_cleaned/ARC_ATLAS_Combined/A_A_Combined_Data/Processed_HiresLowres_Split_Data/Processed_HiresLowres_All/masks/sub-r010s018_ses-1_lesion_mask_MNI_clean.nii.gz,train_hires,False,435,-1.0124377984758537,13.40138154550607,0.05286555134379109,0.7335352301597595
train_low_quality,lowest_quality_522_of_non_hires_pool,ATLAS,sub-r009s021_ses-1,sub-r009s021,/home/rbielski/stroke_cleaned/ARC_ATLAS_Combined/A_A_Combined_Data/Processed_LowQualityTrain_Split_Data/train_low_quality/t1/sub-r009s021_ses-1_T1w_MNI_norm.nii.gz,/home/rbielski/stroke_cleaned/ARC_ATLAS_Combined/A_A_Combined_Data/Processed_LowQualityTrain_Split_Data/train_low_quality/masks/sub-r009s021_ses-1_lesion_mask_MNI_clean.nii.gz,/home/rbielski/stroke_cleaned/ARC_ATLAS_Combined/A_A_Combined_Data/Processed_HiresLowres_Split_Data/Processed_HiresLowres_All/t1/sub-r009s021_ses-1_T1w_MNI_norm.nii.gz,/home/rbielski/stroke_cleaned/ARC_ATLAS_Combined/A_A_Combined_Data/Processed_HiresLowres_Split_Data/Processed_HiresLowres_All/masks/sub-r009s021_ses-1_lesion_mask_MNI_clean.nii.gz,train_hires,False,436,-1.0055117401215523,11.800257331568174,0.036437251857901753,0.5214710235595703
train_low_quality,lowest_quality_522_of_non_hires_pool,ATLAS,sub-r031s037_ses-1,sub-r031s037,/home/rbielski/stroke_cleaned/ARC_ATLAS_Combined/A_A_Combined_Data/Processed_LowQualityTrain_Split_Data/train_low_quality/t1/sub-r031s037_ses-1_T1w_MNI_norm.nii.gz,/home/rbielski/stroke_cleaned/ARC_ATLAS_Combined/A_A_Combined_Data/Processed_LowQualityTrain_Split_Data/train_low_quality/masks/sub-r031s037_ses-1_lesion_mask_MNI_clean.nii.gz,/home/rbielski/stroke_cleaned/ARC_ATLAS_Combined/A_A_Combined_Data/Processed_HiresLowres_Split_Data/Processed_HiresLowres_All/t1/sub-r031s037_ses-1_T1w_MNI_norm.nii.gz,/home/rbielski/stroke_cleaned/ARC_ATLAS_Combined/A_A_Combined_Data/Processed_HiresLowres_Split_Data/Processed_HiresLowres_All/masks/sub-r031s037_ses-1_lesion_mask_MNI_clean.nii.gz,test_lores,False,438,-1.0036859254198889,12.380982057695844,0.04236589830368789,0.6023706197738647
train_low_quality,lowest_quality_522_of_non_hires_pool,ATLAS,sub-r010s023_ses-1,sub-r010s023,/home/rbielski/stroke_cleaned/ARC_ATLAS_Combined/A_A_Combined_Data/Processed_LowQualityTrain_Split_Data/train_low_quality/t1/sub-r010s023_ses-1_T1w_MNI_norm.nii.gz,/home/rbielski/stroke_cleaned/ARC_ATLAS_Combined/A_A_Combined_Data/Processed_LowQualityTrain_Split_Data/train_low_quality/masks/sub-r010s023_ses-1_lesion_mask_MNI_clean.nii.gz,/home/rbielski/stroke_cleaned/ARC_ATLAS_Combined/A_A_Combined_Data/Processed_HiresLowres_Split_Data/Processed_HiresLowres_All/t1/sub-r010s023_ses-1_T1w_MNI_norm.nii.gz,/home/rbielski/stroke_cleaned/ARC_ATLAS_Combined/A_A_Combined_Data/Processed_HiresLowres_Split_Data/Processed_HiresLowres_All/masks/sub-r010s023_ses-1_lesion_mask_MNI_clean.nii.gz,train_hires,False,439,-1.0000702419685101,12.86542816832115,0.04788952203890308,0.6606008410453796
train_low_quality,lowest_quality_522_of_non_hires_pool,ATLAS,sub-r038s007_ses-1,sub-r038s007,/home/rbielski/stroke_cleaned/ARC_ATLAS_Combined/A_A_Combined_Data/Processed_LowQualityTrain_Split_Data/train_low_quality/t1/sub-r038s007_ses-1_T1w_MNI_norm.nii.gz,/home/rbielski/stroke_cleaned/ARC_ATLAS_Combined/A_A_Combined_Data/Processed_LowQualityTrain_Split_Data/train_low_quality/masks/sub-r038s007_ses-1_lesion_mask_MNI_clean.nii.gz,/home/rbielski/stroke_cleaned/ARC_ATLAS_Combined/A_A_Combined_Data/Processed_HiresLowres_Split_Data/Processed_HiresLowres_All/t1/sub-r038s007_ses-1_T1w_MNI_norm.nii.gz,/home/rbielski/stroke_cleaned/ARC_ATLAS_Combined/A_A_Combined_Data/Processed_HiresLowres_Split_Data/Processed_HiresLowres_All/masks/sub-r038s007_ses-1_lesion_mask_MNI_clean.nii.gz,train_hires,False,440,-0.9888888186771055,13.395053984756288,0.050345253859757834,0.7975875735282898
train_low_quality,lowest_quality_522_of_non_hires_pool,ATLAS,sub-r009s035_ses-1,sub-r009s035,/home/rbielski/stroke_cleaned/ARC_ATLAS_Combined/A_A_Combined_Data/Processed_LowQualityTrain_Split_Data/train_low_quality/t1/sub-r009s035_ses-1_T1w_MNI_norm.nii.gz,/home/rbielski/stroke_cleaned/ARC_ATLAS_Combined/A_A_Combined_Data/Processed_LowQualityTrain_Split_Data/train_low_quality/masks/sub-r009s035_ses-1_lesion_mask_MNI_clean.nii.gz,/home/rbielski/stroke_cleaned/ARC_ATLAS_Combined/A_A_Combined_Data/Processed_HiresLowres_Split_Data/Processed_HiresLowres_All/t1/sub-r009s035_ses-1_T1w_MNI_norm.nii.gz,/home/rbielski/stroke_cleaned/ARC_ATLAS_Combined/A_A_Combined_Data/Processed_HiresLowres_Split_Data/Processed_HiresLowres_All/masks/sub-r009s035_ses-1_lesion_mask_MNI_clean.nii.gz,train_hires,False,441,-0.9821797350973342,12.85158001584339,0.04770452196952631,0.673636794090271
train_low_quality,lowest_quality_522_of_non_hires_pool,ATLAS,sub-r038s081_ses-1,sub-r038s081,/home/rbielski/stroke_cleaned/ARC_ATLAS_Combined/A_A_Combined_Data/Processed_LowQualityTrain_Split_Data/train_low_quality/t1/sub-r038s081_ses-1_T1w_MNI_norm.nii.gz,/home/rbielski/stroke_cleaned/ARC_ATLAS_Combined/A_A_Combined_Data/Processed_LowQualityTrain_Split_Data/train_low_quality/masks/sub-r038s081_ses-1_lesion_mask_MNI_clean.nii.gz,/home/rbielski/stroke_cleaned/ARC_ATLAS_Combined/A_A_Combined_Data/Processed_HiresLowres_Split_Data/Processed_HiresLowres_All/t1/sub-r038s081_ses-1_T1w_MNI_norm.nii.gz,/home/rbielski/stroke_cleaned/ARC_ATLAS_Combined/A_A_Combined_Data/Processed_HiresLowres_Split_Data/Processed_HiresLowres_All/masks/sub-r038s081_ses-1_lesion_mask_MNI_clean.nii.gz,train_hires,False,442,-0.9627445025898552,11.579704112216339,0.03460991157565414,0.5170086026191711
train_low_quality,lowest_quality_522_of_non_hires_pool,ATLAS,sub-r011s015_ses-1,sub-r011s015,/home/rbielski/stroke_cleaned/ARC_ATLAS_Combined/A_A_Combined_Data/Processed_LowQualityTrain_Split_Data/train_low_quality/t1/sub-r011s015_ses-1_T1w_MNI_norm.nii.gz,/home/rbielski/stroke_cleaned/ARC_ATLAS_Combined/A_A_Combined_Data/Processed_LowQualityTrain_Split_Data/train_low_quality/masks/sub-r011s015_ses-1_lesion_mask_MNI_clean.nii.gz,/home/rbielski/stroke_cleaned/ARC_ATLAS_Combined/A_A_Combined_Data/Processed_HiresLowres_Split_Data/Processed_HiresLowres_All/t1/sub-r011s015_ses-1_T1w_MNI_norm.nii.gz,/home/rbielski/stroke_cleaned/ARC_ATLAS_Combined/A_A_Combined_Data/Processed_HiresLowres_Split_Data/Processed_HiresLowres_All/masks/sub-r011s015_ses-1_lesion_mask_MNI_clean.nii.gz,train_hires,False,443,-0.9607404563691162,12.41859459587535,0.04300515015611929,0.6365635991096497
train_low_quality,lowest_quality_522_of_non_hires_pool,ATLAS,sub-r010s010_ses-1,sub-r010s010,/home/rbielski/stroke_cleaned/ARC_ATLAS_Combined/A_A_Combined_Data/Processed_LowQualityTrain_Split_Data/train_low_quality/t1/sub-r010s010_ses-1_T1w_MNI_norm.nii.gz,/home/rbielski/stroke_cleaned/ARC_ATLAS_Combined/A_A_Combined_Data/Processed_LowQualityTrain_Split_Data/train_low_quality/masks/sub-r010s010_ses-1_lesion_mask_MNI_clean.nii.gz,/home/rbielski/stroke_cleaned/ARC_ATLAS_Combined/A_A_Combined_Data/Processed_HiresLowres_Split_Data/Processed_HiresLowres_All/t1/sub-r010s010_ses-1_T1w_MNI_norm.nii.gz,/home/rbielski/stroke_cleaned/ARC_ATLAS_Combined/A_A_Combined_Data/Processed_HiresLowres_Split_Data/Processed_HiresLowres_All/masks/sub-r010s010_ses-1_lesion_mask_MNI_clean.nii.gz,train_hires,False,444,-0.9539136282860201,12.996834709488473,0.04961353052397808,0.7077587246894836
train_low_quality,lowest_quality_522_of_non_hires_pool,ATLAS,sub-r038s085_ses-1,sub-r038s085,/home/rbielski/stroke_cleaned/ARC_ATLAS_Combined/A_A_Combined_Data/Processed_LowQualityTrain_Split_Data/train_low_quality/t1/sub-r038s085_ses-1_T1w_MNI_norm.nii.gz,/home/rbielski/stroke_cleaned/ARC_ATLAS_Combined/A_A_Combined_Data/Processed_LowQualityTrain_Split_Data/train_low_quality/masks/sub-r038s085_ses-1_lesion_mask_MNI_clean.nii.gz,/home/rbielski/stroke_cleaned/ARC_ATLAS_Combined/A_A_Combined_Data/Processed_HiresLowres_Split_Data/Processed_HiresLowres_All/t1/sub-r038s085_ses-1_T1w_MNI_norm.nii.gz,/home/rbielski/stroke_cleaned/ARC_ATLAS_Combined/A_A_Combined_Data/Processed_HiresLowres_Split_Data/Processed_HiresLowres_All/masks/sub-r038s085_ses-1_lesion_mask_MNI_clean.nii.gz,test_lores,False,445,-0.9513651724607349,11.638800871046435,0.035686137543538554,0.525142252445221
train_low_quality,lowest_quality_522_of_non_hires_pool,ATLAS,sub-r040s049_ses-1,sub-r040s049,/home/rbielski/stroke_cleaned/ARC_ATLAS_Combined/A_A_Combined_Data/Processed_LowQualityTrain_Split_Data/train_low_quality/t1/sub-r040s049_ses-1_T1w_MNI_norm.nii.gz,/home/rbielski/stroke_cleaned/ARC_ATLAS_Combined/A_A_Combined_Data/Processed_LowQualityTrain_Split_Data/train_low_quality/masks/sub-r040s049_ses-1_lesion_mask_MNI_clean.nii.gz,/home/rbielski/stroke_cleaned/ARC_ATLAS_Combined/A_A_Combined_Data/Processed_HiresLowres_Split_Data/Processed_HiresLowres_All/t1/sub-r040s049_ses-1_T1w_MNI_norm.nii.gz,/home/rbielski/stroke_cleaned/ARC_ATLAS_Combined/A_A_Combined_Data/Processed_HiresLowres_Split_Data/Processed_HiresLowres_All/masks/sub-r040s049_ses-1_lesion_mask_MNI_clean.nii.gz,train_hires,False,446,-0.9486186781975666,12.160581889065853,0.03994089242981561,0.6189380288124084
train_low_quality,lowest_quality_522_of_non_hires_pool,ATLAS,sub-r009s118_ses-1,sub-r009s118,/home/rbielski/stroke_cleaned/ARC_ATLAS_Combined/A_A_Combined_Data/Processed_LowQualityTrain_Split_Data/train_low_quality/t1/sub-r009s118_ses-1_T1w_MNI_norm.nii.gz,/home/rbielski/stroke_cleaned/ARC_ATLAS_Combined/A_A_Combined_Data/Processed_LowQualityTrain_Split_Data/train_low_quality/masks/sub-r009s118_ses-1_lesion_mask_MNI_clean.nii.gz,/home/rbielski/stroke_cleaned/ARC_ATLAS_Combined/A_A_Combined_Data/Processed_HiresLowres_Split_Data/Processed_HiresLowres_All/t1/sub-r009s118_ses-1_T1w_MNI_norm.nii.gz,/home/rbielski/stroke_cleaned/ARC_ATLAS_Combined/A_A_Combined_Data/Processed_HiresLowres_Split_Data/Processed_HiresLowres_All/masks/sub-r009s118_ses-1_lesion_mask_MNI_clean.nii.gz,train_hires,False,447,-0.9456838352759858,12.027076657643757,0.04116935656080202,0.5540744662284851
train_low_quality,lowest_quality_522_of_non_hires_pool,ATLAS,sub-r009s120_ses-1,sub-r009s120,/home/rbielski/stroke_cleaned/ARC_ATLAS_Combined/A_A_Combined_Data/Processed_LowQualityTrain_Split_Data/train_low_quality/t1/sub-r009s120_ses-1_T1w_MNI_norm.nii.gz,/home/rbielski/stroke_cleaned/ARC_ATLAS_Combined/A_A_Combined_Data/Processed_LowQualityTrain_Split_Data/train_low_quality/masks/sub-r009s120_ses-1_lesion_mask_MNI_clean.nii.gz,/home/rbielski/stroke_cleaned/ARC_ATLAS_Combined/A_A_Combined_Data/Processed_HiresLowres_Split_Data/Processed_HiresLowres_All/t1/sub-r009s120_ses-1_T1w_MNI_norm.nii.gz,/home/rbielski/stroke_cleaned/ARC_ATLAS_Combined/A_A_Combined_Data/Processed_HiresLowres_Split_Data/Processed_HiresLowres_All/masks/sub-r009s120_ses-1_lesion_mask_MNI_clean.nii.gz,train_hires,False,448,-0.9424287399754289,11.962359531931998,0.039440426542056456,0.5679478049278259
train_low_quality,lowest_quality_522_of_non_hires_pool,ATLAS,sub-r031s028_ses-1,sub-r031s028,/home/rbielski/stroke_cleaned/ARC_ATLAS_Combined/A_A_Combined_Data/Processed_LowQualityTrain_Split_Data/train_low_quality/t1/sub-r031s028_ses-1_T1w_MNI_norm.nii.gz,/home/rbielski/stroke_cleaned/ARC_ATLAS_Combined/A_A_Combined_Data/Processed_LowQualityTrain_Split_Data/train_low_quality/masks/sub-r031s028_ses-1_lesion_mask_MNI_clean.nii.gz,/home/rbielski/stroke_cleaned/ARC_ATLAS_Combined/A_A_Combined_Data/Processed_HiresLowres_Split_Data/Processed_HiresLowres_All/t1/sub-r031s028_ses-1_T1w_MNI_norm.nii.gz,/home/rbielski/stroke_cleaned/ARC_ATLAS_Combined/A_A_Combined_Data/Processed_HiresLowres_Split_Data/Processed_HiresLowres_All/masks/sub-r031s028_ses-1_lesion_mask_MNI_clean.nii.gz,train_hires,False,449,-0.932846072690769,13.312161671540146,0.052280355343880744,0.7779424786567688
train_low_quality,lowest_quality_522_of_non_hires_pool,ATLAS,sub-r009s038_ses-1,sub-r009s038,/home/rbielski/stroke_cleaned/ARC_ATLAS_Combined/A_A_Combined_Data/Processed_LowQualityTrain_Split_Data/train_low_quality/t1/sub-r009s038_ses-1_T1w_MNI_norm.nii.gz,/home/rbielski/stroke_cleaned/ARC_ATLAS_Combined/A_A_Combined_Data/Processed_LowQualityTrain_Split_Data/train_low_quality/masks/sub-r009s038_ses-1_lesion_mask_MNI_clean.nii.gz,/home/rbielski/stroke_cleaned/ARC_ATLAS_Combined/A_A_Combined_Data/Processed_HiresLowres_Split_Data/Processed_HiresLowres_All/t1/sub-r009s038_ses-1_T1w_MNI_norm.nii.gz,/home/rbielski/stroke_cleaned/ARC_ATLAS_Combined/A_A_Combined_Data/Processed_HiresLowres_Split_Data/Processed_HiresLowres_All/masks/sub-r009s038_ses-1_lesion_mask_MNI_clean.nii.gz,train_hires,False,450,-0.9322113002799604,11.798202884817092,0.03822298656714142,0.5448907017707825
train_low_quality,lowest_quality_522_of_non_hires_pool,ATLAS,sub-r010s026_ses-1,sub-r010s026,/home/rbielski/stroke_cleaned/ARC_ATLAS_Combined/A_A_Combined_Data/Processed_LowQualityTrain_Split_Data/train_low_quality/t1/sub-r010s026_ses-1_T1w_MNI_norm.nii.gz,/home/rbielski/stroke_cleaned/ARC_ATLAS_Combined/A_A_Combined_Data/Processed_LowQualityTrain_Split_Data/train_low_quality/masks/sub-r010s026_ses-1_lesion_mask_MNI_clean.nii.gz,/home/rbielski/stroke_cleaned/ARC_ATLAS_Combined/A_A_Combined_Data/Processed_HiresLowres_Split_Data/Processed_HiresLowres_All/t1/sub-r010s026_ses-1_T1w_MNI_norm.nii.gz,/home/rbielski/stroke_cleaned/ARC_ATLAS_Combined/A_A_Combined_Data/Processed_HiresLowres_Split_Data/Processed_HiresLowres_All/masks/sub-r010s026_ses-1_lesion_mask_MNI_clean.nii.gz,train_hires,False,451,-0.9316513329598024,12.379859043092308,0.04428183464992502,0.6226416230201721
train_low_quality,lowest_quality_522_of_non_hires_pool,ATLAS,sub-r028s012_ses-1,sub-r028s012,/home/rbielski/stroke_cleaned/ARC_ATLAS_Combined/A_A_Combined_Data/Processed_LowQualityTrain_Split_Data/train_low_quality/t1/sub-r028s012_ses-1_T1w_MNI_norm.nii.gz,/home/rbielski/stroke_cleaned/ARC_ATLAS_Combined/A_A_Combined_Data/Processed_LowQualityTrain_Split_Data/train_low_quality/masks/sub-r028s012_ses-1_lesion_mask_MNI_clean.nii.gz,/home/rbielski/stroke_cleaned/ARC_ATLAS_Combined/A_A_Combined_Data/Processed_HiresLowres_Split_Data/Processed_HiresLowres_All/t1/sub-r028s012_ses-1_T1w_MNI_norm.nii.gz,/home/rbielski/stroke_cleaned/ARC_ATLAS_Combined/A_A_Combined_Data/Processed_HiresLowres_Split_Data/Processed_HiresLowres_All/masks/sub-r028s012_ses-1_lesion_mask_MNI_clean.nii.gz,train_hires,False,452,-0.9312268086814873,12.588991465773349,0.04549092846609922,0.6690680384635925
train_low_quality,lowest_quality_522_of_non_hires_pool,ATLAS,sub-r010s024_ses-1,sub-r010s024,/home/rbielski/stroke_cleaned/ARC_ATLAS_Combined/A_A_Combined_Data/Processed_LowQualityTrain_Split_Data/train_low_quality/t1/sub-r010s024_ses-1_T1w_MNI_norm.nii.gz,/home/rbielski/stroke_cleaned/ARC_ATLAS_Combined/A_A_Combined_Data/Processed_LowQualityTrain_Split_Data/train_low_quality/masks/sub-r010s024_ses-1_lesion_mask_MNI_clean.nii.gz,/home/rbielski/stroke_cleaned/ARC_ATLAS_Combined/A_A_Combined_Data/Processed_HiresLowres_Split_Data/Processed_HiresLowres_All/t1/sub-r010s024_ses-1_T1w_MNI_norm.nii.gz,/home/rbielski/stroke_cleaned/ARC_ATLAS_Combined/A_A_Combined_Data/Processed_HiresLowres_Split_Data/Processed_HiresLowres_All/masks/sub-r010s024_ses-1_lesion_mask_MNI_clean.nii.gz,train_hires,False,453,-0.9296616060774532,13.133328161739692,0.052481383569192686,0.717731237411499
train_low_quality,lowest_quality_522_of_non_hires_pool,ATLAS,sub-r040s054_ses-1,sub-r040s054,/home/rbielski/stroke_cleaned/ARC_ATLAS_Combined/A_A_Combined_Data/Processed_LowQualityTrain_Split_Data/train_low_quality/t1/sub-r040s054_ses-1_T1w_MNI_norm.nii.gz,/home/rbielski/stroke_cleaned/ARC_ATLAS_Combined/A_A_Combined_Data/Processed_LowQualityTrain_Split_Data/train_low_quality/masks/sub-r040s054_ses-1_lesion_mask_MNI_clean.nii.gz,/home/rbielski/stroke_cleaned/ARC_ATLAS_Combined/A_A_Combined_Data/Processed_HiresLowres_Split_Data/Processed_HiresLowres_All/t1/sub-r040s054_ses-1_T1w_MNI_norm.nii.gz,/home/rbielski/stroke_cleaned/ARC_ATLAS_Combined/A_A_Combined_Data/Processed_HiresLowres_Split_Data/Processed_HiresLowres_All/masks/sub-r040s054_ses-1_lesion_mask_MNI_clean.nii.gz,train_hires,False,455,-0.9248645526622782,12.403213778709762,0.04387321838138678,0.6434012055397034
train_low_quality,lowest_quality_522_of_non_hires_pool,ATLAS,sub-r048s002_ses-1,sub-r048s002,/home/rbielski/stroke_cleaned/ARC_ATLAS_Combined/A_A_Combined_Data/Processed_LowQualityTrain_Split_Data/train_low_quality/t1/sub-r048s002_ses-1_T1w_MNI_norm.nii.gz,/home/rbielski/stroke_cleaned/ARC_ATLAS_Combined/A_A_Combined_Data/Processed_LowQualityTrain_Split_Data/train_low_quality/masks/sub-r048s002_ses-1_lesion_mask_MNI_clean.nii.gz,/home/rbielski/stroke_cleaned/ARC_ATLAS_Combined/A_A_Combined_Data/Processed_HiresLowres_Split_Data/Processed_HiresLowres_All/t1/sub-r048s002_ses-1_T1w_MNI_norm.nii.gz,/home/rbielski/stroke_cleaned/ARC_ATLAS_Combined/A_A_Combined_Data/Processed_HiresLowres_Split_Data/Processed_HiresLowres_All/masks/sub-r048s002_ses-1_lesion_mask_MNI_clean.nii.gz,train_hires,False,457,-0.9095453610649133,11.911583864405523,0.04280097177025848,0.5137196779251099
train_low_quality,lowest_quality_522_of_non_hires_pool,ATLAS,sub-r038s025_ses-1,sub-r038s025,/home/rbielski/stroke_cleaned/ARC_ATLAS_Combined/A_A_Combined_Data/Processed_LowQualityTrain_Split_Data/train_low_quality/t1/sub-r038s025_ses-1_T1w_MNI_norm.nii.gz,/home/rbielski/stroke_cleaned/ARC_ATLAS_Combined/A_A_Combined_Data/Processed_LowQualityTrain_Split_Data/train_low_quality/masks/sub-r038s025_ses-1_lesion_mask_MNI_clean.nii.gz,/home/rbielski/stroke_cleaned/ARC_ATLAS_Combined/A_A_Combined_Data/Processed_HiresLowres_Split_Data/Processed_HiresLowres_All/t1/sub-r038s025_ses-1_T1w_MNI_norm.nii.gz,/home/rbielski/stroke_cleaned/ARC_ATLAS_Combined/A_A_Combined_Data/Processed_HiresLowres_Split_Data/Processed_HiresLowres_All/masks/sub-r038s025_ses-1_lesion_mask_MNI_clean.nii.gz,train_hires,False,458,-0.9066281981406327,11.897012700666242,0.03871647037701977,0.5883092880249023
train_low_quality,lowest_quality_522_of_non_hires_pool,ATLAS,sub-r009s071_ses-1,sub-r009s071,/home/rbielski/stroke_cleaned/ARC_ATLAS_Combined/A_A_Combined_Data/Processed_LowQualityTrain_Split_Data/train_low_quality/t1/sub-r009s071_ses-1_T1w_MNI_norm.nii.gz,/home/rbielski/stroke_cleaned/ARC_ATLAS_Combined/A_A_Combined_Data/Processed_LowQualityTrain_Split_Data/train_low_quality/masks/sub-r009s071_ses-1_lesion_mask_MNI_clean.nii.gz,/home/rbielski/stroke_cleaned/ARC_ATLAS_Combined/A_A_Combined_Data/Processed_HiresLowres_Split_Data/Processed_HiresLowres_All/t1/sub-r009s071_ses-1_T1w_MNI_norm.nii.gz,/home/rbielski/stroke_cleaned/ARC_ATLAS_Combined/A_A_Combined_Data/Processed_HiresLowres_Split_Data/Processed_HiresLowres_All/masks/sub-r009s071_ses-1_lesion_mask_MNI_clean.nii.gz,train_hires,False,459,-0.9061568961840629,11.859601725586932,0.039340081645137935,0.5645834803581238
train_low_quality,lowest_quality_522_of_non_hires_pool,ATLAS,sub-r028s002_ses-1,sub-r028s002,/home/rbielski/stroke_cleaned/ARC_ATLAS_Combined/A_A_Combined_Data/Processed_LowQualityTrain_Split_Data/train_low_quality/t1/sub-r028s002_ses-1_T1w_MNI_norm.nii.gz,/home/rbielski/stroke_cleaned/ARC_ATLAS_Combined/A_A_Combined_Data/Processed_LowQualityTrain_Split_Data/train_low_quality/masks/sub-r028s002_ses-1_lesion_mask_MNI_clean.nii.gz,/home/rbielski/stroke_cleaned/ARC_ATLAS_Combined/A_A_Combined_Data/Processed_HiresLowres_Split_Data/Processed_HiresLowres_All/t1/sub-r028s002_ses-1_T1w_MNI_norm.nii.gz,/home/rbielski/stroke_cleaned/ARC_ATLAS_Combined/A_A_Combined_Data/Processed_HiresLowres_Split_Data/Processed_HiresLowres_All/masks/sub-r028s002_ses-1_lesion_mask_MNI_clean.nii.gz,train_hires,False,460,-0.9058151537196206,12.803663992906943,0.04776681973748128,0.7168887257575989
train_low_quality,lowest_quality_522_of_non_hires_pool,ATLAS,sub-r042s033_ses-1,sub-r042s033,/home/rbielski/stroke_cleaned/ARC_ATLAS_Combined/A_A_Combined_Data/Processed_LowQualityTrain_Split_Data/train_low_quality/t1/sub-r042s033_ses-1_T1w_MNI_norm.nii.gz,/home/rbielski/stroke_cleaned/ARC_ATLAS_Combined/A_A_Combined_Data/Processed_LowQualityTrain_Split_Data/train_low_quality/masks/sub-r042s033_ses-1_lesion_mask_MNI_clean.nii.gz,/home/rbielski/stroke_cleaned/ARC_ATLAS_Combined/A_A_Combined_Data/Processed_HiresLowres_Split_Data/Processed_HiresLowres_All/t1/sub-r042s033_ses-1_T1w_MNI_norm.nii.gz,/home/rbielski/stroke_cleaned/ARC_ATLAS_Combined/A_A_Combined_Data/Processed_HiresLowres_Split_Data/Processed_HiresLowres_All/masks/sub-r042s033_ses-1_lesion_mask_MNI_clean.nii.gz,test_lores,False,461,-0.9052288090339986,12.862542942536143,0.05054436372104068,0.6843292713165283
train_low_quality,lowest_quality_522_of_non_hires_pool,ATLAS,sub-r040s037_ses-1,sub-r040s037,/home/rbielski/stroke_cleaned/ARC_ATLAS_Combined/A_A_Combined_Data/Processed_LowQualityTrain_Split_Data/train_low_quality/t1/sub-r040s037_ses-1_T1w_MNI_norm.nii.gz,/home/rbielski/stroke_cleaned/ARC_ATLAS_Combined/A_A_Combined_Data/Processed_LowQualityTrain_Split_Data/train_low_quality/masks/sub-r040s037_ses-1_lesion_mask_MNI_clean.nii.gz,/home/rbielski/stroke_cleaned/ARC_ATLAS_Combined/A_A_Combined_Data/Processed_HiresLowres_Split_Data/Processed_HiresLowres_All/t1/sub-r040s037_ses-1_T1w_MNI_norm.nii.gz,/home/rbielski/stroke_cleaned/ARC_ATLAS_Combined/A_A_Combined_Data/Processed_HiresLowres_Split_Data/Processed_HiresLowres_All/masks/sub-r040s037_ses-1_lesion_mask_MNI_clean.nii.gz,train_hires,False,462,-0.8965701362308925,12.081906121772409,0.041099236676268226,0.61219322681427
train_low_quality,lowest_quality_522_of_non_hires_pool,ATLAS,sub-r010s009_ses-1,sub-r010s009,/home/rbielski/stroke_cleaned/ARC_ATLAS_Combined/A_A_Combined_Data/Processed_LowQualityTrain_Split_Data/train_low_quality/t1/sub-r010s009_ses-1_T1w_MNI_norm.nii.gz,/home/rbielski/stroke_cleaned/ARC_ATLAS_Combined/A_A_Combined_Data/Processed_LowQualityTrain_Split_Data/train_low_quality/masks/sub-r010s009_ses-1_lesion_mask_MNI_clean.nii.gz,/home/rbielski/stroke_cleaned/ARC_ATLAS_Combined/A_A_Combined_Data/Processed_HiresLowres_Split_Data/Processed_HiresLowres_All/t1/sub-r010s009_ses-1_T1w_MNI_norm.nii.gz,/home/rbielski/stroke_cleaned/ARC_ATLAS_Combined/A_A_Combined_Data/Processed_HiresLowres_Split_Data/Processed_HiresLowres_All/masks/sub-r010s009_ses-1_lesion_mask_MNI_clean.nii.gz,train_hires,False,464,-0.8952277279098815,13.01259291893233,0.05203088950188208,0.7136024832725525
train_low_quality,lowest_quality_522_of_non_hires_pool,ATLAS,sub-r009s052_ses-1,sub-r009s052,/home/rbielski/stroke_cleaned/ARC_ATLAS_Combined/A_A_Combined_Data/Processed_LowQualityTrain_Split_Data/train_low_quality/t1/sub-r009s052_ses-1_T1w_MNI_norm.nii.gz,/home/rbielski/stroke_cleaned/ARC_ATLAS_Combined/A_A_Combined_Data/Processed_LowQualityTrain_Split_Data/train_low_quality/masks/sub-r009s052_ses-1_lesion_mask_MNI_clean.nii.gz,/home/rbielski/stroke_cleaned/ARC_ATLAS_Combined/A_A_Combined_Data/Processed_HiresLowres_Split_Data/Processed_HiresLowres_All/t1/sub-r009s052_ses-1_T1w_MNI_norm.nii.gz,/home/rbielski/stroke_cleaned/ARC_ATLAS_Combined/A_A_Combined_Data/Processed_HiresLowres_Split_Data/Processed_HiresLowres_All/masks/sub-r009s052_ses-1_lesion_mask_MNI_clean.nii.gz,train_hires,False,465,-0.885038532091802,12.022713175342048,0.041951047633564324,0.5857044458389282
train_low_quality,lowest_quality_522_of_non_hires_pool,ATLAS,sub-r009s121_ses-1,sub-r009s121,/home/rbielski/stroke_cleaned/ARC_ATLAS_Combined/A_A_Combined_Data/Processed_LowQualityTrain_Split_Data/train_low_quality/t1/sub-r009s121_ses-1_T1w_MNI_norm.nii.gz,/home/rbielski/stroke_cleaned/ARC_ATLAS_Combined/A_A_Combined_Data/Processed_LowQualityTrain_Split_Data/train_low_quality/masks/sub-r009s121_ses-1_lesion_mask_MNI_clean.nii.gz,/home/rbielski/stroke_cleaned/ARC_ATLAS_Combined/A_A_Combined_Data/Processed_HiresLowres_Split_Data/Processed_HiresLowres_All/t1/sub-r009s121_ses-1_T1w_MNI_norm.nii.gz,/home/rbielski/stroke_cleaned/ARC_ATLAS_Combined/A_A_Combined_Data/Processed_HiresLowres_Split_Data/Processed_HiresLowres_All/masks/sub-r009s121_ses-1_lesion_mask_MNI_clean.nii.gz,train_hires,False,466,-0.8844518680986493,11.962992063990066,0.0412526715993698,0.5796692371368408
train_low_quality,lowest_quality_522_of_non_hires_pool,ATLAS,sub-r040s002_ses-1,sub-r040s002,/home/rbielski/stroke_cleaned/ARC_ATLAS_Combined/A_A_Combined_Data/Processed_LowQualityTrain_Split_Data/train_low_quality/t1/sub-r040s002_ses-1_T1w_MNI_norm.nii.gz,/home/rbielski/stroke_cleaned/ARC_ATLAS_Combined/A_A_Combined_Data/Processed_LowQualityTrain_Split_Data/train_low_quality/masks/sub-r040s002_ses-1_lesion_mask_MNI_clean.nii.gz,/home/rbielski/stroke_cleaned/ARC_ATLAS_Combined/A_A_Combined_Data/Processed_HiresLowres_Split_Data/Processed_HiresLowres_All/t1/sub-r040s002_ses-1_T1w_MNI_norm.nii.gz,/home/rbielski/stroke_cleaned/ARC_ATLAS_Combined/A_A_Combined_Data/Processed_HiresLowres_Split_Data/Processed_HiresLowres_All/masks/sub-r040s002_ses-1_lesion_mask_MNI_clean.nii.gz,train_hires,False,467,-0.8831586274928558,12.48688971870423,0.045160356901242156,0.6795670986175537
train_low_quality,lowest_quality_522_of_non_hires_pool,ATLAS,sub-r001s024_ses-1,sub-r001s024,/home/rbielski/stroke_cleaned/ARC_ATLAS_Combined/A_A_Combined_Data/Processed_LowQualityTrain_Split_Data/train_low_quality/t1/sub-r001s024_ses-1_T1w_MNI_norm.nii.gz,/home/rbielski/stroke_cleaned/ARC_ATLAS_Combined/A_A_Combined_Data/Processed_LowQualityTrain_Split_Data/train_low_quality/masks/sub-r001s024_ses-1_lesion_mask_MNI_clean.nii.gz,/home/rbielski/stroke_cleaned/ARC_ATLAS_Combined/A_A_Combined_Data/Processed_HiresLowres_Split_Data/Processed_HiresLowres_All/t1/sub-r001s024_ses-1_T1w_MNI_norm.nii.gz,/home/rbielski/stroke_cleaned/ARC_ATLAS_Combined/A_A_Combined_Data/Processed_HiresLowres_Split_Data/Processed_HiresLowres_All/masks/sub-r001s024_ses-1_lesion_mask_MNI_clean.nii.gz,train_hires,False,468,-0.8794968798444213,11.919093076265893,0.04074590573674562,0.5786758065223694
train_low_quality,lowest_quality_522_of_non_hires_pool,ATLAS,sub-r031s020_ses-1,sub-r031s020,/home/rbielski/stroke_cleaned/ARC_ATLAS_Combined/A_A_Combined_Data/Processed_LowQualityTrain_Split_Data/train_low_quality/t1/sub-r031s020_ses-1_T1w_MNI_norm.nii.gz,/home/rbielski/stroke_cleaned/ARC_ATLAS_Combined/A_A_Combined_Data/Processed_LowQualityTrain_Split_Data/train_low_quality/masks/sub-r031s020_ses-1_lesion_mask_MNI_clean.nii.gz,/home/rbielski/stroke_cleaned/ARC_ATLAS_Combined/A_A_Combined_Data/Processed_HiresLowres_Split_Data/Processed_HiresLowres_All/t1/sub-r031s020_ses-1_T1w_MNI_norm.nii.gz,/home/rbielski/stroke_cleaned/ARC_ATLAS_Combined/A_A_Combined_Data/Processed_HiresLowres_Split_Data/Processed_HiresLowres_All/masks/sub-r031s020_ses-1_lesion_mask_MNI_clean.nii.gz,train_hires,False,470,-0.8755954816326244,12.245516237383061,0.0433809823374013,0.6395788788795471
train_low_quality,lowest_quality_522_of_non_hires_pool,ATLAS,sub-r010s012_ses-1,sub-r010s012,/home/rbielski/stroke_cleaned/ARC_ATLAS_Combined/A_A_Combined_Data/Processed_LowQualityTrain_Split_Data/train_low_quality/t1/sub-r010s012_ses-1_T1w_MNI_norm.nii.gz,/home/rbielski/stroke_cleaned/ARC_ATLAS_Combined/A_A_Combined_Data/Processed_LowQualityTrain_Split_Data/train_low_quality/masks/sub-r010s012_ses-1_lesion_mask_MNI_clean.nii.gz,/home/rbielski/stroke_cleaned/ARC_ATLAS_Combined/A_A_Combined_Data/Processed_HiresLowres_Split_Data/Processed_HiresLowres_All/t1/sub-r010s012_ses-1_T1w_MNI_norm.nii.gz,/home/rbielski/stroke_cleaned/ARC_ATLAS_Combined/A_A_Combined_Data/Processed_HiresLowres_Split_Data/Processed_HiresLowres_All/masks/sub-r010s012_ses-1_lesion_mask_MNI_clean.nii.gz,train_hires,False,471,-0.8708867043122196,13.236391707513922,0.05544039263477775,0.742190420627594
train_low_quality,lowest_quality_522_of_non_hires_pool,ATLAS,sub-r010s019_ses-1,sub-r010s019,/home/rbielski/stroke_cleaned/ARC_ATLAS_Combined/A_A_Combined_Data/Processed_LowQualityTrain_Split_Data/train_low_quality/t1/sub-r010s019_ses-1_T1w_MNI_norm.nii.gz,/home/rbielski/stroke_cleaned/ARC_ATLAS_Combined/A_A_Combined_Data/Processed_LowQualityTrain_Split_Data/train_low_quality/masks/sub-r010s019_ses-1_lesion_mask_MNI_clean.nii.gz,/home/rbielski/stroke_cleaned/ARC_ATLAS_Combined/A_A_Combined_Data/Processed_HiresLowres_Split_Data/Processed_HiresLowres_All/t1/sub-r010s019_ses-1_T1w_MNI_norm.nii.gz,/home/rbielski/stroke_cleaned/ARC_ATLAS_Combined/A_A_Combined_Data/Processed_HiresLowres_Split_Data/Processed_HiresLowres_All/masks/sub-r010s019_ses-1_lesion_mask_MNI_clean.nii.gz,train_hires,False,472,-0.8698263471197987,13.278365596314972,0.0549333743014222,0.7664269804954529
train_low_quality,lowest_quality_522_of_non_hires_pool,ATLAS,sub-r009s107_ses-1,sub-r009s107,/home/rbielski/stroke_cleaned/ARC_ATLAS_Combined/A_A_Combined_Data/Processed_LowQualityTrain_Split_Data/train_low_quality/t1/sub-r009s107_ses-1_T1w_MNI_norm.nii.gz,/home/rbielski/stroke_cleaned/ARC_ATLAS_Combined/A_A_Combined_Data/Processed_LowQualityTrain_Split_Data/train_low_quality/masks/sub-r009s107_ses-1_lesion_mask_MNI_clean.nii.gz,/home/rbielski/stroke_cleaned/ARC_ATLAS_Combined/A_A_Combined_Data/Processed_HiresLowres_Split_Data/Processed_HiresLowres_All/t1/sub-r009s107_ses-1_T1w_MNI_norm.nii.gz,/home/rbielski/stroke_cleaned/ARC_ATLAS_Combined/A_A_Combined_Data/Processed_HiresLowres_Split_Data/Processed_HiresLowres_All/masks/sub-r009s107_ses-1_lesion_mask_MNI_clean.nii.gz,train_hires,False,476,-0.85668476024018,11.781220814220509,0.03933697386082747,0.5778254270553589
train_low_quality,lowest_quality_522_of_non_hires_pool,ATLAS,sub-r004s008_ses-1,sub-r004s008,/home/rbielski/stroke_cleaned/ARC_ATLAS_Combined/A_A_Combined_Data/Processed_LowQualityTrain_Split_Data/train_low_quality/t1/sub-r004s008_ses-1_T1w_MNI_norm.nii.gz,/home/rbielski/stroke_cleaned/ARC_ATLAS_Combined/A_A_Combined_Data/Processed_LowQualityTrain_Split_Data/train_low_quality/masks/sub-r004s008_ses-1_lesion_mask_MNI_clean.nii.gz,/home/rbielski/stroke_cleaned/ARC_ATLAS_Combined/A_A_Combined_Data/Processed_HiresLowres_Split_Data/Processed_HiresLowres_All/t1/sub-r004s008_ses-1_T1w_MNI_norm.nii.gz,/home/rbielski/stroke_cleaned/ARC_ATLAS_Combined/A_A_Combined_Data/Processed_HiresLowres_Split_Data/Processed_HiresLowres_All/masks/sub-r004s008_ses-1_lesion_mask_MNI_clean.nii.gz,train_hires,False,478,-0.8492433983151383,12.423716235072156,0.04671092008623511,0.6562288999557495
train_low_quality,lowest_quality_522_of_non_hires_pool,ATLAS,sub-r031s035_ses-1,sub-r031s035,/home/rbielski/stroke_cleaned/ARC_ATLAS_Combined/A_A_Combined_Data/Processed_LowQualityTrain_Split_Data/train_low_quality/t1/sub-r031s035_ses-1_T1w_MNI_norm.nii.gz,/home/rbielski/stroke_cleaned/ARC_ATLAS_Combined/A_A_Combined_Data/Processed_LowQualityTrain_Split_Data/train_low_quality/masks/sub-r031s035_ses-1_lesion_mask_MNI_clean.nii.gz,/home/rbielski/stroke_cleaned/ARC_ATLAS_Combined/A_A_Combined_Data/Processed_HiresLowres_Split_Data/Processed_HiresLowres_All/t1/sub-r031s035_ses-1_T1w_MNI_norm.nii.gz,/home/rbielski/stroke_cleaned/ARC_ATLAS_Combined/A_A_Combined_Data/Processed_HiresLowres_Split_Data/Processed_HiresLowres_All/masks/sub-r031s035_ses-1_lesion_mask_MNI_clean.nii.gz,train_hires,False,479,-0.8405493440974507,12.231247800453223,0.04414376215302964,0.6481159329414368
train_low_quality,lowest_quality_522_of_non_hires_pool,ATLAS,sub-r009s085_ses-1,sub-r009s085,/home/rbielski/stroke_cleaned/ARC_ATLAS_Combined/A_A_Combined_Data/Processed_LowQualityTrain_Split_Data/train_low_quality/t1/sub-r009s085_ses-1_T1w_MNI_norm.nii.gz,/home/rbielski/stroke_cleaned/ARC_ATLAS_Combined/A_A_Combined_Data/Processed_LowQualityTrain_Split_Data/train_low_quality/masks/sub-r009s085_ses-1_lesion_mask_MNI_clean.nii.gz,/home/rbielski/stroke_cleaned/ARC_ATLAS_Combined/A_A_Combined_Data/Processed_HiresLowres_Split_Data/Processed_HiresLowres_All/t1/sub-r009s085_ses-1_T1w_MNI_norm.nii.gz,/home/rbielski/stroke_cleaned/ARC_ATLAS_Combined/A_A_Combined_Data/Processed_HiresLowres_Split_Data/Processed_HiresLowres_All/masks/sub-r009s085_ses-1_lesion_mask_MNI_clean.nii.gz,train_hires,False,481,-0.8248178156719003,12.017707266885838,0.042740767591686296,0.6166363954544067
train_low_quality,lowest_quality_522_of_non_hires_pool,ATLAS,sub-r004s026_ses-1,sub-r004s026,/home/rbielski/stroke_cleaned/ARC_ATLAS_Combined/A_A_Combined_Data/Processed_LowQualityTrain_Split_Data/train_low_quality/t1/sub-r004s026_ses-1_T1w_MNI_norm.nii.gz,/home/rbielski/stroke_cleaned/ARC_ATLAS_Combined/A_A_Combined_Data/Processed_LowQualityTrain_Split_Data/train_low_quality/masks/sub-r004s026_ses-1_lesion_mask_MNI_clean.nii.gz,/home/rbielski/stroke_cleaned/ARC_ATLAS_Combined/A_A_Combined_Data/Processed_HiresLowres_Split_Data/Processed_HiresLowres_All/t1/sub-r004s026_ses-1_T1w_MNI_norm.nii.gz,/home/rbielski/stroke_cleaned/ARC_ATLAS_Combined/A_A_Combined_Data/Processed_HiresLowres_Split_Data/Processed_HiresLowres_All/masks/sub-r004s026_ses-1_lesion_mask_MNI_clean.nii.gz,train_hires,False,483,-0.8214401258948775,12.256142199827298,0.045425576768764214,0.647194504737854
train_low_quality,lowest_quality_522_of_non_hires_pool,ATLAS,sub-r028s017_ses-1,sub-r028s017,/home/rbielski/stroke_cleaned/ARC_ATLAS_Combined/A_A_Combined_Data/Processed_LowQualityTrain_Split_Data/train_low_quality/t1/sub-r028s017_ses-1_T1w_MNI_norm.nii.gz,/home/rbielski/stroke_cleaned/ARC_ATLAS_Combined/A_A_Combined_Data/Processed_LowQualityTrain_Split_Data/train_low_quality/masks/sub-r028s017_ses-1_lesion_mask_MNI_clean.nii.gz,/home/rbielski/stroke_cleaned/ARC_ATLAS_Combined/A_A_Combined_Data/Processed_HiresLowres_Split_Data/Processed_HiresLowres_All/t1/sub-r028s017_ses-1_T1w_MNI_norm.nii.gz,/home/rbielski/stroke_cleaned/ARC_ATLAS_Combined/A_A_Combined_Data/Processed_HiresLowres_Split_Data/Processed_HiresLowres_All/masks/sub-r028s017_ses-1_lesion_mask_MNI_clean.nii.gz,train_hires,False,484,-0.8160067140519897,12.841686939908021,0.05100839138064329,0.7390543222427368
train_low_quality,lowest_quality_522_of_non_hires_pool,ATLAS,sub-r038s024_ses-1,sub-r038s024,/home/rbielski/stroke_cleaned/ARC_ATLAS_Combined/A_A_Combined_Data/Processed_LowQualityTrain_Split_Data/train_low_quality/t1/sub-r038s024_ses-1_T1w_MNI_norm.nii.gz,/home/rbielski/stroke_cleaned/ARC_ATLAS_Combined/A_A_Combined_Data/Processed_LowQualityTrain_Split_Data/train_low_quality/masks/sub-r038s024_ses-1_lesion_mask_MNI_clean.nii.gz,/home/rbielski/stroke_cleaned/ARC_ATLAS_Combined/A_A_Combined_Data/Processed_HiresLowres_Split_Data/Processed_HiresLowres_All/t1/sub-r038s024_ses-1_T1w_MNI_norm.nii.gz,/home/rbielski/stroke_cleaned/ARC_ATLAS_Combined/A_A_Combined_Data/Processed_HiresLowres_Split_Data/Processed_HiresLowres_All/masks/sub-r038s024_ses-1_lesion_mask_MNI_clean.nii.gz,train_hires,False,485,-0.7891153773481125,11.755963974133575,0.040514440075061685,0.6005608439445496
train_low_quality,lowest_quality_522_of_non_hires_pool,ATLAS,sub-r038s033_ses-1,sub-r038s033,/home/rbielski/stroke_cleaned/ARC_ATLAS_Combined/A_A_Combined_Data/Processed_LowQualityTrain_Split_Data/train_low_quality/t1/sub-r038s033_ses-1_T1w_MNI_norm.nii.gz,/home/rbielski/stroke_cleaned/ARC_ATLAS_Combined/A_A_Combined_Data/Processed_LowQualityTrain_Split_Data/train_low_quality/masks/sub-r038s033_ses-1_lesion_mask_MNI_clean.nii.gz,/home/rbielski/stroke_cleaned/ARC_ATLAS_Combined/A_A_Combined_Data/Processed_HiresLowres_Split_Data/Processed_HiresLowres_All/t1/sub-r038s033_ses-1_T1w_MNI_norm.nii.gz,/home/rbielski/stroke_cleaned/ARC_ATLAS_Combined/A_A_Combined_Data/Processed_HiresLowres_Split_Data/Processed_HiresLowres_All/masks/sub-r038s033_ses-1_lesion_mask_MNI_clean.nii.gz,train_hires,False,486,-0.7865640344512173,11.7013809380034,0.04009425792582712,0.5925173163414001
train_low_quality,lowest_quality_522_of_non_hires_pool,ATLAS,sub-r038s064_ses-1,sub-r038s064,/home/rbielski/stroke_cleaned/ARC_ATLAS_Combined/A_A_Combined_Data/Processed_LowQualityTrain_Split_Data/train_low_quality/t1/sub-r038s064_ses-1_T1w_MNI_norm.nii.gz,/home/rbielski/stroke_cleaned/ARC_ATLAS_Combined/A_A_Combined_Data/Processed_LowQualityTrain_Split_Data/train_low_quality/masks/sub-r038s064_ses-1_lesion_mask_MNI_clean.nii.gz,/home/rbielski/stroke_cleaned/ARC_ATLAS_Combined/A_A_Combined_Data/Processed_HiresLowres_Split_Data/Processed_HiresLowres_All/t1/sub-r038s064_ses-1_T1w_MNI_norm.nii.gz,/home/rbielski/stroke_cleaned/ARC_ATLAS_Combined/A_A_Combined_Data/Processed_HiresLowres_Split_Data/Processed_HiresLowres_All/masks/sub-r038s064_ses-1_lesion_mask_MNI_clean.nii.gz,train_hires,False,487,-0.7853046644443764,11.689660945334854,0.03979786975146172,0.5952425003051758
train_low_quality,lowest_quality_522_of_non_hires_pool,ATLAS,sub-r009s075_ses-1,sub-r009s075,/home/rbielski/stroke_cleaned/ARC_ATLAS_Combined/A_A_Combined_Data/Processed_LowQualityTrain_Split_Data/train_low_quality/t1/sub-r009s075_ses-1_T1w_MNI_norm.nii.gz,/home/rbielski/stroke_cleaned/ARC_ATLAS_Combined/A_A_Combined_Data/Processed_LowQualityTrain_Split_Data/train_low_quality/masks/sub-r009s075_ses-1_lesion_mask_MNI_clean.nii.gz,/home/rbielski/stroke_cleaned/ARC_ATLAS_Combined/A_A_Combined_Data/Processed_HiresLowres_Split_Data/Processed_HiresLowres_All/t1/sub-r009s075_ses-1_T1w_MNI_norm.nii.gz,/home/rbielski/stroke_cleaned/ARC_ATLAS_Combined/A_A_Combined_Data/Processed_HiresLowres_Split_Data/Processed_HiresLowres_All/masks/sub-r009s075_ses-1_lesion_mask_MNI_clean.nii.gz,train_hires,False,488,-0.7794191177424827,12.928075001321904,0.052835491917115604,0.7618866562843323
train_low_quality,lowest_quality_522_of_non_hires_pool,ATLAS,sub-r009s018_ses-1,sub-r009s018,/home/rbielski/stroke_cleaned/ARC_ATLAS_Combined/A_A_Combined_Data/Processed_LowQualityTrain_Split_Data/train_low_quality/t1/sub-r009s018_ses-1_T1w_MNI_norm.nii.gz,/home/rbielski/stroke_cleaned/ARC_ATLAS_Combined/A_A_Combined_Data/Processed_LowQualityTrain_Split_Data/train_low_quality/masks/sub-r009s018_ses-1_lesion_mask_MNI_clean.nii.gz,/home/rbielski/stroke_cleaned/ARC_ATLAS_Combined/A_A_Combined_Data/Processed_HiresLowres_Split_Data/Processed_HiresLowres_All/t1/sub-r009s018_ses-1_T1w_MNI_norm.nii.gz,/home/rbielski/stroke_cleaned/ARC_ATLAS_Combined/A_A_Combined_Data/Processed_HiresLowres_Split_Data/Processed_HiresLowres_All/masks/sub-r009s018_ses-1_lesion_mask_MNI_clean.nii.gz,train_hires,False,489,-0.7699060141717936,12.222071048967004,0.04637333742651831,0.6587164402008057
train_low_quality,lowest_quality_522_of_non_hires_pool,ATLAS,sub-r023s001_ses-1,sub-r023s001,/home/rbielski/stroke_cleaned/ARC_ATLAS_Combined/A_A_Combined_Data/Processed_LowQualityTrain_Split_Data/train_low_quality/t1/sub-r023s001_ses-1_T1w_MNI_norm.nii.gz,/home/rbielski/stroke_cleaned/ARC_ATLAS_Combined/A_A_Combined_Data/Processed_LowQualityTrain_Split_Data/train_low_quality/masks/sub-r023s001_ses-1_lesion_mask_MNI_clean.nii.gz,/home/rbielski/stroke_cleaned/ARC_ATLAS_Combined/A_A_Combined_Data/Processed_HiresLowres_Split_Data/Processed_HiresLowres_All/t1/sub-r023s001_ses-1_T1w_MNI_norm.nii.gz,/home/rbielski/stroke_cleaned/ARC_ATLAS_Combined/A_A_Combined_Data/Processed_HiresLowres_Split_Data/Processed_HiresLowres_All/masks/sub-r023s001_ses-1_lesion_mask_MNI_clean.nii.gz,train_hires,False,490,-0.7689586297013475,12.223480861077528,0.04501914414097572,0.6854870319366455
train_low_quality,lowest_quality_522_of_non_hires_pool,ATLAS,sub-r009s065_ses-1,sub-r009s065,/home/rbielski/stroke_cleaned/ARC_ATLAS_Combined/A_A_Combined_Data/Processed_LowQualityTrain_Split_Data/train_low_quality/t1/sub-r009s065_ses-1_T1w_MNI_norm.nii.gz,/home/rbielski/stroke_cleaned/ARC_ATLAS_Combined/A_A_Combined_Data/Processed_LowQualityTrain_Split_Data/train_low_quality/masks/sub-r009s065_ses-1_lesion_mask_MNI_clean.nii.gz,/home/rbielski/stroke_cleaned/ARC_ATLAS_Combined/A_A_Combined_Data/Processed_HiresLowres_Split_Data/Processed_HiresLowres_All/t1/sub-r009s065_ses-1_T1w_MNI_norm.nii.gz,/home/rbielski/stroke_cleaned/ARC_ATLAS_Combined/A_A_Combined_Data/Processed_HiresLowres_Split_Data/Processed_HiresLowres_All/masks/sub-r009s065_ses-1_lesion_mask_MNI_clean.nii.gz,train_hires,False,491,-0.7610086492685277,12.028250576812784,0.04492748836023437,0.6291547417640686
train_low_quality,lowest_quality_522_of_non_hires_pool,ATLAS,sub-r009s092_ses-1,sub-r009s092,/home/rbielski/stroke_cleaned/ARC_ATLAS_Combined/A_A_Combined_Data/Processed_LowQualityTrain_Split_Data/train_low_quality/t1/sub-r009s092_ses-1_T1w_MNI_norm.nii.gz,/home/rbielski/stroke_cleaned/ARC_ATLAS_Combined/A_A_Combined_Data/Processed_LowQualityTrain_Split_Data/train_low_quality/masks/sub-r009s092_ses-1_lesion_mask_MNI_clean.nii.gz,/home/rbielski/stroke_cleaned/ARC_ATLAS_Combined/A_A_Combined_Data/Processed_HiresLowres_Split_Data/Processed_HiresLowres_All/t1/sub-r009s092_ses-1_T1w_MNI_norm.nii.gz,/home/rbielski/stroke_cleaned/ARC_ATLAS_Combined/A_A_Combined_Data/Processed_HiresLowres_Split_Data/Processed_HiresLowres_All/masks/sub-r009s092_ses-1_lesion_mask_MNI_clean.nii.gz,train_hires,False,492,-0.760837219714481,11.749932929711921,0.041326733657308296,0.6055408716201782
train_low_quality,lowest_quality_522_of_non_hires_pool,ATLAS,sub-r011s023_ses-1,sub-r011s023,/home/rbielski/stroke_cleaned/ARC_ATLAS_Combined/A_A_Combined_Data/Processed_LowQualityTrain_Split_Data/train_low_quality/t1/sub-r011s023_ses-1_T1w_MNI_norm.nii.gz,/home/rbielski/stroke_cleaned/ARC_ATLAS_Combined/A_A_Combined_Data/Processed_LowQualityTrain_Split_Data/train_low_quality/masks/sub-r011s023_ses-1_lesion_mask_MNI_clean.nii.gz,/home/rbielski/stroke_cleaned/ARC_ATLAS_Combined/A_A_Combined_Data/Processed_HiresLowres_Split_Data/Processed_HiresLowres_All/t1/sub-r011s023_ses-1_T1w_MNI_norm.nii.gz,/home/rbielski/stroke_cleaned/ARC_ATLAS_Combined/A_A_Combined_Data/Processed_HiresLowres_Split_Data/Processed_HiresLowres_All/masks/sub-r011s023_ses-1_lesion_mask_MNI_clean.nii.gz,train_hires,False,493,-0.7601614587998676,12.74495023033031,0.052173449714334665,0.7292253375053406
train_low_quality,lowest_quality_522_of_non_hires_pool,ATLAS,sub-r001s016_ses-1,sub-r001s016,/home/rbielski/stroke_cleaned/ARC_ATLAS_Combined/A_A_Combined_Data/Processed_LowQualityTrain_Split_Data/train_low_quality/t1/sub-r001s016_ses-1_T1w_MNI_norm.nii.gz,/home/rbielski/stroke_cleaned/ARC_ATLAS_Combined/A_A_Combined_Data/Processed_LowQualityTrain_Split_Data/train_low_quality/masks/sub-r001s016_ses-1_lesion_mask_MNI_clean.nii.gz,/home/rbielski/stroke_cleaned/ARC_ATLAS_Combined/A_A_Combined_Data/Processed_HiresLowres_Split_Data/Processed_HiresLowres_All/t1/sub-r001s016_ses-1_T1w_MNI_norm.nii.gz,/home/rbielski/stroke_cleaned/ARC_ATLAS_Combined/A_A_Combined_Data/Processed_HiresLowres_Split_Data/Processed_HiresLowres_All/masks/sub-r001s016_ses-1_lesion_mask_MNI_clean.nii.gz,train_hires,False,494,-0.7569843887861792,11.317972282874296,0.03873918967868564,0.515079140663147
train_low_quality,lowest_quality_522_of_non_hires_pool,ATLAS,sub-r009s011_ses-1,sub-r009s011,/home/rbielski/stroke_cleaned/ARC_ATLAS_Combined/A_A_Combined_Data/Processed_LowQualityTrain_Split_Data/train_low_quality/t1/sub-r009s011_ses-1_T1w_MNI_norm.nii.gz,/home/rbielski/stroke_cleaned/ARC_ATLAS_Combined/A_A_Combined_Data/Processed_LowQualityTrain_Split_Data/train_low_quality/masks/sub-r009s011_ses-1_lesion_mask_MNI_clean.nii.gz,/home/rbielski/stroke_cleaned/ARC_ATLAS_Combined/A_A_Combined_Data/Processed_HiresLowres_Split_Data/Processed_HiresLowres_All/t1/sub-r009s011_ses-1_T1w_MNI_norm.nii.gz,/home/rbielski/stroke_cleaned/ARC_ATLAS_Combined/A_A_Combined_Data/Processed_HiresLowres_Split_Data/Processed_HiresLowres_All/masks/sub-r009s011_ses-1_lesion_mask_MNI_clean.nii.gz,train_hires,False,495,-0.7561444902199568,11.90220844435094,0.04331863809254164,0.6218230724334717
train_low_quality,lowest_quality_522_of_non_hires_pool,ATLAS,sub-r038s010_ses-1,sub-r038s010,/home/rbielski/stroke_cleaned/ARC_ATLAS_Combined/A_A_Combined_Data/Processed_LowQualityTrain_Split_Data/train_low_quality/t1/sub-r038s010_ses-1_T1w_MNI_norm.nii.gz,/home/rbielski/stroke_cleaned/ARC_ATLAS_Combined/A_A_Combined_Data/Processed_LowQualityTrain_Split_Data/train_low_quality/masks/sub-r038s010_ses-1_lesion_mask_MNI_clean.nii.gz,/home/rbielski/stroke_cleaned/ARC_ATLAS_Combined/A_A_Combined_Data/Processed_HiresLowres_Split_Data/Processed_HiresLowres_All/t1/sub-r038s010_ses-1_T1w_MNI_norm.nii.gz,/home/rbielski/stroke_cleaned/ARC_ATLAS_Combined/A_A_Combined_Data/Processed_HiresLowres_Split_Data/Processed_HiresLowres_All/masks/sub-r038s010_ses-1_lesion_mask_MNI_clean.nii.gz,train_hires,False,496,-0.7551353835744096,12.36552233855669,0.04774299471825544,0.6917820572853088
train_low_quality,lowest_quality_522_of_non_hires_pool,ATLAS,sub-r009s105_ses-1,sub-r009s105,/home/rbielski/stroke_cleaned/ARC_ATLAS_Combined/A_A_Combined_Data/Processed_LowQualityTrain_Split_Data/train_low_quality/t1/sub-r009s105_ses-1_T1w_MNI_norm.nii.gz,/home/rbielski/stroke_cleaned/ARC_ATLAS_Combined/A_A_Combined_Data/Processed_LowQualityTrain_Split_Data/train_low_quality/masks/sub-r009s105_ses-1_lesion_mask_MNI_clean.nii.gz,/home/rbielski/stroke_cleaned/ARC_ATLAS_Combined/A_A_Combined_Data/Processed_HiresLowres_Split_Data/Processed_HiresLowres_All/t1/sub-r009s105_ses-1_T1w_MNI_norm.nii.gz,/home/rbielski/stroke_cleaned/ARC_ATLAS_Combined/A_A_Combined_Data/Processed_HiresLowres_Split_Data/Processed_HiresLowres_All/masks/sub-r009s105_ses-1_lesion_mask_MNI_clean.nii.gz,train_hires,False,497,-0.7546696440241967,11.831468636817347,0.04303715225811826,0.6049890518188477
train_low_quality,lowest_quality_522_of_non_hires_pool,ATLAS,sub-r001s025_ses-1,sub-r001s025,/home/rbielski/stroke_cleaned/ARC_ATLAS_Combined/A_A_Combined_Data/Processed_LowQualityTrain_Split_Data/train_low_quality/t1/sub-r001s025_ses-1_T1w_MNI_norm.nii.gz,/home/rbielski/stroke_cleaned/ARC_ATLAS_Combined/A_A_Combined_Data/Processed_LowQualityTrain_Split_Data/train_low_quality/masks/sub-r001s025_ses-1_lesion_mask_MNI_clean.nii.gz,/home/rbielski/stroke_cleaned/ARC_ATLAS_Combined/A_A_Combined_Data/Processed_HiresLowres_Split_Data/Processed_HiresLowres_All/t1/sub-r001s025_ses-1_T1w_MNI_norm.nii.gz,/home/rbielski/stroke_cleaned/ARC_ATLAS_Combined/A_A_Combined_Data/Processed_HiresLowres_Split_Data/Processed_HiresLowres_All/masks/sub-r001s025_ses-1_lesion_mask_MNI_clean.nii.gz,train_hires,False,499,-0.7356112603746158,11.656459676291476,0.040800678945524485,0.6045606136322021
train_low_quality,lowest_quality_522_of_non_hires_pool,ATLAS,sub-r010s028_ses-1,sub-r010s028,/home/rbielski/stroke_cleaned/ARC_ATLAS_Combined/A_A_Combined_Data/Processed_LowQualityTrain_Split_Data/train_low_quality/t1/sub-r010s028_ses-1_T1w_MNI_norm.nii.gz,/home/rbielski/stroke_cleaned/ARC_ATLAS_Combined/A_A_Combined_Data/Processed_LowQualityTrain_Split_Data/train_low_quality/masks/sub-r010s028_ses-1_lesion_mask_MNI_clean.nii.gz,/home/rbielski/stroke_cleaned/ARC_ATLAS_Combined/A_A_Combined_Data/Processed_HiresLowres_Split_Data/Processed_HiresLowres_All/t1/sub-r010s028_ses-1_T1w_MNI_norm.nii.gz,/home/rbielski/stroke_cleaned/ARC_ATLAS_Combined/A_A_Combined_Data/Processed_HiresLowres_Split_Data/Processed_HiresLowres_All/masks/sub-r010s028_ses-1_lesion_mask_MNI_clean.nii.gz,train_hires,False,500,-0.7347280840788488,12.627602775464586,0.05190183685901093,0.7157394289970398
train_low_quality,lowest_quality_522_of_non_hires_pool,ATLAS,sub-r009s040_ses-1,sub-r009s040,/home/rbielski/stroke_cleaned/ARC_ATLAS_Combined/A_A_Combined_Data/Processed_LowQualityTrain_Split_Data/train_low_quality/t1/sub-r009s040_ses-1_T1w_MNI_norm.nii.gz,/home/rbielski/stroke_cleaned/ARC_ATLAS_Combined/A_A_Combined_Data/Processed_LowQualityTrain_Split_Data/train_low_quality/masks/sub-r009s040_ses-1_lesion_mask_MNI_clean.nii.gz,/home/rbielski/stroke_cleaned/ARC_ATLAS_Combined/A_A_Combined_Data/Processed_HiresLowres_Split_Data/Processed_HiresLowres_All/t1/sub-r009s040_ses-1_T1w_MNI_norm.nii.gz,/home/rbielski/stroke_cleaned/ARC_ATLAS_Combined/A_A_Combined_Data/Processed_HiresLowres_Split_Data/Processed_HiresLowres_All/masks/sub-r009s040_ses-1_lesion_mask_MNI_clean.nii.gz,train_hires,False,501,-0.7279863559074171,11.816998534971143,0.04332608886499175,0.6158084869384766
train_low_quality,lowest_quality_522_of_non_hires_pool,ATLAS,sub-r009s099_ses-1,sub-r009s099,/home/rbielski/stroke_cleaned/ARC_ATLAS_Combined/A_A_Combined_Data/Processed_LowQualityTrain_Split_Data/train_low_quality/t1/sub-r009s099_ses-1_T1w_MNI_norm.nii.gz,/home/rbielski/stroke_cleaned/ARC_ATLAS_Combined/A_A_Combined_Data/Processed_LowQualityTrain_Split_Data/train_low_quality/masks/sub-r009s099_ses-1_lesion_mask_MNI_clean.nii.gz,/home/rbielski/stroke_cleaned/ARC_ATLAS_Combined/A_A_Combined_Data/Processed_HiresLowres_Split_Data/Processed_HiresLowres_All/t1/sub-r009s099_ses-1_T1w_MNI_norm.nii.gz,/home/rbielski/stroke_cleaned/ARC_ATLAS_Combined/A_A_Combined_Data/Processed_HiresLowres_Split_Data/Processed_HiresLowres_All/masks/sub-r009s099_ses-1_lesion_mask_MNI_clean.nii.gz,train_hires,False,502,-0.7264107123607126,11.796570822078952,0.04328998302162299,0.611001193523407
train_low_quality,lowest_quality_522_of_non_hires_pool,ATLAS,sub-r001s034_ses-1,sub-r001s034,/home/rbielski/stroke_cleaned/ARC_ATLAS_Combined/A_A_Combined_Data/Processed_LowQualityTrain_Split_Data/train_low_quality/t1/sub-r001s034_ses-1_T1w_MNI_norm.nii.gz,/home/rbielski/stroke_cleaned/ARC_ATLAS_Combined/A_A_Combined_Data/Processed_LowQualityTrain_Split_Data/train_low_quality/masks/sub-r001s034_ses-1_lesion_mask_MNI_clean.nii.gz,/home/rbielski/stroke_cleaned/ARC_ATLAS_Combined/A_A_Combined_Data/Processed_HiresLowres_Split_Data/Processed_HiresLowres_All/t1/sub-r001s034_ses-1_T1w_MNI_norm.nii.gz,/home/rbielski/stroke_cleaned/ARC_ATLAS_Combined/A_A_Combined_Data/Processed_HiresLowres_Split_Data/Processed_HiresLowres_All/masks/sub-r001s034_ses-1_lesion_mask_MNI_clean.nii.gz,test_lores,False,503,-0.7246783160891028,11.717176275995055,0.04227124426791054,0.6054332852363586
train_low_quality,lowest_quality_522_of_non_hires_pool,ATLAS,sub-r009s113_ses-1,sub-r009s113,/home/rbielski/stroke_cleaned/ARC_ATLAS_Combined/A_A_Combined_Data/Processed_LowQualityTrain_Split_Data/train_low_quality/t1/sub-r009s113_ses-1_T1w_MNI_norm.nii.gz,/home/rbielski/stroke_cleaned/ARC_ATLAS_Combined/A_A_Combined_Data/Processed_LowQualityTrain_Split_Data/train_low_quality/masks/sub-r009s113_ses-1_lesion_mask_MNI_clean.nii.gz,/home/rbielski/stroke_cleaned/ARC_ATLAS_Combined/A_A_Combined_Data/Processed_HiresLowres_Split_Data/Processed_HiresLowres_All/t1/sub-r009s113_ses-1_T1w_MNI_norm.nii.gz,/home/rbielski/stroke_cleaned/ARC_ATLAS_Combined/A_A_Combined_Data/Processed_HiresLowres_Split_Data/Processed_HiresLowres_All/masks/sub-r009s113_ses-1_lesion_mask_MNI_clean.nii.gz,train_hires,False,505,-0.7197301477821375,11.74880659711267,0.04290931221229335,0.6077148914337158
train_low_quality,lowest_quality_522_of_non_hires_pool,ATLAS,sub-r004s021_ses-1,sub-r004s021,/home/rbielski/stroke_cleaned/ARC_ATLAS_Combined/A_A_Combined_Data/Processed_LowQualityTrain_Split_Data/train_low_quality/t1/sub-r004s021_ses-1_T1w_MNI_norm.nii.gz,/home/rbielski/stroke_cleaned/ARC_ATLAS_Combined/A_A_Combined_Data/Processed_LowQualityTrain_Split_Data/train_low_quality/masks/sub-r004s021_ses-1_lesion_mask_MNI_clean.nii.gz,/home/rbielski/stroke_cleaned/ARC_ATLAS_Combined/A_A_Combined_Data/Processed_HiresLowres_Split_Data/Processed_HiresLowres_All/t1/sub-r004s021_ses-1_T1w_MNI_norm.nii.gz,/home/rbielski/stroke_cleaned/ARC_ATLAS_Combined/A_A_Combined_Data/Processed_HiresLowres_Split_Data/Processed_HiresLowres_All/masks/sub-r004s021_ses-1_lesion_mask_MNI_clean.nii.gz,train_hires,False,507,-0.7110801921120571,12.504749959835886,0.04969525852968963,0.7355519533157349
train_low_quality,lowest_quality_522_of_non_hires_pool,ATLAS,sub-r009s022_ses-1,sub-r009s022,/home/rbielski/stroke_cleaned/ARC_ATLAS_Combined/A_A_Combined_Data/Processed_LowQualityTrain_Split_Data/train_low_quality/t1/sub-r009s022_ses-1_T1w_MNI_norm.nii.gz,/home/rbielski/stroke_cleaned/ARC_ATLAS_Combined/A_A_Combined_Data/Processed_LowQualityTrain_Split_Data/train_low_quality/masks/sub-r009s022_ses-1_lesion_mask_MNI_clean.nii.gz,/home/rbielski/stroke_cleaned/ARC_ATLAS_Combined/A_A_Combined_Data/Processed_HiresLowres_Split_Data/Processed_HiresLowres_All/t1/sub-r009s022_ses-1_T1w_MNI_norm.nii.gz,/home/rbielski/stroke_cleaned/ARC_ATLAS_Combined/A_A_Combined_Data/Processed_HiresLowres_Split_Data/Processed_HiresLowres_All/masks/sub-r009s022_ses-1_lesion_mask_MNI_clean.nii.gz,train_hires,False,508,-0.705809484645084,12.095425898056499,0.046709970270466576,0.6611743569374084
train_low_quality,lowest_quality_522_of_non_hires_pool,ATLAS,sub-r038s032_ses-1,sub-r038s032,/home/rbielski/stroke_cleaned/ARC_ATLAS_Combined/A_A_Combined_Data/Processed_LowQualityTrain_Split_Data/train_low_quality/t1/sub-r038s032_ses-1_T1w_MNI_norm.nii.gz,/home/rbielski/stroke_cleaned/ARC_ATLAS_Combined/A_A_Combined_Data/Processed_LowQualityTrain_Split_Data/train_low_quality/masks/sub-r038s032_ses-1_lesion_mask_MNI_clean.nii.gz,/home/rbielski/stroke_cleaned/ARC_ATLAS_Combined/A_A_Combined_Data/Processed_HiresLowres_Split_Data/Processed_HiresLowres_All/t1/sub-r038s032_ses-1_T1w_MNI_norm.nii.gz,/home/rbielski/stroke_cleaned/ARC_ATLAS_Combined/A_A_Combined_Data/Processed_HiresLowres_Split_Data/Processed_HiresLowres_All/masks/sub-r038s032_ses-1_lesion_mask_MNI_clean.nii.gz,train_hires,False,509,-0.6993477707952208,11.832151029006356,0.04206165073018164,0.6672491431236267
train_low_quality,lowest_quality_522_of_non_hires_pool,ATLAS,sub-r038s084_ses-1,sub-r038s084,/home/rbielski/stroke_cleaned/ARC_ATLAS_Combined/A_A_Combined_Data/Processed_LowQualityTrain_Split_Data/train_low_quality/t1/sub-r038s084_ses-1_T1w_MNI_norm.nii.gz,/home/rbielski/stroke_cleaned/ARC_ATLAS_Combined/A_A_Combined_Data/Processed_LowQualityTrain_Split_Data/train_low_quality/masks/sub-r038s084_ses-1_lesion_mask_MNI_clean.nii.gz,/home/rbielski/stroke_cleaned/ARC_ATLAS_Combined/A_A_Combined_Data/Processed_HiresLowres_Split_Data/Processed_HiresLowres_All/t1/sub-r038s084_ses-1_T1w_MNI_norm.nii.gz,/home/rbielski/stroke_cleaned/ARC_ATLAS_Combined/A_A_Combined_Data/Processed_HiresLowres_Split_Data/Processed_HiresLowres_All/masks/sub-r038s084_ses-1_lesion_mask_MNI_clean.nii.gz,train_hires,False,511,-0.6887376796242571,11.729000810356833,0.04183477008172651,0.6459083557128906
train_low_quality,lowest_quality_522_of_non_hires_pool,ATLAS,sub-r031s029_ses-1,sub-r031s029,/home/rbielski/stroke_cleaned/ARC_ATLAS_Combined/A_A_Combined_Data/Processed_LowQualityTrain_Split_Data/train_low_quality/t1/sub-r031s029_ses-1_T1w_MNI_norm.nii.gz,/home/rbielski/stroke_cleaned/ARC_ATLAS_Combined/A_A_Combined_Data/Processed_LowQualityTrain_Split_Data/train_low_quality/masks/sub-r031s029_ses-1_lesion_mask_MNI_clean.nii.gz,/home/rbielski/stroke_cleaned/ARC_ATLAS_Combined/A_A_Combined_Data/Processed_HiresLowres_Split_Data/Processed_HiresLowres_All/t1/sub-r031s029_ses-1_T1w_MNI_norm.nii.gz,/home/rbielski/stroke_cleaned/ARC_ATLAS_Combined/A_A_Combined_Data/Processed_HiresLowres_Split_Data/Processed_HiresLowres_All/masks/sub-r031s029_ses-1_lesion_mask_MNI_clean.nii.gz,train_hires,False,512,-0.6819088505288788,12.33337185567606,0.04857429671797043,0.723240315914154
train_low_quality,lowest_quality_522_of_non_hires_pool,ATLAS,sub-r009s037_ses-1,sub-r009s037,/home/rbielski/stroke_cleaned/ARC_ATLAS_Combined/A_A_Combined_Data/Processed_LowQualityTrain_Split_Data/train_low_quality/t1/sub-r009s037_ses-1_T1w_MNI_norm.nii.gz,/home/rbielski/stroke_cleaned/ARC_ATLAS_Combined/A_A_Combined_Data/Processed_LowQualityTrain_Split_Data/train_low_quality/masks/sub-r009s037_ses-1_lesion_mask_MNI_clean.nii.gz,/home/rbielski/stroke_cleaned/ARC_ATLAS_Combined/A_A_Combined_Data/Processed_HiresLowres_Split_Data/Processed_HiresLowres_All/t1/sub-r009s037_ses-1_T1w_MNI_norm.nii.gz,/home/rbielski/stroke_cleaned/ARC_ATLAS_Combined/A_A_Combined_Data/Processed_HiresLowres_Split_Data/Processed_HiresLowres_All/masks/sub-r009s037_ses-1_lesion_mask_MNI_clean.nii.gz,train_hires,False,514,-0.6710060028020779,11.564810643648723,0.04208562341163057,0.60105299949646
train_low_quality,lowest_quality_522_of_non_hires_pool,ATLAS,sub-r009s009_ses-1,sub-r009s009,/home/rbielski/stroke_cleaned/ARC_ATLAS_Combined/A_A_Combined_Data/Processed_LowQualityTrain_Split_Data/train_low_quality/t1/sub-r009s009_ses-1_T1w_MNI_norm.nii.gz,/home/rbielski/stroke_cleaned/ARC_ATLAS_Combined/A_A_Combined_Data/Processed_LowQualityTrain_Split_Data/train_low_quality/masks/sub-r009s009_ses-1_lesion_mask_MNI_clean.nii.gz,/home/rbielski/stroke_cleaned/ARC_ATLAS_Combined/A_A_Combined_Data/Processed_HiresLowres_Split_Data/Processed_HiresLowres_All/t1/sub-r009s009_ses-1_T1w_MNI_norm.nii.gz,/home/rbielski/stroke_cleaned/ARC_ATLAS_Combined/A_A_Combined_Data/Processed_HiresLowres_Split_Data/Processed_HiresLowres_All/masks/sub-r009s009_ses-1_lesion_mask_MNI_clean.nii.gz,train_hires,False,515,-0.661311557558094,12.649552662850336,0.053597367198021356,0.7488629221916199
train_low_quality,lowest_quality_522_of_non_hires_pool,ATLAS,sub-r009s025_ses-1,sub-r009s025,/home/rbielski/stroke_cleaned/ARC_ATLAS_Combined/A_A_Combined_Data/Processed_LowQualityTrain_Split_Data/train_low_quality/t1/sub-r009s025_ses-1_T1w_MNI_norm.nii.gz,/home/rbielski/stroke_cleaned/ARC_ATLAS_Combined/A_A_Combined_Data/Processed_LowQualityTrain_Split_Data/train_low_quality/masks/sub-r009s025_ses-1_lesion_mask_MNI_clean.nii.gz,/home/rbielski/stroke_cleaned/ARC_ATLAS_Combined/A_A_Combined_Data/Processed_HiresLowres_Split_Data/Processed_HiresLowres_All/t1/sub-r009s025_ses-1_T1w_MNI_norm.nii.gz,/home/rbielski/stroke_cleaned/ARC_ATLAS_Combined/A_A_Combined_Data/Processed_HiresLowres_Split_Data/Processed_HiresLowres_All/masks/sub-r009s025_ses-1_lesion_mask_MNI_clean.nii.gz,train_hires,False,516,-0.6601917911879748,12.177567489446334,0.04853133979791335,0.6898362040519714
train_low_quality,lowest_quality_522_of_non_hires_pool,ATLAS,sub-r001s001_ses-1,sub-r001s001,/home/rbielski/stroke_cleaned/ARC_ATLAS_Combined/A_A_Combined_Data/Processed_LowQualityTrain_Split_Data/train_low_quality/t1/sub-r001s001_ses-1_T1w_MNI_norm.nii.gz,/home/rbielski/stroke_cleaned/ARC_ATLAS_Combined/A_A_Combined_Data/Processed_LowQualityTrain_Split_Data/train_low_quality/masks/sub-r001s001_ses-1_lesion_mask_MNI_clean.nii.gz,/home/rbielski/stroke_cleaned/ARC_ATLAS_Combined/A_A_Combined_Data/Processed_HiresLowres_Split_Data/Processed_HiresLowres_All/t1/sub-r001s001_ses-1_T1w_MNI_norm.nii.gz,/home/rbielski/stroke_cleaned/ARC_ATLAS_Combined/A_A_Combined_Data/Processed_HiresLowres_Split_Data/Processed_HiresLowres_All/masks/sub-r001s001_ses-1_lesion_mask_MNI_clean.nii.gz,train_hires,False,517,-0.6342927926473582,11.61405222492324,0.04362686149979766,0.617139458656311
train_low_quality,lowest_quality_522_of_non_hires_pool,ATLAS,sub-r009s060_ses-1,sub-r009s060,/home/rbielski/stroke_cleaned/ARC_ATLAS_Combined/A_A_Combined_Data/Processed_LowQualityTrain_Split_Data/train_low_quality/t1/sub-r009s060_ses-1_T1w_MNI_norm.nii.gz,/home/rbielski/stroke_cleaned/ARC_ATLAS_Combined/A_A_Combined_Data/Processed_LowQualityTrain_Split_Data/train_low_quality/masks/sub-r009s060_ses-1_lesion_mask_MNI_clean.nii.gz,/home/rbielski/stroke_cleaned/ARC_ATLAS_Combined/A_A_Combined_Data/Processed_HiresLowres_Split_Data/Processed_HiresLowres_All/t1/sub-r009s060_ses-1_T1w_MNI_norm.nii.gz,/home/rbielski/stroke_cleaned/ARC_ATLAS_Combined/A_A_Combined_Data/Processed_HiresLowres_Split_Data/Processed_HiresLowres_All/masks/sub-r009s060_ses-1_lesion_mask_MNI_clean.nii.gz,train_hires,False,518,-0.6143280331006219,12.196820809178126,0.049953345430836425,0.7055070996284485
train_low_quality,lowest_quality_522_of_non_hires_pool,ATLAS,sub-r009s041_ses-1,sub-r009s041,/home/rbielski/stroke_cleaned/ARC_ATLAS_Combined/A_A_Combined_Data/Processed_LowQualityTrain_Split_Data/train_low_quality/t1/sub-r009s041_ses-1_T1w_MNI_norm.nii.gz,/home/rbielski/stroke_cleaned/ARC_ATLAS_Combined/A_A_Combined_Data/Processed_LowQualityTrain_Split_Data/train_low_quality/masks/sub-r009s041_ses-1_lesion_mask_MNI_clean.nii.gz,/home/rbielski/stroke_cleaned/ARC_ATLAS_Combined/A_A_Combined_Data/Processed_HiresLowres_Split_Data/Processed_HiresLowres_All/t1/sub-r009s041_ses-1_T1w_MNI_norm.nii.gz,/home/rbielski/stroke_cleaned/ARC_ATLAS_Combined/A_A_Combined_Data/Processed_HiresLowres_Split_Data/Processed_HiresLowres_All/masks/sub-r009s041_ses-1_lesion_mask_MNI_clean.nii.gz,train_hires,False,519,-0.6141246229974983,11.797088840495693,0.04634484756752012,0.6420568823814392
train_low_quality,lowest_quality_522_of_non_hires_pool,ATLAS,sub-r009s097_ses-1,sub-r009s097,/home/rbielski/stroke_cleaned/ARC_ATLAS_Combined/A_A_Combined_Data/Processed_LowQualityTrain_Split_Data/train_low_quality/t1/sub-r009s097_ses-1_T1w_MNI_norm.nii.gz,/home/rbielski/stroke_cleaned/ARC_ATLAS_Combined/A_A_Combined_Data/Processed_LowQualityTrain_Split_Data/train_low_quality/masks/sub-r009s097_ses-1_lesion_mask_MNI_clean.nii.gz,/home/rbielski/stroke_cleaned/ARC_ATLAS_Combined/A_A_Combined_Data/Processed_HiresLowres_Split_Data/Processed_HiresLowres_All/t1/sub-r009s097_ses-1_T1w_MNI_norm.nii.gz,/home/rbielski/stroke_cleaned/ARC_ATLAS_Combined/A_A_Combined_Data/Processed_HiresLowres_Split_Data/Processed_HiresLowres_All/masks/sub-r009s097_ses-1_lesion_mask_MNI_clean.nii.gz,train_hires,False,520,-0.6129735603629125,11.488586482667595,0.04267393133023333,0.6105934381484985
train_low_quality,lowest_quality_522_of_non_hires_pool,ATLAS,sub-r009s055_ses-1,sub-r009s055,/home/rbielski/stroke_cleaned/ARC_ATLAS_Combined/A_A_Combined_Data/Processed_LowQualityTrain_Split_Data/train_low_quality/t1/sub-r009s055_ses-1_T1w_MNI_norm.nii.gz,/home/rbielski/stroke_cleaned/ARC_ATLAS_Combined/A_A_Combined_Data/Processed_LowQualityTrain_Split_Data/train_low_quality/masks/sub-r009s055_ses-1_lesion_mask_MNI_clean.nii.gz,/home/rbielski/stroke_cleaned/ARC_ATLAS_Combined/A_A_Combined_Data/Processed_HiresLowres_Split_Data/Processed_HiresLowres_All/t1/sub-r009s055_ses-1_T1w_MNI_norm.nii.gz,/home/rbielski/stroke_cleaned/ARC_ATLAS_Combined/A_A_Combined_Data/Processed_HiresLowres_Split_Data/Processed_HiresLowres_All/masks/sub-r009s055_ses-1_lesion_mask_MNI_clean.nii.gz,train_hires,False,522,-0.5923314587731531,11.890203330578826,0.04735330986852422,0.6708905696868896
train_low_quality,lowest_quality_522_of_non_hires_pool,ATLAS,sub-r009s115_ses-1,sub-r009s115,/home/rbielski/stroke_cleaned/ARC_ATLAS_Combined/A_A_Combined_Data/Processed_LowQualityTrain_Split_Data/train_low_quality/t1/sub-r009s115_ses-1_T1w_MNI_norm.nii.gz,/home/rbielski/stroke_cleaned/ARC_ATLAS_Combined/A_A_Combined_Data/Processed_LowQualityTrain_Split_Data/train_low_quality/masks/sub-r009s115_ses-1_lesion_mask_MNI_clean.nii.gz,/home/rbielski/stroke_cleaned/ARC_ATLAS_Combined/A_A_Combined_Data/Processed_HiresLowres_Split_Data/Processed_HiresLowres_All/t1/sub-r009s115_ses-1_T1w_MNI_norm.nii.gz,/home/rbielski/stroke_cleaned/ARC_ATLAS_Combined/A_A_Combined_Data/Processed_HiresLowres_Split_Data/Processed_HiresLowres_All/masks/sub-r009s115_ses-1_lesion_mask_MNI_clean.nii.gz,train_hires,False,523,-0.5897861470239839,11.70166670955019,0.04547422885173447,0.6462379097938538
train_low_quality,lowest_quality_522_of_non_hires_pool,ATLAS,sub-r009s123_ses-1,sub-r009s123,/home/rbielski/stroke_cleaned/ARC_ATLAS_Combined/A_A_Combined_Data/Processed_LowQualityTrain_Split_Data/train_low_quality/t1/sub-r009s123_ses-1_T1w_MNI_norm.nii.gz,/home/rbielski/stroke_cleaned/ARC_ATLAS_Combined/A_A_Combined_Data/Processed_LowQualityTrain_Split_Data/train_low_quality/masks/sub-r009s123_ses-1_lesion_mask_MNI_clean.nii.gz,/home/rbielski/stroke_cleaned/ARC_ATLAS_Combined/A_A_Combined_Data/Processed_HiresLowres_Split_Data/Processed_HiresLowres_All/t1/sub-r009s123_ses-1_T1w_MNI_norm.nii.gz,/home/rbielski/stroke_cleaned/ARC_ATLAS_Combined/A_A_Combined_Data/Processed_HiresLowres_Split_Data/Processed_HiresLowres_All/masks/sub-r009s123_ses-1_lesion_mask_MNI_clean.nii.gz,train_hires,False,524,-0.5831338559573407,11.760724862186347,0.04702072108342376,0.6417555809020996
train_low_quality,lowest_quality_522_of_non_hires_pool,ATLAS,sub-r038s036_ses-1,sub-r038s036,/home/rbielski/stroke_cleaned/ARC_ATLAS_Combined/A_A_Combined_Data/Processed_LowQualityTrain_Split_Data/train_low_quality/t1/sub-r038s036_ses-1_T1w_MNI_norm.nii.gz,/home/rbielski/stroke_cleaned/ARC_ATLAS_Combined/A_A_Combined_Data/Processed_LowQualityTrain_Split_Data/train_low_quality/masks/sub-r038s036_ses-1_lesion_mask_MNI_clean.nii.gz,/home/rbielski/stroke_cleaned/ARC_ATLAS_Combined/A_A_Combined_Data/Processed_HiresLowres_Split_Data/Processed_HiresLowres_All/t1/sub-r038s036_ses-1_T1w_MNI_norm.nii.gz,/home/rbielski/stroke_cleaned/ARC_ATLAS_Combined/A_A_Combined_Data/Processed_HiresLowres_Split_Data/Processed_HiresLowres_All/masks/sub-r038s036_ses-1_lesion_mask_MNI_clean.nii.gz,train_hires,False,525,-0.5810821011125066,11.720867125218861,0.044045080868064385,0.686401903629303
train_low_quality,lowest_quality_522_of_non_hires_pool,ATLAS,sub-r009s017_ses-1,sub-r009s017,/home/rbielski/stroke_cleaned/ARC_ATLAS_Combined/A_A_Combined_Data/Processed_LowQualityTrain_Split_Data/train_low_quality/t1/sub-r009s017_ses-1_T1w_MNI_norm.nii.gz,/home/rbielski/stroke_cleaned/ARC_ATLAS_Combined/A_A_Combined_Data/Processed_LowQualityTrain_Split_Data/train_low_quality/masks/sub-r009s017_ses-1_lesion_mask_MNI_clean.nii.gz,/home/rbielski/stroke_cleaned/ARC_ATLAS_Combined/A_A_Combined_Data/Processed_HiresLowres_Split_Data/Processed_HiresLowres_All/t1/sub-r009s017_ses-1_T1w_MNI_norm.nii.gz,/home/rbielski/stroke_cleaned/ARC_ATLAS_Combined/A_A_Combined_Data/Processed_HiresLowres_Split_Data/Processed_HiresLowres_All/masks/sub-r009s017_ses-1_lesion_mask_MNI_clean.nii.gz,train_hires,False,527,-0.5758918176164235,11.992911428592484,0.04854088616510617,0.6952834129333496
train_low_quality,lowest_quality_522_of_non_hires_pool,ATLAS,sub-r042s015_ses-1,sub-r042s015,/home/rbielski/stroke_cleaned/ARC_ATLAS_Combined/A_A_Combined_Data/Processed_LowQualityTrain_Split_Data/train_low_quality/t1/sub-r042s015_ses-1_T1w_MNI_norm.nii.gz,/home/rbielski/stroke_cleaned/ARC_ATLAS_Combined/A_A_Combined_Data/Processed_LowQualityTrain_Split_Data/train_low_quality/masks/sub-r042s015_ses-1_lesion_mask_MNI_clean.nii.gz,/home/rbielski/stroke_cleaned/ARC_ATLAS_Combined/A_A_Combined_Data/Processed_HiresLowres_Split_Data/Processed_HiresLowres_All/t1/sub-r042s015_ses-1_T1w_MNI_norm.nii.gz,/home/rbielski/stroke_cleaned/ARC_ATLAS_Combined/A_A_Combined_Data/Processed_HiresLowres_Split_Data/Processed_HiresLowres_All/masks/sub-r042s015_ses-1_lesion_mask_MNI_clean.nii.gz,test_lores,False,529,-0.5665340796545025,11.948899730647726,0.049463559103174355,0.6707454323768616
train_low_quality,lowest_quality_522_of_non_hires_pool,ATLAS,sub-r009s110_ses-1,sub-r009s110,/home/rbielski/stroke_cleaned/ARC_ATLAS_Combined/A_A_Combined_Data/Processed_LowQualityTrain_Split_Data/train_low_quality/t1/sub-r009s110_ses-1_T1w_MNI_norm.nii.gz,/home/rbielski/stroke_cleaned/ARC_ATLAS_Combined/A_A_Combined_Data/Processed_LowQualityTrain_Split_Data/train_low_quality/masks/sub-r009s110_ses-1_lesion_mask_MNI_clean.nii.gz,/home/rbielski/stroke_cleaned/ARC_ATLAS_Combined/A_A_Combined_Data/Processed_HiresLowres_Split_Data/Processed_HiresLowres_All/t1/sub-r009s110_ses-1_T1w_MNI_norm.nii.gz,/home/rbielski/stroke_cleaned/ARC_ATLAS_Combined/A_A_Combined_Data/Processed_HiresLowres_Split_Data/Processed_HiresLowres_All/masks/sub-r009s110_ses-1_lesion_mask_MNI_clean.nii.gz,train_hires,False,530,-0.5648921472618369,11.693729484564697,0.04624749580380797,0.6486578583717346
train_low_quality,lowest_quality_522_of_non_hires_pool,ATLAS,sub-r009s024_ses-1,sub-r009s024,/home/rbielski/stroke_cleaned/ARC_ATLAS_Combined/A_A_Combined_Data/Processed_LowQualityTrain_Split_Data/train_low_quality/t1/sub-r009s024_ses-1_T1w_MNI_norm.nii.gz,/home/rbielski/stroke_cleaned/ARC_ATLAS_Combined/A_A_Combined_Data/Processed_LowQualityTrain_Split_Data/train_low_quality/masks/sub-r009s024_ses-1_lesion_mask_MNI_clean.nii.gz,/home/rbielski/stroke_cleaned/ARC_ATLAS_Combined/A_A_Combined_Data/Processed_HiresLowres_Split_Data/Processed_HiresLowres_All/t1/sub-r009s024_ses-1_T1w_MNI_norm.nii.gz,/home/rbielski/stroke_cleaned/ARC_ATLAS_Combined/A_A_Combined_Data/Processed_HiresLowres_Split_Data/Processed_HiresLowres_All/masks/sub-r009s024_ses-1_lesion_mask_MNI_clean.nii.gz,train_hires,False,531,-0.5629953557086462,11.924318565452353,0.04984905755117651,0.6581601500511169
train_low_quality,lowest_quality_522_of_non_hires_pool,ATLAS,sub-r048s015_ses-1,sub-r048s015,/home/rbielski/stroke_cleaned/ARC_ATLAS_Combined/A_A_Combined_Data/Processed_LowQualityTrain_Split_Data/train_low_quality/t1/sub-r048s015_ses-1_T1w_MNI_norm.nii.gz,/home/rbielski/stroke_cleaned/ARC_ATLAS_Combined/A_A_Combined_Data/Processed_LowQualityTrain_Split_Data/train_low_quality/masks/sub-r048s015_ses-1_lesion_mask_MNI_clean.nii.gz,/home/rbielski/stroke_cleaned/ARC_ATLAS_Combined/A_A_Combined_Data/Processed_HiresLowres_Split_Data/Processed_HiresLowres_All/t1/sub-r048s015_ses-1_T1w_MNI_norm.nii.gz,/home/rbielski/stroke_cleaned/ARC_ATLAS_Combined/A_A_Combined_Data/Processed_HiresLowres_Split_Data/Processed_HiresLowres_All/masks/sub-r048s015_ses-1_lesion_mask_MNI_clean.nii.gz,train_hires,False,532,-0.5618754556451266,11.108374112707983,0.0417715791869646,0.5426321625709534
train_low_quality,lowest_quality_522_of_non_hires_pool,ATLAS,sub-r010s029_ses-1,sub-r010s029,/home/rbielski/stroke_cleaned/ARC_ATLAS_Combined/A_A_Combined_Data/Processed_LowQualityTrain_Split_Data/train_low_quality/t1/sub-r010s029_ses-1_T1w_MNI_norm.nii.gz,/home/rbielski/stroke_cleaned/ARC_ATLAS_Combined/A_A_Combined_Data/Processed_LowQualityTrain_Split_Data/train_low_quality/masks/sub-r010s029_ses-1_lesion_mask_MNI_clean.nii.gz,/home/rbielski/stroke_cleaned/ARC_ATLAS_Combined/A_A_Combined_Data/Processed_HiresLowres_Split_Data/Processed_HiresLowres_All/t1/sub-r010s029_ses-1_T1w_MNI_norm.nii.gz,/home/rbielski/stroke_cleaned/ARC_ATLAS_Combined/A_A_Combined_Data/Processed_HiresLowres_Split_Data/Processed_HiresLowres_All/masks/sub-r010s029_ses-1_lesion_mask_MNI_clean.nii.gz,train_hires,False,533,-0.5545651939828622,12.23648740439355,0.05125859167191108,0.7410681843757629
train_low_quality,lowest_quality_522_of_non_hires_pool,ATLAS,sub-r009s002_ses-1,sub-r009s002,/home/rbielski/stroke_cleaned/ARC_ATLAS_Combined/A_A_Combined_Data/Processed_LowQualityTrain_Split_Data/train_low_quality/t1/sub-r009s002_ses-1_T1w_MNI_norm.nii.gz,/home/rbielski/stroke_cleaned/ARC_ATLAS_Combined/A_A_Combined_Data/Processed_LowQualityTrain_Split_Data/train_low_quality/masks/sub-r009s002_ses-1_lesion_mask_MNI_clean.nii.gz,/home/rbielski/stroke_cleaned/ARC_ATLAS_Combined/A_A_Combined_Data/Processed_HiresLowres_Split_Data/Processed_HiresLowres_All/t1/sub-r009s002_ses-1_T1w_MNI_norm.nii.gz,/home/rbielski/stroke_cleaned/ARC_ATLAS_Combined/A_A_Combined_Data/Processed_HiresLowres_Split_Data/Processed_HiresLowres_All/masks/sub-r009s002_ses-1_lesion_mask_MNI_clean.nii.gz,train_hires,False,534,-0.5532579487427746,12.402008860753982,0.05416780290718095,0.7417322993278503
train_low_quality,lowest_quality_522_of_non_hires_pool,ATLAS,sub-r009s088_ses-1,sub-r009s088,/home/rbielski/stroke_cleaned/ARC_ATLAS_Combined/A_A_Combined_Data/Processed_LowQualityTrain_Split_Data/train_low_quality/t1/sub-r009s088_ses-1_T1w_MNI_norm.nii.gz,/home/rbielski/stroke_cleaned/ARC_ATLAS_Combined/A_A_Combined_Data/Processed_LowQualityTrain_Split_Data/train_low_quality/masks/sub-r009s088_ses-1_lesion_mask_MNI_clean.nii.gz,/home/rbielski/stroke_cleaned/ARC_ATLAS_Combined/A_A_Combined_Data/Processed_HiresLowres_Split_Data/Processed_HiresLowres_All/t1/sub-r009s088_ses-1_T1w_MNI_norm.nii.gz,/home/rbielski/stroke_cleaned/ARC_ATLAS_Combined/A_A_Combined_Data/Processed_HiresLowres_Split_Data/Processed_HiresLowres_All/masks/sub-r009s088_ses-1_lesion_mask_MNI_clean.nii.gz,train_hires,False,535,-0.551542675912849,11.462524749283492,0.04485129097023314,0.6093512177467346
train_low_quality,lowest_quality_522_of_non_hires_pool,ATLAS,sub-r009s027_ses-1,sub-r009s027,/home/rbielski/stroke_cleaned/ARC_ATLAS_Combined/A_A_Combined_Data/Processed_LowQualityTrain_Split_Data/train_low_quality/t1/sub-r009s027_ses-1_T1w_MNI_norm.nii.gz,/home/rbielski/stroke_cleaned/ARC_ATLAS_Combined/A_A_Combined_Data/Processed_LowQualityTrain_Split_Data/train_low_quality/masks/sub-r009s027_ses-1_lesion_mask_MNI_clean.nii.gz,/home/rbielski/stroke_cleaned/ARC_ATLAS_Combined/A_A_Combined_Data/Processed_HiresLowres_Split_Data/Processed_HiresLowres_All/t1/sub-r009s027_ses-1_T1w_MNI_norm.nii.gz,/home/rbielski/stroke_cleaned/ARC_ATLAS_Combined/A_A_Combined_Data/Processed_HiresLowres_Split_Data/Processed_HiresLowres_All/masks/sub-r009s027_ses-1_lesion_mask_MNI_clean.nii.gz,train_hires,False,536,-0.5504839872034266,12.03553698423288,0.049924833037611104,0.7032437324523926
train_low_quality,lowest_quality_522_of_non_hires_pool,ATLAS,sub-r009s004_ses-1,sub-r009s004,/home/rbielski/stroke_cleaned/ARC_ATLAS_Combined/A_A_Combined_Data/Processed_LowQualityTrain_Split_Data/train_low_quality/t1/sub-r009s004_ses-1_T1w_MNI_norm.nii.gz,/home/rbielski/stroke_cleaned/ARC_ATLAS_Combined/A_A_Combined_Data/Processed_LowQualityTrain_Split_Data/train_low_quality/masks/sub-r009s004_ses-1_lesion_mask_MNI_clean.nii.gz,/home/rbielski/stroke_cleaned/ARC_ATLAS_Combined/A_A_Combined_Data/Processed_HiresLowres_Split_Data/Processed_HiresLowres_All/t1/sub-r009s004_ses-1_T1w_MNI_norm.nii.gz,/home/rbielski/stroke_cleaned/ARC_ATLAS_Combined/A_A_Combined_Data/Processed_HiresLowres_Split_Data/Processed_HiresLowres_All/masks/sub-r009s004_ses-1_lesion_mask_MNI_clean.nii.gz,train_hires,False,537,-0.538240588264708,12.034014168987527,0.051046049849161744,0.6912345886230469
train_low_quality,lowest_quality_522_of_non_hires_pool,ATLAS,sub-r031s014_ses-1,sub-r031s014,/home/rbielski/stroke_cleaned/ARC_ATLAS_Combined/A_A_Combined_Data/Processed_LowQualityTrain_Split_Data/train_low_quality/t1/sub-r031s014_ses-1_T1w_MNI_norm.nii.gz,/home/rbielski/stroke_cleaned/ARC_ATLAS_Combined/A_A_Combined_Data/Processed_LowQualityTrain_Split_Data/train_low_quality/masks/sub-r031s014_ses-1_lesion_mask_MNI_clean.nii.gz,/home/rbielski/stroke_cleaned/ARC_ATLAS_Combined/A_A_Combined_Data/Processed_HiresLowres_Split_Data/Processed_HiresLowres_All/t1/sub-r031s014_ses-1_T1w_MNI_norm.nii.gz,/home/rbielski/stroke_cleaned/ARC_ATLAS_Combined/A_A_Combined_Data/Processed_HiresLowres_Split_Data/Processed_HiresLowres_All/masks/sub-r031s014_ses-1_lesion_mask_MNI_clean.nii.gz,train_hires,False,538,-0.5336995602060095,12.153352082232171,0.050724826000799014,0.7402016520500183
train_low_quality,lowest_quality_522_of_non_hires_pool,ATLAS,sub-r038s026_ses-1,sub-r038s026,/home/rbielski/stroke_cleaned/ARC_ATLAS_Combined/A_A_Combined_Data/Processed_LowQualityTrain_Split_Data/train_low_quality/t1/sub-r038s026_ses-1_T1w_MNI_norm.nii.gz,/home/rbielski/stroke_cleaned/ARC_ATLAS_Combined/A_A_Combined_Data/Processed_LowQualityTrain_Split_Data/train_low_quality/masks/sub-r038s026_ses-1_lesion_mask_MNI_clean.nii.gz,/home/rbielski/stroke_cleaned/ARC_ATLAS_Combined/A_A_Combined_Data/Processed_HiresLowres_Split_Data/Processed_HiresLowres_All/t1/sub-r038s026_ses-1_T1w_MNI_norm.nii.gz,/home/rbielski/stroke_cleaned/ARC_ATLAS_Combined/A_A_Combined_Data/Processed_HiresLowres_Split_Data/Processed_HiresLowres_All/masks/sub-r038s026_ses-1_lesion_mask_MNI_clean.nii.gz,train_hires,False,539,-0.5283333596761534,11.780621557313525,0.04667539421316466,0.6980420351028442
train_low_quality,lowest_quality_522_of_non_hires_pool,ATLAS,sub-r009s063_ses-1,sub-r009s063,/home/rbielski/stroke_cleaned/ARC_ATLAS_Combined/A_A_Combined_Data/Processed_LowQualityTrain_Split_Data/train_low_quality/t1/sub-r009s063_ses-1_T1w_MNI_norm.nii.gz,/home/rbielski/stroke_cleaned/ARC_ATLAS_Combined/A_A_Combined_Data/Processed_LowQualityTrain_Split_Data/train_low_quality/masks/sub-r009s063_ses-1_lesion_mask_MNI_clean.nii.gz,/home/rbielski/stroke_cleaned/ARC_ATLAS_Combined/A_A_Combined_Data/Processed_HiresLowres_Split_Data/Processed_HiresLowres_All/t1/sub-r009s063_ses-1_T1w_MNI_norm.nii.gz,/home/rbielski/stroke_cleaned/ARC_ATLAS_Combined/A_A_Combined_Data/Processed_HiresLowres_Split_Data/Processed_HiresLowres_All/masks/sub-r009s063_ses-1_lesion_mask_MNI_clean.nii.gz,train_hires,False,540,-0.5171929630695331,12.029657844534073,0.051255261727589145,0.7024474143981934
train_low_quality,lowest_quality_522_of_non_hires_pool,ATLAS,sub-r038s093_ses-1,sub-r038s093,/home/rbielski/stroke_cleaned/ARC_ATLAS_Combined/A_A_Combined_Data/Processed_LowQualityTrain_Split_Data/train_low_quality/t1/sub-r038s093_ses-1_T1w_MNI_norm.nii.gz,/home/rbielski/stroke_cleaned/ARC_ATLAS_Combined/A_A_Combined_Data/Processed_LowQualityTrain_Split_Data/train_low_quality/masks/sub-r038s093_ses-1_lesion_mask_MNI_clean.nii.gz,/home/rbielski/stroke_cleaned/ARC_ATLAS_Combined/A_A_Combined_Data/Processed_HiresLowres_Split_Data/Processed_HiresLowres_All/t1/sub-r038s093_ses-1_T1w_MNI_norm.nii.gz,/home/rbielski/stroke_cleaned/ARC_ATLAS_Combined/A_A_Combined_Data/Processed_HiresLowres_Split_Data/Processed_HiresLowres_All/masks/sub-r038s093_ses-1_lesion_mask_MNI_clean.nii.gz,train_hires,False,541,-0.508832059828691,11.644859766185952,0.04535854661293207,0.6935383677482605
train_low_quality,lowest_quality_522_of_non_hires_pool,ATLAS,sub-r009s076_ses-1,sub-r009s076,/home/rbielski/stroke_cleaned/ARC_ATLAS_Combined/A_A_Combined_Data/Processed_LowQualityTrain_Split_Data/train_low_quality/t1/sub-r009s076_ses-1_T1w_MNI_norm.nii.gz,/home/rbielski/stroke_cleaned/ARC_ATLAS_Combined/A_A_Combined_Data/Processed_LowQualityTrain_Split_Data/train_low_quality/masks/sub-r009s076_ses-1_lesion_mask_MNI_clean.nii.gz,/home/rbielski/stroke_cleaned/ARC_ATLAS_Combined/A_A_Combined_Data/Processed_HiresLowres_Split_Data/Processed_HiresLowres_All/t1/sub-r009s076_ses-1_T1w_MNI_norm.nii.gz,/home/rbielski/stroke_cleaned/ARC_ATLAS_Combined/A_A_Combined_Data/Processed_HiresLowres_Split_Data/Processed_HiresLowres_All/masks/sub-r009s076_ses-1_lesion_mask_MNI_clean.nii.gz,train_hires,False,542,-0.4890700594372857,11.43674841003036,0.045196741230565066,0.6435998678207397
train_low_quality,lowest_quality_522_of_non_hires_pool,ATLAS,sub-r009s111_ses-1,sub-r009s111,/home/rbielski/stroke_cleaned/ARC_ATLAS_Combined/A_A_Combined_Data/Processed_LowQualityTrain_Split_Data/train_low_quality/t1/sub-r009s111_ses-1_T1w_MNI_norm.nii.gz,/home/rbielski/stroke_cleaned/ARC_ATLAS_Combined/A_A_Combined_Data/Processed_LowQualityTrain_Split_Data/train_low_quality/masks/sub-r009s111_ses-1_lesion_mask_MNI_clean.nii.gz,/home/rbielski/stroke_cleaned/ARC_ATLAS_Combined/A_A_Combined_Data/Processed_HiresLowres_Split_Data/Processed_HiresLowres_All/t1/sub-r009s111_ses-1_T1w_MNI_norm.nii.gz,/home/rbielski/stroke_cleaned/ARC_ATLAS_Combined/A_A_Combined_Data/Processed_HiresLowres_Split_Data/Processed_HiresLowres_All/masks/sub-r009s111_ses-1_lesion_mask_MNI_clean.nii.gz,train_hires,False,544,-0.47855187909456426,11.706727494445085,0.048209701492686004,0.6839892864227295
train_low_quality,lowest_quality_522_of_non_hires_pool,ATLAS,sub-r038s058_ses-1,sub-r038s058,/home/rbielski/stroke_cleaned/ARC_ATLAS_Combined/A_A_Combined_Data/Processed_LowQualityTrain_Split_Data/train_low_quality/t1/sub-r038s058_ses-1_T1w_MNI_norm.nii.gz,/home/rbielski/stroke_cleaned/ARC_ATLAS_Combined/A_A_Combined_Data/Processed_LowQualityTrain_Split_Data/train_low_quality/masks/sub-r038s058_ses-1_lesion_mask_MNI_clean.nii.gz,/home/rbielski/stroke_cleaned/ARC_ATLAS_Combined/A_A_Combined_Data/Processed_HiresLowres_Split_Data/Processed_HiresLowres_All/t1/sub-r038s058_ses-1_T1w_MNI_norm.nii.gz,/home/rbielski/stroke_cleaned/ARC_ATLAS_Combined/A_A_Combined_Data/Processed_HiresLowres_Split_Data/Processed_HiresLowres_All/masks/sub-r038s058_ses-1_lesion_mask_MNI_clean.nii.gz,train_hires,False,545,-0.446997146488492,11.933930329609009,0.049827839426691584,0.7531973719596863
train_low_quality,lowest_quality_522_of_non_hires_pool,ATLAS,sub-r009s074_ses-1,sub-r009s074,/home/rbielski/stroke_cleaned/ARC_ATLAS_Combined/A_A_Combined_Data/Processed_LowQualityTrain_Split_Data/train_low_quality/t1/sub-r009s074_ses-1_T1w_MNI_norm.nii.gz,/home/rbielski/stroke_cleaned/ARC_ATLAS_Combined/A_A_Combined_Data/Processed_LowQualityTrain_Split_Data/train_low_quality/masks/sub-r009s074_ses-1_lesion_mask_MNI_clean.nii.gz,/home/rbielski/stroke_cleaned/ARC_ATLAS_Combined/A_A_Combined_Data/Processed_HiresLowres_Split_Data/Processed_HiresLowres_All/t1/sub-r009s074_ses-1_T1w_MNI_norm.nii.gz,/home/rbielski/stroke_cleaned/ARC_ATLAS_Combined/A_A_Combined_Data/Processed_HiresLowres_Split_Data/Processed_HiresLowres_All/masks/sub-r009s074_ses-1_lesion_mask_MNI_clean.nii.gz,train_hires,False,546,-0.4456486173164985,11.83576845113012,0.05084986071142103,0.7026254534721375
train_low_quality,lowest_quality_522_of_non_hires_pool,ATLAS,sub-r009s026_ses-1,sub-r009s026,/home/rbielski/stroke_cleaned/ARC_ATLAS_Combined/A_A_Combined_Data/Processed_LowQualityTrain_Split_Data/train_low_quality/t1/sub-r009s026_ses-1_T1w_MNI_norm.nii.gz,/home/rbielski/stroke_cleaned/ARC_ATLAS_Combined/A_A_Combined_Data/Processed_LowQualityTrain_Split_Data/train_low_quality/masks/sub-r009s026_ses-1_lesion_mask_MNI_clean.nii.gz,/home/rbielski/stroke_cleaned/ARC_ATLAS_Combined/A_A_Combined_Data/Processed_HiresLowres_Split_Data/Processed_HiresLowres_All/t1/sub-r009s026_ses-1_T1w_MNI_norm.nii.gz,/home/rbielski/stroke_cleaned/ARC_ATLAS_Combined/A_A_Combined_Data/Processed_HiresLowres_Split_Data/Processed_HiresLowres_All/masks/sub-r009s026_ses-1_lesion_mask_MNI_clean.nii.gz,train_hires,False,547,-0.4440452833881474,12.069808668630083,0.05244158708472556,0.7509670853614807
train_low_quality,lowest_quality_522_of_non_hires_pool,ATLAS,sub-r010s011_ses-1,sub-r010s011,/home/rbielski/stroke_cleaned/ARC_ATLAS_Combined/A_A_Combined_Data/Processed_LowQualityTrain_Split_Data/train_low_quality/t1/sub-r010s011_ses-1_T1w_MNI_norm.nii.gz,/home/rbielski/stroke_cleaned/ARC_ATLAS_Combined/A_A_Combined_Data/Processed_LowQualityTrain_Split_Data/train_low_quality/masks/sub-r010s011_ses-1_lesion_mask_MNI_clean.nii.gz,/home/rbielski/stroke_cleaned/ARC_ATLAS_Combined/A_A_Combined_Data/Processed_HiresLowres_Split_Data/Processed_HiresLowres_All/t1/sub-r010s011_ses-1_T1w_MNI_norm.nii.gz,/home/rbielski/stroke_cleaned/ARC_ATLAS_Combined/A_A_Combined_Data/Processed_HiresLowres_Split_Data/Processed_HiresLowres_All/masks/sub-r010s011_ses-1_lesion_mask_MNI_clean.nii.gz,train_hires,False,548,-0.4388677580163982,12.507766458579793,0.056692319580328436,0.8191348314285278
train_low_quality,lowest_quality_522_of_non_hires_pool,ATLAS,sub-r009s053_ses-1,sub-r009s053,/home/rbielski/stroke_cleaned/ARC_ATLAS_Combined/A_A_Combined_Data/Processed_LowQualityTrain_Split_Data/train_low_quality/t1/sub-r009s053_ses-1_T1w_MNI_norm.nii.gz,/home/rbielski/stroke_cleaned/ARC_ATLAS_Combined/A_A_Combined_Data/Processed_LowQualityTrain_Split_Data/train_low_quality/masks/sub-r009s053_ses-1_lesion_mask_MNI_clean.nii.gz,/home/rbielski/stroke_cleaned/ARC_ATLAS_Combined/A_A_Combined_Data/Processed_HiresLowres_Split_Data/Processed_HiresLowres_All/t1/sub-r009s053_ses-1_T1w_MNI_norm.nii.gz,/home/rbielski/stroke_cleaned/ARC_ATLAS_Combined/A_A_Combined_Data/Processed_HiresLowres_Split_Data/Processed_HiresLowres_All/masks/sub-r009s053_ses-1_lesion_mask_MNI_clean.nii.gz,train_hires,False,550,-0.41532086102399096,11.82463822798789,0.050335742174147116,0.7325760722160339
train_low_quality,lowest_quality_522_of_non_hires_pool,ATLAS,sub-r042s025_ses-1,sub-r042s025,/home/rbielski/stroke_cleaned/ARC_ATLAS_Combined/A_A_Combined_Data/Processed_LowQualityTrain_Split_Data/train_low_quality/t1/sub-r042s025_ses-1_T1w_MNI_norm.nii.gz,/home/rbielski/stroke_cleaned/ARC_ATLAS_Combined/A_A_Combined_Data/Processed_LowQualityTrain_Split_Data/train_low_quality/masks/sub-r042s025_ses-1_lesion_mask_MNI_clean.nii.gz,/home/rbielski/stroke_cleaned/ARC_ATLAS_Combined/A_A_Combined_Data/Processed_HiresLowres_Split_Data/Processed_HiresLowres_All/t1/sub-r042s025_ses-1_T1w_MNI_norm.nii.gz,/home/rbielski/stroke_cleaned/ARC_ATLAS_Combined/A_A_Combined_Data/Processed_HiresLowres_Split_Data/Processed_HiresLowres_All/masks/sub-r042s025_ses-1_lesion_mask_MNI_clean.nii.gz,train_hires,False,551,-0.41275849088452166,12.409570722219744,0.05801711848345962,0.7823620438575745
train_low_quality,lowest_quality_522_of_non_hires_pool,ATLAS,sub-r009s103_ses-1,sub-r009s103,/home/rbielski/stroke_cleaned/ARC_ATLAS_Combined/A_A_Combined_Data/Processed_LowQualityTrain_Split_Data/train_low_quality/t1/sub-r009s103_ses-1_T1w_MNI_norm.nii.gz,/home/rbielski/stroke_cleaned/ARC_ATLAS_Combined/A_A_Combined_Data/Processed_LowQualityTrain_Split_Data/train_low_quality/masks/sub-r009s103_ses-1_lesion_mask_MNI_clean.nii.gz,/home/rbielski/stroke_cleaned/ARC_ATLAS_Combined/A_A_Combined_Data/Processed_HiresLowres_Split_Data/Processed_HiresLowres_All/t1/sub-r009s103_ses-1_T1w_MNI_norm.nii.gz,/home/rbielski/stroke_cleaned/ARC_ATLAS_Combined/A_A_Combined_Data/Processed_HiresLowres_Split_Data/Processed_HiresLowres_All/masks/sub-r009s103_ses-1_lesion_mask_MNI_clean.nii.gz,train_hires,False,552,-0.3792564974696526,11.671772688572135,0.051439765755507114,0.6898057460784912
train_low_quality,lowest_quality_522_of_non_hires_pool,ATLAS,sub-r009s028_ses-1,sub-r009s028,/home/rbielski/stroke_cleaned/ARC_ATLAS_Combined/A_A_Combined_Data/Processed_LowQualityTrain_Split_Data/train_low_quality/t1/sub-r009s028_ses-1_T1w_MNI_norm.nii.gz,/home/rbielski/stroke_cleaned/ARC_ATLAS_Combined/A_A_Combined_Data/Processed_LowQualityTrain_Split_Data/train_low_quality/masks/sub-r009s028_ses-1_lesion_mask_MNI_clean.nii.gz,/home/rbielski/stroke_cleaned/ARC_ATLAS_Combined/A_A_Combined_Data/Processed_HiresLowres_Split_Data/Processed_HiresLowres_All/t1/sub-r009s028_ses-1_T1w_MNI_norm.nii.gz,/home/rbielski/stroke_cleaned/ARC_ATLAS_Combined/A_A_Combined_Data/Processed_HiresLowres_Split_Data/Processed_HiresLowres_All/masks/sub-r009s028_ses-1_lesion_mask_MNI_clean.nii.gz,train_hires,False,554,-0.36290963869081105,11.487594199963423,0.048930111550364246,0.6893736720085144
train_low_quality,lowest_quality_522_of_non_hires_pool,ATLAS,sub-r009s045_ses-1,sub-r009s045,/home/rbielski/stroke_cleaned/ARC_ATLAS_Combined/A_A_Combined_Data/Processed_LowQualityTrain_Split_Data/train_low_quality/t1/sub-r009s045_ses-1_T1w_MNI_norm.nii.gz,/home/rbielski/stroke_cleaned/ARC_ATLAS_Combined/A_A_Combined_Data/Processed_LowQualityTrain_Split_Data/train_low_quality/masks/sub-r009s045_ses-1_lesion_mask_MNI_clean.nii.gz,/home/rbielski/stroke_cleaned/ARC_ATLAS_Combined/A_A_Combined_Data/Processed_HiresLowres_Split_Data/Processed_HiresLowres_All/t1/sub-r009s045_ses-1_T1w_MNI_norm.nii.gz,/home/rbielski/stroke_cleaned/ARC_ATLAS_Combined/A_A_Combined_Data/Processed_HiresLowres_Split_Data/Processed_HiresLowres_All/masks/sub-r009s045_ses-1_lesion_mask_MNI_clean.nii.gz,train_hires,False,555,-0.345041970745145,11.8329852779411,0.053836786886487936,0.7246658802032471
train_low_quality,lowest_quality_522_of_non_hires_pool,ATLAS,sub-r042s018_ses-1,sub-r042s018,/home/rbielski/stroke_cleaned/ARC_ATLAS_Combined/A_A_Combined_Data/Processed_LowQualityTrain_Split_Data/train_low_quality/t1/sub-r042s018_ses-1_T1w_MNI_norm.nii.gz,/home/rbielski/stroke_cleaned/ARC_ATLAS_Combined/A_A_Combined_Data/Processed_LowQualityTrain_Split_Data/train_low_quality/masks/sub-r042s018_ses-1_lesion_mask_MNI_clean.nii.gz,/home/rbielski/stroke_cleaned/ARC_ATLAS_Combined/A_A_Combined_Data/Processed_HiresLowres_Split_Data/Processed_HiresLowres_All/t1/sub-r042s018_ses-1_T1w_MNI_norm.nii.gz,/home/rbielski/stroke_cleaned/ARC_ATLAS_Combined/A_A_Combined_Data/Processed_HiresLowres_Split_Data/Processed_HiresLowres_All/masks/sub-r042s018_ses-1_lesion_mask_MNI_clean.nii.gz,train_hires,False,556,-0.34431107711220443,12.76169202234629,0.06455531822308394,0.8289629220962524
train_low_quality,lowest_quality_522_of_non_hires_pool,ATLAS,sub-r009s124_ses-1,sub-r009s124,/home/rbielski/stroke_cleaned/ARC_ATLAS_Combined/A_A_Combined_Data/Processed_LowQualityTrain_Split_Data/train_low_quality/t1/sub-r009s124_ses-1_T1w_MNI_norm.nii.gz,/home/rbielski/stroke_cleaned/ARC_ATLAS_Combined/A_A_Combined_Data/Processed_LowQualityTrain_Split_Data/train_low_quality/masks/sub-r009s124_ses-1_lesion_mask_MNI_clean.nii.gz,/home/rbielski/stroke_cleaned/ARC_ATLAS_Combined/A_A_Combined_Data/Processed_HiresLowres_Split_Data/Processed_HiresLowres_All/t1/sub-r009s124_ses-1_T1w_MNI_norm.nii.gz,/home/rbielski/stroke_cleaned/ARC_ATLAS_Combined/A_A_Combined_Data/Processed_HiresLowres_Split_Data/Processed_HiresLowres_All/masks/sub-r009s124_ses-1_lesion_mask_MNI_clean.nii.gz,train_hires,False,557,-0.32808280925777517,11.57672187706237,0.05149880221330462,0.6977235674858093
train_low_quality,lowest_quality_522_of_non_hires_pool,ATLAS,sub-r009s073_ses-1,sub-r009s073,/home/rbielski/stroke_cleaned/ARC_ATLAS_Combined/A_A_Combined_Data/Processed_LowQualityTrain_Split_Data/train_low_quality/t1/sub-r009s073_ses-1_T1w_MNI_norm.nii.gz,/home/rbielski/stroke_cleaned/ARC_ATLAS_Combined/A_A_Combined_Data/Processed_LowQualityTrain_Split_Data/train_low_quality/masks/sub-r009s073_ses-1_lesion_mask_MNI_clean.nii.gz,/home/rbielski/stroke_cleaned/ARC_ATLAS_Combined/A_A_Combined_Data/Processed_HiresLowres_Split_Data/Processed_HiresLowres_All/t1/sub-r009s073_ses-1_T1w_MNI_norm.nii.gz,/home/rbielski/stroke_cleaned/ARC_ATLAS_Combined/A_A_Combined_Data/Processed_HiresLowres_Split_Data/Processed_HiresLowres_All/masks/sub-r009s073_ses-1_lesion_mask_MNI_clean.nii.gz,train_hires,False,558,-0.32155437669707027,11.6528021360135,0.05216179636402057,0.7154276967048645
train_low_quality,lowest_quality_522_of_non_hires_pool,ATLAS,sub-r009s010_ses-1,sub-r009s010,/home/rbielski/stroke_cleaned/ARC_ATLAS_Combined/A_A_Combined_Data/Processed_LowQualityTrain_Split_Data/train_low_quality/t1/sub-r009s010_ses-1_T1w_MNI_norm.nii.gz,/home/rbielski/stroke_cleaned/ARC_ATLAS_Combined/A_A_Combined_Data/Processed_LowQualityTrain_Split_Data/train_low_quality/masks/sub-r009s010_ses-1_lesion_mask_MNI_clean.nii.gz,/home/rbielski/stroke_cleaned/ARC_ATLAS_Combined/A_A_Combined_Data/Processed_HiresLowres_Split_Data/Processed_HiresLowres_All/t1/sub-r009s010_ses-1_T1w_MNI_norm.nii.gz,/home/rbielski/stroke_cleaned/ARC_ATLAS_Combined/A_A_Combined_Data/Processed_HiresLowres_Split_Data/Processed_HiresLowres_All/masks/sub-r009s010_ses-1_lesion_mask_MNI_clean.nii.gz,train_hires,False,560,-0.303087612260945,11.84048176115925,0.05370453571859419,0.7627149820327759
train_low_quality,lowest_quality_522_of_non_hires_pool,ATLAS,sub-r009s013_ses-1,sub-r009s013,/home/rbielski/stroke_cleaned/ARC_ATLAS_Combined/A_A_Combined_Data/Processed_LowQualityTrain_Split_Data/train_low_quality/t1/sub-r009s013_ses-1_T1w_MNI_norm.nii.gz,/home/rbielski/stroke_cleaned/ARC_ATLAS_Combined/A_A_Combined_Data/Processed_LowQualityTrain_Split_Data/train_low_quality/masks/sub-r009s013_ses-1_lesion_mask_MNI_clean.nii.gz,/home/rbielski/stroke_cleaned/ARC_ATLAS_Combined/A_A_Combined_Data/Processed_HiresLowres_Split_Data/Processed_HiresLowres_All/t1/sub-r009s013_ses-1_T1w_MNI_norm.nii.gz,/home/rbielski/stroke_cleaned/ARC_ATLAS_Combined/A_A_Combined_Data/Processed_HiresLowres_Split_Data/Processed_HiresLowres_All/masks/sub-r009s013_ses-1_lesion_mask_MNI_clean.nii.gz,train_hires,False,562,-0.2865131721815717,12.033973952399087,0.057348607782640906,0.770764946937561
train_low_quality,lowest_quality_522_of_non_hires_pool,ATLAS,sub-r031s032_ses-1,sub-r031s032,/home/rbielski/stroke_cleaned/ARC_ATLAS_Combined/A_A_Combined_Data/Processed_LowQualityTrain_Split_Data/train_low_quality/t1/sub-r031s032_ses-1_T1w_MNI_norm.nii.gz,/home/rbielski/stroke_cleaned/ARC_ATLAS_Combined/A_A_Combined_Data/Processed_LowQualityTrain_Split_Data/train_low_quality/masks/sub-r031s032_ses-1_lesion_mask_MNI_clean.nii.gz,/home/rbielski/stroke_cleaned/ARC_ATLAS_Combined/A_A_Combined_Data/Processed_HiresLowres_Split_Data/Processed_HiresLowres_All/t1/sub-r031s032_ses-1_T1w_MNI_norm.nii.gz,/home/rbielski/stroke_cleaned/ARC_ATLAS_Combined/A_A_Combined_Data/Processed_HiresLowres_Split_Data/Processed_HiresLowres_All/masks/sub-r031s032_ses-1_lesion_mask_MNI_clean.nii.gz,train_hires,False,564,-0.272719849465428,11.482165324745754,0.05009915618009142,0.7366387844085693
train_low_quality,lowest_quality_522_of_non_hires_pool,ATLAS,sub-r031s025_ses-1,sub-r031s025,/home/rbielski/stroke_cleaned/ARC_ATLAS_Combined/A_A_Combined_Data/Processed_LowQualityTrain_Split_Data/train_low_quality/t1/sub-r031s025_ses-1_T1w_MNI_norm.nii.gz,/home/rbielski/stroke_cleaned/ARC_ATLAS_Combined/A_A_Combined_Data/Processed_LowQualityTrain_Split_Data/train_low_quality/masks/sub-r031s025_ses-1_lesion_mask_MNI_clean.nii.gz,/home/rbielski/stroke_cleaned/ARC_ATLAS_Combined/A_A_Combined_Data/Processed_HiresLowres_Split_Data/Processed_HiresLowres_All/t1/sub-r031s025_ses-1_T1w_MNI_norm.nii.gz,/home/rbielski/stroke_cleaned/ARC_ATLAS_Combined/A_A_Combined_Data/Processed_HiresLowres_Split_Data/Processed_HiresLowres_All/masks/sub-r031s025_ses-1_lesion_mask_MNI_clean.nii.gz,train_hires,False,565,-0.26308867832134003,11.926646601523403,0.05437131184339448,0.8100636601448059
train_low_quality,lowest_quality_522_of_non_hires_pool,ATLAS,sub-r038s040_ses-1,sub-r038s040,/home/rbielski/stroke_cleaned/ARC_ATLAS_Combined/A_A_Combined_Data/Processed_LowQualityTrain_Split_Data/train_low_quality/t1/sub-r038s040_ses-1_T1w_MNI_norm.nii.gz,/home/rbielski/stroke_cleaned/ARC_ATLAS_Combined/A_A_Combined_Data/Processed_LowQualityTrain_Split_Data/train_low_quality/masks/sub-r038s040_ses-1_lesion_mask_MNI_clean.nii.gz,/home/rbielski/stroke_cleaned/ARC_ATLAS_Combined/A_A_Combined_Data/Processed_HiresLowres_Split_Data/Processed_HiresLowres_All/t1/sub-r038s040_ses-1_T1w_MNI_norm.nii.gz,/home/rbielski/stroke_cleaned/ARC_ATLAS_Combined/A_A_Combined_Data/Processed_HiresLowres_Split_Data/Processed_HiresLowres_All/masks/sub-r038s040_ses-1_lesion_mask_MNI_clean.nii.gz,train_hires,False,566,-0.23268444528375276,11.427751761359387,0.04956446114206443,0.7603701949119568
train_low_quality,lowest_quality_522_of_non_hires_pool,ATLAS,sub-r010s032_ses-1,sub-r010s032,/home/rbielski/stroke_cleaned/ARC_ATLAS_Combined/A_A_Combined_Data/Processed_LowQualityTrain_Split_Data/train_low_quality/t1/sub-r010s032_ses-1_T1w_MNI_norm.nii.gz,/home/rbielski/stroke_cleaned/ARC_ATLAS_Combined/A_A_Combined_Data/Processed_LowQualityTrain_Split_Data/train_low_quality/masks/sub-r010s032_ses-1_lesion_mask_MNI_clean.nii.gz,/home/rbielski/stroke_cleaned/ARC_ATLAS_Combined/A_A_Combined_Data/Processed_HiresLowres_Split_Data/Processed_HiresLowres_All/t1/sub-r010s032_ses-1_T1w_MNI_norm.nii.gz,/home/rbielski/stroke_cleaned/ARC_ATLAS_Combined/A_A_Combined_Data/Processed_HiresLowres_Split_Data/Processed_HiresLowres_All/masks/sub-r010s032_ses-1_lesion_mask_MNI_clean.nii.gz,train_hires,False,567,-0.22769554103236722,12.049109916294189,0.05621157069440853,0.8435930609703064
train_low_quality,lowest_quality_522_of_non_hires_pool,ATLAS,sub-r038s091_ses-1,sub-r038s091,/home/rbielski/stroke_cleaned/ARC_ATLAS_Combined/A_A_Combined_Data/Processed_LowQualityTrain_Split_Data/train_low_quality/t1/sub-r038s091_ses-1_T1w_MNI_norm.nii.gz,/home/rbielski/stroke_cleaned/ARC_ATLAS_Combined/A_A_Combined_Data/Processed_LowQualityTrain_Split_Data/train_low_quality/masks/sub-r038s091_ses-1_lesion_mask_MNI_clean.nii.gz,/home/rbielski/stroke_cleaned/ARC_ATLAS_Combined/A_A_Combined_Data/Processed_HiresLowres_Split_Data/Processed_HiresLowres_All/t1/sub-r038s091_ses-1_T1w_MNI_norm.nii.gz,/home/rbielski/stroke_cleaned/ARC_ATLAS_Combined/A_A_Combined_Data/Processed_HiresLowres_Split_Data/Processed_HiresLowres_All/masks/sub-r038s091_ses-1_lesion_mask_MNI_clean.nii.gz,train_hires,False,568,-0.21388338293619424,11.122286279481738,0.04678448515844827,0.727009654045105
train_low_quality,lowest_quality_522_of_non_hires_pool,ATLAS,sub-r001s038_ses-1,sub-r001s038,/home/rbielski/stroke_cleaned/ARC_ATLAS_Combined/A_A_Combined_Data/Processed_LowQualityTrain_Split_Data/train_low_quality/t1/sub-r001s038_ses-1_T1w_MNI_norm.nii.gz,/home/rbielski/stroke_cleaned/ARC_ATLAS_Combined/A_A_Combined_Data/Processed_LowQualityTrain_Split_Data/train_low_quality/masks/sub-r001s038_ses-1_lesion_mask_MNI_clean.nii.gz,/home/rbielski/stroke_cleaned/ARC_ATLAS_Combined/A_A_Combined_Data/Processed_HiresLowres_Split_Data/Processed_HiresLowres_All/t1/sub-r001s038_ses-1_T1w_MNI_norm.nii.gz,/home/rbielski/stroke_cleaned/ARC_ATLAS_Combined/A_A_Combined_Data/Processed_HiresLowres_Split_Data/Processed_HiresLowres_All/masks/sub-r001s038_ses-1_lesion_mask_MNI_clean.nii.gz,train_hires,False,569,-0.20940655168406674,11.758361548935358,0.05577827639446937,0.7703870534896851
train_low_quality,lowest_quality_522_of_non_hires_pool,ATLAS,sub-r009s086_ses-1,sub-r009s086,/home/rbielski/stroke_cleaned/ARC_ATLAS_Combined/A_A_Combined_Data/Processed_LowQualityTrain_Split_Data/train_low_quality/t1/sub-r009s086_ses-1_T1w_MNI_norm.nii.gz,/home/rbielski/stroke_cleaned/ARC_ATLAS_Combined/A_A_Combined_Data/Processed_LowQualityTrain_Split_Data/train_low_quality/masks/sub-r009s086_ses-1_lesion_mask_MNI_clean.nii.gz,/home/rbielski/stroke_cleaned/ARC_ATLAS_Combined/A_A_Combined_Data/Processed_HiresLowres_Split_Data/Processed_HiresLowres_All/t1/sub-r009s086_ses-1_T1w_MNI_norm.nii.gz,/home/rbielski/stroke_cleaned/ARC_ATLAS_Combined/A_A_Combined_Data/Processed_HiresLowres_Split_Data/Processed_HiresLowres_All/masks/sub-r009s086_ses-1_lesion_mask_MNI_clean.nii.gz,train_hires,False,570,-0.20678879102736233,11.834578182595918,0.05688367510397518,0.7767024636268616
train_low_quality,lowest_quality_522_of_non_hires_pool,ATLAS,sub-r001s036_ses-1,sub-r001s036,/home/rbielski/stroke_cleaned/ARC_ATLAS_Combined/A_A_Combined_Data/Processed_LowQualityTrain_Split_Data/train_low_quality/t1/sub-r001s036_ses-1_T1w_MNI_norm.nii.gz,/home/rbielski/stroke_cleaned/ARC_ATLAS_Combined/A_A_Combined_Data/Processed_LowQualityTrain_Split_Data/train_low_quality/masks/sub-r001s036_ses-1_lesion_mask_MNI_clean.nii.gz,/home/rbielski/stroke_cleaned/ARC_ATLAS_Combined/A_A_Combined_Data/Processed_HiresLowres_Split_Data/Processed_HiresLowres_All/t1/sub-r001s036_ses-1_T1w_MNI_norm.nii.gz,/home/rbielski/stroke_cleaned/ARC_ATLAS_Combined/A_A_Combined_Data/Processed_HiresLowres_Split_Data/Processed_HiresLowres_All/masks/sub-r001s036_ses-1_lesion_mask_MNI_clean.nii.gz,train_hires,False,571,-0.20092461801112496,12.137592898670674,0.05806008026609576,0.8589707612991333
train_low_quality,lowest_quality_522_of_non_hires_pool,ATLAS,sub-r009s020_ses-1,sub-r009s020,/home/rbielski/stroke_cleaned/ARC_ATLAS_Combined/A_A_Combined_Data/Processed_LowQualityTrain_Split_Data/train_low_quality/t1/sub-r009s020_ses-1_T1w_MNI_norm.nii.gz,/home/rbielski/stroke_cleaned/ARC_ATLAS_Combined/A_A_Combined_Data/Processed_LowQualityTrain_Split_Data/train_low_quality/masks/sub-r009s020_ses-1_lesion_mask_MNI_clean.nii.gz,/home/rbielski/stroke_cleaned/ARC_ATLAS_Combined/A_A_Combined_Data/Processed_HiresLowres_Split_Data/Processed_HiresLowres_All/t1/sub-r009s020_ses-1_T1w_MNI_norm.nii.gz,/home/rbielski/stroke_cleaned/ARC_ATLAS_Combined/A_A_Combined_Data/Processed_HiresLowres_Split_Data/Processed_HiresLowres_All/masks/sub-r009s020_ses-1_lesion_mask_MNI_clean.nii.gz,train_hires,False,574,-0.1960620781609964,11.062408976879608,0.04697211864254741,0.7177907228469849
train_low_quality,lowest_quality_522_of_non_hires_pool,ATLAS,sub-r009s058_ses-1,sub-r009s058,/home/rbielski/stroke_cleaned/ARC_ATLAS_Combined/A_A_Combined_Data/Processed_LowQualityTrain_Split_Data/train_low_quality/t1/sub-r009s058_ses-1_T1w_MNI_norm.nii.gz,/home/rbielski/stroke_cleaned/ARC_ATLAS_Combined/A_A_Combined_Data/Processed_LowQualityTrain_Split_Data/train_low_quality/masks/sub-r009s058_ses-1_lesion_mask_MNI_clean.nii.gz,/home/rbielski/stroke_cleaned/ARC_ATLAS_Combined/A_A_Combined_Data/Processed_HiresLowres_Split_Data/Processed_HiresLowres_All/t1/sub-r009s058_ses-1_T1w_MNI_norm.nii.gz,/home/rbielski/stroke_cleaned/ARC_ATLAS_Combined/A_A_Combined_Data/Processed_HiresLowres_Split_Data/Processed_HiresLowres_All/masks/sub-r009s058_ses-1_lesion_mask_MNI_clean.nii.gz,train_hires,False,575,-0.18924354998786025,11.8180693188974,0.05651294777777453,0.7920948266983032
train_low_quality,lowest_quality_522_of_non_hires_pool,ATLAS,sub-r009s062_ses-1,sub-r009s062,/home/rbielski/stroke_cleaned/ARC_ATLAS_Combined/A_A_Combined_Data/Processed_LowQualityTrain_Split_Data/train_low_quality/t1/sub-r009s062_ses-1_T1w_MNI_norm.nii.gz,/home/rbielski/stroke_cleaned/ARC_ATLAS_Combined/A_A_Combined_Data/Processed_LowQualityTrain_Split_Data/train_low_quality/masks/sub-r009s062_ses-1_lesion_mask_MNI_clean.nii.gz,/home/rbielski/stroke_cleaned/ARC_ATLAS_Combined/A_A_Combined_Data/Processed_HiresLowres_Split_Data/Processed_HiresLowres_All/t1/sub-r009s062_ses-1_T1w_MNI_norm.nii.gz,/home/rbielski/stroke_cleaned/ARC_ATLAS_Combined/A_A_Combined_Data/Processed_HiresLowres_Split_Data/Processed_HiresLowres_All/masks/sub-r009s062_ses-1_lesion_mask_MNI_clean.nii.gz,train_hires,False,576,-0.17748897923604634,11.545384701861805,0.05255321587505443,0.7862462401390076
train_low_quality,lowest_quality_522_of_non_hires_pool,ATLAS,sub-r009s003_ses-1,sub-r009s003,/home/rbielski/stroke_cleaned/ARC_ATLAS_Combined/A_A_Combined_Data/Processed_LowQualityTrain_Split_Data/train_low_quality/t1/sub-r009s003_ses-1_T1w_MNI_norm.nii.gz,/home/rbielski/stroke_cleaned/ARC_ATLAS_Combined/A_A_Combined_Data/Processed_LowQualityTrain_Split_Data/train_low_quality/masks/sub-r009s003_ses-1_lesion_mask_MNI_clean.nii.gz,/home/rbielski/stroke_cleaned/ARC_ATLAS_Combined/A_A_Combined_Data/Processed_HiresLowres_Split_Data/Processed_HiresLowres_All/t1/sub-r009s003_ses-1_T1w_MNI_norm.nii.gz,/home/rbielski/stroke_cleaned/ARC_ATLAS_Combined/A_A_Combined_Data/Processed_HiresLowres_Split_Data/Processed_HiresLowres_All/masks/sub-r009s003_ses-1_lesion_mask_MNI_clean.nii.gz,train_hires,False,577,-0.16915339782592587,12.109810716068232,0.05999965790307641,0.838261604309082
train_low_quality,lowest_quality_522_of_non_hires_pool,ATLAS,sub-r048s032_ses-1,sub-r048s032,/home/rbielski/stroke_cleaned/ARC_ATLAS_Combined/A_A_Combined_Data/Processed_LowQualityTrain_Split_Data/train_low_quality/t1/sub-r048s032_ses-1_T1w_MNI_norm.nii.gz,/home/rbielski/stroke_cleaned/ARC_ATLAS_Combined/A_A_Combined_Data/Processed_LowQualityTrain_Split_Data/train_low_quality/masks/sub-r048s032_ses-1_lesion_mask_MNI_clean.nii.gz,/home/rbielski/stroke_cleaned/ARC_ATLAS_Combined/A_A_Combined_Data/Processed_HiresLowres_Split_Data/Processed_HiresLowres_All/t1/sub-r048s032_ses-1_T1w_MNI_norm.nii.gz,/home/rbielski/stroke_cleaned/ARC_ATLAS_Combined/A_A_Combined_Data/Processed_HiresLowres_Split_Data/Processed_HiresLowres_All/masks/sub-r048s032_ses-1_lesion_mask_MNI_clean.nii.gz,train_hires,False,578,-0.1506270870032913,10.890161731087282,0.04951339873946035,0.6488962769508362
train_low_quality,lowest_quality_522_of_non_hires_pool,ATLAS,sub-r009s100_ses-1,sub-r009s100,/home/rbielski/stroke_cleaned/ARC_ATLAS_Combined/A_A_Combined_Data/Processed_LowQualityTrain_Split_Data/train_low_quality/t1/sub-r009s100_ses-1_T1w_MNI_norm.nii.gz,/home/rbielski/stroke_cleaned/ARC_ATLAS_Combined/A_A_Combined_Data/Processed_LowQualityTrain_Split_Data/train_low_quality/masks/sub-r009s100_ses-1_lesion_mask_MNI_clean.nii.gz,/home/rbielski/stroke_cleaned/ARC_ATLAS_Combined/A_A_Combined_Data/Processed_HiresLowres_Split_Data/Processed_HiresLowres_All/t1/sub-r009s100_ses-1_T1w_MNI_norm.nii.gz,/home/rbielski/stroke_cleaned/ARC_ATLAS_Combined/A_A_Combined_Data/Processed_HiresLowres_Split_Data/Processed_HiresLowres_All/masks/sub-r009s100_ses-1_lesion_mask_MNI_clean.nii.gz,train_hires,False,579,-0.13939304558943622,11.724200558341753,0.0567808935122155,0.7954158186912537
train_low_quality,lowest_quality_522_of_non_hires_pool,ATLAS,sub-r009s077_ses-1,sub-r009s077,/home/rbielski/stroke_cleaned/ARC_ATLAS_Combined/A_A_Combined_Data/Processed_LowQualityTrain_Split_Data/train_low_quality/t1/sub-r009s077_ses-1_T1w_MNI_norm.nii.gz,/home/rbielski/stroke_cleaned/ARC_ATLAS_Combined/A_A_Combined_Data/Processed_LowQualityTrain_Split_Data/train_low_quality/masks/sub-r009s077_ses-1_lesion_mask_MNI_clean.nii.gz,/home/rbielski/stroke_cleaned/ARC_ATLAS_Combined/A_A_Combined_Data/Processed_HiresLowres_Split_Data/Processed_HiresLowres_All/t1/sub-r009s077_ses-1_T1w_MNI_norm.nii.gz,/home/rbielski/stroke_cleaned/ARC_ATLAS_Combined/A_A_Combined_Data/Processed_HiresLowres_Split_Data/Processed_HiresLowres_All/masks/sub-r009s077_ses-1_lesion_mask_MNI_clean.nii.gz,train_hires,False,580,-0.12438963803540581,10.855175105568492,0.04813097837124625,0.6841487884521484
train_low_quality,lowest_quality_522_of_non_hires_pool,ATLAS,sub-r042s030_ses-1,sub-r042s030,/home/rbielski/stroke_cleaned/ARC_ATLAS_Combined/A_A_Combined_Data/Processed_LowQualityTrain_Split_Data/train_low_quality/t1/sub-r042s030_ses-1_T1w_MNI_norm.nii.gz,/home/rbielski/stroke_cleaned/ARC_ATLAS_Combined/A_A_Combined_Data/Processed_LowQualityTrain_Split_Data/train_low_quality/masks/sub-r042s030_ses-1_lesion_mask_MNI_clean.nii.gz,/home/rbielski/stroke_cleaned/ARC_ATLAS_Combined/A_A_Combined_Data/Processed_HiresLowres_Split_Data/Processed_HiresLowres_All/t1/sub-r042s030_ses-1_T1w_MNI_norm.nii.gz,/home/rbielski/stroke_cleaned/ARC_ATLAS_Combined/A_A_Combined_Data/Processed_HiresLowres_Split_Data/Processed_HiresLowres_All/masks/sub-r042s030_ses-1_lesion_mask_MNI_clean.nii.gz,train_hires,False,582,-0.1054480443080969,12.918027486244064,0.07062303748383729,0.9543094635009766
train_low_quality,lowest_quality_522_of_non_hires_pool,ATLAS,sub-r048s039_ses-1,sub-r048s039,/home/rbielski/stroke_cleaned/ARC_ATLAS_Combined/A_A_Combined_Data/Processed_LowQualityTrain_Split_Data/train_low_quality/t1/sub-r048s039_ses-1_T1w_MNI_norm.nii.gz,/home/rbielski/stroke_cleaned/ARC_ATLAS_Combined/A_A_Combined_Data/Processed_LowQualityTrain_Split_Data/train_low_quality/masks/sub-r048s039_ses-1_lesion_mask_MNI_clean.nii.gz,/home/rbielski/stroke_cleaned/ARC_ATLAS_Combined/A_A_Combined_Data/Processed_HiresLowres_Split_Data/Processed_HiresLowres_All/t1/sub-r048s039_ses-1_T1w_MNI_norm.nii.gz,/home/rbielski/stroke_cleaned/ARC_ATLAS_Combined/A_A_Combined_Data/Processed_HiresLowres_Split_Data/Processed_HiresLowres_All/masks/sub-r048s039_ses-1_lesion_mask_MNI_clean.nii.gz,train_hires,False,583,-0.08991118647242824,10.869873504022484,0.050696968229159034,0.6677494645118713
train_low_quality,lowest_quality_522_of_non_hires_pool,ATLAS,sub-r009s054_ses-1,sub-r009s054,/home/rbielski/stroke_cleaned/ARC_ATLAS_Combined/A_A_Combined_Data/Processed_LowQualityTrain_Split_Data/train_low_quality/t1/sub-r009s054_ses-1_T1w_MNI_norm.nii.gz,/home/rbielski/stroke_cleaned/ARC_ATLAS_Combined/A_A_Combined_Data/Processed_LowQualityTrain_Split_Data/train_low_quality/masks/sub-r009s054_ses-1_lesion_mask_MNI_clean.nii.gz,/home/rbielski/stroke_cleaned/ARC_ATLAS_Combined/A_A_Combined_Data/Processed_HiresLowres_Split_Data/Processed_HiresLowres_All/t1/sub-r009s054_ses-1_T1w_MNI_norm.nii.gz,/home/rbielski/stroke_cleaned/ARC_ATLAS_Combined/A_A_Combined_Data/Processed_HiresLowres_Split_Data/Processed_HiresLowres_All/masks/sub-r009s054_ses-1_lesion_mask_MNI_clean.nii.gz,train_hires,False,584,-0.08954341438126207,11.342712761791088,0.05375529959449469,0.7661237716674805
train_low_quality,lowest_quality_522_of_non_hires_pool,ATLAS,sub-r009s043_ses-1,sub-r009s043,/home/rbielski/stroke_cleaned/ARC_ATLAS_Combined/A_A_Combined_Data/Processed_LowQualityTrain_Split_Data/train_low_quality/t1/sub-r009s043_ses-1_T1w_MNI_norm.nii.gz,/home/rbielski/stroke_cleaned/ARC_ATLAS_Combined/A_A_Combined_Data/Processed_LowQualityTrain_Split_Data/train_low_quality/masks/sub-r009s043_ses-1_lesion_mask_MNI_clean.nii.gz,/home/rbielski/stroke_cleaned/ARC_ATLAS_Combined/A_A_Combined_Data/Processed_HiresLowres_Split_Data/Processed_HiresLowres_All/t1/sub-r009s043_ses-1_T1w_MNI_norm.nii.gz,/home/rbielski/stroke_cleaned/ARC_ATLAS_Combined/A_A_Combined_Data/Processed_HiresLowres_Split_Data/Processed_HiresLowres_All/masks/sub-r009s043_ses-1_lesion_mask_MNI_clean.nii.gz,train_hires,False,585,-0.042914353313976916,11.009430368545624,0.05064850465675745,0.7517091035842896
train_low_quality,lowest_quality_522_of_non_hires_pool,ATLAS,sub-r009s084_ses-1,sub-r009s084,/home/rbielski/stroke_cleaned/ARC_ATLAS_Combined/A_A_Combined_Data/Processed_LowQualityTrain_Split_Data/train_low_quality/t1/sub-r009s084_ses-1_T1w_MNI_norm.nii.gz,/home/rbielski/stroke_cleaned/ARC_ATLAS_Combined/A_A_Combined_Data/Processed_LowQualityTrain_Split_Data/train_low_quality/masks/sub-r009s084_ses-1_lesion_mask_MNI_clean.nii.gz,/home/rbielski/stroke_cleaned/ARC_ATLAS_Combined/A_A_Combined_Data/Processed_HiresLowres_Split_Data/Processed_HiresLowres_All/t1/sub-r009s084_ses-1_T1w_MNI_norm.nii.gz,/home/rbielski/stroke_cleaned/ARC_ATLAS_Combined/A_A_Combined_Data/Processed_HiresLowres_Split_Data/Processed_HiresLowres_All/masks/sub-r009s084_ses-1_lesion_mask_MNI_clean.nii.gz,train_hires,False,586,-0.03248740430837485,11.82062153051825,0.0604051801445164,0.8430829048156738
